fit_condition_index,chosen,rejected,split,delta_activity,delta_mean17,delta_max17,hamming
6675,QMPLGQIYTG,RYPVYWNDPK,validation,1.7798678874969482,0.4055525064468384,0.254561185836792,9
10303,AVPTGWTASG,YEPFGRDLVH,validation,2.5231332778930664,2.321406602859497,0.9649676084518433,8
4719,ISPRGMYTAS,STVKWLFGTS,train,1.3039939403533936,0.9273046255111694,0.006844639778137207,9
222,LNPRSWIGNW,YTPRQMSNVL,train,0.18608367443084717,0.4102085828781128,0.8337263464927673,8
3371,QAPRFIRDAK,FTVWGIKGWL,validation,0.37397968769073486,0.3293958306312561,0.9116067290306091,9
5416,MIPRTLKDIY,SFPRPLSDNK,train,0.7359961271286011,0.338883638381958,0.6341432332992554,6
4034,LKPRPVMDHQ,KWPRWMYGNG,train,0.5085588693618774,0.1934185028076172,0.49154841899871826,8
1355,DRPAYIRDNA,VEWRPLWDLW,validation,0.7643328905105591,0.12494134902954102,0.12416934967041016,9
7002,RVPRPFTDGL,RKPTAFSDNG,train,0.9096160531044006,0.3303881883621216,0.2884335517883301,6
7744,MDPRGMHSHY,DEVFGMYGRG,validation,0.1057252287864685,0.018547773361206055,0.47024160623550415,8
1138,SMPKSLWSPQ,LTPRYWAMWS,train,0.6027269959449768,0.32186976075172424,0.4318540692329407,9
1266,YGPSWVTASG,GAWSGWVGWG,validation,2.3384411334991455,1.3939006328582764,0.7331226468086243,8
6760,VYPRPIQDQF,YAPRFILNAQ,train,0.016938447952270508,0.3401371240615845,0.36378151178359985,7
7348,HRPRAYWGQT,QEPRGAWKWK,validation,1.4010308980941772,1.132758617401123,0.8154684901237488,7
1175,TKPAWYFSPW,HVPRYLTGKY,train,0.42489099502563477,0.37547463178634644,0.03507500886917114,9
8931,SVPRQLIDIK,LSVMRMAYLW,train,1.7440524101257324,1.5337070226669312,1.371337890625,10
8536,LNPRWYLGIV,REPAWVQKGT,train,1.6410350799560547,1.26652193069458,1.345576286315918,8
1516,TAPKWMYSGS,RPPVAYIGAQ,train,0.30796122550964355,0.3707200288772583,0.5937725305557251,9
9593,YNPSWMRNTV,HFPRYWTMPG,train,1.0535252094268799,0.31694918870925903,0.3103877007961273,9
7432,RTPKSLYVGL,WHPQPLPNEI,validation,0.5584762096405029,0.767366349697113,0.9761305451393127,8
1927,HGPRPVLGQF,AVTRAWLGAI,validation,1.1416409015655518,0.9475053548812866,0.5350205302238464,7
10874,WGPRAFINAK,PQLGYLRDGH,train,1.7861770391464233,2.1123886108398438,2.1311779022216797,10
814,QPPRGVYNGF,LKPAYIAGQL,train,0.5149403810501099,1.2663413286209106,0.8192351460456848,9
5699,HRPLQYRNPL,TIPKSLQRPL,train,0.7192893624305725,0.2422690987586975,0.014960050582885742,7
8235,YKPVGLWGPW,HAPRFLIGLI,validation,0.5213983058929443,0.2964404821395874,0.4840315580368042,7
4658,GKPSGFYNLG,MIPRNYSAYT,train,0.0017464160919189453,0.32690513134002686,0.016607284545898438,9
6610,FNVRGMWGEL,APRARRPVTD,train,1.4153612852096558,1.3386666774749756,1.3761699199676514,10
10911,RPPRSVTASG,RQVRGMHDIT,train,0.5578159689903259,0.41849350929260254,0.027569055557250977,8
10490,LYPRPWTASG,GCPRMMYGMW,validation,0.5371326804161072,0.13570189476013184,0.1676601767539978,8
1952,QMPRSYLDNH,PLNFALFGPI,validation,0.9191153645515442,1.318627119064331,2.0971546173095703,10
8666,TVPRGVKDNV,KTPRGNFGHV,train,1.6772271394729614,1.3902738094329834,1.253758192062378,6
5999,TEPVAVRDQG,KDVRSMTSAV,train,0.5291585326194763,0.7402559518814087,0.20844998955726624,10
246,QSPVWMTASG,EMPRWITSFL,train,0.37416398525238037,0.7114198207855225,0.1078842282295227,7
10627,DPPYFLYDQS,YFPTALKGTQ,train,0.12986046075820923,0.5777846574783325,1.3912110328674316,8
669,LRPVNYWDGI,GKPLRIVTRH,train,0.044730186462402344,0.8502333164215088,0.7529921531677246,9
6632,GFPGPMRTAS,MMPRGFLYTI,train,0.3345857858657837,0.05092358589172363,0.17330986261367798,9
9734,NSPLSWRTNW,YKPVPFAGKW,validation,0.4725905656814575,0.1465885043144226,0.387340247631073,8
9640,VAPRQMSVMT,GFPRKLVAPG,validation,0.6765810251235962,0.37381935119628906,0.031805992126464844,8
4950,FNVKGMYSGT,RSPRQLITAS,validation,0.05685877799987793,0.2203223705291748,0.3717581033706665,10
1485,TMPRSYTGSY,WAFGAMWGAH,train,1.619084119796753,0.983782172203064,0.43219640851020813,9
8621,FAPGFLYDSR,CFPVFLKDHT,train,1.70084547996521,0.5876948237419128,0.5237540006637573,6
7116,LVPRAVYDAQ,GKWMPRYFTP,train,1.8394885063171387,1.2519593238830566,0.9199461936950684,9
5017,PFPRSYTGLF,WVVYQLISEA,train,0.17857623100280762,0.6255804896354675,0.8702646493911743,10
3874,WYPRAYHVPS,MVPKSQDSGK,train,0.7550573945045471,0.6705540418624878,0.12372714281082153,9
1733,QAPRSNWSAG,MPRSGWTASG,train,1.1565355062484741,1.0455316305160522,0.34099259972572327,9
6111,SVPRYLQVGW,RMPRWLMDLY,train,0.11836260557174683,0.014504790306091309,0.052609145641326904,7
6270,RWPRELKGAW,LKPIPTDFLP,train,1.0735431909561157,0.6182553768157959,0.3224984109401703,9
3785,LGPRSLAVAF,KTVPRDSTAY,validation,2.141378402709961,1.0005474090576172,0.8226565718650818,9
4949,VVPRAWTASG,KLPTALTASG,train,0.7564373016357422,1.1953678131103516,1.268271565437317,4
7036,YIPRPVQAGF,QRPRWLRSNV,train,0.05715978145599365,0.5438354015350342,0.8041642308235168,8
6675,MYPKGMVSNW,MTPRFLMDHL,train,1.2634832859039307,0.4456554651260376,0.06647765636444092,8
10303,YGPRSYTSGP,WSLPSWRVPS,train,1.0120184421539307,0.7002732157707214,0.1256464123725891,9
4719,LAPRFLHDPI,PRARYLMDWT,train,0.3366026282310486,0.4277135729789734,0.53634113073349,7
222,EWPRGMVGPG,RAPRLYIGEG,train,1.2453444004058838,0.5397826433181763,0.055061161518096924,6
3371,WNPRGMHTNA,DVPVWMLAVW,validation,0.7736901044845581,0.6522283554077148,0.23045438528060913,8
5416,HTPVNLWSLW,SLPTALKARQ,validation,0.7243849635124207,0.7075928449630737,0.8447418808937073,8
4034,QAPRYWRTAG,VRPGWYSRTG,train,1.452064037322998,1.0997772216796875,1.0986363887786865,8
1355,TQVFGLFDIA,YCPNALYDIH,train,0.6136434078216553,0.29008978605270386,0.40823665261268616,7
7002,LRPRDYRDTF,NEPRMVQITH,train,2.449856758117676,2.0678935050964355,1.6043533086776733,7
7744,VYPRGFQGEQ,VRPRGVKAHC,validation,0.41379445791244507,0.029994606971740723,0.1848214864730835,6
1138,TMPKSIQVKF,SVPKPIQKDG,validation,1.0290722846984863,0.3832634687423706,0.2766110599040985,6
1266,GDPRAVWSPI,IMVRAHYSAG,train,1.2907280921936035,0.9973163604736328,0.5457284450531006,7
6760,TTPIAIWGHF,YFPRPLSGPG,validation,0.11138153076171875,0.30883270502090454,0.2667182683944702,8
7348,YHPRAFRGMA,DHIRSLRSKQ,validation,1.3659855127334595,0.9320574402809143,0.23673442006111145,7
1175,PWPRELYGQY,SAPRMLFGIG,train,0.24030745029449463,0.2880340814590454,0.5956637859344482,6
8931,HAPRFLTASG,WAYMSLWATI,train,0.7860475182533264,0.17065101861953735,0.35838043689727783,7
8536,PQPRSVMDRV,KHRVPRSVMA,train,0.3819882869720459,0.5581293702125549,1.09232759475708,10
1516,VWPRAYKGNA,GLVRAHTASG,train,1.6475813388824463,1.0028218030929565,0.5714870095252991,8
9593,NWPREFKDTW,QTPRYWQGSH,validation,1.3927563428878784,0.6284947395324707,0.34299436211586,8
7432,SAPASYRTAS,VRPSWVQGWV,train,1.113324522972107,0.29095160961151123,0.23643198609352112,9
1927,IAPRWVIDNR,QVPRNYFGNW,train,0.3328227996826172,0.58258056640625,0.5251951813697815,7
10874,GLPTALYVPF,IQPRFLTVIL,train,0.2890576720237732,0.277621328830719,0.07325661182403564,7
814,YKPRAFTSGQ,KYPRAMSGSF,train,0.4452629089355469,0.3741023540496826,0.23936116695404053,7
5699,IGPVNMYNKG,FHPSPFSNHQ,train,1.5611987113952637,0.8752676248550415,0.6242014169692993,8
8235,YGPYPLWNPV,SWPRYLRSRQ,train,1.0571911334991455,0.10290127992630005,0.06294047832489014,8
4658,WYPRAYTVKA,RLPWSVTASG,train,1.0357979536056519,0.4463822841644287,1.1855378150939941,8
6610,TGPKGMKVGY,YAPRNIFTAS,train,0.14165008068084717,0.34097158908843994,0.24905598163604736,9
10911,IAPRPVLAYT,FNPIPIRNGW,train,0.5066039562225342,0.8608509302139282,0.15426111221313477,8
10490,GYPRGWTGPS,FWIATRTGAF,train,1.928026795387268,2.067115545272827,1.8190178871154785,8
1952,WGPRSFTNVG,DRPRSYLMPH,validation,0.489297091960907,0.5068989992141724,0.17140597105026245,7
8666,ATPRGQLGPI,KSLPGWTAKV,train,1.9595732688903809,1.831695556640625,0.7553786039352417,9
5999,VRPRGVTAKG,THSWLASAVG,train,2.566234827041626,2.0895609855651855,0.8848119378089905,8
246,DKPRWILSNI,FNPRNIHGVF,train,0.41671186685562134,0.20912081003189087,0.16009575128555298,7
10627,LMPLGQIDGW,QHPVNLTASG,train,0.43399620056152344,0.8260488510131836,1.2528287172317505,9
669,YPPRTLSDNW,EGVRAMVDGP,train,0.3306172490119934,0.09263134002685547,0.2871721088886261,8
6632,PKPREVQGWT,VSISWYWPLG,train,1.8986737728118896,1.5526235103607178,0.5629802942276001,10
9734,LKPRDMKSYH,WKPLGIAGWH,train,0.03151392936706543,0.3274974822998047,0.5226103067398071,7
9640,WIPRAVISLV,GSVLALHGPY,train,0.6713890433311462,0.5512171983718872,0.23711848258972168,9
4950,LVVRAWTASG,PGVRHLYSTW,train,0.9984874129295349,0.5673498511314392,0.14112579822540283,8
1485,FDPRSYIGQY,CTVRGLFSRG,train,0.5488071441650391,0.46569812297821045,1.580681562423706,9
8621,CAPKFLVGQW,DFPKHLTNRF,validation,1.1043734550476074,0.6495684385299683,1.0376348495483398,7
7116,PYPVASYNTF,GKVMSWYDIR,train,0.415286123752594,0.09459739923477173,0.21489423513412476,9
5017,MAPTNLFNWG,TEPRNVYWES,validation,0.918718159198761,0.041577935218811035,0.3216136693954468,8
3874,VAPASWRVRG,PCAQELTASG,train,0.6368697285652161,1.2709416151046753,1.734902024269104,9
1733,TWPIAYRSNK,YIPSGMQNMA,train,0.5549023151397705,0.2181013822555542,0.5166367292404175,9
6111,PAPGYMKDLF,GRTWYLFDAT,train,1.605233073234558,1.3997976779937744,1.649471640586853,8
6270,FTPVELKAQH,IVLNQDAKVH,train,2.358565330505371,1.1990482807159424,0.9052947163581848,9
3785,VNPSGMHVMT,RPPASLWDHK,train,0.3130345940589905,0.22085189819335938,0.06681737303733826,9
4949,HMPRFLFDAS,MKGLAMHDGS,train,0.8382124900817871,0.14149069786071777,1.0406436920166016,8
7036,NRPRSLIDGR,PWPVGMIVLK,validation,0.004149436950683594,0.05757796764373779,0.5859819650650024,8
6675,FRPRPVYTGY,NTPRYWQGNW,train,1.0108139514923096,0.44317126274108887,0.2156585156917572,8
10303,MQPRSYTDGA,CHPRIMVTHL,train,1.2528657913208008,0.8131382465362549,0.24548321962356567,8
4719,PYPRAYSDKT,AYDHMLKGSR,train,2.719970226287842,1.9763554334640503,1.8011486530303955,9
222,LFPRGVTASG,PVPRQVYVIY,train,0.23334848880767822,0.4702852964401245,0.24897754192352295,7
3371,QDPRGMKSVT,PLWRALYSVQ,validation,0.2751017212867737,0.516578197479248,0.1731308102607727,7
5416,TPVLGMRDGY,GIPRPVMYKS,train,0.3901866674423218,0.3466331958770752,0.4290647506713867,10
4034,QEPRSYRDWQ,KWPVGMRDFH,train,0.09190797805786133,0.2300724983215332,0.35632050037384033,7
1355,IVPNNYIDVQ,YGIRALYGET,train,0.5240319967269897,0.03440892696380615,0.035839080810546875,10
7002,AWPRTLYDVG,LYPLVYTASG,train,0.0002765655517578125,0.5255262851715088,1.2957650423049927,8
7744,DSPRWMTASG,KVPSGVTASG,train,0.25227487087249756,0.366225004196167,0.7166422605514526,5
1138,FIPRPVMSRS,TNPLSMRDIT,train,0.17464065551757812,0.6345721483230591,1.242132544517517,9
1266,GNPRAMWVMW,KNPEAYIGPG,train,0.16637790203094482,0.004332125186920166,0.6415705680847168,7
6760,WLPRAILDSY,PSPLGIFYWR,train,0.5655781626701355,0.625710129737854,1.4463380575180054,8
7348,HQPRSYVSAR,QMKPPKFVGY,train,1.5232388973236084,0.8162777423858643,0.5048897862434387,10
1175,DAPRSWTASG,YMPRTVNGHQ,train,1.6467541456222534,1.4546432495117188,1.4550516605377197,8
8931,PKPRFLWDSI,DPYNWLIAKR,train,1.518218994140625,0.8142226338386536,0.80134117603302,9
8536,AQPRSMHDIK,MSWSNMRGVG,train,1.7719004154205322,1.084237813949585,1.1539640426635742,9
1516,EMPRSFVAGR,KHWVAMTSPS,train,1.5387380123138428,0.5612870454788208,0.06565403938293457,10
9593,RQPVPMWYPY,TYPRNVHGLH,train,0.8389303684234619,0.16176939010620117,0.1795414686203003,9
7432,REPLSYMDTK,VGPYPLWGIH,train,0.055058956146240234,0.2801421880722046,0.5728942155838013,9
1927,VIPRPVMGNS,MYPGKMKTLW,train,0.9220719933509827,0.763298511505127,0.5160077214241028,9
10874,LAVRALWDGY,KFPAGLWNKI,validation,0.4040874242782593,0.6419257521629333,1.331770896911621,8
814,VAPRWMSAQT,YGPRELYSVI,train,0.2917783260345459,0.4252070188522339,0.37264156341552734,8
5699,HVPRLLWSPV,DCPLSNWYAI,train,1.5100551843643188,0.6432973146438599,0.19913551211357117,8
8235,EQPVSLWSPQ,SDPYGLNHNV,validation,0.8330591917037964,0.008579730987548828,0.052404165267944336,8
4658,SGPKGMYYTA,LTARSLWSEY,train,0.47990602254867554,0.4875834584236145,0.13017654418945312,10
6610,IQPRSWLNGI,TMPRSHLDFY,train,0.6466721296310425,0.42272263765335083,0.1314781904220581,6
10911,GQPRSMKVWH,PMRSRRAMAP,validation,0.9873431921005249,0.2284199595451355,0.18694591522216797,10
10490,TAPRYWMTPS,TPYSHWQVPG,train,2.1935596466064453,1.1605329513549805,1.3233767747879028,7
1952,YIPRAFHNGF,EGRAYAPGPQ,train,1.1476950645446777,0.6752917766571045,0.20141556859016418,10
8666,TWPRQLIAGW,RGPRSLMVGR,train,0.1335294246673584,0.2964126467704773,0.6389703750610352,6
5999,QRPRGMDGGV,LQTRWSTAHS,validation,2.029141902923584,1.7522411346435547,0.8291274309158325,9
246,GVPRWLVAPW,AKWSNLMSPA,train,1.4786415100097656,1.0090997219085693,1.003185510635376,8
10627,YIPRPLYTEA,HNPYKLTSWQ,train,0.5701388120651245,0.598722517490387,0.36606383323669434,8
669,VAPKQLRDPR,GRPLRITDEY,train,0.8865276575088501,0.33615583181381226,0.5662187337875366,8
6632,GSPLYVRTAS,YNANYYAGQF,train,1.5280914306640625,1.0832335948944092,0.9152609705924988,9
9734,WRPRSLQNPF,DTPRPLASWQ,train,0.18797487020492554,0.135850191116333,0.19067716598510742,7
9640,TRPKLLYDPS,CSPRQLFVKF,train,0.6060264110565186,0.16622591018676758,0.012590140104293823,8
4950,AGVRALWSKI,QRPLKLSYRI,train,0.003297567367553711,0.8625302314758301,1.122889518737793,8
1485,FRPRDLYSWT,GARSARDPFP,train,1.8810721635818481,0.7889394760131836,0.4753384590148926,10
8621,YDPKGMRDNF,KAPLRIKVLK,train,0.3147395849227905,0.8973219990730286,1.3041536808013916,9
7116,NYPRAVFDER,AAPQPVTDWM,train,0.11750602722167969,0.7029585838317871,1.096830129623413,7
5017,MVPRKLISSG,NFDQPWNMPV,validation,0.7269394993782043,0.14411497116088867,0.38864022493362427,10
3874,GRPVAYWDWI,WQWAPLWDPR,train,0.9274646043777466,1.0281829833984375,0.8726407289505005,8
1733,SFPRAYRTTG,MSPRNYMRAQ,train,0.12095654010772705,0.21058928966522217,0.17256850004196167,7
6111,RKPKWMQDMH,GVPRGEKGIK,train,0.750867486000061,0.4193384647369385,0.007117539644241333,9
6270,VKPRMLWDPV,PSYAYLVAIA,train,2.0385985374450684,1.4079397916793823,1.1512839794158936,9
3785,HAPAYWRTGS,AVPEWIHDQT,train,0.46759289503097534,0.23441171646118164,0.5776726603507996,9
4949,VKPAGYKDQF,AGPYMLSDER,train,0.15921807289123535,1.0804634094238281,1.1869966983795166,8
7036,PGPRSMRDRA,ELPRFLWNMR,validation,1.0156868696212769,0.8011637330055237,0.7191487550735474,8
6675,YKPRAYTAIW,QRPWAYTGIW,train,0.1282113790512085,0.31604552268981934,0.6493823528289795,4
10303,DVPRAWLDPQ,WAVYGLWTRS,train,0.24127936363220215,0.9999068975448608,1.2623690366744995,10
4719,WVPRPIYVQF,WGPSSGMQTA,train,1.5668655633926392,0.9271172285079956,0.48640716075897217,8
222,GYPRAFSGWG,YAPRSLYIKT,train,0.2833685874938965,1.099882960319519,0.3072509765625,8
3371,MNPRSLYDQW,VKPAGLDGTV,train,0.10483050346374512,0.15117192268371582,0.37189537286758423,8
5416,NHPYPLYVPK,WDFALHRDTR,train,2.181948661804199,0.9254111647605896,1.0835272073745728,10
4034,AQPVPIWSQV,EMCRVMTNHA,validation,2.849437952041626,1.4338586330413818,1.0330713987350464,10
1355,GHPLWILSQW,MPVLPWIKGA,train,0.8495640158653259,0.49673792719841003,0.8448918461799622,9
7002,MQPRDYKDTS,THSRNDPLDP,train,1.8096412420272827,1.4070134162902832,0.7165004014968872,9
7744,AYPVGMFGVW,FTPRNVWQHA,validation,1.3638314008712769,0.7685651779174805,0.15470382571220398,9
1138,FTPVNMSDRL,LYAFPILDKA,train,0.42858946323394775,0.6427297592163086,0.4031860828399658,9
1266,WMPRQVMDGV,QKPRNSWDWY,validation,0.902063250541687,0.44201791286468506,0.21030586957931519,7
6760,TKPVALYDPV,SLVRALWTGL,train,0.9921209216117859,0.1102367639541626,0.05166923999786377,8
7348,TMPRQVTASG,VMPRNYHQWS,validation,0.2552534341812134,0.6627724766731262,0.07718849182128906,7
1175,DMPRSYFNHS,HFPRQWRGNT,train,0.5455620288848877,0.172990083694458,0.6090155243873596,8
8931,VNPTGMYDTG,QLPVHYTDHA,train,1.2056132555007935,0.9249247312545776,0.34517401456832886,8
8536,IAPRSVMDVK,YIYRAMASMF,train,0.8279910087585449,1.3102915287017822,1.4548594951629639,9
1516,KWPRGYFANF,EVPSKFTASG,train,0.7287657856941223,0.3620295524597168,0.33614176511764526,8
9593,YDPRGMWGMV,KGPKQLYGIS,validation,0.15197312831878662,0.4160118103027344,1.3356142044067383,8
7432,WAPLNWTASG,QLPLNWTASG,validation,0.1856018304824829,0.3679286241531372,0.5178866386413574,2
1927,TVPRAWTNGK,YVPRWMFGIL,train,0.1141883134841919,0.21336019039154053,0.5548021793365479,7
10874,TLPRSYTDVS,QAPRFIRDHA,train,0.35431766510009766,0.3870265483856201,0.3461201786994934,7
814,VPPRVLISTA,RDSRSLISGV,train,1.6155116558074951,1.1363873481750488,0.34180960059165955,6
5699,YVPRAWKGWI,VWPAHFRTNQ,train,0.03500497341156006,0.20889949798583984,0.14578968286514282,9
8235,ASPVGLWNPL,SRPHGFFYTW,train,1.5124926567077637,0.7190425395965576,0.8402757048606873,8
4658,LPPYAYFDIT,NWPYGMHGIH,train,0.677605152130127,0.022663593292236328,0.06156718730926514,7
6610,WSPVAWTASG,GKPRYLSNPI,validation,0.7527674436569214,0.9257072806358337,1.002655029296875,9
10911,WVPRAVIGKW,VDLRALVYAK,train,1.594199299812317,1.4555069208145142,0.9713149070739746,8
10490,MVPRGVFDIH,LAPRYWSGTL,validation,0.7012345194816589,0.7940953969955444,0.8582038879394531,8
1952,QWPRAYFNTY,YKPHGFYMWQ,train,0.20717936754226685,0.5889796614646912,1.133053183555603,9
8666,LRPRGVTASG,QSWAIKPGEL,validation,2.369924783706665,2.1603903770446777,1.230190396308899,10
5999,HIPRWMSVSG,YLPRWYMAMS,validation,0.12350797653198242,0.21474671363830566,0.2627179026603699,7
246,DGPRSLKGIW,EAPRNIKSPA,validation,0.34717267751693726,0.320847749710083,0.058724820613861084,7
10627,GHPLAVKDKV,IPALNFQSEK,train,0.14956527948379517,0.21490848064422607,0.3550413250923157,9
669,FTPRELAVHR,FEPLKQSDHW,train,0.9382044076919556,0.27133023738861084,0.16440564393997192,7
6632,WRPRELYTSF,IFPANWTASG,train,0.4494823217391968,0.34316253662109375,0.5357210636138916,8
9734,MAPSGSYSPA,NYPSAYRNHA,train,0.2772812247276306,0.41061365604400635,0.029782533645629883,7
9640,HAPRGQVGWG,WGPRTLHGMW,train,0.26722145080566406,0.6544106006622314,0.19851887226104736,7
4950,LPVRALTVMH,GEIVAMYAEY,validation,1.1453382968902588,0.016940951347351074,0.3442853093147278,9
1485,FWPRGQYVQA,SHIASYVGMQ,train,1.1603493690490723,1.0887264013290405,0.7554508447647095,10
8621,GVPRQVFDTW,YPRPWSHQPV,train,0.8296838998794556,0.8035100102424622,0.7484403848648071,10
7116,RTPLGQIDPY,YFPLDVYDMV,train,0.20249402523040771,0.20966124534606934,0.32772767543792725,7
5017,FEVRGMRGEV,APRESRAGLP,train,1.2044888734817505,0.7809550762176514,0.4692138433456421,9
3874,EKPYSMWVHF,TQPVPFTVKY,train,0.26455336809158325,0.14128029346466064,0.2646440863609314,8
1733,FIPRPVMGTG,MYPRNIWRAH,train,0.7280474305152893,0.7766969203948975,0.07576221227645874,8
6111,MAPRWIKDGA,ITPRNMKDIH,train,0.3741726875305176,0.5212441086769104,1.1998608112335205,6
6270,WTPLGQITET,FPRYGRSTAS,train,2.0629940032958984,1.6195008754730225,1.8398146629333496,8
3785,HQPHAFYDNQ,HTPREVYSMT,train,0.5068888068199158,0.21121346950531006,0.5882803201675415,7
4949,RTPLGQIDGS,EGVFALWSRF,validation,0.05585777759552002,0.7093390226364136,0.8327171802520752,10
7036,DVPRGVKVMY,SKPRPLRSRG,train,0.8765913844108582,1.0989410877227783,1.5842530727386475,8
6675,FQPRNYIGWS,SLPRPMYDIS,train,0.7517010569572449,0.20115959644317627,0.19097638130187988,7
10303,WVPKSWTASG,WSPLSWTVEG,validation,0.6008236408233643,0.46918678283691406,0.700197160243988,4
4719,FKPRSWRDTV,YDVWGIYSEY,train,0.7946388721466064,0.44924378395080566,0.18086087703704834,10
222,LVPRWMHGHS,KYPRGLYQTF,train,0.08641332387924194,1.051612138748169,1.635510802268982,8
3371,GVPRNVLTAS,VGPSGFAGMK,train,0.6240755915641785,0.2864617109298706,1.22135591506958,9
5416,ERPTALWDRI,QGPRSLWYKA,validation,0.44813573360443115,0.1968686580657959,0.29630208015441895,7
4034,EAPRNVMGNH,TWPRYHRTMF,validation,1.4399664402008057,0.8759156465530396,0.7400074601173401,8
1355,YEPRFLLDRL,LDVRAITDIA,train,0.7475170493125916,0.05760848522186279,0.126284658908844,8
7002,MGPLGWAVEG,FPWDGMKVPR,train,1.0588128566741943,0.598357081413269,0.20239710807800293,8
7744,WKPHGFQSQW,VTPIPISAPW,train,0.132895827293396,0.40278416872024536,0.29791927337646484,8
1138,GSPKWIRTAS,CSPLEVKTHA,train,1.3624310493469238,0.6059341430664062,0.23090460896492004,7
1266,VRPREVRSEA,YAPGSMTSHS,train,0.5144937634468079,0.5817853212356567,0.06797641515731812,8
6760,MKPYGLADPA,NQPMHLWAWA,train,0.4509286880493164,0.7079946994781494,1.385473608970642,7
7348,VYPRAVYAEY,GNPWHITASG,train,0.8759279251098633,1.5381393432617188,2.0682215690612793,8
1175,LPPRAYWASF,KIPAWYFGTR,train,1.3668205738067627,0.48825907707214355,0.2848820090293884,8
8931,PLPRFLYDNA,TMPRYLWYVH,train,1.2225595712661743,0.5130400061607361,0.3413386344909668,7
8536,DMPRYMTDNS,QGPVFMTASG,train,0.11140108108520508,0.5146917700767517,0.37007248401641846,7
1516,WRPVWITGNA,TWPRGNTVRH,train,1.5656901597976685,1.0307413339614868,0.7131516933441162,8
9593,YSPRQMTGPT,VSWRAYIGTA,validation,0.9107687473297119,0.4812643527984619,0.19419613480567932,7
7432,GYPSWLYTPI,CWEPSGYLGR,validation,1.4868412017822266,0.4609687924385071,0.06618863344192505,9
1927,WKPSWVMDKW,SWVRAVMGWI,train,0.8211839199066162,0.4400172233581543,0.17984765768051147,8
10874,YHPRSLYVGV,RHPVSLWVSG,train,0.7827701568603516,0.40005138516426086,0.5904992818832397,5
814,KFPRSIMVAG,HIVRAVTDPG,train,1.0744688510894775,0.23268967866897583,0.4781721532344818,8
5699,EAPKWIVQPV,NMAWPLWNTK,train,1.08073890209198,1.423460841178894,1.2994415760040283,10
8235,ELPQSWRTAS,QHPRFLFNLT,train,1.0026510953903198,0.9304412603378296,0.6814110279083252,9
4658,DPPRSWTASG,VGPRQVFSFA,train,0.4254249930381775,0.35167860984802246,1.0551425218582153,8
6610,TFPRAVRDAG,VKPAGVFVAG,validation,0.334827184677124,0.4834388494491577,1.09743070602417,6
10911,GTPRSMLNTR,RSPRMLTASG,train,0.9303185939788818,0.5867071151733398,0.08468380570411682,8
10490,GAPRWYMGWQ,YSPSGIYVGW,validation,0.46591252088546753,0.6965340375900269,0.23558902740478516,9
1952,FGPWAWRSVY,TWAPREVNLC,train,2.1570684909820557,1.0778018236160278,0.3851263225078583,10
8666,SAPRGMKTHT,TVLRSLKDPT,train,1.336643099784851,1.1414375305175781,0.019499868154525757,7
5999,FNPRGMKVEG,NFPRGNTGIG,train,1.9296494722366333,0.9104353785514832,0.7104789614677429,6
246,NIPRWMRSNG,NKPRSVMQPG,train,0.9691469669342041,0.4226939082145691,0.029404371976852417,6
10627,GRPVPFTDRY,GVPKLLTGEW,train,0.33145779371261597,0.6053242087364197,0.5094618201255798,7
669,QAPKQLWDNY,KVPSKLWSPY,train,0.549420952796936,0.5706395506858826,0.8747141361236572,6
6632,GLPRPVMASG,LWVRAFHDRL,train,0.5787143707275391,0.32864946126937866,0.08792418241500854,9
9734,NAPRSLYVLA,NSPYNLASIA,train,1.0969223976135254,0.6152595281600952,0.6739828586578369,6
9640,GWPRELSVGY,HYPALLYAGH,train,1.070203185081482,0.8641453981399536,1.2532060146331787,7
4950,TAPRSLIYGF,GKVLGLSTEI,validation,0.4419768452644348,0.2219979166984558,0.431523859500885,9
1485,YTPRAYKGGH,DPPGSMLSET,train,0.5615503191947937,0.24539399147033691,0.11739546060562134,9
8621,TPPVNLSGQW,RTPKGLWNGH,train,0.20578277111053467,0.14458703994750977,0.42517173290252686,8
7116,RPLAYWTNPF,MIPVFYLDHV,train,1.2834141254425049,0.6350984573364258,0.601161777973175,10
5017,TYPRAYQAPT,QAPLNWTALW,train,0.20891118049621582,0.41601550579071045,0.0658876895904541,8
3874,NGPYNWRTQT,WFPAKGQDLY,train,1.5254238843917847,0.8658673167228699,0.5146192312240601,9
1733,WLPRAFHSIR,NMPGSMYNRG,train,0.5119173526763916,0.2979661226272583,0.2936058044433594,9
6111,REPAWMKNPI,RAPTNLASKF,train,0.3945391774177551,0.3351883292198181,0.5569132566452026,8
6270,LAPRPLSDHF,LTGLALRDQG,train,0.2096540927886963,0.648398756980896,1.2512527704238892,7
3785,DMPKSLYNPT,FCLAMSQVHQ,validation,1.6325030326843262,1.1234561204910278,1.0371832847595215,10
4949,MYPRSWIAGQ,SRPLNYWATV,train,0.18877792358398438,1.0156242847442627,1.7620540857315063,8
7036,KWPRGMKTHG,GMVRAVRTAS,train,0.6754986047744751,0.44300317764282227,0.23814910650253296,8
6675,MYPRSFRTAS,GAPRSYIGIY,train,0.588584303855896,0.2662930488586426,0.6511722803115845,7
10303,WAPRGYTFVG,HAPRSNWYEV,train,1.8159701824188232,1.4965288639068604,1.1580226421356201,7
4719,WYPKGMKTPH,VIPKWLYGPG,train,0.5577278137207031,0.3344670534133911,0.29317235946655273,7
222,FSPVNYTGLK,VNPSGVTGMG,validation,0.852981448173523,0.17962515354156494,0.10884468257427216,7
3371,EMPRGQFAGY,SDPRWLSAHI,train,0.9976134300231934,0.7542777061462402,0.20116955041885376,7
5416,HLPRAISDVL,SGPKLLHTAS,train,0.4287967085838318,0.252691388130188,0.1640741229057312,9
4034,VYPVPFWGAR,WVPRAVLNGS,train,0.22818470001220703,0.3109409809112549,0.6339364051818848,9
1355,DVPKYIRDIL,DLPRPLWDSK,train,0.1621769666671753,0.10183835029602051,0.5701895952224731,7
7002,LRPGAFTDWP,RHPLSYFDMK,train,0.2924933433532715,0.48802465200424194,0.40211594104766846,8
7744,IYPRSYTGLQ,RSPRYLISHL,train,1.276352047920227,0.8474352359771729,0.10577771067619324,8
1138,LDPRAYRGMY,DAFSNLYSPH,train,1.5691633224487305,0.7863235473632812,0.14326491951942444,10
1266,DWPRSWVAEW,GHPRSMRYSR,train,0.2633252739906311,0.7901626825332642,0.41247084736824036,7
6760,VKPVWLMGPF,DMVLGLSGPA,validation,0.3126738667488098,0.24945443868637085,0.5865734815597534,7
7348,MRPRNVTDPW,GFPRPVFAIG,train,0.5932052731513977,0.13767409324645996,0.4430214464664459,7
1175,HTPSGWMAMI,ALPRYWSMGF,train,1.2165367603302002,0.675616443157196,0.50290846824646,8
8931,DMPRWLSVTW,QSWRALTASG,validation,0.5868164300918579,0.5124274492263794,0.38021695613861084,8
8536,QRPRNVMDTA,GTVRAWSDGQ,validation,1.0194207429885864,0.6202632188796997,0.7638373374938965,8
1516,VIPRPVIDEG,GSPRLYISKG,train,0.6778247356414795,0.612514853477478,0.5880671739578247,6
9593,TRPRASYSEW,KIPRPVYSET,train,0.08683347702026367,0.21805918216705322,0.5402798056602478,5
7432,VRPRPFYDEW,GDPYSWRGNQ,train,0.8262821435928345,0.704230546951294,0.17672154307365417,9
1927,LDPRSWTASG,VRPRGTHDGW,train,0.5575287938117981,0.16105890274047852,0.13320064544677734,8
10874,HYPRAFLDLS,KYPKALTDHW,train,0.4795435667037964,0.8276751637458801,1.637939214706421,6
814,SGPRGVYTAS,GRAPRSPVLS,train,1.3146308660507202,1.1575310230255127,0.3497096002101898,9
5699,GLPRSWTASG,YFPASLFRAI,train,1.0809125900268555,1.452061414718628,1.141922950744629,8
8235,GQPRSWRTGL,WNPSGWQMQT,train,1.418961524963379,1.461370825767517,1.3163776397705078,8
4658,KQPRDYIGTA,LVPRYWYTIT,train,0.5108934044837952,0.419650673866272,0.0037261247634887695,8
6610,ELPRSWTASG,GFTRWLYGWF,train,1.6711835861206055,0.8868160843849182,0.405159056186676,9
10911,GYPRGLIDGA,ELQRASGNEH,train,2.8663887977600098,1.6563048362731934,0.7362959384918213,9
10490,YGPGSYIGVW,SVFEPMYDTA,train,1.2552186250686646,0.9450053572654724,0.6344507932662964,10
1952,QAPVPFYDRG,WYPRAYRGQY,train,0.26413893699645996,0.4705824851989746,0.5398980379104614,9
8666,SAPKGMHVPY,PRVRGVTASG,train,1.5301986932754517,0.7776354551315308,0.08963638544082642,9
5999,QVPRWVRDQG,VNPRGVTASG,train,0.13874173164367676,0.14584803581237793,0.9404506683349609,6
246,DYPRAIHDIA,TSPRNIAVMH,train,0.5287390351295471,0.4809149503707886,0.12937307357788086,7
10627,AVPKNQMDNT,GSGLPLISEY,train,1.6031992435455322,0.9907270669937134,1.2900164127349854,10
669,IHPKQLTVPQ,VGIPGEWVAE,train,2.478233814239502,1.0037870407104492,0.530877947807312,9
6632,HWPREMKGPH,MVKPWLFTGH,train,2.0241260528564453,1.4449613094329834,0.9707576036453247,9
9734,AGVRALHSLA,LRPSWLHTAH,validation,0.04863011837005615,0.05098843574523926,0.5454839468002319,8
9640,IRPTGLYVHI,MHPSRFWAEI,train,0.7084531784057617,0.15126222372055054,0.16050073504447937,8
4950,CWVYGLKAIQ,PRVLGLDTVR,train,0.09566527605056763,0.649710476398468,0.5970472097396851,7
1485,YIPRAFHAQF,STPRSYTGRV,train,0.7916712164878845,0.41661810874938965,0.20556974411010742,8
8621,HYPKQLSGMH,DHIAWIFGTL,train,1.197097659111023,0.9454922080039978,0.4535021185874939,9
7116,YVPVPIWDVQ,FNPFKYHNTK,train,1.7572506666183472,1.4693418741226196,1.3705346584320068,9
5017,IPPRSWTNGA,GPPRSMHNLH,train,0.12267136573791504,0.25546181201934814,0.614804208278656,5
3874,QRPASWFDVT,KYPHTLAVQH,train,1.5299898386001587,1.610872507095337,1.6428022384643555,9
1733,QAPRSWIGVL,FVPRYMKQSG,train,0.3967931270599365,0.8790863752365112,0.13686329126358032,8
6111,GTVYWMRSET,IAPLNQMSIF,train,0.04765284061431885,0.8323880434036255,0.4682403802871704,9
6270,TLPRAWHTAS,FTPLPHWDGI,train,0.7069644927978516,0.2965468168258667,0.09441202878952026,9
3785,CGPRSMTASG,DAPSDLHGQA,validation,1.162930965423584,0.12629497051239014,0.2551220655441284,9
4949,NPPVWLTSNS,SRPLNFQDGL,validation,0.34063661098480225,0.6261975169181824,0.4756089448928833,9
7036,KDPRGMKTPY,LIPKHILKNT,train,0.7384227514266968,0.9154447317123413,0.8423749208450317,9
6675,MVPKWMRNVY,ASPRWITNPG,train,0.8688471913337708,0.19515705108642578,0.12704160809516907,7
10303,MPPLSWRVNV,FLPRNQHDIH,train,1.5226632356643677,0.45168352127075195,0.3391442596912384,9
4719,STPKGMTDTI,VPEWPKSVHQ,train,1.3850425481796265,1.029625654220581,0.5541654825210571,10
222,GTPRSWTASG,SPPRTLYKLG,train,1.0729458332061768,1.1919444799423218,0.7141370177268982,7
3371,DPPVGLWVPQ,ADARWLMVPT,train,1.0328254699707031,0.6016553640365601,0.42512983083724976,7
5416,VHPRSLYDNG,MGPWFMIGYF,train,0.09197884798049927,0.686036229133606,0.9019118547439575,9
4034,LMPRQVIGTA,QNVRGMFMQI,train,1.6965594291687012,2.134355068206787,1.108731746673584,9
1355,SNPLGYIDIK,SMPRFLSDKS,validation,0.9016387462615967,0.4313589334487915,0.3589578866958618,7
7002,YWPLGSTASG,WLPLAWTDKY,train,0.1972273588180542,0.5163159370422363,0.23602724075317383,7
7744,GTPRAVSASK,YGPRATASGY,train,0.7515712380409241,0.37114715576171875,0.27032536268234253,7
1138,RFPRSMYTGW,GTPRSHRVTF,train,1.0646182298660278,0.298805832862854,0.24144110083580017,7
1266,PSPRAVTASG,LGPSHYFGIW,train,0.30386054515838623,0.052491068840026855,0.1962072253227234,9
6760,VYPRPLHDEK,PSPRFLMNPI,train,0.7315554022789001,0.5140241384506226,0.2805996537208557,7
7348,WNPRGMFDHF,DAPRSMQDQF,validation,0.0681920051574707,0.07391059398651123,0.022751331329345703,5
1175,TAPASWRSTA,FVPQWIHNPG,train,0.09345507621765137,0.41926366090774536,0.7909551858901978,9
8931,DWPVGMTASG,MVPKWLMSPK,train,0.22147846221923828,0.7820477485656738,0.569236159324646,9
8536,GQPYGMDTAS,ELTVAWVAKL,train,1.9161494970321655,1.7269920110702515,1.5747060775756836,10
1516,FVPRAVQDKG,GHPRYWTASG,train,1.4721542596817017,0.5716986656188965,0.26673686504364014,7
9593,MKPRAYFAWY,QHPRGVGNAQ,train,2.1405086517333984,1.0419690608978271,1.0210314989089966,8
7432,YQPVPYKSGS,DKPRNYHAHI,train,0.9546210169792175,0.30806994438171387,0.0652259886264801,8
1927,IEPRNVIGVF,AIPRYWTNMS,train,0.5643727779388428,0.4614941477775574,0.5188465118408203,8
10874,KHVLGLWGIG,NWPEAIHSGG,train,0.09840118885040283,0.21313464641571045,0.8736128807067871,9
814,GAPRVLWSNA,KYIWAWVAGA,train,0.9688398241996765,0.5923783779144287,0.522608757019043,9
5699,TNPHGYTVPR,EYPVPMFNLS,train,0.10733890533447266,0.9950343370437622,0.8021352887153625,9
8235,LPPYNWRAPW,SMPRYLIGEQ,train,0.6639194488525391,0.4980703592300415,0.12528198957443237,9
4658,WAPYGQVYRI,RLPVPIWGWH,train,0.7535279989242554,0.28516650199890137,0.23273950815200806,9
6610,VTPVGMWDGI,MTPRYMRDTA,train,0.9478752613067627,0.7569860219955444,0.6905101537704468,6
10911,GRPRSMVNGF,RPLGNLHVTM,validation,1.7564442157745361,1.701462745666504,1.7032716274261475,10
10490,IQPRSWTGMT,LAPAHIWNAW,train,0.12032604217529297,0.7115682363510132,0.48698657751083374,9
1952,HAPRSMHVET,YNPRAYFGAL,train,0.1899348497390747,0.15230965614318848,0.32649505138397217,8
8666,SYPAGIVDQK,TPRPGLRVLQ,validation,1.166767954826355,1.2064157724380493,1.2572259902954102,9
5999,TVPRGVWAKY,LNTRWMANIF,train,1.9864195585250854,2.0094985961914062,1.5765727758407593,9
246,NRPKWIIGIT,NRSWLNKGIT,train,1.7642316818237305,1.3117568492889404,0.9678059220314026,5
10627,HTPLGQIDTR,KTPLELYDPV,validation,0.01874399185180664,0.825393557548523,1.533043384552002,6
669,KGPKQVMDGW,EAPDRMFDHT,train,0.8420906066894531,0.45691800117492676,0.04274392127990723,8
6632,GDPYSWRTAS,KCPRQYRYVL,train,1.263626217842102,1.0374165773391724,0.8983653783798218,8
9734,IFPAGWRTQA,ATPRYLKVHY,validation,0.7277075052261353,0.721714437007904,0.021321147680282593,9
9640,TYPKQLVTGK,YHPIPLRVNF,validation,0.40876245498657227,0.873763382434845,0.4920384883880615,8
4950,QVPRAVFAEH,TPVGWFMVPQ,train,0.565993070602417,0.6217572689056396,0.34535932540893555,10
1485,WSPRSYTASG,RWPRLYVGSY,validation,1.3466525077819824,0.5649804472923279,0.06463515758514404,6
8621,QDPYGFRDWK,EHPKQLAGSW,train,0.7163280248641968,0.6693648099899292,0.401134729385376,9
7116,MGPRPVSDGS,SQPIPYDKIV,train,1.2618197202682495,1.7799831628799438,1.8089685440063477,8
5017,RVPVPMWDIQ,WTPKLYKIQW,train,2.00993013381958,1.5731205940246582,1.418662667274475,9
3874,WAPREVTASG,CQPYSAVGSR,train,0.7850569486618042,0.6415817737579346,0.16210907697677612,8
1733,TVPRAWVARF,WNPRSWIMNF,train,0.9198271036148071,0.4753364324569702,0.14255627989768982,6
6111,YIPAWMRVPI,QVPRWIRQGK,train,0.23029589653015137,0.15196621417999268,0.3640303611755371,7
6270,IGPRKLSDMW,STPRTLTSKT,train,0.9290191531181335,0.6357983946800232,0.2144174873828888,7
3785,LMPKGFYNGT,SWPRELKSIF,train,0.6128062009811401,0.8271160125732422,0.20410293340682983,9
4949,YKPRAYIDGF,HGPYNLWSVF,validation,0.13105440139770508,0.7913568019866943,1.040440320968628,8
7036,WRPRWLMDLH,HSPRVLVGTR,train,0.8439660668373108,0.40476614236831665,0.403117835521698,7
6675,MGPRPVTGIV,RGPVYMWTAS,train,0.6875564455986023,0.5436244010925293,0.23031824827194214,8
10303,TQPREFTASG,EPYNFIRFHW,train,1.7658559083938599,1.3204946517944336,0.6311742067337036,10
4719,GRPRNYRTAS,FLPRMLHSEF,train,0.05155932903289795,0.33875900506973267,0.07853543758392334,8
222,QTPIPIYSWY,RVPVYLADFV,train,0.9510236978530884,0.5775659680366516,0.4177037477493286,9
3371,EGPVGLHDWT,HAPRSLYGEW,train,0.04628133773803711,0.36363887786865234,0.3069208264350891,8
5416,TIPKGQLTAS,VRAHSLSSQF,train,1.0468894243240356,1.5435643196105957,1.465050458908081,10
4034,STPVGMYGQG,LTPRSYKGAV,train,0.32194530963897705,0.3879122734069824,0.03985029458999634,7
1355,LNPLNWRDLG,GRPRPILDGT,train,0.12680280208587646,0.01343679428100586,0.0001544952392578125,8
7002,YAPLGYQDEI,YGPTAFQARV,train,0.4515272378921509,0.3497823476791382,0.11816012859344482,7
7744,LRPRSYLDKS,SAPRPVIAPL,train,0.029909610748291016,0.3650217056274414,1.098228931427002,8
1138,TYPRMLYTNY,QSPRMLHDSY,train,0.8460193872451782,0.18739748001098633,0.3773882985115051,5
1266,WDPRAYTAPG,VRPRNTMNFW,train,1.1183807849884033,0.7167030572891235,0.6429260969161987,8
6760,KWPVGLSDGQ,RDPLGISNMA,train,0.8117208480834961,0.4810137152671814,0.7203332781791687,7
7348,KFPRAWTDAF,HKPRSWRVRT,train,0.21483498811721802,0.24038958549499512,0.42980748414993286,7
1175,QGPRSWTNIA,GSPVQYTGAL,train,0.32459747791290283,0.015818119049072266,0.03865513205528259,8
8931,TMPRWIMDIG,YYPLWMVNEM,train,0.0740666389465332,0.5147665739059448,0.9307386875152588,8
8536,FKPKYIMASG,LQRARRFVGE,validation,2.5147688388824463,1.196973204612732,1.798794150352478,10
1516,QFPRAFVGEQ,SGPRVLVSGA,validation,1.1219416856765747,0.47589969635009766,0.24016505479812622,7
9593,VQPSGFKDSL,MWPRWYMSGA,train,0.4080672264099121,0.04860866069793701,0.4707547426223755,9
7432,FDPRSYIGQQ,MGPEPYHNRV,validation,0.277368426322937,0.49063873291015625,0.19721651077270508,8
1927,FDPRSYIDPG,PKPVHYVGWK,train,0.3568594455718994,0.3350473642349243,0.32577085494995117,8
10874,QMPRFLWNEF,LMAPGLYNFG,train,0.6346514225006104,0.8849407434463501,1.5431628227233887,7
814,TVPRGVTGEI,SKPREVNAYL,validation,0.8449516296386719,0.9548208713531494,0.31889060139656067,7
5699,TRPVGLWNTL,NKPSWYMYRK,train,0.8802399039268494,0.23305916786193848,0.10486286878585815,9
8235,VLPKGWIVPW,HKPAGLVNWH,train,0.052777767181396484,1.2376450300216675,1.6524877548217773,8
4658,MNPRAYFGTS,NPPRTLHSIY,train,0.8832530379295349,0.44733762741088867,0.4203255772590637,8
6610,MAPRFLQDWH,FLPRPFSDIK,validation,0.3724268078804016,0.17790424823760986,0.2054421305656433,7
10911,YHPRGMVNVK,AQRVSRSVPN,train,1.9888584613800049,1.1395723819732666,0.7404382228851318,10
10490,LSPRAYTASG,GQPRAYRGQI,train,0.02991950511932373,0.07760119438171387,0.5828778743743896,6
1952,MTPLNWQGPW,AYASHWMSQF,train,1.3095571994781494,0.531266987323761,0.3654407262802124,9
8666,VKPKGLKAEG,NSPMSLWGTH,validation,1.0640462636947632,0.4431132972240448,0.9561792612075806,8
5999,VTPAWMASQW,AYSRSMISHG,validation,1.203344702720642,0.7340689897537231,0.36071664094924927,8
246,TWPRELKSTF,TVNRGMSGTQ,train,2.09911847114563,1.0921704769134521,1.2093157768249512,7
10627,LAPKFLTASG,LCPLNYRGTG,train,0.07905042171478271,0.17108982801437378,0.8084568977355957,7
669,AGPKQLVDNF,WRPSELWDAF,train,0.25227248668670654,0.13848364353179932,0.6627652645111084,6
6632,HWVLGMYAVL,ASELPVWVSP,train,1.3481374979019165,0.6675145626068115,0.3808521032333374,9
9734,QMPRWISDWR,GQPRSLFSHF,train,0.3258991837501526,0.4431116580963135,0.06796282529830933,8
9640,SHPRQIVAKQ,TRPKLLKDLV,train,0.32918959856033325,0.2418971061706543,0.11776745319366455,9
4950,RGPRSLKTEW,LPVRALYVGF,validation,0.010794520378112793,0.012820839881896973,0.011229634284973145,8
1485,QFPRGWYTAS,QPLSWVKGIF,train,0.33215945959091187,0.8440194725990295,0.39798521995544434,9
8621,WMPKQLRTWL,ASPVQLYKPY,train,1.184186577796936,0.0015930533409118652,0.3209383487701416,7
7116,WMPRSFINQG,QAPFWRTASG,train,0.4680671691894531,0.6086926460266113,1.1299337148666382,8
5017,GAPASWVTNS,GYPRTLTASG,validation,0.36833393573760986,0.5302560329437256,0.27109813690185547,8
3874,FWPSPFLDRQ,KAPEFLAVLH,train,1.0180845260620117,1.5069925785064697,1.900109887123108,9
1733,TAPRSWINPL,WAPRYWRNPY,train,0.7401394844055176,0.38858604431152344,0.01609206199645996,4
6111,MIPRMLVEDI,AVARNLSAWY,train,0.6444560289382935,0.3219340443611145,0.8574014902114868,8
6270,IVARAMHSEY,RYPKQLSDEP,train,0.7182273864746094,0.38795721530914307,0.33369868993759155,9
3785,CAPKSLVDKW,GAPRSQKDTQ,train,0.4728177785873413,0.12459456920623779,0.006581723690032959,6
4949,AFPVAYQDER,RSPLNYISGH,train,0.3575124740600586,1.0410311222076416,1.3806569576263428,8
7036,GIPRGVMTGQ,GQPRGMHNLG,train,0.22706639766693115,0.15458142757415771,0.2872277498245239,6
6675,VYPGWMWDPR,WDPRSFANLG,train,1.4027670621871948,1.1367604732513428,0.09451763331890106,9
10303,DVPRAVHAPI,KSPVFLWDQT,train,1.711961030960083,1.3662817478179932,0.04050406813621521,9
4719,NVPKWMQSEG,CGPVAMRNAH,train,0.04217970371246338,0.4193692207336426,0.15598642826080322,8
222,QPPRPVYDRH,VWPRSWLGQS,validation,0.005791187286376953,0.2807987928390503,0.6025325655937195,8
3371,DMPRGMHNMH,SPPLAWTASG,validation,0.05072832107543945,0.7891703844070435,0.6165447235107422,9
5416,VNPLNVRVIQ,DSPLSLNKPQ,train,1.7397680282592773,0.43832606077194214,0.48757168650627136,7
4034,TVPVPFWSIY,NSPRSWKNKG,train,1.1198538541793823,0.7727380990982056,0.6816622018814087,9
1355,HVPYNVRNWA,SHPVLITSKQ,train,1.7074259519577026,0.9279111623764038,0.4624949097633362,9
7002,MAPRYWQDVQ,WANRAMFYIH,validation,1.3876621723175049,1.3697948455810547,1.280131459236145,8
7744,GVPRAVSATG,PQWSHMVGTG,validation,2.2948684692382812,1.6624195575714111,1.0555325746536255,8
1138,AIPRSWTASG,LWPRVMQDVG,train,0.5711560249328613,0.3714272975921631,0.4686307907104492,7
1266,YVPRGVHAHG,LSERGLYVPG,train,0.7834466695785522,1.261902093887329,0.2092466950416565,7
6760,YKPRSLYTQI,DPAMGLLSGV,train,0.36284685134887695,0.456807017326355,1.3152704238891602,9
7348,LVPRAVHDWG,LGPRAFYTHL,train,0.08245372772216797,0.27449536323547363,0.7339367866516113,6
1175,WSPLGWTAPQ,ARPEWYKGMF,validation,1.2112706899642944,0.31918394565582275,0.02018865942955017,9
8931,GNPAWMKTAS,LGSWPLIDNW,train,0.4629136323928833,0.9948734045028687,1.2079191207885742,10
8536,MAPRSVFAIW,WQGRALKSGI,train,1.521187663078308,0.9587247371673584,0.1690388023853302,9
1516,VLPRAVTASG,NGPYNVIVTR,train,0.29154932498931885,0.617512047290802,0.304996132850647,8
9593,KEPRGVYTAS,TFPRQLYGHA,train,0.3621343970298767,0.20515656471252441,0.022703200578689575,7
7432,NTPVPMWASG,DPPYNYRSMQ,train,0.11439812183380127,0.26222556829452515,0.3267902135848999,9
1927,DTPRSYTGNL,GFPRASWNAG,train,0.8489319086074829,0.34046173095703125,0.019131213426589966,8
10874,MSVKGMRDNF,DGPRDLWYSA,train,0.4325186014175415,0.40084803104400635,0.38404011726379395,10
814,QAPRGSMSPT,AGPSGVTASG,validation,0.16636383533477783,0.0733489990234375,0.5795968770980835,8
5699,NYPASWMTNA,SGPYHLWNTA,train,0.5538085103034973,0.5559744834899902,0.5969645977020264,8
8235,SQPTGLRDAH,HVPRSWTWIH,validation,1.2110646963119507,0.7763489484786987,0.48329275846481323,8
4658,TAPKEWTAMF,AWPRCLASLY,train,0.736649751663208,0.6496229767799377,0.2366216480731964,9
6610,YVPKWMINAG,ALPRWILGYL,train,0.9814926981925964,0.5821950435638428,0.41943392157554626,8
10911,QGPRSLKDGI,RGVAWLASLS,train,1.046257495880127,0.7752252221107483,0.5389625430107117,8
10490,PYPSWSTSAL,GAPAKFAVAG,validation,0.7588930130004883,0.5091714859008789,0.39537328481674194,8
1952,HRPASWRVPV,SVPRAWFQLS,validation,0.08597159385681152,0.6171463131904602,0.0742337703704834,8
8666,GVPRAVLAMW,NQPRGLSANT,train,0.12633812427520752,0.40010857582092285,1.113570213317871,7
5999,VQPRGVYASG,PVVRGISQNV,train,1.9472638368606567,2.059509515762329,1.0818277597427368,8
246,MVPVWLRGHK,VKPRPVKGIT,train,0.38149988651275635,0.07540667057037354,0.03981900215148926,8
10627,PRVRALYDNY,CWYRPLRDAI,validation,1.1188727617263794,0.2505728006362915,0.18499362468719482,7
669,RVPRAVWDSF,ATPRQLSDEG,train,0.6903934478759766,0.4257631301879883,0.21729278564453125,7
6632,QHPRSWTASG,WPPSEWYSQR,train,0.2313029170036316,0.031450867652893066,0.6733067631721497,8
9734,VYPRAFYNQL,SNPFGLITQW,train,0.038683414459228516,0.576569139957428,0.06009840965270996,8
9640,LWVMGMHGMW,VIPTSLFAGH,train,0.5680067539215088,0.44659948348999023,0.6200866103172302,10
4950,QRPRTLIVWG,TRVLGLYSEW,validation,0.04010283946990967,0.4141685962677002,0.28804343938827515,8
1485,VIPRPVMSLS,SAPRYHANWA,train,2.1865129470825195,1.1647807359695435,0.9513490796089172,8
8621,HTPIPFRTGK,GKPAFLKGWR,train,0.4059485197067261,1.1575658321380615,0.8503749966621399,9
7116,PVPRAWIDVQ,FLPRAYLDVT,validation,0.14802002906799316,0.164342999458313,0.15360307693481445,5
5017,MPPSSWTVPI,IVSRAVYSEI,train,1.2148886919021606,0.7303937077522278,0.5623939633369446,9
3874,RHPSAFIDQG,MPRQSRGPGT,train,1.1166990995407104,1.117863655090332,0.7429291009902954,10
1733,FMPRSWRDQG,IPVRGYRDQY,train,0.43170166015625,0.26372087001800537,0.15513628721237183,6
6111,VSPTGMTASG,SAPRHLQDIQ,train,0.31949466466903687,0.7674340009689331,0.10668504238128662,9
6270,KFPKQLRDPG,VKPSKLSYKY,train,1.4759750366210938,1.0902106761932373,1.4108966588974,8
3785,PSPRPFIAQW,KWPLGWRNML,train,0.5666272044181824,0.45194756984710693,0.28605836629867554,9
4949,MVPRYLSATW,FSPRLNYNWA,train,1.8856232166290283,1.2659050226211548,1.1794476509094238,8
7036,PTPRGVWNSY,FSPRGMGNSA,train,0.31725817918777466,0.1674971580505371,0.2743527889251709,5
6675,YVPRAVIDIH,HQPRFMLDNF,train,0.03661823272705078,0.2615189552307129,0.0891152024269104,7
10303,YRPRSYIDIS,PGPSGVYEWV,train,0.8524550795555115,0.4154789447784424,0.20749443769454956,9
4719,HTPRSYRSEL,YQPRSWTNTA,train,0.3378636837005615,0.13396084308624268,0.0033322572708129883,7
222,QHPKGMKTIF,IFPRGLTGMF,train,0.023098230361938477,0.1911839246749878,0.6211920976638794,7
3371,NLPRPLYSES,SQPNHLWTSG,validation,1.231099009513855,0.44746264815330505,0.43388399481773376,8
5416,MYPRAFTASG,TYPRAYRQNT,train,0.8804721832275391,0.425091028213501,0.3562147617340088,6
4034,SGPRAITNTA,MWVRAHWARF,train,1.42763090133667,0.6761035919189453,0.4481009542942047,8
1355,IVPKWLWDVS,TGPIPIFDSG,validation,0.14533281326293945,0.232063889503479,0.10271364450454712,8
7002,NYPRAFTASG,NHPLSYTASG,train,0.6073366403579712,0.8581361174583435,0.7271308898925781,4
7744,YHPRGVFAPY,VGPRSYHGMV,train,0.3403359651565552,0.14248204231262207,0.532187819480896,8
1138,YMPRWLYTMR,LPVWGAGMRI,train,1.2016661167144775,0.8075858950614929,0.7334730625152588,10
1266,GMPRQVFAYG,WFVSEPLGAV,train,1.3772873878479004,1.316908359527588,0.19217735528945923,10
6760,FHPYGMKDMH,YWPYGLHGPG,validation,0.4251883029937744,0.25987517833709717,0.005130171775817871,7
7348,MQPRSYTDKA,LNPRGYSGEK,train,0.6687859296798706,0.2523297071456909,0.2979164123535156,7
1175,NYPQAWTSPF,KNPLGYQGQF,train,0.028666377067565918,0.06412684917449951,0.29270684719085693,8
8931,DAPRYLRDWG,NYVRAILDPT,train,0.4769161343574524,0.27129411697387695,0.03353071212768555,8
8536,SAPRYWIAPV,LVPRYWDSRV,train,0.8030815124511719,0.542195200920105,0.43169301748275757,5
1516,GQPVPMWGPQ,RGPRYLYGQT,validation,1.3593130111694336,0.3390774726867676,0.21761494874954224,8
9593,GMPRQYWANG,DVPKNQMSRW,train,0.1662236452102661,0.8603389859199524,0.0030947327613830566,9
7432,IRPKWMYGPV,EYPLNSWSLK,train,0.14320290088653564,0.503531813621521,0.10417091846466064,9
1927,WGPRAIADQI,MHPRFLKSMW,train,0.27869486808776855,0.5179837346076965,0.25065481662750244,8
10874,NAPRYLMVLR,KQRPKRLSKW,train,2.0618202686309814,1.037473201751709,1.1101807355880737,10
814,AIPVAWTASG,RDPVAMKGHG,validation,1.3934080600738525,0.40194225311279297,0.2193520963191986,6
5699,QLPVAMWNTL,VCPHGFFYVA,train,1.6531615257263184,0.37524569034576416,0.8458926677703857,9
8235,WDPRALTGLS,WPVYGLRTWL,train,0.14958834648132324,0.11736530065536499,0.49522340297698975,8
4658,QIPRPFRDQH,TWPLGQVYNY,train,0.09213340282440186,0.31865882873535156,0.13590657711029053,9
6610,HVPRYMWDEY,WTAVGMVGGQ,train,0.5578705072402954,0.7073374390602112,0.41561800241470337,9
10911,LRPAGVKDPW,GSRKGRPSVR,train,2.4352736473083496,1.6243174076080322,1.4257373809814453,9
10490,EPPRSWRGPG,SYPRSWTNIV,train,0.9423534870147705,1.0139718055725098,0.23934964835643768,6
1952,VNPRPVLSWT,QPFELYSGQK,train,0.46928006410598755,0.7345143556594849,0.6190443634986877,10
8666,SFPRQLVVNL,QVSPLKWKPF,train,0.8503502011299133,0.3232309818267822,0.13677877187728882,10
5999,EAVRGMRATG,VGPRVSMDRG,validation,1.6771440505981445,0.8133089542388916,0.5057669878005981,8
246,GIPKWMRGQG,HTPRYMSGRV,train,0.5389915108680725,0.3504713773727417,0.08243048191070557,7
10627,HVPVPFWSGK,HAVWQLTASG,train,0.3085249662399292,1.7553592920303345,1.7965431213378906,9
669,KDPKGMVDIQ,WPVARLKSEK,train,1.4216784238815308,1.5440932512283325,2.2982101440429688,10
6632,KMPRTLYTVG,MNWRAYHGMH,train,1.5002397298812866,0.38146865367889404,0.1332283616065979,9
9734,WSPLGVYSTY,TVPTGLSGTA,train,0.6090843081474304,0.274977445602417,0.47131139039993286,7
9640,LVPRPLSDKY,GSPLDLHAWV,train,0.29711246490478516,0.6069199442863464,1.3667641878128052,8
4950,HRPRGLTFMF,AVTFALHSWT,train,0.5282376408576965,0.1126592755317688,0.38925760984420776,9
1485,FYPRSWRAGQ,IQVFGWFSET,train,1.1497868299484253,0.503083348274231,0.22817698121070862,9
8621,PKPLSKRNWY,MEPVHMWNHF,train,1.4587467908859253,0.2232113778591156,0.15969231724739075,8
7116,YGPTAFTVPQ,IFPANPAEVT,train,2.0132768154144287,1.3887145519256592,0.8154795169830322,9
5017,HPPVAFQGTV,WHPAYMKGWA,train,0.8560018539428711,0.7519398927688599,0.22269490361213684,8
3874,NEPVYLRDVT,WSPFGLTQVI,validation,0.06726837158203125,0.6192418932914734,0.6221028566360474,7
1733,LHPRSWIGTG,FSPRSWRTNR,validation,0.25774163007736206,0.33559536933898926,0.13439315557479858,6
6111,LSPVWMLDKY,TIPRWMKHSM,validation,0.23228442668914795,0.1937311887741089,0.5949306488037109,7
6270,YAPRSLQDPT,GKPLSHSYTK,train,1.623988389968872,0.8906702995300293,0.8901603817939758,8
3785,TSPLSWRTAS,CRPKSLINPH,train,0.4060536026954651,0.4723799228668213,0.014477550983428955,8
4949,YNPRAMHDEG,NQWRAMYDQH,train,1.1818044185638428,0.6213251352310181,0.13267245888710022,6
7036,DVPRGMKTAS,GRPRNLMDNR,train,0.6569453477859497,1.2563856840133667,0.6863917112350464,8
6675,LVPRYWIGES,YSPRSWVDRH,train,0.5665332078933716,0.4303605556488037,0.11581182479858398,7
10303,DTVYGMHAPG,YAPAWLKYMP,train,0.3668566942214966,1.1495475769042969,0.494190514087677,10
4719,NWPVSYTGMW,FWPIGNTPTH,train,1.817138910293579,1.4588000774383545,1.0992250442504883,7
222,NLPASWRTPG,QTWMGMWSVR,train,0.30882370471954346,0.2446080446243286,0.39187395572662354,10
3371,RVPVNLWDRT,DTVYGLQGQK,train,0.8151564002037048,0.0863046646118164,0.12902438640594482,9
5416,LYPRYLSVPL,CMPRDIQASW,train,0.034967780113220215,0.3451279401779175,0.42479759454727173,8
4034,GWPRSWTASG,SWPGHLYTTG,train,1.1528912782669067,0.9591744542121887,0.49646586179733276,7
1355,WQPRAIWTAY,VMPRWLTASG,validation,0.21779859066009521,0.393332839012146,0.5088632106781006,8
7002,WKPRDLHGIW,NMWRFLHDNT,train,2.2028677463531494,1.3633924722671509,1.1499030590057373,7
7744,TAPKGMATQL,KYPASWTSGT,train,0.7697332501411438,0.5774873495101929,0.09839501976966858,9
1138,TKPRSYINTQ,ARPRYMVDKH,train,0.27883380651474,0.03319132328033447,0.037759482860565186,8
1266,YNPREYRSQG,HYPRAYHGWR,train,0.4791454076766968,0.12705421447753906,0.021988332271575928,7
6760,YFPRAYTDIS,ASPRSLYSWG,train,1.139650821685791,0.6130199432373047,0.4606739282608032,8
7348,FNPKGMQSWA,MRPRPLYTNW,train,0.009583711624145508,0.5461456775665283,0.42994368076324463,9
1175,EWPVGMHGRA,NVPRSWTGTQ,train,0.3643423318862915,0.28704261779785156,0.14823585748672485,8
8931,LFPRWMRDQS,VFPQGMHYKG,validation,0.5479226112365723,0.6886818408966064,0.11845839023590088,7
8536,CGPRSYIVGY,GIVRGVTASG,validation,1.0433332920074463,0.8066896796226501,1.4988831281661987,9
1516,SQPRPFYDGT,VTPRQVIGTF,validation,0.32402974367141724,0.2747650146484375,1.1385704278945923,8
9593,FLPRNYIATW,RQPRYWVGTQ,train,1.3720588684082031,0.011716842651367188,0.30198633670806885,7
7432,YNPEAWTASK,AQGPQPRSEK,train,1.6500251293182373,0.722375214099884,0.4506635069847107,9
1927,VFPRAFHGWY,VPPRVLYGHY,train,0.4691847562789917,0.502913236618042,0.29718685150146484,5
10874,PVPKWLMVWG,GMPRFIRYQS,train,0.8039689660072327,0.25894230604171753,0.2952144742012024,9
814,HVPRQVITAS,VMPRTLAAKS,train,0.2235957384109497,1.1352492570877075,0.2191808819770813,7
5699,ESPRAFYSLA,MWPRFLINHV,train,0.5467618703842163,0.5481404066085815,0.2028784155845642,8
8235,MQPRDILGPS,GCPMGMRTPW,train,0.008360743522644043,0.5706181526184082,0.2799646854400635,8
4658,MKPRPFYDHY,GSPVWYKTAS,train,0.3945106863975525,0.19835269451141357,0.24822962284088135,9
6610,LVPRYWLDPG,PFYAGMAPHI,train,1.8099963665008545,1.7114098072052002,1.6394120454788208,10
10911,WVPRGMTVKW,HTSAWLQYGI,train,2.8445913791656494,1.819460391998291,1.330331802368164,10
10490,FYPAGFQSPY,SQPKGMYNGY,train,0.026668190956115723,0.0377352237701416,0.02201259136199951,7
1952,MKPRPVMGWY,SRVLNPLAEF,train,1.5177149772644043,1.0035885572433472,0.30195215344429016,10
8666,VMPSGFTVGL,NKPVGMVNPA,validation,0.23906075954437256,0.3580895662307739,0.03738558292388916,8
5999,YRPVWMKGVQ,LQYAGMTASG,train,1.1078965663909912,1.5095701217651367,1.585017204284668,9
246,HYPRSMYGQW,NQVRAIIDKW,validation,0.5616232752799988,0.5868626832962036,0.5831676125526428,8
10627,WTPKFLVDQG,YWPAYLKAPF,train,0.1399630308151245,0.45844483375549316,0.497003436088562,8
669,FSPGQLRDNT,KGPKLMKESY,train,0.8856309056282043,0.739372968673706,0.6570985317230225,9
6632,HAPQNWKAGY,MGTLPWEQWF,train,1.58017897605896,0.6510064601898193,0.6768133640289307,9
9734,WQPRSLYGHQ,YWPVGLYNWK,train,0.3400264382362366,0.3759545087814331,1.4192264080047607,7
9640,AVPKLLFDAW,AMLRTCTVGF,train,1.6516577005386353,1.2097911834716797,1.5828673839569092,9
4950,YRPRSLKVIQ,VLYASDHVIS,train,2.226172924041748,1.0991270542144775,1.0601422786712646,7
1485,GAPRSYHAVH,FVPRGNTGVQ,train,0.44382137060165405,0.5068041086196899,0.37958449125289917,7
8621,CVAKPLWTMR,SMVWGIWNQR,validation,0.5184222459793091,0.35181429982185364,0.6974705457687378,8
7116,NAPVPMYNQK,MKWAYMWNTG,validation,2.128692865371704,1.1614305973052979,1.687322974205017,8
5017,HYPSALLTVY,MPGRAFMVQL,train,1.2762389183044434,0.7758541107177734,1.1580440998077393,9
3874,MSPSAYIDWK,RPPASFLDWH,train,0.42881911993026733,0.11519181728363037,0.2569739818572998,7
1733,FTPRSWMVMR,YLPRSWTMAF,train,0.4717405438423157,0.8162171840667725,0.47519052028656006,6
6111,HMPLGQIDWG,YMPRNVTASG,train,0.044351816177368164,0.11239504814147949,0.20840227603912354,7
6270,GFPRAVRDNL,ARPRTLYTAS,train,0.009606719017028809,0.07510113716125488,0.5123218894004822,8
3785,KPPAPYWDWQ,QPRNRRPLQS,validation,1.5885326862335205,1.4538636207580566,0.8605492115020752,9
4949,LPARPLWDGL,HWPRFLHAIF,train,1.1419600248336792,0.45974522829055786,0.12422721832990646,8
7036,SAPRPLYDSL,FIWSGMRSKT,train,1.5245782136917114,0.6814096570014954,1.0229138135910034,10
6675,QYPRTMYDEI,MSPRWLWTSF,train,0.5585454106330872,0.4012247323989868,0.14968150854110718,8
10303,YVPRQVFTNV,NWPLEWMYQW,train,0.6339248418807983,0.6878317594528198,0.6581222414970398,9
4719,MPPRWLMSTW,GPVYGLRDWT,train,0.03907895088195801,0.2095089554786682,0.10545039176940918,8
222,FYPRAFSGVG,PKPRNYYDPA,train,0.44929587841033936,0.4177567958831787,0.010563135147094727,8
3371,DIPRPFIDGT,GAPRGVISEQ,validation,0.05007612705230713,0.019426822662353516,1.332382321357727,7
5416,VGPRKLSTVG,LSTRNLAFRS,train,1.1018483638763428,0.9743562936782837,0.7200998067855835,8
4034,VTPRSWTGGT,VTPRWYTGRL,train,0.13160765171051025,0.20438706874847412,0.10946369171142578,4
1355,FKPVNLIDLS,YWAYNMRDLV,validation,0.40312743186950684,0.036482810974121094,0.8746544122695923,7
7002,CTPRNYTASG,RKVLNWTASG,train,0.4171646237373352,0.4072277545928955,0.7115234732627869,5
7744,QPVRSLFAPK,NWARSLSGWY,train,0.9750949144363403,0.625623881816864,0.15413351356983185,7
1138,KYPRSYIGNF,CPLRSLKTGW,train,0.6459327340126038,0.7646560072898865,0.23047709465026855,8
1266,KSPVAYHAGQ,MFPRQFHGTY,train,0.8283838033676147,0.10180222988128662,0.16532409191131592,8
6760,RTPIGLWDWF,YKPRSLYSRH,train,0.534589946269989,0.4910203218460083,0.4455975294113159,8
7348,RFPRAFIDHG,HTPRSYRNTW,train,0.12955033779144287,0.4874608516693115,0.6310123205184937,8
1175,WTPRQYIGPT,LVPRAHIGKF,train,0.4504290223121643,0.5678497552871704,0.30840587615966797,6
8931,VKPVWLTASG,SAVRALYSGV,train,0.6837182641029358,0.19864016771316528,0.1288079023361206,9
8536,MAPRWLIGAI,PEVRGVGQVT,train,2.5888776779174805,1.4054207801818848,1.1355692148208618,9
1516,DFPGAFRGMV,TSPRMITASG,train,0.5239722728729248,0.6341288089752197,0.09421589970588684,9
9593,KIPRSWTASG,GNPRSYVDGI,train,0.00467371940612793,0.006701111793518066,0.07082337141036987,7
7432,MHPRSYQDVS,MSPRWYHDVA,train,0.8581588864326477,0.07750189304351807,0.08598029613494873,4
1927,TAPRWLISPS,VKVWGMQGMR,train,0.42442798614501953,0.4894150495529175,1.6056419610977173,10
10874,KWPAGMRYGW,WTPRSLSYES,train,0.4585750699043274,0.22047829627990723,0.24452942609786987,8
814,QAPKWIWSPR,HMVRSVRAWL,train,1.120333194732666,0.6473115086555481,0.0060877203941345215,10
5699,FGPQSWVNQY,LVPKNQSKPS,train,0.4090561270713806,0.2933618426322937,0.16219869256019592,9
8235,DVPRWLTGPK,YDPQGMRNHI,validation,0.2496429681777954,0.40260541439056396,0.5000253915786743,9
4658,STPIGYWGAL,HSPMWYHANR,train,0.9463520646095276,0.561815619468689,0.580355167388916,8
6610,GMPRWVTASG,GMARGMYVES,train,0.3492986559867859,0.936730682849884,0.651909351348877,7
10911,QKPRSMREVY,ERPVSMYNIG,train,0.7112311124801636,0.23366796970367432,0.08576768636703491,7
10490,DIPAWMWSTS,ALPAWLWNGQ,train,0.4661371111869812,0.6484102010726929,0.7585703730583191,6
1952,YAPVAYWNES,GSPRGQTSGY,train,0.7091627717018127,0.006011605262756348,0.2095719575881958,9
8666,SVPKGVLVNW,FRPGWLSVGK,validation,0.01846146583557129,0.4870692491531372,0.35794341564178467,8
5999,PVPRWYKGNG,FGVRGMHGMF,validation,0.19991552829742432,0.23926079273223877,0.05093425512313843,8
246,FPPRWLMGSW,TFWRNIRSNY,train,1.6369882822036743,0.9737741947174072,1.2997890710830688,9
10627,GRPRDLKDLI,PDPKFLFDGI,train,0.5718940496444702,0.17271536588668823,0.0047456324100494385,6
669,GAPRSMLDQG,GRPRQMHTAS,train,0.2803075313568115,0.01348567008972168,0.6218095421791077,6
6632,NAPAKFTASG,NSPMSYWGPG,train,0.3005446791648865,0.16512250900268555,0.19536274671554565,7
9734,VKPQSWRNQG,KTPRSYTFGY,validation,0.32820653915405273,0.06474959850311279,0.050160348415374756,8
9640,IAPGALYDLH,QKPRPLTASG,train,0.032298922538757324,0.8332804441452026,1.5316671133041382,8
4950,YRVRFMTASG,VWGRALTFVL,train,1.4285154342651367,1.0455517768859863,1.5286364555358887,8
1485,VWPRAVHGMY,KTPSGQFGPG,train,0.6735883355140686,0.3070608377456665,0.20650523900985718,8
8621,VRPRDLQTNS,GPPAYWRTGK,train,0.974198043346405,0.0042040348052978516,0.05138924717903137,8
7116,QIPVAWRDGH,WQPRSWTNEH,train,0.6171462535858154,0.6613641977310181,0.7927506566047668,7
5017,HFPIPFMSGV,WERAVPSPIC,validation,1.6391456127166748,1.028275728225708,0.3713560104370117,10
3874,SNVMWMRSPI,YPPRTSKDSQ,train,1.5269471406936646,0.6992942094802856,0.5697618722915649,10
1733,MFPRWIRTGD,IRPRSYIMQL,train,0.1279085874557495,0.3230346441268921,0.5383368730545044,8
6111,KRPRWLTASG,VFPRNIHDTK,validation,0.3186710476875305,0.10165560245513916,0.5855600237846375,8
6270,GPPRMLSTWK,RNVFSLRSEK,train,0.8701256513595581,0.5475220084190369,0.5515992641448975,8
3785,RCPKGMRDVK,HTPKGNTSPG,train,1.0808436870574951,0.4285506010055542,0.4678192734718323,7
4949,VYPRAFYTWQ,GLPLNFIDVK,train,0.03619372844696045,0.8425791263580322,0.31045520305633545,8
7036,TGPRAVTASG,KSPRGMIVKI,train,0.378045916557312,0.6827414035797119,0.6488314867019653,8
6675,EVPRSWMQPI,RLPVAIWQHG,train,0.9251279234886169,0.7858844995498657,0.5898162126541138,8
10303,YGPRAVMVKH,TSPRMLIYWG,train,0.9808135032653809,0.5451974272727966,0.06343400478363037,8
4719,FTPRQLSVTH,GPLNWMKNHT,train,1.3631550073623657,0.906702995300293,0.96761155128479,10
222,GEPRPFLGVI,SGPRAIHPTA,train,0.3370113968849182,0.17832112312316895,0.036064088344573975,8
3371,VQPAWLSTWF,ASPVNLYSPY,train,0.3956202268600464,0.004256188869476318,0.11087808012962341,8
5416,AEPRSMKDGR,LIPTSLWKEW,train,1.5262181758880615,1.0544140338897705,0.5670645833015442,8
4034,TRPRSWTGAS,SWPRGMWYAK,validation,0.05588126182556152,0.26141059398651123,0.4658575654029846,7
1355,FWPRNILDPY,DTPRFLKDHG,train,0.9199572801589966,0.15579497814178467,0.10774081945419312,7
7002,LTPLNWYDRL,ALPTASLNGH,train,1.883591651916504,1.0900601148605347,0.7218031287193298,9
7744,NLPRAVWSTA,GTVRAMLGWH,train,0.435360848903656,0.4997802972793579,0.014083147048950195,8
1138,VKPKWITVKA,MFPRWLASRS,validation,0.3481225371360779,0.0029154419898986816,0.19661039113998413,8
1266,QVPRAWTAPF,VGPAPFWGKF,validation,0.6577657461166382,0.12156999111175537,0.08830535411834717,8
6760,WAPRSLYGQL,FLPRMLSGPY,train,0.14000451564788818,0.25343066453933716,0.1454331874847412,6
7348,GQPRSMINGQ,IKPQNWRTPG,validation,0.26443207263946533,0.33203816413879395,0.10977363586425781,9
1175,ITPRGWTGPW,LDPRGYHGLW,train,0.4212777018547058,0.4100956916809082,0.35199660062789917,5
8931,TMPRELKDHG,VKAQHLYSTG,validation,0.7931133508682251,1.0654075145721436,1.1705321073532104,8
8536,NEPRPMLTHV,ADPGVSQDVG,train,2.9080770015716553,1.4175431728363037,1.1031816005706787,9
1516,VGVFPLYTAS,VFWSSQSGIR,train,1.8490124940872192,0.9685839414596558,0.5635150671005249,9
9593,MAVRAWTASG,QMPRNWMASY,train,0.07428395748138428,0.29395633935928345,0.30214250087738037,6
7432,MNPKQMRGHY,GCPWASTASG,train,0.7645620107650757,0.2236621379852295,0.013589859008789062,9
1927,HAPRWMRNAV,VAPRYWQAIS,train,0.11204755306243896,0.023396730422973633,0.07618463039398193,7
10874,VKPRELTDPG,SWASGMTASG,train,1.193641185760498,0.5324281454086304,0.3698731064796448,8
814,PDPRGMADQW,SHPRDVYDAQ,validation,0.588408350944519,0.45776617527008057,0.36522048711776733,7
5699,YAPLGWYNAF,WKPSSWYKTG,validation,1.396087408065796,1.0057201385498047,0.7036354541778564,7
8235,YKPRAYTNPF,DQPYGLKTIK,train,0.04662322998046875,0.6292198896408081,0.9033085107803345,9
4658,FIPTAWTASG,SNPFKYWATG,train,0.526745617389679,0.2801448106765747,0.4952767491340637,7
6610,MVPVNFMNWQ,TFWSGMYGSQ,validation,1.623598337173462,0.7164521217346191,0.5297960042953491,9
10911,GAPRSMLNGF,RIPRGMKTWW,train,0.2436695098876953,0.23579120635986328,0.062476515769958496,7
10490,VPPRYWTSGF,AFPRGSYNQI,train,0.8083258271217346,0.7520495057106018,0.5447573065757751,8
1952,WRPRSYLNIA,TIPSWSMSEK,train,0.6587777137756348,0.3731037378311157,0.006322354078292847,9
8666,MQPRGVTASG,TAPRGIKTAK,train,0.023300886154174805,0.6610594987869263,1.0001182556152344,7
5999,ISPRGMRDHA,AFPRGSTASG,train,0.47924476861953735,0.07774698734283447,0.01517629623413086,7
246,HAVKAMYGQK,YTVRWLMGQA,validation,0.1080251932144165,0.2908051609992981,0.7268884778022766,7
10627,RVPVPQMDWT,WEPLPVMHEA,train,0.22914302349090576,0.34441089630126953,0.7633251547813416,7
669,TAPRELWTGQ,GMPRQYTASG,train,0.7437518835067749,0.12275433540344238,0.03741133213043213,8
6632,VMPKQYTASG,RPPLAFYNWT,train,0.16431188583374023,0.4528799057006836,0.645249605178833,9
9734,GSPQSWRTGT,KRPSWLYVRI,train,0.15841585397720337,0.4990668296813965,0.4228224754333496,9
9640,TVPRQLTVTG,RPPLKLIDIQ,train,0.050389885902404785,0.5751147270202637,0.39074575901031494,8
4950,GLPRAVTASG,NFPRGMRYNF,train,0.20234417915344238,0.3605915307998657,0.3384826183319092,8
1485,FTPRSYLGNH,GTPRSYVGIA,train,0.3135727643966675,0.16682124137878418,0.28813982009887695,4
8621,WIPRYLVDVH,CNPANLWGPV,train,0.09888535737991333,0.5827472805976868,1.3703091144561768,8
7116,RYPVPFMDGT,WHPRSYINWG,train,0.2629115581512451,0.2266143560409546,0.11225885152816772,9
5017,ATPRSWTASG,SRPRTLVNTH,validation,0.9826725721359253,0.8963272571563721,0.24302655458450317,8
3874,RPPASWTASG,NIPTAFTAIN,train,0.268427312374115,0.16213130950927734,0.30319398641586304,7
1733,PRPRSWLNTW,TPPRSWTVRI,train,0.06599533557891846,0.15790784358978271,0.11383283138275146,6
6111,LRPRYMKDEW,IFPRWLSDIT,validation,0.6395372748374939,0.2784006595611572,0.08305305242538452,7
6270,YAPRGVLVGF,KVPKEMKGHG,train,0.015697240829467773,0.23742973804473877,0.3717672824859619,9
3785,SYPLGQWVEG,DHPRTLWTGH,train,0.5211526155471802,0.2397444248199463,0.1865195631980896,8
4949,MVPVNLSTGH,VLVRAHISLK,train,1.6681385040283203,0.5997337698936462,0.8007078170776367,10
7036,ESPRSMRTIT,KMPRHMLNQH,train,0.46699756383895874,0.47982603311538696,0.8066065907478333,7
6675,KAPRWFMSQH,WMPRYMWNIQ,validation,0.12590515613555908,0.7383412718772888,0.7496055364608765,8
10303,IPPRTLVVPL,MTIGEVPMEQ,train,2.172307252883911,1.807753324508667,1.2774324417114258,10
4719,SNPLAWRTAS,EAPRSLFSVK,train,0.4077337980270386,0.2850627303123474,0.507603645324707,9
222,KPVGWMYGMT,QSPVFLWGQY,train,0.6994984745979309,0.08726125955581665,0.2855779528617859,9
3371,VAPGHMIDIL,INPVWLSANT,validation,0.023413658142089844,0.037976741790771484,0.22286653518676758,9
5416,LWPKSLRTWQ,SHMRQLTASG,train,1.9134317636489868,0.8868987560272217,0.7459784150123596,9
4034,WKPRPIWAGF,PQPRNISGPI,train,0.11832332611083984,0.3422410488128662,0.5380364656448364,7
1355,MWPRFLMDVS,DWTRWLVAEG,train,1.0242502689361572,0.0456928014755249,0.14253956079483032,7
7002,VYPRNVYDGK,YSPMDYLDPS,train,0.3845725655555725,0.339479923248291,0.8071550130844116,8
7744,LPPRDVTASG,QKVRGMTASG,train,0.2524608373641968,0.49869465827941895,0.07915288209915161,5
1138,FVARPLWDRL,GPPLPQDVKR,train,0.9130474925041199,0.01545250415802002,0.3331424593925476,9
1266,TLPRPYWDPK,WRPRQWRTGF,train,0.37848013639450073,0.08455097675323486,0.21236371994018555,8
6760,PSPRWITSNG,SVPKPLSTNG,train,0.44892966747283936,0.4298969507217407,0.0036835074424743652,7
7348,YTPRAVQSTW,YKPKSMKYEW,train,0.5183350443840027,0.8582915663719177,0.7758712768554688,7
1175,FNPVGYRGNS,VYPSGFHGPY,train,0.6254631280899048,0.0006229877471923828,0.4205440282821655,7
8931,EPVLWMKSNF,VYALHWVSEA,train,0.7006681561470032,0.4099423289299011,0.38945692777633667,8
8536,LGPRSYMDGY,VRPAWIRDNV,train,0.6723662614822388,0.9801251888275146,1.163413643836975,8
1516,IGPADVRAGP,GYPRVVGTLH,validation,1.8828226327896118,1.2176127433776855,0.7360242009162903,8
9593,GNPSGWTASG,ACPAGVKAPY,validation,0.30511045455932617,0.19074833393096924,0.2278784215450287,7
7432,ASPTALWSNF,MAYQSLFGVH,validation,0.7494678497314453,0.23323136568069458,0.3876706063747406,9
1927,IAPRWLVAWI,VPVQGIHGTF,train,1.0215269327163696,0.22195422649383545,0.766324520111084,10
10874,WKPRSLYVGV,ERPLWIRYTY,train,0.20122134685516357,0.2051486372947693,0.6196050643920898,9
814,AYPRASYSGY,NTPRQVVTMT,train,0.256534218788147,0.21129393577575684,0.08891022205352783,8
5699,NQPFPLWNWQ,SHPVPLMYAF,train,0.8530871868133545,0.294545978307724,1.263022541999817,7
8235,DFPFGMRNPQ,RWPMAYRGVF,train,0.15982317924499512,0.5854626297950745,0.5666451454162598,8
4658,WFPLGQVSWV,RMPYAFANPA,train,0.2123168706893921,0.14410912990570068,0.5888215899467468,9
6610,MAPRFLRDWH,EVPICLVSHQ,train,0.6771273016929626,0.13663768768310547,0.3141414523124695,8
10911,TNPRNVIVGM,RAPKLYVNKY,train,0.9702104330062866,0.9427234530448914,0.3801429569721222,9
10490,HAPRSLYSPK,AKVPYAGTVG,validation,2.0657453536987305,0.8300878405570984,1.0256553888320923,10
1952,INPRQWRTAI,KVARPGYFPQ,train,0.9230751991271973,0.8658056259155273,0.22191160917282104,9
8666,GGPIKLQGPW,TGIPGVTASG,train,2.3143954277038574,1.0380841493606567,1.0742411613464355,9
5999,GFPRGMTATG,ELPRAVMGNR,train,0.12492609024047852,0.1008228063583374,0.37561655044555664,8
246,SVPRWLKVTR,TPWGNMKGSG,validation,1.6384837627410889,1.0210273265838623,0.8068565726280212,9
10627,MTPLGQIDGG,GYPWALTDTW,train,0.054329752922058105,1.1370539665222168,2.2599496841430664,8
669,HVPRQLSDNA,KAPIRLIVGW,train,0.11410689353942871,0.5060363411903381,1.1527490615844727,8
6632,MQPRAFGTSK,LWAYQFQAPW,validation,0.330257773399353,0.42974185943603516,1.236466407775879,9
9734,YVPKNQMQWG,FSVRHLYGNF,train,0.9309221506118774,0.3158533573150635,0.4518101215362549,10
9640,YGPRSLSAEK,KSPRILKSVL,train,1.030373454093933,0.47765612602233887,0.6578091382980347,7
4950,YTVRGMTSGK,SRPRNVMAVA,train,0.23653000593185425,0.233229398727417,0.13393166661262512,9
1485,LYPRSVFVPR,LVPRYWSGPG,train,0.8065987825393677,0.2075437307357788,0.031894028186798096,6
8621,ATPLGSWNLR,HTPKQLVSVL,validation,0.011175394058227539,0.19521284103393555,0.21081554889678955,8
7116,HAPRPFYDGV,TLPVAWYVAK,train,0.6733466982841492,0.9551182389259338,0.7524637579917908,8
5017,TGPSAVIDNT,YGPSLLWNPL,train,0.416087806224823,0.8982605934143066,0.6898265480995178,7
3874,HVPRQYKTEI,AVPSTLYPIT,train,0.8369802832603455,0.9874424934387207,0.6886159777641296,8
1733,RGPRSLSVMW,KPYGHLFNGS,train,1.5319843292236328,0.6899622082710266,0.5921626091003418,9
6111,PQVKWMAGPW,DNPRMLHGTF,validation,0.6919538974761963,0.426752507686615,0.1779816448688507,9
6270,GWPAGMKTHT,YAPRQIKYVG,train,0.19926655292510986,0.2620207667350769,0.00646132230758667,8
3785,WHPRSFHTVS,CIPFTMRWQY,train,0.8887262940406799,0.9872942566871643,1.4885209798812866,9
4949,YGPRAITDSG,IRPAWLIAEH,train,0.4237414598464966,0.5812480449676514,1.2029261589050293,9
7036,CAPRSMLNTR,CMPRSLRMGY,train,0.46003735065460205,1.1558692455291748,1.268159031867981,6
6675,ANPLGYRDAQ,LPAVGWKDAY,train,1.9498107433319092,0.3740791082382202,0.122730553150177,7
10303,DIPRTLYTPR,SQPRPFSYPT,train,0.8641853332519531,0.41935646533966064,0.2541402578353882,7
4719,TSPKSMRTAS,PDPRPLYIWI,train,0.2559159994125366,1.0423932075500488,1.3970496654510498,9
222,TFPRGFYSPL,TSPLGQISAW,validation,0.447390079498291,0.633804202079773,0.4101760983467102,6
3371,SGPFGMTDIT,EDPRGLIGTG,train,1.1032447814941406,0.2736833095550537,0.4173204302787781,8
5416,VAPRFLTASG,FYPLSLRSAY,train,0.05597043037414551,0.848187267780304,1.3407318592071533,8
4034,TGPRSYIGEK,TVPRAWKSRA,train,0.32877302169799805,0.5825468301773071,0.10523134469985962,7
1355,VQPRYLLDVT,CKPVYMKDAV,train,0.9291867017745972,0.23146605491638184,0.19032227993011475,7
7002,YQPRDVFSWR,TPLGQISDIK,train,0.5760631561279297,0.8165308237075806,0.0138130784034729,10
7744,VDPRSYRGWT,KNPRMLKGMW,validation,0.11277401447296143,0.6165485978126526,0.4147542119026184,7
1138,MQPHSMYNPY,HQAHSLQSWR,train,1.3734087944030762,0.951219916343689,1.1189241409301758,7
1266,QVPRSWTGNG,TPPRAVQGWQ,train,0.02461540699005127,0.1570678949356079,0.18259179592132568,7
6760,SWPRMLVTES,YSPRSLIGRQ,validation,0.20337098836898804,0.23477530479431152,0.940579354763031,7
7348,YGPRAVHDIY,TNPRSWTASG,train,0.23499679565429688,0.2346574068069458,0.07464355230331421,8
1175,VRPNWYMGPQ,GVPRSWTGTR,train,0.28040194511413574,0.049018144607543945,0.23510205745697021,8
8931,MYPRYMTDMT,YPVMHLFDNY,train,0.67876136302948,0.6366896629333496,0.5229087471961975,9
8536,YSPRQIVARF,NGPYMVQAIG,train,0.060517072677612305,0.3653988838195801,0.5662228465080261,8
1516,ANPAGWTASG,LAPRCIKGDY,train,0.37432563304901123,0.6695981025695801,0.48088306188583374,9
9593,YNPKAFKGMT,WRTRWLVGWG,train,1.350292682647705,0.596822202205658,0.5039244890213013,9
7432,RFPRAFVGNA,KVPSWYRGQK,train,0.43671154975891113,0.24106848239898682,0.5542750358581543,8
1927,PFPRSWRTWQ,LVPRSWTSKY,train,0.026365160942077637,0.0007882118225097656,0.06280112266540527,6
10874,VTPRNWTASG,ADVRALYGPA,train,0.5748950242996216,0.36589109897613525,0.35012760758399963,9
814,VNPRGVRDWL,YTVRGMSGRH,train,0.8245648145675659,0.44917893409729004,0.32025378942489624,8
5699,WMPSGWTVPG,YWPVPMYNPK,train,0.04008829593658447,0.5382933616638184,0.6393219828605652,8
8235,YWPVAWTASG,MSPLGYQNMG,train,0.044614315032958984,0.11161673069000244,0.20982128381729126,8
4658,MTPRSYIGQT,SIPRPYWMHY,train,1.035798192024231,0.740851640701294,1.405702829360962,7
6610,DQPVAYTGGY,WAVMGIFWVG,validation,1.3855626583099365,1.0999517440795898,0.27689051628112793,10
10911,KGPRSLYVPT,RGPVFMKGPR,train,0.6990558505058289,0.08565294742584229,0.2510436177253723,7
10490,FSPSGWTASG,AGPYPGQACV,train,0.4182882308959961,0.3255671262741089,0.04307839274406433,8
1952,WAPRAYKGTV,TRPQSYLSNK,train,0.21573257446289062,0.6523187160491943,0.1595144271850586,8
8666,ETPKGMVTPH,TPPRSLIVHI,train,0.31005430221557617,0.466292142868042,0.473163902759552,9
5999,YAPRSMQDAY,VNPRDIVANQ,train,0.10402274131774902,0.4111429452896118,0.5263734459877014,8
246,SGVRALWSTA,TKTYANWGLG,validation,1.3637094497680664,0.8287415504455566,0.9737176895141602,8
10627,QHPIPLWDTS,LSPRFVTLSA,train,1.7713853120803833,1.1786521673202515,0.6069677472114563,9
669,GAPRQLHTEG,RTPKRLVSAF,train,0.4465516209602356,0.5583749413490295,0.15232932567596436,8
6632,RIPYNFADQW,MKVLNWWYSW,train,1.5364071130752563,1.1597273349761963,1.152822494506836,8
9734,PTPRSLYTMA,DIPRNLISHL,train,0.03530001640319824,0.09122395515441895,0.17229735851287842,7
9640,VTPLGQISHA,VRPSKLWDHV,train,0.13226187229156494,0.3505896329879761,0.10682380199432373,7
4950,GRPVAFRTAS,TAPRELTVTA,train,0.25435924530029297,0.20615315437316895,0.0218735933303833,9
1485,MFPRGMHSPL,VPPEAVHAGY,train,0.3164621591567993,0.09626317024230957,0.10469138622283936,8
8621,WVPKNIMNHA,TSPVALEKPL,validation,0.9639143943786621,0.1574820876121521,0.43260136246681213,9
7116,WVPRAVSDSG,ASAYAWKGVQ,train,0.9976500272750854,1.1379694938659668,0.9730928540229797,9
5017,TPPPSYRTWQ,AGPSGSTVSG,train,1.5887609720230103,0.5989893674850464,0.43898504972457886,9
3874,LPPEAFRDGW,TIPFNMSDMG,train,0.6678768396377563,0.6750389337539673,1.6675176620483398,8
1733,MKPRNWIAGH,MSPRYWRTKF,train,0.9861364960670471,0.36869972944259644,0.08512037992477417,6
6111,TAPRWLVDIW,QMPRWMKSIR,train,0.05513656139373779,0.34216582775115967,0.7064011693000793,6
6270,KYPKGLSDLK,GWPKSLSTVF,train,0.22857701778411865,0.1590977907180786,0.14388814568519592,6
3785,PHPKSLWVLY,GMPRACKHWH,train,1.494317650794983,0.15344691276550293,0.123748779296875,9
4949,YNPRALHDEG,LQPRYWMNLG,validation,0.3450765013694763,0.23218899965286255,0.3165523409843445,7
7036,DKPRSMLQTL,MNPRGMHLMH,validation,0.21670985221862793,0.2685128450393677,0.6648960113525391,7
6675,MQVYGMWNPA,TQVWGIFNHR,train,1.5481096506118774,1.011930227279663,1.1536928415298462,6
10303,HPPRQVTASG,PRVPKSYYMV,train,0.28129780292510986,0.4077632427215576,0.0715707540512085,10
4719,NIPRPVMAIG,GPLNSWRSAQ,train,1.03110671043396,0.7121665477752686,0.23748941719532013,10
222,CAPRSMMQEK,SIPRYLAVML,train,1.0594183206558228,0.6817308664321899,0.5707236528396606,8
3371,QAPVAYWGHQ,NTPRGLWGMR,train,0.07008612155914307,0.8607813119888306,1.804611086845398,7
5416,GMPRAYMDIQ,MYPVPMKGPH,train,0.3978687524795532,0.1490718126296997,0.2478618621826172,9
4034,VAPKWIYGAH,MWPRFLWNGF,validation,0.9196255207061768,0.8745938539505005,0.10089822113513947,9
1355,SGPRYLMDGL,CVPRYLHDNY,train,1.1749839782714844,0.06353044509887695,0.08024591207504272,5
7002,FQPYPFQDKA,MEPRNVASGT,validation,0.5671132206916809,0.21021771430969238,0.22993671894073486,9
7744,SKPREITASG,FAWRAFANLY,validation,0.3659910559654236,0.9902414083480835,0.8150585889816284,9
1138,ANVRAIWASA,CKTMALMGPW,validation,0.33463019132614136,0.6451456546783447,0.28724467754364014,9
1266,KWPAGFWSTR,IMVRAHGWIV,train,1.1807079315185547,1.1954517364501953,0.4207858443260193,10
6760,MVPKWLWSEA,HLPRAITGKD,validation,0.07873344421386719,0.4673004746437073,0.48620712757110596,9
7348,MWPRSMKGRH,RQPRPVFNAH,train,1.2861374616622925,0.44521647691726685,0.18938909471035004,7
1175,IYPRMLWAQG,TYPGSMHQGW,validation,1.0279830694198608,0.4530012011528015,0.8679216504096985,8
8931,EYPAWMWSQV,IGVRYLTASG,train,0.3390812277793884,0.49702054262161255,0.18372505903244019,10
8536,FNPVWMHAMI,WQYPGVRAHI,train,1.9898393154144287,0.9326079487800598,0.797429621219635,8
1516,NYPRAFSAVF,GWPARFTSGV,train,0.798044741153717,0.17501282691955566,0.6275586485862732,8
9593,MVPVAYWNKI,NFPSGVTSHG,train,1.2617435455322266,0.08736467361450195,0.6513508558273315,9
7432,THPWAYWGIY,SQPTGLYNHG,validation,0.7584434747695923,0.15049564838409424,0.08601248264312744,9
1927,LGPKWMRTNH,TVPRAWLGVL,train,0.4603729248046875,0.16140210628509521,0.2064570188522339,9
10874,MSPRWLMVGQ,LERPKGPCNG,train,2.4869914054870605,1.1435319185256958,0.5962686538696289,10
814,LTPRSYIGNA,MVPSKIVAVA,train,0.09037542343139648,1.0753662586212158,1.0665944814682007,8
5699,IGPQSWRTAS,VYPWGIRQPY,train,0.23194372653961182,0.9410905838012695,1.5078750848770142,8
8235,DLPRAYMAPL,YFPRAITASG,train,0.428112268447876,0.6449519395828247,0.7285425662994385,6
4658,IAPRYWTGDT,NAPRYWLGNW,train,0.04911935329437256,0.044191837310791016,0.1871369481086731,4
6610,ATPRGWTASG,LAVRAYIGSA,train,0.16655218601226807,0.5658046007156372,0.4285886287689209,8
10911,KYPAGMKTIW,RGPKLIKYAR,train,1.9729686975479126,1.1961591243743896,1.4131325483322144,8
10490,TNPVAFWDNI,WDPRGSYGNK,train,1.158719778060913,0.6936864852905273,0.7773371934890747,8
1952,SYPRAYWDIT,WVPGAFGDAH,train,0.9548912048339844,0.3794823884963989,0.4048859477043152,7
8666,VGPRGLSDFD,FTQGRGPASF,train,2.505750894546509,1.8349992036819458,1.5028902292251587,10
5999,NYPRGMWSVW,AGPRSGFAQH,train,1.2330842018127441,0.14818429946899414,0.02717176079750061,8
246,VTPRYMTGPW,SAVRNLWDNF,train,0.8539430499076843,0.6141192317008972,0.016051650047302246,9
10627,WNPSYMRTPG,DPLSISYDQT,train,1.6683273315429688,0.9269210696220398,0.6037535071372986,9
669,VPPRTLIVGW,RPPLAFSDHG,train,0.3378983736038208,0.2311490774154663,0.3706777095794678,8
6632,HAPRSYWVQF,RQPVWMYSKG,train,0.43306511640548706,0.5861842632293701,0.31439632177352905,9
9734,YQPRSLTGNA,VSPAYLYGNW,validation,0.7349269986152649,0.09300637245178223,0.33662790060043335,6
9640,TWPKQLHVLS,LVPKLLSGMY,train,0.12116473913192749,0.15209436416625977,0.41514158248901367,7
4950,KVPRALWDRY,ATVRGLSAGW,train,0.764031708240509,0.009152650833129883,0.5056155323982239,8
1485,FIPRNVSAGF,GHPRAVKGHR,train,0.9489341974258423,0.2761998176574707,0.3549831509590149,7
8621,YKPVYMVGWI,KEPRSIHSRT,train,0.46376341581344604,0.3881705403327942,0.31062453985214233,9
7116,GYPRSFTASG,GPPEAIQMNW,train,0.6895312666893005,1.60551917552948,1.6007119417190552,8
5017,NRPAQWRTMF,RDPMSWTASG,train,0.2173580527305603,0.26250147819519043,0.1438143253326416,8
3874,GSPLPFWDSY,WAPALWTAGI,validation,0.712061882019043,0.6784196496009827,0.30836811661720276,9
1733,IVPRSWINIQ,KVPRSWINPF,train,0.22620362043380737,0.0634082555770874,0.07744824886322021,3
6111,TYPRDIMSGS,QSPRMLHTWI,train,0.9627161026000977,0.5062466859817505,0.28765952587127686,8
6270,SWPRELRSQS,RHPSRITASG,train,1.3766511678695679,0.6767572164535522,0.44112256169319153,9
3785,QEPRPYTAKS,YPLKIAGMLW,train,0.2099759578704834,0.9692525863647461,0.7023266553878784,10
4949,MAPSSYIDGT,LWVRAYHDES,train,0.5337077975273132,0.18353521823883057,0.37098991870880127,8
7036,QGPRSLLDTH,NKPRSMKNSW,train,0.20209896564483643,0.31394892930984497,0.34593069553375244,7
6675,WQPRNYIGTS,DMPRWIMANG,train,0.07810020446777344,0.11815428733825684,0.6830532550811768,8
10303,VWPRELWYNG,GEVFSYTASG,train,0.5501981973648071,0.10977190732955933,0.3250308930873871,9
4719,NAPRNVKTGS,WDPRSLFNIH,train,0.8051576614379883,0.8991841673851013,0.35693642497062683,8
222,GPVMWMTGSI,KFPMGMFGHK,train,0.14545583724975586,0.5370105504989624,0.8277266025543213,7
3371,YVPRGVQDNW,DTPRGNTASG,train,1.3318521976470947,0.7008304595947266,0.39808201789855957,7
5416,HVPRAVSVTG,VMPRFLHDII,train,0.04982590675354004,0.7772690057754517,0.3201870918273926,8
4034,GPVFGIWDMS,AMPRWIMGHY,validation,0.21935629844665527,0.30544888973236084,0.6711813807487488,9
1355,FLPRSIRDPI,ILVWNYRSLI,train,0.4700266122817993,0.31847983598709106,0.529565691947937,7
7002,YAPINFKDGA,LAPLNFWYFC,train,0.731351912021637,0.5142401456832886,0.9306124448776245,6
7744,TGPRAVSAPG,TAPRSMKGVR,validation,0.08509397506713867,0.6511443853378296,0.5628267526626587,7
1138,QYPRAFHNQF,AQPRSWHGMK,train,0.291498064994812,0.11260783672332764,0.31439444422721863,7
1266,KGPAFWRTAS,VPSGVQMSPA,train,1.4146322011947632,0.6849584579467773,0.4525374472141266,10
6760,INPRSWTASG,NTPRSWIGSY,validation,0.3390622138977051,0.09419405460357666,0.34855103492736816,5
7348,EIPRPFQGPW,QAPRYWRTGQ,validation,0.04259145259857178,0.04641759395599365,0.026765108108520508,8
1175,GEPRSMFAGW,LEPVPHSGWH,train,2.0994045734405518,0.7033144235610962,0.1437303125858307,8
8931,GMPRYMQVEG,LTPRYWIDIW,train,0.551250159740448,0.03737533092498779,0.0400007963180542,7
8536,VYPRFLRDVA,AEVPTGANIQ,train,1.6272026300430298,0.9793739318847656,0.9057838320732117,10
1516,VYPRQVRGSW,TGPVAVAGPA,train,0.9231066107749939,0.6087844371795654,0.13233880698680878,7
9593,PVPKWMRGPW,MNPIRFMAMH,train,0.7230817675590515,0.5565099716186523,0.11510854959487915,9
7432,QWPRAYWATY,WSPRNYKGGS,train,0.7347272038459778,0.34778332710266113,0.15622329711914062,7
1927,YPPRGMKTSG,TGPRYMWSMV,train,0.4300273656845093,0.5225671529769897,0.5640093088150024,7
10874,LRPRMLYPIR,DLAYGLRVEQ,train,0.23289573192596436,0.5464520454406738,0.9913514852523804,9
814,GHPKQIMAWY,HTVRSLYGER,train,0.761775016784668,0.1815585494041443,0.050039142370224,10
5699,IHPLSWRTGF,RSPYGLIYVK,train,0.434192419052124,0.5280828475952148,0.6221535205841064,9
8235,CWPVPYIARV,LSPVFLRQEV,train,1.1596484184265137,1.2229512929916382,0.9465820789337158,7
4658,WKPRSWTASG,LAPVHYQGWT,train,0.3150617480278015,0.021981477737426758,0.04332154989242554,9
6610,MVPRWVMNIG,HTVRGLFAEI,train,0.5351084470748901,0.4584006667137146,0.46033012866973877,9
10911,GRPRTLVVIY,QDISALVDQI,train,1.4352039098739624,0.8971986770629883,0.9597849249839783,8
10490,VIPRSWMGEY,KRGAPYTASG,train,2.1343202590942383,1.8154178857803345,1.7715704441070557,10
1952,RVPRAFWNTG,TEPRSWSYQA,validation,0.8547385334968567,1.3004374504089355,0.9728589653968811,8
8666,GYPRGMHTWK,TEFRMRSIPH,train,1.9978694915771484,1.519112229347229,0.7346213459968567,9
5999,VIPRGVKDGG,TAPVYWTASG,validation,0.10292041301727295,0.43979787826538086,0.37891268730163574,8
246,TNPRMLWGTA,VLPRWIWDHW,train,0.8126006126403809,0.0021805763244628906,0.06913220882415771,7
10627,TQPRKLTDLY,EHAWNFRNLQ,train,0.9231668710708618,1.0329867601394653,1.5136017799377441,9
669,IVPRAVHAKW,QPLKDMSTLY,train,0.8591126799583435,0.9548475742340088,0.11786961555480957,10
6632,RVPKQWVAPK,MDVRAHAGWY,train,2.290647029876709,1.68717360496521,0.8488545417785645,10
9734,LRPRSLFAQV,SCPNAMKGSV,train,0.9293093085289001,0.14397603273391724,0.3115534782409668,8
9640,IAPRTLVDKF,REPLTLHAHI,train,0.03860676288604736,0.820665180683136,1.402012586593628,7
4950,KGPRSLYDVW,QGPRPIYVHY,train,0.36645257472991943,0.08328354358673096,0.3478345274925232,6
1485,PTPRSYTGQG,FTPRSVIGVS,train,0.0045397281646728516,0.017860889434814453,0.057169318199157715,5
8621,ATPRSWRTGI,RAPKSLVRHA,train,0.5309452414512634,0.8755115866661072,0.8860089778900146,8
7116,MTPRWYWDGQ,AMPHHYTMGS,train,0.5863953232765198,1.52779221534729,2.1262571811676025,7
5017,TQPFPFWAHS,GAPAGSFQWY,validation,1.3233203887939453,1.068957805633545,0.2974911630153656,9
3874,FLPRSWTGPF,MTPLMTWQGI,train,1.2992687225341797,1.5222892761230469,1.2565319538116455,9
1733,HTPRSYINRG,ARPRSWQTQR,validation,0.33634036779403687,0.08241987228393555,0.2119680941104889,7
6111,GAPKGMQDTG,LGPRYMVDVR,train,0.07220613956451416,0.469012975692749,0.4448922872543335,7
6270,GMPRSFVDNV,YPARGLSDHY,train,1.1821562051773071,0.6170525550842285,0.3217122554779053,8
3785,ASPLAWTSPH,PNPIHMVAWH,train,0.09020274877548218,0.2570146918296814,0.9653531908988953,8
4949,FLPRAVISPA,QTPKWLQDNH,validation,0.9008696675300598,0.4575955867767334,0.6303007006645203,9
7036,HNPRSMLTWI,SQPRAIHQKG,train,0.9713402986526489,0.36682963371276855,0.5088095664978027,8
6675,LQPRFLSTMK,SRPRYRYMTG,train,1.9506239891052246,0.6227192282676697,0.1955726146697998,8
10303,RGPRSYWTAS,WDVRSWIYRF,train,2.234790563583374,1.678243637084961,0.7113003730773926,8
4719,TFPKGMHNTS,STPRYLVVHA,train,0.7210127711296082,0.6656774282455444,0.1906237006187439,9
222,IHPRGMYGWT,HLPLGFYGHA,train,0.41875362396240234,0.2161884307861328,0.3624591827392578,6
3371,KDPYGMYDPV,SMAKPLWDWY,validation,0.7786697745323181,0.5324711799621582,0.05786317586898804,9
5416,DRPVSMKGPR,VNPRFLYGKQ,train,0.6332072615623474,0.6331139802932739,0.13907024264335632,8
4034,SNPLGWRTGA,RVPRWLKGSA,train,0.6744375824928284,0.5561531782150269,0.3378969430923462,8
1355,MTPRMLIDEL,GIPVMLTDKQ,validation,0.42638707160949707,0.33110570907592773,0.25984394550323486,6
7002,YIPTAFMDLK,LRPSAYHDIL,train,0.09402346611022949,0.06270933151245117,0.3825165033340454,7
7744,CMPRSFYAQT,TQPRSYTASG,train,0.1290597915649414,0.3522254228591919,0.018910109996795654,6
1138,YKPRSMYDTQ,WAPRSLFAIW,train,0.02209615707397461,0.40804123878479004,0.12061011791229248,7
1266,AKPQGWWATL,WPARGSHSTA,train,1.7293035984039307,0.9330285787582397,0.19713932275772095,8
6760,SGPYGMQDTA,FGPYALISQA,train,0.1513577699661255,1.406895399093628,1.2972989082336426,6
7348,WTPRGWTASG,FHPRMLKTSV,validation,0.056494951248168945,1.2915676832199097,0.7845600843429565,7
1175,YTPRSYWAKT,CNPHGMWGES,train,0.2579803466796875,0.003773331642150879,0.4130280017852783,8
8931,GAVRALYTAS,IGMKMQYFDA,train,1.7500104904174805,1.4153087139129639,1.2411798238754272,9
8536,TLPRWYTASG,YEVRGMRGTG,train,0.10455280542373657,0.24113833904266357,0.43695706129074097,8
1516,TVPRAVTGES,SKPVAYTASG,train,0.03833591938018799,0.655411958694458,0.27831125259399414,7
9593,NTPRSWTATG,LQPRVYTGAG,train,0.187686026096344,0.15237414836883545,0.0022979378700256348,6
7432,WIPRPVMAEH,YTPRAWLNGA,train,0.5874370336532593,0.1325976848602295,0.13348788022994995,8
1927,TVPRWMIARW,NMVRGMHDIW,train,1.0097427368164062,0.01036381721496582,0.13392698764801025,7
10874,HSPRNYTASG,CSALGIHDIV,train,1.0549123287200928,0.13222485780715942,0.1387386918067932,9
814,YQPRNVLAIG,PRPRTLKGNL,train,0.19013607501983643,0.3669341802597046,0.20281898975372314,8
5699,WTPRGQLSQY,TNPLPWRNGY,train,0.07499372959136963,0.47800540924072266,0.4765879511833191,8
8235,QWPYGMHNFG,DWPRGLWYPK,train,0.2464742660522461,0.2820601463317871,0.30366992950439453,7
4658,IGPYHYRVAR,FSPRLYHGKT,train,1.7573491334915161,0.714392900466919,0.3969707489013672,8
6610,AVPRVLYDNW,TFTRWLQNAG,train,1.5564881563186646,1.1293814182281494,1.5317414999008179,8
10911,KAPRSMLNWG,KGPRSLIVNV,train,0.3185020685195923,0.49134671688079834,0.059990882873535156,6
10490,LNPRGYHGSR,LPVAWMWNPW,validation,0.2524837851524353,1.0297226905822754,1.1345198154449463,9
1952,YPPLPWRTWT,YHPWSWTSQA,validation,0.7439917325973511,0.26263749599456787,0.41064029932022095,7
8666,MGPVMLNGPQ,DSPRKLKVRS,validation,0.9782242774963379,0.23136752843856812,0.4732639789581299,8
5999,FVARAMWGWT,AGVRDVYATA,train,1.8144298791885376,0.3919338583946228,0.3799276053905487,9
246,PWPRWMYSVG,RNWRMLTASG,train,1.5885878801345825,1.4535855054855347,1.7359836101531982,8
10627,KFPRDLRDPY,CPVLNLDDPG,train,1.1625069379806519,0.5177292823791504,0.7582094669342041,7
669,GMPRKMTASG,GAPGRLTASG,train,0.7421318292617798,0.13381797075271606,0.46312499046325684,4
6632,VKPSGFHTVI,GNPYKWRVKV,train,1.2304728031158447,1.2285826206207275,0.7368220090866089,9
9734,YFPRSWTASG,DHPRFLIDYF,train,0.562084436416626,0.5164943933486938,0.3881163001060486,8
9640,VRPRTLYGSV,SKPNRLVGWV,train,0.6476483345031738,0.6907330751419067,0.2789904475212097,6
4950,QMPRTLFVAI,QKPRGLKAIR,train,0.038877129554748535,0.5406581163406372,2.296161651611328,6
1485,RQPRSYLNGS,ANPRAVTASG,train,0.043677330017089844,0.03451395034790039,0.1283705234527588,8
8621,TYPRGLSDKA,RWPFGLNEIQ,validation,0.48337018489837646,0.8717865943908691,0.8100641369819641,7
7116,MVPKNQMNQG,HFPRQVILPG,train,1.615828275680542,0.6123834252357483,0.8670283555984497,8
5017,PAPRVYMGDH,AIGYALISWA,train,0.7450518608093262,1.2414345741271973,0.6541709899902344,10
3874,FVPSAVQVPL,LEPAPCWPIV,validation,0.994316816329956,0.5544283390045166,0.008503884077072144,9
1733,NHPLGQIYPW,RIPRGVRNGF,train,0.4880560040473938,0.06702816486358643,0.48001837730407715,8
6111,MPPRNIYGEL,DNPRWIQMGL,train,1.1822409629821777,0.5539829134941101,0.9648463726043701,6
6270,IWPRELTASG,GAPTALTASG,train,0.26751863956451416,0.4114342927932739,0.9192479848861694,4
3785,MWPLAWTARF,GVPRAVAKQI,train,1.4554580450057983,0.6287145614624023,0.9281072616577148,8
4949,MYPRPYTAPG,VMGRALHDLT,train,1.5862810611724854,0.6126319169998169,0.21617811918258667,9
7036,SRPVGMKDVG,YSPRAMADIK,train,0.06987261772155762,0.41603171825408936,0.35259878635406494,7
6675,LWPRSYLGPY,SYPRAYTGNY,validation,0.09155082702636719,0.6062576770782471,0.2945694923400879,5
10303,MGPYAFYTPW,GQPLDFMTAS,validation,0.45007872581481934,0.4304630756378174,0.5760071277618408,7
4719,EIPRPVMDPW,MRPRYWTASG,validation,0.6788880228996277,0.1634589433670044,0.36894434690475464,8
222,FHPSAFYATW,QSIRGMLGWV,train,0.8452804684638977,0.3409491777420044,0.08520054817199707,10
3371,TYPVGMTASG,DTPYGMVDMQ,train,0.21994197368621826,0.36618340015411377,0.7610229253768921,7
5416,CTPVGLTSPK,GFPLNMYKGK,train,0.0003412961959838867,0.9778087139129639,1.4596060514450073,8
4034,AYPRNVMNNK,CSPVYLANPK,validation,1.5329011678695679,0.8405247330665588,0.1677788496017456,7
1355,GWPRQLYDSG,SFPRYLMDIY,train,0.5638054609298706,0.45256316661834717,0.2570650577545166,6
7002,DGPYSWMTVY,MDPRSWQTVL,train,0.46242183446884155,0.3845384120941162,0.678982138633728,5
7744,VRPRGWFAKG,SDPFKRKGKG,train,2.0841493606567383,1.9226512908935547,0.9578339457511902,7
1138,QFPRSMYVGV,SQPLGIHDTG,train,0.006146907806396484,0.1691652536392212,0.5496788024902344,9
1266,HQPRSWVARY,TGPAPQSDRT,train,0.4680558443069458,0.09223973751068115,0.14204439520835876,8
6760,VAPVAIASGA,SLPRPLYSNY,train,0.67624431848526,0.6114735007286072,0.48019474744796753,8
7348,FSARPMWDGQ,EKPRSWRAWK,validation,0.451438844203949,0.24309396743774414,0.22711282968521118,9
1175,QFPVAYTGAK,FYPGWMTGSQ,train,0.30783331394195557,0.1300286054611206,0.39130258560180664,7
8931,GKPLPWADPL,TMPRYWLGET,train,0.27426856756210327,0.046948909759521484,0.5547968149185181,8
8536,SNPLGVMDGT,SFPASYRGTG,train,0.6489708423614502,0.2443087100982666,1.2350802421569824,8
1516,TAPRTLVGLW,KAPAVAGGWG,train,2.604337215423584,1.589856743812561,0.7773581743240356,7
9593,VWPRWLYTAS,YLPVPGWKTV,train,1.2863922119140625,1.2515437602996826,1.3865748643875122,9
7432,QWPLSWRTAS,TQPAYLRSHG,train,0.5097852945327759,0.7546971440315247,0.7764220237731934,8
1927,FPPRNYIGEL,RPVRGWHGFT,train,1.7193032503128052,0.7538577914237976,0.2729458212852478,7
10874,MLPRNVKTES,SPVLNMIVGW,train,0.21632736921310425,0.6709520816802979,0.36855584383010864,9
814,FQPRKFTASG,MQPRQVLVPF,validation,0.212044358253479,0.033872365951538086,0.042561113834381104,7
5699,FGPLPQGSNW,PRPRPLLYSF,validation,0.3796561360359192,0.7766616344451904,1.6474206447601318,8
8235,LVPKWITGNY,WLPRAYRGKT,train,0.005956530570983887,0.08215069770812988,0.13684046268463135,8
4658,DYPVAYWAGR,LRPRSYISAH,train,0.1907738447189331,0.14201176166534424,0.42729127407073975,8
6610,PAWRAFTASG,AFGRHLMDGT,train,2.081239700317383,1.1130406856536865,0.2609802484512329,9
10911,EMPRSVMDNV,ANPREVTASG,validation,0.47252899408340454,0.01209878921508789,0.15112382173538208,7
10490,YGPRQFRDQS,TFPFGMKGER,train,0.0543818473815918,0.9215611219406128,1.472678303718567,9
1952,YTPKGMTGEY,MAPTAFQSER,validation,0.19579041004180908,0.09511339664459229,0.5912846326828003,8
8666,QLPRAVMTKA,KKPVSLVVRA,train,0.38913023471832275,0.8850934505462646,0.3075900077819824,8
5999,SKPVWMKVAS,PASAWMNDKY,validation,1.5586071014404297,1.0209219455718994,0.6052572727203369,8
246,NIPRWMKGTY,TWTKGLTSQF,validation,1.1297575235366821,0.7559581995010376,0.599639892578125,10
10627,RYPVALIDPY,GYALPSTASG,train,1.3812183141708374,0.37798643112182617,0.6394384503364563,9
669,WRPRELTDNF,RKPYKMRTEW,train,0.41090428829193115,0.5181549787521362,0.8589563369750977,9
6632,HSPLAWRSEH,RQPSHFWVNF,train,1.484489917755127,0.7476009130477905,0.3928155303001404,9
9734,GDPRSLIVNQ,PSTLHMYDWH,validation,1.7773303985595703,0.551087498664856,0.35004499554634094,10
9640,VYPRQVTASG,SVPSAIAYPW,train,1.1760104894638062,1.157184362411499,0.3530276119709015,9
4950,LGPRSLSTAS,RVPKRLVYRI,train,0.8518560528755188,0.4767000079154968,0.7001932263374329,8
1485,MRPRGVFGVY,NAPRSYTGIA,validation,0.07866477966308594,0.2150965929031372,0.34324872493743896,7
8621,FHPRSLWDTS,NFPGSLHNGH,train,1.59689199924469,0.9362566471099854,0.7441465258598328,7
7116,GFPLMWRDGS,HMVRAVYDTG,validation,0.9476878643035889,0.0747077465057373,0.022584229707717896,9
5017,VQPSDYFSAY,VAWQASVSAT,validation,1.4398027658462524,1.3386194705963135,0.7227115035057068,7
3874,QCPLSWTVPR,SLPTSLWGMY,train,0.9192832708358765,0.35701584815979004,0.6269887685775757,8
1733,MEPKGYVMHK,KYPAGMFYGQ,train,0.0764002799987793,0.3545253276824951,0.7942184805870056,8
6111,GAPKWITASG,FLPRWMLVRG,validation,0.23428869247436523,0.11902225017547607,0.03361105918884277,7
6270,GGPRVLRTTA,IHPKLLWDNY,validation,0.6526211500167847,0.45477062463760376,0.44745808839797974,8
3785,ESPLGIWDIL,WEPRNTHLSV,train,1.9528052806854248,1.1914842128753662,0.8704642057418823,9
4949,FQPRNYRYQG,TFIRWLWDSR,train,0.8475026488304138,0.37434375286102295,0.1399969905614853,9
7036,VAPRSLSVPK,FEPRMLANGI,train,0.40265607833862305,0.33266931772232056,0.37596428394317627,7
6675,TIPRGVWDQT,GNPRGVWDHY,train,0.7618647217750549,0.42931103706359863,0.02091062068939209,4
10303,TSPLQYLDWR,WSPRDFTNTW,validation,0.406032919883728,0.022487282752990723,0.0025458037853240967,8
4719,SPPVWLRSEG,SNPFKYWDPL,train,0.23975545167922974,0.18874120712280273,0.1948285698890686,8
222,PSPRWYTASG,CSPRQLYPSY,train,1.0515538454055786,0.770160436630249,0.03532668948173523,6
3371,FKPRSWRTTG,YSPVWMRVGV,train,0.21468937397003174,0.1934605836868286,0.16923892498016357,8
5416,PTPKGMRDKT,LGPASMKGEI,validation,0.5367324352264404,0.47185152769088745,0.6754553318023682,8
4034,WPPRAYLGWG,QGPHFLYAPV,train,0.4895634651184082,1.3688703775405884,0.754443883895874,9
1355,SDPYGMRDGW,TEPRFLVDSY,train,0.6532343626022339,0.4344627857208252,0.1383940577507019,8
7002,LYPLVYRDTY,YDTIPYWVEL,train,1.820419192314148,1.1011815071105957,1.540802240371704,9
7744,EHPRELKTSY,RSPRVFIGQG,train,1.2242974042892456,0.16173279285430908,0.03189671039581299,8
1138,VAPRSLWDHY,TKPKWMIDKW,train,0.01461172103881836,0.13872003555297852,0.5464377999305725,8
1266,QVPRQWKTGQ,AIPRYWSGTQ,train,0.6436651945114136,0.4230765104293823,0.27523496747016907,6
6760,TSPINLWTGT,SWPRPLSGEI,train,0.5814067721366882,0.24601435661315918,0.20429053902626038,8
7348,TRPKGMKTPS,HVPRPLAVTF,train,0.038492441177368164,1.1378079652786255,1.378104567527771,9
1175,QAPRYWMGPG,RQPRSHMANQ,train,0.4304344058036804,0.5351473093032837,0.05050504207611084,7
8931,LMVRYLYATG,IPEFPLWDGA,train,0.6304115056991577,0.026492536067962646,0.018940985202789307,9
8536,FTPRWMQNLG,TVARNIYARA,train,0.1794893741607666,0.7661918997764587,0.9400045871734619,9
1516,VIPRPVTASG,NVPRKLWSTF,validation,0.20473861694335938,0.35581541061401367,0.23682492971420288,8
9593,PKPRGWQASW,KPVRAWSTGY,train,0.8962396383285522,0.7250052094459534,0.38936498761177063,8
7432,GMPKSYIGHT,MDWQSLYNEG,validation,1.6885106563568115,1.3220971822738647,0.589228630065918,9
1927,VGPRFLMDPS,MDVRWWTGMK,train,1.8126928806304932,0.6926690936088562,1.3373043537139893,9
10874,RYPVAMYVGY,MFVRDLTNAQ,train,1.041534185409546,0.7070621252059937,0.9454038143157959,10
814,EGPSGQMSGT,GTPRGNKSDL,train,1.31771719455719,1.2624374628067017,0.24405881762504578,7
5699,MHPSAFLNPW,RWPASWTNGH,train,1.2808657884597778,0.6208879947662354,0.5838293433189392,8
8235,DKPLDWQARA,VRPSWLLYHA,train,1.074807047843933,0.3712882399559021,0.7088707685470581,8
4658,WGPESYWGTF,PNPSGFLSRQ,train,0.0034674406051635742,0.004182577133178711,0.14535033702850342,9
6610,TGPRWIVTAS,GFPAGMLGME,train,0.22616064548492432,0.550844669342041,0.5482944250106812,9
10911,TKPRGVKTAS,PRAVRSAWSL,validation,0.21693968772888184,0.42274951934814453,0.3074336647987366,10
10490,HLPRAWTGKA,TVRAWYTASG,train,1.0974280834197998,0.7551916837692261,0.41928109526634216,9
1952,GRPRSYIGWG,RVPVPFWQMY,train,0.14743924140930176,0.7802404761314392,1.3081462383270264,9
8666,VLPRGVTASG,VEWGALHPKF,train,2.4249024391174316,2.0358994007110596,0.8637201189994812,9
5999,VPYVMRAVPK,TIVRAVTASG,train,1.2874268293380737,0.5739713907241821,0.9298956394195557,10
246,FQWRAYFAMQ,VKWMSLVNWY,train,1.492709755897522,1.08918297290802,1.0963034629821777,9
10627,MSPVWLRDVS,EKVWGLYDHG,train,0.38689321279525757,0.6285328269004822,0.7761391997337341,8
669,MLPKQMRTPK,WPPSKLTASG,train,0.5773359537124634,0.5320171117782593,0.7044210433959961,9
6632,RQPVPYWGPF,KNAQPSPGSW,train,1.7586510181427002,1.738487720489502,1.1518923044204712,8
9734,TAPRSLSTPN,YPASGLYTWR,train,0.5728759765625,0.5602074265480042,1.7936069965362549,8
9640,HVPLSWSDSR,DRPRTLSDNT,train,0.468635618686676,0.12515676021575928,0.04398345947265625,7
4950,GPIRGLTASG,GPTGPIPNIP,train,1.4562416076660156,0.8125624060630798,0.272719144821167,8
1485,YMPRTLFGRK,SVTRPLYQRF,train,1.1577352285385132,0.4593721628189087,0.08625800907611847,7
8621,DVPKQLWMTY,YDIYPLWKAT,train,1.290964126586914,0.7704271078109741,0.9115466475486755,8
7116,VRPRPFHGEQ,PRPVHYTDTF,train,0.43444526195526123,0.45268309116363525,0.8741509914398193,8
5017,YNPRTMVVPW,YRPASWTASG,train,0.12588036060333252,0.22656869888305664,0.6629259586334229,8
3874,ATPLGQIYVQ,IHPASQTNPG,train,1.3668657541275024,0.5291505455970764,0.10168075561523438,8
1733,PVPRSWTGTF,FLARAYRGFQ,validation,0.10017704963684082,0.5145643949508667,0.44569599628448486,8
6111,RGPKWMHDIV,IFPGQMKDNK,validation,0.21773439645767212,0.2606693506240845,0.3060336112976074,7
6270,RPPRSLKDQW,MVPSVQWASG,train,0.8207613229751587,0.3579730987548828,0.30242836475372314,9
3785,GVPRKLYTAS,TRPRDLDAEY,train,0.7319615483283997,0.28037917613983154,0.2741294503211975,7
4949,SKPRPLVDPL,PQVRYLWVSV,train,0.6582983732223511,0.4968295693397522,0.38112393021583557,8
7036,LTPRGMYWTY,SYPRNLKNHG,train,0.9821223020553589,0.7199259996414185,0.28752079606056213,8
6675,NVPSWLYTNG,VWPRFIYNPL,train,0.8416017889976501,0.4328746795654297,0.15122970938682556,8
10303,LSPRAWTASG,YQPRPLADHY,train,0.4398348927497864,0.6280560493469238,0.12320506572723389,8
4719,YGPVHMWGPS,HRPRSWYSTI,train,0.29704344272613525,0.2354363203048706,0.0256919264793396,9
222,FGPRYMKGQF,FAPRFIHNGV,train,0.386410653591156,0.4587257504463196,0.025731921195983887,7
3371,VPPRWLYGWS,TSPRPLIDVQ,train,0.46051663160324097,0.6103328466415405,0.19843655824661255,7
5416,VYPRAFKGMK,HNPRSLISTR,validation,0.6021332740783691,0.7610745429992676,0.5649152994155884,8
4034,GKPVPWTASG,PNCPGGPVSK,train,1.8264362812042236,1.1034939289093018,0.8431016802787781,9
1355,FMPRYLRSEG,LAWAHIIGWG,validation,2.1188321113586426,0.6676580309867859,0.6394608020782471,9
7002,PTPRSYTDSG,MDYFNLMDMH,train,1.2384917736053467,0.8310513496398926,0.037532687187194824,9
7744,PGPRSYTNSF,TYPRGMKGPK,train,0.31313347816467285,0.14850616455078125,0.3524506092071533,8
1138,NKPLPWRTNA,WRPRNLKGPS,validation,0.4083583354949951,0.4063500165939331,0.3616211414337158,9
1266,NPPRSWTASG,SLNPHYWNIQ,train,2.298462152481079,1.9514448642730713,1.150618076324463,10
6760,FYPKGMYGHT,AVPRAITGHG,train,0.1182636022567749,0.6487157344818115,0.582374095916748,7
7348,QNPRSWRTNG,GEWRALISNY,train,0.7710438370704651,0.6343762278556824,0.648078978061676,8
1175,GWPRSMQGPH,IPAWGQRSHF,validation,1.0052318572998047,0.6205655932426453,0.060802608728408813,10
8931,WMPRWLYSER,LVWMGIYNGW,validation,1.1952773332595825,0.6969234347343445,0.8922563195228577,9
8536,FKPAYIQDQG,VMVRFMWGAK,train,0.5467184782028198,0.09997165203094482,0.6990850567817688,10
1516,ETPRGMHGEA,HSVFGPIAPT,validation,1.331851601600647,1.0899417400360107,0.1543748676776886,9
9593,HPVRAYTGVS,LFARWMTNPY,train,0.2110118865966797,0.33963334560394287,0.380132257938385,8
7432,LKPASWRDNY,NRPSAWTASG,validation,0.06154656410217285,0.1750342845916748,1.1806282997131348,8
1927,TCPRGMTASG,QGPRSLSGNF,train,0.5109391212463379,0.6881574392318726,0.5574960708618164,8
10874,AVPKWLIVAV,VMVRNLWAGT,train,0.09566903114318848,0.6366968154907227,0.5738341808319092,9
814,SPVKWMVSGA,QYGRALMGEV,train,0.9332770109176636,0.7146369218826294,0.621073305606842,10
5699,LHPEGFTGPR,YMPRNYTMPW,train,0.025117158889770508,0.9461811780929565,0.1979215145111084,7
8235,VAPRNLWGPF,DGPYPLWSPW,validation,0.07265222072601318,0.24713999032974243,0.07262933254241943,6
4658,VRPRSWYAQG,YLPRAFWSTH,validation,0.004712820053100586,0.2946944236755371,0.2872823476791382,8
6610,GIPRMLYDNL,HTPRGNRGGF,train,1.1833969354629517,0.02625185251235962,0.47100555896759033,8
10911,SAPRTLVVGL,ARPADMKGTS,train,0.19094455242156982,0.31342220306396484,0.4153984785079956,9
10490,KPPRGIRDWI,SDPYGMRGSL,train,0.35747432708740234,0.15497124195098877,0.6560523509979248,7
1952,KYPRAYWGPS,GKPVAYFGVQ,train,0.23935949802398682,0.12437784671783447,0.2618938684463501,6
8666,SYPKGMNTHT,TLPKLLFDNF,train,0.7060679793357849,0.9039120674133301,0.683582067489624,8
5999,KRPRGVMAGH,VLRGSRSVPS,train,1.7085437774658203,1.4089372158050537,0.696395754814148,10
246,SGPRWLMAEQ,TKPRWLRGTK,train,0.6652688384056091,0.2687717080116272,0.4030265808105469,6
10627,HIVRAYTGPL,CWPKFLKDER,train,0.9263827204704285,0.7314355373382568,0.4586085081100464,10
669,NQPVALHSTW,HQIFLHNAHL,train,2.5400843620300293,1.1723458766937256,0.8014314770698547,9
6632,TWPREVMAER,LGPRYWAGGT,train,1.1599682569503784,0.4242868423461914,0.2087917923927307,8
9734,FMPRAYHSTK,TYPRGLSAHA,train,0.5718625783920288,0.07517242431640625,0.46730268001556396,8
9640,NWPRELKAVG,DKPSKLYAGF,train,0.12504971027374268,0.11064380407333374,0.2234283685684204,7
4950,ASPVGLRDEY,MWPRNLWVPW,validation,0.4291142225265503,0.6282937526702881,0.26179397106170654,8
1485,KRPRAVYGSW,VPPQGVKGHL,validation,0.2794569134712219,0.31208336353302,0.8807514309883118,7
8621,YVPRQVRTIQ,NEPYKLRGKF,validation,0.23370838165283203,1.0337332487106323,0.6338906288146973,8
7116,PIPVPMWTNR,MKPFSYQTNR,train,0.4825481176376343,0.2552035450935364,0.25221359729766846,6
5017,RIPRPWVAVS,CPPFSMRNRI,train,0.1261594295501709,0.4541066884994507,0.39561039209365845,9
3874,GYPLSWRTAS,GRPYPFIDMR,validation,0.1514214277267456,0.02000749111175537,0.0965416431427002,8
1733,QPARAIWKPI,ISPSGWIMPT,train,0.710604190826416,0.19164341688156128,0.10756438970565796,9
6111,FDPKWMKSMW,SIPRFLIMEW,train,1.1306394338607788,0.9646216034889221,0.2174597978591919,8
6270,QAPKQLTDKY,GMPHSFTASG,train,0.16046619415283203,0.08255422115325928,0.46315765380859375,8
3785,GIPSWVRVRS,VCPLSWTVNF,train,0.36458688974380493,0.17187058925628662,0.02956479787826538,8
4949,IAPVAWYDGF,KWPSGWTASG,train,0.31773698329925537,0.3724229335784912,0.8171985745429993,8
7036,STPIGMRYGW,DTARGMKGEF,validation,1.076873540878296,0.3759555220603943,0.34080302715301514,7
6675,NTPRSWTDNA,VSPIHIWDWY,train,0.9674191474914551,0.6737741827964783,1.0074260234832764,8
10303,LIPTAWVGPG,FTPRSWTNQW,validation,0.4297662377357483,0.530400276184082,0.14425724744796753,8
4719,MGVKGMYSGK,VKPHGWTVKF,train,0.4963775873184204,0.4045494794845581,0.2224128544330597,9
222,VRPRGVYQPL,ILPQYWRGSW,train,1.0163975954055786,0.576727032661438,0.30609217286109924,9
3371,LVPVPWTASG,DYPRDIRTLS,train,0.23973464965820312,0.06862163543701172,0.18703830242156982,9
5416,WSPTGLLDGR,SKPKFLMSIT,train,0.3955867290496826,0.6895474791526794,0.1501193642616272,8
4034,IAVRGMWGTP,ADPWGVMGPQ,validation,0.17225897312164307,0.3439946174621582,0.4347214102745056,8
1355,NMPRMLLDSF,VAWLHLFDTV,train,1.6284582614898682,0.44108766317367554,0.5295815467834473,8
7002,TIPRAFAGGE,ICAYFPMEGK,train,1.7207603454589844,1.4571634531021118,0.7956994771957397,9
7744,YAPRVLTASG,SPTRWLYSNQ,train,1.1127402782440186,0.5053846836090088,0.28001752495765686,8
1138,NYPRAWITAS,WRPRPLTDNR,validation,0.17589235305786133,0.828574538230896,1.0654157400131226,8
1266,NGPWGQWTWK,LFWEPYRGAH,validation,2.0741937160491943,1.5131763219833374,0.9968202710151672,10
6760,WSPRALTGTG,YKPVHLTSRQ,train,0.09608113765716553,0.24936926364898682,0.09091663360595703,7
7348,GVPRAVKSHF,PMVKWMSVRH,train,0.369773805141449,0.7953798770904541,0.32347363233566284,10
1175,PWPRELYGPF,DAPYFLQGPY,train,0.25166428089141846,0.5967723727226257,0.1317063570022583,6
8931,LQPQSWRTWT,PDMRHLSAHL,train,2.1267285346984863,1.43990159034729,1.6720579862594604,10
8536,FVPRAVLDAQ,LTPRYWLDIT,train,1.1415822505950928,0.6541050672531128,0.37823089957237244,6
1516,MVPSGQSTAS,DVPRVYRGTA,train,0.6267626285552979,0.30344855785369873,0.03423357009887695,8
9593,PAPRYWTSTS,VDPSGFHGWL,train,0.8869454264640808,0.07297956943511963,0.19257989525794983,9
7432,VAPEFLYDMT,YHPRQVMNEH,train,1.3479095697402954,0.1247064471244812,0.3179970979690552,9
1927,TAPKWIVAEW,FDPRSLTNEF,train,1.067978858947754,0.6398611068725586,0.308221697807312,8
10874,VTPIPLWGQK,ENPRNLTASG,validation,0.4285343885421753,0.4798063039779663,1.0384256839752197,8
814,KGPRTLKDGF,HGPRGDVNLF,train,1.4300014972686768,0.8028656244277954,0.42238476872444153,6
5699,HDPYGMRTNH,MVPSWLYKPL,train,0.06554722785949707,0.1923128366470337,0.06562256813049316,9
8235,FEPYAWQAPV,VLPEPQGYPW,train,1.4638917446136475,0.49124616384506226,0.43564316630363464,8
4658,LRPHPYWDAY,FLPRAYWGWG,train,0.08602190017700195,0.06974399089813232,0.06691789627075195,7
6610,LTPRWLYSMY,LWYKGYIYGH,validation,1.8558242321014404,0.8594726920127869,0.6346544027328491,9
10911,YVPRSMLNLY,NRVLAMFNGR,train,0.4036242961883545,0.46503305435180664,0.12005358934402466,8
10490,NPPRPVMGHW,DNPRQSLDRV,train,1.3938329219818115,1.0713273286819458,0.43894585967063904,8
1952,KMPRYFTASG,NHPVSYRGWG,train,0.39493101835250854,0.12973356246948242,0.019213438034057617,8
8666,HDPRGMHGAT,IPLAVTSVHL,validation,0.7995398044586182,1.2624484300613403,0.7967411875724792,10
5999,IFPRDVRANL,QDPRGMYPGV,train,0.5036777853965759,0.27208685874938965,0.5058107972145081,8
246,NWPRWMFGNQ,GLPRYLWSIA,train,0.3616265654563904,0.530052900314331,0.18613439798355103,8
10627,QDPLAVRDNG,SKVLPMIGHV,train,0.5307984948158264,0.4245786666870117,0.17287248373031616,9
669,NRVLAMHGWH,FHAYNAVVNG,train,0.4715191125869751,0.6038420796394348,0.6670591831207275,10
6632,MRPRGVHATH,QKPRNFSGMY,train,0.4538270831108093,0.49761033058166504,0.04459744691848755,8
9734,QDPKGMTVLW,MSPRNYIARW,train,0.06187558174133301,0.17051470279693604,0.012046217918395996,8
9640,FQVKGLTASG,CRPKRLVYIV,train,1.245303750038147,0.3416045904159546,0.39058685302734375,8
4950,YRPRTLTVEQ,HQVRGLISEK,train,0.5549026131629944,0.2610330581665039,0.5819655060768127,7
1485,LRPRSLFGPF,GSPRMLFYIG,train,0.9884577989578247,0.7232846021652222,0.3290604054927826,6
8621,HYPKQLTGMH,DHPRSLINGI,train,0.5785297155380249,0.3081197142601013,0.10090988874435425,8
7116,RIPVNYWDPR,ISPLPFYDKW,train,0.06987440586090088,0.22716104984283447,0.6534274816513062,8
5017,TKPRSQTVPK,PEPRSWTNKF,train,0.2539908289909363,0.33004212379455566,0.25239041447639465,6
3874,NHPSAFVDAQ,FHPSRFAQNG,train,1.760087490081787,1.4091296195983887,0.9074311852455139,6
1733,EFPRAFRNNG,SAPRYWRTAR,train,0.581680417060852,0.1958773136138916,0.3041691780090332,7
6111,RVPKWMQDLY,DTVRHMTGHG,train,1.3504462242126465,0.6017099618911743,0.43958449363708496,9
6270,YKWVALYAPK,KPTLRLTDKW,validation,1.7075647115707397,1.3600704669952393,1.8871915340423584,9
3785,ANPRGQTASG,ETPRQVTVGW,train,0.48572278022766113,0.5033044815063477,0.20905286073684692,7
4949,EVARAMYSPF,VSPRWLKDIF,train,0.6977511644363403,0.18591129779815674,0.0637478232383728,8
7036,MKPRSLYEGH,NLPVAIRQTR,validation,0.21182262897491455,0.9424328804016113,1.6442296504974365,9
6675,RAPRNYWGPW,KSPRLYIDNR,train,0.7008200883865356,0.5582784414291382,0.010194361209869385,7
10303,LYPRGFRSWW,RHPYDLWVGQ,train,0.18572187423706055,0.9807584285736084,0.5458003282546997,9
4719,DSPLGWQDSA,IAPRYWAVPI,validation,0.00893259048461914,0.3492504358291626,0.33209341764450073,8
222,QFPRAFKSVS,VGPAFLKGHR,train,0.5766154527664185,0.9663921594619751,0.600722074508667,8
3371,AWPRFLVDIQ,DIPVHMLNNW,validation,1.0155869722366333,0.5733129382133484,1.0013840198516846,9
5416,QMPRMLYDGI,PFPINLRTLI,train,0.03994429111480713,0.37872934341430664,0.30416738986968994,7
4034,TPVRAWTASG,YPPRSWTQMA,train,0.1152268648147583,0.5222473740577698,0.027717173099517822,6
1355,HYPRAYIDNG,WEPRQLVDVS,train,0.1865779161453247,0.2959272861480713,0.34662216901779175,7
7002,AWPIPFWDPF,VNARPLMDTF,train,0.3156477212905884,0.7894449830055237,0.5207634568214417,7
7744,GWPRSFTSPV,YSTVFQSGHI,train,2.172708034515381,1.4647059440612793,0.7308419346809387,10
1138,WVPRAIWTGY,FQPRAIKVMW,train,0.15798628330230713,0.6578280925750732,0.6093428134918213,6
1266,LAPRQAYGTF,RNPMPIPGAH,train,0.8651471138000488,1.4207732677459717,1.1736140251159668,8
6760,ETPRAMKGPH,IFPLGIKDIL,train,0.11458563804626465,0.4233517050743103,0.5737084150314331,8
7348,MYPRGMWTES,AHPLGFMSTY,train,0.23427724838256836,1.016200065612793,1.163740873336792,8
1175,IPPVWQWSNG,EWPYGWQGSH,train,0.7028079628944397,0.24120795726776123,0.12816837430000305,9
8931,VTPVWMWDKG,MDPKWIIVAK,train,0.1171257495880127,0.6215710639953613,0.4145488142967224,8
8536,WSPRQVMTAS,LQPAWAMKTG,validation,0.8917374610900879,1.2271733283996582,1.1172902584075928,8
1516,REPRPVMGPF,SNPFKYRGMI,train,0.40359121561050415,0.6457837820053101,0.4547801613807678,8
9593,FKPAGWTASG,NGPYNMKGGF,train,0.11170220375061035,1.0985395908355713,1.424906611442566,9
7432,LTPVPFQAGR,TRPSWYIGWV,train,0.7859076261520386,0.21117186546325684,0.1116134524345398,9
1927,MVPRWMLGPF,FYPRGMKGQL,train,0.0006508827209472656,0.4205777645111084,0.6669766902923584,6
10874,QPVRAIYDMA,IGVRALYDSG,train,0.4047546982765198,0.2005096673965454,0.26812392473220825,5
814,FWPRNVVATK,QSPVQLFAPI,train,0.4013040065765381,0.02321338653564453,0.23780608177185059,8
5699,YRPQSWRNAG,GRPWSWKTVW,train,0.38074976205825806,0.04922163486480713,0.09521937370300293,6
8235,DVPRNLWTNI,DGPLGITYLQ,train,0.027918338775634766,0.2815542221069336,0.021242260932922363,8
4658,SWPLAWTASG,EQPRNFANMA,train,0.8685786724090576,0.13152611255645752,0.007525652647018433,9
6610,PGPRWLINAW,FAPRFIKNMT,train,0.14548718929290771,0.39036715030670166,0.3870060443878174,7
10911,DIPRSMYNPW,TSPVGLTGEK,train,0.5556658506393433,0.18073678016662598,0.09435486793518066,9
10490,GTPVGWTASG,TVPRGWHSWI,validation,0.17738795280456543,0.3516519069671631,0.5105341672897339,7
1952,MGPWGQYDIG,GQPQSWRTAS,train,0.127915620803833,0.4124032258987427,0.8107460737228394,9
8666,WVPRGMSTKY,KAPVALITGF,train,0.01827073097229004,0.8947691917419434,0.7667365074157715,8
5999,WGPRGMWTAH,EGPWGMTASG,train,0.008979320526123047,1.4837499856948853,1.4069302082061768,6
246,GQPRWMKGMW,DQPRWIKGNF,train,0.3121534585952759,0.2264798879623413,0.3081490397453308,4
10627,HVPTGLTDHG,WPPVSLQDTY,validation,0.09950560331344604,0.28093135356903076,0.004987001419067383,7
669,KAPRTLVTNV,KIPLKYRDER,train,0.3953896760940552,0.48254168033599854,0.4956296682357788,8
6632,GAPRPYWAVW,LQPRSLWAIH,train,0.02111685276031494,0.6438359022140503,0.15085220336914062,6
9734,SGPKGMYVTA,GAPRSLWAPF,train,0.5574625730514526,0.7893349528312683,0.5186636447906494,9
9640,WRPRTLYSTV,RHPLSTLGRY,train,0.7486554384231567,0.5487721562385559,0.5505580902099609,9
4950,APVRALYDPK,KPVSGLYSEW,train,0.5071367621421814,0.24588942527770996,0.36873194575309753,6
1485,SWPRAYSGMD,ARPAYWTGTQ,train,0.5529760122299194,0.4084516763687134,0.2661166191101074,8
8621,CAPKWMIMTK,YTPRSWIQIG,train,0.4503554105758667,0.10968542098999023,0.11030790209770203,8
7116,LMPRSFQDWP,GHPAYWTASG,train,1.0975078344345093,0.6334197521209717,1.1277809143066406,9
5017,PTPRSYLDHR,AVPSAYWNIT,train,0.01896071434020996,0.6480953693389893,1.0298914909362793,8
3874,SKPVPMWDGA,RWPAPFLDMY,validation,0.4560701847076416,0.47490251064300537,0.33979785442352295,7
1733,TMPRAFWASG,EYPRGMQNHV,train,1.0967187881469727,0.30198609828948975,0.43654024600982666,8
6111,TYPRSLYDMQ,AFPRWLIATW,validation,0.3353281617164612,0.15183937549591064,0.23668265342712402,7
6270,IFPRELRDVW,KGPSGLYTEW,train,0.2425919771194458,0.3037210702896118,0.555233359336853,7
3785,GYPKSMWSKF,TGPLASAVNY,validation,0.47600531578063965,0.049794554710388184,0.30804598331451416,9
4949,IHPRAYQDQL,YDSLPLWTPL,train,0.8583420515060425,0.5844417810440063,0.33712393045425415,9
7036,DSPRAMTQNW,RWPRWLMVQK,train,0.5390928387641907,0.016326308250427246,0.19515183568000793,8
6675,IWPIGWTASG,TDPRWYTGTF,validation,0.8934311270713806,0.4657706022262573,0.22769379615783691,8
10303,HIPRSWTASG,AWPRYIVDPI,train,0.5165702104568481,0.5092885494232178,0.1354600191116333,8
4719,VAPIGMKNHW,NTPRELKDGF,train,0.16635096073150635,0.25515055656433105,0.04666733741760254,8
222,VAPRSFWGQL,DGPKQMRGTG,train,0.024181723594665527,0.18138742446899414,0.5595604181289673,8
3371,GEPRNVMTAS,FLPRWLWGWI,validation,0.7350070476531982,0.47399723529815674,0.4241838753223419,8
5416,TRPIPLYTKV,EPVLGIYTLS,train,0.8938677310943604,0.25380051136016846,0.7704628705978394,8
4034,LRPRSYLNKG,VIPRPVMSHW,train,0.032758235931396484,0.1602383852005005,0.20229977369308472,8
1355,ITPRNILDVG,TVLGNLYSEH,train,1.3327800035476685,0.8711972832679749,0.7325213551521301,9
7002,RFPRAVLDPY,PNPVAYADLT,train,0.20098668336868286,0.6627874374389648,0.3250080347061157,7
7744,LYPRAVKSPL,KSPRPVLGSY,train,1.094066858291626,0.3671913146972656,0.2875397503376007,7
1138,REPRGMTDTH,VTPLNWRTHA,train,0.03495502471923828,0.4631369113922119,0.15580499172210693,9
1266,QEPRSWRGAV,KHPRQVKGQV,train,1.1156704425811768,0.9015271067619324,0.5961629152297974,6
6760,FCVKGLMSPL,KVARNLYSWA,train,0.5786471962928772,0.8117220997810364,0.7240859270095825,8
7348,HVPRGVYDPS,KPPRSWTASG,train,0.19602704048156738,0.4796288013458252,0.6536962985992432,8
1175,ISPRGFSGPW,GYPRASYPWK,train,0.7870463132858276,0.7199348211288452,0.13966742157936096,8
8931,FGPRPLADPK,FSARYLMAEL,train,0.8760844469070435,0.5275247097015381,0.35834452509880066,7
8536,INPRQMISVG,RQPRSVRALG,train,0.5259521007537842,0.14527833461761475,0.18416517972946167,7
1516,TYPREVRATR,KVVLPSTGIT,validation,2.1331968307495117,1.4923430681228638,0.9562436938285828,10
9593,IVPRAFHSWQ,PHWRAFANIL,train,1.8935902118682861,1.827763319015503,1.1819617748260498,7
7432,LGPNAFLASY,ARPEYLWSEQ,train,0.7295325994491577,0.6071408987045288,0.39955079555511475,9
1927,FKPRSLYVIH,QSWVAIHGEI,validation,1.753586769104004,0.8173800706863403,0.5271875858306885,10
10874,VIPKWMSDIA,GMVRALIDGI,train,0.03346753120422363,0.6118433475494385,0.4787958264350891,9
814,LNPRAVTASG,DRPRSMYTIK,train,0.45338666439056396,0.5354255437850952,0.16957730054855347,8
5699,GHPLSWRTMK,SVPVSYINWQ,train,0.3148966431617737,0.030268728733062744,0.16126054525375366,8
8235,HFPRQLINGS,SVPRYWINAY,train,0.999508261680603,0.28519201278686523,0.1137266755104065,6
4658,LAPRYWQSVF,HRPLPSGDKR,train,1.186561942100525,0.8625774383544922,0.023012876510620117,9
6610,YKPRGYRNSQ,NSPRMLSKPL,train,0.8736004829406738,0.6671872138977051,0.005880087614059448,8
10911,PHPAGVWVGL,TFPRSSVVSL,train,1.300652027130127,0.671381413936615,0.29016417264938354,7
10490,GAPRYWMGTS,PDARGMKGMG,train,0.7870575189590454,0.8549251556396484,0.312394380569458,8
1952,GVPRAVLDPA,KRPRGVWTNG,train,0.5188847780227661,0.20113277435302734,0.5342404842376709,7
8666,QVPRQLSYWS,GSPAGVKVTW,train,1.1872272491455078,0.39966922998428345,0.6773020029067993,9
5999,GQPRGVTASG,TPGYSLINWQ,train,1.7271839380264282,1.9261820316314697,0.7283003330230713,10
246,EMPRWMKGSF,VLPRWITGSR,train,0.025553464889526367,0.13769018650054932,0.12057846784591675,5
10627,CKPATLRDVL,TDPYSLRYAF,train,0.6949387788772583,0.39031702280044556,0.1964624524116516,7
669,FTPVGQWDPG,QSPKGMVDGH,train,0.19617903232574463,0.5516890287399292,1.6098053455352783,7
6632,WAPRELYSTA,VYPRQVYAIV,validation,0.2997615337371826,0.3279474973678589,0.2059929370880127,7
9734,GMPRSYIGWT,DKVLHLFSWK,validation,1.0822770595550537,1.0401685237884521,0.20769169926643372,9
9640,GQPRTLFDRA,RWPRSLTNTL,train,0.4828816056251526,0.6811511516571045,0.8017566204071045,7
4950,WSPRELRAIQ,GSPAKLVATF,train,0.46949636936187744,0.24619704484939575,0.46510159969329834,6
1485,TVPRAYWGNG,VMPSGFVGMF,train,0.4207727909088135,0.14451944828033447,0.5943481922149658,8
8621,YAPKSLWGHW,YHPISLFGPY,train,0.6273124814033508,0.3941602110862732,0.19691964983940125,5
7116,PAPSYWVDRL,TGPWGVAQPR,train,1.063448429107666,0.5781357288360596,0.4523681402206421,9
5017,ASPVAYTGRG,RAPRSLLNWY,validation,0.0035812854766845703,0.6188154220581055,0.04460036754608154,9
3874,YAPTPLWDQK,RYPASMTDNV,train,0.1134791374206543,0.2514030933380127,1.4428296089172363,8
1733,WRPRSMRNHF,MFPRSWTNHA,train,0.7218129634857178,0.2859143018722534,0.06165871024131775,5
6111,NQPRGMADGT,GYPRAVKDPL,train,0.24312925338745117,0.5414187908172607,0.2364792823791504,7
6270,FGPKQMRDQF,FIPRELHAPL,train,0.19761371612548828,0.48864173889160156,0.9375827312469482,8
3785,LRPRELYWTW,VNPGMWKTEG,train,1.5226356983184814,0.8451142311096191,0.8360373973846436,9
4949,TWPRELHNAL,CEAMGLYAPW,train,0.1648479700088501,0.7609282732009888,0.766106367111206,9
7036,IMPRAFIPRY,RTPRSMLNKW,train,0.5056488513946533,0.06275045871734619,0.02763122320175171,8
6675,MYPRAYHDQG,HWPRWLIGPY,train,0.551884114742279,0.641054630279541,0.7418208122253418,8
10303,FWPRELYDGR,PVSPRAFLNG,train,1.6028807163238525,0.3764216899871826,0.466921865940094,10
4719,GIPRPVLAKS,TKPRSISNFY,train,0.694551944732666,0.5694760680198669,0.004364997148513794,8
222,NYPRGVTASG,AMSPISINMG,train,1.5136733055114746,1.8484348058700562,1.1935622692108154,9
3371,VGVKGMYSWG,VDPRGVTASG,train,0.27277129888534546,0.061345696449279785,0.16180720925331116,7
5416,VRPRDLFDMS,TMPRAVVMQY,train,0.4160982370376587,0.6930283904075623,0.9844105243682861,8
4034,MQPRAWRSWV,KNPLASWNRH,train,1.0308587551116943,0.5394604802131653,0.15451963245868683,8
1355,VEPVAYHDGS,DQPYPEIDPY,train,0.5532066226005554,0.7082537412643433,0.19067424535751343,8
7002,TEPRSYRDEY,GLPLNWRDAL,train,0.2479996681213379,0.6982511281967163,0.48943930864334106,7
7744,HVPKGVMAEV,GSPRAYFGWK,train,0.07970881462097168,0.19428730010986328,0.1727612018585205,9
1138,FLPRWLYAPK,TYPRFIGNWK,train,1.5766582489013672,0.9145249128341675,0.8507903814315796,7
1266,NVPSAWIATF,YQYPRGRSGS,validation,2.3808679580688477,1.3704371452331543,0.6217622756958008,10
6760,VFPRSLMGEF,VAPTGIAQGA,train,1.329620361328125,0.5391857624053955,0.07507561147212982,8
7348,WIPRAVRDNG,FKPRMLYTNG,train,0.30874180793762207,0.8399375677108765,0.6253995895385742,6
1175,FHPYGWRTAS,MQPRNYIGPF,train,0.017413973808288574,0.4758659601211548,0.01246035099029541,9
8931,DAPRYLTASG,MFPRWLQGEK,train,0.4647012948989868,0.0005623102188110352,0.2776399850845337,7
8536,PMPRSVVPRA,GPRLARNLAD,train,0.8166785836219788,0.7374554872512817,0.6810820698738098,10
1516,MTPRQVKGMV,SGPRSLVGTA,train,0.2670423984527588,0.42542505264282227,0.4283313751220703,7
9593,KQWYGMRAVY,WPRSKRAEVT,validation,1.5481427907943726,1.3467943668365479,1.4561933279037476,9
7432,YAPQSFRNTH,NMPSWLQSHG,train,0.3428383469581604,0.20430785417556763,0.4421296715736389,9
1927,QRPRSWTGAY,DAPRFLKDPA,train,0.27798861265182495,0.4852827191352844,0.009377092123031616,8
10874,PYPRAYASLW,FGVRALVSNF,train,0.20241832733154297,0.2437623143196106,0.9651254415512085,7
814,VMPGAFKARH,QAPRTLQAVG,train,0.2333134412765503,0.10720634460449219,0.17966604232788086,8
5699,NGPQPYWPAT,SYPWAYRQMA,train,0.12462079524993896,0.7526693940162659,0.2765120267868042,8
8235,MKPRPIYDVW,TYPIPLWGPK,train,0.2710292339324951,0.23632746934890747,0.26999711990356445,8
4658,HAPRSYIGEL,FSPSWYRATA,train,0.4569782018661499,0.19796836376190186,0.199421226978302,8
6610,FAPRSFSNWL,HPVWWMTNVL,train,0.6992604732513428,0.8167281746864319,0.8997403979301453,8
10911,TQPRGVRVIV,VYPGASVVKT,train,1.3356431722640991,1.0032310485839844,0.546869158744812,8
10490,TRPRGYIDVQ,SEPFGMRNIQ,train,0.025862812995910645,0.9866197109222412,1.9512547254562378,7
1952,LSPRAYMNQH,MNPRWIRSEF,train,0.04719746112823486,0.4229315519332886,0.36429595947265625,8
8666,YVPRQVREMG,KAPRGVKSAR,validation,0.4258601665496826,0.33217155933380127,1.0168415307998657,7
5999,ATPRSYWGPI,FPVRGMFSHG,train,0.6141257286071777,0.24072599411010742,0.1206737756729126,9
246,DVPKWMIGSG,DYPRAMKGIA,train,0.12040257453918457,0.5893423557281494,0.02160179615020752,6
10627,LVPRAVSDLG,STPVGLHDPL,train,0.23106074333190918,0.6576502323150635,0.3453841209411621,8
669,YNPAQMRTPW,RGPYKLKDMW,train,0.1101917028427124,0.1855945587158203,0.13465988636016846,8
6632,AGPKSYIAMG,RAPRTVHVAS,train,1.7943311929702759,0.6617861986160278,0.2042689025402069,9
9734,HGPSSLYTAS,HTPSWLYSQR,validation,0.26723790168762207,0.0373615026473999,0.21414625644683838,5
9640,KVLYGLWDGA,TRPRPLTASG,train,0.17502915859222412,0.6478577256202698,0.9949007034301758,9
4950,NVPKGMHVEA,VLPRGLTVHI,validation,0.03804779052734375,0.7726031541824341,1.303033471107483,7
1485,FGPRSYWGMY,IPPRAYKGTF,train,0.08982563018798828,0.2596771717071533,0.19952046871185303,6
8621,HVPRMLSGSW,WPVGMLWNSK,train,1.2720214128494263,1.305799126625061,1.3349745273590088,7
7116,TRPRPFLGER,IWPREYTVPW,train,0.022326350212097168,0.11156845092773438,0.3780195713043213,8
5017,DPPKSMKVTK,APVRSLTSWV,train,0.4369409680366516,0.3496851325035095,0.037672072649002075,8
3874,KPPLPWTVGM,NKPSDVHYRR,validation,2.337101459503174,1.1075817346572876,0.5601826906204224,9
1733,SVPKNYTGRA,SGPRMVRSTA,validation,0.45218425989151,0.034583449363708496,0.23446869850158691,7
6111,VTPRPLYWPY,AVPRWLSKHW,validation,0.896933913230896,0.11224198341369629,0.08497171103954315,7
6270,PIPRVLKVNT,FRAQPVTVTK,validation,1.0076980590820312,0.728949785232544,1.0918153524398804,9
3785,HIPRPVMAFN,QGPSHMLTAS,train,0.29006218910217285,0.0776207447052002,0.4345381259918213,9
4949,LSPRAYHDLG,YSPRWMIVGL,train,0.0494997501373291,0.465043306350708,0.4037739038467407,7
7036,NSPRGMINMF,ADIRSLIGKW,validation,0.9430356621742249,0.7200199365615845,0.22808825969696045,8
6675,YWPRGWTASG,DSPRMLYDAS,train,0.574964702129364,0.7059733867645264,0.3043971657752991,8
10303,AGPYNWVDGF,VAPRQLSYPH,train,0.6392311453819275,0.3378690481185913,0.08122575283050537,9
4719,PAPRFLSDET,KPVSGLKDMG,train,0.7649364471435547,0.4335209131240845,0.3911854028701782,8
222,LPSTPRFMFD,SQPRDIKGLH,validation,0.6261895298957825,0.14593958854675293,0.11948072910308838,10
3371,QLPINWRAPI,SGPRMLYSVK,train,0.1328943967819214,0.28481316566467285,0.6019666790962219,9
5416,VMPKQITVHY,LWPRFLADVW,validation,0.6472857594490051,0.036284804344177246,0.16943520307540894,9
4034,MVPRVIVTLG,MSLPKQRGSG,train,1.9007480144500732,1.5953037738800049,1.0627350807189941,8
1355,FLPRNQRDGW,LEPRFLHDEY,train,0.28587913513183594,0.20552730560302734,0.09880426526069641,7
7002,FSPLPFIDGR,ACPLKYTAKW,train,0.09582233428955078,0.44742560386657715,0.6915585994720459,8
7744,TAPRSYKGME,AVARAMASPF,validation,0.3672187924385071,0.5091533660888672,0.3078635334968567,9
1138,DTPRWMWVAY,KMPRSVQDGK,train,0.1929095983505249,0.45307695865631104,0.5811814069747925,8
1266,SGPKGQVTAS,WRPRSVHSDG,train,0.541075587272644,0.4356527328491211,0.18138939142227173,9
6760,WYPRAIMDSY,TAPVHLMSIA,train,0.16475605964660645,0.31854677200317383,0.4607117176055908,8
7348,LFPRPFWDKS,KWPREYRGIW,validation,0.12725532054901123,0.33918309211730957,0.9921422004699707,8
1175,YTPRWMYGSV,WSPRWILGSH,train,0.5590447187423706,0.24040889739990234,0.02641838788986206,5
8931,VRPRSLYDNS,VEPNYLYTAS,train,0.9206222295761108,0.7990932464599609,0.5332645773887634,5
8536,LMGRALFAPA,GKPAYWSNMG,train,1.596029281616211,0.777786374092102,0.9915879368782043,10
1516,WRPRGVRAIY,VSPSGVKGGK,train,1.5809274911880493,0.7375157475471497,0.4499129056930542,7
9593,RPPRTLMTGL,IRPKSLYGMI,train,0.22657442092895508,0.5420076251029968,0.36029767990112305,8
7432,TAPRYWTASG,IAPAHWKTQT,validation,0.5767953395843506,0.7151975631713867,0.37143778800964355,7
1927,FVPRGVMDEF,MVPKGAQSAG,train,0.17562055587768555,0.0516810417175293,0.30311745405197144,7
10874,LAPRYLRTGQ,KRPAQMRTGY,train,0.0827798843383789,0.049304962158203125,0.3878359794616699,6
814,KTPVKMVGNF,ATVGMMFGKI,train,1.38860285282135,1.3537768125534058,1.135305404663086,7
5699,CSPLSWRTAS,SLPVAWIATF,train,0.3824843168258667,0.29526758193969727,0.030696451663970947,8
8235,HPVRAYRDWV,MVPKWIYLGR,validation,0.3889314532279968,0.5554867386817932,0.3892146348953247,10
4658,KLPRPVYAGR,MFPSGFHIQV,train,0.9988167881965637,0.8019099831581116,0.4985685646533966,9
6610,FWPGNMYSIY,MHVRWLYQNF,train,1.32537841796875,0.6042103171348572,0.5924978256225586,9
10911,WRPKGVQAFP,RVEWAIHYEL,validation,1.9455723762512207,1.4867162704467773,1.1645138263702393,10
10490,QPPVSWQGNG,QFPRAFHYPG,train,0.4329518675804138,0.1511554718017578,0.04900175333023071,7
1952,WGPRAFSQLY,VEWNQYRGST,validation,2.255516290664673,1.1702494621276855,0.7576457262039185,10
8666,FVPRGVRVTA,VPPRALKGSY,train,0.028321504592895508,0.7679245471954346,0.6446026563644409,8
5999,PAPRYWTASG,NAPRGSMTGH,train,1.0358784198760986,0.4125417470932007,0.0036191046237945557,7
246,MTPRWMKGSW,GFPRWIAGQI,train,0.9839271306991577,0.34232401847839355,0.12936195731163025,6
10627,WRPRPLADGV,FVARPLGDSA,train,0.11393862962722778,0.06811034679412842,0.2950381636619568,6
669,GVPRAVKTAS,HKPAQDRSHI,train,1.6778463125228882,1.093761920928955,0.2230314314365387,9
6632,QVPKQMWNET,KHWPYLGWKY,train,2.4226653575897217,1.617692470550537,1.2173738479614258,10
9734,WPPRMLKSKQ,CLAQAIHAQH,train,0.816541850566864,0.5893614888191223,1.190855622291565,10
9640,TKPKQLIDLT,WRPRTLRVTA,validation,0.13624608516693115,0.09626972675323486,0.06792962551116943,8
4950,MRPRTLVYNT,PMLRGLKVGK,train,0.9895328283309937,1.3133760690689087,2.7627434730529785,8
1485,QHPVAYFGNV,RVPKNQMGMQ,train,0.2622528076171875,0.31241774559020996,0.3318443298339844,8
8621,DAPKWIINQI,VLPHPLWRLW,train,1.320340871810913,1.1329518556594849,1.001166820526123,9
7116,FWPRSYTDIY,DMPLGQTNHI,train,0.20146632194519043,0.08641767501831055,0.06823992729187012,8
5017,AWPRSYTGWI,GWPATNTRKG,train,2.2306113243103027,1.6751306056976318,1.4957144260406494,7
3874,YRPASWRTAQ,YWPLHSSTAS,train,1.015893816947937,0.3402036428451538,0.06089019775390625,6
1733,FTPSGWTARL,SLPRPFYRMR,train,1.4660578966140747,0.9724152088165283,0.6598021984100342,9
6111,IPPRWLTASG,AGPAWMKSEF,train,0.10212385654449463,0.015125632286071777,0.24047672748565674,8
6270,KAPRTLTDHG,YAPLDWSDVW,train,0.08673149347305298,0.035715460777282715,0.49199527502059937,7
3785,SKPHGYKDST,PRPIGVSHPH,train,1.2210108041763306,0.4435044527053833,0.17544400691986084,8
4949,PDVFGMWSGW,SPLYRLSNEW,train,1.551548719406128,1.614072322845459,1.0123096704483032,9
7036,GNPRGMKTSW,NKPQWMVNWK,validation,0.21022391319274902,0.7585515975952148,0.7706366777420044,8
6675,WQPRSLYSEG,VLPRSWINIR,validation,0.3527411222457886,0.0870124101638794,0.6479533314704895,7
10303,QGPRGFTDWL,MAPRQSVTES,validation,0.6569241285324097,0.5106768608093262,0.21934449672698975,8
4719,STPKGMLDHT,NLPRPVMDQW,train,0.37228119373321533,0.25197112560272217,0.044333577156066895,8
222,TVPRSWIGTW,RNPASWRTAF,train,0.24439281225204468,0.4062044620513916,0.20321190357208252,7
3371,YTPRSMKGPA,DLPAWMIGWA,train,0.3923224210739136,0.15911626815795898,0.3771876096725464,6
5416,NKPLSYWDKY,YSATNLTAHT,validation,1.4939802885055542,0.922918438911438,1.2094495296478271,10
4034,FDPYGMYGVF,TVPRAVFMGF,train,0.22986018657684326,0.3293697237968445,0.197800874710083,8
1355,NKPLPWINGK,THVRHLFDMA,train,1.3144134283065796,0.3536916971206665,0.473116397857666,10
7002,MYPRAFSTPS,PWPRELTAGQ,train,0.26646900177001953,1.1125819683074951,1.0977494716644287,8
7744,SGIYPLWATA,WYPRDTGTAS,validation,1.4156463146209717,0.6609668731689453,0.7477872371673584,10
1138,YAPRSMRNKH,QNPRSMLSHI,train,0.26046502590179443,0.1862109899520874,0.07047730684280396,6
1266,DYPRAFRTAS,IPPSWATASG,train,0.568109393119812,0.15451371669769287,0.033506035804748535,9
6760,STPRMLYGAW,SRPRPLLNTK,train,0.5950664281845093,0.23308539390563965,0.6260979175567627,6
7348,GKPRAFWTQG,RMARSYIGMA,train,0.5393832921981812,0.6322094202041626,0.4479218125343323,9
1175,SGPRWFTASG,YGPSGFHSNG,train,0.14933311939239502,0.0300748348236084,0.785632848739624,6
8931,NVPVPMWDRY,SEPLNYTASG,train,0.15968608856201172,1.339808702468872,1.854188323020935,9
8536,MQPRPVQDHR,KSPSGVWDSK,train,0.5471560955047607,0.5684921741485596,0.16887623071670532,7
1516,RAPRYWVAGW,SFPRQVIGHW,validation,0.6103519201278687,0.27916955947875977,0.07456719875335693,7
9593,SWPKGMWGTF,AFPREYMSVK,train,0.01838970184326172,0.17712974548339844,0.06763911247253418,9
7432,YMPRAYQSEG,LYPRAYTNRF,train,0.46939027309417725,0.24657773971557617,0.007572174072265625,6
1927,TVPRAWINRY,MWPRWLNDLK,validation,0.42094165086746216,0.1709223985671997,0.1988217532634735,8
10874,LVARGLSDKA,SGVKWLQSTA,train,0.309065580368042,0.09166187047958374,0.1548563539981842,8
814,SRPVNMWSQT,QIPRKVTGRI,train,0.6735916137695312,0.02609384059906006,0.3057856559753418,9
5699,IWPLSWRNVG,NDPRSWLNEF,validation,1.0844454765319824,0.6172985434532166,0.3398812711238861,6
8235,FDPSGMRNGW,QGPWHILSPW,train,0.106178879737854,0.47487032413482666,0.25462377071380615,8
4658,RMPRQYWATA,IGTLPYFSMG,train,1.1601848602294922,0.8646793961524963,0.46358463168144226,9
6610,YTPRAIYNGS,YLWRAWTGNW,train,2.1601569652557373,1.1081229448318481,0.9379509091377258,7
10911,KGPRSLIVNT,QPARSMLYGV,train,1.1904278993606567,0.39394378662109375,0.18450480699539185,8
10490,TVPRAWYSAT,SQPLGAVAGL,train,0.13212156295776367,0.6433135271072388,0.502130389213562,9
1952,AQPKQIYTRF,FPVWNYRGWQ,train,0.2152385711669922,0.3587297201156616,0.2757679224014282,10
8666,QGPRSMHDPK,SKPRSMTASG,validation,0.512620210647583,0.6720250844955444,0.9063999056816101,6
5999,DGVRAMTGNR,FSPRWMKSTY,train,0.21151739358901978,0.33737707138061523,0.10374292731285095,8
246,LNPRWMKGTY,PKTKWLYSTF,train,1.1445064544677734,0.7711272239685059,0.7331539988517761,8
10627,FYPRELRDNR,PRPEFLWGRA,train,0.6650664806365967,0.8721697330474854,1.2051359415054321,8
669,AQPRGVSAHQ,PRPARFSDNP,train,0.34884655475616455,0.6411340236663818,0.10226690769195557,8
6632,TVPRAWYSMY,GTPRVYHGSF,train,1.5420951843261719,0.6741735935211182,0.26976945996284485,8
9734,FYPRSYRSPF,HLPRSYVSLR,train,0.08882355690002441,0.14202964305877686,0.18320715427398682,5
9640,VTPKELHGWQ,HQPITLFAVI,validation,0.3854595422744751,0.28394949436187744,0.3527035713195801,8
4950,KVPKGMKVPA,GHPRGLSVSW,train,0.31291747093200684,0.2775677442550659,0.0440220832824707,7
1485,MVPRWVMAPH,TWPRQLYAQF,train,0.4033627510070801,0.3466986417770386,0.1841905117034912,7
8621,WYPVNLWDRK,GIPAHLYRTI,train,1.4482035636901855,1.023642659187317,0.8075729012489319,8
7116,VNPRAVIDKG,VKPSGAVAHA,train,0.18582385778427124,0.10855484008789062,0.10595548152923584,8
5017,TYPRASLANV,TAPKLIISIH,validation,0.11239051818847656,0.5031603574752808,0.6455730199813843,8
3874,EYPLSFIDGK,QHPFSNRYNG,train,1.780613899230957,0.8386228680610657,0.6249250769615173,8
1733,NQPRAWTASG,RVPRAWTASG,train,0.13030409812927246,0.0058629512786865234,0.13048744201660156,2
6111,LPPRWIMDTA,SVPKWMIGMY,validation,0.5970770120620728,0.3997652530670166,0.9244891405105591,8
6270,DYPKGMRTAS,KRPFAYRDHR,train,0.6399176120758057,0.605527400970459,0.3870999813079834,8
3785,VPPYNWQVDW,FSPLNVQGWF,validation,0.32097405195236206,0.5516048073768616,0.28956860303878784,7
4949,YKPKGMYDIY,KPVYWMWDMY,train,0.5315706729888916,0.09129953384399414,0.8515275120735168,7
7036,EMPRSWTGPK,SIPRPLRTGQ,train,0.14921212196350098,0.8729017376899719,1.4213943481445312,8
6675,YMPRAYINGY,LGPHYLHDLG,train,1.334195613861084,0.6176902651786804,0.40502381324768066,9
10303,GIPRTLWTEG,RIPRQLWDHW,train,0.5385061502456665,0.2532588243484497,0.08680164813995361,5
4719,AYPRGLHDSQ,FWPRELKSHW,train,0.1254063844680786,0.2886545658111572,0.026628553867340088,7
222,TFPRAVYGVG,VQPRSWFVIT,train,0.11218571662902832,0.5476397275924683,0.09624117612838745,8
3371,EAPRSWIGVI,SDVRFMTASG,validation,1.1338274478912354,0.7755067348480225,0.05519402027130127,9
5416,LDPVALYGEY,TLFSEMVNTK,train,2.038121223449707,1.5491180419921875,1.4037493467330933,10
4034,THPRAYITGA,RWPRAYKDIS,train,0.5279208421707153,0.363239049911499,0.24963682889938354,6
1355,EKPRAVLDPV,WSPRMLTDVR,train,0.01673126220703125,0.5781189799308777,0.6322964429855347,7
7002,FTPRELTVAQ,AFARLYSNWI,train,2.4264895915985107,1.1570950746536255,1.089946985244751,9
7744,VYPRSWTGET,TWPREVTASG,train,0.340293824672699,0.0015789270401000977,0.024511992931365967,7
1138,INPKWVTASG,RHSIPKPMVI,validation,0.17678695917129517,1.0919506549835205,0.5868667960166931,10
1266,WQPRGSYANG,WVPKNQVDKF,train,0.2984604835510254,0.9038892984390259,0.41373133659362793,8
6760,HGPKWIQSPF,KYPRAIFGHG,train,0.06546497344970703,0.14037609100341797,0.19376885890960693,8
7348,KSPRGFWSTA,FNPKWMKSWG,train,0.1745131015777588,0.5683786869049072,0.32147157192230225,8
1175,TAPRSWTASG,MCPTGMYGRI,train,0.03199052810668945,0.2184162139892578,0.6221277713775635,9
8931,GMPRYMLDEG,ATPRYLIDHQ,train,0.46753990650177,0.44731128215789795,0.4371819496154785,6
8536,DMPRYMLDNG,GNPRNMTASG,train,0.2393711805343628,1.013866901397705,1.602970838546753,6
1516,VLPRAVSDGA,TEPRNVTASG,validation,0.2577108144760132,0.5540615320205688,0.2401185929775238,7
9593,MWPRELWAIY,QYPRNVMGNR,train,0.18658196926116943,0.020299077033996582,0.019774198532104492,8
7432,LCPRSWTASG,WRPEWYHTQR,train,0.9341400861740112,0.6111530065536499,0.6817029714584351,9
1927,KDPKGMRDNQ,SNPRGSTASG,train,1.2424633502960205,0.32480573654174805,0.14840346574783325,8
10874,FAPRYLYTAW,IFPRMLIYHK,train,1.3883981704711914,0.6972929239273071,0.46367955207824707,7
814,WTPRSMYTPF,KMPSGFYVYF,train,0.761644184589386,0.32318127155303955,0.06727981567382812,7
5699,MYPLNSIGWK,LSPRYWRNQY,validation,1.2737759351730347,0.38400799036026,0.2442266047000885,9
8235,TYPKWIQGPL,DPVYGLISHL,train,0.5120294094085693,0.32361137866973877,0.25384125113487244,9
4658,LKPRSYSGQW,CFPVSWVTWR,validation,1.0821049213409424,0.500437319278717,0.04675936698913574,8
6610,VGPRSLWDPY,LWPRSWHGAL,train,1.0417535305023193,0.258525013923645,0.26196759939193726,7
10911,TIPKWMRTLW,RKVRGMYDQQ,train,0.7598398923873901,0.2550719976425171,0.1611626148223877,9
10490,TMPRQYIGQA,QVPRAVHGHA,validation,0.6309901475906372,0.14467108249664307,0.29069817066192627,6
1952,IMPSGYMVQV,YNPWGMYNLY,train,0.5882054567337036,0.30013036727905273,0.32842373847961426,8
8666,SEPRGQMVPG,ANLASGWTEF,train,1.744660496711731,1.835874080657959,1.724230408668518,10
5999,GVPRGMWDQV,WRPVWMKTAS,train,0.6717561483383179,0.3606135845184326,0.028647661209106445,8
246,SGPRWIKATA,GVPRWLWARW,train,0.17906421422958374,0.22097551822662354,0.033391356468200684,6
10627,FWPKTMRDGA,TPVGWMYSQT,train,0.665989100933075,0.6106975078582764,0.6820792555809021,9
669,AVPKQMWVEY,QVPKQLSVNI,train,0.05613231658935547,0.5836138725280762,0.6435617208480835,5
6632,PGPRPVTASG,KPADWMKAVY,train,1.3495004177093506,1.0142569541931152,0.7336400747299194,9
9734,ETPLGQIGMA,TSPRSLIAGR,train,0.4883697032928467,0.660202145576477,0.382358193397522,8
9640,HFPRQLSAGV,GFPKTLHARV,train,0.049896061420440674,0.014440953731536865,0.03607374429702759,5
4950,TGPRSLFVSI,RGPSSMKVWV,train,0.3233882188796997,0.49827492237091064,1.1124526262283325,6
1485,NLPRAWTASG,SPPRQLTGNS,train,0.17127978801727295,0.012123823165893555,0.837852954864502,7
8621,WMPRQILDGY,KVPSGWLEPK,train,1.0448431968688965,0.4030669927597046,0.2222062349319458,8
7116,VAPVWYLNPL,INARPWIDGP,train,0.7256474494934082,0.08432161808013916,0.011326491832733154,10
5017,KGPRSYSVGQ,AVPSAIYNEY,train,0.0022925138473510742,0.493594765663147,0.9581254124641418,9
3874,FWPFDMKTTR,NWPVAITVRW,train,0.2475043535232544,0.4224451184272766,0.32277214527130127,8
1733,MHPRSYLNPY,YSPMGVKTSG,train,0.2610599994659424,0.12809360027313232,0.23401141166687012,9
6111,IAPRSMRNHF,FAPRSMANER,train,0.25419938564300537,0.04162907600402832,0.12935388088226318,4
6270,WPPRQLSDGL,YVPKNQIDNG,train,0.18684935569763184,0.08616292476654053,0.03469240665435791,8
3785,HEPRNVRTVI,KLPRAVYTWR,train,0.17309081554412842,0.05784249305725098,0.16390764713287354,6
4949,MYPRGLHDAS,MVYAGLYDSY,train,2.121577024459839,1.2608864307403564,0.4811052680015564,6
7036,MRPRWMKTQG,DRPRSMVNWI,train,0.14286267757415771,0.2885059118270874,0.21783536672592163,6
6675,FHPRSWTASG,VIVRAWHAEA,train,0.6895291805267334,0.5679678320884705,0.8954826593399048,7
10303,FHPREVIAPG,FAPKSMSDGV,validation,0.11477530002593994,0.2117975950241089,0.005677342414855957,8
4719,HDPRQLIDIG,TSPRMLYDEI,train,0.2220563292503357,0.25700056552886963,0.04986065626144409,6
222,QFPRDILGLY,GFPRGMKGMH,train,0.030231595039367676,0.014355063438415527,0.494783878326416,6
3371,DEPRGMHGEL,DDLPTSCVTF,train,2.32078218460083,1.549440622329712,0.6993820667266846,9
5416,GNPLPQSTPL,VDVSFLYVQF,train,2.0416736602783203,1.4412691593170166,1.394119143486023,10
4034,RGPLSWSVRI,WGPIPIWRSL,train,0.30676043033599854,0.15804213285446167,0.10198765993118286,8
1355,DAVYWLRDSI,NLPVAMLDSG,train,0.16045594215393066,0.0570065975189209,0.21726644039154053,8
7002,MRPVNYSDGY,VWPSRFYDGL,train,0.7125101685523987,0.2779608964920044,0.11718213558197021,7
7744,SGPRSWTASG,LTPRAHSSGQ,train,0.25046253204345703,0.20128870010375977,0.01117473840713501,8
1138,GTPRDIRTGQ,KEPRNVSNPI,train,1.2490988969802856,0.7084519863128662,0.46483516693115234,8
1266,WVPRQYRDPH,DEPWAWFAWC,train,1.0375251770019531,0.674895167350769,0.4746667742729187,9
6760,YVPRAVFTGW,LHPLGIYSRG,validation,0.04800152778625488,1.5710780620574951,2.358689785003662,9
7348,MHPRSWTGQY,QTPRNWQGQY,validation,0.48773545026779175,0.10931825637817383,0.17533618211746216,4
1175,FNPSGMWTPY,GLPRAVMGWS,train,0.7429471015930176,0.30070948600769043,0.34638261795043945,9
8931,NTPLGQIDTK,ISPAYLNDTF,validation,1.2466931343078613,0.9852638244628906,0.7564551830291748,7
8536,TKPRSYSDQW,YEPRVVAGYA,train,1.6025264263153076,1.3878638744354248,1.8252794742584229,8
1516,MVPRAVQGEV,SGPRTLTASG,train,0.76431804895401,0.5988914966583252,0.14364102482795715,8
9593,PTPRGWTASG,YVPRAWHGKG,train,0.6494008898735046,0.29853594303131104,0.08158352971076965,6
7432,YLPAAFYDNQ,MDPRAYRGWQ,train,0.007481098175048828,0.17145466804504395,0.03144848346710205,7
1927,WGPRAIDASG,RWVRAWSYSA,train,0.5017547607421875,0.6842304468154907,0.6501152515411377,7
10874,GLPRYLVSGW,WALGVMYSGH,train,1.4062354564666748,0.7883634567260742,0.608781099319458,8
814,KYPRAFSAET,LAPARYWGKW,validation,0.7291745543479919,0.2828251123428345,0.19721853733062744,9
5699,YLPRAYINYS,CQPRGLSNIG,train,0.7092061638832092,0.10715103149414062,0.06746697425842285,7
8235,GDPKGMRGKW,NKPAPWMGTH,train,0.36331963539123535,0.10531365871429443,0.11900728940963745,8
4658,RMPRQYYDRA,TRPRSYKSRS,train,0.3730602264404297,0.6049652099609375,0.14716631174087524,6
6610,NGPRSLQDKW,EQRSITMEHL,train,1.9873709678649902,1.4349722862243652,2.0227913856506348,10
10911,LKVKGMYAIL,EKPVPMVDPK,train,0.098183274269104,0.04011046886444092,0.03188920021057129,8
10490,QAPRWYMAVG,QNPVGMRNHF,validation,0.6600633859634399,0.4845147132873535,0.22683453559875488,8
1952,WQPRSWRTQW,MSPRPYINPY,train,0.16545450687408447,0.07987713813781738,0.014344274997711182,8
8666,SMPVQLIDGH,VDVPGSQVAW,train,1.6298528909683228,0.5908771753311157,0.33344918489456177,10
5999,MVPRSWTASG,GNPRGVTGLG,train,0.8497107625007629,0.07654929161071777,0.2055237591266632,6
246,NRPRWLISMA,VRVKWLMSNG,validation,0.19772708415985107,0.22765767574310303,0.247200608253479,6
10627,TQPLAVHDTF,SQPIHLYDEF,validation,0.8197211027145386,0.40523087978363037,0.027355238795280457,6
669,TVPRKLVDRW,RHLAKLYDVH,train,2.4057092666625977,1.53021240234375,1.000486135482788,7
6632,LAPRYSTASG,KHPRSYWAEV,train,0.0011980533599853516,0.21762001514434814,0.4502168297767639,7
9734,YHPKGMYGPI,SVPRAVLGKG,train,0.46977078914642334,0.14261746406555176,0.41415631771087646,8
9640,RPPRGFYVMA,FVRLDRLFLP,validation,1.9242582321166992,1.4444644451141357,0.7495821714401245,10
4950,SAPRTLTVAS,SDIRQLKAIF,validation,0.9622114896774292,0.6172914505004883,0.6795423030853271,7
1485,TAPRSWVGWI,TPVHWMTGSY,train,0.3754270672798157,0.4765620231628418,0.3520539402961731,8
8621,GYPRAFYNGL,MPVYNLRSHI,train,0.06825709342956543,1.218212366104126,0.9794790148735046,10
7116,RAPVHMWDNW,YNPREVRTES,train,0.21115821599960327,0.008012175559997559,0.7000824213027954,9
5017,VLPLAWTVNG,HNPAWMSNEH,validation,1.5531504154205322,0.41777241230010986,0.014496594667434692,9
3874,MRPRNVVGTV,CAPKSLRLSR,train,0.3301113247871399,0.8643140196800232,0.42617136240005493,9
1733,ASPRSMINWH,HYPRAYHNQR,train,0.3581494092941284,0.01974046230316162,0.1641140878200531,7
6111,MGPRSYKASY,PLPRVGFQGS,train,2.0282247066497803,0.9737976789474487,0.4240027070045471,8
6270,VIPVALWDKF,KRPTGLHSLW,train,0.021542668342590332,0.014776945114135742,0.9879169464111328,8
3785,TSPLGIWSWW,AHVRKMYQGF,train,1.9745450019836426,1.201356291770935,1.3583030700683594,10
4949,PVPRAVHTGS,YIPFPFRSWS,train,0.9984785914421082,0.7459566593170166,0.22974127531051636,8
7036,NTPRGMVTWF,KWPRGMRDGF,validation,0.07216548919677734,0.08689892292022705,0.019311070442199707,5
6675,LIPVWMWGLS,MVPRWIQGML,train,0.0026355981826782227,0.19210779666900635,0.3456398844718933,7
10303,VNPRDFTDNW,YSMNSYVFPH,train,1.7578328847885132,1.2827335596084595,1.1309183835983276,10
4719,HAPKWMRIWG,ADIKSLMSTG,train,0.9580977559089661,0.4943208694458008,0.5582166314125061,8
222,GYPRAFTASG,WFPVAMVGTA,train,0.37950146198272705,0.21657872200012207,0.2868385314941406,8
3371,AGPRSWQGTG,MGMIYGKICW,train,1.544137954711914,1.688655972480774,0.7751508951187134,9
5416,TAPVFLRSHA,GHPLSTFYRG,train,1.4727367162704468,0.6810306310653687,0.18863198161125183,9
4034,YNPVAMYNAK,FAYSGILSMV,train,0.26031142473220825,0.20426160097122192,0.2655940651893616,10
1355,HQPRFIRDGY,SWPRFLRDWT,train,0.644925057888031,0.12221837043762207,0.3043883144855499,5
7002,HGPSTLMDRF,TARQKRGWGF,train,2.208207368850708,1.2957088947296143,1.6439802646636963,9
7744,VAPRSWTGTG,YNPRGMHGMF,train,0.069588303565979,0.29613196849823,0.19047927856445312,7
1138,ATPSGQIDRW,MWPRSWTNTG,train,0.3895685076713562,0.43179380893707275,0.48906809091567993,9
1266,EWPRELRGVW,NPVRPTASGF,train,2.1609396934509277,0.9935739040374756,1.0301775932312012,9
6760,KAPRPLMDGI,MRPRPLYSLA,validation,0.22914230823516846,0.07985091209411621,0.5953021049499512,6
7348,FYPRSWTVQG,RMPRAYGRVQ,train,0.8708493709564209,0.8424480557441711,1.2492090463638306,8
1175,SGPRSWYGLV,AEWRGILGHG,train,1.7176856994628906,1.2087812423706055,1.0097918510437012,8
8931,LTPRYLTASG,FSQLAMFVIY,train,1.6976234912872314,0.8434879779815674,0.6466246843338013,10
8536,PEPVPMADNL,RSTRNWTGPS,train,1.7886641025543213,0.9730696678161621,0.5272087454795837,10
1516,HMPRQVIGPY,MAPRSLAGVG,train,0.2818934917449951,0.663784384727478,0.2210712432861328,7
9593,PGPRSWQGTA,QNPRMLFSTI,validation,0.20094537734985352,1.0756325721740723,0.12218582630157471,7
7432,ISPQWYRTGG,VGPSTLHGWV,train,0.34913384914398193,0.3617011308670044,0.5634142160415649,9
1927,GHPRAWTASG,PVWRAVTGEL,train,1.6678705215454102,1.4000697135925293,1.8377470970153809,7
10874,QPVRAIRHMT,WSPNYLFDTY,train,0.9222462177276611,0.2232533097267151,0.10503179579973221,10
814,MPPRAFIAMW,YPPRAFAVMT,validation,0.34686970710754395,0.7557331323623657,0.3483302593231201,4
5699,GFPQSWRTNG,YTPVSYISTR,validation,0.25379055738449097,0.04715323448181152,0.26029276847839355,8
8235,INPREWRAMQ,IGPYNLWNTH,validation,0.03843259811401367,0.9581472873687744,1.046974539756775,8
4658,YIPKWVMGVI,SYPLWTSAGF,train,0.6006128787994385,0.4254739284515381,0.31595778465270996,8
6610,LTPVGMHDQV,FTPRWYTDSG,validation,0.46063005924224854,0.22096848487854004,0.17487657070159912,7
10911,GYPRAFKVYS,KAPAPVQYEK,train,1.437747836112976,1.0159237384796143,1.1105372905731201,9
10490,TDPYGWRTMY,ADPVAWTASG,train,0.11445379257202148,0.23905634880065918,0.05921459197998047,7
1952,HVPRAWTSTF,TMPVYMLSHT,validation,0.6315568089485168,0.820171594619751,0.6898233294487,8
8666,HNPRGMFVEY,GIQTQIKYAT,train,2.3987274169921875,1.738873839378357,1.8710618019104004,10
5999,LAVRWMTASG,IKVLGMWGAL,train,0.08878803253173828,0.37643712759017944,0.6194713115692139,8
246,QQPRWMKGWA,QWPRWIVGSG,validation,0.21033376455307007,0.10786044597625732,0.18264520168304443,5
10627,YDPKGMTASG,WNPINLSDTR,train,0.42723095417022705,0.625942587852478,0.9246218204498291,9
669,APVYALWDVK,KRPARLVDVN,train,0.3881288766860962,0.1291905641555786,0.5316987037658691,7
6632,MAPRFIRDLT,KIPRTWTARW,train,1.0255100727081299,0.20081400871276855,0.5366418957710266,8
9734,QMPRSWVTHL,WFPRNYWNGY,train,0.6909162998199463,0.25629258155822754,0.1953338384628296,8
9640,YWPRQLITAS,VTPRELYAIF,train,0.19988763332366943,0.061981797218322754,0.6393142938613892,7
4950,APVRALYVKT,KRVLAMKVIW,validation,0.1880452036857605,0.19763034582138062,0.6298045516014099,7
1485,QGPRSWTASG,QGPRSYIGTH,train,0.07103168964385986,0.12055635452270508,0.384952187538147,5
8621,RQPTGLWDGK,AHPSALYDGH,train,0.1337648630142212,0.38398897647857666,1.223249912261963,6
7116,EFPRSWMGPG,PLTRWMTASG,validation,0.5115310549736023,0.6054940223693848,0.3618094325065613,8
5017,WPPSSYKDSR,EPRPARNPPG,train,1.0369131565093994,0.6868716478347778,0.6344069242477417,9
3874,GWPRSVMVPI,MNYFALVDET,train,0.7875963449478149,0.9745267033576965,0.9440920352935791,10
1733,LGPYAWIGTG,RAPRQMYNWH,train,0.7628109455108643,0.1785029172897339,0.09882235527038574,9
6111,DRPSWMLDSF,LKPRMLAVMY,train,0.00442659854888916,0.8939855694770813,0.35887253284454346,9
6270,GKPRQLRDQV,QEVWGIYAIG,train,0.2799215316772461,0.37795770168304443,0.7284742593765259,10
3785,SWPRELRSPS,DCPNAFSGMS,train,1.2743462324142456,0.1225818395614624,0.20217709243297577,8
4949,YKPAGMYDIY,SPVYWMRVTW,validation,0.8673900365829468,0.24296784400939941,0.36519551277160645,9
7036,FDPRSMWQNA,TGPVMLVKST,train,0.9906948804855347,1.3061978816986084,1.68781316280365,9
6675,FAPLHSYSPG,HGPRSWTNQY,train,0.4935219883918762,0.30815017223358154,0.29933619499206543,9
10303,GQPRDYIDTG,RFHLPLPSTQ,validation,1.871957540512085,1.7805674076080322,1.2439887523651123,9
4719,TWPRELKSVH,TPVGWMMAMG,train,0.10525083541870117,0.3554586172103882,0.6592434644699097,9
222,SGPVSMTASG,YLPGNFATGA,train,0.6381312608718872,0.19932234287261963,0.023373574018478394,9
3371,ISPVAYWGTH,WSPVNLINAH,train,0.4917629361152649,0.8686054348945618,0.30020371079444885,6
5416,VTPKGLQDKW,FKPVSLRDGK,train,0.10410904884338379,0.3256755471229553,0.07721316814422607,7
4034,KMPRSWTGMS,HLPTAWRGPA,train,0.45641982555389404,0.026563405990600586,0.03596949577331543,7
1355,MYPRWLLDLV,VAWRALIGTI,train,0.4484092593193054,0.2087874412536621,0.6131265759468079,8
7002,FQPGPFWDMS,EVARAWFTLA,train,1.0421066284179688,1.1063041687011719,1.1058354377746582,10
7744,TVPRGVFNER,VCIRAYTGNL,train,0.7414052486419678,0.5422720909118652,0.2124624252319336,9
1138,WIPRPVMSHF,RDPKSMVMIL,train,0.7520154714584351,1.1343168020248413,0.774160623550415,9
1266,YLPRAYWDSG,KGPRPVFAPT,train,0.05071735382080078,0.1576939821243286,1.1562126874923706,8
6760,IAVKGMYGEY,FSPRGLSDRF,train,0.027026891708374023,0.26140475273132324,0.12140238285064697,9
7348,ACPRAVSAWL,HIPRQVMNGI,train,0.25468623638153076,0.3259923458099365,0.18530422449111938,7
1175,YTPRQYWGQG,YSPRPYWGQG,train,0.119526207447052,0.31798529624938965,0.2746230959892273,2
8931,NTPRTMIANQ,SAPLYLWSGW,train,0.21896350383758545,0.7195472121238708,0.36427485942840576,9
8536,DAPRYWTASG,SPPRSVTASG,train,0.3677486777305603,0.4672107696533203,0.4875691533088684,4
1516,PTPRYLSVNV,NIPTGVKVRT,train,1.3314554691314697,0.47624993324279785,1.2498650550842285,8
9593,VKPTGMHTIT,GLPSGWTARG,validation,0.40694892406463623,0.23777437210083008,0.6297039985656738,8
7432,DAPYNWQAEW,TQWYGMYDTQ,train,0.707061231136322,0.2035081386566162,0.12155777215957642,9
1927,ARPRSWVSLT,TQVRAVTASG,validation,1.0132653713226318,0.6075342893600464,1.0331263542175293,9
10874,NQPREIRDYL,AIPKWIYLVK,train,1.1905308961868286,0.7165119051933289,1.017998218536377,8
814,GVPRAVFVGT,WVPKWMSAWK,train,0.3586714267730713,0.37402093410491943,0.1960240602493286,8
5699,LAPLHWINWQ,DRPNYLWNWH,validation,1.9074671268463135,1.1103644371032715,1.074266791343689,7
8235,HIPRFIRDNL,FSRFIRNGML,train,1.5030369758605957,1.0942699909210205,1.4775733947753906,9
4658,LRPAWYIGQS,QWPAWITSMI,validation,0.32281458377838135,0.6374809145927429,0.6253019571304321,7
6610,KMPKGMYDEA,TWPKWMRSWG,train,0.6724292039871216,0.26151084899902344,0.4495294690132141,7
10911,GGPRSLVNEL,KNPAGMQNIY,train,0.5649099349975586,0.7056570053100586,0.8643600344657898,8
10490,HAPAGWTASG,GWPRGYRSVQ,train,0.06145787239074707,0.3646979331970215,0.050083041191101074,8
1952,PNPKGWTASV,KAPRYWYSRI,train,0.7959097623825073,0.6841433644294739,0.4434114098548889,8
8666,VSPRGMKTAS,SAPKGMKSTG,train,0.08654844760894775,0.10160541534423828,0.45436906814575195,6
5999,TIPRYMQAGS,TGAWGAWTAG,train,1.5585651397705078,0.6364409923553467,0.6067838668823242,9
246,NRPRWLMSTW,TPIHWTASGF,validation,1.2805137634277344,0.49978142976760864,0.29574182629585266,8
10627,HMPLGQVDKT,LGPSFLTASG,train,0.16219866275787354,0.7623038291931152,1.2517609596252441,9
669,GFPRTLVVPY,FRPFRMRTIH,validation,0.04341769218444824,0.2719486355781555,0.37296903133392334,9
6632,HWPRKFTASG,RMPRYFTASG,train,0.08188784122467041,0.01683974266052246,0.4520803689956665,3
9734,GAPRYLSVPG,LVPNWLYTWK,train,0.45695847272872925,0.4113715887069702,0.8963428139686584,8
9640,CGPKGMRTSK,QAPKQLTASG,train,0.1304771900177002,0.7389865517616272,0.7609376907348633,7
4950,TVPRGLSDGI,RAPKGLRVTF,train,0.06978118419647217,0.5870233178138733,1.1130423545837402,7
1485,NFPRAFMSTY,FQPRNLANTV,validation,0.21835041046142578,0.7299132943153381,0.41818761825561523,7
8621,PQPKYLAVPI,DFPKLLVNQG,train,1.3803703784942627,0.21044427156448364,0.6469505429267883,7
7116,FQPRSWRDEG,IAPRFWLDQG,train,0.2576965093612671,0.15741026401519775,0.1367931365966797,5
5017,AHPRQLMDVA,MSPRKFINQW,train,0.8026217818260193,0.02157747745513916,0.13165652751922607,8
3874,FLPRTLQDGF,YGPSLIMKAH,train,1.848736047744751,1.5225534439086914,1.829268455505371,9
1733,GPPRPFINAH,RQPRSWTGSW,train,0.2850133776664734,0.2093031406402588,0.21788546442985535,8
6111,MPPRNIVGWF,KMPRTLYSHY,train,0.6950380206108093,0.013844132423400879,0.10996472835540771,8
6270,WAPRTLHAEF,NFHVRLSATH,train,2.6046595573425293,1.6848702430725098,1.1558051109313965,8
3785,RGPSSYMDHI,LSPAWVHSEA,train,0.9207425713539124,0.6994845271110535,0.7441283464431763,9
4949,RGPKSIYVQW,GLPKWITASG,validation,0.01399087905883789,0.030945420265197754,0.9311186671257019,7
7036,VYPRSMNTAW,RWPRGMQSPG,train,0.11849701404571533,0.06646502017974854,0.29015493392944336,7
6675,TAPRYWTGAS,GPPVPFIGNH,train,0.0776512622833252,0.05765736103057861,0.3564453125,8
10303,ANPKAFVGVS,GFWTGAVTWP,validation,1.9011045694351196,1.1734730005264282,0.4287487268447876,9
4719,FQPRSMWDTQ,NCPMGMMTAW,train,0.10747671127319336,0.991793155670166,0.7130944728851318,8
222,YMPRSYTGRY,VSPRPLFNLI,validation,0.6127581596374512,0.956175684928894,0.624045729637146,8
3371,NPPRWLTASG,FHWPGMYGTW,validation,2.0917513370513916,1.0650125741958618,0.19995415210723877,10
5416,GVPRAVKAHS,RGPRFLWGIG,validation,0.9227511286735535,0.5523502826690674,0.2472575306892395,8
4034,FSPRWMTNGH,QAPRSWTNEF,train,0.060724854469299316,0.14247381687164307,0.04507172107696533,6
1355,VNPRWLMDSG,TVLPLSYNGG,train,1.2279431819915771,0.8936930894851685,0.4286554157733917,9
7002,ATPRSYRDVA,YNARNVIGWG,validation,1.3688850402832031,0.9563262462615967,1.6230747699737549,9
7744,VLPRAYHGPK,LRPRGVQAHK,train,0.17034292221069336,0.035092830657958984,0.3052443265914917,7
1138,EQPRSYIMHI,EFPRMLFSHG,validation,0.6501858234405518,0.10781627893447876,0.25232934951782227,6
1266,YLPRAYADMF,RYPVNFAGNS,train,0.6127580404281616,0.27057409286499023,0.33051425218582153,8
6760,MNPRMLIGGY,KIPRPLTAHG,validation,0.1856229305267334,0.283998966217041,0.7761490345001221,7
7348,EAPRPLSTVW,RYPASLWDVS,train,0.586319625377655,0.026500999927520752,0.5202954411506653,7
1175,MHPRSWTGSQ,PKTRWLIGPY,validation,0.7207335233688354,0.4245915412902832,0.36939096450805664,8
8931,LWPRYLIDGT,ENVRSLYAVY,validation,0.719662070274353,0.2766287326812744,0.11114361882209778,8
8536,LRPVAWYGTF,NNPVWMRDEI,train,0.3085296154022217,0.1369997262954712,0.24528145790100098,8
1516,VAPRSMHDMG,TQPYNWSTNI,train,0.5213297605514526,0.6197313070297241,0.2671741247177124,9
9593,NYPLNWFTPG,VNPRNYLAGY,train,0.10636091232299805,0.014625191688537598,0.04095667600631714,8
7432,YTPTAQMDRQ,EPPRNYTQPW,validation,0.11664193868637085,0.34198707342147827,0.4296743869781494,9
1927,YPVRALSGWG,RSWRALWGMV,train,0.1416904330253601,0.08177852630615234,0.2189091444015503,6
10874,DEPKGLYTSG,NIPVWMRYNS,train,0.5239987969398499,0.35299229621887207,0.07260221242904663,9
814,GVPRAVFDGK,RVPKGQFVQG,validation,0.8390217423439026,0.43735039234161377,0.08073276281356812,7
5699,HYPVNMYNGQ,QNWFGLMVMS,train,1.268782138824463,0.8185595273971558,0.5172496438026428,10
8235,WDPYGMTQPI,NYPWGIHVMW,train,0.11537843942642212,0.12611299753189087,0.2516477704048157,8
4658,YVPRAYWGWV,YNPYNWRAGW,validation,0.505277156829834,0.4713033437728882,0.06069976091384888,8
6610,WFPVGWTAGS,HSVRGMWSNY,train,0.30639219284057617,0.40656042098999023,0.5647621154785156,9
10911,SGPRAVTASG,EPRFPRDIGI,train,1.4858349561691284,1.27095627784729,0.5834406018257141,10
10490,LQPRAWYGTI,AGPKSYMNTH,train,0.20762157440185547,0.1569051742553711,0.07513272762298584,8
1952,EFPRSMYVPQ,QDPYGMGNGQ,train,1.0649592876434326,0.4111764430999756,0.04816538095474243,7
8666,VGPVPMWATK,VIPRGLKAWG,validation,0.3451462984085083,0.43451738357543945,1.8481465578079224,7
5999,LWVRAWTGPA,MPGRAWTASG,train,0.6778666973114014,0.3454782962799072,0.21165785193443298,6
246,LVPRWLATKS,SVPKWITASG,validation,0.22312748432159424,0.057358741760253906,0.2890896797180176,7
10627,YKPVYIRDAV,TIPKLIKDHP,train,1.2672556638717651,0.4454929232597351,0.27721306681632996,7
669,GFPRELTASG,FYPRTLASGF,train,0.420077919960022,0.07059264183044434,0.3050488233566284,7
6632,WGPRAVYAHL,VLPEPVTASG,train,1.0789893865585327,0.9711902141571045,0.904515266418457,7
9734,YFPRSQMGNL,NFPRNLYNTQ,train,0.2921198010444641,0.693444013595581,0.8518045544624329,7
9640,GVPRQLSVWG,HAPRGSHDKR,train,1.673764944076538,0.6395138502120972,0.08475548028945923,8
4950,MTPRGQVAKI,SVPRGLVYMR,train,0.07345283031463623,0.5162220001220703,1.1282845735549927,6
1485,EVPRGVTGPV,VTRARHLGWP,train,1.539466142654419,1.491533875465393,0.7806612253189087,9
8621,WVPRTLVNRA,RAPIPIWQGA,train,0.21013593673706055,0.13623803853988647,0.2296990156173706,8
7116,HTPRSYVNPL,YAPRPHLNTI,validation,1.0138508081436157,1.0821149349212646,0.9712868332862854,7
5017,IQPLVYRAMK,PWMSSLFDNG,validation,2.0845344066619873,0.7857435941696167,0.7628057599067688,10
3874,WAPSSYRDRG,PAPRELSDWK,train,0.04315078258514404,0.355871319770813,0.11829698085784912,7
1733,MEPRPVFGTS,MYPRAFKQIH,train,0.1746361255645752,0.8301702737808228,0.04306042194366455,7
6111,VAPINQMSHS,CPMRSLYDFG,train,0.9199532866477966,0.439228355884552,0.08927331864833832,10
6270,HSPRGQVDGW,GFPRDVLANK,train,0.2774425745010376,0.39778971672058105,0.8573402762413025,8
3785,LYPRAFHGWW,SQPRDITASG,train,0.507241427898407,0.6761225461959839,0.3703797161579132,8
4949,INPLSWRTVW,VFALNLHDWE,train,0.48590928316116333,1.1680819988250732,2.372424364089966,9
7036,ATPRWIRDSR,ASGRAMRGVK,train,1.3475332260131836,0.801912784576416,0.8096634149551392,7
6675,MYPRSWIGNG,RYPRWYTASG,validation,0.5169894099235535,0.23351585865020752,0.1282585859298706,6
10303,YEPRAWSTGV,AIPRPVYVLP,train,0.17257380485534668,0.3582848310470581,0.14146876335144043,8
4719,CAPRSMYTIA,DNPLGITSPR,train,0.0985403060913086,0.6796270608901978,0.6454845666885376,9
222,DMPRGYTGLH,PGPSGRSVPL,train,0.8532862067222595,0.8548532724380493,0.19961953163146973,8
3371,GDPYGMRDSG,IVPGNYHDGK,validation,1.058302640914917,0.24154889583587646,0.1257590651512146,8
5416,VKPSDLYTIA,QHPRELKGEK,train,0.22312748432159424,0.09359711408615112,0.1631169319152832,8
4034,YNPRTLIGMG,RKPLWSQAHI,train,0.5955277681350708,0.1713700294494629,0.21945542097091675,9
1355,LNPRFLLDVA,WNPRSLTNGL,train,0.09717690944671631,0.3654956817626953,0.08289480209350586,6
7002,WKPRTMVDGL,SWPLSYIVGI,validation,0.7048031687736511,0.6838594675064087,0.7936870455741882,8
7744,VGPSGWSAGV,VMVQGVTASG,train,1.1291557550430298,1.3895180225372314,0.74915611743927,7
1138,GSPRAIHDSW,HEPRFLYSKG,train,0.4627588391304016,0.4464205503463745,0.012834817171096802,8
1266,NVPRAFWNRS,PWPYHMTASG,train,0.031422972679138184,1.007743239402771,1.5506036281585693,9
6760,YLPRSYTGSK,QIPAWLHGIG,validation,0.36547642946243286,0.29991650581359863,0.35781848430633545,8
7348,GYPRAFQSTS,TNYRNMTASG,train,1.9703422784805298,1.5743558406829834,1.2976624965667725,9
1175,YQPRSWTGAR,FPAQHWQAWV,train,1.0920945405960083,0.7654022574424744,0.28245511651039124,9
8931,GLPLNSWSTQ,NDVRHIYATQ,validation,1.4629056453704834,0.8260221481323242,1.139101505279541,8
8536,GTPRAYADAQ,FLPRVGYVNF,train,1.571731686592102,1.6492080688476562,1.8116577863693237,8
1516,LVPRVLSARG,QDKPSGPAPC,train,2.1249616146087646,0.7013280987739563,0.27985143661499023,9
9593,TGPRYLVSEY,FMPRNGQDFL,train,0.6575628519058228,0.3326564431190491,0.4251074194908142,8
7432,FPPLSWQAMY,QSPLPQYWWR,train,0.8331822156906128,0.23617076873779297,0.19004252552986145,8
1927,YVARAWTASG,DSPRMLHVSY,train,1.1943418979644775,0.6045052409172058,0.144199401140213,8
10874,FVPRQMHNIH,RHLAAMHSGF,train,0.7917077541351318,0.6885485649108887,0.06468397378921509,8
814,WGPKSMIGEW,TAPRWLISKF,train,0.380240797996521,0.3088024854660034,0.2610199451446533,8
5699,PVPVSWQVNK,LYPSWLYNHF,train,0.7247130274772644,0.22589057683944702,0.2650943398475647,9
8235,TAPVNLYGWG,WGPYNLSNRA,train,0.1941756010055542,0.5818526744842529,0.28879833221435547,7
4658,MAPRYWYTNQ,ATPRYWTGTF,train,0.6880143880844116,0.16814422607421875,0.15589040517807007,6
6610,YPVRAYIGMT,YWPRSLQVWT,train,0.3203357458114624,0.8122173547744751,0.6878124475479126,7
10911,GVPRQVTVTI,VKPSGVTVSQ,validation,0.07880860567092896,0.2734130620956421,0.24138706922531128,6
10490,TLPYGFWNIQ,LSPRNVMNPI,train,0.15259724855422974,0.061310648918151855,0.03996461629867554,8
1952,EVPINWRARS,WYPRASYNVL,train,0.5142665505409241,0.09675884246826172,0.11787021160125732,9
8666,RYPRGMHVGV,MSIKGMVVSE,validation,1.2363619804382324,0.9681954383850098,0.16784361004829407,7
5999,QAPRYWVGMI,WTAYGMAVWY,train,1.245477557182312,0.9573357105255127,0.21212999522686005,10
246,SAPRWIKGWT,QTAVKWMGAL,train,1.1624233722686768,1.0809752941131592,1.0705169439315796,9
10627,GAPRFLKDPQ,EPVYNLKNGL,train,0.43283015489578247,0.6262776851654053,0.7176054120063782,8
669,GWPRQMKTSV,KRPLRIFGKY,train,0.7390899658203125,0.6868593096733093,0.3821207880973816,9
6632,HIPRQVMDPF,MFPRQVHAGW,train,0.6127661466598511,0.3795039653778076,0.4358266592025757,6
9734,YGPVSLYGMW,PKPKGLAGIT,train,0.31667470932006836,0.27966880798339844,0.5885922908782959,7
9640,HWPRQLFAWA,QRAFRLYASG,train,0.5208700299263,0.647230863571167,1.0329341888427734,8
4950,VVPRGVKTAS,SVPRQLVYMR,train,0.09524202346801758,0.8699216842651367,0.5416977405548096,7
1485,NQPRAFYGEA,RVPKGQTGMR,train,0.4409008026123047,0.27813708782196045,0.6936577558517456,8
8621,WNPSALWNPQ,CDPKQLFNWG,train,1.3528937101364136,0.03392529487609863,0.17161396145820618,7
7116,RYPVAYTDPW,NKPFYMTRWG,train,0.6427379250526428,1.3201462030410767,2.1280574798583984,8
5017,IHPRNVMDMG,IPPTAFSGEW,train,0.3392726182937622,0.13032054901123047,0.005226492881774902,8
3874,RMPRAVMTAT,IGPAPQVAQG,train,0.37781381607055664,0.5044128894805908,0.017340898513793945,9
1733,RKPVGMFNPY,WPTGWMRNHG,validation,1.9348459243774414,1.2409249544143677,1.1062486171722412,8
6111,GTPKWMKTAS,QFPRDIMVGA,train,0.14208972454071045,0.3978102207183838,0.140336275100708,9
6270,NGPYKLIDMH,PGKWTASERQ,train,2.8721916675567627,1.2049041986465454,1.2140703201293945,9
3785,AIPRTLHASQ,RVPSAIHYPG,train,0.3590990900993347,0.028291404247283936,0.6276732087135315,8
4949,AYPVAFTASG,FTVPLNQVKQ,train,2.3464388847351074,1.4894680976867676,1.1003625392913818,10
7036,SWPRAMRNIT,DWPRNLMDGL,train,0.01317143440246582,0.07782107591629028,0.6240884065628052,7
6675,HIPRPVYAGA,VAPRYWMNGQ,train,0.000550389289855957,0.2843562364578247,0.17551714181900024,7
10303,GIPRTLVAPG,AFRLRRSVPP,train,1.270609974861145,0.3859976530075073,0.48902103304862976,9
4719,CFPMAWRTDA,YAPRFLWDLY,train,0.23276495933532715,0.022234201431274414,0.006635427474975586,9
222,RDPKGMHGPL,FPVRAFAGPF,train,0.5648449659347534,0.5498881340026855,0.2650470733642578,8
3371,FAPRFLHSPR,PHVLGILSLW,train,0.29764312505722046,0.2925769090652466,0.2080720067024231,9
5416,YRPTALRDIT,QWPSALTNMF,validation,0.6725205183029175,0.546066164970398,0.8226770162582397,7
4034,GKPRAVTASG,VDPHGFFGST,train,0.6401814222335815,0.10421371459960938,0.16199815273284912,8
1355,GQPRNYIDPQ,TNPIGIRDSF,validation,0.1294562816619873,0.23587393760681152,0.2153450846672058,8
7002,TLPRELYKPS,TDVLSLWDVS,validation,0.7049518823623657,0.2506161332130432,0.3107573390007019,7
7744,MWVRGLWGPG,IWGRALTASG,train,0.8405930995941162,0.6840213537216187,0.24136820435523987,6
1138,LAPRYWTATS,YKPVSWTASG,train,0.22793376445770264,0.192391037940979,0.09462440013885498,6
1266,KGPRSYIVGI,QRPSWYTNQG,train,0.8577540516853333,0.24461913108825684,0.11717891693115234,8
6760,PSPRAIYDLS,TSPVALSDSW,train,0.4594351053237915,0.2369997501373291,0.09847313165664673,6
7348,AEPRPYVNWK,VHARAYSDRY,train,0.5665192008018494,0.09476852416992188,0.2800324261188507,8
1175,VPPTGFQDHF,NEVYGWSGTG,train,1.269270420074463,1.134073257446289,1.2762292623519897,9
8931,TDPKWLMSMY,SNPFKYINPI,train,0.695294201374054,0.21305984258651733,0.18029963970184326,9
8536,KGPVPFNDMA,HKRVPRNVPK,validation,1.2705373764038086,0.717241644859314,0.8437643051147461,7
1516,QIPKVMWGPF,EAPKGVRGKP,validation,0.34210819005966187,0.2666337490081787,0.33019697666168213,7
9593,YHPISWRTAS,GPPRAFSNYR,train,0.06501984596252441,0.06106448173522949,0.39224010705947876,9
7432,HYPRAYINWY,YHPRSYRNRS,train,0.39284294843673706,0.44314098358154297,0.299538791179657,6
1927,PTPRSYWDIK,FSPRNYIGTK,train,0.2641301155090332,0.3579237461090088,0.20583373308181763,6
10874,MRPRNLYVPH,QRPINLRDAK,train,0.007306098937988281,0.3024981617927551,1.0200632810592651,6
814,FVPRGVWATK,VMPKAFHASG,train,0.12261199951171875,0.3624070882797241,0.2501952648162842,8
5699,HQPRSWRTTG,HPVAWLYAST,train,0.2691330909729004,1.0529204607009888,1.1336283683776855,9
8235,MHPTGLYNPG,TLPYPLWLNL,train,0.3963468074798584,1.004652976989746,1.871157169342041,8
4658,WPAYGFRAMF,WMPSGWTATL,train,0.31652164459228516,0.05755817890167236,0.007189750671386719,7
6610,FTPSGMYNGW,FARESLVSNW,train,2.1181209087371826,1.3660063743591309,0.8093687295913696,8
10911,IPPRAVTASG,MQPRGWTAGR,train,0.3517618179321289,0.1195746660232544,0.4012284278869629,6
10490,LGPSSYWGHY,ELAIMGNSYF,train,1.452045202255249,1.829768180847168,1.714128017425537,10
1952,MPPSAFYNHG,QIPAYWRTGV,train,0.48260968923568726,0.3661837577819824,0.00513845682144165,9
8666,TRPRWLKVTW,QSQLKRPIFK,train,2.111086845397949,1.7319226264953613,1.9162249565124512,10
5999,GTPRGMVDTH,YWTRGMAASV,validation,1.578784704208374,1.1196448802947998,0.8366193771362305,7
246,TQPRWMRAGY,LFPRNIMVRY,train,0.1305537223815918,0.6315546631813049,0.9063810110092163,7
10627,QGPVFLIDQR,HQPTALTDGG,validation,0.08602380752563477,0.07033634185791016,0.6468072533607483,7
669,GVPRQVIDTS,RVPRRIVDVT,train,0.2264518141746521,0.5369138717651367,0.6954122185707092,6
6632,GKPLPWRTAS,QDPYGMRYRY,train,0.6632399559020996,0.2149648666381836,0.0004075169563293457,8
9734,VMPSGFLHPI,VSPRMLMDPY,validation,0.34057557582855225,0.4473673701286316,0.11511889100074768,7
9640,HVPRQLHDGH,IFARKLIAMV,train,0.4817348122596741,0.7024059295654297,0.939969539642334,8
4950,SGPKGMTVTA,KAPRSLVGEK,validation,0.6199003458023071,0.842746913433075,0.6637872457504272,9
1485,FAPRSYFAVH,YSPRQFQYWS,train,1.439377784729004,0.9129136800765991,0.34297436475753784,8
8621,NHPYDLIVPY,NAPRAVLQIH,train,0.542985737323761,0.09943711757659912,0.392949640750885,8
7116,AYPAPFQDQG,YAPRSHINEW,validation,0.9836387634277344,0.860000729560852,0.7506756782531738,9
5017,TYPVAFASPW,SLPRVLYDRL,train,1.010136365890503,0.7831854820251465,0.11892497539520264,9
3874,GIPASWTASG,GFRTMRAWME,train,1.3256161212921143,1.2924461364746094,1.5867998600006104,9
1733,AIPRGVFTVT,VAVSGFYGKF,train,0.7468326091766357,0.4857964515686035,0.05330848693847656,9
6111,HVPRWVMSNI,GVPRLMHDSH,train,0.9121099710464478,0.4343862533569336,0.1099083423614502,7
6270,WYPLAKRNSG,SRPASLTGEF,train,0.5420296788215637,0.04369384050369263,0.27997732162475586,9
3785,IWPREIRDPY,LFPFSMRTWM,train,0.11595010757446289,0.5273754596710205,1.1726150512695312,8
4949,WYPINVIAPY,CLVAWIHDWI,train,2.2740578651428223,1.1143336296081543,0.6948778629302979,10
7036,SEPRGMKTTA,HYPRSMYNAW,train,0.10651373863220215,0.25945889949798584,0.046025753021240234,7
6675,FMPRNYVRAS,NYPVPFYQAS,train,0.11190986633300781,0.10033142566680908,0.399186372756958,7
10303,LVPKGFIVAL,ARPRQYWDWY,train,1.1688668727874756,0.1324601173400879,0.07304883003234863,9
4719,EQPVAYRDEF,MAPRWLYSGY,train,0.14318132400512695,0.42715346813201904,0.07983314990997314,9
222,QWPRQMKGMW,KQPRQVMYPL,train,0.5102982521057129,0.44269347190856934,0.1956864595413208,7
3371,IDPRSLRGWQ,GPCPLGKTPT,train,1.5698221921920776,0.36708980798721313,0.045090675354003906,10
5416,FKPRSLSDGI,PVWRALSVQA,train,0.39657992124557495,0.6429265141487122,0.556903064250946,7
4034,SQPRAFLGPG,RWPRELRDKR,train,0.36016082763671875,0.8241056203842163,0.002549409866333008,8
1355,FHPRNILDHV,LHPRFIRDWP,train,0.31426745653152466,0.199975848197937,0.1079312264919281,5
7002,FRPRSYLDIY,TCYVPSVSGK,validation,2.539313316345215,1.7125986814498901,1.604771375656128,10
7744,RIWRGMYAPL,YRPRTLSDHW,train,0.5074802041053772,0.4338744878768921,0.016241133213043213,9
1138,AFPRSMVNRH,LAPRYWGMQT,train,0.5628946423530579,0.8301798105239868,0.5338910222053528,8
1266,SWPREYRGGV,RTPRQSYGVK,train,1.136997938156128,0.6708658933639526,0.08937641233205795,7
6760,DVPRAWTASG,VAPKWLIGTI,train,0.079079270362854,0.4947688579559326,0.7433973550796509,9
7348,VWPRSWQDMT,VAPRYWQVWF,train,0.7049280405044556,0.4875173568725586,0.2866225838661194,5
1175,LFPASWRGVG,YPAGWMWNGT,train,1.0433106422424316,1.0054636001586914,0.5408793091773987,10
8931,FAPSWIRDWG,SKARGLMANH,train,1.0478625297546387,0.8991872072219849,1.8960604667663574,10
8536,GYPLPWASIT,GGLVRAMTAS,train,1.5535666942596436,1.2913824319839478,1.593484878540039,9
1516,MYPRQVLDPW,YTPRQVFAQG,train,0.4458961486816406,0.07802295684814453,0.7208387851715088,6
9593,RDPYGMWTVG,TLPTAWFSVT,train,0.910813570022583,0.7325329184532166,0.019281089305877686,8
7432,DYPWAWRGAG,PAPYPSWNEV,train,0.36335790157318115,0.299780011177063,0.054159313440322876,9
1927,INPREMKDRW,EFSKGMLAPA,validation,1.356116771697998,0.7849684357643127,0.01774454116821289,9
10874,FAVRNLWGET,TIARALTVPY,validation,0.049831271171569824,0.4454512596130371,0.28701698780059814,8
814,MAPRQLYHPA,SPGQPLKAWL,train,1.9874659776687622,1.5510517358779907,0.6533336639404297,9
5699,YLPRAYINWS,YGPSDLYTNQ,train,0.21128714084625244,0.2248532772064209,0.16458749771118164,8
8235,WMPRQLWNSL,HWPRWLYNIS,validation,0.9022269248962402,0.3136686086654663,0.2313273549079895,6
4658,DGPYDMYAIH,RLPLNYHAEF,train,0.059719204902648926,0.45833003520965576,1.2107892036437988,8
6610,TNPRSYMDPT,ENVRGMFSNF,validation,0.5732395648956299,0.4525495767593384,0.840997040271759,8
10911,TSPINLVVGA,PLEQVRSIAV,validation,1.0383960008621216,0.4489060640335083,0.42315033078193665,10
10490,TGPRSWRTNI,GQPRSWTASG,train,0.1834026575088501,0.031598567962646484,0.17514127492904663,6
1952,WKPSGFQSMW,QHPLGFKTKY,train,0.005369067192077637,0.45014429092407227,0.14890682697296143,7
8666,QAPRGMHDMA,FAPRSMYAEP,validation,0.11614513397216797,0.7017641067504883,0.3234144449234009,6
5999,MVPRWVTASG,IEPRGVTASG,train,0.22830915451049805,0.03944265842437744,0.33695054054260254,3
246,TRPRWLTASG,HAVRGLTGMI,train,0.12886661291122437,0.08167362213134766,0.38096559047698975,7
10627,LNPKFIRDIV,HLPTALRDHG,train,0.17484408617019653,0.08914268016815186,0.6007992625236511,7
669,ATPRTLVVNI,AGPKQLDVGY,train,0.8283954858779907,0.19151586294174194,0.6672070622444153,6
6632,NNPLSWRAGL,IHYWPYTASG,train,1.3302274942398071,0.8031489849090576,1.3968666791915894,9
9734,DYPRAYHVLR,YVPTGLAQKH,train,1.7178539037704468,1.3130017518997192,1.0607025623321533,9
9640,VQPTGLSDSG,YWVYGMHGGW,validation,0.5166847109794617,0.05888533592224121,0.25187671184539795,9
4950,HDPRGMTVWV,GQPRSWTVRA,train,0.16000235080718994,0.12495338916778564,0.16561979055404663,6
1485,HYVRGMTSNK,WDPRQLLSAV,validation,0.11408185958862305,0.36756134033203125,0.3275216221809387,8
8621,YKPRSLVNVW,KIPSDLWQHK,train,0.9770078659057617,0.6095393896102905,0.8038071393966675,8
7116,YVPRGVFDQY,FLPRMLWDPG,validation,0.020073294639587402,0.975387692451477,0.7764813303947449,7
5017,GVPRAVKVIW,PRPRTLNQNY,train,0.8713486194610596,0.877476155757904,0.30330631136894226,8
3874,VTPRAWRTAK,TRPLPFHDWR,train,0.27160489559173584,0.2601165771484375,0.30177628993988037,9
1733,VQPRSWRTNK,MAPRSWIGSK,train,0.011040329933166504,0.0586475133895874,0.2573704719543457,5
6111,LAPREWRVPI,MDPRWMQDSY,train,0.867571234703064,0.5826542377471924,0.15118485689163208,8
6270,VTPKQLTDRY,VDPKQLTDVR,train,0.6555842161178589,0.15336596965789795,0.21816635131835938,3
3785,WDPRQLQSTY,MYPGKMYYQY,validation,0.706528902053833,0.4694104790687561,0.7840904593467712,8
4949,VRPRSLVYWY,PFARTLYNLT,train,0.5305392146110535,0.720604419708252,1.3938419818878174,8
7036,YKPRSMKNQG,EFPRGTQITA,train,1.8673133850097656,1.3272887468338013,1.4044814109802246,8
6675,LRPRFIQTIH,VDTRWLMSGQ,validation,0.6221439838409424,0.10904502868652344,0.6660722494125366,9
10303,LSPRAYWDVQ,YGPRAVSDKG,validation,0.6103007793426514,0.20939505100250244,0.08722645044326782,6
4719,GVPRPVWAGW,HTPRSYTASG,train,0.06101644039154053,0.2804269790649414,0.11539041996002197,7
222,SHPLGVRTWY,TYPRAFAGRL,train,0.2774057388305664,0.10871100425720215,0.21116220951080322,9
3371,NVPRGWTASG,FDPLGIQSHY,validation,0.9426188468933105,1.1536096334457397,0.20641392469406128,8
5416,ERPVALYDRQ,QMPRQLVNGY,train,0.054900169372558594,0.055479586124420166,0.4890552759170532,8
4034,CEPRNVMGPL,QMPRWIYGWK,train,0.13396650552749634,0.292144775390625,0.2373514175415039,7
1355,FWPIAWRDST,YRPRFILDLQ,train,0.11439752578735352,0.48879826068878174,0.18268555402755737,8
7002,LRPTSLYDKY,ILPDWAVYGY,train,1.4019769430160522,0.7472154498100281,0.5107285380363464,8
7744,KDPKGMQGKW,AWVRAQAGVW,train,1.2512761354446411,0.7845031023025513,1.1356385946273804,8
1138,TQPAWMRHPT,MSPRNILDGW,validation,0.255770206451416,0.012605071067810059,0.043709635734558105,9
1266,SGPKLLYATA,VLPWNYHGLH,validation,0.5024917721748352,0.0789179801940918,0.9857289791107178,9
6760,GTVRALIGPA,RCPRSLSQPG,train,0.8516196608543396,0.426794171333313,0.39394712448120117,7
7348,FSPRPVLAWA,QIPRYWVGHY,train,0.9204931259155273,0.14146292209625244,0.002637147903442383,8
1175,QWPRQFRGMY,HRPEWYYNFY,validation,1.0032200813293457,1.009305477142334,0.34296131134033203,8
8931,GVPRYLQDGF,SGVRFLWLNA,train,1.9642025232315063,1.5820612907409668,1.3988170623779297,8
8536,SRPRAVMAGG,QYPYNVHAIA,train,0.10036969184875488,0.4850078821182251,0.5168540477752686,7
1516,IYPRAVWAKS,RVPKQMFAGH,train,0.03526926040649414,0.23313820362091064,0.8539808988571167,8
9593,TAPRGVYTPV,YPRVWKYGML,train,1.1490801572799683,1.4422645568847656,0.9471622705459595,9
7432,NRPEWYIAPY,TGPYPQVSIH,validation,0.3258887529373169,0.23683768510818481,0.2700733542442322,9
1927,TWPRELKDSY,GFPRSMTASG,train,0.08853614330291748,0.21347355842590332,0.7887022495269775,7
10874,KVPVNLIDRY,KWPRSLTLWG,train,1.0976892709732056,0.5655815601348877,0.4878155589103699,7
814,KYPRAYTASG,GVPRGVDGQI,validation,1.652934193611145,0.03323996067047119,0.14644980430603027,8
5699,HYPQSWRTNG,PWPYNFLYPK,train,0.09104859828948975,0.3325232267379761,0.7413615584373474,9
8235,WHPRAYTGRW,VFEPYLWATS,train,1.798309087753296,1.1329505443572998,1.0052319765090942,10
4658,WRPRSYIGAT,SAPKNYIGLG,train,0.05331993103027344,0.047963738441467285,0.27271366119384766,6
6610,EVPRGWTGNS,VSWYGMANSF,train,1.7589341402053833,1.7072100639343262,0.8537226915359497,9
10911,GQPRAVKTGI,VRPVNMKNGK,train,0.28102922439575195,0.5546603202819824,0.12441951036453247,7
10490,GAPRSWTASG,GRPRSVRTAS,train,0.07144737243652344,0.0346757173538208,0.04523909091949463,6
1952,KEPRGYRTIT,IAPAPVWAWF,validation,0.10503804683685303,0.04405021667480469,0.08215081691741943,9
8666,KAPAHLWDMF,RVLGVLHSPI,train,1.3248324394226074,0.5394922494888306,0.3389432430267334,9
5999,CAPRGVTASG,WRMYHGIVAQ,train,1.9286201000213623,1.894938349723816,0.8188372850418091,10
246,QVPRWLSTGR,YGSQGLYAMR,train,0.3062124252319336,0.6230946779251099,1.4980648756027222,8
10627,YKPVYLTDNT,GSGLNLISEW,train,1.1437050104141235,0.6190013885498047,0.6677200198173523,9
669,WRPRQLVDKF,KPVSKLHNSL,train,2.128892421722412,1.6249322891235352,1.5252858400344849,9
6632,QAWRAFTASG,LMVFWYQVAI,train,0.45070451498031616,0.3978928327560425,0.8479977250099182,10
9734,YDPRAFSANI,HFPQSWRAIL,train,0.29877597093582153,0.27994513511657715,0.23500946164131165,8
9640,NGPYTLHDNI,GPVYALHSEG,train,0.17775750160217285,0.04722064733505249,0.36723756790161133,7
4950,VGPKGMQVEG,SDPKGMRVGF,train,0.39669275283813477,0.34627699851989746,0.2754179835319519,5
1485,SQPRAYWAPG,HTPRGYRSGL,train,0.11087930202484131,0.04669785499572754,0.4734290838241577,7
8621,PGPRSLQDGQ,DPLSTIVRSA,train,1.8698772192001343,1.0935434103012085,0.7970089316368103,10
7116,KRPFSYRDGQ,PAPISYTGTV,train,0.2634580135345459,0.05290818214416504,0.30411314964294434,7
5017,YSPVQLRDGR,QPPGSFIVIT,validation,0.4312670826911926,0.1571563482284546,0.6004892587661743,9
3874,HIPLPYQDAK,YWAKGMWPVH,train,1.4050769805908203,0.182306170463562,0.16414587199687958,10
1733,WYPSWVIANK,EKPASWRDIY,train,0.258675217628479,0.24744713306427002,0.2019253969192505,9
6111,ARPRSMTNTS,GLPMSLWDPR,train,0.16157829761505127,1.0391743183135986,1.441364049911499,8
6270,WVPRTLKDPT,GRVFSLRAHT,validation,0.22384858131408691,0.7089283466339111,0.9461633563041687,8
3785,FPPRPVYGQL,NIPSAVIAGL,train,0.18464326858520508,0.5399675369262695,0.49541425704956055,7
4949,HAPVSWYAWQ,ISPRKYLDNA,train,0.7290912866592407,0.30588221549987793,0.05987286567687988,9
7036,ESPRGMQTGW,HWPRGMKVPW,train,0.059980154037475586,0.2649197578430176,0.05743765830993652,5
6675,VIPRPFIDPV,TAPKWIMSGV,train,0.036402225494384766,0.3702511787414551,1.4027355909347534,8
10303,RVPRAVTSWY,RPPLRIAYPY,train,1.2435308694839478,1.0847077369689941,0.49828648567199707,7
4719,WGPSGFRDSA,NMPRSYIGWS,train,0.1694047451019287,0.5699144601821899,0.6537134647369385,9
222,FGPRYLFGQG,HAPSLYNGHR,train,1.730219841003418,1.2842758893966675,0.8711414933204651,8
3371,VTPRGYSNSL,DVPKWLYGRW,train,0.14768129587173462,0.19813454151153564,0.15016376972198486,9
5416,WSPRTLIAEQ,WTPRSLLNHL,train,0.06753629446029663,0.3104907274246216,0.43972039222717285,6
4034,FQPRSWKTNF,FQTRWYLGMY,train,0.743337869644165,0.28217554092407227,0.18308359384536743,7
1355,YRPRWLMDAV,PDYRHLMDKF,train,2.2500815391540527,1.107155203819275,1.2513952255249023,6
7002,WKPAPWTDLW,ESPFTLTNAF,train,1.2756686210632324,1.1481300592422485,1.097575068473816,8
7744,YMPRAFHAHY,AMPRYWQGPW,train,0.4073088765144348,0.13019704818725586,0.031680136919021606,7
1138,RDPRSMLDWY,ATPRSNHASW,train,0.7367813587188721,0.3719210624694824,0.3933719992637634,7
1266,GYPRAYTGQF,WNWNPSRAEF,train,2.0592854022979736,1.444907546043396,0.6919331550598145,9
6760,WTPKGLWDGY,MLPRAILNSL,validation,0.24629700183868408,0.6675102710723877,1.582589864730835,9
7348,HRPRSYTDAV,SWPRAYFTKF,train,0.12124752998352051,0.23744070529937744,0.06547015905380249,7
1175,HWPRQYTGLT,TYPKWMAGHS,validation,0.3191918134689331,0.10225951671600342,0.09876030683517456,8
8931,PYPRSLYDNA,FNPRNAYLWL,train,1.493670105934143,1.2803899049758911,1.0432811975479126,7
8536,LPVRWFIAGT,LGPRSWTGGF,validation,0.2544463872909546,0.028636455535888672,0.009582877159118652,7
1516,FAPRSIKDTV,MSPRYMKGVK,train,0.6395007967948914,0.1316678524017334,0.14226460456848145,7
9593,NRPVAYQGWH,RVPRSLYVYF,train,0.38949650526046753,0.49066317081451416,0.005521655082702637,9
7432,LAPAPVTASG,EYPWASASLR,train,1.4412145614624023,0.7100156545639038,0.07685296982526779,9
1927,KTPRSYINTA,SQPAWIYGTY,train,0.22116971015930176,0.2264411449432373,0.2775788903236389,8
10874,VKAVALWGPK,HRWLALYDNQ,train,0.6060653328895569,0.026121914386749268,0.3326653242111206,8
814,RIPRGVYAWK,GAPRFIQSVW,train,0.07223129272460938,0.5037423372268677,0.01934206485748291,8
5699,TAPVNLVGNW,SEPFGLFQPL,train,0.442984938621521,0.4465376138687134,0.4887288808822632,8
8235,HRPRSLWGET,RSPLHWYNIR,train,1.3735994100570679,0.6975288391113281,0.7011642456054688,9
4658,FKPSGFWNGQ,RQPVPMWGWT,train,0.1670905351638794,0.4341452121734619,0.3268158435821533,8
6610,SQPVPMWNTA,HTPVGNWYFW,validation,1.8308086395263672,1.0703468322753906,0.7276419401168823,7
10911,RRPRSFRDVW,AVPNAVKVGA,train,0.6206843852996826,0.9433782696723938,1.105161190032959,9
10490,KAPAGVRDHF,TSPRGQMYNV,train,0.5899616479873657,0.6008113622665405,0.3027188777923584,8
1952,VPPRSWRTIL,YGPVFYTDHQ,validation,0.7784988880157471,0.3511314392089844,0.2236294001340866,9
8666,VRPRSLSVTW,SPPGVLFSIV,train,1.4357688426971436,0.7785850763320923,0.9877209663391113,8
5999,TVPRGWSAGQ,DVPRGVMSVT,train,0.20169126987457275,0.17313504219055176,0.24138522148132324,6
246,TIPRWMKGML,SNPRWILGQT,validation,0.33269697427749634,0.09360671043395996,0.0016579926013946533,6
10627,WDPIGLTASG,TFPLDLRDIH,train,0.056007981300354004,0.4710566997528076,1.1442582607269287,8
669,RAPKQMKDPI,GQPIRLATAS,validation,0.9248598217964172,0.700946569442749,0.7601267695426941,9
6632,WVPRAYWASV,TCVYPFIAWT,train,1.315169095993042,0.34148919582366943,0.09531703591346741,9
9734,LSPRQLIDMK,SWPRSLYTKL,train,0.39508265256881714,0.39011430740356445,0.5469646453857422,7
9640,HVPRQLGTWT,QEVWRLHSKA,train,1.6383603811264038,1.464406132698059,1.6316349506378174,9
4950,YVPRGLVYTY,SQPRGLTASG,train,0.19055140018463135,0.13593029975891113,0.8967263698577881,6
1485,HFPRSYIGWT,RFPRTMIAGH,train,0.19292575120925903,0.21239519119262695,0.13540202379226685,6
8621,ARPKQLYTPQ,RVSAWLRGWS,train,2.1516711711883545,1.3358608484268188,0.8415012359619141,9
7116,IAPQAYRDQG,VYPWQMIDRA,train,0.4067727327346802,0.24863088130950928,0.9371477365493774,8
5017,PYPRAFSNHS,IPPVAYINVG,train,0.11903953552246094,0.07793450355529785,0.597376823425293,7
3874,EIPMASYVPW,SNPFRITDRT,train,0.9662555456161499,0.7411389946937561,0.9155715703964233,9
1733,IRPRSYINQL,LRPRPFQSTK,train,0.27918028831481934,0.20239365100860596,0.14249897003173828,7
6111,FVPRSWKTNS,WGVRAMWSKH,train,0.4281526803970337,0.17440378665924072,0.1317092776298523,9
6270,QAPREVISGY,YAIWSMKDPT,validation,0.7016875743865967,1.068388819694519,0.2156044840812683,9
3785,YPAKGMHGMW,VPPKNVKSWS,train,0.056517601013183594,0.13293671607971191,0.11338400840759277,8
4949,GEPRAFIAWY,LYVRAWHAGV,train,1.0992002487182617,0.2759935259819031,0.15364953875541687,7
7036,WTPRGMTGQW,QTPRGMRNMT,train,0.08171379566192627,0.47837233543395996,1.3479268550872803,5
6675,MAPRYWQTAV,RYPVNYTGNY,train,0.18966174125671387,0.18817615509033203,0.5704588890075684,9
10303,ALPVAWTDLW,PVPVYQDSGR,train,0.8827514052391052,0.22458207607269287,0.23121124505996704,8
4719,PTPVGLYSES,TMPRPYTASG,train,0.056752562522888184,0.1677548885345459,0.2709001302719116,9
222,FAPRQWTNLS,HAPNSLHSTF,train,0.5665662288665771,0.423115611076355,0.23738563060760498,8
3371,FVPRNVQGPW,YAPKWIIGVG,train,0.08572876453399658,0.1228792667388916,0.11657166481018066,8
5416,QRPRSLQDWR,EMPTGLSVQI,train,0.35021471977233887,0.26384133100509644,0.40061914920806885,8
4034,VTPRSWTASG,AEPRWAFGSG,train,0.47241294384002686,0.09142518043518066,0.050193846225738525,6
1355,HNPLGFRDVG,QGPYNLVDPF,train,0.04540205001831055,1.3150570392608643,2.0113368034362793,8
7002,HYPRAFSTNT,MQPRDYRDTV,train,0.13912081718444824,0.08136248588562012,0.24748146533966064,8
7744,IAPRSVTASG,YPWVAIYGWI,train,0.6896675229072571,0.5893580913543701,0.01938876509666443,10
1138,VYPRGLSDTA,GTPLGYAQKT,validation,0.8338274955749512,0.858119547367096,0.9588410258293152,8
1266,RYPRAFHSGR,MWPRGNTGTW,train,0.7263314723968506,0.5296306610107422,0.3735484182834625,8
6760,WTPRMLVGPQ,FTVHALYGMV,train,0.08488750457763672,0.21683186292648315,1.1636378765106201,7
7348,EYPRAFKAFS,QSPRMLKSPV,train,1.3045371770858765,0.5181642770767212,0.3229949474334717,7
1175,TWPRAFYGRH,YPWGQIYNGT,train,1.505527377128601,1.490017294883728,0.7594553232192993,9
8931,ERPVWMVSNG,LDVRWYTASG,train,0.5384731292724609,0.22031807899475098,0.22785216569900513,8
8536,GLVRGMIDPG,VDPRSHRTGS,train,0.7817610502243042,0.5407233238220215,0.2622019052505493,9
1516,GYPRSVTAGR,ITPRNYHGMI,train,0.5658491253852844,0.29290688037872314,0.006962388753890991,8
9593,FHPRGFRSNW,NKPVYLYGIQ,validation,0.4921170473098755,0.6979605555534363,0.46149230003356934,9
7432,WAPLPQSDEF,AMPRLYRDGK,train,0.10120576620101929,0.04089081287384033,0.2212773561477661,8
1927,GAPRYWVAHQ,DIPRPVMSHQ,train,0.12444895505905151,0.13082969188690186,0.10967767238616943,6
10874,DNPVALHDMW,TMPKNQIDEL,train,0.35540229082107544,0.11034798622131348,0.03687235713005066,8
814,MGPRPVTASG,WKPTGLIGEH,validation,0.6199467182159424,0.3763589859008789,0.037856340408325195,9
5699,LRPASWQGNW,HSPRPYALAG,train,0.1693333387374878,0.8979669809341431,1.3569374084472656,9
8235,NHPIPLWTPW,FHPYGLRYSH,train,0.09355103969573975,0.36385560035705566,0.5168406963348389,7
4658,HWIYGMTASG,KWYSPSNGQR,train,2.079864978790283,1.3834655284881592,0.6442399024963379,9
6610,GNPRGMWGWQ,YDVRGMFNTA,train,1.808292031288147,1.1534879207611084,0.6823654174804688,7
10911,VRPVQMINEK,GSGRALIVGQ,train,1.3603068590164185,0.9159598350524902,0.7659493088722229,9
10490,GAPRSWTNWG,WTPTGNYASG,train,0.8951631784439087,0.42964065074920654,0.0430755615234375,8
1952,YKPVAYINGF,VLPRVWSNSL,validation,1.5299162864685059,1.3656277656555176,1.6639127731323242,8
8666,KRPRGLVDIV,THPRSLVVGW,train,0.02079451084136963,0.11141562461853027,0.15745890140533447,6
5999,GIPRGAVAMG,EAGVPYWGQL,train,1.6988691091537476,1.579692006111145,0.9766613245010376,10
246,VNPRMLYANG,IYWSNLFVTG,train,2.3525733947753906,1.2632474899291992,1.3051378726959229,8
10627,NYPVPLISPG,KHPGLLTASG,train,1.0271340608596802,0.6899658441543579,1.1622543334960938,7
669,LWPRELRAGL,PGPRALVVTH,train,0.040968894958496094,0.17313909530639648,0.482183575630188,7
6632,YAPRGQTASG,GMPRQVVYVA,train,1.068817138671875,0.982379674911499,0.03413170576095581,8
9734,YSPVGLYSIG,DQPRNLSNWQ,train,0.20984762907028198,0.5059823989868164,0.6968457698822021,8
9640,WAPKQLHDNG,STPKGLYAWG,validation,0.0034426450729370117,0.4966263175010681,0.7565824389457703,6
4950,RPPRMLYTAS,GAPRSLYAQL,train,0.052951812744140625,0.3159404993057251,0.42638707160949707,6
1485,TFPRAFVANA,WNPRNLYFPL,train,0.5452220439910889,0.5381625294685364,0.2596367597579956,8
8621,TWPRELKDIA,YAPTSLYTGR,validation,0.20036613941192627,0.14600813388824463,0.15636199712753296,8
7116,NYPVWMQTGS,AMPREVTNWS,train,0.24367892742156982,0.27426111698150635,0.15518897771835327,8
5017,REPRASIASW,MVPRQVSNVW,train,0.7367129325866699,0.6110948324203491,0.44316309690475464,7
3874,YAPLNFSDWG,PAYFNLWAPT,train,0.7627460956573486,0.7260162830352783,0.7134518623352051,8
1733,VFPSGWRTAS,YSPHGFYASQ,train,0.04575037956237793,0.22142159938812256,0.4457334280014038,8
6111,RPPLNWRTMY,KQPAWMGNQV,train,0.7521728277206421,0.44406962394714355,0.5627446174621582,9
6270,IQPRDITDGY,AQVRAVTASG,train,1.0779935121536255,0.43460965156555176,0.7945453524589539,7
3785,MPPSAFWDKW,RPPASMWGHK,train,0.3469489812850952,0.7712051868438721,0.9281253814697266,7
4949,FAPRSLYDMS,NVPLNWRDGL,validation,0.17018556594848633,0.15700054168701172,0.044127702713012695,8
7036,WVPKGMVNRT,FWPRGMKTVT,validation,0.21223044395446777,0.02927112579345703,0.16307616233825684,6
6675,YMPRSFYGRV,RLPRVLANWA,train,1.3614764213562012,1.3457679748535156,0.2358161360025406,8
10303,YMPVAFYDTK,EYPVAYFDLW,train,0.5560106039047241,0.454850435256958,0.06821620464324951,6
4719,GMPHSFRDLQ,ARPNYLWDGA,validation,0.5722864866256714,0.5578951835632324,0.4369012117385864,8
222,TVPRAWHGNK,WRPLKFSDPI,train,0.11777806282043457,0.45328760147094727,0.14858365058898926,9
3371,PTPKWMHGNV,EQPRNIYGHY,train,0.6660600304603577,0.5754857659339905,0.3969319462776184,8
5416,EKAYGLTGPL,KPVWGIQTIA,train,0.747025728225708,0.1914055347442627,0.5983339548110962,9
4034,SAPRPFWDMH,PYPRSYQDHR,train,0.29344987869262695,0.18407082557678223,0.1380038857460022,7
1355,WYPRSLVDLW,GFPLHVIDTG,train,0.8298721313476562,0.1210222840309143,0.2549877464771271,8
7002,HGPLASTGWF,YTPRGTGAIH,validation,1.707301139831543,1.1728031635284424,0.6334953904151917,9
7744,AWPRSWTASG,MFPRDILSIY,train,0.32422930002212524,0.43583786487579346,0.22799021005630493,8
1138,LVPKWIISVI,STPRNIWYML,train,0.823517382144928,0.5389132499694824,0.0706055760383606,8
1266,SRPVAYHDGK,EHPRTYMASG,train,0.20582348108291626,0.207647442817688,0.6307646036148071,8
6760,FVARAMWDGH,YFPYALIGQS,validation,0.001287698745727539,1.0744776725769043,1.430838942527771,9
7348,IYPRAVKSKL,FIPHMWRNLS,train,1.1551488637924194,0.8254942893981934,0.45427405834198,9
1175,AYPWSWTGNA,GKVRGVSSMG,train,1.8568966388702393,1.0495903491973877,0.7882643938064575,10
8931,MRPKQLYDAF,IDVRYLTASG,validation,1.2566816806793213,0.7203335762023926,0.6122891902923584,9
8536,GVPRAVLDPK,TWPRTMIDPF,train,0.4843703508377075,0.22273659706115723,0.05599015951156616,6
1516,EIPRNVVAEI,LGMPSWTASG,train,0.8267976641654968,0.5865307450294495,0.6016764640808105,9
9593,PLPRAVKAVW,CRPKLLVNER,validation,1.2243292331695557,0.5008511543273926,0.3987899720668793,9
7432,SNPFSYRTWQ,MYPSAWAGIW,train,0.4924739599227905,0.14005756378173828,0.30126750469207764,9
1927,SQPAPFWGTW,AWPRWLYTSG,train,0.2931082844734192,0.1653350591659546,0.00365254282951355,9
10874,IAPRFLLDPK,GLGLNLWSVS,train,1.1908117532730103,0.8981469869613647,1.4999654293060303,9
814,GVPRAVKGWA,MAVRAHFVIF,train,1.7768126726150513,1.6218111515045166,0.9401302337646484,8
5699,WNPLGWTAGY,SVPRSWLNEH,train,1.0241694450378418,0.48887383937835693,0.08364731073379517,8
8235,ALPLNWRDGR,DNPAYSMGQW,train,1.592209815979004,0.3540607690811157,0.25558993220329285,9
4658,GCPRAVIAHQ,VNPLGHYNTR,train,0.9245667457580566,0.646500289440155,0.31799644231796265,9
6610,SQPVPMFDGA,SERHGRIPTG,train,2.4570505619049072,1.8023526668548584,1.293062448501587,9
10911,QSPVWMRVMR,SPVLGMRNTF,train,0.8221276998519897,0.6997374892234802,0.4036324918270111,8
10490,VEPRMLHGWQ,LPYAWMVGNW,train,0.9447522163391113,0.5615487098693848,0.7748082876205444,9
1952,WSPVAYTGWQ,PVPRSWQGLY,validation,0.17322015762329102,0.12526190280914307,0.06517088413238525,8
8666,VQPRNVTASG,HPPRALAVEW,train,0.04437363147735596,0.21883344650268555,0.4955853223800659,8
5999,VLPRSWRDVG,DVPGQWTASG,validation,0.9609091877937317,0.5389916896820068,0.3818679451942444,7
246,TAPRWIQAHW,LNPRWMSGWV,train,0.25539278984069824,0.008521676063537598,0.0060149431228637695,7
10627,EPVYSLRDGA,TDPKLLRDEH,train,0.9894683957099915,0.3838738203048706,0.5958906412124634,7
669,WPPRPLSDWG,FKPVAKYDPT,train,0.28810083866119385,0.12038910388946533,0.018359780311584473,8
6632,FNPLPFRNHW,GQPRDHFIQW,train,1.4738421440124512,0.9564375281333923,0.7255942225456238,8
9734,YQPRSLYASY,YKPQWMIYNV,train,0.055619120597839355,0.27137821912765503,0.7856004238128662,8
9640,GKPLGWHTAS,MVPSKLSDPY,validation,0.4062579870223999,0.7370917797088623,0.2664833068847656,9
4950,TFPKGMYAEL,GLPAGLVTAS,train,0.24077773094177246,0.9894727468490601,0.9585859775543213,8
1485,YRPRGFQSNW,SIPTGVTGPH,train,1.6807118654251099,0.8800240159034729,0.20391036570072174,8
8621,HVPRAVMDGW,WFPRELYDNG,train,0.5883051156997681,0.22460174560546875,0.14971864223480225,7
7116,GWPRSYIDPR,IAPINYRDPG,train,0.03740382194519043,0.27397286891937256,0.6199679374694824,6
5017,HAPRSLSVNT,YKPVYIHDGL,train,1.11317777633667,0.18962842226028442,0.05476999282836914,9
3874,QPPLSWRDEF,LWPRELHVTI,train,0.23165583610534668,0.4735339879989624,0.29316002130508423,9
1733,TLPRAWTASG,RWPVGMHNTH,train,1.2154300212860107,0.5882577300071716,0.18820720911026,9
6111,GVPRAVASNF,LTPRWLNDWS,train,0.17338967323303223,0.2894850969314575,0.04470217227935791,8
6270,LHPRSYTASG,AIVKPESLSC,train,1.5867996215820312,1.1470156908035278,0.9901862740516663,9
3785,VAPINWNSGI,ESPRNYHAPK,validation,0.9649853706359863,0.3804422616958618,0.19169481098651886,8
4949,NMPRSYTASG,QDPHMLTASG,train,1.2438524961471558,1.3733155727386475,1.2971711158752441,5
7036,TKPRGWTVEG,SKPRSWRVGL,train,0.5627078413963318,0.4690738916397095,0.15529865026474,5
6675,YNPRSWTASG,FYPRSWYNPA,train,0.2338399887084961,0.08692324161529541,0.28365182876586914,6
10303,VAPKQLYDVI,NAPLGVFNAW,train,0.3297780752182007,0.4080936908721924,0.7761878967285156,8
4719,TKPREWQSNA,TPPRSYHGWI,train,0.22432535886764526,0.10300827026367188,0.2877733111381531,7
222,QIPRSWMAMG,HYPYGLAGIG,train,0.6613414883613586,0.5078974962234497,0.5022248029708862,8
3371,ARPRGVHVPF,GSPRPYMAGH,train,0.029566049575805664,0.6456298828125,0.19210070371627808,8
5416,GQPVPFLGGY,EKNAPLWSPL,train,0.5985220670700073,0.7240557670593262,0.1998496651649475,9
4034,LFPRAYRGPY,MCPRGMQGMR,train,0.2848895788192749,0.014534473419189453,1.2110313177108765,7
1355,EMARAYFDPI,PMPRYIHDIG,train,0.3917921185493469,0.18162918090820312,0.1750810444355011,7
7002,NLPRAVTASG,WGPRELHSEK,validation,0.020969390869140625,0.21269142627716064,0.046195149421691895,8
7744,RGPRSYFSWK,NSPVQLTASG,train,0.7528935670852661,0.5080770254135132,0.14810021221637726,9
1138,FPPRNMAVWL,ISVHSMRTGL,train,1.1387898921966553,0.4189019799232483,0.1809288114309311,8
1266,YSPRAYWGKF,RHPSAWYSPK,validation,0.2039240002632141,0.19918501377105713,0.3632938861846924,8
6760,MYPRAITNGF,LYPRALYSIH,validation,0.28937745094299316,0.1582258939743042,0.39288806915283203,6
7348,GAPRSMKDQY,MFPRAMKTHV,validation,0.016564369201660156,0.3346288204193115,0.194533109664917,6
1175,HYPSGYIGGA,SGPSWYRGTG,train,0.04326510429382324,0.05241250991821289,0.7253054976463318,6
8931,KNPVWLTASG,IDFLHLTASG,validation,1.633967399597168,1.2487725019454956,1.174498200416565,5
8536,HAPRSVSAIW,PMPRYIGAPG,train,0.043570876121520996,0.3144081234931946,0.025143206119537354,7
1516,PWPRTLMAST,REFPRKFAGY,train,1.8079466819763184,0.21160557866096497,0.07197409868240356,9
9593,DLPRAWFGEI,QEPRNVINWY,train,0.19015997648239136,0.14633798599243164,0.15130025148391724,8
7432,TWPRELIAHG,NRPEWAMAGQ,train,0.4306149482727051,0.1332995891571045,0.008915066719055176,8
1927,VNPRSWRDVR,HNPRWMVDHF,train,0.2777910828590393,0.15467631816864014,0.4214726686477661,6
10874,MTPKGQLTAS,DYPRAYIDQL,validation,0.07138538360595703,0.32553303241729736,0.4738600254058838,9
814,QGPRNVMSPK,STPRNLKSTF,train,0.8305650353431702,0.8847753405570984,0.5618366599082947,6
5699,YGPSGYIVPF,YMPSPFLNSY,train,0.9017651677131653,1.0094938278198242,1.2990018129348755,7
8235,AKPVWYRGLD,DYPRSWRTVR,train,0.03318071365356445,0.1433253288269043,0.05170100927352905,8
4658,GKPRSYTGFG,YGYVPWMYTY,train,0.3935930132865906,0.6576217412948608,1.178065538406372,10
6610,LVPRVLYTAG,LWPKYMYSHF,train,0.4711018204689026,0.08109521865844727,0.11355042457580566,7
10911,WQPAGVKTGL,NTPRGSKVMI,train,1.352823257446289,0.9389667510986328,1.1363191604614258,7
10490,PYPVGVTASG,GVPRAWTNGY,train,0.33287060260772705,0.2792341709136963,0.058812856674194336,8
1952,TSPRAYISNT,AWVAHIWGEG,train,1.5606592893600464,0.9939233064651489,0.2909103035926819,10
8666,GKPRSFLDEL,TGVFWMQDHK,train,0.037793874740600586,0.07038533687591553,0.7439666986465454,9
5999,VTPRGQSAGR,GVPRWMSGAV,validation,0.20999407768249512,0.27237772941589355,0.4352569580078125,7
246,MTPRWLASTR,SAWRGMKGRS,train,1.3134846687316895,0.786270022392273,0.5883244276046753,9
10627,FWPRQYTDGA,KFPSGFADHG,train,1.3179702758789062,0.868972897529602,0.15248429775238037,8
669,VTPKQLHDNF,YSPADLKYTY,train,1.2113369703292847,1.1622835397720337,1.3168668746948242,8
6632,VTPRAFYDGL,WSPRQMRTAS,train,0.18928849697113037,0.6045349836349487,0.7825466394424438,8
9734,FMPRAFKTGL,FVPRALYSNH,train,0.1356644630432129,0.7154138088226318,0.805762529373169,6
9640,KRPRTLLSGS,SPLKQITASG,train,1.3728280067443848,1.0299896001815796,0.5206269025802612,10
4950,HGPRGLVDGF,LGVRGLYSER,train,0.8038753271102905,0.1796356439590454,1.1612238883972168,6
1485,FMPRQMVTPS,FAPQSWRGNQ,train,1.0774561166763306,0.15488839149475098,0.34035933017730713,8
8621,NMPRQILRPQ,HSPWSWRNQL,train,1.2309139966964722,0.552503228187561,0.17374461889266968,9
7116,QYPRNVLDPR,TGTVPRPFQG,train,1.1997476816177368,0.5775510668754578,1.0240609645843506,10
5017,HPPRQVTSGF,DMGWPLYVHG,train,1.470890760421753,1.1855918169021606,0.3605041801929474,10
3874,YGPRAVTDRY,SPPLSWRDGK,validation,0.5836476683616638,0.5128797292709351,0.024837732315063477,8
1733,KIPRPVMDMV,HMPRYHMISW,train,1.854477047920227,1.0794899463653564,0.9303094148635864,7
6111,LYPRSWQGNQ,YRPRNMSNEH,train,0.237934410572052,0.4469810724258423,0.1396486759185791,8
6270,YAPRTLNDNT,TVPYQIGDGN,validation,0.311651349067688,0.24075818061828613,0.20456701517105103,8
3785,FMPRNVHGPR,YDPLGQDYWL,train,1.6376118659973145,1.1829661130905151,0.9543037414550781,9
4949,ITVRWYTASG,VFPRDILYNL,train,0.6011475324630737,0.6676843166351318,0.7435667514801025,9
7036,MVPRGVTQWL,AMGRALFSPW,train,0.3390142321586609,0.25124603509902954,0.16287070512771606,9
6675,VWPRWLMDQR,LPRWYANQHA,validation,0.8485810160636902,0.4414724111557007,0.10407797992229462,10
10303,YQPYAWAVPS,FTPLGQIYWT,train,0.4027419090270996,0.16802334785461426,0.220849871635437,9
4719,IYPRAFHDEK,DRPRSLASWF,validation,0.6819708943367004,0.6912351846694946,0.209344744682312,8
222,VFPRQLTASG,GSPRTLVAKY,train,0.7853366136550903,0.17944109439849854,0.08288413286209106,6
3371,DHPVSLRGMY,QEPRNITGHG,train,0.0424351692199707,0.07770615816116333,0.6084595322608948,8
5416,IWPRSMLVNG,TWPRSMIDWI,train,0.08787274360656738,0.03673660755157471,0.3332698941230774,5
4034,YQPRSWINVA,KIPFGQVNTV,train,0.4933111071586609,0.38847893476486206,0.408532977104187,8
1355,QAPIPIRDEY,LFPRPIMDNG,train,0.18197095394134521,0.04069399833679199,0.3971107006072998,6
7002,GLPLNWRDAK,TSPRVASVPS,train,1.848597526550293,0.8534877896308899,0.347061425447464,9
7744,LWPKGMFGHI,TIPYGLSGPK,validation,0.01179814338684082,0.8573070764541626,0.9130855798721313,7
1138,PAPLPKSTIS,CNPLGIFSQK,train,0.19152480363845825,0.14155292510986328,1.2173439264297485,8
1266,VFPRASYSWQ,NKVYAWQAEH,train,0.36919111013412476,0.534142017364502,0.7539821863174438,9
6760,VHPSGFSGNW,RGVYGLTGSF,validation,0.05266118049621582,0.700724184513092,0.9340227246284485,8
7348,RKPVSWRTAS,EFPRPVMGQH,validation,0.7218464612960815,0.2973456382751465,0.5824559330940247,9
1175,MRPSGWTGQY,LHPSWLHNWL,train,1.1844598054885864,1.1115362644195557,0.06911605596542358,8
8931,FTPRWLIDMA,DLPKWIIARL,train,0.364635705947876,0.26212358474731445,0.377937912940979,7
8536,GYPRAFHDQI,KPPRSVIDRW,train,0.04998278617858887,0.25473320484161377,0.6372458338737488,7
1516,CGPRAFSDGW,FSVKGMYGEW,train,0.5553142428398132,0.6763819456100464,0.4996587038040161,9
9593,WKPVYYTASG,RFPRPIWASG,validation,0.6817537546157837,0.45519959926605225,0.15315663814544678,6
7432,GQPRPVYVTS,YWPSSWMGQG,validation,0.28248870372772217,0.06316065788269043,0.6115687489509583,9
1927,GMPRYMFAHQ,HPTAWLFNSQ,train,1.700124740600586,1.5624415874481201,1.3633983135223389,8
10874,FQPRSMLVGH,FEPRNIMYWK,train,0.695412278175354,0.7684265375137329,0.7052701711654663,7
814,YAPKWMRYNY,RTPIWMYVKT,train,0.29282015562057495,0.26054084300994873,0.1831202507019043,7
5699,NPPYSWRTWA,TRPSWLMYLR,train,0.11941850185394287,0.9083621501922607,0.3662245273590088,9
8235,RNPYNFINWG,NTPEWQHNQA,train,1.944047451019287,0.993818461894989,0.6257601976394653,8
4658,LWPRAYIGVH,VYPRPYWAVR,train,0.16153931617736816,0.15169918537139893,0.2973506450653076,6
6610,YAPRYWLDNG,VSPRWYSGTA,validation,0.4558194875717163,0.013167977333068848,0.46638256311416626,8
10911,YDPRSMRTGA,TVPRAVKNIW,train,0.13135898113250732,0.25139153003692627,0.8325063586235046,8
10490,TGPKGMYTVA,SGPLGFKGTA,train,0.35297250747680664,0.5939404964447021,1.3731257915496826,6
1952,VSPRAYRTIS,SDPRMLYTNH,validation,1.1264357566833496,0.6692459583282471,0.08990281820297241,7
8666,VAPRYLSAPH,YAPGSMVNTW,train,0.456265926361084,0.06202220916748047,0.18274855613708496,8
5999,ATPRGVTASG,RGVRAVTSGH,train,1.9290298223495483,1.434430718421936,0.6071594953536987,7
246,DVPKWMIGRG,QIPRNLYANG,train,0.1279587745666504,1.3153520822525024,1.0774725675582886,8
10627,GDPLAVRTNY,MSPVELRSGV,train,0.14626944065093994,0.2036808729171753,0.5883101224899292,8
669,DPPLTLHDNL,KVPQKLSDWS,train,0.047643423080444336,0.5386806130409241,0.8101913928985596,7
6632,LHPYMWISRQ,ISPMLLWNQL,train,0.696262001991272,0.7542110085487366,1.048088788986206,9
9734,MSPRWLYTPR,DQPRNLYSEG,validation,0.09368479251861572,0.36655640602111816,0.5984780788421631,6
9640,WRPRTLVVTF,KHPVALYSHG,train,0.34265846014022827,0.41307157278060913,0.20694345235824585,8
4950,RFPRDIRVQS,SVPIRMWAGL,train,0.06905943155288696,0.02740466594696045,0.12117522954940796,9
1485,TVPRAVSVWQ,ERPASWRGNF,train,0.5661834478378296,0.23661768436431885,0.10124385356903076,9
8621,CQPYSWRTES,HFPKWLYGRY,validation,0.8270525336265564,0.6175565123558044,0.37474632263183594,9
7116,WAPLGVQDPK,YIPAPFMDGW,train,0.02497410774230957,0.08365738391876221,0.6720973253250122,8
5017,DHPKSMQDNT,SFPNPLWLNY,train,1.0324337482452393,0.9624185562133789,0.3867923319339752,8
3874,ITPLGYQDAK,YPPLAVRTAH,train,0.11224162578582764,0.3592064380645752,0.4691290855407715,7
1733,TAPRSYIGWG,GVPRAVISEQ,train,0.1745903491973877,0.10043787956237793,0.0007175207138061523,7
6111,HTPLGYHDPH,EPRIARDQIG,train,0.7272763252258301,0.7103098034858704,0.3362596333026886,10
6270,VAPRVLISPS,DSPLDKIAEY,train,0.9021289944648743,0.3567700982093811,0.015906617045402527,8
3785,PVPKNWKGPT,ICSPRSKFSP,train,1.5294876098632812,0.8482419848442078,0.07773160934448242,9
4949,KEPKFLRSNR,RVLNSLYDEA,train,1.4594837427139282,0.2270759642124176,0.27800944447517395,9
7036,QSPRGMHDPR,VSPRSWIGES,validation,0.44754552841186523,0.24567663669586182,0.08052444458007812,7
6675,LVAKWLFGPV,FAPRWHWDLA,train,0.48302561044692993,0.1031494140625,0.15463203191757202,9
10303,HWPRQIFDLW,IDPRDIHLSL,train,1.7129266262054443,1.5894914865493774,1.4725213050842285,7
4719,GNPRALWDIW,IPPRPYRHQL,train,0.5486865639686584,0.037461042404174805,0.37083303928375244,8
222,APVRGFYGAQ,VAPRSHYGWY,train,0.2555357813835144,0.16041719913482666,0.013752937316894531,7
3371,GQPRGWRTAS,YQPEPMYNPG,train,0.06914389133453369,1.0082728862762451,0.016515612602233887,8
5416,SVPRAILDPY,PMPRYLTGTR,train,0.1639997959136963,0.6994528770446777,1.214254379272461,8
4034,IHPRAWSGPR,GVPRAVASPH,validation,0.3877127766609192,0.031221747398376465,0.36731624603271484,6
1355,HIPRWLMDGF,IMVKHIWNQG,train,1.7259446382522583,1.322595477104187,1.0510056018829346,10
7002,FGPYAWSTAS,VRPLNFADKF,train,0.1962224245071411,0.6198603510856628,0.26349973678588867,9
7744,IAPRSWTGTV,YTPRNYWQWK,train,0.7943179607391357,0.634297788143158,0.12847961485385895,8
1138,VGPRSYSSIS,TFPRAIVSEH,train,0.1989588737487793,0.40501606464385986,0.05643802881240845,7
1266,HWPRGQYGPA,TVPRAWTGKF,validation,0.008853435516357422,0.5349581241607666,0.22747933864593506,7
6760,VAPKWLAGRS,GTPRSLYASV,train,0.11891674995422363,0.5800679922103882,0.3062455654144287,8
7348,YQPRAVLDGW,TKPVAYLSHW,train,0.2679711580276489,0.6134423017501831,0.31932222843170166,6
1175,VQPRSWTGWQ,FWPSGWTATG,train,0.05771350860595703,0.04775393009185791,0.0011639595031738281,7
8931,GYPRSLVTLT,TWPVSLQDTW,validation,0.6664658188819885,0.03596830368041992,0.009360134601593018,7
8536,YTPRGMVDVI,WYPSWVRAVR,validation,0.6054379940032959,0.19106507301330566,0.526523232460022,8
1516,IRPRSLYANG,HLVRASTASG,train,1.295253038406372,0.42457258701324463,0.4329618215560913,7
9593,SGVKAMWDTA,YTPRSWTGHW,train,0.5210525989532471,0.25965917110443115,0.019807755947113037,10
7432,THPSAYRDSI,NMPSSYRGSA,train,0.37613236904144287,0.03254294395446777,0.8862835168838501,5
1927,SNPKGMHANA,WYPRGMHGIY,train,0.19117605686187744,0.02349400520324707,0.0521547794342041,6
10874,LAPRYLYDSW,GKWASMRTWL,train,2.072629928588867,1.6899200677871704,2.3716089725494385,10
814,KHPKGMVDGF,GQPVPAMGPL,train,0.33139073848724365,0.1130145788192749,0.18201416730880737,9
5699,TNPKWMRNPY,LSPAHYIQPH,train,1.2468082904815674,0.6819725036621094,0.6525977253913879,8
8235,NYPRAFQDPK,VDPQGMWGKQ,train,0.009795188903808594,0.6218538284301758,1.339493751525879,9
4658,HTVRGYTASG,LGPTPWYNWY,train,0.7530791759490967,0.6308597326278687,0.3400071859359741,10
6610,FYPRGMYGEG,MRPRGYIGPI,train,0.18989086151123047,0.14613795280456543,0.15829765796661377,6
10911,MVPRSVQIPW,GPVRALIVGY,validation,0.14564353227615356,0.30613774061203003,0.6774167418479919,9
10490,ILPRSWTASG,GQPMRWTASG,validation,0.17463141679763794,0.2745262384414673,0.4355701208114624,4
1952,MAPRYWTGAQ,PGPRSWTNWI,train,0.13382625579833984,0.18306970596313477,0.05699855089187622,6
8666,KSPRGMTEGW,VSPRQLIDML,validation,0.1542675495147705,0.141096830368042,0.01146697998046875,7
5999,INPRDVRAMF,MRYAPSTASG,validation,1.793658971786499,1.5388925075531006,0.9345529675483704,9
246,NRPRWLITIA,KQWYGLISGH,train,0.6974271535873413,0.34459012746810913,0.3263789415359497,8
10627,YAPLHYRDPG,VAPEPLNDQV,validation,0.27014875411987305,0.05755758285522461,0.29721546173095703,7
669,YAPSDLWDQG,ASPVSLSVMK,train,0.9579656720161438,0.8559462428092957,0.5792794227600098,8
6632,WAPRTLVSVQ,AIPGAFTASG,train,0.2969179153442383,0.017038583755493164,0.3766970634460449,9
9734,VTPSGMYTMG,FIPTGLRVIQ,validation,0.0433121919631958,0.7448437213897705,0.7978781461715698,8
9640,MNPKQLHANH,RHPKFLYNPW,train,1.0948100090026855,0.5186758041381836,0.42091476917266846,7
4950,VAPRFMTVGR,ESPRNLMVWV,train,0.9723783731460571,0.7397494912147522,0.8329048156738281,7
1485,PIPRSWRGYG,VVPRVLSGMG,train,0.5339329838752747,0.5141143798828125,0.11924964189529419,6
8621,QWPRKLYDPQ,SNPFKSYQRT,train,1.8307201862335205,1.5103962421417236,1.5498433113098145,7
7116,YTPRSWTDTA,GMPRSHYDPG,train,0.48771005868911743,0.13129067420959473,0.08386087417602539,6
5017,EVPRQVRSVG,RKPGNYTASG,validation,0.6534278988838196,1.0276349782943726,0.3733239769935608,8
3874,PRPRSVRDGI,YQPRKYLDLY,train,0.4750167727470398,0.21378004550933838,0.05169558525085449,7
1733,YTPRSYRGPL,EGPRAVMNWA,train,0.1621474027633667,0.06577062606811523,0.0711822509765625,8
6111,VWPRDMKAWH,NTPIHMHSER,validation,0.9437509775161743,0.2595725655555725,0.013497814536094666,8
6270,CYPRAVTASG,HYPLNSWDEG,train,0.3314903974533081,0.10568809509277344,0.2251008152961731,7
3785,AFPRMLWSEV,GTPMSWTFAS,train,0.5135952830314636,0.31554150581359863,0.8887814879417419,9
4949,PYPGSMWGMA,LAPRYWNVQA,train,0.5806864500045776,0.6043165922164917,0.5568344593048096,8
7036,YSPRGMQTIY,EKPRSLLSTW,train,0.021077632904052734,0.6154941320419312,0.10857564210891724,8
6675,SIPRGFISMA,SHPRAIMNMG,train,0.02994680404663086,0.6326634883880615,0.2685616612434387,6
10303,LKPAPWTDLI,RFPKSYVMRY,validation,0.4778629541397095,0.5377172231674194,0.5360337495803833,9
4719,QFPKGMYTQY,GYPRAFKSEV,train,0.31120121479034424,0.1052091121673584,0.05385851860046387,9
222,TQPIHMLDPF,GPWMPLPNPH,train,1.3051284551620483,0.8485872745513916,0.48941442370414734,9
3371,DKPAGMTASG,LQPAWMRGWA,train,0.12618374824523926,0.004618167877197266,0.16329991817474365,7
5416,KAPRFLYDNG,SKPRMLQTMG,train,0.4271166920661926,0.4422333240509033,0.7347372770309448,6
4034,YQPRSWKTAS,YNVRAFRSVR,train,0.36456298828125,0.27095186710357666,0.17800337076187134,8
1355,SMPRWIMDGT,TIPYHLYDSK,train,0.6636637449264526,0.5018015503883362,0.8196237087249756,8
7002,HTPLGQSTSG,WDIRMLYNWT,train,1.1473941802978516,1.6060951948165894,1.3194081783294678,10
7744,WLPRGYTGAG,VNPKGMFGPF,train,0.046846866607666016,0.27154064178466797,0.2197328805923462,7
1138,YGPRAIHAEG,TVPQMIKAIH,train,0.37300384044647217,1.2465091943740845,0.968719482421875,7
1266,QAPVSYHGWT,HLPRPFWSTY,train,0.24783992767333984,0.33940279483795166,0.09825944900512695,9
6760,MWPKGMYNSF,PTPRSLTDMW,train,0.009141087532043457,0.4528915286064148,0.538938045501709,9
7348,GRPRSYSAGI,FVHRAMRGPW,train,0.44109123945236206,0.32936662435531616,0.054386138916015625,9
1175,TVPRAWTGPW,TFPYGMYGQR,train,0.10205614566802979,0.7672219276428223,1.3340421915054321,7
8931,HVPRWLSDTY,YFPRWMSNWQ,train,0.2792764902114868,0.24339210987091064,0.14315715432167053,6
8536,NFPRSYLDEV,VTPIPVHDKV,train,0.8118433356285095,0.5555167198181152,0.4323722720146179,7
1516,MTPSGVTASG,MTVYSVYASG,train,0.7997993230819702,0.5760822296142578,0.22640231251716614,4
9593,WRPSWVTASG,HNVRGLWSGF,validation,0.1334000825881958,0.30646681785583496,0.36709076166152954,10
7432,WTPKSYVDGA,HMPRYWMDTG,train,0.35545825958251953,0.03893482685089111,0.2572895288467407,8
1927,VNPRGIHGMW,WGPSHLIGWT,train,0.2854961156845093,0.7178882360458374,0.3127790689468384,8
10874,HPPRNYWAFN,DWPRSMWNTW,train,0.3103088140487671,0.1528301239013672,0.3302266597747803,7
814,GIPKQFMGWF,RKPAPVSVML,validation,0.7734901905059814,1.4879469871520996,1.5993934869766235,9
5699,LWPRAWQVAK,FSPLSHLNTK,train,1.3092734813690186,1.0363454818725586,0.36960482597351074,8
8235,ADPLGWRDWG,ALPRPFWNGV,train,0.24101626873016357,0.1066277027130127,0.0066422224044799805,8
4658,MEPRNYWGPK,MPTAWYTASG,train,0.7447196841239929,0.475658655166626,1.2283369302749634,8
6610,VRPRSWIDWY,TRPRWYQNWK,train,0.7435708045959473,0.741438627243042,1.2622170448303223,6
10911,GTPRSMVTVA,SGPAPMVLEL,train,0.6600542068481445,1.2461237907409668,1.8668463230133057,7
10490,YKPAGVKGSW,VPWGNMRVNK,train,1.7123408317565918,1.691117286682129,1.3255949020385742,10
1952,IYPRGYWSTL,VWPREYIGWL,train,0.43026530742645264,0.14024293422698975,0.16137760877609253,6
8666,PEPKGMVYPQ,GSPRGHYNAG,train,1.8913638591766357,0.40411698818206787,0.044490963220596313,8
5999,TVPRGVQAHG,GQWMAYTASG,train,0.5652177929878235,1.1028575897216797,0.8335829377174377,8
246,WIPRWLTASG,VKPSWLYAHG,train,0.08656609058380127,0.02437591552734375,0.5390852689743042,5
10627,PKPVPLYDLA,IRPANLTDGH,train,0.01886606216430664,0.5747842788696289,1.2658215761184692,7
669,QAPRGVVNMY,AIPAWMKDPF,train,0.345064640045166,0.321048378944397,0.5090210437774658,9
6632,TRPRQYTASG,KNPRNYRDNT,train,0.17231810092926025,0.7145034074783325,0.26032084226608276,7
9734,WQPRAYRTLT,GYPRSLIAHW,train,0.7150201797485352,0.4291906952857971,0.30237436294555664,8
9640,HRPRDLYDEW,QLPRVLSGAH,train,1.224745750427246,0.8359256982803345,0.6773461103439331,7
4950,FMPRTLLTGY,PRPRGLVYST,validation,0.22823858261108398,0.4030783772468567,0.453718900680542,7
1485,PTPRSYTGPQ,MWPASWTGIH,train,1.1818318367004395,0.5413663983345032,0.05185088515281677,6
8621,GVPRGVFDTY,GPPYNLYKTS,train,0.14797985553741455,1.483505129814148,1.487056851387024,7
7116,YQPVPYIDPK,EVPRFVRTGA,train,0.48555415868759155,0.10963881015777588,0.011577427387237549,9
5017,GAPRSWTGSL,PERLARFIRP,train,1.1809989213943481,1.169014811515808,0.9708533883094788,10
3874,CKPRSYLDVK,SMPRPFSDKS,validation,0.4028981328010559,0.4063969850540161,0.20646220445632935,7
1733,LHPRSWISNK,HFPRSWSTVK,validation,0.47212690114974976,0.32274365425109863,0.29546457529067993,5
6111,PYPRSLVTAW,HQARNMWDIF,train,1.128800392150879,0.05394500494003296,0.49473488330841064,9
6270,IQPKQLNVPY,RSALDMHAWP,train,1.1659784317016602,0.7251154184341431,1.1327458620071411,10
3785,RMPKGMHDKY,LMPRDVRTHA,train,0.20868217945098877,0.027100563049316406,0.08130323886871338,8
4949,WTPRSMVLPY,LGYMNLRTAS,train,0.42037445306777954,0.8114443421363831,0.7102761268615723,10
7036,MTPKGMKTVS,KMPRGMKTMS,validation,0.1276189088821411,0.3892636299133301,0.8991929292678833,4
6675,WPPRYYMAGV,AWPRSWTGMK,train,0.4736630320549011,0.319146990776062,0.15787941217422485,8
10303,DWPREFRDPY,KTPRAFSDWW,validation,0.17494571208953857,0.3458132743835449,0.1369708776473999,6
4719,GPPVNLRDSL,ILPEWHFGIV,validation,1.975487232208252,0.6762120723724365,0.27819257974624634,9
222,SGPRSYIMTA,QLPRFVMAIA,validation,0.14394700527191162,0.17900598049163818,0.20499777793884277,7
3371,IFPAGMTVKG,YRPRNILAWA,train,0.23345541954040527,0.42435842752456665,0.1604832410812378,9
5416,DAPRMLHDPK,FYPSSLWSIL,train,0.5639157295227051,0.30095207691192627,0.7779690027236938,8
4034,DVPVWMRGGT,QTPRSWTASG,validation,0.4330955743789673,0.2618546485900879,0.0017648935317993164,9
1355,WNPRPLTDLT,WNYRGLRDPV,train,0.9993991851806641,0.222922682762146,0.20527943968772888,5
7002,WTPRSYVMWK,YAEYQLHDPV,train,1.1610912084579468,0.44830137491226196,0.6902502775192261,10
7744,TEPMWSTASG,KSPRGYHPID,train,0.9935959577560425,0.6839459538459778,0.043869584798812866,9
1138,AMPRYMWVNY,MPPRSYLNIV,validation,0.13593292236328125,0.28120195865631104,0.22051703929901123,8
1266,RTPTGLWDVK,QAGSNFYPGH,train,2.5949807167053223,1.548219084739685,1.412481427192688,10
6760,EYARAMTGMR,DSPLSIAGPT,train,1.1021084785461426,0.31208163499832153,0.30730438232421875,9
7348,KGPKGWRTAS,WVPRNVRTKL,train,0.2073153257369995,0.5469629764556885,0.22305059432983398,7
1175,WTPRSYMGNK,RNPFGYTGRQ,train,0.45376884937286377,0.2291581630706787,0.9105195999145508,7
8931,TMPRWYIDET,VYPRNFYDIS,train,0.011970996856689453,0.08545041084289551,0.13017934560775757,7
8536,MNPRDIMATK,MAGLAILGPG,train,1.0984145402908325,0.3906692564487457,0.2710992395877838,8
1516,LTPRSWTASG,DSPLGFHTGK,validation,0.014417409896850586,0.07720088958740234,0.5248738527297974,9
9593,RIPRSMYDAI,GRPRMLMAVY,train,0.04764854907989502,0.7633044719696045,0.2585688829421997,8
7432,PTPRNYMGVY,PGPYPLKGTQ,validation,0.062294721603393555,0.9871338605880737,0.8728313446044922,7
1927,MHPRSMWSIV,GKVIPIWDPQ,train,0.8221838474273682,0.1710301637649536,0.021935492753982544,9
10874,DWPRSMVNSW,MNVRALRYES,train,0.35917699337005615,0.8323633670806885,1.330927848815918,9
814,LMPRGVTASG,PTPVWMTASG,train,0.16822397708892822,0.6156373023986816,0.2511173486709595,5
5699,YTPLGYINQA,VGPYGLYKLV,train,0.04407978057861328,0.8347644805908203,1.2513377666473389,8
8235,TIPVNMWNQS,DWPAGLSNEY,train,0.9397350549697876,0.28395771980285645,0.41488516330718994,8
4658,PFPRNYFGIQ,GSVWGILWDT,train,2.327543258666992,1.43479585647583,0.7951805591583252,10
6610,LWPRAFTASG,YKPLGYWDGY,train,0.09510660171508789,0.14959657192230225,0.42032742500305176,9
10911,WAPRGMRVEF,HAPRSLVVGI,validation,0.49939191341400146,0.6154863834381104,0.4023773670196533,6
10490,KQPRSWTGPW,LGPRYLWSHL,validation,0.2884383201599121,0.41511595249176025,0.012580662965774536,8
1952,YQPRSWIAAF,MTPLWSQIMA,train,0.9038195013999939,1.0659509897232056,1.0139427185058594,9
8666,AQPRNVTASG,AGPHPLTYTW,train,0.1699274778366089,0.9724907279014587,1.6052626371383667,7
5999,MRPRGNTGPG,FAPASGQTAG,train,0.8944871425628662,1.0452854633331299,0.33006566762924194,8
246,VPVRWLTASG,ASTRWLMGVI,train,1.48178231716156,0.5782653093338013,0.3479887843132019,7
10627,CKVLGLSDAR,YNPVYLTDSI,train,0.6468348503112793,0.11319434642791748,0.013235270977020264,8
669,VSPKQLKTNH,NHPLAVKDNC,train,0.053743720054626465,0.03556942939758301,0.1783401370048523,7
6632,FQPKGVQGQK,QTPAQVYTWY,validation,0.7027537822723389,0.4933931231498718,0.35200783610343933,8
9734,IVPKSLWAIF,GDPRNLTMGV,train,0.4204133152961731,0.6252833008766174,0.8150308728218079,8
9640,ARPRSLWTAS,AVPRLLSALQ,train,0.28241562843322754,0.3415457010269165,0.30319714546203613,6
4950,GSPIGLTVKG,TAPKLLTFVI,validation,0.4832874536514282,0.6152408123016357,0.7505855560302734,7
1485,SEPRGVWTIS,LSPRMLANTY,validation,0.9887317419052124,1.235276460647583,0.5556348562240601,8
8621,QWPRFLVDPL,IKPAQLTNSH,train,0.22340649366378784,0.6942317485809326,1.0282140970230103,8
7116,GAPAYWRTEG,FIPFWAHTWG,train,0.9925388693809509,0.41928255558013916,0.38924628496170044,7
5017,RQPASWRTNL,LNPRAYHYRG,train,0.1813051700592041,0.2325153350830078,0.3090789318084717,9
3874,VMPSGWSGEG,PTLDWISYKA,validation,1.354764461517334,1.3567240238189697,0.5730729103088379,9
1733,SYPRAFKGNG,YSPRAWQAIR,train,0.009789466857910156,0.4174954891204834,0.01972264051437378,7
6111,QFPRDIRTGF,TKPKWMKSEK,train,0.2487630844116211,0.04462707042694092,0.10921740531921387,9
6270,NVPRQVIDHA,SGPRQLADLQ,train,0.215806782245636,0.7093195915222168,0.6722720265388489,6
3785,FKPVAWQGSR,IGWRAFYSAV,validation,0.9021892547607422,0.4756484031677246,0.15777188539505005,9
4949,FAPKFLHSQG,PMVLGISVPL,train,0.11278706789016724,0.5497868657112122,0.5722969770431519,10
7036,AWPRSWRANR,SMPRNIKMPH,validation,0.2254471778869629,1.01673424243927,1.3883087635040283,8
6675,VWPRSMYNEG,WAPRSLFGKW,train,0.09901309013366699,0.4798990488052368,0.11952602863311768,7
10303,VIPVAYVNES,APVYPFWDML,train,0.45674437284469604,0.2021644115447998,0.11631649732589722,10
4719,VNPRMLQSES,TAPAYWQVEV,train,0.4986897110939026,0.1434270143508911,0.5171778202056885,7
222,TWPRSWRALW,LSPRWYQNIG,validation,0.2845427393913269,0.11398112773895264,0.2683592438697815,8
3371,NRPVWMTNGA,TSPRWMLNPH,train,0.18859899044036865,0.08192455768585205,0.02072817087173462,6
5416,WHPVSLVTPL,QWPRFLHDMY,train,0.7595715522766113,0.045757174491882324,0.23382967710494995,8
4034,VRPRSWYGTG,HSPRWLMSHT,validation,0.47858506441116333,0.8594537377357483,0.3914882242679596,8
1355,LWPRFILDEA,MWPRFLSDVR,train,0.27271848917007446,0.31450986862182617,0.043900251388549805,5
7002,YWPREVMDIW,IHEAWFSDAF,validation,1.9688668251037598,1.4720181226730347,0.8277562260627747,9
7744,VEPRNYTGWT,SVPSAVKDKI,train,0.7958564162254333,0.28374266624450684,0.05677849054336548,9
1138,IVPKNQMDAR,HRPRSLYSQS,train,0.45811283588409424,0.38367360830307007,0.3284432888031006,9
1266,WLPRAVYSQS,AFPANWTASG,train,0.23056387901306152,0.458346962928772,0.3685678243637085,9
6760,EMPKGMSGGW,VTPRGMSGQL,train,0.34815049171447754,0.03860461711883545,0.2896416187286377,5
7348,WLPRAVIVPS,FWPRAYRSWQ,train,0.1523529291152954,0.3292146921157837,0.12131142616271973,7
1175,HIPRPYWNPT,YAWGNMYGPK,train,0.6807469725608826,0.6007887125015259,0.28774312138557434,9
8931,HIPRWMLDLA,LDPVWMTASG,train,0.013264656066894531,0.10306918621063232,0.9798685312271118,7
8536,MVPQWVKDIG,IGWRAMTASG,validation,0.485554039478302,0.3367159366607666,0.5422455668449402,9
1516,EGPKGMRGNT,LPRSARSVLH,train,1.3642115592956543,0.957315981388092,0.6406592130661011,10
9593,VKPRAVTASG,GLPLGVMTAS,train,0.02659618854522705,0.5114476680755615,0.1899949312210083,8
7432,TYPRAYQSLY,RYPFNSQGEW,train,1.2537716627120972,0.4498916268348694,0.2823903560638428,7
1927,HLPRAVISEW,NSPRGVHVTG,train,1.2013112306594849,0.29127609729766846,0.055042386054992676,7
10874,FWPVGMYTEF,LPPVAIWYIK,train,0.27846992015838623,0.8381556272506714,0.7607769966125488,8
814,AYPLRSYSEY,WVPRVLSDWL,validation,0.6406634449958801,0.43897175788879395,0.048596978187561035,9
5699,CAPRSWTNGQ,ESPYPLWNSY,train,0.41069620847702026,0.7346567511558533,0.5991066694259644,8
8235,GYPQSWRTPY,QLPTGLQRTQ,validation,1.5806195735931396,1.7552729845046997,2.641594409942627,9
4658,DRPRPFMAGQ,MSWSHWTATG,train,2.5407609939575195,1.4883317947387695,0.9862804412841797,9
6610,MGPVMYIGPW,FPQRSLYGVS,train,0.5793264508247375,0.40716278553009033,0.3106266260147095,9
10911,VAPRSMTVKS,STPRGMWNMI,train,0.1885066032409668,0.07321286201477051,0.12484776973724365,7
10490,FQPRNYIGKQ,GWASGMVGPL,validation,0.83877032995224,0.03596794605255127,0.0121079683303833,9
1952,ITPRNYIGFQ,RFPRPVRQPG,train,1.8865584135055542,0.8214579820632935,0.5740267038345337,8
8666,GAPRTMIDIG,GEPKGSIYPY,train,1.5975565910339355,0.9347249269485474,0.6645227074623108,7
5999,VNPRGMHGTH,KIPRGVRVGV,train,0.09902095794677734,0.41396331787109375,0.3673642873764038,7
246,GIPRAVTASG,GNALIRTASG,validation,2.2652087211608887,1.9804177284240723,1.6311659812927246,5
10627,YWPVSLRTVR,EQPNYITDIG,validation,1.4251090288162231,0.5791686773300171,0.5748245716094971,9
669,RRPVQLTASG,RVPKRLSGER,validation,0.704375147819519,0.1331382393836975,0.43117639422416687,7
6632,SRPRQYLDVT,SKPVYLVTPH,train,0.485831081867218,0.8357146978378296,0.7598328590393066,8
9734,WVPKGMYVHK,NWPRMLSGQH,train,1.0933605432510376,0.8213433027267456,0.2970302999019623,9
9640,LWPRELSVKI,SEPIALWGVF,train,0.040384769439697266,0.019781112670898438,0.33699822425842285,8
4950,VPPRVLIVAK,ESVRAHFTAS,train,1.7346868515014648,1.2154812812805176,0.9755237698554993,8
1485,AFPRNYTGMT,ILPRAVLNTS,train,0.4741804599761963,0.24247562885284424,0.4689241647720337,8
8621,NVPKQIWDHR,ILARALHDKF,train,0.8703117370605469,0.7581460475921631,0.7340884208679199,9
7116,FRPRAVKDHG,LGPSPFHDYQ,train,0.4130081534385681,0.3936964273452759,0.4657752811908722,8
5017,QAPVAFTSEQ,EIPMRLVDNK,train,0.1495436429977417,1.0217547416687012,1.229598879814148,9
3874,WRPSAFRYPA,ESIRHLFAES,train,1.2481881380081177,0.7756766676902771,0.7216687202453613,10
1733,NTPLGQIYPG,PHPRSWQSRQ,train,0.2482680082321167,0.21877634525299072,0.04652893543243408,9
6111,RQPLSWVSTS,KTPRNMIDIY,train,0.11947953701019287,0.20935380458831787,0.47373104095458984,9
6270,HVPRQVTVIA,EPRNRRAKHQ,train,1.6916112899780273,1.6621795892715454,1.6328604221343994,10
3785,FAPLGSHDWQ,VFPSDQRTPK,train,0.300406277179718,0.417533278465271,0.33234816789627075,9
4949,FMPRDILDYH,RPVLAMWDHW,train,0.3081420660018921,0.0567859411239624,0.5405622124671936,9
7036,EYPRGMHNTR,KFPRGMKSTF,train,0.10506677627563477,0.5174967050552368,0.08204221725463867,5
6675,SAPRSWTASG,VGPRFLYPGS,validation,0.2718990445137024,0.6512841582298279,0.3862225413322449,8
10303,FDPRDIRTNG,NEPKGVYYTA,train,1.0934416055679321,0.5041694641113281,0.6049714088439941,9
4719,AVPRAVHDWT,GLPRSWRDTS,train,0.4083237648010254,0.35872018337249756,0.17559689283370972,7
222,DTPRQMKGMA,FHPSRMVNSW,validation,0.7669744491577148,1.0399212837219238,0.3532738983631134,8
3371,EPPRGMKTQW,LWPRELFASY,train,0.04607439041137695,0.3557310104370117,0.14317381381988525,8
5416,KPVYGLKDTG,KFPRPITASG,train,0.14075380563735962,0.43474507331848145,0.5639005303382874,8
4034,RGPRSWTASG,YGPYHILSTG,train,0.05743062496185303,0.7478634715080261,0.36489540338516235,7
1355,YQPTGLTDPY,NRPRSLLDPY,validation,0.04818618297576904,0.06953763961791992,0.03885209560394287,5
7002,MTVRAFTASG,VWPSTLTASG,train,0.37946778535842896,0.7234659194946289,1.2449705600738525,6
7744,VFPRSWTASG,SAPRYWTASG,train,0.3281209468841553,0.041916489601135254,0.05766111612319946,3
1138,IHPRSMKTPW,VSPLSWVDIL,train,0.7367240190505981,0.19876015186309814,0.12715879082679749,8
1266,MKPSGQTVTA,YQLPRANWRG,train,1.5841580629348755,1.2082138061523438,1.736471176147461,10
6760,YSPVAIWDTI,RSPLGIFDHA,train,0.27755171060562134,0.3607591986656189,1.0106346607208252,6
7348,RVPRSYRDWV,YSPRPYLGAR,train,0.24420452117919922,0.09798729419708252,0.5947958827018738,7
1175,YHPRAFWGVY,VLPRSWYGQA,train,0.28376126289367676,0.167769193649292,0.04079151153564453,7
8931,VFPRNLWTWS,GSVAWLISQI,train,0.687847375869751,0.312061607837677,0.09566786885261536,9
8536,FQPRSWRAEW,NRPMWIRSWF,train,0.2253727912902832,1.030982494354248,1.437292456626892,8
1516,ERPRGVTASG,ISPRVMSGTA,train,1.217259407043457,1.129389762878418,0.1645878255367279,8
9593,LNPKGVYDWA,RVPKNQMDGW,train,0.0009251832962036133,0.378246545791626,0.4958909749984741,7
7432,WNPSWMRTAS,GSWAWLSGMK,validation,2.040762424468994,1.0883182287216187,0.7740963697433472,9
1927,DGPKGIITAS,TGPYHIRATA,validation,0.016651272773742676,1.1258788108825684,1.0601806640625,7
10874,NLPRPLWDLQ,TVLGNYLSTF,train,1.8989455699920654,1.0262231826782227,1.1085028648376465,10
814,PMPVGMHTAS,IYPRGMHAMT,train,0.7977182865142822,0.08469176292419434,0.16370129585266113,6
5699,MCPKSMLNQR,HLPYFLMNPT,train,0.5662793517112732,1.0659732818603516,1.5561532974243164,8
8235,YNPRAFMGQS,MWPLGFYNGR,validation,0.007044434547424316,0.2675325870513916,0.5534385442733765,8
4658,EAPRSYIGVY,LNPAHYASNG,train,1.1511915922164917,0.7276761531829834,0.3315616846084595,8
6610,GHPRSMLTAS,KFPRSMLNEQ,train,0.5398033857345581,0.28084421157836914,0.06555867195129395,5
10911,TGPKLLFSVG,FRVTALFNPA,validation,1.1608622074127197,1.1229122877120972,1.0674606561660767,8
10490,DKPSGMLNPG,PTGRPFTVGT,train,1.7274614572525024,0.9931367635726929,0.41356945037841797,10
1952,QHPRAFTGNY,LWPAWKHNTK,train,2.1698241233825684,1.5711053609848022,1.3982750177383423,9
8666,TWPRQLKTWR,SVIRPLQVPI,train,0.7686312794685364,0.3711421489715576,0.28054213523864746,8
5999,YGPRAMKDPF,TDPKGMIYSY,train,1.2222914695739746,0.3410836458206177,0.17046338319778442,8
246,WDPRWMIAGK,NKPVWMLGHR,train,0.3227764368057251,0.0015475749969482422,0.05250740051269531,7
10627,HNPKQLTASG,RKVLALQDMG,train,0.24265921115875244,0.39685094356536865,0.4133070707321167,8
669,SWPRELTVGY,WKPSKLTVNY,train,0.100067138671875,0.6244907379150391,0.9466208219528198,5
6632,CFPRDYMVPN,IAPRKFHAQF,train,0.3391466736793518,0.34929966926574707,0.3093678951263428,8
9734,FAPARFIGWG,YSPVALYTIY,train,0.172959566116333,0.6455954313278198,0.05225062370300293,9
9640,SVPRQVLSPW,AKPHRIFDHA,validation,1.1946120262145996,1.0482516288757324,0.19324204325675964,9
4950,AVARALWSEK,PRTAWLDANL,train,1.9343711137771606,0.9437791705131531,1.0663906335830688,9
1485,NHPRSWTASG,MSPRKFTGWY,train,0.5177118182182312,0.10165250301361084,0.15773963928222656,7
8621,GDPYPLWTPK,SYPIPIWKAK,train,1.1414774656295776,0.4804932773113251,0.5572364926338196,6
7116,KTPKWIMSGA,GAPVPFANTF,train,0.7717083692550659,0.4951087236404419,1.0341299772262573,9
5017,HWPRGMTASG,TQPFNFLANL,train,0.3200291395187378,0.43931257724761963,0.8306299448013306,8
3874,WKPAPWTAYT,SVPSAILDSF,train,0.03200012445449829,0.3424193263053894,0.6823405623435974,9
1733,YIPRAFMKPI,RQPRGIWANK,validation,0.19686460494995117,0.34782248735427856,1.4763753414154053,8
6111,TKPRWMRDMI,TVPKWIHVMA,validation,0.4465169906616211,0.20077764987945557,0.15371763706207275,6
6270,FTPRGQISWR,TSPKLITDPY,validation,1.2511389255523682,1.0770694017410278,0.4154069125652313,9
3785,HYPRTLMDPF,LWPRELIKWW,train,0.3519268035888672,0.29071593284606934,0.41376978158950806,7
4949,TSPVALWGPY,KAVWGIHQWH,train,1.895931363105774,0.9468724131584167,1.0293926000595093,10
7036,FGPRSMKTWA,FNPRGMKTAI,train,0.0741732120513916,0.03206372261047363,0.6793504953384399,4
6675,MAPRYWYTAS,EFPVWMSGPH,train,0.70436030626297,0.035138726234436035,0.19288700819015503,9
10303,NVPKNVWSGG,PFPREVWGIW,train,0.057852745056152344,0.038608670234680176,0.150124192237854,7
4719,YNPVAMHDWQ,NFPQWVTPWK,train,1.0933854579925537,0.8251564502716064,0.34179139137268066,8
222,LGPRSYTASG,SGPRAMVGTA,train,0.25248122215270996,0.3037996292114258,0.8284249305725098,7
3371,WGPASWRTNQ,EQPRWMLDVQ,train,0.05276918411254883,0.010698080062866211,0.3524395823478699,8
5416,HPPRSLTDQS,WSPRYLIAEL,train,0.1585894227027893,0.20352351665496826,0.21950387954711914,7
4034,GIPRPVMSPK,YQPAWLSGKR,train,0.2375173568725586,0.4120861291885376,0.04312944412231445,9
1355,GYVRALWDNL,WTPRSLSDTS,train,0.09694582223892212,0.029477357864379883,0.13323575258255005,7
7002,SGPHAYIDPG,DWYRPLLYIA,train,0.0374375581741333,0.22539997100830078,1.0667833089828491,10
7744,VLPRSWVGES,STPIAWTMHI,train,0.8049635291099548,1.5303833484649658,1.6943576335906982,8
1138,NQPMAWTVHK,QKAKGIKSPW,train,0.4976256489753723,0.18363887071609497,0.24806839227676392,10
1266,WDPRAVYASQ,RWPVSYWVMF,train,1.0943732261657715,0.763579249382019,0.5005161166191101,9
6760,HTPRSLWAIG,STVYGLTSHQ,train,0.807115912437439,0.2339521050453186,0.2549901604652405,8
7348,LRALPWIANA,RAFRSMTASG,validation,0.8114132285118103,0.11272966861724854,0.6109588146209717,9
1175,LFPRWFTGPR,LRPRSWTGAH,train,0.15267550945281982,0.44264650344848633,0.15012294054031372,5
8931,DLPVALYSQY,GPTLPQKDAW,validation,1.8462719917297363,0.895851194858551,0.7875873446464539,10
8536,GAPRAVMTGH,KDIRNYIGAT,train,1.4550204277038574,0.9919335842132568,0.30185550451278687,9
1516,RYPRAFYSPH,GWPAPVAVIL,train,0.7316368818283081,1.2549728155136108,1.3927037715911865,9
9593,EGPRYLYTGF,SDPRDYTGMK,train,0.6503562927246094,0.14824140071868896,0.03067106008529663,8
7432,YWPVPLWSQA,RVPAYLQSGW,validation,0.238847017288208,0.6298429369926453,0.6502503156661987,7
1927,GWPRWMRTAS,VNPRMLYTNS,train,0.10858440399169922,0.5260878801345825,0.13012945652008057,6
10874,TVPRNIWDIG,GIYASMRTWL,validation,2.1937708854675293,1.6025311946868896,1.2478817701339722,10
814,FTPRSYTASG,SGPRSYSATL,validation,0.6157455444335938,0.09274756908416748,0.050224363803863525,5
5699,YRPRSLLNEW,HPLYSWRVRG,train,0.9985201358795166,0.4837772846221924,0.44259214401245117,9
8235,MEPTGLTDLQ,GLPLNWRAHA,train,0.4772071838378906,0.34131383895874023,0.6088370680809021,9
4658,TQPRPFYAPF,PSPTGQFYHI,train,2.0792601108551025,1.371995210647583,0.6065127849578857,9
6610,WAPREVFGQF,WAHGSMWNAY,train,1.8827509880065918,1.75626802444458,0.8676131963729858,8
10911,TVPRWVMDMA,IPPAGVTASG,train,0.2338552474975586,0.3214733600616455,0.9071704149246216,8
10490,VAPRYWTSNL,ISPAWLWDVI,train,0.5798404812812805,0.3278545141220093,0.3150140047073364,9
1952,GLPRAYFGWQ,MWPRFITAWG,train,0.5893880724906921,0.5520979762077332,0.04276084899902344,7
8666,VHPRSLVVWT,ALGKQLRDVL,train,1.7516753673553467,0.901540994644165,1.5233632326126099,9
5999,PYPRGVSVWG,ERVRGVTASG,train,1.1946842670440674,0.8471757769584656,1.0689895153045654,6
246,QTPRWMRAPI,TDPRWLQTKF,train,0.866875946521759,0.28386086225509644,0.32625454664230347,7
10627,WQPRPLLDVW,GHPWSLRTAS,train,0.07006227970123291,0.654781699180603,1.265294075012207,8
669,HVPRTLSDRL,RTPLRINVGS,train,0.5780551433563232,0.5507228374481201,1.1979784965515137,9
6632,QRPLQVITGY,CPPLQVRTQL,train,0.6768112182617188,0.08680278062820435,0.035068631172180176,5
9734,MQPRNYLGEF,DLPRAIHSWI,train,0.438923180103302,0.39213651418685913,0.20710867643356323,8
9640,IAPKLIYSNY,YTVFNLYTAS,train,0.09678894281387329,0.4194178581237793,0.4207923412322998,9
4950,GPVRALISQS,LRPRVLVYPV,train,0.13889920711517334,0.010497033596038818,0.039140403270721436,8
1485,FAPRNYIGQG,FVPRAVHGIL,train,0.1508321762084961,0.15359210968017578,0.5619080066680908,6
8621,EQPWAYWNPY,PHPVYIRSGQ,train,0.013690829277038574,0.24590688943862915,0.19521892070770264,9
7116,PIPRPHLDPQ,CWIAWYRNGL,train,1.3167214393615723,1.118729829788208,1.3254156112670898,10
5017,WVPRELYNSQ,LWPRSWTMSI,train,0.9719197154045105,0.7135921716690063,0.47772133350372314,7
3874,VPPRPFSAMF,YWVSYLMDLG,validation,1.0057755708694458,0.6523880958557129,0.4530685544013977,10
1733,KWPRELRSPI,CPARSMRRVH,train,1.835837721824646,0.7552691102027893,0.31819939613342285,8
6111,PLPRNWTASG,TFPRWIRDAI,train,0.31578946113586426,0.012430429458618164,0.20182621479034424,8
6270,WKWRALYAPK,TSIAYLTASG,train,1.3987692594528198,1.3177717924118042,1.3256480693817139,8
3785,CIPAWMRVQY,FPRPHRYNEW,validation,1.6498079299926758,0.8695710897445679,0.4402610659599304,10
4949,WMPRDITASG,IMVKWLMSGY,validation,0.812451958656311,0.2824293375015259,0.15433019399642944,9
7036,RAPRSMKTWT,WPPRGLKVLR,train,0.024647831916809082,0.19534438848495483,1.5425605773925781,7
6675,AGPRYWTASG,GTPRSWTNQY,validation,0.4752681255340576,0.6474368572235107,0.15234333276748657,6
10303,GVPRKLSTAS,IEPNYMYVEG,train,0.9381877183914185,0.6072224378585815,0.2568497359752655,9
4719,LAPKQLYDGQ,FKPQSWRTAH,train,0.5121992826461792,0.34279656410217285,0.07813656330108643,9
222,YKPRTLYGTL,SNPVAYQATY,validation,0.06672441959381104,0.01518094539642334,0.0026628971099853516,8
3371,STPRGMTNEG,YSPGWMQTAS,train,0.17035174369812012,0.340417742729187,0.1790691614151001,8
5416,NTPLGQIYRA,EPVYNLWSHF,train,0.25466978549957275,0.17034345865249634,0.3866122364997864,10
4034,EVPVPMTGGV,QACRFMRSGI,train,1.5657018423080444,0.7304577827453613,0.14207375049591064,8
1355,GFPRYMLDNL,GIPRYLNTGW,train,0.22097820043563843,0.2356417179107666,0.07398772239685059,6
7002,YRPSAYIDVS,FGSLPLWVDT,train,1.1812232732772827,0.7272888422012329,0.2689533829689026,10
7744,CRPRTLITGL,TPRGSRGVFG,train,1.7172728776931763,1.1270322799682617,1.5518443584442139,10
1138,TGPRSLVDEY,PSVFWYRSTQ,train,0.028529882431030273,0.23525774478912354,1.141754150390625,10
1266,WGPKGFVNPA,GQPRSYLDEI,train,0.04996359348297119,0.24924933910369873,0.11928725242614746,9
6760,ELPRMLYGPS,SVPRAIYQLF,train,0.09652388095855713,0.27817535400390625,0.447429895401001,7
7348,VRPRSYVAGV,RAPRTLWYGF,train,0.9961795806884766,0.42748284339904785,0.00785815715789795,7
1175,YVPRAYQGPG,GLPAWHWYMT,train,2.6075007915496826,1.5835286378860474,0.6940667629241943,9
8931,ETPLGQIVDR,GSALAWTASG,train,0.4227502942085266,0.3870755434036255,0.2508068084716797,9
8536,FGPRSWITAS,MAPRSLVDGK,validation,0.227239727973938,0.8050293922424316,0.45322108268737793,7
1516,VAPKGVYGEF,QVPVGVKASG,train,0.05447268486022949,0.4186962842941284,0.05903661251068115,7
9593,VWPRELKGVF,GPAVAYTAIH,train,0.7457589507102966,0.25271308422088623,0.053857505321502686,10
7432,LTPLGQHVWR,YNPASWRAMG,validation,0.1469026803970337,0.20444297790527344,0.054778337478637695,9
1927,NQPRGWTASG,ERPAGWTGAG,train,0.346698522567749,0.20489096641540527,0.1548343300819397,5
10874,QRPRDILDKF,MGPKWLMYMF,validation,0.4597392678260803,0.4375736713409424,0.6749852895736694,8
814,YKPAGVTASG,HVTRAMTASG,validation,0.7297614812850952,0.3771095275878906,0.02577519416809082,6
5699,TSPLGYINWF,EDPRNLFMGT,train,0.7654727697372437,0.952304482460022,1.2893646955490112,9
8235,EYPRSWRSVQ,MHPFGIFYTV,train,0.26994550228118896,0.7739958763122559,0.9554833173751831,9
4658,PAPRSYWDLH,YGPRAFSGWH,train,0.18954896926879883,0.037566304206848145,0.3269418478012085,7
6610,TQPRSWIGPI,SEPRGVMTVH,train,0.5853626132011414,0.16781139373779297,0.1247951090335846,8
10911,TVPRAWINWS,SRPRMLVYSY,train,0.805972695350647,0.6639821529388428,0.2772340774536133,8
10490,GQPVPYWGPR,GHPRGYRGEA,validation,0.42716920375823975,0.0910571813583374,0.047862112522125244,6
1952,QLPRSWIGTA,QKPASWRNGL,validation,0.3697294592857361,0.5998966097831726,0.0336778461933136,6
8666,SAPRGMKTQS,PWPRGLKSGV,validation,0.01908266544342041,0.872355580329895,1.540486216545105,6
5999,YIPRGMKDNF,PVARWMTASG,train,0.4057537317276001,0.4196738004684448,0.4963667392730713,8
246,GVPRWMKGWG,ELVRSMLGPW,train,0.011577844619750977,0.350421667098999,0.2524137496948242,7
10627,VPPNAILDNG,DCYAPLNDRV,train,1.5422813892364502,0.5030077695846558,0.20865800976753235,9
669,GPPRELREGY,NAPKQLHVHR,train,0.5418658256530762,0.001184225082397461,0.3007078170776367,8
6632,GNPRAYRNGL,TGYFPMWAGS,train,0.924020528793335,0.32375776767730713,0.06317080557346344,9
9734,MSPRSYLASW,RGPYHLAVSR,train,0.6510457992553711,0.8954828381538391,0.6034656763076782,8
9640,RPPRELYTHA,ANPMSFVYGK,validation,0.15336722135543823,0.8003435134887695,0.3060827851295471,9
4950,IRPRGLTDKF,VLPRGLHYVA,train,0.13646364212036133,0.460657000541687,0.5173566341400146,6
1485,HTPRMLSGNL,TLPRVATGPR,train,0.9768171310424805,0.08336853981018066,0.3815033733844757,7
8621,GVPRMLWNQH,NAPKSLYNHA,train,0.34562623500823975,0.004163622856140137,0.07251197099685669,7
7116,LAPEAFVDQR,HNPRAIMYEG,train,0.5836572647094727,0.3663269877433777,0.22275662422180176,8
5017,LVPRAFTQPI,NRPAQMKSPL,train,0.7258131504058838,0.06867873668670654,0.7094614505767822,8
3874,EIPASMRTES,PWPLAFLKVY,train,0.1513214111328125,0.6117585897445679,1.260955572128296,9
1733,FGARAMFVPK,SQPRNIYDRA,train,0.8330720067024231,0.4038083553314209,0.17506110668182373,9
6111,TYPRSMQGWI,PQVKWIAVLG,train,1.0898456573486328,0.8753843307495117,0.70208740234375,10
6270,ARPRELYDLI,AHVFALADNL,train,1.2608625888824463,0.723270058631897,0.9698016047477722,7
3785,PVPKWQMSPT,WGPRDLKSTV,train,0.14496326446533203,0.5762903690338135,0.06360995769500732,8
4949,FWPRMLYTGW,PVSWGIHSTG,train,0.8763830661773682,0.8342889547348022,1.4339226484298706,10
7036,AVPRAWTNAG,VIPRSLYVPV,validation,0.05554497241973877,0.7035118341445923,0.29885053634643555,8
6675,LIPRPVMGPF,YNPRGMYNPL,train,0.11826479434967041,0.10527694225311279,0.39213883876800537,7
10303,GQPRAYHDSI,WYPKQLYTGH,train,0.2303323745727539,0.4509168863296509,0.33880066871643066,9
4719,YAPRSAIDMS,CPVRALWDPL,train,0.4014294743537903,0.382907509803772,0.2984554171562195,8
222,QTPRMLIGWG,PWNPFMRDLQ,train,1.6443547010421753,0.6686168909072876,0.2509392201900482,10
3371,DQPRSLQSGW,LIPNWLTNPQ,train,0.0678948163986206,0.25979143381118774,0.8635387420654297,8
5416,LQVFGLFTQH,IPLLNFRDWI,train,0.3989894986152649,0.39341771602630615,0.45017415285110474,10
4034,VIPRPFSNAY,QSWYGMQGVA,train,0.9076108932495117,0.6007547974586487,0.4804312586784363,10
1355,HGPVHLTASG,YSPKHLADQY,train,0.9555670619010925,0.13837558031082153,0.052839115262031555,7
7002,WTPLGQYGPY,YNPGIPFRAA,train,2.214106321334839,1.7054917812347412,0.6930043697357178,9
7744,ATPKGMYNWH,AQPRGRTVGS,validation,0.6965720057487488,0.4160959720611572,0.20277059078216553,7
1138,RPPRSLFDWY,RPRSPRDTIS,train,0.5953189134597778,0.37097907066345215,0.21076762676239014,8
1266,LVPRAWAGPH,IVPKWIVGWT,train,0.09276425838470459,0.527397632598877,0.26958268880844116,7
6760,FAPRFLSVTS,AMPRSLYGSV,train,0.0041120052337646484,0.1969010829925537,0.3713510036468506,7
7348,PAPRSWTGKP,KGPKPIWQVK,train,0.23729807138442993,0.7065650224685669,0.4899848699569702,9
1175,ARPAGWTASG,GLPRPFLGTV,train,0.5142455101013184,0.4030493497848511,0.014294028282165527,9
8931,RTPVGIHDGT,DYPGWLNSWQ,validation,0.6138066053390503,0.6809362769126892,0.859357476234436,9
8536,YIPKVMTGRS,VEAVGEVIGY,train,2.081350326538086,1.4268946647644043,0.8480932712554932,10
1516,GQPRAVWSGF,SGPRTLVGTA,train,0.564100444316864,0.31282031536102295,0.16905659437179565,8
9593,MVPRAWTNGY,NFPRDILAEA,train,0.7780042886734009,0.31230998039245605,0.03259068727493286,8
7432,LWPVPYIVPY,SRPAYSYSGW,train,0.7211613655090332,0.5290873050689697,0.12873077392578125,9
1927,TPVRELFSMS,IGVRAIWSIH,train,0.3045811057090759,0.2856888771057129,0.3993542790412903,7
10874,TRPKLLWSGY,TVLRNWTASG,train,1.0470585823059082,0.7683218717575073,1.1347401142120361,9
814,EKPVAMWGAY,MKNPRGWSVY,train,2.1036019325256348,1.0403943061828613,1.0468955039978027,7
5699,RQPAPWMGEK,NLPTAWVQPQ,validation,0.4815492033958435,0.5533163547515869,0.2017940878868103,8
8235,AQPVPFLGPK,HIPRNILVGR,train,0.05416762828826904,0.7735253572463989,0.6985962390899658,8
4658,LVPRSYWAMW,WSPSHFYSIW,validation,1.4813287258148193,0.6479684710502625,0.29741978645324707,8
6610,PKPRNYIGEW,RVPVWMQGQL,train,0.6744979619979858,0.04686427116394043,0.3478716015815735,8
10911,WQPAGVKVPW,GQPRDIKVIY,train,0.034400343894958496,0.16951322555541992,0.15429824590682983,6
10490,CKPAGVKAPW,GASGPPRWMP,validation,0.9290010333061218,0.518623411655426,0.1426459550857544,10
1952,MWPRAFWDVW,WYPSGWQAWG,train,0.6198796033859253,0.46211397647857666,0.4321392774581909,9
8666,EAPKGMKVTY,YSPRSMRYVR,validation,1.1308109760284424,0.7464510202407837,0.03158929944038391,8
5999,SGPVAVWTAS,LAVRGVHGPG,train,1.2229108810424805,0.7682617902755737,0.2050018459558487,9
246,PVVRWMWGPN,GMPRWMKGPW,train,0.2467273473739624,0.20472979545593262,0.028882086277008057,5
10627,MVPKNVVAEW,QYPVPLTAMG,validation,0.12120687961578369,0.9655951261520386,1.035264015197754,8
669,TWPRELTDLG,GVPRAVIEGW,train,0.1614513397216797,0.005155086517333984,0.15673953294754028,8
6632,GMPRAFNSWF,PTPTGESDPG,train,2.1753456592559814,1.18271005153656,0.09231704473495483,9
9734,MQPRGYQGEF,LGPVMLYEML,train,0.3963364362716675,1.4887646436691284,1.049215316772461,9
9640,VRPRELMDHY,NSPTGLITAS,train,1.034485101699829,0.22072982788085938,0.15273845195770264,8
4950,SVPRAVKAGF,HAPTGLIVGS,train,0.12559866905212402,0.15152263641357422,0.4966930150985718,8
1485,YNPAPFWGRQ,NGPSGVTVRY,train,0.7935223579406738,0.46219050884246826,0.11436283588409424,8
8621,YAPTALIDRW,HGPFPLWNES,train,0.3278336524963379,0.012222588062286377,0.20601153373718262,8
7116,WKPVAYIGGS,TVPYAFYNWS,validation,0.10836553573608398,0.1841297149658203,0.1968221664428711,7
5017,MDPRSYVTAS,PSPRYLAVEF,train,0.9037092924118042,0.6553655862808228,0.3939927816390991,8
3874,FKPARFVDKR,FWPSELHKPH,train,0.9622031450271606,0.8490382432937622,1.4199103116989136,8
1733,NMPRSWIATG,RMPRSYINQW,train,0.2839595079421997,0.17694175243377686,0.08941996097564697,5
6111,IYPRAIHDMW,FDPQWMRTPF,validation,0.11629617214202881,0.4987325072288513,0.4357501268386841,9
6270,VGPRMLHDWV,FGVFRLTASG,validation,0.6984918117523193,0.9027864933013916,1.2500249147415161,8
3785,SGPRQLTVTA,TPPSGSHYAQ,train,2.1223626136779785,1.1709094047546387,0.4374869763851166,9
4949,LMWRAFISNR,AIVLHLWDEI,train,0.25731492042541504,0.7788935899734497,0.9089666604995728,10
7036,GTPRSMKTPS,NIPRSLIGEH,validation,0.3095892667770386,0.2729596495628357,0.23227322101593018,7
6675,TNPRAWVDVW,RLPRPILDWA,validation,0.3117806315422058,0.42822933197021484,0.3294190764427185,7
10303,TWPREYRGIW,SLVRAWASGW,validation,1.4484672546386719,1.3023220300674438,0.5526944398880005,8
4719,QVPKSMRYHI,FLPRMLSGEK,train,0.13204169273376465,0.33552706241607666,0.3233433961868286,9
222,TVPKNQMGNK,GPTWGMKTAS,train,1.4530415534973145,0.9366766810417175,0.7130990028381348,10
3371,TYPRAWTASG,EHPVGMVGWL,train,0.006145834922790527,0.14256739616394043,0.34396427869796753,9
5416,PNPKFLWDGT,SLPRPLYNGA,validation,0.5751569867134094,0.13459748029708862,0.5004595518112183,7
4034,EHPRAFIGNQ,SQPVPMITAY,train,0.36515235900878906,0.4849444627761841,0.11157476902008057,8
1355,MPMYHLMDMT,MVYRHLIDAG,train,1.620840072631836,0.3399123549461365,0.8794142603874207,6
7002,EAPKSYFDAG,MWPREVFDSA,validation,0.2719805836677551,0.07185399532318115,0.25879836082458496,7
7744,SVPSGVWAHW,SYWHGMYSLF,train,1.2986921072006226,0.948015034198761,0.2725791037082672,8
1138,LQPRSWRTHF,CSPMGSMTKA,train,0.42173993587493896,0.09871506690979004,0.11061155796051025,8
1266,FPPRSWVANK,TAPVPYTASG,train,0.08587312698364258,0.30910587310791016,0.2520374059677124,8
6760,VTPRFLMDKW,YDIRSLFNIH,train,1.194108486175537,0.6222683191299438,0.7456769943237305,8
7348,DWPRSMRENH,RNPASWTNSW,train,1.0760705471038818,0.6942383646965027,0.40097469091415405,8
1175,HRPRGWTASG,FLPAAHQGPW,train,0.5936876535415649,0.7814671993255615,0.42742305994033813,9
8931,GLPRPIFTES,NFARNMAHGI,train,1.3981269598007202,1.0008323192596436,0.6855710744857788,9
8536,TWPVAIWNGS,MVWRAISMKG,train,0.24998444318771362,0.39534634351730347,0.4959349036216736,8
1516,GVPRAGHTAS,HIPRVMHANV,train,0.2727932333946228,0.4839991331100464,0.0684640109539032,7
9593,EWPRSMHDWA,GAPRSWFGQK,train,0.10099565982818604,0.09963333606719971,0.00250321626663208,7
7432,NFPADMRSNF,HTPLNYHAPK,validation,0.206512451171875,0.3251679539680481,0.8599075078964233,9
1927,EYPRGMWNIL,IYARWMTASG,train,0.5286428928375244,0.06097757816314697,0.11716955900192261,7
10874,LEPRFIRDMH,LMPSAYISWK,train,0.007680416107177734,0.40360474586486816,0.8476054668426514,8
814,GYPRSMATVS,SNVKGMWSEL,validation,0.5665415525436401,0.3229156732559204,0.1243354082107544,9
5699,DIPQSWRTIQ,WIPYNLYKNH,train,0.03270423412322998,0.6984454989433289,1.007642149925232,8
8235,PCPVPMRGAF,PYPVPFPVNW,train,1.2900153398513794,0.48593878746032715,0.48025208711624146,6
4658,MGPESYRGHY,FRATVAWGSW,validation,1.188262701034546,0.8464856147766113,0.47649767994880676,9
6610,WAPRFLFDRA,GSPAHWTASG,train,0.9613324403762817,0.08512163162231445,0.2593684196472168,9
10911,WIPRYMQVAI,VLPRSVALGK,train,1.6630537509918213,1.3581476211547852,1.8863887786865234,8
10490,MTPRGSFAMI,VHPVWMWGNF,validation,0.612989604473114,0.05921602249145508,0.019048988819122314,9
1952,HYPVPMWGSH,ELPRSVFNEI,validation,1.131745457649231,0.8939768671989441,0.6494772434234619,9
8666,MPPRAVQVEK,VKPAGMQYQI,train,0.44622600078582764,1.1309969425201416,1.18983793258667,8
5999,TWPRAYHGTQ,EAVRSMTASG,train,0.03483080863952637,0.3915257453918457,0.030977725982666016,9
246,KTPRWMQAMG,VSPRWLVATI,train,0.25424665212631226,0.17325329780578613,0.1887560486793518,6
10627,WYARALYDGY,KMPGCMFGWK,validation,0.41589707136154175,0.025496244430541992,0.3378114700317383,10
669,GRPLRIWTAS,KPVQALSDGK,train,0.8172899484634399,0.5884412527084351,0.6230475902557373,10
6632,YRPRQYTSGV,RIPKLLYDLA,train,0.9107853174209595,0.7604981660842896,0.06450134515762329,9
9734,FMPSGFYVAL,ATPVQLFSGQ,train,0.21602153778076172,0.19209885597229004,0.12914752960205078,9
9640,TVPRAHWDEG,SPPKQLSDGG,train,0.2168726921081543,0.40149474143981934,0.3776196837425232,7
4950,GAPRSMVYER,EMIRALFSPQ,train,0.15182781219482422,0.2971304655075073,0.11418783664703369,9
1485,ATPRSYSDLQ,LTPRYWTSPA,train,0.2529972195625305,0.05947589874267578,0.23802095651626587,7
8621,RAPKLLWDIR,NAPNALSRKH,train,1.4775049686431885,1.0314987897872925,0.9552834033966064,7
7116,EIPRSMWDPY,LMPRSFLNWP,train,0.21038055419921875,0.185075044631958,0.1655481457710266,7
5017,NTPVAMYNPI,HGPLSQSDMF,validation,1.0693806409835815,0.24050259590148926,0.3292739987373352,9
3874,RPPRAFSNMG,IVGLPLWDHR,train,1.0559165477752686,0.7672985196113586,0.528752863407135,10
1733,ASPRSYMDPF,HFPRSWTARG,train,0.12344014644622803,0.12325632572174072,0.3348134756088257,7
6111,VAPKWMHVTI,QMVRAWIDVH,train,0.8522575497627258,0.42424046993255615,0.2901361286640167,10
6270,GIPTALHDPQ,GKPAKLKDEV,train,0.5376757383346558,0.48924899101257324,1.0370821952819824,6
3785,VSPRQLYTPV,HAPLNSWNMV,train,0.1333143711090088,0.6198574900627136,0.4650258421897888,8
4949,WIVRALWSGF,THPKYLMASW,train,0.21011817455291748,0.21633589267730713,0.30712491273880005,9
7036,YIPRSMLDRY,WSPRNMRNHF,train,0.7690424919128418,0.37781858444213867,0.18052339553833008,7
6675,LSPRPYTGRW,HGRPRSWVTA,train,0.9511552453041077,0.282288134098053,0.34257829189300537,10
10303,WLPRAFRYPG,LEPLYWTQPW,train,0.19795715808868408,0.4579063057899475,1.2053194046020508,8
4719,FRPQSWRTWH,MDIRWLYAEL,train,0.48152220249176025,0.349556565284729,0.5168392658233643,10
222,FQPSGATASG,TKPRQVTGQY,validation,0.33835047483444214,0.1796722412109375,0.1501682996749878,8
3371,MSPKGQMDSF,HCPRNIAGVG,train,0.7785125970840454,0.5035696029663086,1.0676640272140503,9
5416,WMPKWLWSGV,NPRSQRSYPK,train,1.0143705606460571,0.4340441823005676,0.026498526334762573,10
4034,MYPRAFSGWS,GWPRSMLNPR,train,0.07223117351531982,0.3442692756652832,0.006720304489135742,8
1355,GFPRYLMDNQ,KTARNMKDLW,train,0.5722743272781372,0.5028367042541504,0.41277775168418884,8
7002,HRPRPFIDMG,RVAYHMTASG,train,0.45103150606155396,1.189168095588684,2.3585829734802246,9
7744,ISPVAYTGKY,GVPTGVKAKG,train,0.5566061735153198,0.1465381383895874,0.42104053497314453,8
1138,VGPRAVTASG,TNPRAMIDWT,train,0.32064223289489746,0.5432562828063965,0.06111180782318115,7
1266,VRPREWRSEF,KAPSGWTASG,train,0.10145783424377441,0.12430334091186523,1.235968828201294,8
6760,LAPRFLSNVG,SDAIPLWGTL,train,0.7785990238189697,0.5184987783432007,0.04782992601394653,9
7348,KWPRAFTASG,TVPRAWTVTI,train,0.30355536937713623,0.13390469551086426,0.20156896114349365,6
1175,HRPRGFSGPV,HIPSWSHNPS,train,1.5450599193572998,1.5775747299194336,0.42298421263694763,7
8931,VTVYWMYAIG,MHWRALMAHY,validation,0.6906898021697998,0.4205038547515869,0.11103320121765137,9
8536,NVPRAVTDQV,FSPLSTISWR,train,0.9813066124916077,1.0177841186523438,0.920390248298645,9
1516,HGPRSMHAEG,MQPRNVMAEV,train,0.03378152847290039,0.5462369918823242,0.023707270622253418,6
9593,WGPVSYKGQG,FHPAAHYSNW,validation,0.43060237169265747,0.7427499890327454,0.1823001503944397,9
7432,MAPRSYINWI,APEPQPYTWQ,train,0.78119957447052,0.580642580986023,0.22079795598983765,9
1927,YIPRAYTVKG,FNPFGMKSNF,train,0.12191534042358398,0.1858295202255249,0.8033453226089478,9
10874,LWPRELTYWA,LWYGHLASTV,train,1.7344459295272827,0.6153245568275452,0.44405609369277954,7
814,PIPKGVKAVQ,AYPASVRVLH,validation,0.7649003863334656,0.7158403396606445,0.4804052710533142,8
5699,VTPRSWQVIR,PTPAGWQNPR,validation,0.1478203535079956,0.006811738014221191,0.32507944107055664,5
8235,DSPVWMRSPR,DVPRSWRGPH,train,0.309806227684021,0.009580850601196289,0.19777798652648926,6
4658,YTPYGWYTAS,WMPRWYLGTH,validation,0.48664283752441406,0.057489633560180664,0.039957642555236816,9
6610,YWPRAFTNAW,RGPVHMTGQS,validation,0.7609524726867676,0.17362284660339355,0.2813813090324402,8
10911,AVPRQLWDET,GVPRGVRVTI,train,0.17339515686035156,0.10308051109313965,0.5265870094299316,7
10490,ERPLNVASPY,LQVPNASGNG,train,1.9261606931686401,0.9896112680435181,0.6973881125450134,9
1952,KWPRGMWSNG,FKPVPYLGNI,train,0.08607614040374756,0.2830458879470825,0.30084526538848877,8
8666,QMPRQVTASG,QLRTKRSTVI,train,2.089570999145508,2.073223114013672,1.8375287055969238,9
5999,KAPRFLTVGA,KVFRGMWVNG,train,2.0431034564971924,0.9232273101806641,0.793332576751709,7
246,MNPRWMQGPA,PTPKWIISFW,train,0.06771278381347656,0.5869174003601074,0.3769480586051941,8
10627,LNPRFIRDGV,EHIAWLRDLH,validation,0.7175703644752502,0.379056453704834,0.6836159229278564,8
669,WIPRTLVDPS,GKPRTLYSQH,train,0.6486489772796631,0.15655899047851562,0.4457777142524719,6
6632,YGPRAVIDLA,PKPRGQLAQW,train,0.07079458236694336,0.3866780996322632,0.4807512164115906,8
9734,RMPRNYISTY,SGSRGLFGPV,train,1.3667784929275513,0.5122997760772705,0.16247832775115967,9
9640,TRPLRFYDAT,RFPAQASAER,validation,1.4868147373199463,0.9668967127799988,0.062203168869018555,9
4950,DYPRAYKGEG,PVPRAVILWH,train,0.3953574299812317,0.9693077206611633,1.013873815536499,7
1485,FRPRSYHTGF,YLPRASHSGS,train,0.19267761707305908,0.19117510318756104,0.04883295297622681,6
8621,YAPVAFRDWV,GQPLAWRTPV,train,0.1680891513824463,0.9148702025413513,0.8316134214401245,6
7116,YLPRAVRTAS,YVPTAFYNGQ,train,0.9150638580322266,0.037106990814208984,0.03704631328582764,7
5017,VKPAPMWNPY,GMSWGMSFTA,train,2.2716312408447266,1.2359063625335693,1.1626014709472656,9
3874,HCPLSFYVPQ,FSALGSEAFQ,train,1.765674114227295,1.3936117887496948,0.6811953186988831,8
1733,SLPRAWRTPW,KSPAGWTGMV,validation,0.3051993250846863,0.13153910636901855,0.7079552412033081,8
6111,GAPKWIIGWG,EPPLASKNKG,validation,1.3217415809631348,0.9374778866767883,0.4483394920825958,8
6270,GPPRKLTSWY,MNPARILDER,train,0.5145098567008972,0.2891724705696106,0.07233315706253052,9
3785,RMPLGQIDHW,KEPRQVHQHY,train,2.112745761871338,1.2058031558990479,0.8735209703445435,8
4949,PFVYGLRDWQ,IMVLNLIDPH,train,0.1833961009979248,0.33998894691467285,1.0759283304214478,7
7036,GPVRAMYGTH,TSPRWITVWA,train,0.3846551775932312,0.3111225366592407,0.09937512874603271,9
6675,AYPVAWQDLR,NPVWGIWGTR,train,0.11532711982727051,0.7900498509407043,2.046543836593628,9
10303,SFPKGVYAKW,GVAGALRYVF,train,1.099166989326477,1.5310144424438477,2.1604626178741455,10
4719,NAPKWMRTRF,VFPRGLHDTK,train,0.17945516109466553,0.10228121280670166,0.23145663738250732,9
222,EYPRAVWGAQ,PTPRSWVGIA,train,0.26561450958251953,0.23646295070648193,0.20869749784469604,7
3371,VAPRDLWGQW,SGPSGMVATA,train,0.05906188488006592,0.28980982303619385,1.0183889865875244,9
5416,EQPRNVKTLR,VQLMSLFGLS,train,0.630698561668396,0.8040830492973328,1.034088373184204,8
4034,WQPRSWIQAR,GMPRFLANSV,train,0.8805921673774719,0.8303890228271484,0.7125339508056641,8
1355,LQPRFLTDTI,IEPAWLRDES,train,0.06516385078430176,0.17836922407150269,0.6617676019668579,7
7002,RQVRNMFDPL,EHPAWLQVWR,train,0.5150817632675171,0.8151780366897583,1.2508617639541626,10
7744,RGPRGFKSEG,EPYRSMLGTK,train,0.845862865447998,1.1859740018844604,0.25924572348594666,9
1138,KGPRSYLDAR,NVPRSWLSPV,validation,0.28604984283447266,0.21651899814605713,0.48251062631607056,6
1266,CHPSAWTASG,GRPRSWTGMV,train,0.2892228960990906,0.0015633106231689453,0.13732320070266724,7
6760,LYPRAFTASG,WVPTGLRGNG,train,0.39360952377319336,0.24393796920776367,1.0404908657073975,8
7348,VRPRTLKGAL,VGPRVFAVGY,train,0.9794434309005737,0.24678421020507812,0.41533327102661133,7
1175,VYPRAYTGAK,QRPQWFAGAF,train,1.0570061206817627,0.15125739574432373,0.06563597917556763,7
8931,KGPVPLFDSG,TLPHCLWGVA,train,0.9982669353485107,0.37650394439697266,0.9976310729980469,8
8536,QYPRSWIDIA,GDKYIMIATA,train,1.9059913158416748,1.7840571403503418,1.9474194049835205,8
1516,GQPRTMNSGS,TPIYEWTASG,train,0.6080212593078613,0.5986621379852295,0.4409247040748596,10
9593,TIPRAWYGTF,RIPVWMYDEH,train,0.32007014751434326,0.19926440715789795,0.5102280974388123,7
7432,QVPSAWWAVY,HNAWPLWSGQ,train,0.3374440670013428,1.4001262187957764,1.0599550008773804,9
1927,WFPRSYRGAL,TVPRAHFWEI,train,1.1289294958114624,0.9846690893173218,0.895675539970398,8
10874,HSPVNYTASG,KFPVYMLYPY,train,1.0757941007614136,0.8371651768684387,0.2876231372356415,8
814,LRPRSYVDGI,TKPREVTASG,train,1.0224313735961914,0.23273181915283203,0.09025490283966064,8
5699,GKPSPWMDLR,LWPAWLYNQH,train,0.5860788822174072,0.45382893085479736,0.9206606149673462,9
8235,GKPVMLTGMY,DWPNAWRNQS,train,1.3433164358139038,0.3189794421195984,0.3992818593978882,9
4658,VMPSGFWYPR,YGYSGWRVTY,train,2.412666082382202,1.6461215019226074,0.5760605931282043,8
6610,SAPRWMYGEG,SIPNVMRNTA,train,1.9604558944702148,1.9025046825408936,0.8614742755889893,7
10911,PNPIAWIVIG,CPPVKLAVMH,train,1.466046929359436,0.6531751751899719,1.1895983219146729,8
10490,QRPRNVWGPY,LIPAWLSTYH,validation,0.3377280831336975,0.8537312746047974,0.213359534740448,9
1952,VAPAWQASAW,FGVPYANKPR,validation,0.5399522185325623,0.17821455001831055,0.14500445127487183,10
8666,VAPRGSRSWL,LPPKGCLKTG,validation,1.59572172164917,1.4617139101028442,0.7958143949508667,8
5999,IMPRGWTGTV,KRPRGVTASG,train,0.021437406539916992,0.001451730728149414,0.016072630882263184,6
246,DAPRFMKGNK,VAWHSITSKT,train,1.289367914199829,0.7897498607635498,0.7187874913215637,9
10627,NAPKFLFDKS,YVPRFLADSK,train,0.5085182785987854,0.23539048433303833,0.14992833137512207,6
669,FYPRTMVVGR,TAPKQLWAHY,validation,0.1862955093383789,0.03533792495727539,0.434728741645813,9
6632,TWPRELFGRL,QSPRKQMNLY,train,1.027875542640686,0.6416490077972412,0.01769101619720459,8
9734,YPPRAYQAGQ,PAPLGFSVFT,train,0.13491058349609375,0.4430745840072632,0.6867532730102539,9
9640,QWPRELKGAH,GPISWMHGSA,train,0.7434649467468262,0.22542786598205566,0.12710848450660706,9
4950,QVPRGVKTKG,PMVRAVYSTG,train,0.7496114373207092,0.5403670072555542,0.15558600425720215,7
1485,RTPKGYWNPI,FSPRSYKGSV,train,0.5138922333717346,0.41596806049346924,0.32276877760887146,8
8621,YHPLGQITPR,TSPVALEGPK,train,1.2085087299346924,0.5226049423217773,0.04072225093841553,8
7116,TIPAPWTASG,IMPRSVQNGY,train,0.3812013268470764,0.12784802913665771,0.16770488023757935,9
5017,WVPRAFAGLK,SVPSAILNAF,validation,0.8718021512031555,0.8739483952522278,0.571969211101532,7
3874,VTPRQLSVEV,IYPKSLDTRI,validation,0.5084725618362427,0.4847404360771179,0.0822475254535675,8
1733,MAPRGIVYHR,TQPRPISQHG,validation,1.0458920001983643,0.4019007682800293,0.009943127632141113,6
6111,QNPRSMLDPI,SIPVHMWDKT,train,1.1259442567825317,0.46611320972442627,0.03774881362915039,7
6270,KWPRELTASG,DKALTALPGI,train,2.1757869720458984,1.1674745082855225,0.8370370268821716,10
3785,HRPTAFSAGF,PSPRTLAWAK,validation,1.2940999269485474,1.2883834838867188,0.4309994876384735,9
4949,TKPKWIMDKA,ALVWHIAVNL,train,1.5661053657531738,1.5478626489639282,1.2709717750549316,9
7036,GVPRGVKTGK,KRPRSLVDPK,train,0.16733264923095703,0.6763184666633606,0.022238850593566895,7
6675,LKPRAYWGAG,SVPRAYWGMW,train,0.05445730686187744,0.010329484939575195,0.10601389408111572,4
10303,FAVRGLWDLA,LRPAFYWDNY,train,0.532047688961029,0.2542996406555176,0.7340653538703918,8
4719,MKPRNYLGSA,RTPVGLRDKH,train,0.08974146842956543,0.12870347499847412,1.1930980682373047,9
222,EYPRAFVGAR,ATPRGLSGAT,train,0.37100398540496826,0.18445801734924316,0.5907834768295288,6
3371,SGPTGLYDTA,FMPRWLWNVH,train,0.5162751078605652,0.6107496619224548,1.0005155801773071,8
5416,WVPKSLIVHI,HVPTGLSRMW,train,1.3104429244995117,0.8086716532707214,1.0955896377563477,7
4034,FVPRAWYQAG,QTPRNYSGPV,train,0.5240170955657959,0.02444136142730713,0.3085450530052185,8
1355,HMPRFIRDWG,IFVRDLISMT,train,0.5866425037384033,0.0355534553527832,0.10467344522476196,9
7002,QNPFKYMDPA,MIFWSLRSEK,train,0.9601178169250488,1.0441457033157349,0.5183078646659851,10
7744,LPPVWMLGWG,VQWYGITASG,train,0.6812529563903809,0.49552303552627563,0.7312811017036438,9
1138,VYPRSWRTGW,QTPRSMSDGH,train,0.06228137016296387,0.06107044219970703,0.6965473294258118,6
1266,QRPRASYTGQ,YYPRGYHGHS,validation,0.855438232421875,0.48003244400024414,0.3300825357437134,8
6760,TWPRMLTGQV,FDPYPLQSAV,train,0.04396200180053711,0.528054416179657,0.8351595997810364,7
7348,WVPRAVRTER,QIPRAVMVPA,train,0.11257266998291016,0.26768970489501953,0.033606648445129395,6
1175,RWPVGMYSQY,GNPWGQFGAH,train,0.8050456643104553,0.16541790962219238,0.16964209079742432,8
8931,LNPRFLIDEI,SNVRGLTVEQ,train,1.0437450408935547,0.505790114402771,0.40798571705818176,6
8536,KAPRYMVGHW,SKPLKNQRNF,train,1.8487324714660645,1.4401817321777344,1.2478150129318237,9
1516,LGPRSVFTAS,GLPRAVTAGG,validation,0.11281812191009521,0.45082688331604004,0.02005934715270996,7
9593,KYPRGMWQEY,SAPRLYRSMK,train,0.18330246210098267,0.05370962619781494,0.12788009643554688,8
7432,NPPLSWRTWA,MDYSAYSVKI,train,1.5918959379196167,1.1571309566497803,0.8830413222312927,10
1927,VMPRSWGDQV,LHPKYWTSQL,train,0.674201250076294,0.8198601007461548,0.6651037931442261,7
10874,WAPRFLQNIS,RLPVAILYEL,train,1.2608745098114014,0.7364984750747681,1.3667042255401611,9
814,NAPVAFYAEH,SGPRAVYSTA,train,0.43262195587158203,0.012095928192138672,0.6699142456054688,7
5699,WYPLSWRTPK,FRPTGFQYWI,train,0.9741582870483398,0.5815374255180359,1.1410419940948486,9
8235,SKPLPWRTNQ,QNPVHMLNHV,train,1.567428708076477,1.1809613704681396,1.3878378868103027,9
4658,SGPSGWYSTA,GMVWNYFGIR,train,0.1629190444946289,0.8973373174667358,0.8794349431991577,10
6610,ANPRSWTASG,YVPTGVKDHK,train,1.117215633392334,0.5879096984863281,0.21636688709259033,9
10911,FQPRGAFNPG,KGPRSLTNTW,train,0.0019069910049438477,0.6970289945602417,0.20476406812667847,7
10490,YAPRSWSGPK,WAPASWTGTA,train,0.09853696823120117,0.02914714813232422,0.09302788972854614,5
1952,VRPHGWQTAS,LRPHPFYGTL,train,0.09642207622528076,0.19060230255126953,0.2457757592201233,7
8666,KPPRDMIVMT,VGPRGLIVMY,train,0.04554736614227295,0.2635838985443115,0.7445406913757324,5
5999,KAPRGVTVGA,YAPRWMGQGS,train,0.018726587295532227,0.3468362092971802,0.07500165700912476,6
246,NTPVWMTASG,TLPVHMRALK,train,0.34733855724334717,0.9529622197151184,0.906928300857544,6
10627,FGPWGLADKT,IMVLNLISAG,validation,0.05827045440673828,1.0027908086776733,1.2282708883285522,9
669,SAPRTLKDIW,KPPSRLKVRN,train,0.5958212614059448,0.8201757669448853,1.59686279296875,7
6632,HPPRTLWAEY,LRPVAWQGFY,train,0.0604630708694458,0.06214261054992676,0.0650017261505127,8
9734,AIPKWIKAMI,GAPNALSGIG,validation,0.31433093547821045,0.2691119909286499,0.6568504571914673,9
9640,TRPKQLYDQS,PHPRWLVSIK,train,0.7047860026359558,0.7807988524436951,0.596890926361084,8
4950,VSPRNLTVTL,VYWVKWYVGQ,train,1.513885498046875,0.253787100315094,0.49310916662216187,8
1485,WVPRAVYSPT,TIPRAFTASG,train,0.10626280307769775,0.40167009830474854,0.09923171997070312,7
8621,KWPRELWDPH,HQPRWLIDHL,train,0.13513416051864624,0.09432673454284668,0.10728538036346436,6
7116,QVPRAVLNHY,AKPASVWDAF,train,0.1360645294189453,0.17513513565063477,0.01446351408958435,8
5017,NAPVAYQTAQ,GPPLSWHVQV,train,0.7250043749809265,0.2366429567337036,0.35881948471069336,9
3874,EWPRELKSVT,MDPSAIQDVS,train,0.8093163967132568,0.03618419170379639,0.3780393898487091,8
1733,EAPRSWTGTY,LVARAWIGQG,validation,0.06479787826538086,0.07413804531097412,0.016498148441314697,7
6111,CYPRAMTNGT,GWPRSMKTAS,train,0.11090850830078125,0.07730436325073242,0.1093604564666748,7
6270,HRPRGVTASG,INPIHLASET,train,1.2171419858932495,1.3770842552185059,0.020848795771598816,9
3785,VAPEAFHDGY,PHYSWQVSQN,train,2.2615299224853516,1.5372563600540161,0.584993302822113,10
4949,QMPRAYHDPG,FGPKWMTDHT,validation,0.025470972061157227,0.06318032741546631,0.6503278613090515,8
7036,TYPRSMLDHK,TDPRSMLAPF,train,0.18029379844665527,0.24445712566375732,0.07574707269668579,4
6675,TMPKWIRGSW,DMVRGIWNKF,train,1.0277787446975708,0.5067546367645264,0.575274646282196,8
10303,THPLGYHDPG,TSPYGAPVNP,validation,1.6414587497711182,1.071661353111267,0.04729270935058594,7
4719,NTPVWMYDNW,KTPRDLYDTW,train,0.21448171138763428,0.5290055274963379,0.2720632553100586,5
222,GVPRAWRGSF,VLWSAWTASG,train,1.443520188331604,1.2424743175506592,0.7916838526725769,7
3371,GWPRSMRNSA,DIPRWLKSGR,train,0.1610403060913086,0.058208346366882324,0.35066986083984375,8
5416,QGPRSLVYLA,RVHASLIAEY,train,1.817753791809082,0.9038184285163879,1.0086641311645508,8
4034,EVPRSWTASG,RYPRSWTASG,train,0.4432293772697449,0.3345799446105957,0.10496240854263306,2
1355,EQPRSLTDGS,EFEPRNVARW,train,1.297488808631897,0.7608411312103271,0.8083540797233582,9
7002,QTPRAFLDGF,WTPLGQIDHT,train,0.40916919708251953,0.09590387344360352,0.4429786205291748,7
7744,WMPRSYAGPR,GIPRSYLGVH,validation,0.33559930324554443,0.14690399169921875,0.11840999126434326,5
1138,YVPRSFIGPG,GLPRSMWAGY,train,0.16209113597869873,0.8069876432418823,0.4291878938674927,7
1266,YGPRASYTPG,YGPRASWGET,train,0.12910258769989014,0.11265921592712402,0.02352321147918701,4
6760,LPPRPLYDHW,FLPRMLWGTW,train,0.06730258464813232,0.3635265827178955,0.5511606335639954,6
7348,WVPRAWTASG,GVPRAVISRQ,train,0.08203649520874023,0.2570059299468994,0.7676743268966675,6
1175,CGPRAFYNMQ,DEPRNVFNHG,train,1.461490511894226,0.6852473020553589,0.06598663330078125,7
8931,EAPTALRDQL,KDVTNLVMSY,train,2.3820877075195312,1.646721363067627,1.8721171617507935,8
8536,TAPKQMWNVG,TSGPVPGHAG,validation,2.953517436981201,1.619710087776184,0.6371540427207947,8
1516,DVPRGVFDIV,MQPRSTRDFR,train,0.1810479760169983,0.18949973583221436,0.45681697130203247,7
9593,VNPRAFLQAY,SIPTGVKGPH,train,1.3555768728256226,0.21711254119873047,0.12543922662734985,9
7432,ILPRAYLGEG,VNPAAYRGQW,train,0.10978615283966064,0.4137589931488037,0.6434240341186523,6
1927,MQPKGMVNWH,KAPRTLYAVI,train,0.2713499069213867,0.2436603307723999,0.8462026119232178,9
10874,GPVRAMKSWI,GPLGYLANWI,train,0.32471734285354614,0.3555387258529663,0.18710064888000488,6
814,EGPRSMYSKY,SSVWASRGPH,validation,1.8807364702224731,0.979820191860199,0.5684962272644043,10
5699,YGPFSWRTWT,SNPSYRNTPS,train,1.5001568794250488,1.3239308595657349,1.1030811071395874,8
8235,YKPRWLYTNV,YFPLGIWYPH,train,0.5159103274345398,0.20910131931304932,0.4963722229003906,8
4658,SGPRYLYTAS,WMPAYWAGWY,train,1.540649175643921,0.6229270696640015,0.5227248668670654,8
6610,NIPVNMTNRI,TIPLGVQNIQ,train,0.6152978539466858,0.28429728746414185,0.487305223941803,7
10911,RPPRSLRDLK,FWNPARTSMG,train,1.7581326961517334,1.0683438777923584,1.6439331769943237,10
10490,ADPVAFWSGL,GVPVWMWAWS,train,0.31476736068725586,0.24854207038879395,0.07766252756118774,7
1952,RKPLGYVDHG,FHPLGSVMGY,train,1.2434052228927612,0.48451077938079834,0.3221103549003601,6
8666,HPPRGLVYPG,ARPAGVQKHW,train,1.9408824443817139,1.2157399654388428,1.081980586051941,8
5999,WTVRGMTSNY,GIPARAVAKG,validation,0.884608268737793,0.7047910690307617,0.3186257779598236,10
246,LVPRWLISNG,IPVRAIRQFG,validation,1.0688509941101074,1.0227282047271729,1.002211570739746,8
10627,MCPLPAQVPA,CVPKLLYDPQ,train,0.2997470498085022,0.0019309520721435547,0.02893310785293579,8
669,VTPRQLVDSW,GKPLKLWDRH,validation,0.3124903440475464,0.6093291640281677,0.9274861812591553,7
6632,WHPLGQMDTG,PSPRYWRGAW,train,1.1853846311569214,0.26184964179992676,0.0750199556350708,9
9734,HSPRAYTSTY,LTVYHLWSHF,train,1.086688756942749,0.4905740022659302,0.24862241744995117,9
9640,IVPRLLKVPV,APIGRLADSH,train,1.7945506572723389,0.9431494474411011,0.9771695137023926,9
4950,WVPRAVIAEG,GMPKGMKTAS,train,0.1182715892791748,0.42068707942962646,0.7240899801254272,9
1485,WPPVAFYTVR,VVPRSYTASG,train,0.014740943908691406,0.15376365184783936,0.34281253814697266,9
8621,DGPKQLSDVW,LSPVQLTGMQ,train,0.1652693748474121,0.42377418279647827,0.7825508713722229,7
7116,LSVWQIRDMF,LWPRYTGEPT,train,1.7110726833343506,0.8879492282867432,0.8448793888092041,9
5017,AAPSGWATWG,YDAMSMTNVA,validation,1.0031988620758057,1.4053000211715698,1.0085047483444214,10
3874,TEPRTLYVNA,FTPKSLDVPL,train,0.5006237626075745,0.43263816833496094,0.4597941040992737,7
1733,PIPRSWTGQF,TPVGWMIGAR,train,0.12928426265716553,0.4865378141403198,0.05334162712097168,9
6111,WAPRSLQDVG,KMPRSYHDIW,train,0.5690587162971497,0.08100020885467529,0.20644640922546387,6
6270,ENPRAVRVEW,RFPLKVAVTH,train,1.7404053211212158,1.3168330192565918,1.0505409240722656,7
3785,NTPKGMHDKW,NRPRAVQVLG,validation,0.33247125148773193,0.49954020977020264,0.5227962136268616,8
4949,VIVRALWSPL,RNPLSYIAGI,train,0.02561771869659424,0.36003822088241577,0.5652105808258057,10
7036,ATPRSWIAQV,SSPVWLRSTS,train,0.5268915295600891,0.4172205924987793,0.114621102809906,9
6675,VMPRNFYNGG,PMPRWYIDKA,validation,0.09898030757904053,0.08438515663146973,0.16956567764282227,7
10303,FAPRSWTASG,PFPREVYGIY,train,0.25206124782562256,0.04567837715148926,0.5055302381515503,8
4719,NEPRPMIDPG,HYPRAYRNWI,validation,0.1527022123336792,0.10534858703613281,0.03579998016357422,8
222,GSPVAITGSW,NRIYAMAGRI,train,0.5415151715278625,0.46473121643066406,0.9883899092674255,8
3371,VYPRDLYSLF,GRPRSLHATF,train,0.22361022233963013,0.24835389852523804,0.19162046909332275,6
5416,RNPVWMISES,MGPKWLFGHI,train,0.15195751190185547,0.1178818941116333,0.41447049379348755,8
4034,IMPRSWRTSF,LVPRYWQVEA,train,0.3248547911643982,0.1218034029006958,0.4705110788345337,7
1355,YVPKWILDTQ,GKPRNYIDGR,train,0.0005339384078979492,0.12311065196990967,0.4179927110671997,8
7002,MQPTGFMDGY,FIPSAYIDPS,validation,0.08162045478820801,0.7598531246185303,1.115714192390442,8
7744,KAPRSYWGLW,YVPRGNWVFL,train,1.5195962190628052,1.0912222862243652,0.7899199724197388,7
1138,RAPRSVTASG,NSPRPVRYIA,train,0.31744253635406494,0.7387673854827881,0.19827330112457275,7
1266,YKPSGWTASG,TRPRAVHGKW,validation,0.6680509448051453,0.23916614055633545,0.019476234912872314,9
6760,AGPRSLWDVW,AYPSALFNMY,train,0.08134007453918457,0.6834150552749634,1.2061007022857666,7
7348,LFPKGMWNTR,WSPRAYTGPF,validation,0.1577550172805786,0.05764448642730713,0.12693214416503906,9
1175,ELPRPFWGPF,FSPRWFRGHK,train,0.7396827936172485,0.3731647729873657,0.03234976530075073,6
8931,QGPRYLMNGS,PQWGALHSPG,train,1.415159821510315,0.889266312122345,0.9537156820297241,9
8536,RGPVPMLDIG,KRAVNLWAKG,train,0.9925480484962463,0.7475939989089966,0.36776697635650635,8
1516,EWPRELIGTL,KTPRNVTASG,train,0.43914592266082764,0.04040783643722534,0.26805609464645386,8
9593,PFPRDVRAVG,ARPEWYIGQV,train,0.45048028230667114,0.43356871604919434,0.458301842212677,9
7432,WKPYGVYTWV,AWSPYWRSTH,validation,1.945443868637085,1.1278228759765625,0.46097907423973083,10
1927,QGPRSLWDEH,SPTRWLTASG,train,1.0779221057891846,0.47270405292510986,0.024490952491760254,8
10874,DNVFGMRAPL,QWVRAYRDAW,train,0.4185270071029663,0.11256349086761475,0.07895970344543457,8
814,FTPRMLWSWI,TSPVYLQVMG,train,1.2169396877288818,0.6384349465370178,0.8458829522132874,8
5699,YMPSGFWGEG,TSPVALWYIS,validation,0.23679065704345703,1.3254731893539429,0.6941491365432739,8
8235,MHPRSWTNPG,RVPRSWYSRV,train,0.5384932160377502,0.24124598503112793,0.334505558013916,6
4658,LAPTAFLANT,FHPSAFYGAG,train,0.177834153175354,0.026631951332092285,0.3477764129638672,7
6610,FIPFPFQDVL,GSPRPVIMTA,train,0.595004677772522,0.6644399762153625,0.008551239967346191,8
10911,GVPRAVAVNF,APRVFRAVWE,train,0.7804890871047974,0.8289080858230591,1.0545616149902344,8
10490,PGPVPFWSKW,SQPVAFRGES,train,0.2774547338485718,0.04593837261199951,0.054620325565338135,7
1952,NMPRGWTGNY,YIGYPWMQNT,train,1.7320414781570435,1.607132911682129,0.7612109184265137,8
8666,DRPRTMSTPW,GAPLKVSTNK,train,0.4006573557853699,0.7190003395080566,0.7239031791687012,7
5999,FGPVWMWGTQ,NMPRWMTGMG,train,0.11577558517456055,0.06269121170043945,0.038994669914245605,6
246,DYPRWMKSQT,MTVKWMAKHV,train,1.318350911140442,1.2995232343673706,1.3991942405700684,8
10627,QVPVPLTDQI,CIPTALRDGV,train,0.3342803716659546,0.06637346744537354,0.4715925455093384,7
669,AGPRELKDGW,WHPKLADARG,train,2.6999564170837402,1.6623170375823975,1.2110103368759155,9
6632,KGPRTMFDGF,LYPRAYHAWY,train,0.10505342483520508,0.1590825319290161,0.09039092063903809,8
9734,GLPRAVKTNL,STPLGQIYQL,validation,0.5420231223106384,0.3814326524734497,0.14735862612724304,8
9640,CYPVELTARY,KAPDLLHGAF,train,1.7160698175430298,0.9183218479156494,0.9956861734390259,8
4950,WNPRGMTASG,AQVRGLYGQI,train,1.2726857662200928,0.5566348433494568,0.833120584487915,8
1485,VPPRGSWDVF,MLPRQFHGPG,train,0.3148545026779175,0.028719425201416016,0.7019251585006714,8
8621,KGPRSLWSEY,TAPKLLYRHH,train,1.537047028541565,0.8545435667037964,0.721781313419342,8
7116,FMPRQVTDRG,PYPSHYRDTV,train,0.596318781375885,0.6387090682983398,0.31560850143432617,8
5017,TKPKQLWSPW,HPPAWVAKEH,train,2.300898790359497,1.3909589052200317,1.1701314449310303,9
3874,GKPLPWSDQI,GWPSELWYER,train,0.4873371124267578,0.6415764689445496,1.2506580352783203,8
1733,KWPRAYKSPK,AWPRSLYKPT,train,0.37755995988845825,0.33366525173187256,0.5013759732246399,6
6111,LVPRYLWDIG,SPPRWLVDSY,train,0.28118300437927246,0.10447335243225098,0.4153859615325928,6
6270,YKPVAYLDQL,KNPRAIYDGF,train,0.2558244466781616,0.17824745178222656,0.33201998472213745,7
3785,SDPLGLHVPF,LSPATWHSEA,train,1.1135114431381226,0.2761209011077881,0.07784941792488098,8
4949,FQPRDILAMS,LQPRDLVDSR,train,0.07252800464630127,0.3364769220352173,0.14890778064727783,6
7036,KFPRSMRNWA,KMWRALWDVA,train,0.33532649278640747,0.030481159687042236,0.5089169144630432,7
6675,CVPRAVLDMG,HRPRWYTGPG,train,0.6949892044067383,0.2969588041305542,0.6773151159286499,7
10303,HWPRGFTASG,QAPLQIYDKL,validation,0.1399848461151123,1.1968131065368652,0.5355725288391113,9
4719,LPPRYLYDEW,VTPKWLFVPW,train,0.009801626205444336,0.21903598308563232,0.15174829959869385,7
222,TKPRAVHAIG,ARPEWYHGLY,train,0.8674318790435791,0.3685038089752197,0.2113139033317566,8
3371,DTPRGMRDTH,GKPVPYIGIG,train,0.7355133295059204,0.4325653314590454,0.26726478338241577,9
5416,FAPKSLIDFL,RQPVPMLTRW,train,0.05383431911468506,0.4526931047439575,0.6957831382751465,9
4034,WYPRAYRDWQ,SMPRWIMDMS,train,0.34015703201293945,0.4132969379425049,0.5577307939529419,7
1355,WDVRALYDPQ,MDPKWIIDWG,train,0.26268941164016724,0.044829726219177246,0.57597815990448,8
7002,HFPRELRSWG,SVPLNVIDNG,train,0.1499541997909546,0.05774348974227905,0.7171629667282104,8
7744,TVPRGVHAHF,YPWGSMWGSE,train,1.2054688930511475,1.3621448278427124,0.07896178960800171,10
1138,RFPRSYTDAF,AQVRAWTASG,train,0.036402225494384766,0.1787703037261963,0.6569234728813171,8
1266,SHPRAWMANL,KIVRWYTSAA,train,0.26348602771759033,0.029721736907958984,0.06599161028862,9
6760,FYPRSLWAPS,YIPRALTGKY,validation,0.019506096839904785,0.3676874041557312,0.8867495059967041,7
7348,WVPRAVRVGR,MQPRAFSAKA,validation,0.26442575454711914,0.0918889045715332,0.1309148073196411,7
1175,EIPYWVMTAS,HRPRSWRSGT,train,0.21035730838775635,0.06402075290679932,0.017739474773406982,9
8931,GTPRSLYGEL,LPAYFLQGVI,train,0.3598947525024414,0.6350851058959961,1.114867925643921,8
8536,GAPRSYIDGV,LGPGWMKTAT,train,0.27789342403411865,0.4731024503707886,0.25568562746047974,9
1516,NWPRELTASG,KSPRTLMAPR,train,0.4790874719619751,0.2697223424911499,0.28148186206817627,6
9593,CAPRGYKGQL,TNPRNIHDWQ,validation,0.7372174859046936,0.7342900633811951,0.3791961669921875,8
7432,NTPSAYRDIH,GCAYSLYAPW,train,0.6261546015739441,0.5281998515129089,0.4862052798271179,10
1927,LSPRSYWDNI,TDPRSWTASG,train,0.5374977588653564,0.32552409172058105,0.29938220977783203,7
10874,FAPLHMSNES,NKPAPLWNEF,validation,0.3092198371887207,0.17238831520080566,0.13020098209381104,7
814,LVPRQVTASG,GMPRTLTASG,train,0.40413057804107666,1.0294854640960693,0.2501993179321289,4
5699,SYPKQLYNPT,QIPRPYHQAQ,train,0.46078944206237793,0.27035069465637207,0.7422985434532166,9
8235,LRPRSWMGNV,CLPTGLRSGI,validation,0.09584391117095947,0.7063668370246887,1.436558723449707,9
4658,MWPRSYWGEA,MFPRQYTGAG,train,0.14829611778259277,0.04144024848937988,0.4063141345977783,5
6610,TVPRAWHDRS,SYPRGMSNGT,validation,0.05561959743499756,0.1412121057510376,0.5992058515548706,8
10911,ARPKGMKNSH,YPRLDRDREA,train,2.0631699562072754,1.5238890647888184,1.2218315601348877,10
10490,GAPSGFTNGS,MEPRGPFNPK,validation,0.01528322696685791,0.4916515350341797,0.30206722021102905,7
1952,EAPKWIQTIA,TVPRAWFYGF,train,0.7034075260162354,0.3573176860809326,0.8633912205696106,9
8666,MVPRGVKVWE,LGLRAMHVTF,validation,0.19387614727020264,0.9434131979942322,0.4605671167373657,8
5999,GNPVGMHDGK,DYPVWSKDPL,validation,1.2907384634017944,0.9223393201828003,0.5719372630119324,7
246,TVPRWITGHG,EWAKGMKGSY,validation,0.7339943647384644,0.7889142036437988,0.23505207896232605,9
10627,LRPRPYTSRA,GDPLNFIAIV,train,0.006560683250427246,0.4817541241645813,1.0920629501342773,9
669,WKPAKLFDQI,IKIALWTASG,train,1.7239153385162354,1.0607198476791382,0.6780496835708618,8
6632,PMPRSWSGEH,YSPRDYTGTI,train,0.3014669418334961,0.16931593418121338,0.30481821298599243,7
9734,ATPRSLYSGW,MFPRHLTASG,train,0.24584269523620605,0.26624947786331177,0.9345829486846924,7
9640,TYPRQLVDHT,HWPRELKDWA,validation,0.045377492904663086,0.26362526416778564,0.2996651530265808,6
4950,SGPRSLYANA,TFPRDIMYNF,validation,0.7819821238517761,0.22751867771148682,0.03592100739479065,7
1485,GLPRAYWGPG,KAPRSYHGVF,validation,0.4791606664657593,0.2251678705215454,0.10305523872375488,6
8621,EQPYDLYTGY,SIPNALYSKS,validation,0.6805745363235474,0.2533922791481018,0.27626192569732666,7
7116,WTPRSMLDEG,ADPRSWTGPQ,train,0.8379003405570984,0.4122452735900879,0.1516793966293335,7
5017,YIPTAFIDFK,WGPSSYLNPL,train,0.05355978012084961,0.025260090827941895,0.27874016761779785,9
3874,RKPLSWRTNH,HNPRFLSDHY,train,1.022459626197815,0.4049057960510254,0.19194503128528595,9
1733,AIPRSYIYNT,MYPRSLFNGT,train,0.03010106086730957,0.200567364692688,0.109061598777771,6
6111,LMPRFIRDPG,LPRKARSPDE,train,1.7973651885986328,0.852226972579956,0.8861817121505737,9
6270,FIPRMLADVW,VNPHDLMTGF,train,0.09489274024963379,0.42911410331726074,0.18202269077301025,8
3785,VGPAFLWAKY,AHPLRMANQF,train,1.0232675075531006,0.36593490839004517,0.45798683166503906,9
4949,GAPRELYTNW,MVPRAVMSQA,train,0.21191668510437012,0.21289408206939697,0.039165377616882324,8
7036,QVPRGMHDTY,TGPRSWIGNQ,train,0.48857784271240234,0.3138524293899536,0.2710983157157898,8
6675,MTPRGWTGIQ,DPVFWMIGNI,train,0.1686556339263916,0.342629075050354,0.36224037408828735,9
10303,NDPYGLYSPF,TSGEFLYDTV,train,2.0885190963745117,1.0386149883270264,0.6414552927017212,8
4719,QPPKWMHNEQ,HSPRWYLSIG,train,0.5618012547492981,0.2916898727416992,0.07059305906295776,8
222,IRPRGWIGQG,YCPHGMKGMF,train,0.32099491357803345,0.48718059062957764,0.3555465340614319,7
3371,VAPRWLFDML,DYPRGLKTVA,train,0.010065078735351562,0.0014699697494506836,1.1097784042358398,7
5416,WSPRYLIAGQ,QEVRNLANQS,train,1.7005667686462402,1.299484133720398,1.8582603931427002,8
4034,IRPRGWTASG,QSPRAFINHR,train,0.2533489465713501,0.4067368507385254,0.4214053153991699,8
1355,FTPRWLFDRL,PRVRGLFDEA,train,0.2564247250556946,0.09193867444992065,0.01029592752456665,6
7002,FPAYNFRSER,FGVRAVHDAL,train,1.322582721710205,0.2439509630203247,0.3078978657722473,9
7744,HFPRGVTASG,TQPRGVTASG,train,0.06576931476593018,0.04677700996398926,0.02983391284942627,2
1138,RGPLSWTVRS,WAIPKYIQIV,train,1.7634272575378418,1.0368417501449585,1.1679731607437134,10
1266,YGPRSYWGPG,TWPREYTGLA,validation,0.3233133554458618,0.1178363561630249,0.13478440046310425,6
6760,TYPVPLYGHS,YPVWGIYTKQ,train,0.2909843921661377,0.5690563321113586,1.039062261581421,9
7348,AMPRAYWASY,GVPRAVKSRQ,train,0.7128012180328369,0.043856143951416016,0.05948638916015625,7
1175,IRPRSWTASQ,WHPRSWFGTQ,train,0.4929143786430359,0.23657500743865967,0.021626412868499756,5
8931,IWPVMLRSGS,DTALPLVDMH,train,0.5812339186668396,0.27799272537231445,1.1415443420410156,9
8536,EMPRYMYDGK,TAPRSHRTIY,validation,0.4988863468170166,0.19967412948608398,0.08190029859542847,8
1516,FYPRSWTASG,TNPRNVIANG,train,0.23098254203796387,0.19334876537322998,0.711879312992096,6
9593,NYPRAWSGWQ,HVPRYWQGKG,validation,0.6790955066680908,0.2228304147720337,0.227944016456604,6
7432,WNPSGWTASG,MWPRLIMDNA,validation,0.0030341148376464844,0.32118356227874756,0.23082232475280762,9
1927,TGPRSITATK,WVRSKRTASG,validation,2.4819695949554443,1.3402369022369385,1.2627272605895996,8
10874,VYPVPMYAEK,PAPRYLRVTF,train,0.45592665672302246,0.43804848194122314,0.14557909965515137,9
814,NAPRQVYTGK,VPPRVLSGWG,validation,0.504584014415741,0.4914529323577881,0.07649698853492737,8
5699,VPPRSWQTLW,RVPVSYKGNY,train,0.22846907377243042,0.07728457450866699,0.3697912096977234,8
8235,WRPRSLFGVH,WNYRNLYKIL,train,1.2452176809310913,1.3094617128372192,1.6520695686340332,7
4658,NVPRAWFDTH,LVPRYWTASG,validation,0.11985898017883301,0.045063018798828125,0.38222944736480713,6
6610,SAPVWMYGKY,FPSFRGVIPC,train,2.0609872341156006,1.434556245803833,0.6997897624969482,10
10911,LRPRQMRDTP,NVPVAMHSVG,train,0.16337847709655762,0.05686759948730469,0.5570085048675537,8
10490,LRPLNWRGTW,KTPRNWYSIT,train,0.8429085612297058,0.10368084907531738,0.23701786994934082,7
1952,QGPWSWRAIF,AMPRASAQMQ,validation,0.8969653844833374,1.2952009439468384,1.1624038219451904,9
8666,QRPAQMWDTH,DTPRGQLVRT,train,1.0604164600372314,0.2884939908981323,0.3433242440223694,9
5999,PWPRGVHASG,NPPPRAIDEV,validation,1.493181586265564,1.2938998937606812,0.07259735465049744,9
246,KMPRWMKGTG,TMVRWMVGKQ,validation,0.3190833330154419,0.3463282585144043,0.300167441368103,5
10627,FSPLNVMNPS,VDVWPLSDGT,train,0.7804070711135864,0.4540244936943054,0.9946279525756836,10
669,RYPRELKSGY,PAPRTASGHV,train,1.4386224746704102,0.3212292790412903,0.06789076328277588,8
6632,HWPLNFASRY,YAPKQDTSKF,train,1.1265921592712402,0.28112709522247314,0.18526706099510193,8
9734,GYPRAFSVPK,NPPNAIHSIW,train,0.6069265604019165,0.7340776920318604,0.7664695978164673,8
9640,VGPSDLWTAS,DPRGYLWGPG,train,1.5956305265426636,0.5286243557929993,0.16209492087364197,8
4950,HGPRGLHVWF,SGWRALTASG,train,0.7937737107276917,0.3504331707954407,0.13437116146087646,7
1485,VKPSGVKTSR,TFPRPVAFGF,train,1.1304363012313843,0.8020055294036865,0.3800099492073059,8
8621,HQPLGFQDVH,WFPLAFHNTH,validation,0.7119162082672119,0.5061876177787781,1.3834969997406006,6
7116,SWPKWMRTGV,FNRQPRSMPL,train,1.0810590982437134,0.9276203513145447,0.7279173731803894,10
5017,DYPVAMWNMR,PGPYNRITVM,validation,0.7648495435714722,0.13654249906539917,0.363631010055542,9
3874,LMPRGFASRT,VMPSAYKDEG,train,0.025709152221679688,0.4306753873825073,0.06421411037445068,8
1733,SVPRAWIGNT,RLPYAWTQPR,train,0.290127158164978,0.7882757186889648,0.3929656744003296,7
6111,ARPRSLFDNQ,GPPLWTIPMQ,validation,0.5720741748809814,0.5301867127418518,0.36606186628341675,8
6270,VHPIAIHDPT,NTPIELTASG,train,0.4754505753517151,0.33258748054504395,0.33597588539123535,8
3785,HVPRSWTASG,RAPVAFWTKF,validation,0.08571457862854004,0.20554935932159424,0.1310502290725708,9
4949,LQPRDILGEW,TRPLNQYTVF,train,0.45348870754241943,0.4420854449272156,0.20855998992919922,9
7036,YGPRAIQDSL,HRPRSLVDNR,train,0.38994383811950684,0.20594686269760132,0.2512705326080322,7
6675,VRPRNYIGWT,MNPKWSMGNG,validation,0.5545010566711426,0.06974315643310547,0.16188955307006836,8
10303,TWPKELISKF,YCLWSLYDPI,train,1.2717127799987793,0.3466036319732666,0.02547726035118103,9
4719,VMPSGFATGY,EPPRSQRDVI,train,0.3600004315376282,0.5181028842926025,0.12276488542556763,9
222,RRPRPLYGEQ,RVPRGVYKNG,train,1.0542709827423096,0.39855682849884033,0.4473602771759033,6
3371,NQPAWMINHV,GSPQWILNVR,train,0.39282917976379395,0.3201635479927063,0.34434664249420166,7
5416,HVPKNLYNER,SMVRFLRSLA,train,1.2872563600540161,0.4220946133136749,0.5576030015945435,9
4034,YQPRAYTGTW,GVPRAVASHF,train,1.048330545425415,0.003014087677001953,0.05249476432800293,7
1355,RYPRSYIDGV,LFPRFLYDPY,train,0.44657033681869507,0.36580872535705566,0.3791566789150238,7
7002,WRPRSYFDVL,YMPRASTSGH,train,0.2647479772567749,0.06200909614562988,0.1972956657409668,8
7744,PTPRGQIGWH,RYPKGVYQHF,validation,1.3432958126068115,1.246405839920044,0.16031698882579803,8
1138,YSPRSMLDPS,MFPRSMHNSR,train,0.189103364944458,0.3085981607437134,0.30236250162124634,6
1266,MFPRGQTGSA,GRPRSFKSWG,train,0.35476553440093994,0.4225050210952759,0.016988396644592285,8
6760,FDPIGIRGPS,APVLGIHSWA,train,0.18602818250656128,0.1800442337989807,0.27997666597366333,8
7348,HTPRSYRDHI,EVPKNSFDMY,train,0.38245105743408203,0.2887178659439087,0.23962759971618652,8
1175,LKPSGWKGWQ,ELPAQWAGNK,train,1.1197261810302734,0.858254075050354,0.5112632513046265,7
8931,EAPVYLMDVR,YSPLYLWAWA,train,0.9038467407226562,0.38694876432418823,0.594815194606781,7
8536,FWVRNMYGNR,KGPRNAMYGT,validation,0.634506106376648,0.24154305458068848,0.47541406750679016,8
1516,PSPRAYWSGF,VWPKQVSGTG,train,1.6592109203338623,0.7987496852874756,0.509709358215332,9
9593,PRPRSWVGRF,YWPSGFQVWV,train,0.3475700616836548,0.12905466556549072,0.08114337921142578,9
7432,VWPWGQFTVS,IWPVMLMSVW,train,0.290425181388855,0.7455657720565796,0.5909117460250854,7
1927,LTPTGQYSPR,GAPRYWVGHS,train,0.35818350315093994,0.3059394359588623,0.023453056812286377,9
10874,KTVRALTSPY,HDARNLTASG,validation,0.4317520260810852,0.4677940309047699,0.6326168775558472,7
814,VGPRSVYGEQ,AGTIPYFAGL,validation,1.5301806926727295,1.3942615985870361,0.7229983806610107,9
5699,WTPRGWRTNY,TRPRPLWQLK,validation,0.1456904411315918,1.1644467115402222,0.6271510720252991,8
8235,NAVRAIWSQV,SIPRPLLSIS,train,0.7991014719009399,0.45845699310302734,0.3586086332798004,8
4658,TIPYWYRAGW,YTPRGSTNWS,validation,1.2045897245407104,0.5666735768318176,0.11491650342941284,9
6610,WQPRGVTASG,NDPRWLTGTW,train,0.9227287769317627,0.8802535533905029,0.20627492666244507,7
10911,QGPRSLVDPH,SWPRALSVKV,train,0.021488308906555176,0.5804671049118042,0.8250741958618164,7
10490,WVPRGVTASG,QVPRGVWGQF,validation,0.2600167989730835,0.029591798782348633,0.3788522481918335,5
1952,KVPRAVISWG,HAPNAFMSET,train,0.1541365385055542,0.11645638942718506,0.14877820014953613,7
8666,FHPRGMHSQQ,FMPGRLQDNI,train,0.7020614743232727,0.8965319991111755,0.7246585488319397,8
5999,QAPRWMKGVF,PITWTGHGNY,train,1.6731231212615967,1.0586133003234863,0.2687452435493469,9
246,NNPAWMWGSG,PVVRWMAKMF,train,1.2377861738204956,1.3505780696868896,1.1487746238708496,8
10627,EYPVPMWDQG,TGPTALMDAG,train,0.013729333877563477,0.4822198152542114,0.1502036452293396,7
669,WHPRTLVSNS,RKPLEVYVIK,train,0.3650999069213867,0.20828020572662354,0.4066454768180847,9
6632,NYPWAWTASG,LPPLRVISPL,train,0.2195749282836914,0.05082404613494873,0.057599663734436035,9
9734,AFPASWRSAL,QDPRSLYIKF,train,0.7975317239761353,0.834267258644104,0.6091697216033936,8
9640,TWPKQLIVKS,HYPRKITASG,train,0.6235272288322449,0.2742403745651245,0.1262751817703247,9
4950,PTPRGLADNL,RNLASLLSTV,train,1.434454083442688,1.2085552215576172,0.7927918434143066,9
1485,RWPRGMYGSY,NFPSGSTFTG,train,2.229783773422241,1.3688043355941772,0.3828681409358978,8
8621,CNPAQMRGPW,EPIYNLWDRH,train,0.3227895498275757,0.15304195880889893,0.2519451975822449,10
7116,AQPVPFLDVH,RMVRGVSGMG,train,2.1464619636535645,1.3774663209915161,1.932597041130066,10
5017,TGPRELYKSW,AIASWSRKPL,validation,0.48603111505508423,0.18029606342315674,0.09153687953948975,9
3874,NSPLAVTVRA,WHPRGSDVIW,train,1.7486746311187744,0.7711001634597778,1.0427968502044678,8
1733,WSPRSYINPL,WTPRSWTNSS,train,0.3448982238769531,0.3494455814361572,0.013086020946502686,5
6111,PKPKFIRSRW,DSAWGLNSMG,train,1.1568434238433838,0.2437404990196228,0.4763685464859009,9
6270,NKPTGLTDGY,YTPRNVTDGH,train,0.7096064686775208,0.002927422523498535,0.04437464475631714,6
3785,VPPYNMQNEY,YQMARLSQNW,train,2.382413625717163,1.6622530221939087,1.9877933263778687,10
4949,MLPVAYRDHR,PWPRFLQDKF,train,1.0078063011169434,0.7972996830940247,0.4946194887161255,8
7036,TIPRWMINGQ,NKPRGMYTWK,train,0.05087161064147949,0.363131046295166,1.1162433624267578,7
6675,TQPRGYTGHF,MWPESITASG,train,0.026663661003112793,1.482339859008789,1.6174862384796143,8
10303,DAVLGYWSPW,SRPRTLVYMK,train,0.8244993686676025,0.7339279651641846,0.21948033571243286,10
4719,RVPRGWTAPG,TRPKQLYVKS,train,0.04790759086608887,0.7376229763031006,0.059911131858825684,9
222,FVPRAVYSEG,DMPRSYRGLY,train,0.31370866298675537,0.4372994899749756,0.2056124210357666,8
3371,PRPRYLMDKT,IEPRNIVNSG,validation,0.2257542610168457,0.15568804740905762,0.37699973583221436,8
5416,GQPRAVQDGY,SRPVNYLDGH,train,0.45852845907211304,0.4849013090133667,0.4105318784713745,7
4034,TAPRWLQSIF,SFPRMLASPI,train,1.2133156061172485,0.43167614936828613,0.13254016637802124,6
1355,WNPIMLIDKV,HPAVNYIDET,train,1.1592299938201904,0.26343920826911926,0.7038668394088745,8
7002,YVPSAIFVTW,SWPLDTHLEL,train,2.075896739959717,1.066869854927063,1.243050217628479,9
7744,EAPVAWTASG,PTPKGEVSTL,train,0.9705595374107361,0.38346612453460693,0.06171494722366333,9
1138,CVPRAWTASG,FRPRPLYEKT,train,0.005748748779296875,1.0192320346832275,1.194373369216919,8
1266,VPPRVLWNPR,GMPRGSHKHV,train,1.805457353591919,1.1843750476837158,1.0630478858947754,8
6760,TIPMWSRGVA,LTPRFLYSTF,validation,0.36513346433639526,0.7476131916046143,0.05645555257797241,9
7348,FKPRPYIDSR,PSPRATASGA,train,1.8824539184570312,0.5278162360191345,0.21872812509536743,8
1175,HSPLSWVTAW,RSPRSWQGAF,validation,0.6394820213317871,0.19076335430145264,0.4534634053707123,5
8931,VIPRPLSDPY,NYARWMQARG,train,0.7100045084953308,0.07290828227996826,0.5714672207832336,9
8536,TNPVWMTASG,VPWGNMAVGG,train,1.9742017984390259,1.4968340396881104,0.8822222352027893,8
1516,PTPRSYISQV,GVLRSLTASG,train,0.7259752750396729,0.8056244850158691,0.500030517578125,8
9593,TSPVAWRSES,SWPRDILGPA,train,0.0932241678237915,0.1798034906387329,0.44146138429641724,9
7432,IMPRNYLGEG,LKPSWMRNSW,train,0.06207847595214844,0.44964706897735596,0.30010783672332764,9
1927,VRPRAFYDNY,SGPRAIITAS,train,0.07462596893310547,0.8995513916015625,1.1901087760925293,7
10874,LMPRYMYVNH,RPVLALYDPG,validation,0.03746306896209717,0.423420786857605,0.817862331867218,9
814,KMPRGVTASG,VGPRSLHSGL,train,0.06449425220489502,0.7668309211730957,0.14596271514892578,8
5699,WVPKNQMNPG,YGPSDLYSPM,train,0.020770549774169922,0.29248571395874023,0.7378066778182983,8
8235,AGPLPALNWF,IPVYNLKNQF,train,0.4823433756828308,0.6496369242668152,0.4248257279396057,8
4658,QTPVPMWTEI,DYPRAYTASG,train,0.1266162395477295,0.22555947303771973,0.38606226444244385,9
6610,GGPRSWTASG,TWPVELTDAF,validation,0.30551791191101074,0.6041063070297241,0.0823245644569397,8
10911,ATPVGMWNTY,GTPRGQMSTS,train,0.5571475028991699,0.07734906673431396,0.3255816698074341,6
10490,IAPRFYLSPG,SHPRSMLTNF,validation,0.03750288486480713,0.15527939796447754,0.00867462158203125,7
1952,RWPVAYIAQW,RFPLNWRGPI,validation,0.31943005323410034,0.2075384259223938,0.0176163911819458,8
8666,LIPRAVIVYG,TLPRNWTASG,train,0.6495457887649536,0.22310256958007812,0.06660723686218262,7
5999,TVPRWVTASG,YHPRSYTASG,train,0.03530311584472656,0.6062569618225098,0.1917232871055603,4
246,MRPRWLVSWS,VSFRGMTASG,train,1.4191864728927612,0.607991099357605,1.1826152801513672,9
10627,WGPVSLTDER,SQPIPIRDQS,train,0.6812754273414612,0.27708709239959717,0.7005372643470764,8
669,FWPRELKGEQ,GGPSTLTVEG,train,1.3895347118377686,0.6348464488983154,1.1572895050048828,7
6632,RMPKGYHVPA,LIPLNWKSPH,train,0.0629345178604126,0.9946025609970093,0.11369222402572632,8
9734,WVPRAYTNGK,MLPRAIFNIF,train,0.6155058145523071,0.7414107918739319,0.5930595397949219,6
9640,VQPRKLWTHW,KWPSRFTNKL,train,1.6209673881530762,1.4316918849945068,0.8842356204986572,9
4950,EHPRSYRAIS,GYPRANSDNR,train,0.955394983291626,0.3053300380706787,0.3613169193267822,8
1485,QFPQSWRGNY,STPVGQLNIG,train,1.4498682022094727,1.1268529891967773,0.557867705821991,9
8621,WMPRSWRTLI,GTPLGISNEQ,train,0.164714515209198,0.32219403982162476,0.05817371606826782,9
7116,YFPRAFYDEA,PSPRAYIDGR,validation,0.10740530490875244,0.4548654556274414,0.06672561168670654,6
5017,ASPVAYTASG,QGPIPDHLAW,train,1.406402826309204,1.590026617050171,1.4114515781402588,9
3874,LAPSAYTDKT,NAPYPLSVPG,train,0.21878623962402344,0.9531002044677734,0.7507848739624023,8
1733,TFPRSYMGNA,LMPRMLYKEA,train,0.06444847583770752,1.1660256385803223,0.6516119241714478,7
6111,FAPRSMVDNL,AQPRSMWAGF,train,0.051239013671875,0.2723226547241211,0.3146066665649414,6
6270,FAPSRMTDRL,RKPVNLIAPG,validation,0.22569382190704346,0.9472758769989014,0.7457573413848877,9
3785,NWPRELWDGH,GAWGPLWTAS,train,0.8142915368080139,0.47254931926727295,0.22434434294700623,8
4949,SGPRSIYTAS,FLGLNWHAES,validation,2.0718655586242676,1.545732855796814,1.0485773086547852,9
7036,RAPRSLHTWS,QKPRGMKNMK,validation,0.09375369548797607,0.05751359462738037,0.6320137977600098,8
6675,LKPRAYHDPA,TWPREVRGYW,validation,0.5003664493560791,0.1832026243209839,0.30977898836135864,8
10303,QRPVAYTNNH,LTFLHWTAPL,train,1.145029067993164,0.6976624727249146,0.3213089406490326,9
4719,PYPRAFRDAG,FGPQPMWTWI,train,0.004746198654174805,1.0239030122756958,1.043796420097351,9
222,SFPKGMYNHG,KSPRTLYAHY,train,0.7922019958496094,0.6105406284332275,0.4429231584072113,7
3371,GPPSWMINPF,ISPVAYTASG,validation,0.1046605110168457,0.07149803638458252,0.14462971687316895,9
5416,TPPVGLMDWF,YMPRSYQAMY,train,0.0009083747863769531,0.15878427028656006,0.10029482841491699,9
4034,YNPRWMLNPG,GMWRAFRDMY,train,0.7184884548187256,0.13109445571899414,0.142505943775177,9
1355,NAPRSLYDLG,RTPLPIWYAQ,validation,0.12427783012390137,0.7601659893989563,0.9549030661582947,9
7002,WIPVAYADGF,SWPRTLFDMY,train,0.11449313163757324,0.27338075637817383,0.10162162780761719,8
7744,PTPRSYFAEA,LVPSWLSARW,train,0.11438202857971191,0.8237730264663696,0.5924761295318604,8
1138,FQPRSYIDPF,WVPRGLYTIW,validation,0.012703895568847656,0.5899492502212524,1.3481636047363281,8
1266,MIPRSWTASG,GKPVPEVTAS,train,1.126196026802063,0.6894049644470215,0.11848610639572144,9
6760,FAPIPIRNGK,RFPLQLKSGS,train,0.13450729846954346,0.4621536135673523,1.1702148914337158,8
7348,FHPRAVITWI,PKWRAYIDGI,train,0.5833656787872314,0.27242541313171387,0.12715142965316772,6
1175,CMPSGWTATR,HMPQNWYNHG,validation,0.9130176305770874,0.6933748722076416,0.07578612864017487,7
8931,LMPRWILDML,WQALGIFDYK,train,0.5088297724723816,0.4925321340560913,0.793148934841156,8
8536,QAPRNVRGMW,EYPVPMIASW,validation,0.29434096813201904,0.9306221008300781,0.3621971607208252,8
1516,MLPRAVSVWK,FWYRAMYGIF,train,0.2618926167488098,0.07008838653564453,0.12833228707313538,8
9593,EQPRSWVANR,WTPRSWRTRA,train,0.4053259491920471,0.08389043807983398,0.1204766035079956,6
7432,MHPQSWRGWT,SWPEFYRGML,train,0.7916271686553955,0.5237112641334534,1.468631625175476,7
1927,GQPVSMWTNH,IRPRYLVTSY,train,0.3666185140609741,0.5403190851211548,0.26362162828445435,8
10874,GYPRPLYTEH,HTMFGMWYPS,train,1.1678990125656128,0.5170750617980957,0.12482085824012756,10
814,WAPRGYKVAI,RCPLASMGPR,train,0.25035083293914795,0.2560098171234131,0.5908526182174683,9
5699,YGPASWRTWS,EHPSWLYTNA,validation,0.3222704529762268,0.33913707733154297,0.2754836082458496,8
8235,MHPRSWTGPG,VMPSGFLEAT,train,0.31456148624420166,0.6461367607116699,0.29832905530929565,9
4658,DYPAGWTGPQ,SFPRSYWVTI,train,0.6087630391120911,0.6251519918441772,0.22856974601745605,9
6610,FHPRDIMDGY,KWPRFLTNST,train,1.2796751260757446,1.0662181377410889,0.9218928813934326,8
10911,GDPKGMRVPL,YRPRPIFGEY,train,0.16937220096588135,0.23812437057495117,0.19785523414611816,9
10490,SQPKGYTVMA,FTPRSWIGWI,train,0.39152395725250244,0.027413368225097656,0.10205256938934326,9
1952,VTPRNYVMQA,IMPGSFAPGP,train,1.1575757265090942,0.17413902282714844,0.19427967071533203,9
8666,LPPRTLWVQL,AKPVSMKNRY,train,0.8290471434593201,0.6625989079475403,0.5556215643882751,9
5999,MTPRWMGTNG,GFPRAVRGET,train,0.2946960926055908,0.2794417142868042,0.8591091632843018,8
246,CAPRWITNAG,TPVGWMKGSG,validation,0.26855868101119995,0.33307909965515137,0.07067805528640747,8
10627,VAPLPVSDPR,CIPTALKDER,validation,0.599656343460083,0.3999873399734497,0.6789451241493225,7
669,SGPKGMVTTA,VWPRELKTGW,train,0.34854114055633545,0.7480676174163818,0.051258206367492676,8
6632,MTPRMYTASG,MKPRTASAEW,train,0.8590439558029175,0.022656559944152832,0.12389719486236572,6
9734,LNPSGMVQVF,TQWVGLMSNT,train,1.1743035316467285,0.7356138825416565,1.3583345413208008,9
9640,TYPKQLVTHK,IEPRNVMAHS,train,0.20669972896575928,0.15462040901184082,0.0476149320602417,8
4950,WVIRALTSQG,FVPRGTLVEG,validation,1.1579246520996094,0.35652315616607666,0.4082145690917969,7
1485,YKPVAYWGTW,TIPRNVYANY,train,0.20520508289337158,0.21402239799499512,0.046573519706726074,9
8621,QAPLHWVSPS,DFARNLWAPG,train,0.7615956664085388,0.47896671295166016,0.2925146222114563,9
7116,PEPRQYMDRT,LVPRWISYPV,train,0.8556458950042725,0.5668916702270508,0.052079200744628906,8
5017,HTPIGITASG,GSPFQLRTPH,train,0.12441706657409668,0.27655357122421265,0.37349581718444824,9
3874,PTPRKYIGPW,WRAIPGRTEF,train,1.1493570804595947,1.1787378787994385,0.644120454788208,10
1733,ILPRAIKYPL,MPRPRMILVG,train,1.2416476011276245,0.7474207878112793,1.4095704555511475,10
6111,WIPAWMKGMH,CQPKWMRHGY,train,0.4716224670410156,0.07996988296508789,0.03317832946777344,7
6270,RAPVAFTDIW,GMPRTIVTAS,validation,0.057000160217285156,0.17967462539672852,0.23556607961654663,9
3785,RNPAWMRTPF,FPPRFLYHEW,validation,0.7671403884887695,0.21338820457458496,0.09181362390518188,9
4949,HKPKGMHDEG,RVARPIWDEK,train,0.7970255017280579,0.8819297552108765,0.660048246383667,8
7036,GTPVGMQTPH,WTPRGNRDHW,train,0.6473903656005859,0.2521435022354126,0.0536884069442749,7
6675,RTPVGMWDHQ,VGPRSWRTTA,train,0.11982250213623047,0.046674489974975586,0.3716498613357544,9
10303,TMPRFYTASG,SDIRMLYGST,train,1.348367691040039,0.9043505787849426,0.5148931741714478,8
4719,GAPRWLSTAS,SAPRQLHAHF,train,0.5900211334228516,0.2219104766845703,0.30469810962677,6
222,YNPRAFTGSQ,GTPVPMWAVG,train,0.10859215259552002,0.20642077922821045,0.02462923526763916,9
3371,YAPRGSTASG,NDPRSMYDRS,train,0.3478909134864807,0.6805945634841919,0.3956255316734314,8
5416,HTPRSMYNMA,AIPRDLHDEV,train,0.4231940507888794,0.015177011489868164,0.25156450271606445,8
4034,THPRAFYGNL,RWVRAVFASR,train,1.2883827686309814,0.6802105903625488,0.09444183111190796,8
1355,LMPRMLIDSA,GMVLPLTDET,train,0.6967921257019043,0.20237970352172852,1.0440348386764526,7
7002,TKPAYFKAMS,ACVPFDGTGW,train,1.932654619216919,0.9174906611442566,0.6016581654548645,10
7744,VYPRSMSGPH,YIFPIPSVMT,train,1.434524655342102,1.2804718017578125,0.9864533543586731,9
1138,TNPRAMIDVS,MIPRNIHATQ,train,0.005594611167907715,0.7460389137268066,0.945838212966919,8
1266,RQPRGVWTAS,LWPREYTNIA,train,0.1683812141418457,0.6273559331893921,0.06997346878051758,8
6760,TSPLGQIDLW,FDPLGQIGHH,train,0.7241759300231934,0.05774867534637451,0.3928965926170349,5
7348,WGPRGMHTAS,TGPKGMKTAL,train,0.3204808235168457,0.4826333522796631,0.20557308197021484,4
1175,CQPFGWRAQI,LGYGNFWGQT,train,1.5084049701690674,1.0433554649353027,0.5197266936302185,9
8931,MYPRYLWSMV,NYPYHIVSKL,train,0.5555421710014343,0.3536747694015503,0.8496551513671875,7
8536,NAPRSVIDGI,HYPRSVYDIT,train,0.2946327328681946,0.34122395515441895,0.14849448204040527,5
1516,TIPRFYMDVG,EWPRGVFDTR,train,0.010292291641235352,0.0034775733947753906,0.601868212223053,7
9593,FEPRNVYAWG,YSPRAYIASF,train,0.20475304126739502,0.24834883213043213,0.1926649808883667,7
7432,GYPRSYMGHR,GLDYPRHALD,train,1.6208277940750122,1.0912914276123047,0.34836694598197937,9
1927,GFPRAFTDAG,GHPRSWTASG,train,0.6489050984382629,0.41178858280181885,0.45262420177459717,5
10874,LFARALWAQV,KEPLFLYTAY,validation,0.11144423484802246,0.3353140354156494,0.6549932956695557,9
814,MSPKGVMQPL,QPYKGMHGWF,validation,0.7135008573532104,0.18426215648651123,0.2003890872001648,8
5699,RTPRSYMMPS,NHPVNLINGH,validation,0.7107822895050049,0.25023382902145386,0.30589765310287476,9
8235,LRPRSYLMNV,CHPVSLRNPW,train,1.0288159847259521,0.3926265835762024,0.14208745956420898,8
4658,GTPRSWTVPR,YRPYWSWNPI,train,0.8380559682846069,0.5610061883926392,0.0750996470451355,8
6610,VTPVPMWGHL,SGPRAFSNTA,validation,0.4703596830368042,0.0373537540435791,0.007206380367279053,9
10911,QRPVAMKSLQ,GRVFAMRTAS,validation,0.3010517358779907,0.04133772850036621,0.6970422267913818,7
10490,VGPRSYRTPL,LEPRGYKGQG,train,0.38744115829467773,0.0166398286819458,0.32345736026763916,7
1952,VRPHSFYAPH,NVPKNSQNHV,validation,2.1719131469726562,1.5484933853149414,0.744057297706604,9
8666,YGPRGMVHAW,YPVGWMHTGF,train,1.154805064201355,0.7054901123046875,1.1052275896072388,8
5999,DAPRWMKGHR,YSGRVATGPS,train,2.0325348377227783,1.5860235691070557,0.7771296501159668,8
246,QVPRWIVGHI,DTVRHIMGGV,train,0.9700422883033752,0.6400100588798523,1.3543782234191895,7
10627,YVVYGLWDGW,RYPVNLIDGH,train,0.2989398241043091,0.4974633455276489,0.6751967668533325,7
669,VGPAPMWDKW,GRPRKLRVAG,train,0.8507709503173828,0.4241178631782532,0.7043898105621338,9
6632,LVPRAWTSRH,QKPHKFSAMA,train,1.0937446355819702,0.5881475806236267,0.19670599699020386,9
9734,WGPVPMWNIT,SMPRMLYTKT,train,0.600165843963623,0.32050877809524536,0.5430741310119629,8
9640,TVPKQLVDRG,PKPKELWDPT,validation,0.18455851078033447,0.22984004020690918,0.8937652111053467,6
4950,ISPRNLSVGW,NSPRPLTASG,train,0.538737952709198,0.3710393011569977,1.11654794216156,6
1485,YAPRSWTGPT,WSPRGYLSMT,train,0.20592761039733887,0.05946648120880127,0.21116262674331665,7
8621,YVPRNVMTHR,GDPVSLSKGF,train,2.137472629547119,1.5827479362487793,1.1444478034973145,9
7116,ILPRAFSDPL,LRPRPVLNPW,train,0.45274651050567627,0.2235966920852661,0.20447736978530884,7
5017,WLPTAIYVPR,GTPRSIALNQ,train,1.4919337034225464,1.1759592294692993,0.8528432250022888,8
3874,QRPLNFQDGW,KAPAPWAYMI,train,0.22030913829803467,0.6494746208190918,1.4913629293441772,9
1733,LVPRAWIGTG,QRPRAFHGAK,train,0.5267771482467651,0.16787207126617432,0.3123021125793457,6
6111,AQPKGMYTSY,VPPINMWAPH,train,0.023212671279907227,0.26417672634124756,0.23783373832702637,8
6270,YMPRTLSDER,GSPLTQSARS,train,1.0440789461135864,0.42604875564575195,0.2444668710231781,7
3785,FWPRQVTASG,ESPLSIWDKY,validation,0.572235643863678,0.7294832468032837,0.5722616314888,9
4949,FYPRAYLDAL,LSPLDFIAPL,train,0.5914372205734253,0.4476715326309204,0.8832763433456421,8
7036,MCPRQMRTHG,GVPRGWRANL,validation,0.05624544620513916,0.13846123218536377,0.9101226329803467,7
6675,GAPRYFMGTF,FPLQWITNER,train,0.726927638053894,1.301130771636963,0.5388666391372681,10
10303,SAPRTLHVPL,HLAYHMWNGL,train,1.4323867559432983,0.9978203773498535,0.4827575087547302,9
4719,FHPFGMGTEH,FTSPIAWVTH,train,1.2928520441055298,1.165496826171875,0.669418454170227,8
222,RTPVGMWGVW,SQPKGMTASG,train,0.3119693994522095,0.44658923149108887,0.20636391639709473,7
3371,MYPGWMIGPI,DPGFHLYDKH,train,2.80741548538208,1.2339327335357666,0.5935459136962891,10
5416,QEPRNVFGPK,YHWMPLWDEL,validation,1.1889245510101318,0.9936331510543823,0.726054847240448,10
4034,LVPRAVRDET,RAPRSMWGNS,train,0.03195500373840332,0.3307468891143799,1.5134800672531128,8
1355,WAPRWLMDGV,YNPRAILDKG,validation,0.16326618194580078,0.2389615774154663,0.4090235233306885,7
7002,NKVYAWFGMW,TSPSYIMYPT,train,1.2899435758590698,1.1266686916351318,0.6404128074645996,10
7744,FRPRTLMANL,ARYSYFKPGF,train,2.8528642654418945,0.8048719763755798,0.5045884847640991,9
1138,QSPRMLWAIA,EWPRFERSQK,train,1.133296012878418,0.3075099289417267,0.5452454686164856,8
1266,HTPRSYIGWL,GNPHGFISFH,train,0.48030000925064087,0.35717082023620605,0.2584651708602905,8
6760,WIPRPLHDTT,FSPLGIYSWR,train,0.14094722270965576,0.6041574478149414,1.7182412147521973,9
7348,NRPRPVFAWG,RAPVNFHDHW,validation,0.6261835694313049,0.3009958267211914,0.0004660487174987793,9
1175,MCPLGWTGSG,GSPRQYRNLI,validation,0.41637563705444336,0.5373162031173706,0.03264504671096802,9
8931,MVVRMLYGPK,NSPRMLYSTH,train,0.8581365346908569,0.1629205346107483,0.09816814959049225,6
8536,SQPVPMWDMW,RYPRNVMGTA,train,0.5871568918228149,0.2411794662475586,0.38566339015960693,9
1516,WTPRGYSGIF,HQPRQVLGNF,train,0.44144660234451294,0.30137157440185547,0.3158107399940491,6
9593,YTPRGQVGWL,PKWRAYFGIQ,validation,0.3798198103904724,0.6790169477462769,0.700385332107544,8
7432,FRPEWYMSHG,WNPSLYTASG,train,1.0589860677719116,0.9774775505065918,2.0336945056915283,7
1927,GYPRAFIGQF,GPPYWLSVQH,train,0.440873384475708,0.421710729598999,0.08930379152297974,7
10874,QAPVNYRNEG,KNPYGMRYWF,train,0.007779955863952637,0.5038019418716431,0.2711362838745117,8
814,LSVKGMYGPK,TVPRQVKSVS,train,0.07201600074768066,0.010485649108886719,0.3768010139465332,10
5699,YRPVNYMDLR,WRPHPLYYMI,train,0.8944599628448486,0.9413633346557617,2.149754047393799,8
8235,LMPKGMYNSY,MGPWFMQSGQ,validation,0.3779890537261963,1.0975629091262817,1.0287373065948486,8
4658,QGPRSYHNAF,TMPRYWYATY,train,0.6271753311157227,0.39606666564941406,0.043676912784576416,8
6610,WVPRWMLDEG,YWPRAYWDLS,validation,0.27695345878601074,0.3311913013458252,0.11495184898376465,7
10911,QRPRQLVDAV,NWPVSMRVPF,validation,0.5450774431228638,0.15333712100982666,0.4779536724090576,9
10490,KVPRAWYGTV,MGPRQISGAF,train,0.05778837203979492,0.12779343128204346,0.14674735069274902,7
1952,YNPRAFYGPQ,MPPRSYRNMQ,train,0.351489782333374,0.5334968566894531,0.07677602767944336,7
8666,ISPRGMKTTA,FQVRSLTGHG,validation,0.7421740889549255,0.755102813243866,0.46541765332221985,9
5999,AVPRSVIASG,VNPRNFDGTQ,train,1.2463239431381226,0.7333102226257324,0.023032501339912415,8
246,KFPSGMYTQS,TMPVWMKVWT,train,0.4501086473464966,0.32732588052749634,0.1470571756362915,8
10627,MSPRKFMANQ,DIVRPLVDGK,train,0.6443428993225098,0.6970762610435486,0.5349041223526001,9
669,PGPREVTASG,RPPRQLEAEH,train,0.1487167477607727,0.4023890495300293,0.008131802082061768,7
6632,MKPRTMYSGK,KHPSPFWSAT,train,0.8029283881187439,0.13245558738708496,0.04583102464675903,8
9734,TWPRALYDPK,EHPAGLYSTF,train,0.42872631549835205,0.4899775981903076,1.0617538690567017,7
9640,RGPYAPFVPA,IHPKLLKGNH,train,1.225521445274353,1.0816906690597534,0.26353806257247925,9
4950,DGPRAILDRY,VHPRSMKAWT,train,0.04957461357116699,0.2689117193222046,0.2719535827636719,8
1485,SGPRAVYTAS,SAPRAYSGNF,train,0.008303642272949219,0.44810426235198975,0.4915590286254883,6
8621,YQVFGLRDIL,VDVKPLHQGY,validation,1.5649586915969849,0.6989997029304504,1.1372745037078857,8
7116,IVPVPFTVHS,RWPAWLAYQK,validation,1.4220689535140991,1.2479504346847534,0.7989072203636169,9
5017,YAPGSMWAPG,VIPAVNQKEV,train,2.008340358734131,1.5297558307647705,1.393217921257019,9
3874,SAPRPFSVRS,DHPLSIVIWY,train,0.9730390310287476,0.6186807751655579,0.16987717151641846,9
1733,YSPYGWRTAS,ATPRSWTGLA,train,0.2683614492416382,0.2686460018157959,0.12452435493469238,8
6111,NIPRPVMDAS,TKPRSMHDHG,train,0.2691280245780945,0.13968396186828613,0.8427926301956177,7
6270,KAPKLLVTPH,FTIAYLASPM,validation,1.1059318780899048,0.6675907373428345,0.34081143140792847,8
3785,FLPRMLFDNY,GKPGHLSEPS,train,1.6809941530227661,0.7562631964683533,0.6567545533180237,8
4949,AFPRAYIDWG,MWPRELYDLK,train,0.034957051277160645,0.1945730447769165,0.03886765241622925,7
7036,SAPRGMKVMG,WPPLGQIVQY,train,0.09181880950927734,0.09304940700531006,0.0091705322265625,7
6675,SWPRAYTGHR,HNAIPKGKLQ,train,1.781896710395813,1.7772048711776733,1.6404149532318115,10
10303,YNPVPMWNWS,PVPRYLYTGW,validation,0.10606265068054199,0.2682698965072632,0.18639838695526123,9
4719,MQPRSWTASG,SVPKNQMDGT,validation,0.5671005249023438,0.37528765201568604,0.01087254285812378,9
222,EWPRSMHGMF,MKPRPYSGRG,train,0.14000415802001953,0.09730386734008789,0.17355632781982422,7
3371,PSPVWLTASG,RYPRNWTGSW,train,0.7750746011734009,0.1530240774154663,0.030769750475883484,7
5416,TLPRSWTATA,TLPRPLSDMY,train,0.020735740661621094,0.24879425764083862,0.4376230835914612,6
4034,WAPRYWVSGL,SQPRWIQSPF,train,0.41824251413345337,0.32713043689727783,0.44179341197013855,7
1355,QEPRNVMNIK,KLPINIHDEH,train,0.9281119704246521,0.24189293384552002,1.0141727924346924,8
7002,YFPRSYTVRG,MKPLSNMDTA,validation,0.14105772972106934,0.1590946912765503,0.17780107259750366,8
7744,VNPRSWTASG,SKPRDVRDNY,train,0.5466168522834778,0.25670289993286133,0.06473791599273682,8
1138,FMPRNYIGHS,ISPRSLHYAT,train,1.531943678855896,0.7938152551651001,0.07715067267417908,8
1266,WVPRAVTGWG,FNPRMLWAPY,train,0.14291059970855713,0.7857445478439331,0.05205178260803223,8
6760,TPPVWMHDIF,FSPRSLRTHY,train,0.4351019263267517,0.6332852840423584,0.24236416816711426,9
7348,MRPRSWTSEV,RYPRAFRNTW,train,0.3053100109100342,0.31114017963409424,0.45474809408187866,8
1175,RAPRPLYNWL,PHPWLQGGYR,validation,1.9842427968978882,0.8850529789924622,0.6174255609512329,9
8931,HAVRALYTAS,SQPLWIADVF,train,0.7971779704093933,0.07124072313308716,0.544863760471344,10
8536,EIPRPVMADV,PMGPRPVTDP,train,0.5705795884132385,0.08487153053283691,0.1461198329925537,9
1516,WVPRAVRGWF,HQPMGVHAWY,train,0.1753537654876709,0.08536887168884277,0.20854711532592773,7
9593,GTPRNVMGMW,MVWNHMTASG,train,2.3751564025878906,1.3553252220153809,0.6574477553367615,10
7432,GWPLSWTASG,SWPYGMYQQW,train,0.10828208923339844,0.34677791595458984,0.15191888809204102,8
1927,IVPRAVWGWK,SRPRYLAGVT,train,1.873203992843628,0.942074179649353,0.11776398122310638,7
10874,YAPLNWRDQY,NWVRAYTASG,validation,0.09795022010803223,0.00680232048034668,0.6813847422599792,10
814,YAPVSMYSVH,GAVRAVQSPG,train,1.4378511905670166,0.7853805422782898,0.5581575632095337,8
5699,QFPASWRTAF,HCPTGLANMW,train,1.248680830001831,0.908211886882782,0.8006818890571594,9
8235,DMPSGLWYVI,RWPAWLKNSR,validation,1.0701844692230225,0.2697710394859314,0.3617771565914154,8
4658,YNPYGWTASG,YSPYTLMAEQ,train,0.29920095205307007,1.0614140033721924,1.482254981994629,6
6610,GTPRSWIGTA,EVGNHLIAPG,train,1.9158457517623901,1.5678215026855469,1.4296109676361084,9
10911,GMPRSFKNPL,QALRAWVSQI,train,0.16847765445709229,0.5631037950515747,0.36929309368133545,9
10490,DTPLGQISPG,PSPRNTMGPS,train,0.7074730396270752,0.30758655071258545,0.32819896936416626,8
1952,TVPRAWHGMY,LWPAWLWSQL,train,0.17538964748382568,0.8523538112640381,0.1462550163269043,9
8666,NHPRALYTEV,WPVSWLMVRA,train,0.6123379468917847,0.6346598267555237,1.0385898351669312,9
5999,VFPAGMHNAG,VAVRGVYASW,train,0.5022076964378357,0.17583584785461426,0.511283814907074,8
246,DYPRWMKSPT,MDPRWISATF,validation,0.5489214658737183,0.39979493618011475,0.03668966889381409,7
10627,LIPSELRDLY,LHPLGILDAT,train,0.35548555850982666,0.2963012456893921,0.6614404916763306,7
669,WIPREVTASG,QNPRDILDKY,train,0.42479604482650757,0.5976181030273438,0.11729693412780762,8
6632,LHPHAFYDEW,GPRPKRGVPR,validation,1.1566009521484375,0.6916924715042114,0.15881145000457764,10
9734,SVPKGLYTHL,GFPASLYNVQ,train,0.9406381249427795,0.698901891708374,0.20750409364700317,7
9640,SAPKQLSAEK,RNPRRILSKR,train,1.0388000011444092,0.5432776808738708,0.22807082533836365,9
4950,KVPRGVTSET,VDYRGLYSEQ,train,1.352372169494629,1.2420856952667236,0.4915412962436676,6
1485,QRPRTILGRY,SGPSGITASG,train,0.01787269115447998,0.2404484748840332,0.7473958730697632,8
8621,YEPRNIASIW,WHPNYLVGWH,train,1.3552383184432983,0.39145582914352417,0.5177475810050964,9
7116,EVPRGVRNGG,SGPRAVLNEK,train,0.5360493063926697,0.5428441762924194,0.020090818405151367,6
5017,DRPAQMKDLT,VHPISMSNPF,train,0.9926953315734863,0.663293719291687,0.518100917339325,8
3874,TVPKNQMDMY,NVPGAYRPIW,train,0.4491997957229614,0.4412023425102234,0.4857966899871826,8
1733,VMPRSWVGRH,LIPRPFHGSF,train,0.20437347888946533,0.021130800247192383,0.03533083200454712,7
6111,WAPRWMVDVH,WVPRWMKGKF,train,0.6562926173210144,0.4040440320968628,0.09724324941635132,5
6270,HQVFGLRDHW,KNPKQMKDMV,validation,0.24171721935272217,0.11511093378067017,0.3650262951850891,9
3785,LIPYSWAVPA,YSPVQLTVML,train,0.7881439924240112,1.0444247722625732,1.2105295658111572,8
4949,MWPRELRDLK,KFIRSLWSWT,train,1.4970287084579468,0.4458484649658203,0.13144809007644653,8
7036,VQPRSWTVRQ,YIPRASMVGL,train,0.7372133731842041,0.22347533702850342,0.17016607522964478,7
6675,MYPRGWIGNF,GFPRSWTASG,train,0.11100131273269653,0.022571563720703125,0.013209283351898193,7
10303,IGPRSYIDPG,MNPRDLYDPF,validation,0.1968480348587036,0.4971635341644287,0.24859869480133057,6
4719,TYPRAYIVTG,IAPRSHLTWT,train,1.0259523391723633,0.356597900390625,0.36050206422805786,8
222,WFPRGMSTHG,GWPRSYTAGS,train,0.08947062492370605,0.5622018575668335,0.356886625289917,8
3371,YGPTGLTVSL,MTPYGLAGDT,train,0.07781410217285156,0.057849109172821045,0.5425878763198853,7
5416,PKPRSLKDLQ,ELPLSIADRA,validation,0.7201951146125793,0.254774272441864,0.9431279301643372,7
4034,VFPRAVTGEQ,PHVRAWQSWT,train,0.5019533038139343,0.6043881177902222,0.16303104162216187,8
1355,NMPRFILDPY,SLPRAIVDNQ,train,0.09945619106292725,0.3035242557525635,0.8404972553253174,6
7002,TNPVWMRDSK,TAVYAWQSPL,validation,0.06462645530700684,0.04793059825897217,0.1721341609954834,9
7744,YKPRSYIGWQ,TQPRAVTASG,validation,0.22137248516082764,0.013536810874938965,0.10355979204177856,8
1138,YAPRSMTNKH,KYVRAMIDKW,train,0.4357655644416809,0.36995744705200195,0.6030679941177368,7
1266,KAPAPGWTAS,HWPRYWTGIQ,train,0.8794780969619751,0.3541755676269531,0.6649658679962158,9
6760,RIPKGMFEGY,NPPRSLYGTG,train,0.12110912799835205,0.01909160614013672,0.821160078048706,9
7348,YWPREVRTMH,CAPRAVKTGY,train,0.025932788848876953,0.06335294246673584,0.024348318576812744,6
1175,MAPRWYWGSG,HVPRWYYAQA,train,0.10038197040557861,0.1338251829147339,0.05458104610443115,6
8931,GYPRSMYVMH,MMPIHLQDHL,validation,0.3142303228378296,0.4740738272666931,0.8661760687828064,9
8536,VQPRWVSDPY,TMPRYWTATI,train,0.4084240794181824,0.5922071933746338,0.7996957302093506,8
1516,RAPRPVTASG,TMVRAVASGG,train,1.6933867931365967,1.1823172569274902,0.9465488195419312,7
9593,NWPRTLIGPQ,YGWRAYRGTW,train,1.0893347263336182,0.26069772243499756,0.2636567950248718,8
7432,WYPSGWTASG,QVPKNQMGSG,train,0.04053843021392822,0.5637214183807373,0.705314576625824,7
1927,NVPRAWKGNT,SMVRAVTASG,train,1.1786314249038696,0.7664806246757507,0.1808648705482483,8
10874,VKPVNYRSQH,QEVRAWTASG,train,0.741335928440094,0.1504993438720703,0.32757434248924255,10
814,ARPRSLMSQW,RQAVPVRSNA,train,1.573479413986206,0.177109956741333,0.2391997128725052,9
5699,WGPWGWETNG,MSPSWQTMPR,train,0.42023998498916626,0.6670693159103394,0.6203240156173706,9
8235,WRPRSLINWG,KLPAGLNGSY,train,0.004255771636962891,0.0886373519897461,0.6860926151275635,8
4658,LWPSGFYATG,PAPRSYLGAL,validation,0.05340433120727539,0.4249756336212158,0.5313113927841187,9
6610,EGPRGMHTPH,RYPRAFSNIL,train,0.8985959887504578,1.4696869850158691,0.8450825810432434,8
10911,HAPRGQVDPF,HRPRGVTVVI,train,0.2888568043708801,0.30799341201782227,0.949578046798706,6
10490,WFPVGIHDGW,IGPRAWHNWG,train,0.498934268951416,0.14838039875030518,0.12758171558380127,8
1952,FMPSGWTAKW,KLPRYWTDNT,train,1.0759398937225342,0.6219190955162048,0.33231687545776367,7
8666,MPPRKVSAGT,SGMLGMTASG,train,0.544999361038208,0.9409767389297485,0.9912062883377075,9
5999,VTPRSYIDGH,GQPRAVGTGV,train,0.8386651277542114,0.3826652765274048,0.4655612111091614,7
246,EAVRAMTASG,MNPRWMKGAK,train,0.35445165634155273,0.05152010917663574,0.06506270170211792,8
10627,GHPRQLTDPG,LTPRSLTYEF,train,0.10564130544662476,0.5080826282501221,0.4981788992881775,6
669,FNPRNVTASG,PRVWRITDES,train,0.762539803981781,1.3900352716445923,1.9408940076828003,9
6632,SGPRSYVATA,VGPAYWVAGH,train,0.43324023485183716,0.17158770561218262,0.14791083335876465,6
9734,FRPKNVMANS,NFPEHMWGWF,train,1.9410136938095093,0.35767775774002075,0.9212907552719116,9
9640,HTPRELMAVS,ITVWGIYALR,train,0.1807011365890503,0.3011242151260376,0.9933497905731201,8
4950,GQPRSWVVTA,DCVRAMTASG,train,0.2849332094192505,0.1529465913772583,0.21476542949676514,9
1485,VYPKGMWGVG,FGPRSLYGVW,train,0.39674532413482666,0.7959620952606201,0.36780261993408203,7
8621,FRPRTLMKPY,RFPRALFNLP,train,0.45272403955459595,0.4192768335342407,0.47225576639175415,7
7116,PGPRSWTGNV,IFPQSWRQTG,train,0.9079989194869995,0.9896003603935242,0.3158476650714874,7
5017,GSPLYFRTAS,AGVFALSGEG,validation,1.1447241306304932,0.7026851177215576,0.6473720073699951,10
3874,VTPRELKVAI,KSPMQLTKGH,train,1.3361968994140625,0.8840055465698242,0.8171818256378174,8
1733,ARPRSMLNPG,LIPHGFYTWA,train,0.22930777072906494,0.010170340538024902,0.25232529640197754,9
6111,TIPVWMVAQT,VEPRNVTGNW,validation,0.5421826839447021,0.08652687072753906,0.0061296820640563965,9
6270,DPPRTLVAKW,VQPRKQLDVQ,train,0.5184776186943054,0.14055955410003662,0.6519836187362671,8
3785,APPRLLWDIT,SRPRTLWAHS,validation,0.8679748177528381,0.30367040634155273,0.11022651195526123,6
4949,KRPRPILDNG,DARGAMTASG,validation,1.6109925508499146,0.9548923969268799,1.282064437866211,9
7036,WAPRGMSTPR,YIPRGMKTGQ,train,0.052351951599121094,0.2872809171676636,0.6276495456695557,5
6675,FMPRQWTGAS,NQPYNWRTNA,train,0.11033546924591064,0.46369707584381104,0.0483323335647583,8
10303,SYPRAWTVLS,RQPKSMAYPY,train,0.7059252262115479,0.04236006736755371,0.15613052248954773,9
4719,WMPRTLTDSH,SIPRMLYMEW,train,0.7984758615493774,0.8057952523231506,0.771489143371582,7
222,LSPRQVVGLT,TQPKGVKTIQ,train,0.5021734833717346,0.6446576118469238,0.5208234190940857,8
3371,SDPKGMRGLH,DPPYWMKGPI,train,0.0012617111206054688,0.10302269458770752,0.14342713356018066,7
5416,VHPVSLRDTQ,SGSRALYSVA,train,1.0366158485412598,0.1250559687614441,0.003227055072784424,9
4034,EFPRAFTGRG,FSHLAMWGRF,train,1.4504443407058716,1.069256067276001,0.28917112946510315,7
1355,HNPLNWRDSY,ERPRSWADEY,train,0.7814770936965942,0.1538029909133911,0.17719796299934387,6
7002,YLPRAIWDPA,STVRNYMTAS,train,0.9451435208320618,0.35283178091049194,0.13281235098838806,9
7744,TYPRAFVGWQ,FRPRSYTASG,train,0.12320578098297119,0.23537123203277588,0.17881155014038086,8
1138,FKVYAWTATY,WTPRSWTQIL,train,0.7361456155776978,0.6420855522155762,0.3965078294277191,8
1266,VLPRAYHGQW,VIPRAHWNGL,validation,0.5958086848258972,0.5514780282974243,0.27621930837631226,6
6760,HIPRPFLDAI,LFPLGQHDRS,train,0.13965189456939697,0.031621336936950684,0.2843400835990906,8
7348,WSPRAVQANL,ARPEYLWSAH,train,0.3296107053756714,0.8325263857841492,0.9725517630577087,9
1175,FSPRGWQGNQ,RSPAYWVGGY,train,1.0341882705688477,0.712069571018219,0.11851143836975098,6
8931,EAPRWLWSRA,FLPRYLAYGY,train,1.229926586151123,0.8554949760437012,0.5991712212562561,7
8536,MAPRWMWAIY,FPAQGVMDQF,train,1.457624912261963,0.8521323800086975,0.4300399422645569,10
1516,QWPRTLVAYS,NRAAPFIDPG,train,1.1215323209762573,0.4277297258377075,0.7908739447593689,10
9593,MRPRNYIGTK,YGPRSWTNLW,train,0.6581135392189026,0.04093599319458008,0.019449084997177124,8
7432,EWPLSWRTAG,DNPYSYRNGW,train,0.4118764400482178,0.11504662036895752,0.5123428702354431,7
1927,MHPRSWMNER,KRPRSLQDES,train,0.187366783618927,0.28565657138824463,0.015205442905426025,6
10874,GRPRSLWSPI,ETPRWLTVRW,train,0.013838768005371094,0.006070971488952637,0.6509433388710022,7
814,RTPKGMASKA,EPRLKRVMSP,train,1.068904161453247,1.032626986503601,1.132296085357666,10
5699,HEPRNYMNAR,QWPRFIWNLY,train,0.805668294429779,0.4741881489753723,0.4024451971054077,7
8235,QWPRELRGLK,DAPYFLRGVF,validation,0.1127011775970459,0.3538224697113037,0.4826924800872803,6
4658,IFPRNYVGNF,CYPRAFSYMW,train,0.14101684093475342,0.5492907762527466,2.498237133026123,8
6610,TNVFWMYGQY,GPIPTASGKY,train,1.3655918836593628,0.842896044254303,0.024548351764678955,8
10911,NIPKWITVMT,HQLASLMSGI,train,1.207733392715454,1.4761110544204712,1.4573765993118286,10
10490,LRPKGWTVLR,EWPRSWYSEF,train,0.7687047123908997,0.4134986400604248,0.27933454513549805,8
1952,LWPRAFLNWY,VDPQSWRTMY,validation,0.09881460666656494,0.34971821308135986,0.008685827255249023,8
8666,VMPSGFRVEL,AWPAGMHGPF,train,0.005047321319580078,0.09151291847229004,0.6163537502288818,8
5999,FHPRGMHNTW,VYPRYMQARV,train,0.0647745132446289,0.5872893929481506,0.36011701822280884,7
246,DMPKWIIGIS,DAFRHMRGIG,train,2.0351593494415283,1.3843382596969604,1.520460605621338,7
10627,HWPVAFYDVR,TAPKLLVDRT,train,0.11191165447235107,0.7231806516647339,0.8601403832435608,8
669,FSPIPIRDNW,PRPARILDNK,train,0.2080761194229126,0.19367891550064087,0.08645164966583252,6
6632,GMPRQYTVKA,CKPYPVIAWG,validation,0.45432817935943604,0.31688177585601807,0.040881454944610596,9
9734,YDPRAFRSPI,SGPRSLFSIA,validation,0.6524310111999512,0.37666958570480347,0.4001086354255676,7
9640,WYPKQLAVRV,WYPKQLAYRV,validation,0.44708502292633057,0.5067867040634155,0.9137873649597168,1
4950,QRPRNVTASG,EAPRSLSYEG,train,0.7947568893432617,0.5107671022415161,0.188499316573143,7
1485,IFPRSYRSEY,MSPRTPFAGW,train,0.7305911779403687,0.31035876274108887,0.18889683485031128,8
8621,IWPKQLKGPH,GRTAWLWKAF,train,1.895199179649353,1.2767794132232666,1.6610331535339355,9
7116,VPPRVLVDNI,VAPRGVAVPI,train,0.19526565074920654,0.003304719924926758,0.0078238844871521,6
5017,PMPRSQSTPF,TLPCIIWDAF,train,1.5725396871566772,0.884796679019928,0.3473382890224457,8
3874,AVPLSVRTWH,GVGLPLYKVF,train,2.2468841075897217,1.0828802585601807,0.8340479135513306,8
1733,MRVLPWTASG,SGPHGFYQTA,train,0.509310781955719,0.032545506954193115,0.5034866333007812,10
6111,AIPRWILDSG,RSPRWMLNWY,train,0.7570464611053467,0.544823944568634,0.15456938743591309,6
6270,KRPRQLSDPR,SCVRFLMDIG,train,1.2313867807388306,0.6918621063232422,0.4862098693847656,7
3785,SVPSAIYVTG,RIPGNFFHAS,train,0.8186245560646057,0.07375675439834595,0.16559197008609772,9
4949,FAPRSLVYPQ,GLWLNLHDLA,train,2.0725629329681396,0.8039799928665161,1.0476008653640747,9
7036,RVPRGVKVGK,GSARGLWGKW,train,0.297188937664032,0.5113332867622375,0.5135824084281921,8
6675,IQPRSWTATG,TDPRWYMDPF,train,0.40491634607315063,0.09645223617553711,0.08832359313964844,8
10303,TVPRAWSQGW,VYPAEVTDNF,train,0.680391788482666,0.2705501317977905,0.18926729261875153,9
4719,CTPKGMRTIY,GMPRAYHVDQ,train,0.02104663848876953,0.013645768165588379,0.16093915700912476,9
222,TYPRSMTGTS,KSVRGMHGMT,validation,0.7784231901168823,0.23473823070526123,0.04890620708465576,7
3371,YAPRYLQGTA,GMPRGIAYSW,train,0.8038375377655029,0.5563017129898071,0.06449662148952484,8
5416,WMPRSMLDMR,RTPMALTGVF,train,0.39737367630004883,1.125242829322815,1.582975149154663,9
4034,LVPRAWYGWS,SGPRAVIGTA,train,0.16469645500183105,0.03552830219268799,0.5753190517425537,6
1355,LQPVPMWDGV,DNPLGIWDTG,validation,0.6704721450805664,0.3410768508911133,0.3712886571884155,7
7002,RYPRNFQTGW,FWPRLYTDGT,validation,0.5582131147384644,0.21144068241119385,0.07270562648773193,7
7744,YVPRAVYTAS,TAPRGYTGWL,train,0.0759958028793335,0.017860054969787598,0.4575667381286621,8
1138,GAPRSMKDMA,TAPRNIHAWG,train,0.03336787223815918,0.5360347032546997,0.5954145193099976,7
1266,KAPRSWHAPF,LVPRQWGSMQ,train,0.37755948305130005,0.3469843864440918,0.001827538013458252,7
6760,SVPSWLYGEL,APVFHILSWA,validation,0.846444845199585,0.6497716903686523,0.233210489153862,10
7348,WAPRAVSTSW,SVPRAWTASG,train,0.3285560607910156,0.21607136726379395,0.16170310974121094,6
1175,PIPRPVWGVH,NTPKGQINEF,train,1.1146481037139893,0.9663735628128052,0.006642669439315796,9
8931,IQPVPMWSAW,RMPKWLMYRW,validation,1.4911192655563354,0.7117887735366821,0.5770520567893982,8
8536,NYPVPMWGMK,EWARAMADEH,train,1.8708629608154297,0.5694341063499451,0.05135764181613922,9
1516,GIPRAYFTAS,IWPRELRGPH,train,0.15525281429290771,0.5490869283676147,0.047902822494506836,8
9593,HKPRAYHDSG,AERPSGFSPW,train,1.1566752195358276,0.8490998148918152,0.5330600738525391,10
7432,HRPEWYRTPQ,WLPRAWHNEG,validation,0.4540244936943054,0.1418207883834839,0.029685139656066895,9
1927,YVPRGVMAEI,NRPRWMRNPG,train,0.6785439252853394,0.15502476692199707,0.022643327713012695,8
10874,LNPRFLYDGL,RDPKHLVDQH,train,1.1417800188064575,0.3767838478088379,0.8795191049575806,7
814,QVPVRLWSGF,PKMRGLTASG,train,0.5153163075447083,1.0670490264892578,1.4711265563964844,9
5699,VDPYGMQNSY,MCPGFLYSPR,train,0.5818784236907959,0.4834563136100769,0.3647887706756592,9
8235,KTPAGMWVIT,LIPYHLVYRY,validation,0.9541060328483582,0.5321807861328125,0.30381256341934204,9
4658,RAPRQYKAGW,MGPHWFTSHR,train,0.5024778246879578,0.10057187080383301,0.03899586200714111,9
6610,VTPVGMLGPY,RNPMGMTASG,train,0.31132280826568604,1.4816712141036987,1.4435065984725952,7
10911,AKPRGVIVQA,TWPRTLIAEF,validation,0.13077831268310547,0.31696856021881104,0.2084023356437683,7
10490,ENPLGVYGPI,KWPRELKGMH,validation,0.21041178703308105,0.3959897756576538,0.11696374416351318,8
1952,MTPRSYIGWT,WMPRQVLGNV,train,0.390270471572876,0.05471694469451904,0.49002325534820557,7
8666,KSPVGMTASG,VAMRSLITNS,train,0.6767812967300415,0.9301385879516602,0.7937780618667603,10
5999,GDPRGMTASG,AQVRGVTASG,train,1.408485770225525,0.5297818183898926,0.6614890694618225,4
246,ETVRAMWAGV,IAPRWLWTIY,train,0.08078873157501221,0.06891202926635742,0.23605412244796753,8
10627,QHPKQILDSR,CEIWPLTASG,train,0.5471596121788025,1.0915513038635254,1.133671522140503,9
669,HRPRQLIVGW,PGPGAPHNKE,train,2.7443490028381348,1.2352862358093262,0.9870578050613403,9
6632,LTPRQVTASG,HTPKGQMYGI,train,0.838457465171814,0.8097811937332153,0.14879930019378662,8
9734,IAPVHMRGPY,PLPRPLYNGA,validation,0.09353625774383545,0.4780033826828003,1.0187407732009888,9
9640,LVPRELRDQG,PGPRELTGMW,train,0.23387718200683594,0.14750683307647705,0.8339356184005737,6
4950,VTPKGMTASG,GRPVGLTVPK,train,0.40055298805236816,0.6369882822036743,0.27628111839294434,7
1485,YQPRSWTGRQ,TSPVTLYGPK,train,0.6130332350730896,0.4001387357711792,0.11152154207229614,8
8621,DIPRAWKGAG,SKPWFLKQPL,train,0.19233417510986328,1.6760077476501465,1.7128716707229614,8
7116,WMPSGFHDMV,PRPRPVMTNG,train,0.13576829433441162,0.22041118144989014,0.175947368144989,9
5017,FAPARFVDQI,NRPSWFINEA,train,0.7113660573959351,0.42902886867523193,0.03807947039604187,8
3874,NPPRAVLDGR,GWPREVRTAS,train,0.12761414051055908,0.1631762981414795,0.528793215751648,7
1733,YKPRSYIGQW,TLPRSWSGVA,validation,0.6725150346755981,0.3939051628112793,0.09465962648391724,6
6111,TYPRWMSTWL,FIPRWLWVPI,train,0.19447529315948486,0.1568835973739624,0.07700797915458679,7
6270,KGPKQFLAMG,GSIRMLHDPG,train,1.5556563138961792,1.1552733182907104,0.44246822595596313,9
3785,FWPRELKSPF,NIPSAMYAHS,train,0.020656347274780273,0.3500840663909912,1.2066749334335327,9
4949,FAPKWMTASG,ANVYGLWSKL,train,1.1173548698425293,0.7100088000297546,0.2661076784133911,10
7036,QVPRGVYDGR,QSPRGMHNAG,train,0.7255820035934448,0.31954455375671387,0.2974241375923157,6
6675,VDPWGMHTAS,EPYGWTMNAT,train,0.6488385796546936,0.8413437604904175,0.45535075664520264,9
10303,SMPRTLVDNF,YIPVYWTGMH,train,1.339385747909546,0.38958775997161865,0.2518937587738037,9
4719,VRPRPLWGTG,NGWAGMTASG,train,1.9755306243896484,0.8991769552230835,0.819154679775238,9
222,RGPRSYKSER,IGPKSIIGVY,train,0.0557098388671875,0.22581958770751953,0.10503578186035156,7
3371,FSPRMLYTGS,DPTGWLYGQG,train,1.3996961116790771,0.25917571783065796,0.012526273727416992,8
5416,TMPKGMVNQY,YPVFGLWDRT,train,0.22147560119628906,0.22863554954528809,0.3540076017379761,9
4034,YNPYGMYNAL,AIPTGVRYSG,train,1.607399344444275,0.6413547396659851,0.33727145195007324,8
1355,HMPRYMLDEF,TIVRAIWDPK,train,0.02391672134399414,0.3756754398345947,0.26697301864624023,8
7002,WIPRPYTDSW,RLPRAVTVGH,validation,0.7091745734214783,0.4381815195083618,0.4595690667629242,7
7744,SWAKGMYSPW,GHPRSWVGNF,validation,0.31081587076187134,0.00031065940856933594,0.00932222604751587,10
1138,RTPRMLIDPY,EFARAMYAHF,train,0.7141737341880798,0.14508962631225586,0.18229901790618896,9
1266,QWPREYRDHG,LAPRWQHGIW,train,0.3539925217628479,0.5365095138549805,0.13756155967712402,8
6760,RVPKWLMSPG,LISAWLYGHW,train,1.638636589050293,0.6551209688186646,0.25349724292755127,8
7348,KFPRPYWDMQ,SKPFGMGVIV,train,0.20877009630203247,0.28738152980804443,0.28894591331481934,9
1175,LSPRAYWGMH,GVPRYLWGAT,train,0.3027338981628418,0.4170738458633423,0.05211406946182251,6
8931,LQPSWYIGGS,ENVRSWFTAW,train,1.4743688106536865,0.8926644325256348,0.284485399723053,10
8536,EVPRAVRDHS,YTPREVVDRT,validation,0.28135883808135986,0.06922280788421631,0.31138765811920166,6
1516,TYPVAFHSWV,TRPREVTGTA,train,0.5997206568717957,0.10927915573120117,0.041333138942718506,8
9593,HNPRGMWNSY,WPTGPQFPMQ,train,1.8004716634750366,1.4546363353729248,0.7116042375564575,10
7432,LRPEWYRGNY,SNPIPIWGNG,train,0.6025238633155823,0.3910979628562927,0.23863887786865234,7
1927,EAPRPVSAGR,RGPRYLQGHG,train,0.8725548386573792,0.6080037951469421,0.23364296555519104,8
10874,VGPRYLLDIY,SCPLGLYVRL,validation,0.10600030422210693,0.844670295715332,1.6977527141571045,8
814,LIPRSWTASG,MTPRNVYGHG,train,0.6608651280403137,0.09345149993896484,0.002740144729614258,7
5699,DAPYFLYNGR,IMVLPLWKGH,train,1.0580368041992188,0.9177196025848389,1.3249448537826538,8
8235,EYPRSLWSVW,VIPTGLTNMW,train,0.004138827323913574,0.05944758653640747,0.20278561115264893,7
4658,GPRVPRPIWV,WWRPRFYSMV,train,0.907828688621521,0.19365429878234863,0.08467915654182434,8
6610,WYPRSMRGTK,SPSWHSIVRL,validation,2.4322526454925537,1.259576439857483,0.9074783325195312,10
10911,GAPVAFRDPI,QRPRQMVDEW,train,0.1885852813720703,0.07999098300933838,0.01653921604156494,8
10490,GWPVAWRGSQ,LAPRYWQGMQ,train,0.04662621021270752,0.011182785034179688,0.11799108982086182,6
1952,QWPRMLYSQG,SIPNAFYRMR,train,1.0718913078308105,0.6816641688346863,0.7296134233474731,8
8666,MHPRAFRTSY,WKPAKLIVGW,train,0.3080732822418213,0.7963335514068604,1.0263307094573975,9
5999,GNPRGMIVEF,WHGRALSGHA,train,1.9467666149139404,1.1141357421875,0.8789640665054321,9
246,GPVLWMKGMW,IQWRAIVAIV,train,0.53108811378479,0.5934346318244934,0.9569104313850403,10
10627,VPPTPLRDEK,IVLRPLIDWY,validation,0.6828837990760803,0.3230500817298889,0.12506592273712158,7
669,ISPRELRDWY,VNPRSLFDEW,train,0.3643699884414673,0.049832820892333984,0.026468932628631592,6
6632,TWPREMYSNF,VMPKQYRNMY,train,0.08704650402069092,0.16532325744628906,0.06181836128234863,9
9734,FAPRSLKDEF,QWPRSWLFQH,validation,1.5090761184692383,0.5432369709014893,0.3448067307472229,7
9640,HAPKFLYGTW,IWVFGLSTGH,train,0.7799701690673828,0.3180444836616516,0.13282212615013123,9
4950,YAPRSMRTWL,YKPRELTASG,train,0.009836196899414062,0.21283143758773804,0.1471560001373291,7
1485,VFPRAFYAKI,NVPRAVFYIV,train,0.48222553730010986,0.8250046968460083,0.7383476495742798,7
8621,QWPRELRNMG,NPYFSLRTIW,train,1.5224332809448242,0.4586297571659088,0.18230590224266052,8
7116,YNPRAFIGAI,YPPVYMLNTA,train,1.394881248474121,1.6904505491256714,1.0828098058700562,8
5017,FRPRTLYVQI,NRPFSFINEA,validation,0.25692522525787354,0.04507577419281006,0.9676156044006348,8
3874,TAPINYLVHK,VARPERSAPW,validation,0.6312685012817383,0.2656441330909729,0.605762243270874,9
1733,KQPRSWYTNR,YRPRSWTGHL,train,0.5374876260757446,0.26787054538726807,0.056498169898986816,6
6111,TAPRGMHDSF,TAPKWMRSHW,train,0.3484574556350708,0.4810563325881958,0.19490265846252441,6
6270,YVPRAVQDAY,IVPRQVTASG,train,0.2679100036621094,0.08138632774353027,0.5363090634346008,6
3785,INPLNWRTLK,STPRCLKDNF,train,0.7308982610702515,0.07929766178131104,0.2133452296257019,9
4949,KTPVGLWDEY,TGVSWLASGF,train,0.9893927574157715,0.4477706551551819,0.5071640014648438,9
7036,RWPRGMHVTL,NSPRSWINRV,train,0.772678017616272,0.4029308557510376,0.2150246948003769,8
6675,ERPYWMINWL,WAPRFWMNSL,train,0.5123448967933655,0.24722564220428467,0.23802191019058228,7
10303,WRPVAFLDVW,HWPREVTASG,validation,0.6125014424324036,0.07942068576812744,0.05366450548171997,9
4719,MAPRSYKGGY,CPPWGMKTSR,train,0.009464740753173828,0.6982945203781128,0.7081447839736938,8
222,YPPRAVWAVR,VFPSGFTASG,train,0.4984062910079956,0.043062686920166016,0.010043978691101074,8
3371,YGPRAIYSEY,KVPRGLSGWG,train,0.1011195182800293,0.03973424434661865,0.463891863822937,8
5416,MIPRFLIGQW,SGIRALQTAS,train,0.33619195222854614,0.2148524522781372,0.5920186638832092,8
4034,GTPRSYIGPG,QKPVYMSNVQ,train,1.5268323421478271,1.6012282371520996,1.5719143152236938,9
1355,NIPRPIYDWV,LSPVWLSARI,train,0.30824345350265503,0.12554359436035156,0.00861203670501709,9
7002,LYPKSYTASG,AKPAFLFVPT,train,0.3852792978286743,1.0487757921218872,0.6174839735031128,9
7744,GVPRAVYSNH,FGPIRNTATH,train,2.0649430751800537,1.8590846061706543,0.9834438562393188,8
1138,VGPLNWRTAG,SGVRAMAYTA,train,0.5289297103881836,0.7773197889328003,0.9353368282318115,9
1266,TYPRAYRGVW,TVGRAWIASY,train,1.7773933410644531,0.8308379054069519,0.7199496626853943,7
6760,MTPRFIRDPW,LDPRALSGPQ,validation,0.012441635131835938,0.09880697727203369,0.33826810121536255,7
7348,YHPRSLVDIQ,CLAWAWRAVK,train,0.37231820821762085,0.0711667537689209,0.19569075107574463,10
1175,FDPQSWRTGQ,FQPAYWRTGY,train,0.28991472721099854,0.08476507663726807,0.09588426351547241,4
8931,GKPVNLVGPW,ATYLHLWAES,train,2.291720151901245,0.9446936845779419,1.0742645263671875,9
8536,LNPRGVTASG,WQPVPMFDTF,train,0.004045605659484863,0.6252983808517456,0.19937562942504883,9
1516,ITPRSYIGQG,QMPRQVYASH,train,0.20427334308624268,0.07087266445159912,0.7834755778312683,8
9593,WVPRAVIGTA,WGPVPMIGQF,train,0.10373282432556152,0.6331522464752197,0.17682421207427979,6
7432,FRPSPFYSEI,RNPEWMRTGQ,train,0.0737985372543335,0.5018694400787354,0.8070845603942871,9
1927,PRPRSYRSIK,LTPRYWASQL,train,0.7570688724517822,0.41124165058135986,0.5480046272277832,7
10874,TWPKGLWDTV,ATPLGQIVLG,train,0.14533138275146484,0.3023557662963867,0.7966396808624268,8
814,TMPRQVFDTR,TFPRSYRASF,train,0.17648077011108398,0.4903653860092163,0.2504340410232544,7
5699,GFPLGQYTGW,YRPVYLFDPI,validation,0.40241187810897827,0.22995662689208984,0.20395568013191223,9
8235,RYPQSWRTNA,EWPRFIMGPA,train,0.2280747890472412,0.11593341827392578,0.13234782218933105,8
4658,WVPRAFYSMW,PAPRSWVGNH,train,0.4312474727630615,0.019845128059387207,0.12282514572143555,8
6610,NYPVGMRSEW,WGIRALWGPY,validation,0.6602563858032227,0.26547133922576904,0.07755154371261597,10
10911,GYPRAVKAGA,WRPASWMNTL,train,0.34365612268447876,0.49838781356811523,0.09313493967056274,9
10490,QLPRAVYDRF,RAPRSWINWF,train,0.34647899866104126,0.2466028928756714,0.2309114933013916,7
1952,DIPRAYIGWQ,LEPRSMFNRG,validation,0.17316889762878418,0.24146485328674316,0.12310576438903809,8
8666,ARPVGMVNPR,SAPRSLVAEY,train,0.7308410406112671,0.5536022186279297,0.06187605857849121,8
5999,GAPRSMVHTG,TVPRVNHRIS,validation,2.1868269443511963,1.7892991304397583,1.3728244304656982,8
246,PYPRWMIGWG,TGVKWLMGQK,train,0.3657113313674927,0.3728374242782593,0.26541250944137573,8
10627,YFPRAYTDMR,DGPYMLVGNS,validation,0.09524881839752197,0.9749536514282227,1.455969214439392,9
669,GPPRTLVEWF,DAPYKSRTAS,validation,0.7045010328292847,0.2806570529937744,0.3637530207633972,9
6632,FPPRPFTASG,QAPINYWSGV,validation,0.01992940902709961,0.08723926544189453,0.18451976776123047,9
9734,TGIYALYGTW,HNPINLYIHR,train,0.8908378481864929,0.6527920961380005,0.03979840874671936,8
9640,RHPKDLWSPY,SDVRALTASG,train,0.7035415172576904,0.37394022941589355,0.041282057762145996,9
4950,FTPRSVRASQ,TPPKGMRYMS,train,0.10205602645874023,0.10958003997802734,0.07937169075012207,8
1485,YVPRAVTASG,IMPRAYIGSG,train,0.08580517768859863,0.24791717529296875,0.6058264970779419,5
8621,LIPLYWMDRK,GPVAWLSNHK,train,1.0587823390960693,0.804493248462677,0.6922309994697571,9
7116,MRPRQVRVKG,TWPREITNWA,train,0.20530104637145996,0.37258946895599365,0.21099472045898438,8
5017,VIARPLWDNF,LRPAQMHNTY,train,0.12030267715454102,0.05278193950653076,0.3882633447647095,10
3874,AGPRPVRDIM,RSREPRDQRA,train,1.026878833770752,0.4287310838699341,0.38801154494285583,9
1733,IYPRAFYGTI,IMPSGFTATH,train,0.05222117900848389,0.17201244831085205,0.22498857975006104,6
6111,ETPRGMIGWG,PIPAWLMDNY,train,0.3173799514770508,0.8825410008430481,0.7879889011383057,9
6270,GRPRSILVNW,LPPTALAGNL,train,0.12450802326202393,0.127274751663208,0.8570892214775085,8
3785,AKPAWMAGNY,HDARGMWPAD,train,1.110429048538208,0.6453250050544739,0.1541442573070526,9
4949,AYPVAMWDGW,PNVFWLTGNL,train,0.45757341384887695,0.8178175687789917,0.8085646629333496,10
7036,RGPYGMKDTV,SNPAGMRNWL,train,0.6927629709243774,0.1866621971130371,0.35491442680358887,7
6675,GVPRAWFGPG,DRPINMVGIW,validation,0.12070345878601074,1.0925440788269043,0.2957659959793091,8
10303,YLPRTLWDVV,PQVKGVYVLT,train,1.5618846416473389,1.3973406553268433,1.5170419216156006,10
4719,LSPLNVRVSW,YIEPLVYAPD,train,1.5647950172424316,0.4469544589519501,0.21198543906211853,9
222,HFPRGFSGWQ,NHPRQVYGRW,train,0.6007197499275208,0.4490549564361572,0.11311566829681396,7
3371,MNPRGMVNTV,TVPKWIQSPT,train,0.27030277252197266,0.17838525772094727,0.17830491065979004,9
5416,WAVLGLFDVI,KFPHAFLAKL,train,0.30481070280075073,0.4436149597167969,0.5562691688537598,10
4034,RGPRWFTASG,GPVAGAGNPA,validation,1.826066493988037,1.5179469585418701,0.346495121717453,10
1355,NGPRSILDAW,TNPIMLRDGY,validation,0.05261945724487305,0.5755144357681274,0.5175360441207886,8
7002,WKPRAVHSIW,RQPTPHIDWG,validation,1.7720335721969604,0.9596365094184875,0.05975593626499176,9
7744,VYPRAFAGRQ,VPWRAYTGNF,train,0.9502046704292297,0.37521493434906006,0.2345592975616455,6
1138,TPPRSYKDWY,QTPKGQFSMF,train,0.2353559136390686,0.38804614543914795,0.597012460231781,9
1266,MGPRAFSNTA,YEPRAFAGPL,train,0.17453312873840332,0.007158398628234863,0.2808382511138916,6
6760,KPPRSLYDGW,ISPRPLHSEA,train,0.9421406984329224,0.41074562072753906,0.5027719140052795,7
7348,WLPRAFQGKY,YVPRAHKVQS,train,0.3391243815422058,0.4456861615180969,0.07779592275619507,7
1175,FWPSGFWTNQ,WAPRYWTASG,train,0.4120197296142578,0.22700905799865723,0.022165000438690186,9
8931,EYPAWMWSRV,WAYQSLWATH,train,0.9053131341934204,0.4795687794685364,0.33389943838119507,9
8536,LVPRVMQDKG,ANPAPQHDGG,validation,1.0314956903457642,0.4936280846595764,0.2857171297073364,7
1516,PRPRTLMDHY,KVPRVTQSGF,train,1.8058018684387207,1.2059247493743896,1.3353893756866455,8
9593,QVPRGVWATW,FMPHSMRVMT,train,0.3931797742843628,1.8329225778579712,1.0300793647766113,9
7432,HMPRYMVASY,GLAYPLRANF,validation,0.13569390773773193,0.9732362031936646,1.152896523475647,9
1927,GSPRQMYSPR,TLGRALSGEW,validation,1.635054111480713,1.4077255725860596,0.8713322877883911,9
10874,NRPVNLWNPF,SPVLRMHYGW,train,1.8629891872406006,1.0496759414672852,0.9320542216300964,10
814,MRPRKLYAMK,RVRAKRSMAT,train,2.2022006511688232,1.1480631828308105,1.6108686923980713,9
5699,DFPQSWRTNW,PGPASLYRGA,train,0.39300668239593506,1.0368859767913818,1.5752145051956177,8
8235,QYPRSWIGTT,WAPICLFSRH,validation,0.3690558671951294,0.4560251235961914,0.1740657389163971,9
4658,EAPRYWTASG,SFPRWYTSRH,train,0.7897335886955261,0.6064942479133606,0.3627769351005554,7
6610,GYPRSMYNGQ,HPPRSHFGIY,train,1.5117027759552002,0.6400311589241028,0.7193582057952881,7
10911,VGPKQMLVKG,VTPLYIKVNG,train,0.4488474130630493,0.8819112777709961,0.4406348466873169,6
10490,GVPRAVYTAS,SAPRAYHGNT,train,0.09331345558166504,0.24545502662658691,0.591589093208313,7
1952,GSPVWMQANG,QWPREYHGTY,train,0.6929585933685303,0.08583629131317139,0.21408677101135254,9
8666,VRPVQLVDLG,LSPRKLVTGW,train,0.3259621858596802,0.0841364860534668,0.016004204750061035,7
5999,TKPRGMRDGT,DWPRGMVAGK,train,0.11874246597290039,0.178147554397583,0.6517902612686157,5
246,GTPRWIVGIA,MMRWKRSTNV,train,1.8501501083374023,1.7358877658843994,1.9791176319122314,10
10627,NMPKQIQDAY,VAPRVLSDQV,validation,0.48983532190322876,0.1264057159423828,0.07760590314865112,8
669,WLPRAVSTKW,LPVGLIVDGQ,train,1.1103843450546265,1.3752690553665161,2.0182530879974365,10
6632,WMPKQYRTHY,RSPRPYIYGK,train,0.7032507658004761,0.6310088038444519,0.16508185863494873,8
9734,WQPRPYAGPT,PCPRSLYVLF,train,0.5553955435752869,0.6409858465194702,0.013846516609191895,8
9640,PWPRELKVIY,VKPWKLHDGF,train,0.21773576736450195,0.23531818389892578,0.8447606563568115,8
4950,SMPKGMRYGF,SGPRAIHYTA,train,0.2710338830947876,0.20414185523986816,0.2556830644607544,7
1485,VDPRSYTASG,TIPRYWTGHG,train,0.9058573246002197,0.14724445343017578,0.03132593631744385,6
8621,QVPRAWTGNF,RVPKNLKNGR,validation,0.47174715995788574,1.1999053955078125,0.2941514253616333,8
7116,GAPRPYINWV,AAPGRWTDWI,train,0.6739733219146729,0.19719552993774414,0.07657712697982788,7
5017,DAPVAYQDIQ,NFCRPVIMPT,train,1.6136143207550049,1.2010341882705688,1.7229230403900146,10
3874,KAPASFQDSR,ISPRTWRTYT,train,0.8250579833984375,0.35559213161468506,0.10383659601211548,9
1733,LTPRSYYGAQ,VYPRGLFQRG,validation,0.11971092224121094,1.1133041381835938,3.0710062980651855,8
6111,YDPRSMLDRF,WVPRNVKSWY,validation,0.09158158302307129,0.010687708854675293,0.3173004984855652,8
6270,VVPRQVKSGY,QGPWAHTASG,train,0.14631891250610352,0.9063997268676758,0.5239176750183105,9
3785,TWPRELHTAS,WQPEAYTGRH,train,0.004130959510803223,0.3371232748031616,1.2320414781570435,9
4949,PYPRAFQTEV,PYPRAFSVGV,train,0.09263122081756592,0.15479612350463867,0.2285364866256714,3
7036,SAPRGMKNQF,AVPRYLRASR,train,0.030578017234802246,1.0138133764266968,0.7463619709014893,8
6675,TVPRAWINGL,GMPRWIYSEG,train,0.2918107509613037,0.0960918664932251,0.028227567672729492,8
10303,DTPYNWTASG,RTPLGVTLMH,train,1.2708442211151123,1.1028285026550293,0.6178919076919556,7
4719,GWPRELRNSW,HSPRNLFTIK,train,0.5539591908454895,0.2860254645347595,0.00039839744567871094,7
222,VWPRSWQAPR,RQPRSFINAW,train,0.30322468280792236,0.21484220027923584,0.0437968373298645,7
3371,EGPLGFRDAT,FLPQGIVAQS,train,0.4497718811035156,1.333999752998352,1.8513939380645752,8
5416,GPVLPLWSQS,TVPKALKNQS,train,0.06025052070617676,0.20739799737930298,0.09866976737976074,7
4034,YEPRQVMAER,RAPVPFIGNQ,train,0.025467514991760254,0.1228179931640625,0.4314664602279663,9
1355,GLPRAILDIH,YCPRMLYNEF,validation,0.524411141872406,0.17678135633468628,0.01818603277206421,8
7002,LIPRPVLDPG,SGPRSYTSTA,train,0.5137250423431396,0.5150995254516602,1.3404417037963867,8
7744,KVPVWYVDVG,FTPSGWTAMH,train,0.00961768627166748,0.104972243309021,0.12229722738265991,9
1138,TVPRAWYTPK,LIPRMLWAQW,train,0.1372060775756836,0.883897602558136,0.34246909618377686,8
1266,FWPRGAQAYT,YFPGSNVGWV,train,1.555867314338684,1.3091185092926025,0.5810905694961548,9
6760,GFPRMLWSLT,YIPFYLQSTK,train,0.2839280962944031,0.40998196601867676,0.6464263796806335,7
7348,GWPRAMSDPH,SVPRQVLSGL,train,0.3360252380371094,0.01821601390838623,0.4613065719604492,8
1175,LRPRNYVSRF,VGPYHWAGLG,train,1.2358323335647583,0.06743746995925903,0.1002759337425232,9
8931,MGPRWIMNLR,ANPSWLIDAQ,train,0.505398154258728,0.0878724455833435,0.7578577995300293,8
8536,KAPRVMVDPY,RGNFTKMDGR,train,2.2296841144561768,1.5783002376556396,2.17948842048645,9
1516,VNPRTLYAPF,TSPRSFKGAY,train,0.46940720081329346,0.06137990951538086,0.12625882029533386,8
9593,TVPRAVWGNW,GWPRSYMGPT,train,0.6487714052200317,0.42416179180145264,0.13310635089874268,7
7432,LNPRPFYSQY,TYPRNYIDHI,train,0.27481919527053833,0.18469619750976562,0.06934326887130737,8
1927,DVPRSWVGNK,STPRGWTGQI,validation,0.2016626000404358,0.10945796966552734,0.2613984942436218,6
10874,LRPRFLYNGS,VEPRNIHYML,validation,0.419137179851532,0.4863260090351105,0.23451745510101318,8
814,NVPRQVRDSQ,AVGRALWGWH,train,1.4129228591918945,1.0732089281082153,0.46533453464508057,8
5699,SGPLNWYTAS,WDPRSLWYTI,train,1.4586122035980225,0.7758020162582397,0.3722098767757416,9
8235,FVPRNLCNVI,QHLAAWMDKA,validation,1.134709358215332,0.7264437079429626,0.46461987495422363,10
4658,VLPRSWTGMF,WDPSSWTASG,train,0.6140278577804565,0.2891230583190918,0.23421120643615723,6
6610,GYPRAFMTEA,GWPRYMQDVT,train,0.8886102437973022,0.222847580909729,0.22688353061676025,7
10911,FRPRMLAVQY,RRPRSHRLVV,train,1.4726709127426147,0.7388710379600525,1.3329805135726929,7
10490,AGPRSYLNHV,LAPRYWMDKL,train,0.11116158962249756,0.29196369647979736,0.12460213899612427,8
1952,CWPRAFSNGF,MSPRWYRSGI,train,0.23667848110198975,0.18624365329742432,0.17200946807861328,7
8666,MSVKGMYSNR,EQPRSLTNKR,train,0.2343422770500183,0.763944149017334,1.2603631019592285,9
5999,NIPVGITASG,GRASGSTASG,validation,2.5082879066467285,1.2370493412017822,0.6398437023162842,5
246,IQPRWIVAIG,TGVRYLSTKW,validation,1.4242247343063354,0.8138680458068848,0.7321683168411255,9
10627,WYPSELWDGY,GEPLPLTHKI,validation,0.06293141841888428,1.074913501739502,0.6298387050628662,8
669,CGPKMLRNPW,GIPFQLGSIK,train,0.1793636679649353,0.08867800235748291,1.008829116821289,8
6632,GTPREVRTAS,YNPIQYWGKA,validation,0.6976208090782166,0.6638792753219604,0.11528247594833374,9
9734,ITPRSWRSGI,CSPVGLYTEI,validation,0.27628856897354126,0.18420207500457764,0.07244789600372314,8
9640,TLPRELTASG,RGPYDLFTPA,train,0.0035529136657714844,0.013654887676239014,0.380232572555542,8
4950,MDPRAVIAET,RAPRSLHYKG,train,0.8418353796005249,0.7566631436347961,0.6098799109458923,8
1485,RQPVPFMHNT,VNPSGVYNVA,train,1.3223265409469604,0.771876335144043,0.5805478096008301,9
8621,WVPRELQNSL,PNPKFLFSGR,train,0.4604319930076599,0.1691049337387085,0.159193754196167,8
7116,GAPKSMYDHY,STVRDIVTGH,train,1.6413534879684448,1.1592411994934082,0.3165193796157837,10
5017,TEPKGFTATF,FHWAPLMGTA,train,1.1502838134765625,1.4899767637252808,1.0687252283096313,9
3874,VDPMSYRTPH,ATPESLSVWI,validation,0.6194645166397095,0.7020014524459839,1.006934404373169,8
1733,MGPYNWRTVI,GMPRHIYVSH,train,1.3768106698989868,0.4694613218307495,0.4246876537799835,9
6111,VAPRSWQDHR,SQPRKFLGWV,train,0.5050579309463501,0.3768423795700073,0.6220739483833313,8
6270,FLPRELTVPW,PTLDGMASPL,train,2.2001423835754395,0.3979601263999939,0.09487767517566681,9
3785,STPLGQIAEK,PWPSSGMTEL,train,0.6797255873680115,0.2218642234802246,0.04681187868118286,8
4949,FGPRALYDLT,RLPWSLYIVI,train,2.3076062202453613,0.9523847103118896,0.5684233903884888,7
7036,DRPRSMTASG,KEPRNLIKSG,train,0.5173677802085876,0.6613773107528687,0.39328986406326294,6
6675,DAPKWIVGAY,GTPRYWKVGW,train,1.03007972240448,0.34045612812042236,0.07568231225013733,9
10303,KAPRSATASG,VVPRQVYNGH,train,0.5339512825012207,0.05758213996887207,0.1151050329208374,8
4719,MFPQDWRATW,QRPVNLWDES,train,0.10362422466278076,0.20531070232391357,0.03840970993041992,9
222,TSPRAVFAVG,HGPRGVTGGK,train,0.2048792839050293,0.07491278648376465,0.37784087657928467,7
3371,YGPRGMHNEY,WDPRGMKTQA,train,0.265999436378479,0.45926713943481445,0.3370096683502197,6
5416,EWPRSLQTPQ,TYPAYLKGHT,train,0.8736530542373657,0.3848623037338257,0.46741458773612976,8
4034,QVPKWMQGNK,ERPRPIRANW,train,0.006262421607971191,0.8462598919868469,1.0972962379455566,8
1355,MVARALYDLY,RIPHYIVDWL,train,1.3778300285339355,0.578646719455719,1.321082353591919,9
7002,TWPRELYAWR,RTASFLWDAL,train,1.7917120456695557,1.1473052501678467,0.8502767086029053,9
7744,FLPRAWQGVK,PVLRWWASET,train,1.060136079788208,0.7925492525100708,0.6651633381843567,8
1138,STPLGVITWG,AYARVPGVLG,train,1.9821544885635376,1.5055139064788818,1.7611308097839355,9
1266,WAPLGVWTWR,TQPMAYFSVQ,train,0.12113940715789795,0.7752100229263306,1.1146330833435059,9
6760,TNPIMLRGWG,IVWGIHYVRT,train,1.548922061920166,0.41303181648254395,0.23731562495231628,10
7348,EHPRAVHASI,HRPRSIKSWL,train,0.31016212701797485,0.6276038289070129,0.005345791578292847,8
1175,PIPRSWTGLG,GYPRSMYGTM,train,0.11493158340454102,0.31590819358825684,0.13521873950958252,6
8931,ATPRWLIDHQ,GIPKWILGTS,train,0.28225505352020264,0.07664871215820312,0.1394193172454834,8
8536,NVPRAVWDPV,ATPIGITASG,train,0.09228050708770752,0.9302201271057129,1.0128287076950073,9
1516,WAPRFLFSNF,RMPRLSTGWI,validation,1.7089213132858276,0.8815985918045044,0.49215856194496155,8
9593,LPARSMWTRY,PYPRYWTGNI,validation,0.6441262364387512,0.14474594593048096,0.28251034021377563,9
7432,NWPTGMRTAS,RLPVAYIGNS,train,0.19345808029174805,0.2599062919616699,0.18821418285369873,8
1927,FIPRMLGAEG,AWASGMAEHS,train,1.8344351053237915,0.8801272511482239,0.8702577948570251,10
10874,LMPVAYINWL,HFAYGIKAMT,train,0.16004598140716553,0.45774126052856445,0.8681390285491943,10
814,EVARAMTGMY,QHPRFLTASG,validation,0.32912397384643555,0.3858214020729065,0.25201892852783203,8
5699,MYPKGLFGTW,SHPRPLLYAG,train,1.4645558595657349,0.6399325132369995,0.29548966884613037,8
8235,GKPLPWTGPF,NEPNYLRSIV,train,0.22814583778381348,0.8090487122535706,0.8455102443695068,9
4658,INPAGMHTAS,VLPRPYIDLK,train,0.36347687244415283,0.2770127058029175,0.2363184094429016,9
6610,FAPRHYLGWQ,SYPRNVMNGS,train,0.5191466212272644,0.4750223159790039,0.08047926425933838,8
10911,QGPVMLIGEF,GPRKPRPEPK,train,1.5526224374771118,0.6407897472381592,0.6481186151504517,10
10490,APPRQWYGTG,VIPAWMWNWG,train,0.5775432586669922,1.0237797498703003,0.5941029787063599,8
1952,YRPAWFTGNG,TLPHSQMGQY,train,0.6506081223487854,0.7391210198402405,0.2870064377784729,8
8666,RPPRDIVNWL,TLVRAWQGST,validation,0.9244301915168762,0.5749143958091736,0.6136770844459534,9
5999,TQPRGMHVTG,GFPRGMTSVQ,train,0.01615011692047119,0.2839062213897705,0.6179060935974121,6
246,FIPRWMKGTV,ISWSNMRDNI,train,1.6736032962799072,1.348484992980957,0.801443338394165,9
10627,GKPVYLTASG,YHPVSLHDEV,train,0.7841052412986755,0.09572726488113403,0.0917411595582962,7
669,GAPTGLHDVW,WQPRQLADMG,train,0.1379683017730713,0.4101518392562866,0.1781267523765564,7
6632,CLPRAYSALW,GTPRPGWGHA,train,0.9565824866294861,0.2446386218070984,0.18648117780685425,8
9734,ENPRQLYVMV,LSPLGIFYWK,train,0.5298412442207336,0.22241461277008057,1.1655709743499756,9
9640,VVPKLLWDRG,VYPRLLSGER,train,0.8387510776519775,0.4620312452316284,0.14635160565376282,6
4950,ATPKGLSTMF,HYPRALISVF,train,0.07335495948791504,0.3921787142753601,0.41539788246154785,7
1485,EQPRSYRGQT,YNPRGVMSQF,train,0.25143539905548096,0.08545482158660889,0.042223989963531494,7
8621,TYPWSWRTPK,KSPVFLWNGQ,train,1.2030985355377197,1.1751430034637451,0.7119293212890625,9
7116,KEPRSVRDMV,TKPVSWKTAS,train,0.3891597390174866,0.22320830821990967,0.17548799514770508,8
5017,NPVYWMSVPS,GEPLTAGMGY,train,2.1207785606384277,1.4781508445739746,1.2177575826644897,10
3874,QAPVAYQDGY,TYPRAFSTWT,validation,0.3020082712173462,0.18910062313079834,0.12638509273529053,8
1733,TMPRSWTSGF,SQPRPFRNHA,train,0.910660982131958,0.30481767654418945,0.14667469263076782,8
6111,LAPRMLQDAQ,YRPRDIVWNL,train,0.843357503414154,0.16245126724243164,0.41177135705947876,8
6270,MQPKGVTASG,NKIALLWGNF,train,2.098360061645508,2.28519606590271,1.7892770767211914,10
3785,GFPLGWRTAS,SPPLAFTASG,train,0.23784124851226807,1.0587785243988037,1.1416468620300293,8
4949,MAIRWLWTAY,AKAKPLWDLS,train,0.07055258750915527,0.18996822834014893,0.49170827865600586,8
7036,PNPKGMTMPS,PAWHGLMVIR,train,1.6123101711273193,1.2311451435089111,2.4704136848449707,8
6675,GEPRSWTASG,RQPRSWTGPF,train,0.18745028972625732,0.1515636444091797,0.3084533214569092,5
10303,YTPRQLFDPK,TIPRTLVDAR,validation,0.24188196659088135,0.2580925226211548,0.15872740745544434,6
4719,GPPRAVSVWF,QWPKWMKGIQ,train,0.1584470272064209,0.19546198844909668,0.2802026867866516,9
222,VRPRSWTGPA,TWPKSMKGPI,validation,0.09702062606811523,0.5805498361587524,0.40530455112457275,6
3371,SGPRGWTASG,SDVRAMHNGW,train,1.0783116817474365,1.0907974243164062,0.015361517667770386,8
5416,SGPRMLWSTA,MNPVNLIDNY,train,0.09230470657348633,0.23027056455612183,0.025799036026000977,8
4034,WKPVGMWGNH,NAPRSMLNPG,train,0.42937254905700684,0.2604488134384155,0.16206645965576172,8
1355,WYPRAISDIH,WNYRNLIDPW,train,0.5764095187187195,0.5057181119918823,0.5006266236305237,7
7002,MTPRAFLDTH,TCPKYSMDSG,train,1.7164630889892578,1.1244531869888306,0.9280153512954712,8
7744,HGPRAFAGNY,HVPRQVKASG,validation,0.2659735679626465,0.1830512285232544,0.043305397033691406,7
1138,QMPRQYQDTK,GTPRSWTSWG,train,0.6449647545814514,0.2961716651916504,0.18233710527420044,8
1266,IQPRWYIGRV,KAPAHWRIPQ,validation,0.5862097144126892,0.6671571135520935,0.021221190690994263,9
6760,GFPRAIFDWI,YPVLGIFGVG,train,0.17939144372940063,0.18494802713394165,0.23467642068862915,8
7348,RTPRGVTASG,MHIRFMRGVR,validation,0.6570231914520264,1.3917746543884277,0.29881608486175537,9
1175,DVPKNWMGSQ,FTPRNYHDKG,train,0.43059200048446655,0.09583675861358643,0.020652592182159424,8
8931,TMPRYMINEV,LYFSQLRYEQ,train,2.238063335418701,1.808701753616333,1.6332381963729858,9
8536,YGPRAVKVMA,QGPWHIADGF,train,0.9397896528244019,0.5142191052436829,1.3347837924957275,8
1516,PVPRYWTGPV,GSPRAVTASG,train,0.1846258044242859,0.03272736072540283,0.02826327085494995,7
9593,VWPRAFHGWG,NSPRNYFNRF,train,0.927228569984436,1.1133415699005127,0.27706271409988403,8
7432,QYPRAYIGEW,FQPSPLYTAR,train,0.0743412971496582,1.1030467748641968,1.2453449964523315,9
1927,NAPRYWTASG,SHPRAYRSNV,train,0.012946486473083496,0.7041464447975159,0.5559808015823364,8
10874,HGPRSLMDGF,DQPRNLTASG,train,0.10506916046142578,0.6403788328170776,1.2526828050613403,7
814,GQPRAVTASG,APTLGVTASG,train,2.2385647296905518,1.4406914710998535,1.1551182270050049,5
5699,VMPSGFWYPF,WRPSFLYNAH,train,0.828772783279419,1.279727578163147,0.9452437162399292,8
8235,VRPRQLTNTH,LLGYNLFGPY,train,0.4740299582481384,0.2206897735595703,0.36621803045272827,9
4658,MQPRSWRGSG,YMPSGFQYSG,train,0.6567657589912415,0.6030362844467163,0.2962557077407837,7
6610,MAPRFLVGNH,RGPVFLTGVW,train,0.9470277428627014,0.32959866523742676,0.5306594371795654,6
10911,LKPVAMFDKS,YVPRQVMQMY,train,0.6818792819976807,0.3024740219116211,0.28762102127075195,9
10490,LRPRAYVDSV,TQPVPMWSTS,train,0.05391097068786621,0.15108609199523926,0.26258325576782227,9
1952,CMPRAYSGPL,LPPRAYKQTA,train,0.11314260959625244,0.8141286373138428,0.15997135639190674,6
8666,YRPRTLVVER,IDPKGMKVMK,validation,0.6879620552062988,0.2486588954925537,0.15889674425125122,8
5999,SGPKWMRHGT,DYPRGVKTSG,train,0.7621675133705139,0.14834117889404297,0.2636955976486206,9
246,EAPRWIKGIS,HFVRGLYGWA,validation,0.4976513981819153,0.23279833793640137,0.3963215947151184,8
10627,NDPYGFRDGA,SDPYAFRDKA,train,0.06156301498413086,0.5144449472427368,0.4394981265068054,3
669,VGPKQLKTNY,PQPRTLNVIW,train,0.7418187856674194,0.400391161441803,0.4154384136199951,8
6632,MRPRKFTASG,HRPRQYHAGW,train,0.9052543640136719,0.27278339862823486,0.05000036954879761,6
9734,LVPRAWYTSK,HFPRSYLGHY,validation,0.7950662970542908,0.1471787691116333,0.03845620155334473,8
9640,PWPRELKAVG,PTVKWLTALG,train,0.4292792081832886,0.10688245296478271,0.09796392917633057,6
4950,SYPRAYRVPK,KNPRGLYAHF,train,0.5364402532577515,0.33444154262542725,0.7275522947311401,8
1485,NAPRSVYTAS,VFPRSYFGER,train,0.06195032596588135,0.06650876998901367,0.09316110610961914,7
8621,IQPKQLTSHF,TRPEPLWDVI,validation,0.10911715030670166,0.31476742029190063,0.13405191898345947,8
7116,PIPRPVQVMS,ANPAPVHYGI,train,1.4923263788223267,0.6470729112625122,0.41937875747680664,7
5017,SQPIMLWANS,GPIEATGMNP,train,1.4590091705322266,0.3176311254501343,0.24158644676208496,9
3874,EVPRSFWDNT,YSPVAYWDAY,validation,0.35493671894073486,0.2686108350753784,0.40836435556411743,7
1733,AFPRGWTGNQ,FKPRSWTART,train,0.03377866744995117,0.48270630836486816,0.05910050868988037,6
6111,RVPKWMIQHI,VWPRMIKDVG,train,0.03649038076400757,0.06907057762145996,0.00635683536529541,9
6270,YNPRELIDRW,EPRPGRKNVG,train,2.1381022930145264,1.0422989130020142,1.2209888696670532,10
3785,IAPKSLMVHL,GCPFPMAGHW,train,1.206242561340332,0.05986666679382324,0.3711434304714203,8
4949,TQPRDIMAPW,DQPRGLHASY,train,0.377561092376709,0.054064393043518066,1.0045369863510132,6
7036,VIPRPVMVIS,FTPRSMSQVG,train,0.6750293374061584,0.37121260166168213,0.07923722267150879,8
6675,WVPRMLYSQK,FLPRWTASGQ,validation,1.4505807161331177,0.3034801185131073,0.7698264718055725,7
10303,WVPREVLGWY,PTPRYWYTPH,train,0.7269033193588257,0.3388023376464844,0.020228445529937744,8
4719,YQPRSWTDTA,FTVRGMWDHK,validation,0.2747507095336914,0.059755682945251465,0.1512022614479065,8
222,RNPAPMWGEF,VQPAFLFAHK,validation,0.2762618064880371,0.84504234790802,0.4118698835372925,8
3371,EKPAGLSDMG,KDVRGLTASG,train,0.43074941635131836,0.09049326181411743,0.040159791707992554,7
5416,WIPKWLMSGV,CDPKMLKGTW,train,0.9884312152862549,0.4011824131011963,0.28058522939682007,7
4034,RQPRSWTASG,LSPRNYTGWS,train,0.015397906303405762,0.08498859405517578,0.053487956523895264,7
1355,GVPRAWIDEG,DNPVWMIDPR,validation,0.11880338191986084,0.23471474647521973,0.8580188155174255,7
7002,WMPRSYTASG,QGPWAIHDIK,train,0.23030591011047363,0.643927812576294,0.9792876243591309,9
7744,TMPRQVKTGF,ADVRGLSGWF,train,0.9760657548904419,0.6174373626708984,0.4100303053855896,8
1138,YRPRTLMDAY,GAPRWVKYHL,train,1.7230982780456543,0.7321118712425232,1.282632827758789,8
1266,YPPKWMASPK,FCPRNVTASG,train,0.28985869884490967,0.20501947402954102,0.17172539234161377,9
6760,VYPTGLYGDH,NDPKFLFSPT,validation,0.7228419780731201,0.7748285531997681,0.40400296449661255,8
7348,YTPRAWTASG,RRPRAVQARF,train,0.33644986152648926,0.4725069999694824,0.6011989712715149,6
1175,WSPRPFTASG,TVPSAHWTAS,train,0.21332722902297974,0.12390673160552979,0.0264473557472229,9
8931,DVPKWLNAPI,VLPTSLNYVG,train,1.4883623123168945,1.2119667530059814,1.1921579837799072,7
8536,QYPRSWLDIA,VPVNQMKSGA,train,1.3520352840423584,1.2040910720825195,0.9781364798545837,9
1516,RTPRGVTAWV,VAPRLVLATS,train,0.1942310929298401,0.7027315497398376,0.48631203174591064,6
9593,MVPKGMTVYS,STPLGIKVTS,validation,0.7221947908401489,0.9259358048439026,1.0667073726654053,6
7432,HMPRFYMDEG,HGPENFASPQ,validation,0.7340250015258789,0.6296917200088501,0.30708685517311096,8
1927,QAPRYWINPG,PTVRWYIGWY,train,0.6179640293121338,0.20048964023590088,0.11998659372329712,8
10874,MGPKWIMAEH,RVPKNMYSYL,train,0.21711969375610352,0.4781780242919922,0.8228635787963867,8
814,GQPRLYIASQ,LSPKQMKWIV,train,0.6846002340316772,0.8470640778541565,0.8199262022972107,9
5699,TGPYSLYNWS,HCPTGLFNWQ,train,0.7755322456359863,0.06515800952911377,0.19292742013931274,6
8235,TGPKLLFTAS,MFPRNIRKIL,train,0.5386248230934143,0.8262556791305542,0.6146419644355774,9
4658,LVPRAFHDPL,PGPRSWYGPH,train,1.0383000373840332,0.229231595993042,0.49446016550064087,7
6610,YVPRGVRDSL,SGVRAVIATA,validation,1.2389787435531616,0.5618902444839478,0.9571446180343628,8
10911,VIPRGVWVAY,LGPRSVSNTV,train,1.4721648693084717,1.3718674182891846,1.0012949705123901,7
10490,MVPRLYTASG,PTGRHLTVIT,validation,1.7302484512329102,1.491087794303894,0.959106981754303,8
1952,WMPRPFWDKS,TMPRSYINWY,train,0.05869448184967041,0.3142812252044678,0.7977445125579834,7
8666,MHPRAFRSQY,VQPRGLSDQK,train,0.17021477222442627,0.07229006290435791,0.2975168228149414,7
5999,TVPRWMTASG,VGPRAYRAHK,validation,0.07488667964935303,0.44988298416137695,0.24305939674377441,7
246,TLPVWMQAMK,PTWRALKGSY,train,1.1849899291992188,0.6030486822128296,1.180997610092163,10
10627,MRPRPLWSES,PKVLNLYVNH,train,0.5625588893890381,1.2642582654953003,1.2053049802780151,9
669,VAPSGWVTAI,TAPRELTDEG,validation,0.31823277473449707,0.4015902280807495,0.011540591716766357,8
6632,GQPRGFIGPW,KMPSGWTASG,train,0.1931014060974121,0.3315852880477905,0.29458630084991455,8
9734,MAPRWLMSIS,QNPRNLSSWF,train,1.0427459478378296,0.5167611837387085,0.6442333459854126,6
9640,AMPKQIVDPK,ERPSPFTASG,train,0.7228056192398071,0.09333682060241699,0.9340296983718872,9
4950,KMPRAYTVGL,MWPRGLTSTR,train,0.2622438669204712,0.28409910202026367,1.4850581884384155,7
1485,LQPRSWTNRV,KYPASWRGTH,train,0.6333593130111694,0.17498433589935303,0.30522069334983826,7
8621,HPPSWLISEW,HSHAWLQGPR,train,1.5101789236068726,0.6099825501441956,0.11465871334075928,7
7116,PTPRSYRPAI,TLPRYWRTMA,train,1.03720223903656,0.030861735343933105,0.1792919933795929,7
5017,IVPRQLVDIQ,RAPFSMRTPL,validation,0.12967443466186523,0.23809963464736938,1.00221848487854,9
3874,VSPMQFRDKL,QMPSSDYPTV,train,1.528904914855957,1.1050105094909668,0.44614821672439575,9
1733,YGPRSYINRY,LYPRAWLAKH,train,0.1890636682510376,0.09557580947875977,0.40845537185668945,8
6111,WYPRSMVGVK,SGEGRAVAKT,validation,3.0093936920166016,1.6664670705795288,1.3675007820129395,9
6270,WMPRQVLSRF,HLPLNFWDCY,train,0.5376642346382141,0.2939291000366211,0.037483543157577515,9
3785,FRPASWRTAS,NPPSAMYNVY,train,0.09069585800170898,0.2096766233444214,1.1900527477264404,9
4949,VMPRMLQDGT,TLVLWLMSRF,validation,0.6723090410232544,0.1943364143371582,0.2843374013900757,9
7036,GYPRSYRTKW,RTPRSWMVHT,train,0.29921042919158936,0.006057143211364746,0.11645841598510742,7
6675,KLPRAVRDGT,VDPKWIYGNS,train,0.613169252872467,0.2319279909133911,0.0045029520988464355,9
10303,RMPRSWTASG,KDPSGFHDQK,train,1.0842777490615845,0.7189012169837952,0.14556577801704407,9
4719,WLPRAVVTHF,MTPRNYASQH,validation,0.42256850004196167,0.3168376684188843,0.062430620193481445,8
222,SVPRAVFAVG,HGPRSMVGIY,validation,0.1526871919631958,0.47760844230651855,0.3570910692214966,8
3371,APPVHMTASG,WFARSLRDIH,train,0.9393697381019592,0.7370532751083374,0.13820800185203552,10
5416,HVPKQLKDHY,ESPVALKDNY,validation,0.2964398264884949,0.27003443241119385,0.12440437078475952,5
4034,TSPRAYRQTA,VLYGNYHGMR,train,1.9601563215255737,0.9223445653915405,1.1720390319824219,9
1355,FYPRYLQAQY,SYALHLVDAK,validation,0.6291441917419434,0.6450575590133667,1.2777469158172607,8
7002,HCPLAVMTHQ,TIPRWSWYGV,train,1.1647480726242065,0.24866652488708496,0.5538712739944458,9
7744,ATVRGMTASG,VYPRVLQAGQ,train,0.2366882562637329,0.5336991548538208,0.09480875730514526,8
1138,YRPRSMKDKF,TALRSLWSIL,validation,0.18067818880081177,0.5043070316314697,0.8504838943481445,8
1266,QRPASWTASG,GRPASGWYAY,train,1.3662598133087158,0.6523788571357727,0.132620170712471,6
6760,HFPRAFLGPQ,RVPYGLISAT,train,0.09748053550720215,1.5140684843063354,1.9514456987380981,9
7348,SIPNAYWAMG,TQVRAWYGTA,train,0.5287702679634094,0.0067942142486572266,0.1051410436630249,9
1175,DIPRSWIGNS,WIPTGFTGQH,train,0.4988625645637512,0.045882225036621094,0.47193053364753723,7
8931,GVPRYLMDGY,RKPVNLNSHE,train,0.8171371817588806,0.47486793994903564,0.4096637964248657,8
8536,VMPRSWTASG,INPVMMTGPS,train,0.7682636380195618,0.7919793725013733,0.40162646770477295,8
1516,RVPRSWTAVR,RVPKLYHGQI,train,1.448433756828308,0.8292528986930847,0.2509865462779999,7
9593,AFPRNYTVPG,GPYPRAYTAS,train,0.7133690714836121,0.25066816806793213,0.5745094418525696,10
7432,HVPRQWTASG,YWPASMWSVQ,validation,0.04062938690185547,0.8329575061798096,0.5937787890434265,9
1927,TNPRAIKGWS,SLPRFLMNNK,train,0.993678092956543,0.4794662892818451,0.5889774560928345,8
10874,HWPRSWRTNG,KDPRNYIYPK,train,0.5855948328971863,0.6071487069129944,0.3479468524456024,8
814,FKPRGQVGKL,VSWLPMLSQF,train,1.4161596298217773,0.921553373336792,0.09511663764715195,10
5699,WMPLGYYDKW,YPYNSLWVTG,train,1.7534842491149902,0.6574203968048096,0.2608581781387329,10
8235,VTPRSWVGWT,NDPRAYIGMA,train,0.2501654028892517,0.34565532207489014,0.27620670199394226,7
4658,NPPKSWVGMT,MPSGWFISGI,train,1.1499768495559692,1.2939163446426392,0.3614749610424042,9
6610,FTPRSLYNGW,DVYRGLWNGA,train,2.1889638900756836,1.106055736541748,1.4734058380126953,6
10911,FPPRTLVVML,KPVQMMRTHY,validation,1.1024471521377563,1.2084414958953857,0.9958446621894836,9
10490,HLPRAWTASG,GHPRSMRVMT,train,0.18206143379211426,0.6681396961212158,0.5441936254501343,8
1952,YQPRPFSQAG,DWPRMWHGKY,train,1.8460453748703003,0.4431036710739136,0.6759476661682129,8
8666,DPPLGFIVTG,AIPRGVKGQL,train,0.7313065528869629,0.025119543075561523,0.2527114748954773,8
5999,AVPGWVTAMG,MDPRGMFGES,train,0.011818170547485352,0.14647424221038818,0.2732290029525757,9
246,QMPRWIMSWY,ASYRDMTASG,train,1.3838006258010864,0.6319355964660645,0.28279975056648254,9
10627,FAPRFLTVTG,EVPVELRDPQ,validation,0.12330758571624756,0.11873042583465576,0.4675856828689575,8
669,KTPRQLTVGA,KRPAGVTVEA,train,1.4256091117858887,0.6701593995094299,0.5670148730278015,5
6632,MRPKQYKSRG,GQPALWVAMW,train,0.7795619368553162,0.6048021912574768,0.10378718376159668,9
9734,WVPKWMYGQA,MTPRNYHGPH,train,0.9910248517990112,0.4801872968673706,0.03580373525619507,8
9640,TIPRTLVAHQ,YGPLSVKTEF,validation,0.41959625482559204,0.08239078521728516,0.22021543979644775,9
4950,RWPRGMFDRY,RGPRSLVVKA,train,0.08243775367736816,0.6257562637329102,0.36115503311157227,7
1485,IGPRGYTGMS,PWVRGMFGEY,train,0.11850631237030029,0.09679913520812988,0.012415885925292969,7
8621,WVPRTLVDIG,TSPVSLWDKA,train,0.9496659636497498,0.37194597721099854,0.08788615465164185,7
7116,MLPRAVYSNR,YNPADYIQTA,train,1.8950411081314087,1.2016663551330566,1.0721174478530884,9
5017,SGPSAIFDTA,INPARTLSEY,train,1.8651174306869507,1.3418701887130737,0.8142286539077759,9
3874,WLPRAVMTHQ,YPPRNVSYWQ,train,1.359316349029541,0.8262385725975037,0.1749526858329773,6
1733,MKPRAYIYLT,SMPRMLYGFK,train,0.17630767822265625,0.28334325551986694,0.5666017532348633,8
6111,TEPRDILSWR,GPKWLMQDEF,train,1.5873994827270508,0.8306384086608887,0.8039687275886536,10
6270,KPPRDLYDGA,LSVKGMVDAY,train,0.5207977890968323,0.22044718265533447,0.2911778390407562,9
3785,YQPSWYTDGR,QGPKSLMYEH,train,0.5659182667732239,0.578481137752533,0.11634469032287598,9
4949,LYPRSLWDLY,FTARDLYAGQ,validation,0.07846558094024658,0.44976115226745605,0.6824912428855896,8
7036,GPPRAVMDKY,VRPRSWRTWL,validation,0.5465655326843262,0.4129897356033325,0.13825446367263794,8
6675,SKPRAWLDVF,EPPRVFTASG,train,0.24423503875732422,0.004784345626831055,0.1341833472251892,8
10303,SGPVAYRTAS,WDPYGMVGGS,validation,0.6451306343078613,0.08476018905639648,0.03440499305725098,8
4719,YAPKGAIAPR,PAPRYLWSIW,train,0.2120060920715332,0.7435382604598999,0.13647818565368652,8
222,MRPRPFLAWG,RTPVGQFGWI,train,0.6478535532951355,0.019359588623046875,0.16847246885299683,8
3371,LPPVGLVDQN,FWPLNWTASG,train,0.07879865169525146,0.8773653507232666,1.4511114358901978,9
5416,TWPKWIIDRS,TEPRMLHSQH,train,0.1795712113380432,0.3308056592941284,0.11981648206710815,8
4034,WLPRSWTGGG,IVPRWYSNSL,train,0.30172818899154663,0.31845545768737793,0.09770345687866211,8
1355,MVPVHMIDGQ,GLPRAILDIK,validation,0.20755136013031006,0.5605517625808716,0.4960331916809082,8
7002,HIPRPFWDMI,VPFSNLMDTF,train,1.4286783933639526,1.7423338890075684,1.6302244663238525,9
7744,FRPRSYWDAQ,WNPKGMHAHY,train,0.17717504501342773,0.08863365650177002,0.03810751438140869,9
1138,DSPRQLWSPQ,LSPRWLSDGF,validation,0.2450317144393921,0.12956559658050537,0.1254395842552185,6
1266,PRPRQVTASG,YSWRGLYGER,validation,1.0663578510284424,0.7986778020858765,0.18940554559230804,9
6760,DTPRSYIGWG,PSPLGIFSWS,train,0.01822185516357422,1.234958291053772,1.555920124053955,8
7348,WTPRPILYGT,FHCPGFKDQS,train,2.085925579071045,0.8493055701255798,0.4222167432308197,10
1175,PMPRYWTGSG,GAPRYWRGPA,train,0.39787060022354126,0.08244669437408447,0.035475581884384155,5
8931,YNPRSMLDGY,TQPRWITDHG,train,0.5421924591064453,0.09454071521759033,0.4078923463821411,7
8536,ERVLPMWDNQ,SQPVPMTASG,train,0.5466745495796204,0.3760988712310791,0.5177839398384094,8
1516,VTPRAYRSEW,LWPRAYRGPA,train,0.09056627750396729,0.002820134162902832,0.18224847316741943,5
9593,KYPRQLWAVF,LTPRYHIWPW,train,1.6754989624023438,0.8797769546508789,0.18470549583435059,8
7432,GAPAYWRTAS,LAPAYWRGQW,train,0.16086626052856445,0.0064743757247924805,0.05179572105407715,4
1927,VRPRAVLDPF,EAPRGVRTLG,train,0.14849424362182617,0.08999419212341309,0.4008193612098694,7
10874,EAPRFLIVNW,ERPLPILYTY,train,0.26168131828308105,0.6790243983268738,1.017104148864746,8
814,VKPASWRTAS,YRPRGVQASV,train,0.22109699249267578,0.06513690948486328,0.9855830073356628,9
5699,VWPSGWRTAT,VNPVPLWNQG,train,0.3679843544960022,0.7185975909233093,0.05491185188293457,8
8235,FWPKGMRNQY,NSPLGWRTNK,train,0.3142979145050049,0.10310971736907959,0.3713003396987915,7
4658,MYPRPFYSEH,IYPRFIWGMG,train,0.9987814426422119,0.5206199884414673,0.23946312069892883,7
6610,TIPKWMINPC,GHPRAVLRGF,validation,1.2227009534835815,0.8169565796852112,0.7764853239059448,9
10911,GSPRSMKTVW,ITPRTLVYFH,train,1.0259554386138916,0.5656625628471375,0.11755195260047913,8
10490,WPGRALWAPS,MCPTGFKTMK,train,0.806632399559021,0.04765284061431885,0.042054593563079834,10
1952,QRPMSWINPY,YNPIHLWGPY,train,0.9287621378898621,0.10807538032531738,0.00030303001403808594,7
8666,HPPRGMVDPG,TSPRGMVVGS,train,0.2200765609741211,0.2242894172668457,0.4622534513473511,5
5999,GMPRYMKSPY,AERGLRAVAF,train,1.2437958717346191,0.8492589592933655,1.0598244667053223,10
246,FIPRWMKGTH,DGTRWLTASG,train,0.7978173494338989,0.22115731239318848,0.11397325992584229,8
10627,TGVSWLRTAS,VDPSNLYDVV,validation,0.728851318359375,0.10917669534683228,0.8177087306976318,8
669,HPPLNFSDPV,AGPSHTNVTA,train,2.16876482963562,1.121192455291748,0.8053391575813293,9
6632,VMPKQYIAMG,HAPRSYTASG,train,0.14981234073638916,0.13871800899505615,0.08928406238555908,6
9734,QRPRSLQVIW,RHPYSLMAMR,validation,0.01840949058532715,0.7014762759208679,1.2148191928863525,7
9640,NVPKQMHDPY,ASPLGQITAS,train,0.14160704612731934,0.17533528804779053,0.2289145588874817,9
4950,TIPKGMHDNL,KMVRGMTASG,train,0.768832802772522,0.6318966150283813,0.44846808910369873,8
1485,GVPRSWTSEG,YSPVGYKGHQ,train,0.42488086223602295,0.16387414932250977,0.027461469173431396,9
8621,LRPSTLWTGK,QVPRELKGGM,train,0.17605149745941162,0.19335460662841797,0.6588021516799927,7
7116,LVPRAVHDHR,GYPRSVMDAK,train,0.2514069080352783,0.47868144512176514,0.42058444023132324,6
5017,INPAWMKTLS,NIPFWRAVYG,train,1.6709282398223877,0.7744196653366089,1.2211623191833496,8
3874,PYPVPFKDAG,YRPASWVNPS,validation,0.4292147159576416,0.5339489579200745,0.5553323030471802,9
1733,ATPIGYWQWT,TVPRQVRNSV,validation,0.13960212469100952,0.025643229484558105,0.4470524787902832,9
6111,YAPKWMQAPS,TEPRGMKTWS,validation,0.030704736709594727,0.09373390674591064,0.3558211326599121,7
6270,EIPRTLVDNY,RAPKLLSDQH,train,0.8093453049659729,0.5284323692321777,0.8190415501594543,7
3785,TAPSNYQDRI,GRPRELFVTH,train,0.04492080211639404,0.0411299467086792,0.2497355341911316,9
4949,FMPRDLSDIT,LHFAIANWIF,validation,1.4310983419418335,1.0700428485870361,1.3331773281097412,9
7036,KDPRGMKTNW,RFPRGMKTRH,train,0.35684043169021606,0.03754866123199463,1.1035487651824951,4
6675,QYPRSWIDPK,TFPRPVMDPF,train,0.26168370246887207,0.08297693729400635,0.00012135505676269531,6
10303,MAVFGLYDHA,KSPRPYTDPT,train,0.337091863155365,0.26523447036743164,0.09342598915100098,9
4719,LKPRSWTNDT,AYFENLHGTQ,validation,1.982846975326538,1.652414083480835,1.284393310546875,10
222,SYPRNYMGNK,VAPKQNQGPF,train,0.5344853401184082,0.1048576831817627,0.09793123602867126,8
3371,DVPRGVTASG,QSPRWLIGPG,train,0.6849768757820129,0.9552021026611328,0.08683615922927856,7
5416,GTPKGMSTPV,PAVRALFDNT,train,0.05658221244812012,0.6895343661308289,0.0257265567779541,10
4034,LRPRPILDMG,YNPYGMRSAL,validation,0.0200960636138916,0.5060074925422668,0.9473131895065308,9
1355,HYPRYLIDAQ,MDPLGIFDIH,train,0.28175199031829834,0.1059618592262268,0.3107655644416809,8
7002,MWPRELVDSA,LSHAWLVART,train,1.8836541175842285,1.4179201126098633,1.4600120782852173,8
7744,LQPRSYLGIL,SYPRGLTGSY,train,0.43840575218200684,0.36479032039642334,0.33041858673095703,7
1138,MRPRWIHSES,ISTRNLYSMF,train,0.6924383640289307,0.5525199174880981,0.42203420400619507,8
1266,MGPAGVRTHY,TPPYGVSNTH,train,1.7145497798919678,1.2139832973480225,0.2668415606021881,7
6760,SAPRSLTDGI,TSPRMLHGML,validation,0.3570202589035034,0.3011043667793274,0.8156655430793762,7
7348,HGPRSYIAHQ,LQPRAVYSWK,train,0.22169089317321777,0.22567236423492432,0.13069069385528564,8
1175,SQPRQYMSRG,TKPAHVTGSR,train,0.9127236604690552,0.6950281858444214,0.09689956903457642,9
8931,TMPRFILDNI,TATNWLVGRA,train,1.5100651979446411,0.7899113893508911,0.8030611872673035,9
8536,WSPRWMVDMS,TNPRNVKGAQ,validation,1.1909098625183105,0.9964593648910522,0.7310376167297363,8
1516,YQPRAYRSFV,GPYVPVSVMW,validation,1.063023567199707,0.1545467972755432,0.29105907678604126,10
9593,IQPKWMFGPY,PYPVYWQAQG,validation,0.7603853940963745,0.44512224197387695,0.04079163074493408,9
7432,TLPRNWIGPG,LDPRTFVNGR,train,0.5004221200942993,0.3879908323287964,0.05071491003036499,8
1927,TYPRAYRDRQ,MRPKGIVNWH,train,0.039585232734680176,0.232649564743042,0.30591678619384766,9
10874,TVPKWLVTPT,TQVRGLWSPT,train,0.5099449157714844,0.1403796672821045,0.8449057340621948,6
814,PRPRSVLAVK,GSPRMLHAPL,train,0.7190058827400208,0.5838882923126221,0.29127925634384155,7
5699,SGPKQLYTTA,TWPKELRNWS,train,0.052112698554992676,0.49723440408706665,0.12802767753601074,7
8235,YEPRSWTALW,SWPRAYRNTA,train,0.10510098934173584,0.1796334981918335,0.45651525259017944,8
4658,HMPRNYIGSA,LPPLNWRSYA,train,0.056004881858825684,0.31100010871887207,0.018661856651306152,7
6610,AYPVGMYDKG,NRYRGMWDEG,train,2.495727062225342,1.5987335443496704,1.0604950189590454,6
10911,PIPRNVMYGT,TVLRSLTVPG,train,0.7049627304077148,0.6730512380599976,1.0016292333602905,9
10490,MTPRGQRGGY,KYPVPFTASG,validation,0.003203153610229492,0.38876986503601074,0.03646540641784668,9
1952,MTPRGQYNAG,GTPRSYMNTY,train,0.0698399543762207,0.3873453140258789,0.6280372738838196,6
8666,MPPRGWTASG,IAPKGVHAST,validation,0.24853646755218506,0.08533048629760742,0.6288050413131714,6
5999,KVPRGVKVNR,NWVGMRGPDG,train,2.4631175994873047,1.7332117557525635,1.3355176448822021,10
246,IVPRGVTASG,FQPRNILGTL,train,0.030320167541503906,1.3685375452041626,0.5474053621292114,8
10627,DWPRELRDVQ,GVPKMLYDEF,train,0.1576080322265625,0.031668901443481445,0.07774865627288818,7
669,LAPRQMLDWK,DGPKQMKTGW,validation,0.25023353099823,0.08753550052642822,0.2171313762664795,7
6632,VRVLAWTSRG,YVPRKLSGEW,train,0.18821769952774048,0.00118255615234375,0.16024738550186157,10
9734,DIPRPLYNPW,RMLAHIFSWT,train,1.489090085029602,0.8650254011154175,0.304981529712677,10
9640,INPRQLTASG,PAGHPLPYPW,train,1.5343613624572754,0.538355827331543,0.2424515187740326,9
4950,NGPKGLHVYG,VQPRSLYVQK,train,0.18101203441619873,0.436201810836792,0.06225323677062988,7
1485,NAPRYVYSPQ,GRPRTLNSAT,train,0.6441010236740112,0.4447821378707886,0.2031049132347107,7
8621,HRPKQLWNGR,NSPFNYRQWG,train,0.3278258442878723,0.4705778956413269,0.227228581905365,9
7116,YQPRSWRTGF,ATPRSHQTMA,train,0.7822656631469727,0.37471675872802734,0.36223840713500977,6
5017,NYPVAFTASG,LRPAQMKNTY,train,0.44588518142700195,0.6998642086982727,0.562468409538269,9
3874,HRPEPFATAS,PGPRSWVLRK,validation,0.6853244304656982,0.893526554107666,0.7829608917236328,9
1733,FKPRPYWGAW,TYPRAWTGTW,train,0.2646697163581848,0.10599589347839355,0.16319596767425537,6
6111,KAPRSMYNVG,KAPKWMKGTL,train,0.4156641960144043,0.27586519718170166,0.21382462978363037,6
6270,KQPTGLTDKW,RFPRTLMDFA,train,0.6326305270195007,0.14041650295257568,0.006236612796783447,7
3785,VIPRSWSASG,YMPSGVHGWR,validation,0.2759990096092224,0.10935521125793457,1.3956704139709473,9
4949,TVIRAMHSGF,FMVKFLISEK,validation,0.40916502475738525,0.7869439721107483,0.31723684072494507,9
7036,DRPRSMRNWI,FLPRWIHLTI,train,1.7818881273269653,1.2033586502075195,1.0199856758117676,7
6675,YGPRSFYTPG,LGPRSWTASG,train,0.18902873992919922,0.2476673126220703,0.2121373414993286,5
10303,MWPKQVRTVT,FVPRQVYNQH,train,0.6110231876373291,0.2967216968536377,0.3619847297668457,7
4719,MSPKGMTVPG,SAPRALWVRL,train,0.05908679962158203,0.8598518371582031,0.8590255975723267,8
222,MWPSGWTGPL,WVFNPIAQIG,train,0.6037309765815735,0.6444008350372314,0.04785066843032837,10
3371,PRPRGLTDTF,VDARPLWDHS,train,1.4480206966400146,0.1889352798461914,0.034912705421447754,7
5416,MVPKNQMDPK,PRPRSLIAKL,train,0.010083913803100586,0.6839239597320557,1.1227390766143799,9
4034,ANPRPLWNGY,KHPVGMYNMG,train,0.3050464391708374,0.1267552375793457,0.06351214647293091,8
1355,TMPRYLQDIY,CDPRALYQMA,train,0.4882844090461731,0.7156782150268555,0.5140150189399719,7
7002,LTPLYWRDEK,PLPALWGTNV,train,0.9943217635154724,0.8050662279129028,0.638739287853241,8
7744,TQPRSWSGPT,TFPRVWTASG,train,0.9984890222549438,0.7036935687065125,0.1541583240032196,6
1138,NTPRSMLSWF,LMVWGIHDHF,train,0.7562088966369629,0.07526373863220215,0.4543355107307434,9
1266,WAPRWMVDGY,QRPRSWHAES,validation,0.6435146331787109,0.054143309593200684,0.055962443351745605,8
6760,PWPRSLYGNT,RTPRSLIGHY,train,0.6255781054496765,0.06815409660339355,0.0011306405067443848,5
7348,TWPRELKSAY,FNPRPGPQHT,train,1.7022632360458374,0.9211531281471252,0.7412598133087158,8
1175,HVPRAYFGQW,GKPRAYIGWS,train,0.308754563331604,0.4862239360809326,0.16359901428222656,5
8931,GVPRYLLDGY,IEPRFLYDML,validation,0.11852455139160156,0.35382670164108276,0.18195563554763794,6
8536,IYPRSYTGKA,SRPVYMHDTS,validation,0.952227771282196,0.5587917566299438,0.13274818658828735,9
1516,YAPRNVMALY,ILKPIAGDPH,train,2.796583652496338,1.145870327949524,0.4940098524093628,10
9593,PTPRGQRGWF,VGPRMLHGSA,train,0.05267930030822754,0.568457841873169,0.3223764896392822,7
7432,HVPINYWGGQ,MAPAYWRSMR,train,0.043804168701171875,0.1718294620513916,0.14301729202270508,9
1927,VMPRVYIDNY,VKPKGVKGAQ,train,0.11894792318344116,0.07065212726593018,0.1422196626663208,8
10874,VRPRDLRVGY,LYPRELKYGT,validation,0.6377226114273071,0.09250307083129883,0.48734867572784424,6
814,KWPREMKGFL,KIPRNVSTWL,train,0.475913405418396,0.13219177722930908,0.03150069713592529,6
5699,IYPVNMWNPV,FWPTGERTVE,train,1.125115156173706,0.24219810962677002,0.8446153402328491,9
8235,GTPRGYRNQY,WMPKSMANHQ,train,0.29421836137771606,0.4991217851638794,0.06795752048492432,8
4658,YNPRAFYGGY,NQPLSWRAYR,train,0.2259979248046875,0.8158119320869446,0.4636971950531006,9
6610,LDPRWYMAPV,IVYRAWTGMW,validation,1.570194959640503,1.1562161445617676,0.9057061076164246,9
10911,LRPGWMKSKL,IPAKVLNVGK,train,1.1382310390472412,0.9119298458099365,1.0629453659057617,10
10490,PKPRGVHDPL,LNPRAVTGKG,train,0.013577699661254883,0.11988723278045654,0.4716898798942566,7
1952,WMPSGWTASG,VRPRPFMSTF,train,0.015035033226013184,0.31127095222473145,0.2571113109588623,9
8666,VTPRQMKSTS,FGENPLKAWT,train,1.2296425104141235,0.8567379713058472,0.23421600461006165,9
5999,MFPRAYTASG,KRGPRRVAGH,train,3.347536325454712,1.4015367031097412,1.1355828046798706,9
246,TVPRWLSGQG,VLPRVLYGAV,train,0.32659661769866943,0.5261766314506531,0.1361076831817627,6
10627,YQPTGLHDWG,ADPRSLLDHA,train,0.7028850317001343,0.33165907859802246,0.1422702670097351,7
669,WGPRQLVDQS,FGPRQLHDPR,validation,0.38073933124542236,0.046327948570251465,0.13254797458648682,4
6632,GMPGWMYSGY,CGWVYAKGPS,train,2.1113762855529785,1.0369441509246826,0.6393162608146667,10
9734,GTPRSLYSWT,GSPRMLHAMA,train,0.2151474952697754,0.024128615856170654,0.12809967994689941,6
9640,KGPSGLHDGW,AVPRELTASG,train,0.23134946823120117,0.3300575613975525,0.5396977663040161,8
4950,VRPRQLASQG,GYPVSMVYPV,train,0.61255943775177,0.5349465608596802,0.44762593507766724,9
1485,WRPRSYTGNF,TVPRNVKGLG,train,0.18224143981933594,0.05594635009765625,0.03232663869857788,7
8621,LRPLNWTNPR,HTPYGLYTGG,validation,0.10182023048400879,0.2745695114135742,0.8068315982818604,9
7116,IRPVNYRDHT,RCPLPFVRYQ,train,0.8810985684394836,1.033215045928955,1.223675012588501,9
5017,TVPRNVINIP,TQPVFYHVAW,validation,1.1865206956863403,0.7950709462165833,0.6321041584014893,8
3874,TAPWGISDRY,FKPSQMRLGF,train,0.6210564374923706,0.7887563705444336,1.2296496629714966,9
1733,ESPRAYIGEQ,NQPRAIYKWT,validation,0.09253931045532227,0.9098199009895325,1.2839628458023071,7
6111,KVPKWMKDWA,QSPLGVDMWR,validation,1.137708067893982,0.978951096534729,0.14573222398757935,8
6270,QAPRQLKDQL,YPARMLKDIY,train,1.0443450212478638,0.6447433233261108,0.746562659740448,6
3785,GIPLGVSVGV,DAVRAITASG,train,0.2256750464439392,0.4361931085586548,0.10777920484542847,10
4949,ARPRWLMTAS,MVYGALYDSY,train,1.5028711557388306,0.787217378616333,0.8933775424957275,9
7036,AKPRGMKTIW,TNPIGWIMIT,validation,1.67704439163208,1.316468358039856,1.0535979270935059,7
6675,TVPRYLMGEG,WPVWWQISNK,train,0.3454288840293884,0.0812540054321289,0.01842266321182251,10
10303,SDPYGMWTVS,TYPRAFSQTG,train,0.04314589500427246,0.6996476054191589,0.871311366558075,9
4719,GNPAGMWDHW,FDPRSLWDWY,train,0.6513808369636536,0.5492491722106934,0.03896975517272949,7
222,VIPRPVIGLY,WKMQSHFASY,validation,1.8553144931793213,1.5528374910354614,0.9088186621665955,9
3371,TVPRAWRSHA,EGPVRLWGSQ,train,0.44310450553894043,0.40317487716674805,0.12136414647102356,9
5416,QRPVSLMDAS,SRVLPLYSVQ,validation,0.8372558355331421,0.29888802766799927,0.2810128331184387,8
4034,LIPRPYHDNA,MSPRDYIGMH,train,0.19625157117843628,0.04234647750854492,0.4958481788635254,7
1355,TSPRALWDGK,QYPRWIQAGW,train,0.33948957920074463,0.020518898963928223,0.37498921155929565,7
7002,RMPRSIFDAY,IACWARSFEI,train,1.6630526781082153,1.1692564487457275,0.8635677099227905,10
7744,HNPRSMSGPK,STPRGNKGLF,train,1.0470768213272095,0.4530593752861023,0.21940147876739502,7
1138,IYPRSWRSAT,EKPRDYRSLK,validation,0.07229816913604736,0.2775057554244995,0.11684250831604004,6
1266,KGPRSYITAS,RTPLNYTGRA,train,0.02720046043395996,1.1633038520812988,1.230114221572876,8
6760,QAPRSLYDNL,GFPYGLWSLT,train,0.004506826400756836,0.4001736640930176,0.8539364337921143,8
7348,LAPRYWITGH,VRPRSWHTNR,train,0.20406198501586914,0.028004884719848633,0.013571977615356445,6
1175,TWPREYTASG,SYPRAFHGQY,train,0.5571350455284119,0.12204146385192871,0.042538225650787354,8
8931,YDVRAMYGIQ,SDVRFLQDQY,train,1.4250901937484741,0.8411545157432556,0.17871339619159698,7
8536,VEPTAWTASG,LSPRYLIDGR,train,0.28853684663772583,0.4548133611679077,0.007284432649612427,9
1516,GLPRAVTAFG,VAWAHMWGPF,train,1.3292158842086792,0.7303624749183655,0.16930611431598663,10
9593,QGPRMLYTAS,GAPRSLKSTS,train,0.7727948427200317,0.42558252811431885,0.4666867256164551,6
7432,MLPRAYWSPG,YGPTAMRGPF,train,0.07201433181762695,0.21009671688079834,0.7715027332305908,7
1927,VQPRSWKTPG,PTPRWYTGSK,validation,0.23306500911712646,0.19321990013122559,0.49379193782806396,8
10874,YTPKGMYVLH,AHPINLYDSA,train,0.15518486499786377,0.4713428020477295,0.7727417945861816,8
814,PMPRYVTASG,RYQYSLIAQT,train,1.1053993701934814,0.8239853382110596,0.4041263163089752,9
5699,LKPAPWKSVY,SNPFKYTGQA,train,0.6396526098251343,0.29738563299179077,0.9760735034942627,9
8235,HTPRSYRDPW,YNPVWMRGNR,train,0.0629725456237793,0.006168842315673828,0.3544813394546509,8
4658,LRPAWLSGDS,MDYRAMFSIQ,train,0.9103801250457764,0.5318405032157898,0.45697730779647827,10
6610,VNPRNVTASG,TFWRAYFGSG,train,1.4119971990585327,0.6661890745162964,0.3835058808326721,7
10911,MAPRTVMSQY,RTMLHMSVMT,train,2.185757875442505,1.8538978099822998,1.3342746496200562,10
10490,WGPVPSWSGA,FTPRSWRTAW,validation,0.053296446800231934,0.4374328851699829,0.3773839473724365,9
1952,SNPFGYMNPF,FAWHGLYGGR,train,0.8097530603408813,0.4006498456001282,0.8625888228416443,9
8666,VDPRAVRTWL,TSPRMLTASG,train,0.6168256998062134,0.6143963932991028,0.3392988443374634,8
5999,NVARAWTASG,SQPRNVAGWV,train,0.7374736070632935,0.2656519412994385,0.14149820804595947,9
246,VVPRWMKGEW,CAVRSLYSGF,train,0.768625795841217,0.6404768228530884,0.22811782360076904,9
10627,KTPLGQIDGW,KMPSTLIAGT,validation,0.04189920425415039,0.8842436075210571,1.430708646774292,6
669,VWPRELKTAS,GMPYDLKDPV,train,0.2319260835647583,0.6562238931655884,1.118302583694458,7
6632,KLPRAFWDGY,LYPRLYQNEL,train,1.550289273262024,1.633478045463562,1.5539793968200684,8
9734,HRPRSLWSAV,LGPSHYRYWK,train,1.3306901454925537,0.2035505175590515,0.016910165548324585,9
9640,WMPRTLIASQ,AHVAWLSTKW,train,1.450186848640442,0.4987766146659851,0.5994566679000854,9
4950,MPPRKLYVSW,RFPKGLYSVW,validation,0.17941927909851074,0.15612411499023438,0.03526252508163452,6
1485,QHPRPFMSPS,RPVLGIMSGR,train,0.0718311071395874,0.9253624677658081,1.4620747566223145,8
8621,NAPKQLTDIL,SDPRYLWSQY,train,1.1773581504821777,0.303422212600708,0.14151322841644287,8
7116,HIPRPVTAGG,WTPIGQYKGY,validation,0.8951675891876221,0.6867997646331787,0.24395710229873657,8
5017,IQPASWRTSV,DTPRDIVYGM,train,0.553639829158783,0.2614130973815918,0.31773892045021057,9
3874,TWPRELYTGS,PYPWSWRVAW,train,0.31017446517944336,0.32562434673309326,0.9058077335357666,9
1733,FEPRSWQVRG,HVPRYWANRL,train,1.5065335035324097,1.1690952777862549,1.1612350940704346,6
6111,YKPRSMYNWA,EKPRNWTASG,validation,0.6947949528694153,0.14875340461730957,0.027162879705429077,7
6270,RAPVAWIAET,WTPRKYTEPQ,train,0.8699070811271667,0.28000080585479736,0.09174257516860962,9
3785,SQPRGLWDSG,SNPFKYTGSY,validation,0.9014177322387695,0.6155368089675903,0.7481666803359985,7
4949,AIPRPVTASG,IMVLGVRANA,train,0.020155906677246094,0.8092287182807922,1.324281930923462,8
7036,KWVMGMRAIW,NFPRAVGMWL,validation,0.7706108093261719,0.9706398248672485,1.316914439201355,10
6675,TYPRAYHDTL,TNPRDILDTK,train,0.37975287437438965,0.43958282470703125,0.07723197340965271,5
10303,SAPRSLYTAS,GFPLPWTASG,train,0.02492082118988037,0.24727946519851685,0.3024681806564331,9
4719,RPVLAWTASG,RLPVAIYDIT,train,0.1974698305130005,0.13645732402801514,0.03254729509353638,8
222,YMPRAYQGVK,PLPRPLYGTQ,train,0.2743794918060303,0.6880896091461182,1.1252403259277344,7
3371,EPPLGQRDGY,ISWRALYDLY,validation,1.1130967140197754,0.5731770992279053,0.24656659364700317,8
5416,MPIRNLWDGW,CFARSRTASG,validation,1.4648749828338623,0.782282829284668,0.4969336986541748,9
4034,GPPVGIYTQS,GQPRPILGER,train,0.04543483257293701,0.5662937760353088,1.0583674907684326,7
1355,FLPRMLHDYT,WYPVMLVDKG,train,0.02303338050842285,0.12177878618240356,0.10481351613998413,6
7002,LSPRAYWDMK,YAPAEWTASG,train,0.24488306045532227,0.27232813835144043,1.3350080251693726,9
7744,GVPRAVYAQW,EAPRQMKGPF,train,0.28795599937438965,0.19787847995758057,0.11204719543457031,8
1138,AGPRSLYTEF,AVWRAWTASG,train,1.1276894807815552,0.35568487644195557,0.7409837245941162,8
1266,SYPRAFHSER,SQPWRYHARY,train,1.3341275453567505,0.896243155002594,0.48611313104629517,7
6760,PQPRSLYDWA,YDPRSLTASG,train,0.6169227361679077,0.34175485372543335,0.1454164981842041,6
7348,TVPRAVSDGH,RIPRPIYVPW,train,0.3512314558029175,0.8076117634773254,0.8860547542572021,8
1175,GFPRSQMTAS,HYPRDYHGGA,train,0.9015061855316162,0.20516479015350342,0.13954365253448486,8
8931,WKPRNYWAPA,GYPRAWSAWV,train,0.24864304065704346,0.13903868198394775,0.11088967323303223,7
8536,GRPLSWTDMI,IGTLNAQYNT,train,2.222726345062256,1.5519227981567383,1.5218253135681152,9
1516,DHPRSYISAR,HYVRAHYAPT,train,0.6908801794052124,0.17045724391937256,0.00568544864654541,9
9593,PMPRNVKSAW,TGPKLYISHL,train,0.8475662469863892,0.018027782440185547,0.02164265513420105,8
7432,YWPRAFHGEV,MRPSPFQDIA,train,0.16829192638397217,0.3397728204727173,0.13235843181610107,8
1927,HYPRNVIAGI,FRPAGVKSKL,train,0.15405070781707764,0.13114488124847412,0.5797678828239441,8
10874,MYPRAYRTVQ,LVARPLNVIA,validation,0.16559362411499023,0.8726845979690552,0.7865138053894043,9
814,YRPASYRNQF,MVPRVLYSHA,train,0.5502685308456421,0.08437478542327881,0.036294639110565186,9
5699,WFPAQLYTRS,LWPAYLYNQH,train,1.0595111846923828,0.37449806928634644,0.9240942001342773,6
8235,QWPYGMINEG,HNPYPLRTWG,validation,0.37256932258605957,0.8345502614974976,0.8306667804718018,7
4658,YTPRAYWGPL,TVPRYWQSNF,validation,1.3121294975280762,0.659658670425415,0.0556715726852417,8
6610,VMPSGFHNTV,SLVRAWYNPH,train,1.1436731815338135,0.8686731457710266,0.2836267650127411,9
10911,VTPRQLNVMA,GRPTALQTVA,train,0.21683919429779053,0.013471066951751709,0.06274878978729248,7
10490,ITPKGQYSWA,EWPRAYHGML,train,0.0970144271850586,0.40063798427581787,0.5881540179252625,9
1952,PQPRSWIVPS,LFPRAYTVKA,train,0.03191101551055908,0.5274245738983154,0.11979246139526367,7
8666,VSPRGLSTGI,PCIVKGIWLG,train,2.159458875656128,1.1304380893707275,0.14867234230041504,10
5999,SMPRWVTASG,LNPRGYAGMH,train,0.19766485691070557,0.13298869132995605,0.13559460639953613,8
246,NIPRQIKDHI,QLPRWMHNMT,train,0.28536099195480347,0.1945481300354004,0.38101711869239807,8
10627,GVPRAVQDLF,LTPRYMVDKY,train,0.02858126163482666,0.24390947818756104,0.7817825078964233,7
669,SYPRQLVDGY,IANPSTMEGR,validation,1.591341257095337,1.1252604722976685,0.753666877746582,9
6632,HTPREYTAQI,LKPRNHYMKW,train,1.193049669265747,1.0293307304382324,0.7348648309707642,8
9734,QRPRSLSVIW,SQPRPILYGQ,train,0.32495611906051636,0.017345905303955078,0.22493267059326172,8
9640,ARPVYLKANT,FRPSRVTNEI,train,1.8222856521606445,0.8899553418159485,1.4012418985366821,8
4950,QVPRQLYTNY,RTPVGLTAGS,train,0.07854902744293213,0.462368905544281,0.2995731830596924,8
1485,RAPRSYVGWH,RQPSGFTGHF,train,0.5356115102767944,0.07723402976989746,0.6116801500320435,7
8621,YTPKQLRNRS,ARPEYLWDTG,train,0.6072881817817688,0.18935662508010864,0.4439399838447571,8
7116,KTPKWMQNPF,SFPGSMVTAT,train,0.6609575748443604,0.17654085159301758,0.14545008540153503,8
5017,WMPRAYSNRI,RPPRTLNTVA,train,0.9966722130775452,0.23501694202423096,0.11404967308044434,8
3874,IHPSAFVDNW,CAFPILAVNG,train,1.1652334928512573,0.9011563062667847,0.31333768367767334,9
1733,QVPRAWQSNY,RKPLGVRGQH,train,0.0016324520111083984,0.2890819311141968,1.1227411031723022,9
6111,IPPRWMATWL,LWPKWMRGKG,train,0.12214231491088867,0.07770633697509766,0.35654306411743164,7
6270,PGPRTLKDVW,GKPWKLSTPT,train,0.006335020065307617,0.845207929611206,0.9139734506607056,8
3785,MVPKNQMVPK,WIPTALASGA,train,1.2297613620758057,0.3150925636291504,1.3187329769134521,9
4949,TKPRNYTDMA,KGPEPLTFDA,train,0.33463019132614136,0.91977858543396,1.2392733097076416,7
7036,GMPRSMINWV,STVRNLIGWH,validation,1.2394200563430786,0.36569035053253174,0.12272357940673828,7
6675,PVPRYWSDMG,TDPRWYTGTA,train,0.31773751974105835,0.23974847793579102,0.41790592670440674,8
10303,FVPRAWQDGA,NAPRQLYGEY,train,0.02592909336090088,0.4448227882385254,1.4355450868606567,8
4719,VEPRAYANGW,MFPGAMHNEL,train,0.2736630439758301,0.4627654552459717,0.2966916561126709,7
222,IAPVWMSGHQ,TLGLPWTASG,train,1.8985532522201538,1.708774447441101,0.7161257266998291,10
3371,VNPIGWRTGN,WFARSMRGHI,train,0.39915943145751953,0.7824208736419678,0.5522266626358032,9
5416,KTPRSLITAS,WKVLHLAVTQ,validation,0.7365694642066956,0.7920750379562378,0.6718128323554993,9
4034,DVPRWLTGMY,TPVHWMIGHA,train,0.30255526304244995,0.2991687059402466,0.39637601375579834,8
1355,QAPAYWRDEY,LVPRMLYDHF,train,0.02771162986755371,0.24641680717468262,0.013269484043121338,8
7002,MKPLSGQDTA,HCEPKADGFD,train,2.3334271907806396,1.5274200439453125,1.1138434410095215,10
7744,TPPRNYTGTF,GYPASATGKG,train,1.0067471265792847,0.4956464171409607,0.1729762852191925,7
1138,FMARALSDNA,PYPREVLRDR,train,1.5123175382614136,0.5167769193649292,0.7192134857177734,9
1266,GWPRSYISTK,RMPRPYVGKY,train,0.11762356758117676,0.05947554111480713,0.27651089429855347,7
6760,TFPRMLIGIW,RSPRMLVGTY,train,0.48569685220718384,0.13502806425094604,0.2864529490470886,5
7348,PIPRPVKSVL,RPAQDWVPFW,train,1.2128986120224,0.776351273059845,0.6787074208259583,10
1175,PNPSGWTAKG,PYPWGQWNTG,train,0.09496402740478516,0.24995577335357666,0.18476659059524536,6
8931,QIPRWLMDAY,EAPTSLVGTQ,train,0.6482946872711182,0.3313775658607483,0.4659448564052582,8
8536,LVPRAVTDHS,IGPRSVMDKG,train,0.4637792110443115,0.34086620807647705,0.4041736125946045,6
1516,WGPRYLWANQ,SHARSMYGWS,train,0.7378817796707153,0.2866763472557068,0.4002270996570587,9
9593,VIPRGVYVSQ,GQPRGSYGKQ,train,1.2015734910964966,0.6250256299972534,0.06277184188365936,5
7432,SGPRSYTASG,RHPVPMYDRI,train,0.045714497566223145,0.4029991626739502,0.23946475982666016,9
1927,WVPKGMHNTS,GKPMGQIGKL,train,0.46542179584503174,0.8984799385070801,0.8205618858337402,8
10874,VGPRSLTDMW,PAPRFMWYPY,train,0.16735076904296875,0.03692138195037842,0.20065748691558838,8
814,QVPRGVSAEV,FIYMSMYVMY,train,1.6190941333770752,1.5586192607879639,0.5398954153060913,10
5699,MWPRNYINGW,RNPESWRTWR,validation,0.4614378809928894,0.36950576305389404,0.5546953678131104,9
8235,NYPAGWRTPH,GNPWGIYQGW,validation,0.17389696836471558,1.2585939168930054,0.9229158163070679,8
4658,MTPKGQLGMF,VWVLGWTASG,train,0.3049875497817993,0.06250131130218506,0.015467584133148193,9
6610,SQPRGVFAGA,THWLGLLNWL,validation,1.5277057886123657,1.61788010597229,0.8788889646530151,9
10911,GMPRGVKDLI,TNPAGMKHDG,train,0.49794209003448486,0.17452645301818848,0.04030263423919678,7
10490,PYPVGWTASG,YNPVAWRGPF,validation,0.6849880218505859,0.4133368730545044,0.07082992792129517,7
1952,GQPVQWTSQY,RAPESYMDQH,train,0.031177401542663574,0.17067182064056396,0.2224246859550476,8
8666,WVPRGLTDKY,QRPVGMFVMG,train,0.00540471076965332,0.47101980447769165,0.9629601240158081,8
5999,SKPRGVTTAS,GIPRWTGSGT,train,1.1784809827804565,0.9803726673126221,0.638458788394928,8
246,FTVRAMWGHY,LTVRGMTGQS,train,0.037265658378601074,0.044214844703674316,0.1947927474975586,5
10627,GVPRAVKDKQ,GHPRPLADGV,train,0.567486047744751,0.44914519786834717,0.28154370188713074,6
669,WRPRELADNG,AHPARLYGRF,train,0.9473330974578857,0.8345596790313721,0.5835126638412476,8
6632,LRPVAYWDGY,LPPRKFTASG,validation,0.3056219816207886,0.15777289867401123,0.42929279804229736,8
9734,YEPRNFTAGG,RSPVWMLGRW,train,0.9690931439399719,0.13834774494171143,0.1531984806060791,9
9640,IPPRTLNASG,SPRPRSGLEP,validation,0.958734393119812,0.6192329525947571,0.046853482723236084,9
4950,WKPRGVMTAS,VIPRAVSARY,train,0.11328339576721191,0.25205719470977783,0.22382807731628418,7
1485,VGPRSYMTAS,NRPSAYRANF,train,0.2360060214996338,1.0955946445465088,0.9594454765319824,8
8621,VPPLNWKNKR,SIVGALHNMG,train,1.5665757656097412,1.0768811702728271,1.4043713808059692,9
7116,GPPFPFLDAF,LWPAYWRTAT,train,0.5536768436431885,0.34341633319854736,0.15431636571884155,8
5017,RTPLSQIVNH,NAPTAYTQGF,train,0.49094122648239136,0.3743351101875305,0.6233119964599609,9
3874,AWPRTLIATR,SHPASLGRTA,train,2.0627148151397705,1.0397791862487793,0.9531338810920715,7
1733,MWPRAVWSPR,KRPLPFRDNG,train,0.018166303634643555,0.5923534631729126,0.3272237777709961,9
6111,VTPRWMKGQV,VIPLWVKDSY,train,0.10216987133026123,0.2589986324310303,0.173073410987854,6
6270,YMPRQVFDRW,WSPRKRTVEQ,train,1.8246232271194458,1.792983055114746,1.5276916027069092,8
3785,RAPRSLQVEG,ISPMDYKAMQ,train,0.06406664848327637,0.2130202054977417,0.527324914932251,9
4949,MFPRDIYGVT,HDVLWMAIGQ,train,0.883689820766449,1.0202348232269287,0.8116826415061951,10
7036,DSPRAMRTNW,VKPWGMKNPG,train,0.06679058074951172,0.5376759767532349,0.8630551099777222,8
6675,DAPNAFLGAY,RAPRYWMNGN,train,0.5186470746994019,0.22989356517791748,0.22624462842941284,8
10303,YDPRAYTNGW,CWIYELYTPA,train,0.5547617673873901,0.3392751216888428,0.546213686466217,10
4719,EAPRSLFVTH,IFPRDITASG,validation,0.2254047393798828,0.07122385501861572,0.16607600450515747,8
222,TQPRSWLGLS,SLGRALRGQK,train,1.7837499380111694,1.3792200088500977,1.1790001392364502,8
3371,DTPVGMRDSI,MAPLGWRNTR,train,0.06663703918457031,0.46657299995422363,0.7313079833984375,7
5416,HKPVNLFGSY,VQLNSLFDLR,train,1.0615549087524414,0.6768673658370972,0.488694429397583,8
4034,LKPRGYHDMA,LRPRPVIDQL,validation,0.2512468099594116,0.5009491443634033,0.36430788040161133,6
1355,SQPVPMLDMF,PWPRFLMDHI,train,0.0009186267852783203,0.01732158660888672,0.19726097583770752,8
7002,QRPASWIDTG,SLPRAYTQVQ,validation,0.13552463054656982,0.7065463066101074,0.665519118309021,9
7744,HTPRQMIATF,YGPRAIQSWY,train,0.0425184965133667,0.4105790853500366,0.2750183343887329,8
1138,YTPRAFTASG,KPPLNYRDTG,train,0.020943641662597656,0.5623929500579834,0.5398492813110352,8
1266,VLPRASWDRY,GSPRPFAVPW,train,0.5045037865638733,0.46366989612579346,0.1696828007698059,8
6760,GPPRSYMQPS,CSPYGMRGMR,train,0.09436941146850586,0.15524423122406006,1.1824060678482056,9
7348,LYPRSYRDPQ,MLPRAVTDGK,train,0.08434510231018066,0.02877223491668701,0.12528759241104126,7
1175,FQPEWYRGVR,NMPRYWRGTH,train,1.3105826377868652,0.3254534602165222,0.12757156789302826,7
8931,MEPLSWRTAS,GSPRSLYTAW,train,0.9699215888977051,0.3285861611366272,0.07762807607650757,6
8536,TAPRSWMSMV,IPRVKREYTD,train,1.9014606475830078,1.4881019592285156,1.7000731229782104,10
1516,IVPRAVYATA,QAPRGVLSPF,train,0.34254276752471924,0.08765459060668945,0.40013551712036133,7
9593,WYPGSMWDKL,DHVRAWQGLT,train,1.0456269979476929,0.7197078466415405,0.35696467757225037,10
7432,LAPLNSWSTY,YEPRAYMNFW,train,0.2031726837158203,0.10349488258361816,0.07714319229125977,9
1927,RHPRAFYSMW,AHPRPVRGNG,train,0.5522195100784302,0.043256521224975586,0.1976684033870697,7
10874,GAPRYLVYAG,GSVLGLHSIY,train,0.4877827763557434,0.08756899833679199,0.5182921886444092,8
814,TAPVNMHGEI,IYPRDIKALT,train,0.2549017667770386,0.5411027073860168,0.1581038236618042,9
5699,WYPRAYRTVQ,YGPLGYIQEG,validation,0.16194403171539307,0.6037096977233887,1.5017642974853516,8
8235,CIPTGLTSKQ,KFPAGVTNGW,train,1.0523748397827148,0.6746087074279785,0.7278488874435425,7
4658,YVPTGQHARA,NTPLNWYMIR,train,0.06740027666091919,1.3703136444091797,0.48581886291503906,9
6610,LFPRNVMDEK,HCVRGMHGAK,validation,0.8910865783691406,0.1508030891418457,0.34523624181747437,8
10911,YKPVSMTVGY,RRPVAMTHIA,train,0.33469271659851074,0.2483576536178589,0.4299302101135254,6
10490,GMPRSYINPV,GSPVYWRGIT,validation,1.0323307514190674,0.29161882400512695,0.02247244119644165,8
1952,YPPRSYMNQI,WYSWPAFQHT,train,1.656354546546936,0.965276837348938,0.42718562483787537,10
8666,IYPKGMVDKA,NFPRGMKTDV,train,0.18361783027648926,0.1756812334060669,0.3553091287612915,7
5999,AHPRSVTASG,STVKWMWAIH,train,0.3348463773727417,0.646073043346405,0.498837947845459,9
246,TVPKWMRGKF,VMPRWIGNWI,train,0.6963176131248474,0.45258015394210815,0.4261653423309326,8
10627,IPVRALTDGH,ECPLSLDATA,train,0.878150463104248,0.6863628029823303,0.9711551666259766,9
669,VPPKQLVDRW,YKPRELRVGW,train,0.06643462181091309,0.6565353870391846,0.5676282644271851,7
6632,VNPIGWTASG,LPPRFWTASG,validation,0.01187431812286377,0.18251121044158936,0.22590386867523193,4
9734,MTPRSWIGPG,YGPRSLFNPF,train,0.25899219512939453,0.853298544883728,0.4554091691970825,6
9640,MHPVGLWDEI,WIPVSLFAFH,validation,1.1918458938598633,0.4948882460594177,0.015004992485046387,7
4950,HFPRAFQDHT,SDPKGLTVGF,train,0.1052018404006958,0.49479758739471436,0.4344981908798218,9
1485,TRPRSYLSVG,RPVRGFQAEG,train,0.6955687999725342,0.3458261489868164,0.14991366863250732,8
8621,NIPRPIWDNS,RVPRGLSNSI,train,0.33983540534973145,0.4511949419975281,1.24766206741333,8
7116,ARPLPVMDNK,VQWATISQVG,validation,2.6131834983825684,0.945026159286499,1.5419728755950928,10
5017,VWPRELKGRQ,RIPRPVTQAT,train,1.0321778059005737,0.30892038345336914,0.2636561095714569,8
3874,EYPVAFLDNH,QSWYGMQDKF,train,0.7609008550643921,0.47716522216796875,0.8943756222724915,9
1733,YPPRAFHGGA,PRPTGFRSTG,train,0.10539591312408447,0.25154590606689453,0.3702361583709717,8
6111,GTPVWMTASG,SNPLGMTDKY,train,0.05943453311920166,0.6145621538162231,0.5932532548904419,7
6270,VIPVAMYDKF,SVPSTLRANW,train,0.23977482318878174,0.7188366651535034,0.7232478857040405,9
3785,CAPKGMYGEG,HRPSAFQAGF,train,0.15664851665496826,0.8848928213119507,0.37924134731292725,9
4949,SVPKWIIVEY,PNPLGILYNF,validation,0.05181074142456055,0.7944247126579285,1.291849136352539,8
7036,DKPRSMINGK,SAPKWILNPF,train,0.2847411632537842,0.03149747848510742,0.088123619556427,8
6675,FDPRNYMSGQ,APFLGYTDGR,train,1.2340158224105835,0.5900241136550903,0.13352233171463013,8
10303,GWPRELYTNK,SCPLGVSDHH,train,1.6618335247039795,0.40644973516464233,0.15217414498329163,9
4719,MNVWGIWSPW,SPMSWLWDQY,train,1.1995288133621216,0.4748745560646057,0.0541214682161808,9
222,QTPRSVISLY,THVRKLFGKH,train,1.8940296173095703,1.5276905298233032,1.0728514194488525,9
3371,ARPRDLWGPI,SIPVGLIGPF,train,0.19289743900299072,0.1615477204322815,0.2005850076675415,6
5416,DIPASLWTAK,DSLASLYSRL,train,1.4800211191177368,0.7828661203384399,0.732460081577301,6
4034,YFPRPVMGVS,KVPSWVRNLH,train,0.5942820906639099,0.6011388301849365,0.6492215394973755,8
1355,LTVRNLIDMH,ISARDLVAGQ,train,0.7614277601242065,0.19745123386383057,0.4293143153190613,8
7002,MAPRTLNDVL,MAMKNCAPTY,validation,1.2047545909881592,1.1410328149795532,1.1052019596099854,8
7744,LKPVAYKGIT,VPPRVLANPT,validation,1.31146240234375,0.7691996693611145,0.3917272984981537,8
1138,YSPLSWRTAS,TWPVNLWDLH,train,0.14458465576171875,0.3713564872741699,0.4810085892677307,9
1266,YMPSGYNVPG,MTPRQYHVSR,train,0.501665472984314,0.13026821613311768,0.0742870569229126,7
6760,GIPRPFIDNW,VAPRFLYDIW,train,0.044561028480529785,0.49600279331207275,0.4426894187927246,6
7348,AQPRSWRTTL,YLPRAVKSEH,train,0.3599126935005188,0.26961851119995117,0.15333116054534912,8
1175,DLPRPFWGPF,HNPLGQIYHQ,validation,0.5865809917449951,0.643711507320404,0.24683552980422974,9
8931,MKPVWYWALS,RKPASWTASG,train,0.19289302825927734,0.08776700496673584,0.1558806300163269,7
8536,ERARGMTAGA,LRVLPRSIMC,validation,0.832226037979126,0.6781914234161377,0.2602190673351288,9
1516,PAPRWSTAPY,RTPRSVTASG,train,0.5712650418281555,0.3572293519973755,0.1049703061580658,6
9593,IDPRSYRDYQ,MTPIEWYDIT,validation,0.2085210084915161,0.26711416244506836,0.3639383912086487,8
7432,YWPLSWRNPS,RIPVMLYDWG,train,0.6591191291809082,0.4047654867172241,0.07690495252609253,9
1927,PAPRSFLNES,NAPRYLWAWT,validation,0.032900333404541016,0.37466442584991455,0.08860671520233154,7
10874,KGPRSLYDFW,VLGEPLWVTY,train,0.8946871757507324,0.20937979221343994,1.2956273555755615,9
814,HNPRSYQDAS,LYPRYWTASG,validation,0.4153781533241272,0.03282499313354492,0.03591376543045044,8
5699,WVPRSWQGPA,QVPRAFSNQG,train,0.04069697856903076,0.18271374702453613,0.09176886081695557,7
8235,REPLGVFDGY,QVPLNSWNGQ,train,0.2696244716644287,0.17363083362579346,0.06126964092254639,7
4658,TNPAWYTGRG,WFPRLYHDGH,train,1.8434369564056396,1.174797534942627,0.7716895937919617,8
6610,MQPRTIYTWG,SKPRDIFYTC,validation,1.610044002532959,0.8698446154594421,0.2625102996826172,7
10911,GKPRSLIKPL,FGSPRDPDRV,validation,1.8595685958862305,0.8694034814834595,0.5479177832603455,10
10490,LYPRAYHSES,TQPAWMYTNL,validation,0.040567636489868164,0.35756218433380127,0.02557075023651123,9
1952,TAPVAYIGWH,RAPAWYTGPW,train,0.23844730854034424,0.06067705154418945,0.042032599449157715,6
8666,PTPKGMKTKS,ATGRGLVLKW,train,2.7073585987091064,1.869278907775879,1.8060376644134521,7
5999,NYPRGMVTAS,SGPSGMHSTA,train,0.7051355838775635,0.019771099090576172,1.0261337757110596,7
246,MRPRNIWGVA,SHMRNIATPG,train,1.924330472946167,1.0575896501541138,0.8483034372329712,7
10627,DYPRAYQDSV,HYPRNVMDWF,train,0.45170754194259644,0.2553056478500366,0.2857404947280884,6
669,TIPRQLSDPH,AIPKDQMDAI,train,0.25941580533981323,0.1720571517944336,0.05091160535812378,7
6632,NIPAYWQAPL,GRGWPFSTAS,validation,1.8691692352294922,1.3395164012908936,0.9218188524246216,10
9734,MRPSAFLNTF,GTPTGLQGMA,validation,0.45457154512405396,0.11775541305541992,0.7990820407867432,9
9640,DAPRTLYAHV,PSPRCLFALF,train,0.7840890884399414,0.6488062739372253,0.2821693420410156,6
4950,YVPRAITVPG,RGPRGLTASG,train,0.40033793449401855,0.10108816623687744,1.0575096607208252,6
1485,WAPRSWFGNF,NFPRSWMGEA,validation,0.17017948627471924,0.05515623092651367,0.041344404220581055,5
8621,EMPRQVMDNL,IVPKNQMKPH,train,0.4096897840499878,0.5317952632904053,0.2971982955932617,8
7116,YPPRAFSNAG,SVPRAWSQIH,train,1.0220786333084106,1.1400909423828125,0.4506126940250397,6
5017,IPPVAFQDEY,HPPRSYSTIF,train,0.45512866973876953,0.4981037378311157,0.12882700562477112,8
3874,EVPRAVQAGQ,HFINALSVWI,train,2.5187292098999023,1.7392451763153076,1.2096304893493652,9
1733,YKPRSYINQW,HPVRGFYSMT,validation,0.5161176323890686,0.05720686912536621,0.0742264986038208,9
6111,NPPLGIQDEW,SAPLNVWGNY,validation,0.0983588695526123,0.05401313304901123,0.6437646150588989,8
6270,IGPRDIYTKV,AQVKGFMPSQ,train,1.1538400650024414,0.7631964683532715,0.5683944225311279,10
3785,YWPRELITPH,ESPRMLITLA,validation,0.8685012459754944,0.39030206203460693,0.11348998546600342,5
4949,IKPRNYTDAY,PMTRSYHMKW,train,1.72951078414917,1.232972264289856,1.1087729930877686,8
7036,VPPRVLTGIT,SWPRMLTASG,train,0.32869917154312134,0.5837134122848511,0.3506155014038086,6
6675,GYPRGVTASG,NGPKWIYSAS,train,0.004809379577636719,0.5363128185272217,0.19827431440353394,9
10303,HQPRGFTYPG,GHPRSWTAIA,validation,0.2540305256843567,0.3507744073867798,0.1602279543876648,7
4719,DRPVAYHGAT,DTPRSWTSPL,train,0.1209867000579834,0.4408005475997925,0.05409175157546997,8
222,YDPRSYIGLG,TKPRSWHGYM,validation,0.5594658851623535,0.4200834035873413,0.41553884744644165,6
3371,GSPLPFQVAF,EDPLGIQAWV,train,0.19083130359649658,0.5162168741226196,0.9401156902313232,7
5416,MGPKLLWDML,WPVAGLYDTQ,train,0.2877854108810425,0.0931517481803894,0.4095902442932129,8
4034,LFPRWMINKG,MCPRMMMGMR,train,0.013145923614501953,0.6101812124252319,0.19131994247436523,7
1355,EYPVGLYDES,SKPLFIRDET,train,0.03629708290100098,0.9960693717002869,1.1161776781082153,7
7002,TEPRQYKDGS,YWPRVLTMVT,train,0.01408839225769043,1.5177395343780518,0.9131266474723816,8
7744,VFPRSWIAPG,MHPRAYHSVG,train,0.23860013484954834,0.24766111373901367,0.15953797101974487,7
1138,TYPRAWTDMY,PSPIPYTNSK,train,0.4316604733467102,0.6021149754524231,0.5730968713760376,8
1266,PVPRAWQVGQ,HAPRGSTGPA,train,1.3290404081344604,0.06229996681213379,0.09579062461853027,8
6760,GSPLGVKTAS,DSPRGLFSQT,train,0.42969244718551636,0.4834113121032715,0.6949359774589539,7
7348,PIPRSWGSVK,QSPRMLYTEY,train,0.1530483365058899,0.262259840965271,0.0368829071521759,8
1175,LAPRWYTGTA,YNPRGMHGIQ,validation,0.10148584842681885,0.33947789669036865,0.0019682645797729492,7
8931,RLPRAVQATS,KMPRWIHVNI,train,0.2700042724609375,0.2874854803085327,0.07699567079544067,8
8536,PGPRNVSTGQ,KVPRSVTLMG,train,1.085707426071167,1.444921851158142,1.4280519485473633,7
1516,FTVKWMWAGY,YPPRTVNAPA,train,0.5243304371833801,0.21565330028533936,0.15394389629364014,9
9593,GYPRAFSNWG,LTPRNYRNHG,train,0.40564411878585815,0.3565438985824585,0.3818965554237366,6
7432,FCPNEMRTGK,QWPHPSNAEK,train,1.865767478942871,0.851172149181366,0.5596065521240234,8
1927,YAPRGQVGRW,FDPRSMLNTR,train,0.3995903730392456,0.6884829998016357,0.3197401762008667,8
10874,MGPVWLRYPL,NRPRSLYVWR,train,0.04782307147979736,0.1958678960800171,0.344721257686615,8
814,AVPRGVISET,RVPRGVTASG,train,0.04808533191680908,0.03428006172180176,0.29099714756011963,5
5699,TYPVPFTDNY,WHPVSWQAPK,train,0.15209829807281494,0.0889502763748169,0.2731766700744629,8
8235,MWPKGMRNES,NYPRAWLAPK,validation,0.1393202543258667,0.012004375457763672,0.39034152030944824,9
4658,NVPYGFMETR,LEWLPWFMGL,train,2.082106828689575,0.915799617767334,0.7982721328735352,10
6610,IYPRAVQSAT,NIPRPIWVSL,train,0.035279154777526855,0.4244990944862366,0.07607465982437134,8
10911,TNPFGITVKA,FPLGWSRVNM,train,0.897681713104248,0.9047389030456543,0.8327732086181641,9
10490,YVPRAWTGWA,WLPRQYRGNF,validation,0.4912232756614685,0.20759141445159912,0.28004539012908936,7
1952,HVPRAVMANG,NWPLGFRGPG,train,0.060782432556152344,0.20859313011169434,0.7407066822052002,8
8666,VGPKGMKDTV,QIPRGLFVKS,train,0.06728804111480713,1.0578892230987549,3.5716514587402344,8
5999,VVPVWMKGHG,SNYKGMRAMY,train,0.7277690172195435,1.0591679811477661,0.5473619699478149,9
246,GRPKWLMSNG,TVIRHLTAHG,train,0.9937039017677307,0.4083399176597595,0.7958788871765137,8
10627,LTPLGYTDNS,TAPVAIRAGA,train,0.21079158782958984,0.8164945840835571,0.9900619983673096,9
669,GQPRPFIDWY,MWMPKLWTAG,train,1.9503395557403564,1.9362034797668457,2.320206642150879,10
6632,VGPWAWKTAS,RFPGNRCTWE,train,2.6258883476257324,1.493985891342163,1.0113582611083984,8
9734,GAPRSMTWHR,TSPVSMASAR,train,0.9248674511909485,0.2721589207649231,0.07424583286046982,6
9640,HVPRAWVGQL,KTVYGLWDTG,validation,0.010717391967773438,0.24592089653015137,0.0004496574401855469,10
4950,MAPRSWSTEI,VGPRMLSDIG,train,0.05922126770019531,0.34264814853668213,0.23504948616027832,7
1485,VNPRAFQSPG,LAPRKYTGTG,train,0.2042679786682129,0.08459019660949707,0.19705897569656372,7
8621,YKPRSLVSVW,TQPFPFPRNG,train,1.9883613586425781,0.7817381620407104,0.8865684866905212,9
7116,WVPRAWIDGT,DFPRPFIDQG,validation,0.7535185217857361,0.18864107131958008,0.0654674768447876,6
5017,GVPRKLFVAI,AQPAFLGNSY,train,1.270817756652832,1.1042077541351318,0.7789860963821411,8
3874,CFPRAFTASG,PAPVAYTNTG,validation,0.07315731048583984,0.24038422107696533,0.9195413589477539,6
1733,TQPRSLYSNY,TNPKGSMRTG,train,2.083064317703247,1.1187602281570435,1.5030736923217773,8
6111,MAPRQMANTG,QEPRNVKTHS,validation,0.7889828681945801,0.19885563850402832,0.07722252607345581,8
6270,SAPVALWDKY,RQPVPMYSAG,validation,0.29021990299224854,0.17881011962890625,0.44010698795318604,8
3785,WFPRDYYASY,NSPLPFWDQW,train,0.08814394474029541,0.2788618803024292,0.2778092622756958,9
4949,NAPRFLVDKW,HMPRFLHDAT,train,0.6097384691238403,0.29025059938430786,0.26606541872024536,5
7036,NWPVGMLDSH,RKPRSWIGIY,train,0.5657207369804382,0.20604610443115234,0.07266402244567871,9
6675,SVPRAWTGMY,KQWRAYANSF,train,1.523206353187561,1.5285792350769043,1.672340989112854,8
10303,YGPRAVYTGH,KGPSGVTASG,train,0.4317466616630554,0.4240943193435669,0.9562535881996155,7
4719,ARPRSLMDPA,TKPMSLWSIS,train,0.07022762298583984,0.6062257289886475,0.8487621545791626,7
222,PSPRSWTVPS,SLGYPLTASG,validation,1.7053779363632202,1.449700117111206,1.5412826538085938,9
3371,WTPRGQTASG,DMPRGMHNLH,train,0.013839244842529297,0.4849008321762085,0.3541960120201111,7
5416,TNPKWMFSQL,VSPKHLVGRK,train,0.4755815863609314,0.27043914794921875,0.3816148638725281,8
4034,VWPRQLKTAS,EMPRMLYGQT,train,0.028210043907165527,0.3292105197906494,0.5356519222259521,7
1355,WVPRYLTDIS,CRPKWILDIQ,train,0.4747036099433899,0.09542131423950195,0.2331494688987732,7
7002,FMPRYFTASG,NHWLALRDES,train,0.9583985209465027,0.9223230481147766,0.7430987358093262,10
7744,GTPRAVLASC,GVPRAVAGMH,validation,0.4038705825805664,0.11398255825042725,0.44478273391723633,5
1138,PTPKGMKTEY,TPPRSMLNPK,train,0.3506495952606201,0.05464732646942139,0.1940854787826538,8
1266,NWPYNWRAQA,HTPRGVSNEV,train,1.6787550449371338,0.9022645950317383,0.45456406474113464,9
6760,QGPRSLYTKW,VNPLGIFDIL,train,0.02563953399658203,0.17534661293029785,0.4549604654312134,9
7348,LRPRAIWAGW,FRPRPLSAEW,train,0.6223713159561157,0.21625447273254395,0.24399900436401367,5
1175,VYPRSWTASG,FNPVPFWSQY,train,0.1296621561050415,0.1450585126876831,0.026791810989379883,9
8931,TMPRWLFDSR,ETPRFLQDPR,train,0.6269832253456116,0.30918288230895996,0.02767932415008545,5
8536,GQPRSYMTAS,YRPRSVTNSH,validation,1.7294776439666748,0.9827190637588501,0.4454400837421417,7
1516,SQPRQYTGMA,FAPRGVAGMA,train,0.16348284482955933,0.3834174871444702,0.6126225590705872,5
9593,IYPRASFGPK,GKPAPWRSRG,validation,0.48940497636795044,0.7199273705482483,0.2213149070739746,9
7432,LSPRGFTASG,FWPYNFQGRA,train,0.13636445999145508,0.8140722513198853,0.5647571086883545,8
1927,MRPRGWFNGT,YHPRFLAGWA,train,0.9567781090736389,0.8349268436431885,0.19224166870117188,8
10874,LDLRPLWELV,HFAVAGIALS,train,1.5177067518234253,0.6326028108596802,0.7110782861709595,9
814,MFPKGVHAPR,RVPRAVTASG,validation,0.16036713123321533,0.48263978958129883,0.1830211877822876,7
5699,QRPASWRTPF,DCPKSLYMGI,train,0.9049092531204224,0.7309178709983826,0.10908520221710205,8
8235,AGPQPFITWG,VYPGSWRNHQ,train,1.689378023147583,0.3053100109100342,0.19663944840431213,9
4658,HMVRGLWSIG,YFPLGAQRVH,train,1.3067384958267212,0.7559945583343506,0.869600236415863,9
6610,GIPRDITASG,SGPRAISQTA,train,0.13549619913101196,0.2632231116294861,0.05494469404220581,7
10911,KMPRSMLYGT,TILRSWYRAH,validation,1.9197571277618408,0.946684718132019,0.7026916742324829,8
10490,YVPRGWTGWA,ASPRGVTASG,train,0.2966315746307373,0.08538269996643066,0.3466726541519165,6
1952,TGPRSWYSIS,MLPHSFYTNR,validation,0.08231842517852783,0.16850745677947998,0.12249362468719482,7
8666,RPPRGLDTWG,AGPRSLIYTA,train,0.1502162218093872,0.6808976531028748,0.29131031036376953,7
5999,TVPRWMYSEW,SPPVWYTASG,train,0.4260892868041992,0.04288828372955322,0.08067619800567627,8
246,EAPRSMLNPA,TIPRWMIGGL,train,0.08136510848999023,0.09940087795257568,0.12231171131134033,7
10627,FYPSKLYDRQ,PLAVAIVDGH,train,0.9148961305618286,0.630824089050293,0.8756712675094604,9
669,IPPRTLVVTG,PAPRSLQDSG,train,0.38199496269226074,0.5731403231620789,0.4810214042663574,6
6632,TYPRAMWGQS,VWPKQMRAQF,train,0.297407865524292,0.2890756130218506,0.04728209972381592,7
9734,YIPTGLFSWS,NIPTALLVER,train,0.13578128814697266,0.4548562169075012,0.5584073066711426,6
9640,YPPTGLYSET,WRPKLLTASG,train,0.1161046028137207,0.6185107231140137,0.16669034957885742,8
4950,RGPRSLLVGY,RFPRGLTVQT,train,0.20633065700531006,0.13304609060287476,0.6504861116409302,5
1485,AFPRGAMAQS,LIPAWYWNPT,train,0.5428345203399658,0.44540834426879883,0.5720365047454834,9
8621,HFPKQLRDPG,DVPSTLSQMG,train,2.096548318862915,1.2274789810180664,0.9530858397483826,7
7116,QVPREVKDQY,CNPRAFNDTF,train,0.297720730304718,0.2188575267791748,0.06325274705886841,7
5017,IHPIAMFGEA,AIPASVMGQW,train,0.329730749130249,0.066658616065979,0.06149649620056152,8
3874,HRPESWRTVG,MNGMWLCQSK,train,1.8149728775024414,1.5436182022094727,1.222787857055664,10
1733,WRPVGYINPI,KMPLGSYHPY,train,0.4882158637046814,0.0231245756149292,0.06805509328842163,7
6111,KGPRSLYATH,HFPRWLSNPT,train,0.7279930710792542,0.11951148509979248,0.19730818271636963,7
6270,NHPKQLWSEG,KFPKSLMDPG,train,0.35723936557769775,0.4270656704902649,0.7437779307365417,6
3785,CVPSWLRTVH,KVFELLWVQY,validation,1.808624029159546,1.3110744953155518,1.1123661994934082,8
4949,HVPRGVHDKF,GSGWALYSLH,train,0.6502964496612549,1.0103754997253418,1.946663737297058,10
7036,KMPRGVKTPI,KWPRGVRNGA,train,0.6998710632324219,0.39913666248321533,0.49505677819252014,5
6675,LQPRSWMNSQ,MPPRFMKGTR,train,0.018048644065856934,0.176949143409729,0.5244144201278687,8
10303,GWPRELWTAS,PWPSELMYPV,validation,0.3724517822265625,1.052821397781372,1.6800566911697388,6
4719,GAPKGMAMWH,WHPRSLKNGK,train,0.1917552947998047,0.13888508081436157,0.1375190019607544,9
222,WAPRGMVGVW,AMPVGMTGQL,train,0.06480741500854492,0.23430538177490234,0.551067590713501,6
3371,GRPRPLYAET,GRPAWLQSPH,train,0.324593186378479,0.01807713508605957,0.028527379035949707,6
5416,SVPRAYFDQA,RPPVNLIDKF,train,0.1781100034713745,0.727515459060669,0.5709848403930664,8
4034,FMPRNYSGQY,LYVRAHQGNF,train,1.5842195749282837,1.0580995082855225,0.8634207248687744,8
1355,WFPRDILDPG,DCPKWMAGGW,validation,0.8474688529968262,0.161163330078125,0.4009222388267517,9
7002,NDPYGMTVGH,GNPYKYKDHL,train,0.8599842190742493,0.5082088112831116,0.8782939910888672,8
7744,HVPRGSWDGA,QSPRGQIDQL,train,0.23974663019180298,0.7260171175003052,0.459730863571167,6
1138,AMPRSLYVNY,SPALWMKGHY,train,1.4401506185531616,0.16084527969360352,0.41334614157676697,9
1266,WAPRSWVSWQ,AWPREVRTEY,train,0.1919422149658203,0.027992606163024902,0.1959100365638733,8
6760,RFPLNWMTAL,CSPRMLFQHT,train,1.2752046585083008,0.5583066344261169,0.5448037981987,9
7348,YAPRDIMDGV,EYPRAYFDIR,train,0.06188464164733887,0.0967477560043335,0.001667320728302002,7
1175,TDPKGMQGWR,TIPWSYWGML,validation,0.5081546306610107,0.2862980365753174,0.11306256055831909,7
8931,FVPKWLMSNG,TWPRSLFYSS,train,1.2962498664855957,0.45590463280677795,0.11465752124786377,8
8536,IYPRNYTGMA,MAPAYWKLFI,train,1.4303609132766724,1.5171780586242676,1.2000951766967773,9
1516,MAPRSYMAPY,WRPVAYTAGG,train,0.08804106712341309,0.0780102014541626,0.1915721893310547,7
9593,NVPRQVRDIG,WHPKGVTASG,train,0.035761475563049316,0.12366175651550293,0.4663931727409363,7
7432,TWPKMLYDVK,YNPLPQSNWG,validation,0.5312427282333374,0.12330687046051025,0.4319930672645569,9
1927,WGPRAVMQWG,LCFPTDAYTK,validation,1.9711971282958984,1.1867350339889526,0.7120416164398193,10
10874,GVARALYDPQ,GEARALKGLW,train,0.3838229179382324,0.26180118322372437,0.7434526681900024,5
814,LGPRSYIGTA,MVPRGVLGNY,train,0.04963886737823486,0.17521095275878906,0.22961485385894775,7
5699,CQPYGFQSTK,HYPQSWKYIG,train,1.2993413209915161,1.1227666139602661,0.49770447611808777,9
8235,QHPRQMLNPW,WGPVPLYNSQ,validation,0.02176034450531006,0.6250662803649902,0.30522894859313965,8
4658,LNPRQYTASG,YSPLSWQGTG,train,0.9382013082504272,0.31201446056365967,0.25312983989715576,8
6610,HYPVGMWNTI,KFVRGLSNQW,validation,1.3324735164642334,1.2479511499404907,1.0715878009796143,8
10911,PGPVAFISGG,VKPVPMTDGI,train,0.0850362777709961,0.18349170684814453,0.2853102684020996,7
10490,EIPVMMWGVG,VQRQPRSGRG,train,1.9287917613983154,1.1313693523406982,1.5435805320739746,8
1952,YVPRAWTASG,YMPLGQSTNF,validation,0.31474769115448,0.20190083980560303,0.11533033847808838,8
8666,GHPVAMQSWY,KAPVSMLYLG,train,0.18647629022598267,0.753126323223114,1.100813865661621,7
5999,LVPRGQHTNS,AGVRGVYANH,train,1.7092839479446411,1.003594160079956,0.33512139320373535,7
246,AVPRWVMANV,ERPKWIMDNA,validation,0.42753493785858154,0.2861814498901367,0.022819578647613525,6
10627,EKPLPWRSPS,HLVAWVKDVW,train,1.477205514907837,0.5175045728683472,0.685327410697937,10
669,VNPRELKDQY,GPRLASERGE,validation,2.23812198638916,1.4360498189926147,1.0819776058197021,10
6632,CAPRGYFAEY,NYPSPFWAPR,validation,0.13159596920013428,0.51036536693573,0.48125720024108887,8
9734,YLPRAVWSEK,SYPKNLFYPW,validation,0.4468119740486145,0.7781466841697693,0.07564470171928406,9
9640,HQPLSWTASG,RQPRLVMDGV,train,1.393894076347351,0.311592161655426,0.27471357583999634,8
4950,TYPRGLSDEF,GPVRALSVHG,train,0.7918682098388672,0.8042038679122925,1.0025160312652588,7
1485,PVPRAWHSPS,SVPRAVKGPQ,train,0.18414807319641113,0.1387108564376831,0.1267082691192627,5
8621,IAPKWILAPL,QWPYNLYTGL,train,0.14443469047546387,0.9639869928359985,1.459525227546692,8
7116,HQPRSWTASG,PSPRFVQDAI,train,1.1325427293777466,0.723429799079895,0.22473451495170593,8
5017,GVPRQLVYAY,DTFAPIDHSY,train,2.383864402770996,1.181868076324463,0.4862562119960785,9
3874,WQPREYMDLY,MKPSPWTDPL,train,0.24696528911590576,0.49022698402404785,0.3585110902786255,8
1733,KQPRSWTASG,AHPRPYIRMW,train,0.750770092010498,0.6940132975578308,0.5341978669166565,8
6111,VGPRSMKDVI,EFPRMLNGPA,train,0.8469609618186951,0.5285605788230896,0.156957745552063,8
6270,RPPVAYIDPW,YKPTGLKDRL,train,0.07957518100738525,0.6557356119155884,0.45562487840652466,8
3785,FLPRAHTASG,LMPGQFTVRY,train,0.04452109336853027,0.2413368821144104,0.401719331741333,8
4949,IGPRPVWDTK,YRPRNLSDKG,train,0.14721310138702393,0.9457745552062988,1.0243781805038452,7
7036,TAVRGYTSWV,SHVRAMLNHK,train,0.8769999742507935,1.0758883953094482,0.46827417612075806,8
6675,YSPRWMVGQK,WFPGWMHGLT,train,0.39628052711486816,0.09516704082489014,0.052029430866241455,6
10303,TYPRNFTAWM,GTPRAHFVAH,train,1.1496540307998657,0.039685606956481934,0.17689025402069092,8
4719,HYPRALIDEK,PGPRVLSVTA,train,0.3233073949813843,0.38118821382522583,0.3538994789123535,7
222,QNPRMLWSKT,YTPRNHSVRV,train,1.265640377998352,0.3584001064300537,0.36005061864852905,8
3371,PNPKGMRDNL,VGPAPLWGKV,train,0.0714033842086792,0.8587292432785034,1.1292579174041748,9
5416,TAPKLLVDIY,SLPVAILARQ,train,0.16748881340026855,0.7618806958198547,1.6981602907180786,9
4034,QNPRSMYGSF,FSQLAMRNEH,train,1.5670838356018066,1.0680882930755615,0.4164600074291229,9
1355,VLPRWISANR,CKPVWLRNAT,validation,0.480638325214386,0.27809154987335205,0.5045084357261658,8
7002,FNPIMLYDET,LEFPAFTASG,train,1.4998977184295654,0.8948050141334534,1.2135217189788818,10
7744,SVPRAVRAEG,AQVFWYWDQQ,train,0.8018050789833069,0.0699770450592041,0.3984737992286682,10
1138,KHPRSMIDMK,EHPRSWTNPA,validation,0.7801774740219116,0.16102582216262817,0.03597992658615112,6
1266,WAPRAWIGHS,QWPSQVRANK,train,0.26358652114868164,0.6013709306716919,0.8802709579467773,9
6760,FAPRSLATEA,INPTGLHGTA,validation,0.5015249848365784,0.09055101871490479,0.3264170289039612,7
7348,HWPRSWTASG,AVARAWFDRG,train,0.4167013168334961,0.20274817943572998,0.12612950801849365,7
1175,WGPSGQWSRY,MHPSPFRGLW,train,0.22598421573638916,0.5848866701126099,0.35764002799987793,8
8931,LEPRFMKDTG,LMPHHLYDIQ,train,0.1832190752029419,0.7527616620063782,0.9094594717025757,7
8536,FYPRTMVGTG,APIYWMRPGV,train,0.5762277841567993,0.662850558757782,0.3024965524673462,9
1516,PHPRGSYAMF,EGPSGVTASG,train,0.4369325041770935,0.12184178829193115,0.3769029676914215,7
9593,YTPRASYAQI,LFARWMTGPY,train,0.14468681812286377,0.20809388160705566,0.22893619537353516,9
7432,LIPASWRAEG,QVPRNYRGNW,validation,0.26783132553100586,0.2562108039855957,0.08909797668457031,8
1927,QPPRSWYGWY,VAPRYWSTAH,train,0.3481120467185974,0.48758697509765625,0.0499534010887146,7
10874,LQPKWMIGQL,RLPVAITVGQ,train,0.34135866165161133,0.5912392735481262,0.324047327041626,9
814,KNPRGVRANF,RYPVSMKGPS,validation,0.2691761255264282,0.1621396541595459,0.025848209857940674,9
5699,HLPVAYINQW,LSPRFILYAF,train,1.259951114654541,0.6056427359580994,0.31543540954589844,9
8235,NQPVPMWYPR,GFPAQWRNQH,train,1.717513918876648,0.49472522735595703,0.14695823192596436,9
4658,WTPRSYTGKI,NPAYHWMAIY,validation,0.8563034534454346,0.4684358835220337,0.1060655415058136,10
6610,LVPRQLSDLT,GSPRTLQDVR,validation,1.0026127099990845,0.3587503433227539,0.04977148771286011,6
10911,SRPANMSTGA,NRPVQMKNQF,train,0.7268977165222168,0.39825883507728577,0.5424790978431702,7
10490,VPPRVYWDGQ,ATPRAWSGTV,train,0.036293089389801025,0.1730184555053711,0.8428064584732056,8
1952,YIPRPFWGQG,TWPREIHATK,train,0.08836138248443604,0.5572409629821777,0.2045532464981079,8
8666,TAPRNLHDRA,GPPRSLKSTA,train,0.22568875551223755,0.23361986875534058,0.5414087176322937,6
5999,GNPRGMKGMF,VKGVAPSAPV,train,1.764794111251831,0.7948949337005615,0.2644445598125458,10
246,TVPRWMKGQK,KSPRWIKGMF,train,0.5963249802589417,0.3843487501144409,0.037205278873443604,5
10627,YQPRYLTVAG,RQPLTITASG,train,0.0069533586502075195,0.3496316075325012,1.2032172679901123,6
669,KSPLGQIVGL,RPPVELAVWY,train,0.5438939929008484,0.6279842257499695,1.568778157234192,8
6632,YGPSDLWTGQ,QKPYNKAHPT,train,1.6165820360183716,0.7203929424285889,0.15507778525352478,9
9734,TMPKWIHSPG,DSPRMLIGNL,train,0.060901761054992676,0.31039297580718994,0.16974419355392456,9
9640,MVPRQLSDPY,CTPRQLFTWF,train,1.0443538427352905,0.17867791652679443,0.016065359115600586,6
4950,GIPRAVKVHQ,RVPIPGMYFR,train,0.8321856260299683,1.3627769947052002,2.524341583251953,9
1485,TGPRSYTASG,LDPRAYTASG,train,0.2611978054046631,0.4105781316757202,0.19218146800994873,3
8621,WHPVSLRAPW,SPFLGWQGSI,train,1.84202241897583,0.6633522510528564,0.6411769390106201,10
7116,KSPRPYIDNG,CQPRSWTLKG,train,0.88546222448349,1.2275580167770386,1.2612251043319702,7
5017,EIPRSWVANK,MSWSALFTMF,train,1.092583417892456,0.7618204355239868,0.5417113900184631,10
3874,RTPVNYRDPL,QWPSELIYPF,train,0.1550426483154297,0.7048323154449463,1.1338249444961548,8
1733,MAPRSMWYHR,LYPRAYIRMK,train,0.054926156997680664,0.28935885429382324,0.727528989315033,8
6111,VGPRDISAPS,RTPGWMIAKF,train,0.1553109884262085,0.3581634759902954,0.23105597496032715,8
6270,GRPRSLIVPW,RVPKLLHDQL,train,1.0519667863845825,0.327289342880249,0.23300117254257202,8
3785,TWPRELMDPI,DTPRNVSVGW,train,1.110985517501831,0.05367600917816162,0.0029196739196777344,8
4949,NIPRPLWDEL,FEFVWGAWFA,train,1.8377329111099243,1.2258386611938477,1.3281742334365845,10
7036,YGPRSMKTMK,SEVRAMRNPF,train,0.6207025051116943,0.19844037294387817,0.00018936395645141602,8
6675,VFPRDLWGSF,KHPRNYTNEF,train,0.6736208200454712,0.48174387216567993,0.6676831245422363,7
10303,FAPRSSYDGS,YSPLSWRDEH,train,0.24748188257217407,0.2528820037841797,0.6255667805671692,7
4719,PAPVWLQDNG,RTPIELWSNT,validation,0.20195293426513672,0.3071022033691406,0.603484034538269,7
222,YSPRQMINTI,QSPRMLKGES,validation,0.6352919340133667,0.5075673460960388,0.08100220561027527,7
3371,MVPKHMYDIA,TPVGWMIANL,validation,0.0210801362991333,0.49476611614227295,0.13614404201507568,9
5416,TCPRMLIGMT,MYPWSVKTNG,validation,0.023344695568084717,0.17463475465774536,0.07727450132369995,9
4034,WKPRSFRGAS,FHARYLFGKS,train,1.2420413494110107,0.9736765623092651,0.2588140368461609,7
1355,TRPKWLIDHA,ICYLPLKDPL,validation,1.0893323421478271,0.8879693746566772,0.2546542286872864,8
7002,IAPLAVKDGK,MEVTPWTINH,validation,1.9879904985427856,1.1046830415725708,0.9396078586578369,10
7744,MLPRSWSARG,RPPRYLWTLQ,validation,0.34395021200180054,0.49085819721221924,0.1727910041809082,8
1138,GTPRSYSVPR,LAPRYWKSKR,validation,0.6927947998046875,0.5075500011444092,0.485818088054657,7
1266,LAPVYWRSGQ,SHPRAFKDNR,train,0.3935936689376831,0.34404635429382324,0.09984010457992554,9
6760,MRPRSWTNLQ,LSPRMLYDWA,train,0.13740652799606323,0.038300275802612305,0.2699849605560303,8
7348,MYPRSWQTAF,QPPRSWTNPH,validation,0.4469417929649353,0.19246792793273926,0.23293423652648926,6
1175,GFPQGWTSMW,STPRYWTGPT,validation,0.7721511125564575,0.21603167057037354,0.003701329231262207,7
8931,MVPVPMWGEA,GQPRNYMANW,train,0.4531213045120239,0.6594311594963074,0.2132793664932251,9
8536,EVPREVMTSY,DIPRYWTAEK,train,0.531621515750885,0.36561059951782227,0.16589701175689697,8
1516,GTPRGQWATA,GYPRGVSASG,train,0.2889217138290405,0.0959014892578125,0.28664958477020264,5
9593,HTPRSYKGMR,MRWLPFAVKY,train,1.0671542882919312,0.8454048037528992,0.2480897605419159,10
7432,VTPLGQIDMT,MWPPRTISPY,train,1.0617362260818481,0.6495361328125,0.2803003787994385,8
1927,DAPRFLIAPA,VWPRAIYQIW,train,0.34864652156829834,0.13482093811035156,0.4561192989349365,8
10874,VQPRFLQVGY,KQLASLYSPL,validation,0.4496636986732483,0.02252250909805298,0.08886665105819702,8
814,SGPKGLHDTA,TQPRGVAATG,train,0.8717931509017944,0.2040567398071289,0.4215877652168274,7
5699,MDPKGMHNRG,WRPRSWRGNF,validation,0.24507814645767212,0.3662416934967041,0.09369683265686035,9
8235,DTPLGWRNTQ,MWPKWMHGVK,train,0.30346328020095825,0.16116154193878174,0.012582778930664062,9
4658,VTPTGMFSGA,CSPLSYWAPS,train,0.4827636480331421,0.8287980556488037,0.20647847652435303,9
6610,HRPRSWMGQI,AIWRALQDSG,train,0.6772670745849609,0.6446210145950317,0.520464301109314,9
10911,TIPKGMVNTW,GRPRGMHVIW,train,0.396980881690979,0.16518104076385498,0.23845940828323364,6
10490,YQPRGVHGGL,QPRPRRSAGR,train,1.547721028327942,1.317537784576416,0.6953307390213013,9
1952,LQPKGWTNGF,RFPRPVMNGA,train,0.8325563669204712,0.38373005390167236,0.11489611864089966,7
8666,QVPRGVVTAS,QVPRGVTASG,train,0.12412822246551514,0.11086225509643555,0.5325866937637329,4
5999,VAPRGVWDTV,NVPRGVTASG,train,0.04657316207885742,0.18976855278015137,1.200645923614502,6
246,EMPRWITSEK,SNPLGIHQNG,train,0.09771692752838135,0.23599743843078613,0.29716312885284424,8
10627,LVPRDLTDPF,KQPYPLWGAK,train,0.15495598316192627,0.7227567434310913,0.8286418914794922,8
669,DQPRTLVVQH,GRVYGLWDWG,validation,0.002190113067626953,0.15559041500091553,0.05412191152572632,9
6632,SYPLAWYTAV,MVPSKWALEK,validation,1.7413445711135864,1.4625253677368164,1.546761393547058,8
9734,LWPSGMRHNW,PSPRNLMSAW,validation,0.4387221336364746,0.7394969463348389,0.5546889305114746,8
9640,MRVLPLWSTF,CVPKLLSGKH,train,1.359544038772583,0.05910128355026245,0.14100541174411774,9
4950,MKPRTLVVIT,YNPRMLVVGY,validation,0.1143871545791626,0.2654610276222229,0.02081286907196045,5
1485,MQPRAVFGTW,GIPRGVFAMA,train,0.2704654932022095,0.04893815517425537,0.12712788581848145,6
8621,YTPLGQITAS,IPPKNQMSHF,train,0.8430922627449036,0.36914098262786865,0.3373925983905792,8
7116,GYPRSYTVKR,PAPRYWQNTQ,train,0.4947466254234314,0.28376245498657227,0.7354352474212646,8
5017,EPPLAYANMK,THPRQVSLVF,validation,1.8067235946655273,0.909482479095459,1.2376395463943481,9
3874,HYPLSFVDKS,QSPLSYRDSG,validation,0.08463025093078613,0.11720222234725952,0.5613797903060913,6
1733,WRPRSLVNAL,SPHGSLYKTG,train,2.436626672744751,1.2772901058197021,1.6323740482330322,8
6111,SAVRAMTASG,HMPKFMKGPG,train,0.03853350877761841,0.15717893838882446,0.21692073345184326,8
6270,ATPKQLSGPQ,QKVLFLHGPI,train,0.39541465044021606,0.8049464225769043,0.6207204461097717,7
3785,HAPLGQVTVQ,FHPRPFLVWS,validation,0.3221752643585205,0.2874314785003662,0.7530744075775146,9
4949,GYPYGMVYWT,LPAQMILVGH,validation,1.1167439222335815,1.2083117961883545,1.6239732503890991,10
7036,ERPRSMYDPY,QWPRGMKNES,train,0.06986033916473389,0.047807931900024414,0.18365943431854248,7
6675,PVPRYWTASG,PIPKWVQSHF,train,0.5262793302536011,0.3466702699661255,0.06198853254318237,8
10303,RAPVAFYDWG,MVPINQYTVA,train,0.2972046136856079,0.6235489845275879,0.2824971675872803,8
4719,FTPRSWRVTG,QVPVFMWDWG,validation,0.40618133544921875,0.2549360990524292,0.018295705318450928,8
222,WTPRGQIGLA,WGPKYLWSVA,train,0.13653278350830078,0.6934627294540405,0.06367015838623047,7
3371,NPPRWIHDRS,ARPAWLGTNQ,train,0.025512099266052246,0.5175046920776367,0.525530219078064,8
5416,WIPRPVMDQT,QLPRSWKSSG,train,0.6257137656211853,0.5144743919372559,0.6568313837051392,8
4034,KFPRAFLNPW,MFPRFILGNG,validation,0.5924056172370911,0.2834721803665161,0.07885175943374634,6
1355,HWPRGMYDQH,KLPRYLYDET,validation,0.737269401550293,0.7051510214805603,0.05098968744277954,6
7002,TFPRQYIDFQ,YWVRAYIDVG,train,0.17494893074035645,0.20875942707061768,0.5152412056922913,6
7744,KTPRGYTGIW,YPAGHLFAGR,train,1.3704262971878052,1.1560574769973755,0.8747316598892212,10
1138,YCPRAILVVM,PVPNPIYPRL,train,0.2839481234550476,0.673343300819397,0.7114604115486145,8
1266,TMPRWVYAGY,TPVGWMQSNA,train,0.26913315057754517,0.7596636414527893,0.6196915507316589,8
6760,TAPKWIINSR,SVPRALKGWF,train,0.08694016933441162,0.7060950398445129,0.2957463264465332,9
7348,KSPRGYTVNA,AFPRAYIGIY,train,0.016582489013671875,0.30817997455596924,0.9344282746315002,7
1175,FDPQSWRTNG,TKPAYWQGEG,train,0.6970622539520264,0.24544870853424072,0.2372892200946808,7
8931,EYPLSWTAIS,ADVSWLQSLT,train,0.7398146986961365,0.40257155895233154,0.28277450799942017,10
8536,NAPRSVLDVR,KIPSWSYAGT,train,0.4436867833137512,0.4429560899734497,0.4350031912326813,9
1516,FSPRQLRDQG,SIPRTLYGTS,train,0.6387491226196289,0.16299223899841309,0.42159155011177063,7
9593,VSPRQLWDYI,TWPRSWTSVK,train,0.2581556439399719,0.1546725034713745,0.1933881640434265,8
7432,MSPWSYRTAY,QGPRAIKSHY,train,0.10907506942749023,0.07831573486328125,0.32311975955963135,8
1927,VLPRSWKTAL,GIPRGVAGSG,train,0.9223449230194092,0.04792749881744385,0.3463929295539856,8
10874,WAPTNLRTWY,WAPAHMRYVK,validation,0.4148169755935669,0.08823049068450928,0.12115782499313354,6
814,VGPKGMKGPT,FLPRNVANAA,train,1.0445376634597778,0.8687256574630737,1.1760997772216797,9
5699,GYPRAYLNLK,HFPESLYGMT,validation,0.5454618334770203,0.380621075630188,0.8999232053756714,9
8235,LVPKNFYNWY,CAPQSWRTRH,train,0.04757857322692871,0.09701240062713623,0.1026049256324768,9
4658,GKPASWRSPF,YPWRAYHGNH,train,1.7393736839294434,0.6761475801467896,0.4237872064113617,10
6610,LNPRSWTASG,DHPVWMFDGQ,train,0.5260584950447083,0.06744599342346191,0.03418844938278198,9
10911,RFPRAVVTVA,VNPVAVQVPR,train,0.3236008882522583,0.36734843254089355,0.06009581685066223,7
10490,VHPRSMLGPG,FQPAFLWGNQ,train,0.04623854160308838,1.009934902191162,0.9411768913269043,8
1952,PQPRSWMYPS,GSPLPFTASG,train,0.12173128128051758,0.6496924161911011,1.3534069061279297,9
8666,LGPRTLVDMA,AAPRGSKTAS,train,1.0579798221588135,0.14026129245758057,0.22381561994552612,8
5999,YMPRSARDPR,TVWRAYTGTA,train,0.9779980182647705,0.5016269683837891,1.1446658372879028,9
246,KTPRWMKAMH,VAWAHITGPK,train,1.1509803533554077,0.6994900703430176,0.3361507058143616,10
10627,LRPVAYRDGT,GSPMDYRDGI,train,0.9302980899810791,0.6249113082885742,0.82262122631073,5
669,VPPRQMADHR,CVPLGVTDEY,train,0.29155993461608887,0.3356966972351074,0.4907569885253906,8
6632,TAVKAMYAGK,QWPAYWRTAS,validation,0.6184971928596497,0.20886564254760742,0.33738064765930176,10
9734,CTPVALYDPG,NSPVWLYQPT,train,0.6226294040679932,0.49433839321136475,0.676051139831543,5
9640,HVPRQVKAGH,RSPVQLTGRW,train,0.33575063943862915,0.7370017170906067,0.2932303547859192,8
4950,RFPRQLTVSK,GPVLPKDSEV,train,1.6860291957855225,0.86728835105896,0.7883914113044739,10
1485,YFPRTLYAAT,KFPRSNHARI,train,1.2378976345062256,0.7767331004142761,0.8097041845321655,6
8621,NKPSGWRTAS,SDPYTLYKFV,train,1.7213236093521118,1.747908592224121,0.8297579884529114,9
7116,MPYYGMRDSY,YRPAYWRNQY,train,1.065942406654358,0.6974285840988159,1.0201635360717773,8
5017,GTPLAVKTSW,HFTPSWRSRS,train,2.160311222076416,0.8875725269317627,0.5053472518920898,10
3874,WFPRAVLDTV,WGPEPLADPK,train,0.34764498472213745,0.8048758506774902,0.5994458794593811,7
1733,AMPRSYINRF,RYPRAFTRKG,train,1.2670884132385254,0.5811019539833069,0.3544694483280182,8
6111,KMPRAVISHV,YNPMWMHAPK,train,0.015192270278930664,0.35259902477264404,0.9921875,9
6270,RAPNAFLDRG,IDPLAIFDGV,train,0.056780099868774414,0.6836377382278442,1.5519133806228638,7
3785,NVPRAWTASG,PAPSWIYVMT,train,0.13015961647033691,0.5701034069061279,0.814347505569458,9
4949,EYPRAYKVNS,GYVLNLIVGA,validation,0.24358510971069336,0.8259952068328857,0.8398255109786987,8
7036,KGPRGMKTNA,LWPRGMKTQF,train,0.15356099605560303,0.03408241271972656,0.07270336151123047,4
6675,TMVRAWTSPY,TFPRYWATNY,train,1.1069438457489014,0.5378169417381287,0.2521086037158966,6
10303,YDPRAYRGGW,GLPREYMWGP,train,0.6396496891975403,0.13649487495422363,0.3824160695075989,6
4719,LGPRSLYDLS,GHPRSMRVNV,train,0.010636091232299805,0.36849987506866455,0.5119248032569885,7
222,MWPRSYIGKH,RSPRQMIVTG,train,0.0028455257415771484,0.0739976167678833,0.17417138814926147,7
3371,YDPRGMHDGF,WDPRDLWGPI,train,0.17442142963409424,0.6623075008392334,0.6175278425216675,7
5416,INPRNILTGF,LSPVPLSNGV,train,0.8652586936950684,0.1471043825149536,0.09569931030273438,8
4034,AWPRSWRDNR,PSPRDISDAG,validation,0.8096607327461243,0.3799443244934082,0.35012561082839966,7
1355,WPVRAIWDLV,IVPRYLIDGR,train,0.18971288204193115,0.13737547397613525,0.018586158752441406,8
7002,HWPRQMTASG,WPYFSMWDGV,train,1.216324806213379,0.30417871475219727,0.014522045850753784,9
7744,TVPRAVYSWT,GIPRGVISTV,validation,0.701036810874939,0.08422434329986572,0.19370520114898682,6
1138,KNPRAVTASG,GAPRSWLYIL,train,0.8855934143066406,0.8446560502052307,0.5819940567016602,8
1266,YKPRAYWDSG,VGPRSYHGQW,train,0.41857028007507324,0.018552303314208984,0.4150758385658264,7
6760,STPYGLHDQY,GDPLGITGHL,train,0.12975072860717773,0.21046578884124756,0.27745378017425537,8
7348,TMPRAWASKR,NPRTGRFVAG,train,1.8099942207336426,0.9216926693916321,0.9644818902015686,10
1175,HVPRSWYAQA,SRPLYWRTGS,train,0.41395753622055054,0.5011626482009888,0.06786960363388062,8
8931,TMPRWITGTQ,DIPLHLWSVA,train,0.10985434055328369,0.6436447501182556,0.6853582859039307,9
8536,EAPRWYFGTK,YTVRGLSDAV,train,0.4178163409233093,0.4123309850692749,0.017382293939590454,9
1516,WAPRKLYVGV,EWPRGTASGT,validation,1.9373637437820435,0.6691021919250488,0.43681877851486206,7
9593,LPPRSWTDGS,YNPRAFHDLS,train,0.4399358034133911,0.41902589797973633,0.225946307182312,6
7432,GVPRAFYDNH,LGPRSWRTGA,train,0.03907966613769531,0.08067929744720459,0.36830949783325195,8
1927,DVPRAWHSPY,STPRNFTGWL,validation,0.11366695165634155,0.47077035903930664,0.07724350690841675,8
10874,MGPVMLRAEV,INPYNMRVWA,train,0.2976536750793457,0.29510045051574707,1.2171388864517212,8
814,WKPRTLIAPS,GMYPRSAKEA,validation,1.828346610069275,0.534784197807312,0.6554848551750183,10
5699,GHPLSWRTNI,AMPKHIFQSF,train,0.9810914993286133,0.8212891817092896,0.5851738452911377,9
8235,EVPKGWQTAQ,NFPLSWRSHY,train,0.5075722336769104,0.5115034580230713,0.3175968527793884,8
4658,IYPKNFYGPG,YTPYQYFGKA,validation,0.520358145236969,0.2696805000305176,0.9439082741737366,8
6610,YNPRAWIGEV,FKPRSWIGSV,train,0.13818633556365967,0.12095093727111816,0.5069047808647156,4
10911,VPPQGVQVGF,WNPVGMRYTG,train,0.6305257081985474,0.49518024921417236,0.06891557574272156,8
10490,MEPRGQYDYW,GIPRPVMDHA,train,0.19611334800720215,0.07300734519958496,0.0539013147354126,7
1952,QPPRSYHNNY,AFPHSWLTPW,train,0.36447423696517944,0.355999231338501,0.023235797882080078,8
8666,GKPKGMKTAS,GPAGQMAVQW,validation,1.6733781099319458,1.096527099609375,0.5902095437049866,8
5999,GNPVGMVDSQ,GAPRYFRASA,validation,0.21910667419433594,0.06901800632476807,0.7780255079269409,7
246,HYPRWMKSVQ,RKPRWLMSIF,train,0.4887983202934265,0.4840432405471802,0.3061898946762085,6
10627,QRPVDLIDST,YFPLMRDAPV,train,1.2130277156829834,0.75948166847229,0.6177113056182861,9
669,LAPGEFRDAG,GAPWASHTAS,train,0.2702220678329468,0.253445029258728,0.12651216983795166,7
6632,YRPAQWTASG,KMPSDFWYWV,validation,1.306770920753479,1.02296781539917,0.82955402135849,9
9734,WGPRSLYDLY,FSPLSWQVLR,train,0.7940160036087036,0.30703794956207275,0.20693492889404297,7
9640,NGPTGLITAS,TGPSGLDVRA,train,0.7928410768508911,0.598169207572937,0.22479194402694702,6
4950,VQPTGLTVGY,AQVRALYSPS,train,0.5821741819381714,0.269311785697937,0.01094907522201538,8
1485,FYPRSYKGNR,VYGRALFAMG,train,0.7500710487365723,0.5369035005569458,0.5022863149642944,8
8621,QYPVPMWNHR,FDPKSLIQPH,train,0.6564463376998901,0.6868033409118652,0.23171702027320862,9
7116,GGPHPFSAER,VPPRSWVLEA,train,0.5919967293739319,0.5720788836479187,0.12099957466125488,8
5017,PYPRAFSNIS,YQPFSYVAPL,train,0.3623620271682739,0.15452373027801514,1.1813006401062012,9
3874,KCPRTLMAPS,PACRVRPFTW,validation,1.296391487121582,0.6132129430770874,0.67396080493927,9
1733,YPPRAFHGHA,KMPRSIFSTY,train,0.19358789920806885,1.0173816680908203,0.23784440755844116,8
6111,LDPRWMKDGV,GSRFPFRFMN,train,1.458484172821045,1.1493655443191528,0.2931111752986908,10
6270,TVPRAVKDWQ,VAPRSLTDWS,train,0.02134716510772705,0.4234198331832886,0.41816264390945435,6
3785,SAPLNWRTIG,LFPASTKSTK,validation,1.760652780532837,0.9250327348709106,0.5151472091674805,9
4949,FHPREVRDLL,ESVFWMRDIY,train,0.05292022228240967,0.0988168716430664,0.409945547580719,8
7036,HNPRGMKTGY,QFPRGMKETS,train,0.31128787994384766,0.25797128677368164,0.06257569789886475,5
6675,QSPRSWTDAY,SAPRYWTGET,validation,0.2525612711906433,0.1169518232345581,0.4046105742454529,6
10303,EPPRSYLNTI,YAVAGLYDRY,validation,0.2278173565864563,0.4623979926109314,0.23633110523223877,10
4719,NEPRSMIAPF,SGVWNYIDTA,train,0.36344385147094727,0.15614527463912964,0.21536648273468018,9
222,NPPVWMINGQ,WYPRSWTGIG,train,0.6501256227493286,0.10558915138244629,0.12954652309417725,9
3371,DMPRAHYGPG,AIPRYWRTDK,train,0.44732850790023804,0.6979016065597534,0.3762463927268982,8
5416,EQPRNVKSLR,DTVYGLYSKS,train,0.11174070835113525,0.06494081020355225,0.4360783100128174,9
4034,GSPRAYRDGH,PERGRSYFYP,validation,1.2556825876235962,0.6158304810523987,0.25123119354248047,10
1355,HVPRYLVDGI,KSPRPILDSL,train,0.6314134001731873,0.2977406978607178,0.018680214881896973,7
7002,WAPLGVSDWT,MLWTPLWAHS,train,0.7453206181526184,0.5889267921447754,0.5650635361671448,10
7744,QWPRELVGWS,GLYHGLTASG,train,2.1405014991760254,1.198546290397644,0.8899264335632324,9
1138,IYPRSWRARQ,APVRGMYKTF,train,1.3778821229934692,1.257674217224121,1.1491122245788574,9
1266,GIPRPFTASG,YHPISYRNMR,validation,0.6719970107078552,0.49099647998809814,0.09127640724182129,9
6760,HQPRSLYAPI,PFPRALAGTW,train,0.10385191440582275,0.0451582670211792,0.1697908639907837,7
7348,QFPRAFRGEG,EHPRAFIGRL,validation,0.37372303009033203,0.526984453201294,0.019388437271118164,5
1175,VGPSYWTAGG,ATPRSHRNHQ,train,1.3738127946853638,1.2195096015930176,0.6326745748519897,9
8931,GQPVFLWTAS,FHYLNLQVPI,train,0.6715806722640991,0.5126638412475586,0.2634741961956024,9
8536,QTPRWMIDVS,RNPEWMRGMG,train,0.5897243618965149,0.26467984914779663,0.7328254580497742,7
1516,RAPLGVKDPK,RMPSGVTASG,validation,0.5825563073158264,0.02458512783050537,1.1727485656738281,6
9593,FYPRNVWGFT,SRVPSWYSGY,train,1.3427640199661255,0.8830597400665283,0.03238028287887573,10
7432,SMPRAYFDGF,YSPRPYWTNQ,train,0.7133076190948486,0.07198643684387207,0.06591278314590454,7
1927,FRPRSWTSPR,VRPRSWLNTG,train,0.1438736915588379,0.03393995761871338,0.019542574882507324,5
10874,VRPRSLWYGY,EDVRALYDFL,train,0.5094297528266907,0.18548882007598877,0.2620666027069092,8
814,KPPRNVTASG,FTPRDVTVAL,train,0.66925448179245,0.28893470764160156,0.28803420066833496,6
5699,YTPLGYHNPA,YEMWQPYANV,train,0.9056457281112671,0.9809482097625732,0.4412487745285034,9
8235,WVPRGLWYET,NWPSGMYVSA,train,0.04279124736785889,0.012134313583374023,0.09489893913269043,8
4658,KAPLHWYGAQ,MPYGFWYGTH,train,1.4993058443069458,0.6715118885040283,0.2580847144126892,7
6610,VTPKWMTNSG,KAPRSLVSIQ,train,0.07405579090118408,0.8508844375610352,0.9274305701255798,9
10911,YRPVAMKGVA,LPRSARVMSF,train,1.8142650127410889,1.059910774230957,0.8692906498908997,9
10490,SVPKGQYTVR,MSPRQVMSIG,train,0.13836669921875,0.32068169116973877,0.25992000102996826,9
1952,APPEAFYTWV,YQPEPMFNPW,train,0.04434502124786377,0.6469049453735352,0.06661784648895264,8
8666,FVPRGWTNTA,TLVRGLISQV,validation,0.5005874037742615,0.6955893039703369,0.952664852142334,8
5999,IVPRGVIVAH,GVRWASRHGI,train,2.302607536315918,1.8084979057312012,1.2933290004730225,9
246,LRPRFLTGNV,EHVNWMKGNG,train,1.6212785243988037,0.39087414741516113,0.438400000333786,8
10627,HGPIPIRDLY,EPVYNLKGGQ,validation,0.4283304214477539,0.703702449798584,0.5635775327682495,10
669,VPPKQLWAEH,AKPHGMWGES,train,0.12333464622497559,0.3716561794281006,0.7226530313491821,7
6632,SKPKWMRSQY,LRPAYWQGQY,train,0.46004682779312134,0.06789255142211914,0.053533077239990234,7
9734,CDPLGIRSEL,HQAYGMTVAK,train,0.060616493225097656,0.3343315124511719,0.29478538036346436,9
9640,TYPKQLVTHI,VKPRKLVDQI,validation,0.04902088642120361,0.1381089687347412,0.41088324785232544,6
4950,IGPRSLYTHW,RVLGDLSDQS,train,1.727209210395813,1.1717807054519653,1.6927505731582642,9
1485,LQPRSYWQSW,SWKPVYLGLQ,train,1.2762477397918701,1.1585922241210938,1.0513063669204712,9
8621,RTPKGMWNHK,CVPKLLKGQW,train,0.520854651927948,0.47985953092575073,0.16275522112846375,8
7116,AFPRAYTGEQ,GIPRAVDVWG,train,1.4502642154693604,0.5262318849563599,0.1685308814048767,7
5017,YRPLSWRTVA,RPARAMQSPR,train,0.47778022289276123,0.16451287269592285,0.5022101402282715,10
3874,HVPRPFHTAS,YEPMASNRNS,train,1.920832633972168,1.656806230545044,1.3831062316894531,8
1733,GWPRSYRASF,RWPRNYTASG,train,0.35777467489242554,0.14217615127563477,0.20820164680480957,4
6111,YWPRSMKTWI,NGPVWMWNGW,train,0.5596345067024231,0.008517742156982422,0.2675263583660126,8
6270,RMPLGVSDTA,FAVLDLKDPT,validation,0.03537797927856445,0.8825505971908569,1.2780793905258179,8
3785,EHPRQMSTGR,DKPARMYDVR,train,0.2144244909286499,0.2122817039489746,0.07856905460357666,7
4949,EKVLGMHSEV,FSARAMYSNF,train,0.06567716598510742,0.26928746700286865,0.432148277759552,8
7036,MRPVWMKSNG,RWPRGMKTPH,train,0.4033622741699219,0.015098333358764648,0.3297135829925537,7
6675,SKPKGYTAIG,GMPREIWNWF,train,0.09209537506103516,0.23246562480926514,0.2884572744369507,9
10303,IMPRFYTASG,GAYGSMWTAT,train,1.7337146997451782,1.1195372343063354,0.888206958770752,10
4719,DPPRWMVAGF,TVPRAWIGTI,train,0.1231851577758789,0.22112393379211426,0.5637229681015015,8
222,KAPASWVAPG,QYPWAFAGWS,train,0.12351071834564209,0.2779836654663086,0.41198253631591797,9
3371,DFPVGMTASG,VVPRYWMDKL,train,0.8201896548271179,0.46906578540802,0.22205379605293274,9
5416,HFPVGLSGPK,PTPRSLFDMG,train,0.03365790843963623,0.07144927978515625,0.14301353693008423,8
4034,SWPRMLYTAS,WGWPRAFSEK,train,1.093247652053833,0.3121875524520874,0.46170058846473694,10
1355,TPVRWLIDEW,CFPRFLIDEG,train,0.6780010461807251,0.11698603630065918,0.13190004229545593,5
7002,YWPRTLVSTV,TPVECMHGVF,train,1.641918420791626,0.5805095434188843,0.2548980116844177,10
7744,VGPVSYTASG,NAIRAMWGTH,validation,0.6412277221679688,0.38391590118408203,0.18961447477340698,10
1138,MNPRSLFDEI,YSPLSWQSDL,validation,0.3423730134963989,0.048398733139038086,0.19490063190460205,8
1266,MRPRQWTAVL,VQPRVLAGEG,train,1.0367027521133423,0.6649738550186157,0.5221255421638489,8
6760,HWPRGMYDGA,QMPRMLFGNG,validation,0.12160909175872803,0.987962007522583,0.9560208320617676,8
7348,RNPRSVLAMR,KMPHPSWAKI,validation,0.8601671457290649,0.5135828256607056,0.07873648405075073,8
1175,VYPHAFTAHG,SGVLALWGTA,validation,0.07469522953033447,0.4277854561805725,0.20809829235076904,9
8931,MYPRWLVTMI,VNPLFIWYSW,train,1.5094660520553589,1.0019418001174927,0.7358561158180237,9
8536,PRPRPVMDTA,WQPSWVIGVF,train,0.6280664205551147,0.5481810569763184,0.776472806930542,8
1516,WSPRQLYANI,GYGPRAVGMT,train,1.654333233833313,0.7260173559188843,0.4566872715950012,10
9593,LMPRGVYVEF,VIPRPVMVWN,train,0.09612655639648438,0.3895939588546753,0.07386517524719238,6
7432,WKPSNYWGPK,YGPSLYMDQS,train,0.826758623123169,0.18680459260940552,0.6041909456253052,7
1927,WLPRAVMDPW,MGPRNYMGQY,train,0.26082324981689453,0.3809187412261963,0.812364935874939,7
10874,LQPKWMKSPK,GTPRYLKTAS,train,0.48292821645736694,0.26420319080352783,0.04923582077026367,8
814,MFPRQVTASG,GSPRKFISYA,train,0.35210639238357544,0.27225446701049805,0.04469531774520874,8
5699,EHPLSWRTMW,SFPLKWINKQ,train,0.7041686773300171,0.41979652643203735,0.295475572347641,7
8235,LGPYPLANPY,WDPRSLIQGW,train,0.4181080460548401,0.03992992639541626,0.059876322746276855,8
4658,YTPRAYSASQ,EKPWFYMDPW,train,0.7329801321029663,0.35315239429473877,0.5567655563354492,8
6610,VWPRAFKGAF,VFPQGMKNLI,train,0.039882779121398926,0.8277616500854492,0.8238775730133057,7
10911,NPPRSQMVIS,GWPRSMKSEL,train,0.13730847835540771,0.10895746946334839,0.1860806941986084,7
10490,YEPRSYVGIK,TGPKWIFSWK,validation,0.2024226188659668,0.18672561645507812,0.09782630205154419,8
1952,AQPHAWRTLW,WDPRSWQNFQ,train,0.9680941700935364,0.5677293539047241,0.6543763875961304,8
8666,TWPRELRTAS,NGPRQLVGRI,train,0.16335523128509521,0.13314342498779297,1.171022653579712,7
5999,GSPRGMHDIQ,SAVKGMYSPG,train,0.5019559264183044,0.21388375759124756,0.341933012008667,8
246,YGPRAILDIS,WEPRNVTASG,train,0.3287571668624878,0.181174635887146,0.029764175415039062,8
10627,DVPKNYFDET,LIVAWLKDGT,train,0.14035069942474365,0.9713009595870972,1.4911484718322754,8
669,AVPRPVTASW,RPPLTLYDAK,validation,0.48380470275878906,0.49567675590515137,0.4364769458770752,9
6632,NVPVWMHDGK,QYPRQYSAWY,train,0.23656624555587769,0.20823729038238525,0.017473578453063965,9
9734,TFPRSMLNVW,MSPRWLKTFR,train,0.21539747714996338,0.21829986572265625,0.05700451135635376,8
9640,GTPSKLWDIR,TGPKSLTNHI,train,0.3362281322479248,0.020451664924621582,0.049752116203308105,8
4950,VFPRQLRVAH,SGIAGMHSEL,train,1.9630930423736572,0.5571181178092957,0.24956995248794556,10
1485,VPPRPVYGNW,WTPSGQFGPL,train,0.2286463975906372,0.2000654935836792,0.35896170139312744,8
8621,YVPVPLYGIW,RCPYKLSTKR,train,1.7817747592926025,0.7003657817840576,0.5365798473358154,8
7116,HGPRSYIGPG,RPPASWTNPF,train,0.8488841652870178,0.8881677389144897,0.2277953028678894,7
5017,FNPHGFYAWL,AEPLPSQNLA,train,1.1451126337051392,0.9951454401016235,0.5135687589645386,9
3874,NPPSDYRDLQ,EHPGLVWNGR,validation,2.174936532974243,1.6975500583648682,1.4460086822509766,9
1733,GAPRYWRTAS,MSPRMWFGMQ,train,0.8384662866592407,0.6082321405410767,0.29140859842300415,7
6111,WKPRWMKTPQ,MAPRFLADSG,train,0.4923245310783386,0.2590411901473999,0.05109912157058716,8
6270,DNPRSMTVIW,FCPFRLSDSY,train,1.0359516143798828,0.6191829442977905,0.3833708167076111,9
3785,QPPASWTASW,WMPRNYSDTH,validation,0.3954641819000244,0.07300055027008057,0.07183605432510376,9
4949,AIPRPVMSGG,WVPRSLYGTF,train,0.04800081253051758,0.529096245765686,0.18367379903793335,8
7036,QMPRSWQDAH,NWPRSWRTNI,train,0.21720635890960693,0.3142411708831787,0.4398719072341919,6
6675,NGPIPIQVES,WAPRFWMSRL,train,0.2772689461708069,0.18084245920181274,0.24956819415092468,9
10303,PTPTGFSDGR,DSVLAWFDPY,validation,0.752570629119873,0.9025723934173584,0.7237560749053955,9
4719,AIPKWMFDNF,NYPRDVKGRG,train,1.0844955444335938,0.4789924621582031,0.3757573962211609,9
222,SVPRAVYATG,PYPRAIFDML,train,0.002616405487060547,0.755937397480011,0.15922307968139648,7
3371,LAPRYNMAGT,CQPAGMKPLF,validation,0.09614479541778564,0.29431724548339844,0.39554840326309204,9
5416,VGPTGLWDPH,GTPLGITNSV,train,0.03796887397766113,0.8697941899299622,1.2237517833709717,8
4034,FCPRMMLGKG,AHPRSYKMGG,validation,0.5757087469100952,0.3609514832496643,0.32523006200790405,7
1355,RMPVMLRDGY,WDPRSLYLTG,train,1.207066535949707,0.41784289479255676,0.3998294472694397,8
7002,TWPKEYTGMY,KIPAIYTASG,train,0.7258288860321045,0.9480435848236084,0.41142648458480835,7
7744,CAPRSVRGPW,TGPKWIVAYL,train,0.2208646535873413,0.3713628053665161,0.3909738063812256,9
1138,SAPRWMQSKT,SYPRAIHASG,train,0.17347586154937744,0.3454970121383667,0.26030433177948,7
1266,HKPQSWRTQS,AFPHQVTASG,validation,0.860714316368103,0.2825610637664795,0.41333261132240295,9
6760,YMPRSYRNLW,MFPRAFQSRK,train,0.055028676986694336,0.15052437782287598,1.1324350833892822,8
7348,LPRQYRAVPQ,TKARSMLGPT,train,0.31651443243026733,0.4374428987503052,0.11135333776473999,9
1175,PQPAGWYSNH,MGPWGVYTHI,train,0.1378629207611084,0.3555856943130493,0.3310650587081909,7
8931,MGPVSMLGHA,YPVLGMHNPY,validation,0.7269395589828491,0.34064602851867676,0.07150250673294067,9
8536,QGPVFMTDNQ,MWGRALYGAP,train,0.9175114631652832,0.38397216796875,0.23784831166267395,10
1516,TVPRAVYAER,RMPRAFTASG,validation,0.32499027252197266,0.5621917247772217,0.4229433536529541,6
9593,PRPRSWTASG,PRPRNYTGWS,train,0.047607421875,0.4209679365158081,0.3276633620262146,5
7432,VRPRSWKDVQ,RCPRSYTASG,train,0.3247995972633362,0.22051513195037842,0.015761256217956543,7
1927,EGPRSYKGPW,SQPRNVIGHS,train,0.46473270654678345,0.05281400680541992,0.14256525039672852,7
10874,KWPVGLTVAS,LQVRALISGS,train,0.11872577667236328,0.12871551513671875,0.10464906692504883,8
814,MRPLRGVTAS,PKGPAPKGPP,train,1.5685852766036987,0.5867791175842285,0.7487090229988098,10
5699,FAPKSLQNGY,WGYAWMANGH,train,2.4092276096343994,1.089097499847412,0.8048210144042969,8
8235,MKPVSWRTEG,GPYNHLANAR,train,1.4010931253433228,0.8535857200622559,0.8006153106689453,10
4658,LVPRAFLSWS,PWPAYWQYIR,train,1.9405356645584106,1.022655725479126,0.8088262677192688,9
6610,FNPRNVMDIG,GFARSMYNLS,train,0.7540556192398071,0.9262199401855469,0.3542812168598175,9
10911,SPPRTLIVNV,RTPVGLESQW,train,0.015142679214477539,0.33435118198394775,0.22247517108917236,8
10490,YAPRSWRGPK,VYPRGSNVQW,train,1.5958155393600464,1.1811234951019287,1.5395255088806152,8
1952,GKPLPWVTAS,SVPSAYWNMA,train,0.7002369165420532,0.15440624952316284,0.3008253574371338,9
8666,LPPRAVATNL,SALAPWWAPG,validation,1.137639045715332,0.83441162109375,0.04895496368408203,10
5999,VWPRAFHAPA,RVPRAVRASG,validation,0.1345919370651245,0.6802760362625122,0.7392103672027588,6
246,SVPRWMRTLF,GFPRWIFGWS,validation,0.8988668918609619,0.23856914043426514,0.13234972953796387,7
10627,TAPKFLQDWV,RYPVPLTASG,train,0.09856021404266357,0.6225190162658691,0.9808892607688904,8
669,VFPKQLQGPV,KWPSDLTVTA,validation,0.9108292460441589,0.804391622543335,0.7435821294784546,8
6632,YGPRAVKGNA,TWPSELQSER,train,0.1816350221633911,0.7998002171516418,0.6388231515884399,9
9734,DYPRAYITIR,SAPRMLYGER,train,0.14447498321533203,0.273464560508728,0.7385572195053101,7
9640,TVPKLLYAWG,RKPSRIHAIS,train,0.7616162300109863,0.3175334930419922,0.5176002979278564,8
4950,TVPRSLHVTK,FSPRMLSTAH,train,0.4589998126029968,0.11910128593444824,0.18218636512756348,7
1485,FYPRASYSPI,WRPRSYVGMG,train,0.15248620510101318,0.08324635028839111,0.06734597682952881,8
8621,WTPVALKGPI,HEPLFLWGPF,validation,0.5353732109069824,0.15309405326843262,0.26079368591308594,6
7116,MYPRAFLDAS,PWPRAYLDPG,train,0.1529405117034912,0.2706557512283325,0.20443308353424072,5
5017,VGPRSWIGQI,RTVRAWTATR,train,1.010599970817566,0.7806769013404846,0.2989545166492462,8
3874,WRPASWRDEG,TCPIPRGYPA,train,1.4271494150161743,1.012150526046753,0.7170114517211914,9
1733,YGPTAFWARG,LRPYGFWYRN,validation,0.5315291881561279,0.41655123233795166,0.2926098108291626,6
6111,HGPRYLMDQS,ETPRSMKTPY,train,0.026574015617370605,0.015679121017456055,0.16199296712875366,8
6270,RGPLAVSDSR,LQPRQLASHI,train,0.1142042875289917,0.02455449104309082,0.041954994201660156,9
3785,YAPRQLSSEW,YSPMDYVLRG,train,0.9386829137802124,0.9982487559318542,1.471189022064209,8
4949,MKPRAYKDTY,KTPRDLVDEG,train,1.024672031402588,0.36543959379196167,0.314159095287323,7
7036,ASPRAMQNVG,HQWRALTNPS,train,0.7889420986175537,1.0311952829360962,1.1255090236663818,7
6675,YGPRSFYTNG,EGPRSWTASG,train,0.2336130142211914,0.20098876953125,0.08224129676818848,5
10303,RWPRELITAS,PKPIPTASGF,train,1.1563012599945068,0.36085188388824463,0.03538532555103302,9
4719,ATPRSYISPH,GSVLAWRGQL,train,0.307834267616272,0.3164937496185303,0.07163313031196594,10
222,YAPASWTGER,ITPRGQVLGK,train,0.7691776752471924,0.6472853422164917,0.37117987871170044,9
3371,IMPRSWIGPH,TCPYGMKGNH,train,0.052019357681274414,0.3084145784378052,0.5668277144432068,7
5416,LAPRYLLDRW,KVPKWLRAGS,train,0.007555127143859863,0.42858338356018066,1.1028046607971191,8
4034,VQPAWVRTPG,FCPRMLTDHY,validation,0.9134858846664429,0.5733401775360107,0.04536372423171997,9
1355,YMPRSILDKG,LTPRYWIMET,validation,0.8900338411331177,0.41370630264282227,0.42798104882240295,8
7002,MPPRAYSDSS,MWPYAFWDPI,validation,0.3246443271636963,0.21422171592712402,0.9716907739639282,6
7744,TVPRAPYSWV,ITPRSVHYHL,train,1.8210954666137695,1.1952216625213623,0.5446088314056396,8
1138,CAPRSLNTSW,FARAKRSVAR,train,1.9127366542816162,1.4445526599884033,2.205456495285034,9
1266,LPPSPWISRT,VPWRAWFGQG,train,0.9310533404350281,0.3969201445579529,0.38561683893203735,8
6760,QRPRDIVGEG,SAPRSLYSKG,train,0.4321066737174988,0.4587939381599426,0.2652510404586792,7
7348,QTPRNYVNGK,QGPKGVKGSY,train,0.7417705059051514,0.13602948188781738,0.18612706661224365,8
1175,TIPRPFYGEW,CQPFGYKDPI,train,0.09030294418334961,0.3547022342681885,0.1729964017868042,9
8931,FAPVHLRDYF,NIPRWLSTRS,train,0.010520458221435547,0.11451423168182373,0.42404067516326904,8
8536,DWPRWMQDAG,AFGRAMKGTY,train,1.7546814680099487,1.678102970123291,1.3844115734100342,8
1516,CKVMWMRGPY,TIPTAHAGPF,train,1.1546648740768433,0.4618614912033081,0.20957401394844055,8
9593,VTPRGQYGIW,GWPREVMSPF,train,0.0034148693084716797,0.09829533100128174,0.01611119508743286,8
7432,GRPYPFYDGT,GDPYGMKTAS,train,0.23198604583740234,0.50966477394104,0.1725327968597412,7
1927,PVPRYWRDPQ,LRPRYWIASY,train,0.5006659626960754,0.3095993995666504,0.14069008827209473,6
10874,IAPRFLMDQL,PNPRGLKTAS,train,0.0742185115814209,0.13705813884735107,1.415587067604065,7
814,MAVRAMHSIF,TWPAILHANK,train,0.5893703103065491,0.620542049407959,0.3855622410774231,9
5699,YFPRAFQDNW,WMPRSYYGLW,train,0.15287375450134277,0.10265994071960449,0.5991731882095337,7
8235,YAPYPLWNWI,ELPIPIVGPH,validation,0.8714616894721985,0.28692811727523804,0.7193731665611267,8
4658,MRPAQWYTGG,LRWVPFWNPG,train,1.604712963104248,1.282142162322998,0.7500330805778503,8
6610,EPVYGLYDSL,ENPTGMWNEL,train,0.6581343412399292,0.32642674446105957,0.2470633089542389,7
10911,AIPRSVTVVR,HAPRGSQDYT,train,1.4663325548171997,0.8951419591903687,0.10799191892147064,8
10490,MVPKGVKNLY,VHPRMLQGIS,train,0.19189214706420898,0.3939934968948364,0.3957411050796509,9
1952,INPWGYRVQW,VHPAWMWNAV,validation,1.1320677995681763,0.17005014419555664,0.27957674860954285,9
8666,CPPRSLTVPG,SAPARVIVLR,train,0.16275840997695923,0.29888999462127686,0.6222273707389832,8
5999,GLVRGMTASG,APRVTLMAPG,validation,1.1922539472579956,1.2362785339355469,1.1949734687805176,8
246,TVPRWMKGRL,LMPRWITNWV,train,0.00563967227935791,0.25090789794921875,0.4552146792411804,7
10627,HTPKGLYDTS,EHVYNLVSGQ,train,0.15955042839050293,0.8950249552726746,0.9585559368133545,9
669,FMPRPVWDPY,HPPRQLSTGF,train,0.0039293766021728516,0.35114264488220215,1.0548732280731201,8
6632,VPPREWRATA,KRPLKFTASG,validation,0.16245925426483154,1.1175973415374756,0.4418752193450928,8
9734,LVPRAWYAHA,YGPTGLHSIY,train,0.01845383644104004,0.3400067090988159,0.8824107050895691,9
9640,PAVYGMHDTF,VNPKQLFGVL,train,0.26414477825164795,0.39857375621795654,0.39589595794677734,10
4950,QRPRQLYTAS,TVPRGLIKGF,train,0.21016931533813477,0.5115196704864502,1.3391371965408325,7
1485,TAPRSYIGHA,HIPSGFQGTG,validation,0.426883339881897,0.0781714916229248,0.4315187931060791,8
8621,HRPRSLYDNW,DKPKSLAGWH,train,0.6638632416725159,0.2509159445762634,0.2797262966632843,7
7116,GYPRSFTDTQ,LSPRMYGDRW,train,1.1326019763946533,0.7923275232315063,0.220947265625,7
5017,HDPQSWRTAS,FPVRMLHAWL,train,0.5373340845108032,0.7171652317047119,0.37519875168800354,10
3874,YCPLAVRTGV,RPRDRRSDER,validation,2.580735206604004,0.9561185836791992,0.9961432218551636,10
1733,FQPRGMWDEG,WGVRAYFGNG,validation,1.5658185482025146,0.27715444564819336,0.6097296476364136,8
6111,EAPRSMIDAL,QMPRSMANWH,train,0.2649509906768799,0.05137169361114502,0.07431095838546753,6
6270,HYPRAFTDKI,QAPKQIVLGF,train,0.33652448654174805,0.66886305809021,0.8613900542259216,9
3785,NWPRSMLSWV,GSPRPLYWTY,train,0.9253859519958496,0.45493239164352417,0.7656396627426147,8
4949,GYPRAFLSGA,HNPRNYTMWY,train,0.8590339422225952,0.9208879470825195,0.3205435872077942,8
7036,FTPRGMKTTF,SYPRGMKTQA,train,0.5409244298934937,0.04063606262207031,0.025130271911621094,4
6675,TAPRYWRTGR,RQPRYWMGPF,validation,0.39612138271331787,0.06714510917663574,0.016727864742279053,6
10303,QVPVPFYNWT,KAPRLYLDRF,train,0.593870997428894,0.41167664527893066,0.2195833921432495,9
4719,GAPRYMKTPW,YDPVAMWATW,train,0.09808075428009033,0.027133703231811523,0.12687146663665771,7
222,QKPAGVYTGL,TTGVPLTSLG,train,1.8941096067428589,1.1118862628936768,0.30840837955474854,10
3371,DYPRGMYDMI,YDPRGMWGFH,train,0.6880171298980713,0.05606234073638916,0.029237687587738037,6
5416,TRPRDLRDIK,RYPRPILGNK,train,0.24055904150009155,0.23692560195922852,1.580845832824707,7
4034,AFPRPVMSNW,DPVYNWMAWV,validation,0.5166579484939575,0.25144731998443604,0.14541780948638916,9
1355,NRPLSWRDGT,FMPRYLMDEF,train,0.12163782119750977,0.21087348461151123,0.2296832799911499,8
7002,QAPAYWRSQL,NLPTASQDHG,train,2.291834831237793,1.354884386062622,0.8370352983474731,9
7744,VTPLGQYQSA,MSPRKFTGTF,train,0.7993873357772827,0.06099140644073486,0.05970299243927002,9
1138,GWPRAVTASG,PQPRNVTASG,train,0.10966897010803223,0.44525349140167236,0.18214952945709229,3
1266,VDPRSWRDPQ,WAPRSWSDEV,train,0.1870606541633606,0.16057991981506348,0.16233491897583008,5
6760,HLPRAIYDAY,NTPLGIFYPK,train,0.014566779136657715,0.5182222723960876,1.213266372680664,8
7348,VLPKGMKTAS,GAPRSMFVRS,train,0.3643608093261719,0.3217465877532959,0.40969789028167725,7
1175,LNPRAFTGNW,LYPRAFYSRS,validation,0.03949320316314697,0.16601967811584473,0.25621283054351807,5
8931,VEPRNIWYEV,SFRLPFYLWL,train,1.584451675415039,0.844170331954956,1.2376900911331177,10
8536,YMPRYMKDTI,QVYWGIFVMG,validation,1.6018226146697998,0.9450278878211975,0.5060651302337646,10
1516,KGPRSYIDNF,IYPRAFHAQV,train,0.023244380950927734,0.08831286430358887,0.14449399709701538,8
9593,KYPRGVRTNI,TSWRAYIGST,train,1.1246623992919922,0.6194325685501099,0.07658598572015762,9
7432,LTPVGWRTTM,CKPRMYISGY,validation,0.48897242546081543,0.3215891122817993,0.14058709144592285,9
1927,SVPRASYGPI,TPVWGIWGHS,validation,0.4933580160140991,0.9007679224014282,0.653606653213501,9
10874,MGLWGIYDIT,KMPRFLWVGI,train,0.10857701301574707,0.32871001958847046,0.2500917315483093,10
814,PTPRSYIDSI,TGPRKLTASG,train,0.2840557098388672,0.488491415977478,0.2242811918258667,7
5699,WKPAWLSGMW,SGPFPQYLPW,train,0.6376478672027588,0.3089708685874939,0.46270135045051575,8
8235,TWPRNLYTVQ,RIPVHIYKPR,train,1.6063916683197021,0.5248823165893555,0.43328624963760376,8
4658,LMPRYWRDLV,QLWYGMWSQL,validation,0.5336344838142395,0.34558355808258057,0.04115116596221924,10
6610,MYPKWMYQPY,MQPRWITNQL,train,0.13500165939331055,0.2133413553237915,0.3048543930053711,7
10911,GAPVGMKTAS,RPPRSMVAPV,train,0.5374153852462769,0.5002790689468384,0.622433066368103,8
10490,MYPRNVRGVW,MWVMSYWGVK,train,0.36663973331451416,0.18792521953582764,0.31912118196487427,7
1952,WQPSGFWTMS,RYPRAWMGAG,train,0.555077314376831,0.37317395210266113,0.07364588975906372,9
8666,SAPRSLIVNH,SNPRGMSMNI,train,0.6855625510215759,0.4717029333114624,0.42712265253067017,6
5999,SVPRQVRDTY,VPWRGFTASG,train,0.30153656005859375,0.31860458850860596,0.6242096424102783,9
246,LVPRYLVGWS,GFPQWIKGMQ,train,0.3780554533004761,0.22981637716293335,1.2420214414596558,8
10627,CWPRELITGA,RWPLNLSDKG,validation,0.1994936466217041,1.0073153972625732,2.395890951156616,7
669,WLPRTLVVGH,CFPLRIVDPF,train,0.8111974000930786,0.3816096782684326,1.0796029567718506,8
6632,KIPSGWTASG,FWARFAWGAY,train,1.4536550045013428,1.1541736125946045,0.4406436085700989,10
9734,MWPRGMKNMW,TSPYGLYSMK,train,0.07843554019927979,0.5647486448287964,0.6971503496170044,7
9640,TGPRQLSDVA,RKPLPWSDMY,train,0.3510296940803528,0.3394390344619751,0.29153621196746826,7
4950,PIPRSLSVQS,GQVRFLRDGI,validation,0.3947705030441284,0.1141279935836792,0.662746787071228,8
1485,GEPVWMTSPG,MHPRSYIGKA,train,0.16363835334777832,0.12927186489105225,0.36055827140808105,9
8621,GMPKSLYTLK,VWPSKLSQWK,train,1.73190438747406,0.994502067565918,1.2413233518600464,7
7116,FYPRAWQDLI,ARERPAGPEG,train,2.6115314960479736,1.683907389640808,1.2356128692626953,9
5017,IVPVWMWDIF,WHPVSLVTQG,train,0.23333323001861572,0.5809668898582458,0.2205917239189148,8
3874,PRPASFKDQT,CIPRPVMRVI,train,1.2587016820907593,0.7745638489723206,0.20156285166740417,9
1733,FTPRAFSVRA,NQPRAMIAVR,train,0.10625624656677246,0.4648369550704956,1.1727793216705322,7
6111,NQPRWISDGF,TLPHSYTDNA,train,0.3253946304321289,0.3288816213607788,0.12432476878166199,8
6270,KMPRQILDEV,AQVRELTASG,train,0.0882948637008667,0.3832308053970337,1.0082433223724365,9
3785,PAPKSMRTWW,GEPKPQMYTS,train,0.11662697792053223,0.43818235397338867,0.9432551860809326,8
4949,KMPSTLYDIF,TSPKWITLWG,train,0.9595118165016174,0.33135396242141724,0.28420865535736084,9
7036,TMPKGMVNIW,HGPRNIFVTR,train,0.2528499364852905,0.3421361446380615,0.29573559761047363,9
6675,YGPRAIKGWH,TLTRWWLGVG,validation,2.3452036380767822,0.963174045085907,0.836945116519928,8
10303,KWPRELRSTG,VPRNRRIFPG,train,2.2381629943847656,0.7310656309127808,0.7292547225952148,9
4719,SGVLGMHTAS,IAPRWHIVWT,validation,0.7104120254516602,0.3790280818939209,0.1805742084980011,10
222,TVPRAWLGTH,VKPRGVHGID,validation,0.4218571186065674,0.04990077018737793,0.3502703905105591,7
3371,LPPRPYIGGA,IDPVHMRGWG,train,1.6578059196472168,0.9081183671951294,0.07342131435871124,8
5416,PYPRAFLDVR,QRPLNLSDLQ,validation,0.3730943202972412,1.497559666633606,2.036482334136963,8
4034,QGPKGMKDPY,WQPRWYTNEL,train,0.6382456421852112,0.30073392391204834,0.5008541345596313,9
1355,WLPVAYWDPK,TPVRAMLDWS,train,0.12668752670288086,0.32488834857940674,0.2554324269294739,8
7002,TMPRQVIVPW,FCVRAFHAIW,validation,1.1948997974395752,0.8069057464599609,0.4154866337776184,8
7744,EAPRSMYTGI,FIPRAVKSNR,validation,0.01629936695098877,0.22882723808288574,0.039432525634765625,8
1138,LYPRAYAGNK,VYPRGMKNTA,train,0.14549791812896729,0.11147511005401611,0.4027920961380005,7
1266,VKPVELYSNK,AVPKNQMSPV,train,0.5533500909805298,0.2405991554260254,0.1165628433227539,8
6760,GHPRAIHDWI,VAVRSLFGQS,train,0.32463687658309937,0.17837673425674438,0.5085230469703674,9
7348,FIPANWRAMS,VYPRNIVSRF,train,0.22551143169403076,0.5756209492683411,0.8996769189834595,8
1175,GTPKWMWGEF,WHPRSWTGHY,train,0.8218859434127808,0.590277910232544,0.09394657611846924,8
8931,IYVRALYGAY,VAYMSLWDTY,validation,0.6288801431655884,0.3872531056404114,0.136784166097641,8
8536,MAPRWVFGDH,ENPRNTMYML,train,1.0663260221481323,1.7409207820892334,1.9664030075073242,8
1516,VNPRGMVGER,GKPRGYTATA,train,0.26161205768585205,0.195878267288208,0.1738821268081665,7
9593,WTPRGVMDQF,YSVRGMYDGV,train,0.550900936126709,0.3155386447906494,0.2506831884384155,7
7432,WVPSNVKDVR,DPPLSHTASG,train,0.4935254454612732,0.08112001419067383,0.03986683487892151,9
1927,IDPRDLMANK,SILRTMAQRV,train,0.7539193630218506,0.373210072517395,0.4775119721889496,9
10874,SRPRMLIVEW,RTASHLISHQ,train,1.3699294328689575,0.8925594687461853,0.8397372364997864,8
814,HPPLGSWSES,RPPRGVYSEG,train,0.3932873010635376,6.246566772460938e-05,0.2092927098274231,5
5699,YRPRNLYNLY,KNPAWLQNPR,train,0.30789297819137573,0.03240096569061279,0.7109550833702087,7
8235,LNPYGWRTQG,VFPQSWRTPQ,validation,0.021354198455810547,0.4405398368835449,0.13244158029556274,6
4658,QQPRSWTASG,KNPLPQVGMA,train,0.29481029510498047,0.8220483064651489,0.7067774534225464,9
6610,ATPRSWTGTG,GMERAVFVRG,train,1.8860186338424683,1.835295557975769,1.6837072372436523,8
10911,RVPKGMYDPL,WQPRGVLTPA,train,0.6863563060760498,0.06797373294830322,0.06336081027984619,7
10490,AKPRSYTASG,REPRELRGVQ,validation,0.1353449821472168,0.39677345752716064,0.42459189891815186,8
1952,TGPRAYWGPG,SMPLGYRSGT,train,0.05291891098022461,1.4804391860961914,1.3286666870117188,8
8666,RNPKGIVSVW,EKPLPKIVRL,train,0.3237047791481018,0.9611439108848572,0.5811470150947571,9
5999,VFVRGMYSPG,EWTRWLASTV,validation,1.6177778244018555,1.2650961875915527,0.845172643661499,8
246,APVRAMTASG,QTPRWIKAMH,train,0.38393867015838623,0.03432023525238037,0.16371643543243408,8
10627,HRVLPLYDNT,RWPHWLVDWH,validation,1.3055182695388794,0.1440584659576416,1.1729543209075928,8
669,VTPKQMKDNF,AKPLGVAGAQ,train,0.22362637519836426,0.17015981674194336,0.5910646915435791,9
6632,IYPRAYTGWY,CGPYKFQGKF,train,1.1241484880447388,0.37985944747924805,0.034999459981918335,8
9734,SEPRQLFNNL,FNPRNLYVAL,train,0.04936230182647705,0.5409512519836426,0.03835105895996094,6
9640,PRPRTLYDSY,RNPKQLWASG,train,0.19940757751464844,0.25418907403945923,0.2742420434951782,7
4950,QGPRMLSTWT,RSPRKYSVTA,train,1.5963715314865112,0.4208260774612427,0.0371185839176178,7
1485,YWPRAFSGPY,LAPRVYRSNV,train,0.1460193395614624,0.2530972957611084,0.07490718364715576,8
8621,NVPKQLVNEH,IVPKLLWNGK,validation,0.4710071086883545,0.3206712007522583,0.02124887704849243,5
7116,FMPRGQVGPG,GLSIDSRSVS,train,3.008669376373291,2.3374977111816406,0.7446397542953491,10
5017,TSPVAYTVPW,VGPVFLWSPY,train,0.028853416442871094,0.20353984832763672,0.2825890779495239,7
3874,HWPRELKANF,CGPYNLTVPY,validation,0.22241687774658203,0.4947322607040405,0.6118303537368774,8
1733,LRPRSWFGAQ,NKPRPYTGQF,train,0.4536471962928772,0.5542688369750977,0.39907610416412354,7
6111,QRPKWLMSQT,AQPHWIASRS,train,0.8274922966957092,0.08431708812713623,0.2707940936088562,7
6270,WGPIELKDKY,GYPFHLDSQT,train,0.9795998334884644,0.43010222911834717,0.4276449382305145,8
3785,LSPKGMVGHW,FQPAEWMTAF,train,0.24147796630859375,0.42584502696990967,0.03953981399536133,9
4949,YKPKGLAGWG,AIPAWLKDSG,train,0.35332822799682617,0.21045666933059692,0.47658586502075195,7
7036,AWPRAYANGW,HAVRAMRHQW,train,0.27255553007125854,0.41553348302841187,0.009673446416854858,7
6675,MQPRAVFDNY,MVPSAYWNGV,train,0.08473813533782959,0.6087985038757324,0.9103246331214905,7
10303,YGPRPYTASG,GRPFAMWDVH,train,0.10619795322418213,0.09412574768066406,0.7459127902984619,9
4719,TYPRAFTASG,DIPYGMQDWV,train,0.09090495109558105,0.18184947967529297,0.4230271577835083,9
222,YGPRAVLAPQ,HRPLGMYGSW,validation,0.308138370513916,1.1578031778335571,1.0470290184020996,9
3371,WMPKGMYDPF,AGPRSMLGTG,train,0.24000656604766846,0.11116373538970947,1.284280776977539,8
5416,YKPAGLADGL,HMVAGLYDWG,train,0.7479433417320251,0.42319947481155396,0.8250719308853149,6
4034,WVPRAVRSIG,PGPVPMWNIT,validation,0.2341703176498413,0.7119691371917725,0.1071704626083374,8
1355,TYPRAYIDIW,YPVRAMTDMW,train,0.14504408836364746,0.1402454376220703,0.17422449588775635,6
7002,FMPRMLYGEW,MAPLNFYNTY,train,0.07508385181427002,0.09333807229995728,0.25547122955322266,8
7744,MKPRNVMAPG,ASWPRFASTG,validation,2.528702735900879,0.8407449722290039,0.6216695308685303,9
1138,YDPRAILTSQ,KMPRWIKSNL,train,0.2917765974998474,0.24861443042755127,0.446042001247406,7
1266,VVPRAYWDEH,FGPVWYTASG,train,0.06811666488647461,0.31577205657958984,0.6122426986694336,8
6760,TKPRPFIGAK,YRVYGLYGWH,train,0.4036567807197571,0.2961750626564026,0.07925206422805786,9
7348,YLPRAVSDRA,VQPRPHQSGW,train,0.33376866579055786,0.2849239110946655,0.014156043529510498,8
1175,ATPLGSTGMY,WLPTPFHGPG,train,1.093355417251587,0.7870737314224243,0.8502089977264404,8
8931,MRPRWMLDAW,EAPRFLSDPL,train,0.3911855220794678,0.5910699367523193,0.12849384546279907,7
8536,YPPTGFIDWQ,KRPGWMWVSR,train,0.5239326357841492,0.7935899496078491,0.9096793532371521,9
1516,IFPRAFRSES,MVPRMVYAKY,train,0.18537390232086182,0.15301907062530518,0.33422815799713135,8
9593,SWPRAFIGPA,EGPRGVTGTH,train,1.295724868774414,0.37061429023742676,0.20554041862487793,7
7432,GYPKQIYSPW,RQPRNYTDTY,train,0.481337308883667,0.2604794502258301,0.06243276596069336,9
1927,QIPRNVKTPL,HVVRGLHGYS,train,0.4848554730415344,0.15535438060760498,0.4284900426864624,9
10874,VKPVPLWDNK,YIPRNFAVMS,validation,0.30311572551727295,0.10438334941864014,0.10592895746231079,9
814,MWPRQVRGIG,SRPRKYFQDI,train,1.065736174583435,1.0310895442962646,0.05834042280912399,8
5699,AMPKGFINRA,GTPLPFYNHW,train,1.0383014678955078,0.5591142177581787,0.10448110103607178,7
8235,WSPKGMRNSG,TCVRNLMNRI,validation,1.319267749786377,1.2860678434371948,0.9550832509994507,9
4658,MDPSGYWGPL,RGPSCFWGYT,train,1.3286710977554321,0.6055116653442383,0.6148277521133423,6
6610,FWPRNMYNPF,EMWRAFTGEG,train,1.2331596612930298,0.40976887941360474,0.6172834038734436,9
10911,AGPRSLVGEF,QRIASLSTIT,train,1.7682006359100342,1.4060840606689453,1.6212551593780518,8
10490,MIPRGWTGNW,ELPRWFSGFI,train,0.7240226864814758,0.398884654045105,0.059934377670288086,7
1952,YTPRYMQGWT,LKGRAYKGMF,train,0.6240764856338501,0.3284410238265991,0.6908576488494873,8
8666,EVPRAVSVSY,TLPHSKLTIF,train,1.391486406326294,1.4039812088012695,1.285871982574463,9
5999,FRPRWMTGPG,NVPTWMRAIG,train,0.06507372856140137,0.20556390285491943,0.5260518789291382,6
246,IAPKWLVSKY,ETVRSITSPG,train,1.3681695461273193,0.3925272822380066,0.007520824670791626,9
10627,YVPTGLVDGW,YHPISLWSGF,validation,0.8444950580596924,0.4397045373916626,0.21488624811172485,6
669,VPPRQMKTES,TVPKQMKDFL,train,0.22697734832763672,0.46416163444519043,0.07043743133544922,6
6632,FKPAQWRTNH,MYTAWMIDEK,train,0.7641260623931885,0.7043055891990662,0.5566986799240112,9
9734,TGPRSLYSVH,AVPVSWLNGL,train,0.5758861303329468,0.4768388271331787,0.057163238525390625,8
9640,RKPLRILDMY,GPSPVLYSTW,train,1.6201659440994263,0.8078535199165344,0.8169997334480286,10
4950,YVPRGATASG,HRPKGLYVHW,train,0.3591955900192261,0.9203474521636963,0.24407827854156494,8
1485,LQPRAVHPVY,QQPRAIAGHA,validation,0.25383102893829346,0.34990644454956055,0.5705438852310181,6
8621,GRPAYLWGAF,RNPQWIIDPF,train,0.060860633850097656,0.08232909440994263,0.8775707483291626,8
7116,YWPVSYIDAQ,CDPRPMKDQV,train,0.7140135765075684,0.23806750774383545,0.2259531319141388,8
5017,AAPRSYANWF,CRPSPFSAGC,train,0.7977560758590698,0.3818480968475342,0.244831383228302,9
3874,PSPLSWRDMQ,EPAYSMRNPF,train,0.8547790050506592,0.705032467842102,0.1547815501689911,8
1733,FVPRAHWTQA,HRPAGIFYTF,validation,0.6991934180259705,1.0778582096099854,1.3063594102859497,9
6111,GTPRSMHDPT,YDPRWLQDRF,train,0.4595058560371399,0.45162075757980347,0.47506844997406006,7
6270,TKPVEMISGT,ITPRQASAVI,train,1.0943708419799805,0.2809319496154785,0.05556735396385193,9
3785,LVPSWLSKPW,APPAWLWKTQ,train,0.37897688150405884,0.36399292945861816,0.8183900117874146,6
4949,WTPRAYKDPL,FWPRELIDWA,validation,0.10567748546600342,0.3403412103652954,0.2064092755317688,7
7036,VTPRAWTNTI,GMVRAMRTWL,train,0.19817155599594116,0.48164069652557373,0.04513704776763916,8
6675,MHPRWMFNGG,ISVRAWTGEG,train,0.9517497420310974,0.5988139510154724,0.3324650526046753,8
10303,GQPVPFLAGQ,IYPRELTYHQ,train,0.7677924036979675,0.4313754439353943,0.6399900913238525,8
4719,VGPMSWRTWT,KHPKWMRSAQ,validation,0.4298555850982666,0.1858292818069458,0.3407156467437744,8
222,GTPRSWRTNL,HSPRSWTSTK,train,0.444074809551239,0.42649662494659424,0.1380981206893921,6
3371,DLPRWYTASG,SPPRVLMANY,train,0.29058557748794556,0.7504532337188721,0.39362722635269165,7
5416,SAPRTLVVWT,HFPVALQGPK,train,0.025873303413391113,0.4825393557548523,0.32981646060943604,8
4034,TGPRYIRTAY,DLPRAIRDTA,train,0.03932952880859375,0.13647949695587158,0.39174389839172363,6
1355,EKPRNYTASG,CLPLNYKDPT,validation,0.0366663932800293,0.12683022022247314,1.0196497440338135,7
7002,WLPRGMVDLQ,SFPQSWRTIG,validation,1.4656908512115479,0.6150631904602051,0.10071325302124023,9
7744,WYPRAFSAWY,SPPRMLWTAH,train,0.25744307041168213,0.23703336715698242,0.01769334077835083,8
1138,EQPMSWRNPR,LTPRYWASRA,validation,0.9001678228378296,0.04657268524169922,0.2789575457572937,8
1266,YTPRQVRSIW,WTVKWMSGIV,train,0.7323079705238342,0.5289407968521118,0.2578989565372467,8
6760,SLPRAILDPI,SRPRMLGNIS,train,1.3270807266235352,0.8090775012969971,0.13156726956367493,7
7348,KQPVPMWDPW,GHPRAFTASG,train,0.024080276489257812,0.1691133975982666,0.754597008228302,9
1175,SGPSGWVAMF,LFPAYWTGEY,train,0.7547382116317749,0.6261954307556152,0.08110053837299347,8
8931,MWPRWLSEPR,WMTLAMTASG,train,0.04266190528869629,0.6454893946647644,0.9144303798675537,10
8536,MVPRAVQATH,KWPRGMTSGN,train,0.07909762859344482,0.007234334945678711,0.01910269260406494,8
1516,ERPRSVTASG,CPPRAVKSIT,train,0.015318989753723145,0.17943549156188965,0.23722785711288452,7
9593,QWPRSYTASG,GVPKNQVGQS,validation,0.8641884922981262,0.13514482975006104,0.205338716506958,9
7432,VFPQSWRSQY,HSPLSWTASG,train,0.03846442699432373,0.10834348201751709,0.16110742092132568,7
1927,VNPRDLYAWS,IPVRAWTGDW,train,0.6377107501029968,0.04868733882904053,0.32479870319366455,9
10874,DTPLGQITAS,YTPRMLYYTY,train,0.7308356761932373,1.114105224609375,1.0629515647888184,8
814,LRPAGVTAWG,FAPRSMKGSG,train,0.1820906400680542,0.15903329849243164,0.39571619033813477,8
5699,GEPIPMLNQF,LYPYPFIKHQ,train,0.6180776357650757,0.0683983564376831,0.5321561098098755,8
8235,GHPRSLIDWK,CHPISLRQGI,train,0.8174760341644287,0.6665003299713135,0.7050721049308777,6
4658,KSPLGFWYGY,IQYRSMFDLS,train,1.217829942703247,1.1187548637390137,0.5474204421043396,10
6610,YVPRAWQDGF,QVPRQVLDEF,train,0.44085603952407837,0.23638665676116943,0.23939156532287598,5
10911,GKPRSVLDRI,PWVPRSNPGP,validation,0.5479215383529663,0.2080932855606079,0.07840633392333984,10
10490,SYPRAYQNGV,PVPRSWSVWH,train,0.4025806188583374,0.12025749683380127,0.026155054569244385,8
1952,YAPVAYWNPT,FLPRAFHNTS,train,0.1486492156982422,0.1881084442138672,0.29078221321105957,7
8666,YKPVAMKTHW,ATVRGNVAVG,train,2.468820095062256,1.0485022068023682,1.202335238456726,10
5999,SVPRAVKAHS,RLWNWMTASG,train,1.818169355392456,1.0795800685882568,0.7655116319656372,9
246,TWPKWIMGNA,QGPRWIKGRA,validation,0.22463268041610718,0.13023829460144043,0.26920145750045776,5
10627,RTPRSYIDAK,HLPTALKDGY,train,0.4307628273963928,0.8762001395225525,1.6491756439208984,8
669,RTPRELFDPQ,YRPLRSASPF,train,1.2036261558532715,0.7734836935997009,0.48540055751800537,8
6632,HLPRAYMAEV,FTVYWMTASG,train,0.1874072551727295,0.169294536113739,1.0412296056747437,9
9734,SPPLNWRTNY,FSPQSWTNPA,train,0.789501428604126,0.16172420978546143,0.1580561399459839,8
9640,FAPKLLWSGW,AFTRNITAHF,validation,1.7171828746795654,0.684611439704895,0.6275310516357422,10
4950,YAVRAWTASG,CIPRSLVYHS,train,1.1724553108215332,0.6930973529815674,0.019010305404663086,9
1485,YFPRAYQGPH,VQPRVYRAIG,train,0.15315425395965576,0.1371368169784546,0.1262979507446289,7
8621,VDPRELIGNY,GSVLPLHNRI,train,0.9997038841247559,0.8718550801277161,1.1006885766983032,9
7116,TIPVWMYTAW,LWYSMYQNPT,train,1.1762388944625854,0.802130401134491,0.526637077331543,10
5017,LYPSEILTIW,LGPSPGVMRS,train,0.28783339262008667,0.41294753551483154,0.16336792707443237,7
3874,GYPVPMHDSV,EQPSPFVVYQ,validation,1.010827898979187,0.7791468501091003,0.017287135124206543,8
1733,VAPRPLWYPQ,TQPRNVFWPK,train,1.2857519388198853,0.08596497774124146,0.16876614093780518,7
6111,YDPVNMWSIL,KNPAQWMTHA,train,1.1497772932052612,0.3142126798629761,0.32808172702789307,9
6270,SWPRELTDRS,VCPRSLTDAG,train,0.35550838708877563,0.0162583589553833,0.38860952854156494,5
3785,MRPSGWKSGQ,KAPLTLVWGQ,validation,0.04438304901123047,1.183461308479309,0.617742657661438,7
4949,MKPRPWYAEA,CRPRAYLALA,train,0.04172408580780029,0.34715402126312256,0.07717376947402954,6
7036,SKPRWLMVGF,KMPRSWTNRG,train,0.20874947309494019,0.06245541572570801,0.011197507381439209,8
6675,HVPRTYIDHG,LSPKGYHDPT,validation,0.04047727584838867,0.2128009796142578,0.018421292304992676,7
10303,MPPRTLWVMR,WYPLSGTASG,train,0.5954180955886841,0.42740458250045776,0.42238152027130127,9
4719,TPPLNWRDAT,RIPKWMRHAV,train,0.9285591244697571,0.17094027996063232,0.09866461157798767,7
222,WAPRNFIGQA,FNPTGMRVWV,validation,0.23597335815429688,0.8126035332679749,0.15972065925598145,9
3371,VSPVGMWNLH,PNVIPYVGVA,validation,1.000122308731079,0.39467746019363403,0.3726564645767212,10
5416,FWPRALSDMT,ERPAWLRTAS,train,0.10685980319976807,0.2800176739692688,0.5764255523681641,8
4034,YIPRPFTAPI,MHPRWLMAPS,train,0.4345121383666992,0.33219194412231445,0.1822131872177124,6
1355,QAPVHLTDWT,FGLYHLRDIQ,train,0.22024410963058472,0.32111841440200806,0.307086706161499,7
7002,VYPGDMLDNF,VHARQLFDVK,validation,0.44581109285354614,0.40862464904785156,0.21944427490234375,8
7744,HIPRSLWGEH,SPYRSWFVPF,train,1.204982876777649,0.5367340445518494,0.36359933018684387,8
1138,TFPRMLSTAL,QKGIAMYKPW,train,0.6978681087493896,0.1897444725036621,0.29603680968284607,10
1266,VLPTAFVDRY,GSPRSAMTWF,validation,0.5086203217506409,0.1407243013381958,0.0003355741500854492,9
6760,WSPVQLWDMR,VTPRSLYGMQ,train,0.05694079399108887,0.21200168132781982,0.29257774353027344,7
7348,VAPRSWTASG,IVPRAWTGHA,train,0.45037269592285156,0.12894630432128906,0.08232253789901733,6
1175,GIPRPVLSAF,RSPRSYKGAL,train,0.48819518089294434,0.32370781898498535,0.18338441848754883,7
8931,LGVRYLMDGY,MTVRWLMYSF,train,0.9007033705711365,0.5532130002975464,0.4683709740638733,6
8536,LVPRFIRSEQ,MVPRYQSWLV,train,1.758278250694275,0.6950395107269287,0.3357069194316864,7
1516,VGPAYWRTAS,LGPRYMASTF,train,0.26026344299316406,0.1466684341430664,0.40287941694259644,7
9593,VNPRNYRAGY,YDPRNVMYNI,train,1.395688533782959,0.7345585823059082,0.7983508110046387,7
7432,AFPVPMWAWK,KDPRNYLNVF,train,1.2394508123397827,0.48669910430908203,0.3685142397880554,9
1927,NAPRSWSDIW,HWVRGMYNAG,train,0.5275377631187439,0.36367571353912354,0.4764365553855896,9
10874,MGPRMLLDGV,PQHWALMAPF,train,0.9094613790512085,1.1235380172729492,1.5401874780654907,9
814,MVPRQVMDRQ,YAPRPVRVNT,train,0.06893134117126465,0.376849889755249,0.3625006079673767,7
5699,YMPQSWRTNQ,KEPLFLYNGQ,train,0.15702688694000244,0.8109043836593628,0.9205054044723511,8
8235,PHPIPIRTIG,YKAYHLRNPT,train,0.45935124158859253,0.5548352003097534,1.2590382099151611,9
4658,NTPRQYINQR,HSPSYWTASG,train,1.07815682888031,0.8201143145561218,0.2431706190109253,9
6610,WEPRSMVDMY,MLPRWLMAVA,train,0.02117621898651123,0.5226809978485107,0.5200132131576538,8
10911,RYPRAISDIR,WQPAGVKVPV,train,0.25666749477386475,0.03482711315155029,0.34010034799575806,9
10490,GFPRDIWDGR,YPRMQRDVQA,train,1.7468876838684082,1.4514963626861572,1.8676531314849854,10
1952,TAPRFYLGPL,REPLPSWGPI,validation,0.3492170572280884,0.09167790412902832,0.32470011711120605,7
8666,WMPKGMHTEW,GSPRGFVQAG,train,1.1559944152832031,0.47801673412323,0.10848712921142578,8
5999,YNPRNYTAGH,AHPRVAVAAF,train,0.8608061075210571,0.18604308366775513,0.09850764274597168,7
246,SEPTGMKDRY,QWVRSLFDTA,train,0.3884155750274658,0.4045295715332031,0.4009873867034912,9
10627,NRPFGLWDES,GRPLDLKDNI,train,0.3241952657699585,0.743858814239502,1.2771281003952026,6
669,TVPVELWTVG,GAPAQMTLPL,train,0.41000306606292725,1.1211047172546387,2.029226303100586,9
6632,VMPRQYHDMR,WSPRTLVGWG,validation,0.6294054388999939,0.7211803197860718,0.5924234390258789,8
9734,FDPYSMRTSW,TYPQSLMNEQ,train,0.2825171947479248,0.600226104259491,0.7862284183502197,8
9640,TRPKQLYDQT,VRPRPSVDKT,train,0.9568889737129211,0.29732024669647217,0.056040167808532715,6
4950,VFPKGMKTAS,LVPRGLTVHF,train,0.0005072355270385742,0.41366875171661377,0.9309930801391602,8
1485,GTPRSYRAIV,FMPRTLHSIF,train,0.0704042911529541,0.11441528797149658,0.028102874755859375,7
8621,PGPKALHDPF,QPWGPIKNQI,train,1.714967131614685,0.9460688233375549,0.607643187046051,10
7116,NRPVPFWDIV,LEPRVGNLIT,validation,0.5548595786094666,1.664639949798584,1.914801001548767,8
5017,WQPADLYGHK,MVPSAVQVTV,train,0.21277379989624023,0.04450792074203491,0.1529332399368286,9
3874,INPRPFTDIG,WYPRAVKQHA,train,0.903234601020813,0.9658092856407166,1.3487167358398438,8
1733,KWPRSLFSGQ,FHPSGSQMQG,validation,1.893856406211853,1.0193248987197876,0.7706394195556641,9
6111,STPLGQIDPT,RSPRNVIAHS,train,0.41534364223480225,0.0354229211807251,0.24437963962554932,8
6270,FVARALHDNV,KIPLKIWDNY,train,0.3177986145019531,0.15121257305145264,0.2661057710647583,8
3785,GVPRQVWTAS,VAPVHMKSGH,train,0.3376351594924927,0.7065473794937134,0.04790741205215454,9
4949,YSPRQLYTPW,LIPRYLWDGK,train,0.13172483444213867,0.2829630374908447,0.1349371075630188,7
7036,NSPRGMINGK,FKWRGMRTIR,validation,1.0056191682815552,0.8223503828048706,0.4500294029712677,7
6675,PNPLGYQDKA,SNPFGMRGHG,train,0.3891007900238037,0.052257418632507324,0.8090133666992188,7
10303,QVPRYLYVPR,YCHTPIYEQI,validation,2.061312198638916,1.037978172302246,0.6704187393188477,9
4719,WGPRSYTNQA,VSPRYMANWS,train,0.9799536466598511,0.6685672998428345,0.4213516116142273,7
222,QPPRSVFSPY,YMPRKFINVH,train,0.6820383667945862,0.5729578733444214,0.34102004766464233,8
3371,TNPTGLRDVY,AGPRYLKDWV,validation,0.41527241468429565,0.3638033866882324,0.21801596879959106,7
5416,FTVRGLFDVQ,YTVRALSGWQ,train,0.17718738317489624,0.39169031381607056,0.20265167951583862,5
4034,YNPSWMRTIR,NSPRMLHSIG,train,1.1676868200302124,0.4235779047012329,0.22902128100395203,8
1355,LDVRAIRDLS,KLPINILDNG,train,0.02936244010925293,0.31666654348373413,0.5106195211410522,8
7002,YTVYGLIDPQ,ACTPGAETGV,train,2.9700698852539062,1.0908973217010498,0.7025604248046875,9
7744,GKPRSYFGAW,SPVRAVISKH,train,1.3157386779785156,0.9949458837509155,0.1679801046848297,9
1138,PAPTPIWDHA,SAPRSYAQGQ,validation,0.5296861529350281,0.48795270919799805,0.269497811794281,8
1266,WIPRPVYAWI,YPVKNYIAIA,train,0.17999112606048584,0.4391735792160034,0.3211011290550232,9
6760,PWPRSLYTNS,FYPRSLFGIR,train,0.09476995468139648,0.12496757507324219,0.5635875463485718,6
7348,FMPRSWADVY,GLEFLMSPIK,train,1.6529043912887573,1.7138705253601074,0.9869906902313232,10
1175,YIPQSWRTGI,RGLDWMWSGA,train,1.3072726726531982,0.8738155364990234,0.579451322555542,9
8931,ATPRWLIDIQ,NVPVWLYTMT,train,0.15937399864196777,0.15932518243789673,0.07956135272979736,7
8536,LNWRPLYVWS,AMGRALMGPF,train,0.2756583094596863,0.17918705940246582,0.20842939615249634,8
1516,MVPRAVYDGW,NPPAGMHDGV,train,0.3528658151626587,0.15585839748382568,0.612390398979187,7
9593,FNPRAWHGPA,HRPRSNWDPK,validation,0.6063121557235718,0.6249445676803589,0.1551617980003357,7
7432,WRPHSYRDPT,GQWYGMYTAS,train,1.1308578252792358,0.31071293354034424,0.27852076292037964,10
1927,GVPTGWTASG,TTPRGTLDFG,train,1.2126120328903198,1.21763277053833,0.2950741648674011,7
10874,PNPRELINGF,VRAHYLMANS,validation,0.33288753032684326,1.032670021057129,0.9732758402824402,9
814,ACPRGMKTAS,PLVRFLWGEF,train,1.3494794368743896,1.1412303447723389,0.26565808057785034,9
5699,FYPRSWMAGF,CEPAGFKTWG,train,0.4716228246688843,0.035001516342163086,0.09847724437713623,9
8235,QWPVPIQGNY,KFPASLYNGV,train,0.5205776691436768,0.47864624857902527,0.3361319899559021,9
4658,RSPLGQWDLS,PSPRYWYTAS,train,0.30818599462509155,0.08232367038726807,0.07295745611190796,7
6610,TPVRWYTGPV,PAPRSHWDFA,train,0.2179529070854187,0.179976224899292,0.043807148933410645,9
10911,KGPKGQIDQI,TRPRSLVYTY,train,0.25457555055618286,0.5797763466835022,0.6629855036735535,9
10490,GWPRGYMNVL,TMPRYHGAWG,train,1.9205491542816162,0.9911186099052429,0.588820219039917,8
1952,WGPSGFYNRF,QPHFGMHNPH,train,1.7161905765533447,0.9134171605110168,0.24545598030090332,8
8666,FAPKSLFTRF,ITPRGQGLFT,validation,1.2752292156219482,1.21465003490448,0.8641320466995239,9
5999,DTPRAWTVGS,TPEWMAHSVA,train,1.5063083171844482,1.2844581604003906,1.2220768928527832,10
246,NVPVWMIGAH,NTPRWILGTQ,validation,0.08758783340454102,0.3551011085510254,0.25413763523101807,6
10627,DSPLGYRDNA,GAPTALRDPQ,validation,0.18534886837005615,0.6767720580101013,0.6043552160263062,7
669,EAPKAFWDRT,KVPLGVSDWR,train,0.17069101333618164,0.34581029415130615,0.4121675491333008,8
6632,RGPKSYHDGL,YNPRQYRAWL,train,0.0865025520324707,0.17569005489349365,0.16674411296844482,7
9734,QLPVALWSET,LMPRFIRGPQ,train,0.09317386150360107,0.1302611231803894,0.23514819145202637,9
9640,VHPRQLTASG,YTPKLLWAEY,validation,0.8494003415107727,0.12391769886016846,0.007053732872009277,7
4950,EGPRSYQAHL,GDPRSLYAPQ,train,0.20252734422683716,0.6404128074645996,0.2269260287284851,6
1485,GWPRSYTASG,WPLGWTASGY,train,0.8714501261711121,0.7940152883529663,0.5098104476928711,10
8621,YAPVAFQDWT,GDPYGMATAS,train,1.056089162826538,0.4455145597457886,0.28102636337280273,9
7116,DVPRAVWDGG,LTPRPVMDHT,train,0.3614668846130371,0.43091881275177,0.0658116340637207,6
5017,TIPWSWTASG,PKRLARDQIG,validation,1.2376487255096436,0.859156608581543,0.6435503959655762,9
3874,TYPSGLHDGA,FTPSAMRKHT,train,0.2722285985946655,0.9334012269973755,0.5899479389190674,8
1733,LQPYAWRTQR,TNPYGMRTIH,train,0.18286681175231934,0.09638512134552002,0.02450406551361084,6
6111,QVPVPMHGWY,GRPSWMHNAT,train,0.9188670516014099,0.40634918212890625,0.27833080291748047,7
6270,YMPRDMHDRW,FTPRELHNWR,train,0.13160622119903564,0.349190354347229,0.22851186990737915,7
3785,MAPHGFAVPG,RSPLMWKDST,train,0.5660272836685181,0.5772886276245117,0.3902743458747864,9
4949,QVPRAWHAET,GQPRAVLGIH,train,0.13842451572418213,0.287988543510437,0.6105546951293945,7
7036,HYPRSMYNEY,SWPRGMQNPI,validation,0.015315890312194824,0.028404951095581055,0.9436383843421936,6
6675,EAPRWVMSNW,VWPRPLWDEF,train,0.28607046604156494,0.3891648054122925,0.024839162826538086,8
10303,FAPRFLWDWG,GAGVALSNGW,validation,2.0611655712127686,1.4736533164978027,1.72886323928833,8
4719,GDPRAFTASG,SNPRDLKDEL,train,0.7928528785705566,0.6798934936523438,0.23426127433776855,8
222,VEPRGVKAPF,ALPVAYWGIH,train,0.040229201316833496,0.1335967779159546,0.1481633186340332,9
3371,ENPRSMKTWI,DMPRFLWGSG,train,0.3644651174545288,0.01291590929031372,0.271844744682312,8
5416,TIPKFLRGPY,PKLASLYSGI,train,1.2180942296981812,1.2439173460006714,1.582621455192566,9
4034,AVPRAWSAPF,IGPRSYIGMA,validation,0.3293827772140503,0.07497894763946533,0.022541403770446777,8
1355,GQPVPMLDMT,FIPRPLVDIW,train,0.08722996711730957,0.32744109630584717,0.23700964450836182,7
7002,MGPKQMTDPR,YGPRAIFVGQ,train,0.0431673526763916,0.3260016441345215,0.8963074684143066,8
7744,LDPRGFTASG,RAPRSWTASG,validation,0.16873908042907715,0.26486504077911377,0.2903293967247009,4
1138,MRPRWLVAIQ,VLPRPLVDIL,train,0.07310044765472412,0.24372899532318115,0.30514800548553467,5
1266,WSPLGWTSGQ,ERVWAVYSPR,train,0.08554291725158691,0.525343656539917,0.7094529271125793,9
6760,VIPRPIYTLS,FVPRMLHASH,train,0.08271944522857666,0.46901553869247437,0.40445613861083984,8
7348,HKVRAMTASG,KRPRLYTVNA,train,1.0175909996032715,0.23659271001815796,0.08074522018432617,8
1175,HVPRAVHANY,KWPEAYRGPF,train,0.4210141897201538,0.871492862701416,0.3309420347213745,8
8931,TLPLGYTDVF,YRPEWYLNVY,train,1.6253892183303833,0.7869226336479187,0.473966509103775,7
8536,LAPRWYAGAG,QEPWFITGQY,train,0.03916811943054199,1.4655249118804932,1.5585079193115234,8
1516,EVPREVIGKT,SNPFKYSGII,train,0.9597510099411011,1.063569188117981,1.0282015800476074,8
9593,SGPKGVYTTA,QIPSWVKGAS,train,0.479251503944397,0.5991779565811157,0.6071290373802185,8
7432,HPPLGQTNSG,PAPVPQSPEW,train,0.9448562860488892,0.6748068332672119,0.14355877041816711,8
1927,LFPRGWTASG,AVPRGWTGWK,train,0.23436546325683594,0.08628451824188232,0.45330142974853516,5
10874,YNPRSMLDWF,FDVRAMHASA,train,0.30535411834716797,0.28231871128082275,0.48229140043258667,8
814,ARPRSVLDPF,VDPRSWHGTG,train,1.017147421836853,0.5797910690307617,0.5806295871734619,7
5699,YFPKPLWNPY,LTPRFLLNHW,train,0.49575018882751465,0.17188119888305664,0.34812164306640625,7
8235,FNPIHLWAVQ,KTPRNWTGQS,train,0.6016685962677002,0.020017027854919434,0.013237327337265015,9
4658,WKPRTLWATY,MAPHYWNTPV,train,0.7545107007026672,0.24412298202514648,0.05750536918640137,9
6610,MAPRWLTGWF,VIPRWLMSWG,train,0.2766084671020508,0.41095489263534546,0.45306575298309326,5
10911,RGPVFMMDPS,GSVRAVFGIV,train,0.7024515271186829,0.3921072483062744,0.7049541473388672,10
10490,MDPRSYMGAQ,ILPTGLWSVH,train,0.1790693998336792,0.2186499834060669,0.24064481258392334,9
1952,IGPRDILAYF,WMARQYHNPW,train,1.3910233974456787,0.8998384475708008,0.17314139008522034,9
8666,HKPRSMAVKI,HLPDFNAGPF,train,1.3511253595352173,0.5661773681640625,0.776145875453949,7
5999,LAPRWMDGNV,PRWRGMKTGR,train,1.846849799156189,1.5012288093566895,1.4309300184249878,8
246,YTPRWMNGPA,DMVRWYMGPY,train,0.31163114309310913,0.16890180110931396,0.09260183572769165,6
10627,VGPAYLRDGI,RDPLAITDNY,train,0.32678675651550293,0.013483881950378418,1.2253475189208984,8
669,LPPRTLYAEG,NIPRELYAWR,train,0.13319182395935059,0.915625274181366,0.7538638114929199,5
6632,VWPSGQTASG,MVPKTMRYGK,train,0.00312197208404541,0.7086824178695679,0.41832995414733887,9
9734,SLPKGMYVGV,GTPLGYHGPY,train,0.12393045425415039,0.05846512317657471,0.6101779937744141,8
9640,NTPVALHSTI,YKPRLVHANT,train,1.5439035892486572,0.2568278908729553,0.028017818927764893,8
4950,RAPGWMYVQV,TVARKLVGEG,train,0.8343710899353027,0.3732568025588989,0.23205870389938354,10
1485,NYPRAYTGMF,TARNPRAPIC,train,2.1899330615997314,1.409719467163086,0.4948617219924927,10
8621,SWPRELQGEY,LPNRPLSDLF,train,1.1191774606704712,0.818470299243927,0.3747825622558594,8
7116,GPPEAFRDIW,GAPFSNYDIY,train,1.1276180744171143,0.49693846702575684,0.13006550073623657,6
5017,HVPRQVIGQY,ISVWNVLNKA,train,1.942718505859375,2.2454771995544434,1.1928132772445679,9
3874,LRPAGVRDAK,LKNCEPLDFC,train,2.1748604774475098,1.133533239364624,0.24678044021129608,8
1733,GWPRAIKTAS,NPVQPMWRAV,validation,1.7996504306793213,0.9846336245536804,1.3835407495498657,9
6111,IKPRNVQAIK,STPLYMVGET,train,0.04944562911987305,0.15929585695266724,0.7952307462692261,9
6270,TVPRELWSWG,CIYMYLAAPI,train,1.8392648696899414,0.7458008527755737,0.306494802236557,9
3785,LMPRAVMVKH,HEPLPSAGHF,train,2.195394277572632,0.5894254446029663,0.025365740060806274,9
4949,GTPKWLYGPY,KTLMNIWDKY,train,0.6680080890655518,1.1137516498565674,1.3194193840026855,8
7036,QRPRSLLNTW,RVPRSVRNIK,train,0.5814310312271118,0.21044659614562988,0.3769625425338745,6
6675,MYPRWFTSEK,TSPRNWFDIT,train,0.4437638521194458,0.3551133871078491,0.11434054374694824,8
10303,LSPRQYTASG,CLPKPLYDIW,train,0.30338817834854126,0.5180060863494873,0.4145188331604004,9
4719,PGPRSLYDAG,HDPRSLKEHG,train,1.4005403518676758,0.7562295198440552,0.5979004502296448,5
222,GQPRSVTASG,AGLPRSFSWG,train,0.7479628324508667,0.7434515953063965,0.0009131133556365967,9
3371,SAPVGMTDVT,EPPRWLNALG,train,0.24164581298828125,0.4465172290802002,0.8294769525527954,9
5416,KGPVFLRDGA,SWAVALWGNH,validation,0.7603127956390381,0.25326865911483765,0.16160915791988373,8
4034,AVPRSWTGNW,VMPRYWTASG,validation,0.19839060306549072,0.0857231616973877,0.16685360670089722,6
1355,HQPRFLLDVI,RKPVNYLDHI,train,0.649810254573822,0.07388752698898315,0.05597347021102905,6
7002,NCPLGIVNKY,VGPSTLFYVG,train,1.269898772239685,0.3660667836666107,0.32354971766471863,9
7744,YNPRGVLGPF,SPPRTLWGSK,validation,0.20308047533035278,0.35294461250305176,0.15985578298568726,7
1138,GWPRAYFGLH,TVPINWAVKH,train,0.9181427955627441,0.8693610429763794,0.1032961905002594,8
1266,RQPVPYWSQW,MAPRYWKGHW,validation,0.6705524921417236,0.27567195892333984,0.09358382225036621,8
6760,VKPRPLIDTS,PIPAWLIGIG,train,0.06709825992584229,0.3996583819389343,0.7463812828063965,7
7348,TKPVGYTVWF,KGPRSTYDSY,train,0.9786728620529175,0.4635564088821411,0.4324534833431244,9
1175,DMPHSFYGPF,ITPSWLFGQR,train,0.1109929084777832,0.45005369186401367,0.46245431900024414,8
8931,VGPRYLSVQT,ALPHWLFGEY,train,0.490143358707428,0.07690918445587158,0.5914204716682434,8
8536,VRPVMMFDIY,RPREARVARP,validation,1.2547869682312012,0.485700786113739,1.0497492551803589,10
1516,QPPRGSYAIG,NMPGMFSDGQ,train,1.132036805152893,1.3515756130218506,0.6635516285896301,9
9593,AWPRELYSEK,QEWYGLRSMS,validation,0.35240840911865234,0.0385817289352417,0.18246948719024658,8
7432,NQPAYWRTVS,LNPTPLQDNY,validation,0.24843215942382812,0.3772602677345276,0.1442103385925293,9
1927,THPRWMLDPY,QLPRGVLDPW,train,0.03621220588684082,0.09740042686462402,0.2811472415924072,5
10874,YEPRNVMDSG,ILPRDIRYGF,train,0.2914693355560303,0.5424199104309082,0.363086074590683,8
814,MAPRNVYSIG,ATVRAHIAGS,train,1.6480436325073242,0.6789400577545166,0.41132646799087524,9
5699,TWPRELTNGY,HIPLSWRVGF,train,0.23628950119018555,0.10712385177612305,0.17925357818603516,8
8235,HYPIPFINGQ,HRPAGWLSRF,train,0.2827962636947632,0.272483766078949,0.666850745677948,8
4658,MRPRQYRSQI,HLPRYWAYHY,train,2.8085579872131348,1.5246732234954834,0.6888663172721863,8
6610,TRPRSWIDES,QMPRHFSDHQ,train,0.7684637308120728,0.3501852750778198,0.438293993473053,7
10911,PIPKQMQAEL,RIPVMLAVAH,train,2.151700258255005,1.357935905456543,0.9225492477416992,8
10490,TPPRSYWDFN,NYPVPFWANW,train,0.15234947204589844,0.32350754737854004,0.5207999348640442,8
1952,LGPSHYFATW,ATPRSWTGSI,train,0.053817689418792725,0.02384650707244873,0.12312066555023193,9
8666,EPPKGMQVGK,TMPRQLSGKS,train,0.38223886489868164,0.46556556224823,0.7899211645126343,9
5999,IAPRWMKEPG,GTPRQVRGRG,train,0.9000730514526367,0.004398226737976074,1.0154939889907837,7
246,ATPVWLWSIA,SNPRWMHNIT,validation,0.9442095756530762,0.4767957329750061,0.3179469108581543,7
10627,LNPLGFRDHW,LAPKFLQDSG,train,0.44951677322387695,0.5892934799194336,0.7638057470321655,7
669,WKPLGVKYST,KLGRSLKSNS,train,1.3558878898620605,0.6692661046981812,0.5975948572158813,9
6632,WMPRQYRDSH,LSPREWRGPH,train,0.5907303690910339,0.1391918659210205,0.43960094451904297,6
9734,TMPRNMWNQW,DYPRFLMAGQ,train,0.17895936965942383,0.39342743158340454,0.746295690536499,8
9640,RGPKQLFDHL,HAPRTLYTHY,validation,0.31107503175735474,0.0668262243270874,0.01606917381286621,7
4950,GTPKGVRTAS,LQVAGLMYSI,train,1.1071453094482422,2.411715269088745,1.7299959659576416,9
1485,YKPRGVLSVA,STPRSLYGPI,train,0.5060312747955322,0.7879265546798706,0.07446449995040894,8
8621,DVPRDIMDGQ,VFPQSWKTQY,train,0.6525691151618958,0.2893601655960083,0.10374999046325684,9
7116,LNPRAFRNWK,YSPLPVYRAR,train,1.1432275772094727,0.711977481842041,0.45020532608032227,9
5017,PAPSAQLDNF,NTPLGQYNIF,validation,0.49237000942230225,0.33126604557037354,0.18847107887268066,7
3874,NGPLSWTVIS,CQISPLADPY,train,1.57913076877594,0.5281305313110352,0.3083655834197998,10
1733,WQPRTLIGRG,AEWQGMYSKV,train,1.5791387557983398,0.52302086353302,0.5678215026855469,10
6111,GAPRSMHDQA,TIPKWMKDVG,validation,0.08711254596710205,0.18703019618988037,0.6019962430000305,7
6270,MHPRQVIDQK,GIPWSAMAHA,train,0.34797507524490356,0.9149264097213745,1.057004451751709,9
3785,VPPEAWISHY,GPPSTLHDLG,train,0.6164950132369995,0.46934497356414795,0.2739648222923279,8
4949,TMPLGQHVKA,RGPKSIYSQW,train,0.35821533203125,0.11875104904174805,0.5084850788116455,9
7036,EPPRGVRTSG,GNPRGMTVIF,train,0.01337730884552002,0.5812151432037354,0.11059021949768066,7
6675,MAPRSWTASG,MNPFWMWGLG,train,0.6251980066299438,0.47559189796447754,0.6754343509674072,7
10303,CVPRGVQDVS,PCPRDIWVPG,validation,0.1238631010055542,0.64560866355896,0.9843564033508301,8
4719,DVPRAWIAHT,PWPRYLASEG,train,0.6763383746147156,0.5405594110488892,0.02174156904220581,8
222,FKPLPWTGKI,RRLRPSWSGG,train,1.9052101373672485,0.6442406177520752,0.4182092249393463,9
3371,KYPQGMHTNW,NAPRPLQSIY,train,0.4500241279602051,0.4380403161048889,0.449975848197937,9
5416,SGPRTLYDPQ,SKPRMLHDGT,validation,0.43772411346435547,0.4346531629562378,0.42274487018585205,5
4034,GTPRSVRTMI,TMPRWWFSLR,validation,0.6867454648017883,0.5687562227249146,0.1083478033542633,8
1355,FSPLNWRDEQ,LAWRALYDSG,train,0.10384726524353027,0.0139998197555542,0.05571240186691284,9
7002,FMPRMYQDLS,ALPRFIYDVY,train,1.2725226879119873,0.3544999361038208,0.3506571054458618,7
7744,YTPRSWRTGY,KTPLGQSNAG,train,0.6260881423950195,0.3509782552719116,0.2686300277709961,8
1138,WAPINMYHIG,QGPGHISMVF,train,2.311505079269409,1.2644728422164917,0.9007441401481628,9
1266,WMPSGMTVKG,IPSPQWRTGL,validation,2.102870464324951,0.7109180688858032,0.4562072455883026,10
6760,SEPRMLYGAG,VDVRSLIGRF,train,0.5613149404525757,0.23412925004959106,0.11002665758132935,7
7348,NIPRGVVDKI,SRPRGVKTNA,train,0.4557364583015442,0.18194329738616943,0.06568551063537598,6
1175,TRPRDLYSWR,YTPRSHYHQT,validation,1.453157901763916,0.47644200921058655,0.28968948125839233,7
8931,TYPRGLSDTS,EMPRWYMTLW,train,0.27857446670532227,0.23374056816101074,0.4352601170539856,8
8536,GAPRSYIGHW,ENPIRSTGMG,validation,2.347376585006714,1.6974332332611084,1.0940232276916504,8
1516,ASPRSYIGNA,MGYGIMVGVT,train,1.7595810890197754,1.646291971206665,0.9409909844398499,9
9593,VYPKGMYTAS,KRPKGFVASW,validation,0.5725551843643188,0.22936701774597168,0.22637856006622314,7
7432,GYPRAFASWT,PQPEPHPLSG,train,0.2579686641693115,0.8430083394050598,0.5807449817657471,9
1927,WAPRSWQSNA,MRPRYMKGPK,train,0.1661694049835205,0.4617185592651367,0.2373131513595581,8
10874,VGPRSLTNEV,PRPRSILYST,train,0.05885189771652222,0.3192610740661621,0.1646864414215088,7
814,LQPRNYRNPR,LGRAVGQGLE,train,1.941471815109253,1.3264214992523193,0.7719660401344299,9
5699,HYPRSWRTPW,YFPLGQYVKV,validation,0.0814734697341919,0.3881704807281494,0.6132810115814209,9
8235,YDPYGMWVSG,SEPKYLRNLA,train,0.14541983604431152,0.5386102795600891,0.9352263808250427,9
4658,MYPSGFQDIA,YCPVPFYAGR,train,0.14231586456298828,0.11413931846618652,0.5339109897613525,8
6610,GTPRSYMDIH,FRPRWYVGKA,train,0.2067033052444458,0.03404688835144043,0.25749820470809937,7
10911,AVPRAVHVMW,STVFWMRAPL,train,0.21573173999786377,0.33044445514678955,0.28192222118377686,10
10490,ETPRQMLSAQ,YVPAGVLGQL,train,0.215673565864563,0.10379242897033691,0.41172969341278076,8
1952,VYPGAQFANG,MVPRYWQGMA,validation,0.45754802227020264,0.10217607021331787,0.2203616499900818,9
8666,PGPVNMKTPR,VAPRSLQVRL,train,0.20070648193359375,0.5626142024993896,0.6249701976776123,9
5999,SVPRAYKDTR,MGRLNKGTAW,train,2.5125222206115723,1.8895220756530762,2.745345115661621,10
246,QTPRWMVGPQ,VTPSWLYANG,validation,0.30561017990112305,0.47861814498901367,0.3775200843811035,7
10627,LTPTGLTVEG,ADPVYLRALA,train,0.08025753498077393,0.6285447478294373,0.6574833393096924,8
669,WAPRYLSDEW,WAPDKLKTWV,train,0.5504360198974609,0.8516175150871277,1.4972041845321655,6
6632,GAPRYWIDEG,IFPRNWKALG,train,0.5134403705596924,0.5606715679168701,0.5678818225860596,6
9734,VMPRSFQGKF,YDPQSWRAFG,validation,0.41111475229263306,0.4212009906768799,0.2085247039794922,8
9640,VKPKQLVDHQ,HPPKTLMATH,train,0.1452251672744751,0.12334668636322021,0.27397263050079346,7
4950,GPVRAIRSEI,MRLGALTVFG,validation,0.880792498588562,1.3347235918045044,2.31503963470459,9
1485,TYPRAFQGPA,TWPVGMYSKH,train,0.26963019371032715,0.3968247175216675,0.47620654106140137,8
8621,SYPKQLYDPF,GRVLPLYDNF,validation,0.21902251243591309,0.5507645606994629,0.671934187412262,6
7116,YIPRPVYDLG,DRPRSVFDVG,validation,0.4511491656303406,0.031853318214416504,0.14759302139282227,5
5017,AVPVAYASQT,YFGMAWQANL,train,1.450399398803711,1.068264365196228,0.5747703909873962,9
3874,ARPVAYHDLG,WPTASWRVTW,validation,1.6667592525482178,1.687455415725708,1.3628630638122559,10
1733,AAPRPVMTPH,RAPRSWMSWT,train,0.07979166507720947,0.06939196586608887,0.1127009391784668,6
6111,VFPRQLKDSL,KWPRWLTASG,train,0.2295933961868286,0.09161502122879028,0.4938797354698181,6
6270,QTPRELYDNF,KTPRDLHDSI,train,0.723742663860321,0.5866339206695557,0.6280211806297302,5
3785,DGPKGQITRV,TQPSDSIAEY,train,1.1933397054672241,1.002039909362793,0.4548265337944031,8
4949,SKPLGQYDVG,DLPTGLYTGW,validation,0.28001880645751953,0.38985109329223633,0.8614718914031982,7
7036,QRPRWLQSNW,RSPRNLKDNR,validation,0.6615697145462036,0.40277034044265747,0.5032557845115662,6
6675,VGPRPVMSWA,KPVWWYTASG,train,0.26336097717285156,0.5666069984436035,1.0366134643554688,10
10303,CEPLAWRDWT,PDPKQIAVGF,train,1.3638116121292114,0.7030518651008606,0.4563681185245514,9
4719,DTPRDILAPI,GFPRMLWTWI,train,0.4339626431465149,0.27184128761291504,0.07967138290405273,7
222,NQPRGVYANQ,SRPLGQMGTV,train,0.10460221767425537,0.7440515160560608,0.9458274841308594,8
3371,KVPAGWIAGH,GQPAWIQSQI,validation,0.16359424591064453,0.46269798278808594,0.09827756881713867,8
5416,GQPRAIQDGY,QMPRNLYFGI,validation,0.04678678512573242,0.7210228443145752,0.9696509838104248,7
4034,YAPVPFMGQG,GQPRAVMGTR,validation,0.5466138124465942,0.22543227672576904,0.49692559242248535,7
1355,LYPRAFYDGT,GVPRAWKDGT,train,0.8917067050933838,0.4245319366455078,0.02642679214477539,4
7002,TAPLYFYDWS,WIPSAVQIWS,train,1.388053297996521,1.116551160812378,0.5699753165245056,7
7744,HQPRAYWGLF,RNPQWMIGET,validation,0.251697301864624,0.8106903433799744,1.3120479583740234,8
1138,PQPRSWKTVG,EAPRMLHDEL,train,0.14854848384857178,0.4856604337692261,0.2774716019630432,8
1266,FEPRGSYGLT,YGYASMYNRY,train,1.290498971939087,1.4067106246948242,0.5955698490142822,9
6760,PFPLAWAGTY,SPVLGITGSF,train,1.4259965419769287,0.36638492345809937,0.23352661728858948,8
7348,KRPRTLVVWF,NFPRSWTMVQ,train,0.09855395555496216,0.7290811538696289,0.6652674078941345,8
1175,YFPQGMYNEG,PRPRGLQGRH,train,0.05870926380157471,0.4780139923095703,2.3927865028381348,8
8931,TMPRWLIDEG,LSVRWLTASG,train,0.4941508173942566,0.40451204776763916,0.4373963475227356,6
8536,VNPVPYRTAS,VFPRDMSAIS,train,0.6364595890045166,0.1756981611251831,0.22471439838409424,7
1516,GVPRAVKGPF,GPPRSTFGRH,validation,1.414184808731079,0.8976191878318787,0.20268011093139648,6
9593,MVPKGMSVYR,VWRGKRYRAH,train,2.8860630989074707,1.5724318027496338,1.3023806810379028,10
7432,NGPWSYRDPA,FWPSPYTASG,train,0.09921717643737793,0.17735683917999268,1.6512227058410645,8
1927,YKPRAFWARS,DMPRAFTASG,train,0.0007853507995605469,0.06583511829376221,0.28080248832702637,5
10874,TAPKWLSTIS,IVARPLKANG,train,0.3195056915283203,1.1741244792938232,1.5640352964401245,9
814,WVPRMVTASG,MGVRAVTASG,validation,0.8653728365898132,0.03294968605041504,0.48598456382751465,4
5699,HYPSNMLNIR,QDPWYFQVQY,train,1.4903404712677002,0.11116805672645569,1.0091520547866821,9
8235,LRPRSLINWV,KFPRNLYDLV,train,0.38298499584198,0.12276911735534668,0.5519967079162598,6
4658,HIPRPFWDTV,MWPYGWQGIW,validation,0.36534595489501953,0.2989614009857178,0.023618102073669434,9
6610,DGPYPVFAGP,CPTGHWTASG,train,2.1231889724731445,0.8636516332626343,0.9280093908309937,9
10911,TVPKNQMSVP,MGIFKQIGWS,train,1.2818394899368286,0.7381570339202881,0.8259049654006958,9
10490,WGPRSYRGNF,MWPRGLIGWR,validation,0.07892608642578125,0.566521167755127,1.5667484998703003,7
1952,WYPRSAFAIK,APPLASIVWV,train,0.0814436674118042,0.3890702724456787,0.9099084734916687,9
8666,MYPRSMSVSY,FIPRNYKSKQ,train,0.0671006441116333,0.188728928565979,0.0343814492225647,8
5999,QAPKWMAGTY,ICPRLVRANF,validation,1.5299032926559448,1.0348176956176758,0.06405408680438995,9
246,TVPRNVIDLR,LVARALHGEV,train,0.41364383697509766,0.7747536301612854,0.600701630115509,8
10627,TGPIPLWDNG,RYPWALIDGH,train,0.22074651718139648,1.045282244682312,2.074911117553711,7
669,YQPRQMATNF,PVPRPVQLNV,train,0.5073845386505127,1.3514541387557983,1.051935076713562,7
6632,WMPRQYKANF,MVPKNQMDRA,train,0.1552058458328247,0.4285588264465332,0.024646759033203125,9
9734,WQPRSYAGQW,WDPRSLYWPF,train,0.7516337633132935,0.8148555159568787,0.11905601620674133,6
9640,GWPRELTDFH,QYPRERSVHF,train,1.8712329864501953,1.1735196113586426,1.2883038520812988,7
4950,SEPKGMYVGR,KRPKGMTASG,train,0.06129193305969238,0.27406060695648193,0.4794483184814453,6
1485,PFPRPVMGEA,VRPKYSTASG,validation,0.6503057479858398,0.35027801990509033,0.0696006715297699,9
8621,VPPKLLWSVH,HFPLKQSHPF,validation,1.2568398714065552,0.9428281784057617,0.18015922605991364,9
7116,TVPRAVQSTG,KVPWGVSVKT,train,0.5784347057342529,0.9031490683555603,0.7754197120666504,7
5017,TKPVAWKTST,RWPAWLINPV,validation,0.3434959650039673,0.4964618682861328,0.6409919857978821,9
3874,HIPLPWRTSN,HPRPARDYPT,train,1.3368849754333496,0.45162707567214966,0.22632065415382385,9
1733,MWPRAYTGEF,RYPRSWTGNQ,train,0.8461968302726746,0.40883755683898926,0.03774181008338928,6
6111,SMPRWMSTPI,WDPKWMHSGK,train,0.7034624814987183,0.22022271156311035,0.059627652168273926,7
6270,WAPRTLVGAH,KDPIPIPAKT,train,1.4903881549835205,1.3021389245986938,0.4516867399215698,9
3785,LPPLGFWNHS,YERQIRWVIS,train,1.8492151498794556,1.2287037372589111,0.9421802759170532,8
4949,RQPRNYVDMS,MPWMNIKGLF,train,0.5862902998924255,0.47288817167282104,0.6168023943901062,9
7036,SIPRNVMASW,MLPRSMWIHG,train,0.24826431274414062,0.09559887647628784,0.35149502754211426,8
6675,ANPRDIMDGV,WTPRVMTSTW,train,0.21964508295059204,0.14148426055908203,0.10356897115707397,8
10303,YWPRELRDHA,EHMQGQYASY,validation,1.953310251235962,1.0587518215179443,0.7829562425613403,10
4719,TQPRAIHDQY,LTPRYWKDGF,train,0.6332488656044006,0.1045069694519043,0.024593651294708252,7
222,GKPKGMKGNW,TAPKFIMGIG,train,0.1713085174560547,0.11582279205322266,0.2448129653930664,7
3371,DRPRDLWAWF,GGAPRSIATP,validation,0.8154897689819336,0.06404411792755127,0.32682549953460693,9
5416,NGPRSLWSWT,FKAFSLITNW,train,0.333514928817749,0.6363154053688049,0.5010716915130615,8
4034,TWPRAYTGTQ,KWPSGMHGRA,train,0.1096343994140625,0.04775512218475342,1.0666053295135498,7
1355,HRPRPLLDVH,HFAVALRDEA,train,0.6871601343154907,0.38245663046836853,0.5735350847244263,7
7002,FQPRNYLDHW,YTPRTLHDTG,train,0.5589216351509094,0.2378215789794922,0.1571785807609558,7
7744,KSPRGYSASL,TATRWLHAQT,validation,0.978571891784668,0.45543360710144043,0.059606537222862244,8
1138,TLPRSYIQTQ,EQPRSWMQHI,train,0.493411123752594,0.1907188892364502,0.4177591800689697,6
1266,KRPRAYWVNQ,QTPLNAWGEH,train,0.2541470527648926,0.3629109859466553,0.4497455358505249,8
6760,IWPRPLYDGA,RAPRFLYGVS,train,0.25602126121520996,0.006072998046875,0.23432576656341553,6
7348,GQPRSWNSGQ,MKPRNVTGHL,train,0.2853466868400574,0.4674323797225952,0.29238471388816833,8
1175,VMPRSWYGPQ,VMPSGFYGTA,train,0.08464610576629639,0.037972450256347656,1.1185928583145142,5
8931,DKPVMLYSTA,FLPLVIAYGY,train,1.5140272378921509,0.8995773196220398,0.6765487194061279,9
8536,YVPRAVKGSG,VEAVAIYGMY,train,0.2921789884567261,0.3964521884918213,0.32663214206695557,8
1516,PRPRAVSADA,QGPRMLNGEF,validation,0.5268864035606384,0.6868863105773926,0.22946834564208984,8
9593,RWPRAFFNNA,LDYLPLRSHW,train,0.9482075572013855,0.8982499241828918,0.5398281216621399,10
7432,TYPRAYIDPT,IGPWAFQDTK,train,0.024214982986450195,0.4585760831832886,0.9576231241226196,7
1927,VMPRSWIAST,IAPRFVMTAS,train,0.31364524364471436,0.30820727348327637,0.6177111864089966,8
10874,QRPVQYRVKG,KGPRSLYYQK,train,0.3871212601661682,0.608437180519104,0.0347934365272522,9
814,AFPRGSTAPG,RRPRSWTASG,validation,0.22155290842056274,0.44719958305358887,0.09779566526412964,5
5699,LMPQSWRTMH,VRPRMLYNAG,validation,0.24465525150299072,0.28555595874786377,0.02910834550857544,9
8235,SWPVGLYGTF,DMPRWLVYVH,train,0.45925384759902954,0.06829249858856201,0.17728310823440552,8
4658,TEPLPFHDQR,YSPTGLWSTG,validation,0.12057757377624512,0.01745736598968506,0.015978336334228516,9
6610,TYPRWMLGEH,YIPSWYMGTA,validation,0.0648202896118164,0.1485433578491211,0.8824061155319214,7
10911,WKPSGMVYVK,GRPTGLTFIE,train,0.7570696473121643,0.28814393281936646,0.391842246055603,8
10490,PEPRGLSDMI,GPYFGMWKQL,train,1.957160472869873,1.059261679649353,1.3578622341156006,9
1952,GVPRAWTASG,FGPQPFWNIW,train,0.3621196746826172,0.5028438568115234,0.07807004451751709,9
8666,ATPRSVRTNG,KPPRGVIGHT,train,0.34278780221939087,0.23830103874206543,1.083064317703247,7
5999,GIPRWVTASG,EQPRGMAGTA,train,0.0014396905899047852,0.2593109607696533,0.47162866592407227,8
246,TMPRQIYDRH,SWPRWLMAEF,train,0.5197261571884155,0.3329397439956665,0.2656395137310028,8
10627,EFPRMLYDLV,YLPAHIVDRH,train,0.8059951066970825,0.3374374806880951,1.1149661540985107,8
669,LGPRTLNDTW,VAPGSVWVLW,train,0.6392626762390137,0.5031753778457642,0.11514684557914734,8
6632,YEPRNVYTAS,FLPGNFTASG,train,0.0035066604614257812,0.49377381801605225,1.2401111125946045,8
9734,DGPRSLIVGY,KWPRSLHSHG,validation,1.1266494989395142,0.3374181389808655,0.39111098647117615,6
9640,SKPKLLFAPR,GNPYKLSTAS,validation,0.3311237692832947,0.35579943656921387,0.5789144039154053,8
4950,FVPRQMKTWT,AGPRGLQVNH,train,0.07162618637084961,0.31207799911499023,1.600067377090454,8
1485,FQPRSYIGET,EAPRAYSGNR,train,0.1860213279724121,0.08937966823577881,0.7192486524581909,6
8621,GAPRSLWGHF,SYPWALQRWR,validation,0.6553046107292175,1.2881752252578735,1.0674285888671875,8
7116,YGPSAFQDIL,PAPVHMLNEV,train,0.3761259913444519,0.7983487844467163,0.8656014204025269,9
5017,TVPKNQMAGQ,GPRPKREAIE,train,1.810348629951477,0.9988470077514648,1.033880591392517,9
3874,QYPRAFSTPT,SPLATVTASG,train,2.1179614067077637,1.608529806137085,0.6680580377578735,10
1733,MQPRSWMAVS,LHPRAFRNPG,train,0.1842799186706543,0.08745837211608887,0.15758490562438965,8
6111,TPPIWMRDNH,TGPKWMKDQF,train,0.44024455547332764,0.13926732540130615,0.020623385906219482,5
6270,GRPRQLRDPY,KTPRDLDGSI,train,1.0874382257461548,0.4795628786087036,0.25959935784339905,7
3785,TAPLSWSTQA,VAPAYWQTRK,train,0.48087286949157715,0.295365571975708,0.4673190712928772,6
4949,LPARWLMVEG,PTVRWLHDST,train,0.7191038131713867,0.273462176322937,0.43818727135658264,7
7036,LAPRFIKTWI,QKPRNMIRTW,train,0.05067563056945801,0.17618262767791748,0.23363637924194336,8
6675,LEPRNYWGEG,LFPRWILDEV,validation,0.24296510219573975,0.17572474479675293,0.020338714122772217,6
10303,AMPRQFRTHA,MAVIMYSGHA,train,2.1579926013946533,1.9575244188308716,1.0714045763015747,8
4719,QRPRDLLSEG,AMPRFIQDRH,train,0.4510355591773987,0.2886504530906677,0.25001955032348633,8
222,LFPRAFKGWF,TYPRAFANGW,train,0.06301617622375488,0.05297732353210449,0.14312130212783813,6
3371,YPPVWMINKG,FDPAGMREGT,train,0.00046074390411376953,0.0783231258392334,0.08985161781311035,8
5416,VYPLNWRDNL,RDPRSLIDEY,train,0.786781370639801,0.06612223386764526,0.038801372051239014,8
4034,KDPKGMWDEW,AGPRSWTQPV,train,0.09310752153396606,0.2812027931213379,0.5053548216819763,9
1355,VYPRPLSDIG,VAWGHLIDWT,train,1.8322970867156982,1.0337249040603638,1.0909104347229004,7
7002,HEPRSVMDAR,YQTMAYWDPY,train,0.684644877910614,0.5372505187988281,1.0052789449691772,9
7744,QLPRAVYDTF,IYPRSVQDSL,train,0.6869152784347534,0.6255841255187988,0.34671783447265625,6
1138,TWPRSMLNLF,MARWDKYRTI,train,1.5963118076324463,0.9769461154937744,1.243039608001709,10
1266,PNPRPLSDER,QSPRMYAGIF,train,0.7587610483169556,0.018081188201904297,0.005638584494590759,8
6760,LTPRYLSGPR,TAPRSLSGSA,train,0.07067537307739258,0.04233527183532715,0.547030508518219,5
7348,HTPRNYRDTY,GLPRAVINTQ,train,0.24179881811141968,0.13880717754364014,0.3056672215461731,7
1175,YQPRNYLGSY,SDPRPLYGWR,train,0.7413084506988525,0.5565488338470459,0.4930233359336853,7
8931,YAPINLWDHF,INAIHLQSEA,validation,1.4614245891571045,1.191601037979126,0.5692545771598816,8
8536,AMPRSVKDGI,TPPRGVADIS,train,0.7488343715667725,0.24134981632232666,0.11726111173629761,6
1516,FPPRLMHSIT,TGVSWLYPAQ,train,0.6062816381454468,0.13795769214630127,0.0828590989112854,10
9593,IQPRSWTASG,HTVRSYWSIT,train,0.9337509870529175,0.7329226732254028,0.3050540089607239,8
7432,IQPRAYKGNI,LWPLNYQSPY,train,0.052050113677978516,0.552524209022522,0.6235487461090088,8
1927,TVPRNVFDIT,AVPRYWSALW,train,0.44562894105911255,0.02236461639404297,0.0034340620040893555,7
10874,MVPKNQMYPI,GKGPAMQYGV,train,1.74009108543396,0.7505260705947876,1.3630667924880981,9
814,QRPSWVRTVK,NAPAGVTGIV,train,0.5051814913749695,0.31875884532928467,0.6780880093574524,8
5699,MAPRSYINVK,YLPRAILYPI,train,0.1283174753189087,0.6960970759391785,0.8423724174499512,8
8235,VPPRWLYNEI,TKPYSWRQMW,train,0.3516007661819458,0.39732974767684937,0.4795770049095154,9
4658,KQPRGYTFGF,MIPRNWQSNI,train,0.33678263425827026,0.3741021752357483,0.12593430280685425,8
6610,ATPVWMRNGV,ISVRGMWNMY,train,0.7813400626182556,0.7126250267028809,0.0799345076084137,8
10911,QSPKGMRYGT,APIWKLQGPT,train,1.2141313552856445,1.4818300008773804,1.644415259361267,9
10490,WAPANWVALG,PYGEHLTASG,validation,2.6009490489959717,1.3568902015686035,1.2930018901824951,8
1952,FQPRNYRNWM,RRPEWYQGTI,validation,0.6700266003608704,0.1340268850326538,0.15411141514778137,8
8666,MAPRLIRVAF,DLRHQRDLFS,validation,2.1624114513397217,1.0426981449127197,0.7111495733261108,10
5999,VPPRYMTDRS,WAPRWVMSAS,train,0.04833495616912842,0.07820296287536621,0.7401889562606812,7
246,GMPRWMKGNY,YMVRAIQSPH,train,0.09524601697921753,0.5958908200263977,0.23312681913375854,8
10627,SYPLPFYDNQ,HTLAALQDEF,validation,1.7182806730270386,1.5851223468780518,1.696055293083191,9
669,FAPREVTVQG,CPPDQLSAGR,train,0.5746472477912903,0.6691356301307678,0.8225039839744568,9
6632,TYPRAFSAPL,RHPLGYTASG,train,0.13543593883514404,0.925834059715271,0.6877919435501099,8
9734,CKPAGLTGHY,EAPRSLKAEH,train,0.1441255807876587,0.26704132556915283,0.013092100620269775,8
9640,VCPVNLIGPR,RSPKSLTASG,train,0.9064551591873169,0.2684788107872009,0.839971661567688,8
4950,KNPLAFKSQF,KWPRGLQYHT,train,0.9841021299362183,0.36791273951530457,0.588247537612915,8
1485,MAPRYWTGTA,TWPRSWTGER,validation,0.2290656566619873,0.2479534149169922,0.35966265201568604,5
8621,LKPVNLWNQW,PVPRAIYRSG,validation,0.17719483375549316,0.23927158117294312,0.7853584289550781,9
7116,WVPRAVYGEI,FGPRSYIGNV,train,0.01697254180908203,0.28060340881347656,0.5251208543777466,7
5017,HMPRSYSGMD,YAPSLYTASG,train,1.0133613348007202,1.177733063697815,1.6731131076812744,8
3874,EPPVAYRDER,GWPSVWKSRK,train,2.2966291904449463,1.7197171449661255,1.6537452936172485,9
1733,SYPRAFINRG,FRVRGMFGVR,train,0.2786797285079956,0.17254066467285156,0.31418389081954956,9
6111,VLPRSWVNVT,YDPRWITASG,validation,0.16041672229766846,0.08709239959716797,0.0030201077461242676,8
6270,TDIYGLRDGY,PTPRGSAVPT,train,0.8660322427749634,0.28790581226348877,0.055232226848602295,9
3785,YPPRNYQNAS,PIAFHLFATF,validation,0.3224542737007141,0.8806934952735901,1.768963098526001,10
4949,GLPLGFLDPY,IAPLHIKDQY,train,0.17146050930023193,0.5625274777412415,0.9521764516830444,6
7036,QHPRGMHNWY,SFPRAWISVI,train,0.28713828325271606,0.48650896549224854,0.07018184661865234,8
6675,LHPRSWTEPT,KSPRMLYSEF,train,0.4975418448448181,0.44677722454071045,0.36062091588974,8
10303,VQPRQVRTAH,GPAKDIMTAS,train,1.5507649183273315,1.418796420097351,0.3902828097343445,8
4719,RTPKGYTASG,LQPAWYTGGF,train,0.031063199043273926,0.19227981567382812,0.10296666622161865,7
222,TWPRELKSKF,CGPRSTLGSG,train,1.2724978923797607,0.08033251762390137,0.3392210006713867,8
3371,SIPNAWVGPQ,KVPAMWGNGI,validation,1.3966695070266724,1.2643216848373413,1.2356667518615723,8
5416,VAPRSMKNRI,QPVLALTSKI,train,0.00244903564453125,0.7805501222610474,0.2743101119995117,9
4034,RGPRSIWDSR,TFVKGMFGKG,train,0.7826350927352905,0.07509982585906982,0.15128320455551147,10
1355,LVPRPIHQEA,CSVLHLIDGR,train,0.7606150507926941,0.36674320697784424,0.30221664905548096,10
7002,HGPSSYIDQV,QFWAFITASG,train,1.6697323322296143,1.5799037218093872,1.7040095329284668,10
7744,LNPGWMWGAY,AIPRYLTGPG,train,0.04288887977600098,0.4663373827934265,0.10381978750228882,8
1138,YKPRAIHSIQ,SKPNFLYMKW,train,1.9925615787506104,1.3786468505859375,1.0238341093063354,8
1266,SGPRNSWTAS,VFPRQWRGWG,train,0.5242983102798462,0.2543281316757202,0.274467408657074,8
6760,STPLGWTATA,ELVRSLYGEG,train,0.773422122001648,0.522417426109314,0.019997358322143555,10
7348,ARPRPVTASG,RQPRPVFSAI,train,0.25360971689224243,0.32173216342926025,0.5025511384010315,6
1175,QYPSGWTASG,SMPRWYMGQG,validation,0.2489866018295288,0.08615314960479736,0.12371736764907837,8
8931,EVARAMWAMS,KIPVHIWNAT,train,1.9380090236663818,1.0646932125091553,1.1593869924545288,9
8536,CHPVAYTGPV,NKPMFYKGMG,train,0.33533281087875366,0.8620123863220215,1.0222587585449219,7
1516,KFPKGMHSTR,FNPFKYHGIQ,train,1.0598950386047363,0.7489670515060425,0.5660159587860107,8
9593,MTPRSYVGVQ,SIPAQWRGMG,train,0.7918601632118225,0.18353116512298584,0.451982319355011,8
7432,YWPRPLLDGW,WPPEAYRQEY,train,0.06929945945739746,0.17271947860717773,0.42739176750183105,9
1927,TQPRELWDKY,RTPVGMYNGQ,train,0.15482771396636963,0.07017374038696289,0.560147762298584,9
10874,YRPRAIMDIL,KFPRSLTASG,train,1.0358712673187256,0.20641279220581055,0.6951987147331238,8
814,RRPRSVMAGF,KIPAGVTASG,train,0.20187485218048096,0.16989433765411377,0.18549156188964844,7
5699,GNPYGWRTMW,QYPQSWRTWK,validation,0.10840386152267456,0.3754061460494995,0.5081995129585266,6
8235,WVPRAWQQMG,CHPRFITNVR,train,1.424861192703247,0.3015372157096863,0.35665658116340637,8
4658,WAPSYWVSIG,TQPRSYHNHY,train,0.8005427122116089,0.11370265483856201,0.20147192478179932,9
6610,IYPRAVTGQA,MWPKWMKDMY,validation,0.03451406955718994,0.06989753246307373,0.019955754280090332,9
10911,VRPRSLMDIG,PFTRWLMYPK,train,1.2108851671218872,0.3430674076080322,0.26700451970100403,7
10490,VQPRQWTASG,IPPRWYRGMT,train,0.24025213718414307,0.08091473579406738,0.17093771696090698,8
1952,EAPKWMRTMA,GVPRAVWNLF,train,0.16710162162780762,0.44648075103759766,0.6769171953201294,9
8666,FRPRQLTVIG,VLPRQLFASG,train,0.3911247253417969,0.03177440166473389,0.263128399848938,5
5999,SVPRAYHASG,PAVRGVKAAV,train,1.160610556602478,0.8055540919303894,0.23909319937229156,8
246,TGVSWLIASV,FNWRAMRAVL,train,0.2411760687828064,0.027155935764312744,0.6217011213302612,9
10627,MAPKFLQDTG,NYPWALHDQG,validation,0.04441702365875244,0.5085746645927429,1.8484926223754883,6
669,WVPRKLSDGT,HGPWTANVAG,train,2.0811879634857178,1.4066150188446045,1.2595536708831787,9
6632,LRPKGWTASG,SVPRAVWTPF,validation,0.08448529243469238,0.05348515510559082,0.012955784797668457,9
9734,QNPRSWRTVF,HGPRSLNSGV,train,0.02317965030670166,0.3976466655731201,0.5295420289039612,7
9640,GRPRTLVAPF,AHVFSLTASG,train,0.7355302572250366,0.7058029174804688,0.5641030073165894,8
4950,RWPAGLSDGA,RSISGLTVAF,train,1.8338308334350586,1.076974868774414,0.8452003598213196,7
1485,MTPRGYHGTY,RIPRPSWGNQ,train,0.6352753043174744,0.6471989154815674,0.030593037605285645,7
8621,YAPVAIRDWT,FPPYALYTGY,train,0.034795522689819336,0.6604284048080444,1.0864903926849365,8
7116,YDPRAVMSWG,GLPREVIGER,validation,0.3187600374221802,0.03205287456512451,0.10574519634246826,7
5017,GMPRTMWGEW,HGPRDYTGPF,train,0.42230224609375,0.07859838008880615,0.15512490272521973,7
3874,LQPLSWRTTF,LSPLASKYEV,train,1.885982871055603,0.9557080864906311,1.33025324344635,7
1733,PMPRSWTGQH,TGVRAWLQTQ,train,1.7032697200775146,1.884482741355896,1.3489247560501099,8
6111,MYPKWMSNAS,FDPKWMRHQF,train,0.6731457114219666,0.26028740406036377,0.1476912796497345,6
6270,NQPVAIWDPY,WKPSKLKSQG,train,0.5667139291763306,0.700205385684967,1.0557596683502197,9
3785,ATPRQLTDWI,EARPGVPFHT,train,2.2710912227630615,1.0195412635803223,0.5207741260528564,10
4949,MWPVSMWDST,NSPRDIGNIW,train,1.4819533824920654,1.2428128719329834,0.5410662889480591,9
7036,VSPRSWIAPQ,ASPRWMRVEK,train,0.2590303421020508,0.44983839988708496,0.044434547424316406,7
6675,FGPVSYRSAQ,KYGLHLTGSG,validation,2.625739097595215,1.4628145694732666,0.6985403895378113,10
10303,GIPRPVTASG,KHPRFLFYGG,train,1.4480911493301392,1.3185555934906006,0.824957549571991,7
4719,KQPRGMKDRF,PQVFGMQGAF,train,0.3386901617050171,0.4519007205963135,1.1044714450836182,6
222,EWPRGMYGNG,GAPRSYTASG,validation,0.029530763626098633,0.3620760440826416,0.42585110664367676,7
3371,IPPRWMAGGI,TNPVWMRGAS,validation,0.006631612777709961,0.14881885051727295,0.04634612798690796,6
5416,VAPRSLIDRH,TDPKFLYDLS,train,0.9021895527839661,0.36914366483688354,0.40786683559417725,7
4034,RNPRSYLDPK,FSPRYWTASG,validation,0.42151349782943726,0.08545708656311035,0.15067505836486816,8
1355,VYPVPMWGHG,EIPRFIRDLG,train,0.37550944089889526,0.5715649127960205,0.46425187587738037,8
7002,GWPRTLMAMG,WTPGAMLYPT,train,0.29475975036621094,0.10361844301223755,0.5025269985198975,9
7744,AHPRSMRNPG,NYSGRLFVAW,train,1.931006669998169,1.2384936809539795,0.7099423408508301,10
1138,IAPRLAMASQ,LCWYVPVNVG,train,1.7017567157745361,0.7543843388557434,0.5044982433319092,10
1266,YKPRGYTGRS,WPPHAFSGLG,train,0.2450176477432251,0.13851749897003174,0.7198569774627686,8
6760,AYPVAWIGTA,PIPRPVVGEH,train,0.5280110239982605,0.07738351821899414,0.008746743202209473,8
7348,PYPRAVTASG,PRPSPVMANG,train,0.38794970512390137,0.25819897651672363,0.39664018154144287,5
1175,MVPVGWRGHQ,NMPRSHQGVL,train,1.017014503479004,1.0798722505569458,0.6121565103530884,8
8931,RDVLWMRGNI,DWPAWLKTAS,train,0.097617506980896,0.1522846221923828,0.2708544135093689,9
8536,GVPRNVIDRA,VTPRDIRDIT,train,0.03486752510070801,0.2982051372528076,0.018469929695129395,7
1516,VAPRYWTGSA,LSPRYWFAHF,train,1.4354826211929321,0.9309816360473633,0.3082428276538849,6
9593,WNPRAVKTNK,HRPGWLQSLF,validation,0.47002583742141724,0.4928637146949768,0.04531693458557129,9
7432,DVPRNWTASG,MSPRWYGNWF,train,1.0271598100662231,0.4615393877029419,0.12212103605270386,8
1927,LTPRGWTASG,MAPRGVKGAG,train,0.2192401885986328,0.27471923828125,0.9359777569770813,6
10874,PWVRAWTASG,LSWRALTASG,train,0.4705575108528137,0.422987699508667,0.2417657971382141,4
814,GPPKGQWNAS,FWPRTMKGEQ,train,0.01344597339630127,0.4451022148132324,0.28238141536712646,9
5699,PRPRSWINYS,YSPKSWTNLQ,train,0.6910439729690552,0.5960458517074585,0.05221429467201233,6
8235,IAPVAYQGHF,PYPWAWRTMV,validation,0.10334384441375732,0.8130646347999573,0.011098146438598633,8
4658,VRPRSWYVNG,TIPTAFIDQY,train,0.26820510625839233,0.31955981254577637,0.1995769739151001,9
6610,AGPRSYLQGR,SAPKWIWGTF,train,0.38473451137542725,0.0003427267074584961,0.10962754487991333,9
10911,WVARAMQDLV,LWGRALSDPL,validation,0.644148588180542,0.014223098754882812,0.09786725044250488,7
10490,MTPRTLVGQY,DQPRGVFWKW,train,1.0164486169815063,0.5096067190170288,0.5706808567047119,8
1952,TGPVPMTASG,FWHFNMRAMH,train,1.3346394300460815,0.08730822801589966,0.044032156467437744,8
8666,GAPRGVITAS,AAPRGVHSFT,train,0.13488352298736572,0.12262988090515137,0.6660106182098389,5
5999,VWPRGVKTAS,GRTIRGWGLG,train,2.3032772541046143,1.609053373336792,0.6161551475524902,10
246,NTPKWLQSGY,RNPRNILAIG,train,0.07288587093353271,0.3443487882614136,0.04627692699432373,9
10627,REPIPILDGW,EFPLMLTDES,train,0.009968996047973633,0.7062865495681763,1.418931245803833,8
669,PYPKQLKDIG,AKPARLSDPF,train,0.6326418519020081,0.18904465436935425,0.31645214557647705,7
6632,NYPASWTASG,REPLKTRYGY,validation,1.4335566759109497,1.0797137022018433,1.297602891921997,9
9734,VMPHSFKSWI,LYVRAHTSRF,train,0.8751571178436279,0.6872543096542358,0.47701001167297363,9
9640,VIPRTLVDWG,GKPLPWIGSF,validation,0.20933592319488525,0.3497343063354492,0.5723953247070312,9
4950,VRPRAVTASG,VKPSGVWAEI,validation,0.18129336833953857,0.09411787986755371,0.08873260021209717,6
1485,MFPSGVTASG,KRPSPWTASG,train,0.24021214246749878,0.41892755031585693,0.0445590615272522,4
8621,NYPRSLMDVI,SPVWNLTGGW,train,0.17366927862167358,0.7651178240776062,1.200905680656433,9
7116,GYPRSWTVGR,GNPIPIYDPG,train,0.4009019732475281,0.3776298761367798,0.5630730390548706,8
5017,VLPRAYTVNG,NYPVAMWGLF,train,0.26599931716918945,0.26158928871154785,0.5562098026275635,8
3874,PQPRPIRDEI,KVPLSVSALR,train,0.26422202587127686,0.05845797061920166,0.7079941034317017,9
1733,ATPRSWRGPF,FTPRWYIMSG,train,0.0003209114074707031,0.3346189260482788,0.2562839984893799,7
6111,RYPVPMLDKA,ARPRWLHPNQ,validation,0.9620606303215027,0.10814040899276733,0.04697619378566742,9
6270,VRPRELKDVR,SVARLLMDAI,train,1.5185812711715698,0.8499658107757568,0.42892593145370483,7
3785,IAPLNWKDSR,SRPRMLKSMH,validation,0.9419170618057251,0.31787627935409546,0.3643929064273834,8
4949,SAVLGLWSEH,ITVRSLTASG,train,0.4956526756286621,0.368863582611084,0.20728161931037903,8
7036,VYPRSWISHQ,RIPVGMYNEA,train,0.00027191638946533203,0.353240966796875,0.5470810532569885,9
6675,QSVRGMWDTA,TMPRSFHDIW,train,0.015369057655334473,0.19847607612609863,0.39275240898132324,8
10303,WSPLPYWDPY,SLWRAWDSIW,train,1.753861427307129,1.3424620628356934,0.964886486530304,10
4719,YSPRPYWDVS,RIPRPFTDVW,train,0.014286279678344727,0.18389475345611572,0.15255624055862427,5
222,YIPKSVRTRG,YFPLGQVNTA,train,0.025888442993164062,0.0795745849609375,0.27272260189056396,8
3371,YVPKWMYSRG,VDPSGMTASG,train,0.33497142791748047,0.07434368133544922,0.3484950065612793,7
5416,IMPRNYRDQL,YKPVNLIGES,train,0.007582426071166992,0.4870538115501404,0.8813813924789429,8
4034,VQPHGQFTNF,NRPRSYANPS,validation,0.6723573207855225,0.263766884803772,0.0756646990776062,9
1355,LGVRALTDPG,RAPLPVKDSY,train,0.07709372043609619,0.05404829978942871,0.19039559364318848,9
7002,IGPVSYTASG,LCPLDMYRSL,validation,0.7631003856658936,0.9460641145706177,1.1205241680145264,8
7744,MPPRNYHGPA,EPYRGLAGTI,train,0.9741716384887695,1.1398229598999023,0.4624662399291992,7
1138,TYPRAYIDIG,DTPRSMWGTS,train,0.10749435424804688,0.021616697311401367,0.5359324216842651,8
1266,LPPRWFVSMW,LPVRAYWGED,train,0.23871195316314697,0.15633440017700195,0.007477283477783203,7
6760,TWPIGIYDMG,RQPKGVFGHY,train,0.8275502920150757,0.02336585521697998,0.7353441715240479,8
7348,AKPRPVTASG,ARPKWKRSAH,validation,0.8177279233932495,0.6111506819725037,0.5267888307571411,8
1175,NYPRAYQGRG,PIYWPYMGWL,train,1.3700371980667114,0.867011308670044,0.5751670002937317,8
8931,LNPRWMRSWG,YCSLPLTYML,train,1.968724012374878,1.4238818883895874,1.4469462633132935,10
8536,VGPRQLSDMR,FTPRYVLDAQ,train,0.9308373332023621,0.31769442558288574,0.3511906862258911,7
1516,TAPRSYWGPH,DIPRGVFSIW,train,0.09023153781890869,0.2455369234085083,0.028625905513763428,8
9593,MKPRGQVETA,AVPRNWYKEG,train,1.0735769271850586,0.7162528038024902,0.7643619775772095,8
7432,SKPNAYMTAS,YDPSPQIDPQ,train,1.1173902750015259,0.2665989398956299,0.27894070744514465,9
1927,MPPKGVKTNW,HSPRAYWGQF,train,0.4097328186035156,0.018535614013671875,0.18276941776275635,9
10874,WAPASYRTWT,KVLWGLYDPL,train,0.2569369077682495,0.038806796073913574,0.08527016639709473,10
814,HMPRQVFAEF,RDPRSMKSGS,validation,0.29860687255859375,0.5534369349479675,0.0036623477935791016,8
5699,QFPASWRTAG,NKPYPWRYTL,train,0.5807086229324341,1.0309454202651978,2.0137009620666504,7
8235,DNPAWMRGRL,SVPHYLVDRA,train,0.1925123929977417,0.5319808125495911,0.6540380716323853,8
4658,SMPRWYMDQY,KHPRSWTASG,train,0.26489293575286865,0.41652238368988037,0.08928477764129639,8
6610,ETPLGQYTAS,TTVRWYIGNV,validation,0.6192994713783264,0.32092201709747314,0.17865699529647827,9
10911,PGPRSLVDPI,SPAYPMQINF,train,1.2338182926177979,0.9644381999969482,1.2759203910827637,10
10490,MGPRWTMSAW,DWPRGNTGWQ,train,1.0139356851577759,0.46118754148483276,0.6163907647132874,8
1952,WIPTAFWDIY,IRPASWTSWA,train,0.1272161602973938,0.4251977205276489,0.6781324148178101,9
8666,GAPRGQLGWH,CQPTGLKMTG,train,1.1271991729736328,1.8167368173599243,1.0119023323059082,8
5999,PYPRGSTSWG,NYPRGVTGWH,train,0.48660439252853394,0.35612690448760986,0.6448347568511963,4
246,VYPRWLMGPH,NEVRGMRATY,train,0.08924508094787598,0.07655298709869385,0.3285679221153259,9
10627,KRPLPVRDGF,LGVYALHDST,train,0.3088113069534302,0.13140571117401123,0.5798330307006836,9
669,HGPARFTASG,SWLYGMHQPA,train,0.8194390535354614,0.6596862077713013,0.14775891602039337,10
6632,GIPLRIYDLY,NQPAWLAYTF,train,0.7399868965148926,0.6318865418434143,0.35004130005836487,9
9734,HMPRSYVNMI,TLPTALYVTK,train,0.4913095235824585,0.4597330093383789,0.05505871772766113,9
9640,HWPRELTASG,EPVYALWGWK,validation,0.19559907913208008,0.17468732595443726,0.4277075529098511,9
4950,YVPKGMHVQL,NHPVGLYAGW,validation,0.2162395715713501,0.6883466839790344,0.952702522277832,8
1485,YTPVGYFGQV,VEPRSFTGTY,validation,0.07604813575744629,0.11223721504211426,0.15507960319519043,8
8621,GNPLSWRTGS,DAPLPWRTVY,train,0.015029549598693848,0.10340511798858643,0.21041226387023926,5
7116,GMPRYMIGET,VCPIWYFDEP,train,1.041261076927185,0.36886805295944214,0.10264378786087036,8
5017,YQPRSFTVQL,ALIPTSAQMH,train,1.462453842163086,1.0558443069458008,0.813096821308136,10
3874,HYPRAFHAND,RLVNWLIDGF,train,1.3096401691436768,1.21292245388031,0.7770167589187622,10
1733,GMPRSWSVRS,SHPRSWFMGQ,train,1.1518343687057495,0.31733447313308716,0.21700535714626312,6
6111,PHPKSMSTPL,TLPRAIHDGW,train,0.008851289749145508,0.005609273910522461,0.16280031204223633,9
6270,RPPRSLIDPW,KFPRPFQATA,train,0.18137907981872559,0.23967093229293823,1.058721661567688,8
3785,TMPKSMRNVG,VEPRDVNMNH,train,2.1717708110809326,1.1504991054534912,0.9809961915016174,9
4949,LRPRDILSDT,LNVYALWSNQ,train,0.08335673809051514,0.5986775755882263,0.7468043565750122,8
7036,YNPRGMKSEA,FTPLGQIYKQ,train,0.09597349166870117,0.30335819721221924,0.22325384616851807,8
6675,YPPRSWMNIG,EKPRWYNQPR,train,0.8496689200401306,0.28200000524520874,0.273418128490448,8
10303,APAKPLWSNQ,TFPRELHYET,train,0.7852115035057068,0.12665164470672607,0.5696219205856323,9
4719,MAPRWSMVEY,CRPKWLYDAI,validation,0.2849651575088501,0.16814899444580078,0.37128007411956787,8
222,WRPYGSWGIL,SGPRTMKGTA,train,0.3742137551307678,0.22805166244506836,0.03814542293548584,8
3371,TKPKWMIGMH,IPVLGMKGVF,validation,0.3074498176574707,0.521682620048523,0.3699299097061157,8
5416,SAPRPILNWG,WSPRTLVKPR,train,0.7346627712249756,0.45107412338256836,0.08643704652786255,8
4034,KCPKGMWGEW,TIPRAYIYPF,train,0.021860122680664062,0.3294585943222046,0.25007516145706177,9
1355,QHPRMLYDNG,YFPRHIVDGW,train,0.4542788863182068,0.08668684959411621,0.5001856088638306,7
7002,EHPFSYRGWQ,MYPGAMTIEW,train,0.22407418489456177,0.6353940367698669,0.7313374876976013,9
7744,VTPRGYTASG,VMPKGMAGPF,train,0.22770166397094727,0.1688617467880249,0.400951623916626,7
1138,FYPRAFVDTH,QMPRSVLAKA,train,0.19186782836914062,0.3199220895767212,0.9088605642318726,8
1266,YGPGSMWTNW,TAPRYWMSMF,validation,0.4307438135147095,0.2943028211593628,0.35833799839019775,9
6760,WMPRSWYGMT,SAPRQLGSGF,train,0.08907580375671387,0.19738197326660156,0.7276646494865417,8
7348,WNPRAVLGTA,FLPRASWYSQ,train,1.2050120830535889,1.2756264209747314,1.1805037260055542,7
1175,FYPVPFYARS,AYPWSWRTMA,validation,0.8963810205459595,0.14888405799865723,0.04687768220901489,8
8931,SPVFWMRDMH,MPKWIVMSVG,train,1.3177863359451294,1.1948277950286865,1.4561998844146729,9
8536,LQVFGMQDVG,RTPVGFDTKS,validation,1.4426382780075073,0.8336542844772339,0.321530818939209,9
1516,TNPRAVTASG,PDEVPKGQPA,train,1.481078028678894,1.1168160438537598,0.8531869053840637,10
9593,RWPRGMYDTH,YPPRFYSNEG,train,0.962028980255127,0.6680905818939209,0.22197043895721436,8
7432,NYPQSWRTNW,HTPSSWTGKV,train,0.8739398717880249,0.2903479337692261,0.02230525016784668,7
1927,GQPRGMKDPF,SPPRSWIVPL,validation,0.7789518237113953,0.09416389465332031,0.024661719799041748,7
10874,RQPTGLYDEF,SNPRNMLDEI,train,0.16857075691223145,0.2309708595275879,0.5740843415260315,7
814,TWPKQMKGNK,QAPAGVKGPQ,train,0.3022381663322449,0.04123711585998535,0.6454365849494934,7
5699,FTPRSMVNTG,RYPLSWSNSG,train,1.153274416923523,0.631144642829895,0.07037273049354553,6
8235,PTPIPIYGTF,YCPRGLYQWV,train,0.27508848905563354,0.15090763568878174,1.0512083768844604,8
4658,SWPRAYTASG,TLPQSWRTPS,train,0.32992124557495117,0.10053360462188721,0.1780012845993042,9
6610,AGPRSWMTGS,MYPVAFQGPI,train,0.013729691505432129,0.31782782077789307,0.32399070262908936,9
10911,GYPRGMHDGA,DAPRSMIDGF,train,0.10810565948486328,0.5093036890029907,0.3875642418861389,5
10490,VGPRVLWGPA,AGYASLSGPS,validation,1.3556536436080933,1.2355579137802124,0.6616250276565552,6
1952,YLPRNYIGII,TAPLGNAWMI,train,1.1811814308166504,0.9964264631271362,1.106927514076233,8
8666,VDPRGMKTWY,FYISWNQAQF,train,1.6757699251174927,1.4466497898101807,0.9202894568443298,10
5999,TMPRYMWDQG,QAWRAMTASG,train,0.019284725189208984,0.41058027744293213,0.5158904194831848,7
246,SVPRWLKTIS,FDPKWIRGSF,train,0.44000327587127686,0.19777345657348633,0.14612770080566406,8
10627,HAPIPLWDEF,KQPRAYKDWA,train,0.32862842082977295,0.10312139987945557,0.4076117277145386,8
669,RVPRAVTDRF,TVPKRLSDEL,train,0.8748723864555359,0.6902530789375305,0.8252419829368591,7
6632,FIPTAFRTVW,RPPLGYVYIY,train,0.1597667932510376,0.5399481654167175,0.7164595723152161,9
9734,PAPRSLWNQF,GKPRSLFANQ,train,0.13694405555725098,0.37890738248825073,0.03171706199645996,6
9640,WHPKGMTVGA,FYPRAFYVAI,train,0.16726601123809814,0.10857927799224854,0.40455031394958496,8
4950,KVPRAVQDAP,RDPRSLIYQF,train,0.8706525564193726,0.8349169492721558,0.47534799575805664,8
1485,TRPRSYIGWG,TIPHYLNGIH,train,1.1803460121154785,1.1522753238677979,0.7246499061584473,7
8621,RAPINLWNGF,RNPLPWANHY,train,1.5757633447647095,0.29628127813339233,0.22123976051807404,7
7116,IMPRAFLTAS,RMPRAYQTVA,train,0.620641827583313,0.46322178840637207,0.17452847957611084,5
5017,RAPINMWNGL,VWRQPRLAGQ,train,2.714024782180786,1.4965965747833252,1.5174273252487183,9
3874,YQPSPFWDNA,HFPGSQTASG,validation,0.697942316532135,0.5775448083877563,0.15252581238746643,9
1733,YIPRAYIASQ,YRPLAFKASR,train,0.05851602554321289,0.9141267538070679,0.7734014987945557,5
6111,KVPRAVRDGA,ILPRAVYAKW,train,0.22936224937438965,0.3246554136276245,0.31203794479370117,6
6270,FMPRKLVDQY,GTVWALASLY,train,1.2628244161605835,0.8962793350219727,0.4890609383583069,8
3785,MVPKNQMDIW,DTPYSLKDPK,train,0.5168580412864685,0.49600547552108765,1.1348929405212402,8
4949,FYPRAYKDAQ,TKPLAITDAH,train,0.05203437805175781,1.1106171607971191,2.058082103729248,6
7036,NRPRSLYDWA,SIPRPLAKVQ,train,0.9955783486366272,0.848091721534729,0.7814176082611084,7
6675,YVPVWMRNIS,ELPLGVLNWG,validation,0.6726305484771729,0.5808130502700806,0.6493977308273315,8
10303,TQPRFYISPF,TPYRSLYDRF,train,1.2069706916809082,0.8976985216140747,0.5679324269294739,7
4719,TVPRAWMVWG,FNPRDLIDWH,validation,0.20725369453430176,0.10231506824493408,0.09408217668533325,7
222,SGPRSYKGMK,VYVRGLIGMH,train,0.1378312110900879,0.18781113624572754,0.5014861822128296,7
3371,TVPKGMQGEF,DMPRDLYGPG,train,0.030925989151000977,0.2475748062133789,0.1929987072944641,8
5416,FSPRPYIGSR,GTPVPLSNGI,train,0.6924364566802979,0.5444236993789673,0.06917846202850342,8
4034,TKPRAYTNTA,SHPRAVMQWA,train,0.8155475854873657,0.4527752995491028,0.1783982515335083,6
1355,TKPVWLTASG,MTVRNWTDGQ,train,1.1154248714447021,0.3899664878845215,0.688607931137085,9
7002,WTPKQLYDNY,WHPSPFATAS,train,0.6646435856819153,0.2953824996948242,0.49563929438591003,8
7744,MPPRSWLGPA,VRPRGVFAIG,train,0.22626423835754395,0.10549259185791016,0.5354671478271484,8
1138,LQPRSWFDHW,TWPRSLWDLH,train,0.15220612287521362,0.4110713005065918,0.7161016464233398,6
1266,KQPRAVWAPQ,YKPSGYWGPT,train,0.08781886100769043,0.12637007236480713,0.2893723249435425,7
6760,LVPRSLWGSH,VNPIHLFAIL,validation,0.6733392477035522,0.5353577136993408,0.6767845153808594,8
7348,GFPRAYTASG,SKPAPWAVIV,train,0.3044246435165405,0.3874818682670593,0.5376067161560059,9
1175,NVPRWYTGTG,WLPRAVYGTH,train,0.06568872928619385,0.30225932598114014,0.06248283386230469,6
8931,LRPRYLYDMQ,CEPRNVKAPY,train,0.7445082664489746,0.014032959938049316,0.30396920442581177,8
8536,QIPRPVVAVN,FPRDNRQIPW,train,1.506225347518921,0.9320769309997559,0.9140123128890991,10
1516,KWPRGYFAPF,RYPASFTASG,train,0.48372089862823486,0.5329140424728394,0.5454341173171997,8
9593,VPPRNWTGWS,KGPRAVPYSW,train,1.2799502611160278,1.6220422983169556,1.3290752172470093,8
7432,ANPLNWQSWQ,HRPSPFSNRT,train,1.1687357425689697,0.3853522539138794,0.28138530254364014,9
1927,FTVRGLRDEF,YKPRSWTNVA,validation,0.18511897325515747,0.08471250534057617,0.27435100078582764,9
10874,DWVRALWSAS,ASPRYLWVMY,train,0.6414906978607178,0.13899266719818115,0.18021470308303833,7
814,LTPRAVIDPQ,EWPRQFTASG,validation,0.3743950128555298,0.1527409553527832,0.6817628145217896,8
5699,VYPAQLWTNQ,YHPRSWMYWY,validation,1.9560424089431763,0.4497328996658325,0.8591971397399902,9
8235,YRPKWIIVGG,PQPRDILNIA,train,0.2324075698852539,0.22822922468185425,0.40685397386550903,8
4658,EQPWAWTSMG,YTPRSNWAIS,train,0.6887132525444031,0.04958087205886841,0.21796303987503052,9
6610,KFPGWMQTAS,GIYHTLPVMG,train,1.9197394847869873,1.2225139141082764,0.750698447227478,10
10911,RTPKGMTVQF,LPTRWLSIEF,train,1.6936863660812378,1.2516233921051025,1.3240243196487427,9
10490,FWPRNVMGPK,KQPSMYTSPY,train,0.15319550037384033,0.4925447702407837,0.5670045614242554,8
1952,HTPRSWIGER,VWPQSWIGWK,train,0.32150495052337646,0.5186159610748291,0.07129353284835815,5
8666,LGPRGVFVTG,GSPVQLTVRF,train,0.5066483616828918,1.1659841537475586,1.2354974746704102,8
5999,AWPRSMKDTG,KPARWMKGAG,train,0.8474637269973755,0.4245638847351074,0.0637350082397461,6
246,VPARWMTGVR,ARPRWLFDHV,train,0.38185203075408936,0.18409669399261475,0.012650907039642334,8
10627,CGPRYLIAPT,HVWGNLYDPW,train,1.293418049812317,0.40783777832984924,0.6096581220626831,8
669,LKPRDLADPL,FPPAEVAGAK,validation,1.3994178771972656,0.8486188650131226,0.9127403497695923,8
6632,MKPRQFTASG,PIPRNVMGVW,train,0.03769683837890625,0.46435248851776123,0.05421018600463867,8
9734,TRPRPLYTNY,INPRNLRSHF,validation,0.39269930124282837,0.39827120304107666,0.6275373101234436,7
9640,ALPRSWIDSR,TYPKGLHDHF,train,0.23224443197250366,0.005449771881103516,0.1726234257221222,8
4950,GRPRSLTVTV,RVPKNLYSWR,train,0.05391991138458252,0.2969045639038086,0.7766326665878296,8
1485,WAPRSYRGQV,PFPRPIYAPG,validation,0.07310771942138672,0.692668080329895,0.48712408542633057,8
8621,VDPQSWRTAS,HFPYSWTDGL,train,0.3311365246772766,0.039710044860839844,0.1078430712223053,7
7116,RQPRPYTDGT,RTPVRYTDQR,train,1.1709275245666504,0.6563926935195923,0.1942005753517151,5
5017,REPRPVMTAS,AAPRSYASYG,train,0.09391510486602783,0.004344582557678223,0.33445560932159424,8
3874,TAPVAYTDQY,FRATALYDPV,train,0.5934751033782959,0.7564378380775452,0.5994877815246582,8
1733,FLPRAWKTAG,VYPRPFANRG,train,0.3179579973220825,0.14448070526123047,0.6822498440742493,7
6111,KMPRSMWSGW,SKPLWMWNGS,train,0.3004668951034546,0.05048459768295288,0.37760257720947266,6
6270,NQPKAYTDSG,RMPRQLTASG,train,0.09818148612976074,0.7212366461753845,0.7836827039718628,6
3785,HTPRPYIAWQ,HSPRELYSMT,train,0.7245472073554993,0.22563791275024414,0.5272521376609802,7
4949,RLPVAIWDVI,VSPIHIWAGT,train,0.5213883519172668,0.07815003395080566,0.1457982063293457,7
7036,QIPRPVMSGW,VRPRSMLNWK,train,0.041565895080566406,0.17299103736877441,0.265933632850647,8
6675,GYPRAFRNPQ,DAPRFIMNEY,train,0.5146231651306152,0.3597712516784668,0.14987093210220337,7
10303,GNPRSMIVGW,RTPLGITYWY,validation,0.4106442928314209,0.4767038822174072,0.5411233305931091,9
4719,DGPRSLYTAS,EFPRPYRDYK,train,0.6058967709541321,0.20473730564117432,0.04431027173995972,8
222,YGPRSIFGEY,SPVRGLTASG,train,0.7386616468429565,0.49547189474105835,0.3025812804698944,9
3371,VAPVYLASGW,SKPNFMWNPR,train,0.6337365508079529,0.6795229911804199,0.20979022979736328,9
5416,QLPKGMQVTI,VTPMPLWNGY,train,0.007406711578369141,0.7528252601623535,0.4852994680404663,9
4034,WGPRSYMNTY,AVPRNIFNPA,train,0.16241884231567383,0.6982992887496948,0.11625194549560547,7
1355,LEPRWYTNGI,CMPKFLWDAL,train,0.5166606903076172,0.48144710063934326,0.34112411737442017,9
7002,YAPDAYTDGW,CEPSRFHMGV,validation,2.2131314277648926,1.3906219005584717,1.35015869140625,8
7744,FQPKWMRDIQ,FTPRSMTASG,train,0.022454142570495605,0.43813222646713257,0.5323913097381592,7
1138,WQPRPVFAVG,TFPRAFTASG,train,0.09609770774841309,0.24778378009796143,0.01245260238647461,6
1266,WMPRQSTASG,YYPRKYIGHS,train,0.5714620351791382,0.374836802482605,0.022588908672332764,8
6760,MKPRSLWGTQ,QAPRSLHSLQ,train,0.07332825660705566,0.13092440366744995,0.6556884050369263,5
7348,QGPRAYKAEL,PKPRPLNIHG,train,0.021509766578674316,0.6694260835647583,0.9248437881469727,8
1175,YVPSGWTASG,RQPVAYWGTF,train,0.003010869026184082,0.20403635501861572,0.05916476249694824,9
8931,MEVRNMTGVS,VLRYLQSTNG,train,1.7865016460418701,1.2937166690826416,1.1674340963363647,10
8536,ANPRYLTASG,LGEWYPMLAI,train,1.179757833480835,0.557645320892334,0.4572823643684387,9
1516,VTPRGYTGRW,GYPRGVTAGR,validation,0.1970655918121338,0.011920928955078125,0.16202080249786377,6
9593,FYPRGQWGFV,QPPRVLWSIF,train,0.10992085933685303,0.6110930442810059,0.762946605682373,7
7432,HNPLSWRTNV,RWPAWLIAIV,train,0.5471585988998413,0.6469210386276245,0.7303783297538757,8
1927,KAPRSWVGIT,ITPRGSGEPA,train,1.987910509109497,1.271315097808838,0.22582083940505981,8
10874,TYPRMLYSAY,IQVAWLYVDY,train,0.655850887298584,0.7415645122528076,1.1001049280166626,7
814,QSPRMLYGPQ,FIMSHLVARH,train,1.4694113731384277,1.5945912599563599,1.1432063579559326,9
5699,WQPVPWWGPQ,PWPASWRTTF,train,0.23302924633026123,0.578995943069458,0.4748930335044861,8
8235,ARPSGWTNPL,ERPWAWRGSY,train,0.016084790229797363,0.34040212631225586,0.4859064221382141,7
4658,MDPYGMWSQW,FIPFPYMGMA,train,0.022832155227661133,0.3166874647140503,1.2911266088485718,9
6610,YIPRVMLAPH,YGPRSWTNES,validation,0.2720368504524231,0.1456235647201538,0.08499228954315186,7
10911,QKPRPVTASG,MWRSPRSRLP,train,1.4003854990005493,1.0589066743850708,0.6024138927459717,9
10490,WSPRGMHSTL,NAPRSYIGSH,train,0.12804293632507324,0.0007073879241943359,0.467990517616272,8
1952,QVPRAWYGNQ,FAPAQWTASG,train,0.17784833908081055,0.36249375343322754,0.034815073013305664,8
8666,GWPRELMGAY,GQPAGMSTWK,train,0.026136040687561035,0.05048561096191406,0.020438313484191895,8
5999,YNPRAWVGTW,PHRWTGISHY,validation,1.8356144428253174,1.290870189666748,0.9190660119056702,10
246,HRPRSLYALF,SQPVPMLNTG,train,0.6606718301773071,0.2287347912788391,0.3666585385799408,9
10627,WVAKPLYDPG,YFVLSLTASG,validation,0.7564277648925781,0.6948522925376892,0.8866240978240967,8
669,LVPRKLTAFI,WGPKLLHDRI,train,1.255228877067566,0.08710575103759766,0.01869449019432068,7
6632,WRPVPYWGTG,LNAIWYWAHY,train,1.09803307056427,0.9687133431434631,0.342401385307312,8
9734,MAPRSLYGWY,NPPMSLLAMY,validation,0.06180918216705322,1.045945644378662,0.907771110534668,6
9640,MGPRKLSAWQ,SPVLSLFDVY,train,1.4022557735443115,0.49281537532806396,0.08654685318470001,9
4950,HAPRSLIYIQ,TFPRDLKYGL,train,0.7770050764083862,0.174628347158432,0.40303701162338257,6
1485,TPPRSYVGVF,INPVFLYSMV,train,0.5067024230957031,1.1927108764648438,1.3220393657684326,9
8621,MLPKGMWDNH,ATPMALTASG,validation,0.08997631072998047,2.093822479248047,2.1856131553649902,9
7116,MVPRAHIDEK,YHPRSYIDGI,train,0.05688178539276123,0.0845116376876831,0.29118049144744873,6
5017,MAPLNVLVPG,WERAVNSDME,train,2.951526641845703,1.192028284072876,1.284669041633606,10
3874,YAPVYWTASG,GEPLAPEKAI,train,1.3275318145751953,1.3663480281829834,1.1998190879821777,9
1733,HRPRGWTGMG,SKPRSWVNRA,validation,0.42599111795425415,0.631533145904541,0.12150949239730835,7
6111,ILPRNVRAIK,VHPSWMRNMI,train,0.09043943881988525,0.04805845022201538,0.1832219362258911,8
6270,FNPRKLMAES,RGPKLLHTAS,train,1.0366148948669434,0.2831233739852905,0.219264417886734,7
3785,LGPLASHNMT,AKVYGLSNGY,train,0.26144522428512573,0.5727819800376892,0.734075665473938,9
4949,KAVYGLYDTH,RKPLAVHWTF,train,0.7190990447998047,0.5402700901031494,1.0507313013076782,9
7036,VSPRSWIGET,GKPRSWYVTH,train,0.7235488891601562,0.44927048683166504,0.03657573461532593,6
6675,FMPRNFYGTA,QLPRAYWGNA,train,0.15229618549346924,0.06363093852996826,0.05319666862487793,6
10303,YHPRSMYTAW,LNRSGPAFRD,train,2.082948923110962,1.2486375570297241,0.8146864175796509,10
4719,YWPRELYAKF,IPLYNWRGSG,train,0.8238440752029419,0.48273056745529175,0.6173784732818604,10
222,RNPRSMWGMY,IYPRLVTASG,validation,1.1925134658813477,0.722107470035553,0.1575922667980194,8
3371,LAPRYLYASG,DAPRNLYTVT,validation,0.0306394100189209,0.0998392105102539,0.006688833236694336,5
5416,LEPTGLWDCW,VCPKWLITEH,train,0.5036374926567078,0.21705114841461182,0.2660338282585144,8
4034,RLPRAIWDST,AEIWSAFDTG,train,1.8544368743896484,0.9990349411964417,0.3856666684150696,9
1355,LQPVHLYDQF,QAINALWDEY,train,0.9113861322402954,0.6136724948883057,0.46387994289398193,8
7002,WIPREVISIW,WKPSSLFSGS,train,0.10202240943908691,0.9527024030685425,0.9942223429679871,7
7744,GTPRSYFTGG,ILPRYWTASG,train,0.4862181544303894,0.39010167121887207,0.04024988412857056,7
1138,WNPAGMHASM,EKPRAYTVRK,train,0.25074923038482666,0.3583831787109375,0.1217724084854126,9
1266,GPPLNWSTAS,HMPRQVFAIQ,train,0.25412893295288086,0.07454061508178711,0.5345458984375,9
6760,DEPRNIYGMH,RIVRPLMSRW,validation,0.5261868834495544,0.6534212827682495,0.3512827157974243,9
7348,FPPRAFRTWL,IKPRNYRDNQ,train,0.30714452266693115,0.4596785306930542,0.05156505107879639,7
1175,YAPRSWTGQG,LTPKGYFGWF,train,0.025356769561767578,0.035202741622924805,0.21318680047988892,8
8931,QAVRGITASG,NDPRWLINWG,train,0.24306488037109375,0.08637571334838867,0.687682569026947,8
8536,VWPRQVTASG,TIPFYIQGMT,train,0.10075992345809937,0.8436288833618164,1.018449306488037,9
1516,VYPKQMRWSR,MFGANMHSLF,train,1.3979084491729736,0.8500570058822632,0.554827094078064,9
9593,WMPRQVFAGQ,KPARGYLGER,train,1.0462294816970825,0.9260982275009155,0.05125805735588074,9
7432,EPPRDYTSGQ,QSPRSWMGAI,train,0.09127187728881836,0.21846187114715576,0.47143930196762085,8
1927,YGPVPMWGWK,SVPKGMRSSW,train,0.03558790683746338,0.06984663009643555,0.5981156826019287,8
10874,QRPVNLYSEH,TKPRYIRYPS,validation,0.8552196025848389,0.2310153841972351,0.061854273080825806,9
814,YVPRTLSAWI,FKPAGVAVAQ,train,0.8257848024368286,0.415020227432251,0.669620156288147,9
5699,FDPYGMRHWA,GHPLPLYNTA,validation,0.09598660469055176,0.8863738179206848,0.6613187789916992,8
8235,RWPIQLIGPY,LSPEYLYNWF,train,1.1193891763687134,0.6608860492706299,0.710948646068573,8
4658,LRPRPYWDAW,IMPRNYWDWT,train,0.27425360679626465,0.31153643131256104,0.15240877866744995,5
6610,WVVRGMTSEH,HWPRGNYDWF,train,0.9775032997131348,0.7695552110671997,0.24530905485153198,8
10911,FVPRAVKSVW,YVPRQVLNLY,validation,0.43395233154296875,0.6824963092803955,0.04478895664215088,6
10490,FEPRSWVYPG,SVPRAWSNEY,train,0.37232518196105957,0.2779606580734253,0.05974400043487549,7
1952,QIPLNWYGPS,HNPEWMFNGL,train,1.4397350549697876,0.5815533399581909,0.16761839389801025,9
8666,DLPKGMVNTY,SRPRTLMVKH,validation,0.6149210333824158,0.5198951959609985,0.13254478573799133,9
5999,ERPKWMRGST,TAPVSVFANF,train,0.45751386880874634,0.2834932804107666,0.7068243026733398,9
246,HKPRFLVDKG,TGTLHLTGPG,validation,1.106223464012146,0.2913224697113037,0.5917834043502808,8
10627,VPPEPLYDKR,NTPNALIDGG,train,0.46662676334381104,0.13856804370880127,0.5171209573745728,7
669,YAPKQMRYVW,GSPSKLAVER,train,1.7383697032928467,1.074712872505188,1.061843752861023,9
6632,ALPRAYTVPI,MKPSAYVAGY,validation,0.12396550178527832,0.6153191328048706,0.8614871501922607,7
9734,FSPVNLRGPF,SVPSFLLSAG,train,0.9034703969955444,0.3127589821815491,0.7588732838630676,8
9640,SGPKQLYVTA,QHPMRLSDAT,train,0.6113446950912476,0.7679790258407593,0.777641773223877,8
4950,YHPKALYGEH,CSPRAIKYWA,train,0.9747404456138611,0.2649831175804138,0.053087279200553894,8
1485,EVPRAVYANG,VNPRAFSGPG,train,0.5332479476928711,0.08933520317077637,0.02127373218536377,6
8621,RTPKGQLGIQ,SNPFKLYSRV,train,0.1719178557395935,0.5893101096153259,0.17656773328781128,9
7116,VKPSGVIDVW,IPPRPVMNGY,validation,0.004992365837097168,0.026974201202392578,0.2703746557235718,8
5017,ARPRTLVTIQ,DLISWMWAIY,train,1.1515253782272339,0.3351564407348633,0.5348399877548218,9
3874,QVPVPMWSWG,RAPASMWVNI,train,0.03789651393890381,0.17085444927215576,0.39122891426086426,7
1733,YRPRSWTASG,TLPRSWSVGF,train,0.40826475620269775,0.43376970291137695,0.02034449577331543,6
6111,IMPRQMLDMI,GYPRAMIGWK,train,0.2865440845489502,0.3836599588394165,0.40180063247680664,7
6270,TVPRKLVDNL,MDVLSLYSHG,train,1.8727778196334839,0.5204353332519531,0.19313690066337585,9
3785,VYPKGMQTLW,IAPKWITVMQ,validation,6.127357482910156e-05,0.24550139904022217,0.12402665615081787,8
4949,FRARAMWSMQ,QMPWAIHDPH,validation,0.24800729751586914,0.4569898843765259,1.5092767477035522,9
7036,KTPRGLSVTY,HRPRSLRNMK,train,0.1820136308670044,0.3117794990539551,0.5192440748214722,7
6675,MTPRNYTGIW,RFPRSWINHQ,train,1.136425495147705,0.500365674495697,0.003143787384033203,8
10303,MVPRGVLDKY,YHPRPFRDVG,train,0.32244062423706055,0.25353026390075684,0.1147226095199585,7
4719,AKPVYITASG,KIPAWLGQEY,train,1.2677422761917114,0.8201140761375427,0.6301673650741577,9
222,QGPKGMIGMF,RIPRPFRGWH,train,0.8763112425804138,0.18259084224700928,0.11070552468299866,8
3371,PAPRYLSTAS,GYPVGLIGWK,validation,0.1078348159790039,0.20103341341018677,0.7170528173446655,8
5416,SGPRSLYTIA,GEPRPVMYVY,train,0.3290104866027832,0.42287343740463257,1.3564417362213135,8
4034,PHVRAWIASQ,TSWRAFTASG,train,0.6938544511795044,0.05262625217437744,0.07449907064437866,6
1355,TRPRAWTASG,GTPVYLWDVA,train,0.6021533608436584,0.4368619918823242,0.14383387565612793,9
7002,LKPNPLYDQG,HYARYLSGTI,train,1.4147365093231201,0.5674974322319031,0.3186650574207306,9
7744,TFPRAVRDPY,YQPRGSTGQG,train,1.0013644695281982,0.2017427682876587,0.5008770227432251,8
1138,QTPLGQVDQI,GFPRFIREML,train,0.8855467438697815,0.7445677518844604,0.3625175952911377,9
1266,WTPRSYWAIA,SNPRNVRDGY,train,0.5783570408821106,0.3281043767929077,0.13000714778900146,8
6760,YPPRSLMDVQ,IYPRAILSPK,train,0.047007203102111816,0.4808467626571655,1.7609165906906128,8
7348,HYPRAFSAWT,PRPRNVTASG,train,0.42166972160339355,0.26836347579956055,0.07402491569519043,7
1175,PKPVSWTGVG,TDPKGVTASG,validation,1.1688928604125977,0.4369075298309326,0.02148723602294922,7
8931,LWPVGYQGMH,VIPVMLRDHK,train,0.3491508960723877,1.0715038776397705,0.22099876403808594,8
8536,LVPRVIRSLG,KSAIPMVAKG,validation,0.7994182109832764,0.880621075630188,1.0171910524368286,9
1516,TMPRAVTASG,YAPRMLGSTI,train,0.4293290376663208,0.5687458515167236,0.2680732011795044,8
9593,WIPRSWTASG,GPYGSMYDVI,train,1.6136763095855713,1.3168513774871826,0.8325269818305969,9
7432,HQPRSYINSG,WQPRNYRDPR,train,0.09386706352233887,0.3136814832687378,0.18362247943878174,6
1927,MGPRSWRSIL,RMPRWIRNTA,train,0.4456270933151245,0.3808927536010742,0.5793665647506714,7
10874,ADPRAFLANG,YDPKWMRDTY,train,0.19166994094848633,0.20028281211853027,0.587490975856781,8
814,DVARAFMTAS,SAPREVKVWL,train,0.4102322459220886,0.16242754459381104,0.18715977668762207,9
5699,GTPLGQYNGY,RKPIPLWNQF,train,0.1843617558479309,0.7010099291801453,0.6925119161605835,8
8235,GPPLGQINHY,VLPRVFRKLQ,train,1.5488897562026978,1.6743707656860352,1.4460139274597168,9
4658,LYPRSYLDTK,RTPRSYWSWR,validation,0.7730287909507751,0.44516944885253906,0.6132329106330872,6
6610,DTPYGMHYPK,EFPKWMKTSA,train,0.006469011306762695,0.01459050178527832,0.01660776138305664,8
10911,GSPLGVTVIK,NHPISLQDKQ,train,0.6142779588699341,0.593721866607666,0.1600245237350464,9
10490,EPPRGVYGPI,EPSLGWTATF,train,1.7814275026321411,1.680161714553833,0.5137194395065308,7
1952,QGPWHIMNMW,YGFPAVWNQF,train,0.9318164587020874,0.3809255361557007,0.4899844825267792,8
8666,YCPRGMTGNG,GTPKGMRYPF,train,0.3502100706100464,0.7445635795593262,0.08754295110702515,7
5999,QNPRAMVVDG,SGWKGAPMST,train,2.299372911453247,1.080987572669983,0.5317676067352295,10
246,TWPKWIMSTA,ELPRWIRGFQ,train,0.18168240785598755,0.11928451061248779,0.44709813594818115,7
10627,MVPKNQVDEW,LRATPLYDMA,train,0.28456467390060425,0.44904255867004395,0.07812970876693726,9
669,VLPRDLYSER,INPYRLRASI,validation,0.27897894382476807,0.7278262376785278,0.7572652101516724,8
6632,SYPRGAYAIV,LNPAQWRVEH,train,0.5053436756134033,0.14669013023376465,0.18370160460472107,9
9734,TLPRMLYTIG,MNPRLYRNVF,train,0.7978012561798096,0.23117035627365112,0.3081982135772705,8
9640,SGPKLLVDGA,MSVWRLSEAG,validation,1.9813883304595947,1.8392735719680786,1.8394540548324585,9
4950,LQVKGMWVNF,FWIKGMTVPN,train,0.2534460425376892,0.0804128646850586,0.5545132160186768,6
1485,TAPRSYRGWH,LFPRSWLNRL,train,1.0502374172210693,1.0193030834197998,0.1522144377231598,7
8621,DRPLNFRNWA,SHPKFLTGWG,validation,1.240496277809143,0.1799006462097168,0.14341025054454803,8
7116,TAPAYWRTAF,RNPVAYTVSA,train,0.1225360631942749,0.49424803256988525,0.5118380784988403,9
5017,VAPKWIFDII,NGAPSSSIAG,validation,1.7478587627410889,0.773957371711731,0.5684417486190796,10
3874,SWPRELRDQG,CYPRQLPTFA,validation,1.0749456882476807,0.28668081760406494,0.10430699586868286,7
1733,FRPRPSWAPG,RVPRNVFDHR,train,0.37732452154159546,0.4184703826904297,0.11950808763504028,8
6111,FAPRWMHVPG,YWPRSMHDGS,train,0.21710824966430664,0.1747666597366333,0.376609206199646,6
6270,WNPRSLWVIT,GPVYALHVSI,train,0.04511916637420654,0.34936773777008057,0.6283767819404602,8
3785,FLPRAVRAEQ,WGPRELRSTF,train,0.18499994277954102,0.2167454957962036,0.13571929931640625,7
4949,YWPRELTASG,YGPRAITSIV,train,0.0062857866287231445,0.2789297103881836,0.568964958190918,6
7036,WAPRSMKTPW,SKPRSMRTEF,train,0.45405828952789307,0.11482453346252441,0.07468181848526001,5
6675,FPPRWMLNWS,RSPRWVMATS,validation,0.7615088820457458,0.03742694854736328,0.04538768529891968,6
10303,WGPRSYIGMV,GYPRMLVDRT,train,0.08881568908691406,0.8514072895050049,0.2108250856399536,8
4719,WKPRSLSDVW,PQVKGMYVPG,validation,0.04238760471343994,0.01671767234802246,0.10921424627304077,10
222,YRPRPVMVES,QHPRQITGMF,train,0.4737285375595093,0.3093491792678833,0.16708719730377197,8
3371,EWPRGMVNGY,SQPVPMLDIR,train,0.2733372449874878,0.8568838834762573,0.12131202220916748,8
5416,SAPKWLVDHG,YNPLPSTGWY,train,0.5102802515029907,0.19609320163726807,0.1149643063545227,9
4034,MRPRWIRTSH,LHPKGSTRLG,train,1.8995180130004883,1.2292776107788086,1.305561900138855,9
1355,WVPRYLMDTS,FYPRSLIMVQ,train,0.059864044189453125,0.7372116446495056,1.321392297744751,7
7002,YLPRPVRDLQ,SCPLASTVPW,train,0.8563708066940308,0.36408793926239014,0.40960490703582764,9
7744,WRPRQLTGPG,GSPRDLTASG,validation,0.9867134690284729,0.38154464960098267,0.011450141668319702,5
1138,YAPRSMHAIW,GMPRYMVAGY,train,0.06352424621582031,0.25313496589660645,0.10930263996124268,6
1266,YMPSGYMVQG,HWPKGQAGIA,train,1.4777171611785889,0.15014350414276123,0.1897699236869812,8
6760,FDVMGMYGPF,FSPRFLQSHQ,validation,0.9027420878410339,0.7330384850502014,0.021023035049438477,9
7348,CEPRSMWDPR,HFPRAYRGWI,train,0.006020307540893555,0.3337728977203369,0.3005046248435974,8
1175,TLPHSWMGPS,WDPRSWLYIT,validation,1.1368069648742676,0.9031410217285156,0.5461762547492981,7
8931,SNPANYRDIY,EDPKFLVDHF,train,1.0040532350540161,0.45894861221313477,0.5166097283363342,8
8536,VCARGMTASG,MPRSHRGAPG,train,1.3204028606414795,0.9453693628311157,0.42401522397994995,8
1516,TYPRAYKSGR,KVPGVSTASG,train,2.315098762512207,1.344707727432251,0.7159361243247986,9
9593,FTPRSWTASG,LVKGMYPNYF,train,1.4276204109191895,1.544258952140808,1.7373706102371216,10
7432,ERPFSYRTGR,GVPSAIYDPH,validation,0.17192387580871582,0.05171918869018555,0.44095611572265625,9
1927,PMPRYWTASG,SFPRGNTASG,train,1.2821526527404785,0.5235990881919861,0.10931944847106934,4
10874,TAPVNLIGWF,KGPMKLWGQA,train,0.1545161008834839,0.24012887477874756,0.6342630386352539,7
814,GKPRSYRATK,AFWSGMIGVI,validation,1.5755066871643066,0.8032891750335693,0.5810719728469849,10
5699,LVPKNQWGQS,HYPRSLTMPG,validation,0.06397700309753418,1.1205905675888062,1.2443512678146362,9
8235,PWPVSLIGPW,KRPEFLWGWQ,train,0.3710175156593323,0.5573110580444336,0.6857794523239136,7
4658,MPPEWVYGRQ,YIPFPFWGVI,validation,0.2747596502304077,0.03686964511871338,0.5556440353393555,8
6610,SMPRWISTAS,FYHQNLMVRL,validation,1.8598726987838745,2.136564254760742,1.846285104751587,10
10911,ELPRAVINPQ,HPPRSLYREI,validation,0.6067256331443787,0.5889973640441895,0.42010727524757385,8
10490,GWPRGYMSVQ,GVPRAFHSPK,validation,0.2462317943572998,0.01622641086578369,0.3379148244857788,6
1952,YLPRAFSNKG,QMPLHSQVPI,validation,0.27023541927337646,0.03483021259307861,0.021707892417907715,9
8666,HFPHGMRDMW,KIVRALYAMY,validation,0.4520076513290405,0.4210319519042969,0.47722363471984863,9
5999,SLPRAVFAYK,MGRGPRLDHV,train,1.893133521080017,1.2406206130981445,0.6857069730758667,10
246,FAPRWMSARQ,AIPRWLKGEK,train,1.162104845046997,0.5073114633560181,0.020885705947875977,7
10627,YGPGSMIDIY,LYPRYLSDSQ,train,0.4032391905784607,0.24464339017868042,0.18713361024856567,8
669,TPPRGQVTPV,KDPKQLKVGY,train,0.46762412786483765,1.2312943935394287,1.3846347332000732,9
6632,TVPRGQVGQH,HPARLLWTVW,train,1.0452258586883545,1.4506584405899048,0.6516118049621582,9
9734,YDPRAFTAHG,TSPKGMRYPG,train,0.026656031608581543,0.1114966869354248,0.13248372077941895,8
9640,WDPRELTASG,HWPVELKSHK,train,0.33935362100601196,0.11365413665771484,0.06818008422851562,7
4950,QVPRGVFDEH,RWPRLLKTAS,train,0.7099090814590454,1.2077149152755737,1.0484952926635742,8
1485,HVPVGMNGHT,DSPRMLYAGH,train,0.7993508577346802,1.0239485502243042,0.01883670687675476,9
8621,WVPKSLWDIG,KTPKGFWNQL,train,0.5874710083007812,0.30976736545562744,0.19950205087661743,7
7116,TGPVPMWDSG,ERPRSWTGNG,train,1.0165283679962158,0.34049463272094727,0.31158381700515747,8
5017,HWPRTLTAIA,PFWNIWTAKA,train,1.090653896331787,0.5510925054550171,0.7493265271186829,7
3874,LRPAPFYVGK,GSPLPFVDRY,validation,0.41457438468933105,0.4049376845359802,0.3286377191543579,7
1733,EAPRSWRSEG,VRPRSWRGPI,train,0.1934044361114502,0.1921597719192505,0.2861093282699585,5
6111,KAPVWMRGHY,MGPKWMKTIK,train,0.04054105281829834,0.3904310464859009,0.16242718696594238,7
6270,HVPLQVTDPW,VIPAKLQSIH,train,0.38472604751586914,0.5588963031768799,0.28705644607543945,9
3785,FTPSGWITNG,WTPRQYWVNT,train,0.22028756141662598,0.032619357109069824,0.20207750797271729,7
4949,LFPRDIRDIT,TWPRELILAS,validation,0.42126768827438354,0.5961140394210815,0.8178389668464661,8
7036,FAPRPVMNKR,QRPRSLRDHS,validation,0.09222912788391113,0.20863491296768188,0.08065223693847656,8
6675,CEPRPYTASG,NLPRYWRGQK,train,1.3119971752166748,0.569414496421814,0.5164132118225098,8
10303,LSPRPFLAGA,VWPKQMYSGH,train,0.10754144191741943,0.08425188064575195,0.051633238792419434,8
4719,SIPRPLWDEQ,KNPRSLYTEI,train,0.25591593980789185,0.43170011043548584,0.06296426057815552,6
222,GNPRSWTASG,RMPRGMAVLH,train,0.14749932289123535,0.49086815118789673,0.5998761057853699,8
3371,SAPVWMINKH,VVPRYMKGKL,train,0.1520211100578308,0.20030230283737183,0.37484097480773926,7
5416,WHPRSLSAGF,RQLANMIDGY,validation,0.693352460861206,0.6933860182762146,1.4102782011032104,9
4034,LSPRPYIGAV,VHARQISHAY,train,1.7173688411712646,1.4662286043167114,0.6141197681427002,8
1355,SWPLGITNWG,TDLRNIWDTW,train,1.202412486076355,0.12183493375778198,0.4609229266643524,9
7002,TPPVEYRTAS,LMPRQYKDQS,validation,0.016686677932739258,0.12900829315185547,0.21270763874053955,7
7744,ESPKGMHAGY,DNPKGVMGRL,validation,0.6264275312423706,0.4792606830596924,0.1018022894859314,7
1138,TGVSWMIASY,LQRVRSAMGW,validation,1.6360374689102173,1.0414950847625732,1.3630942106246948,10
1266,RQPRNYSAPT,TWVEGLFHFY,validation,1.7862827777862549,0.8834831118583679,0.45504677295684814,10
6760,MAPRFLWGEG,MSPRWLYSNI,train,0.43565475940704346,0.3007318377494812,0.232625812292099,6
7348,YKPRAFVGEK,RWPRAFLAWK,train,0.4857921600341797,0.3489415645599365,0.032593488693237305,5
1175,YGPSGWTASG,WSPSGWMAPS,train,0.03679060935974121,0.28134167194366455,0.036428213119506836,5
8931,TWPVGLFVEV,PLPVFLWGGF,validation,0.5307853817939758,0.19514763355255127,0.14770567417144775,7
8536,EVARAMIGEG,PIWRAITASG,train,0.15643101930618286,0.6762692928314209,1.1759943962097168,7
1516,QWPRSIYSLT,PLPRVIHGHG,train,1.3617846965789795,0.4206649959087372,0.1382105052471161,7
9593,KWPREVRAWA,RTPLGQIYVW,train,0.4759679436683655,0.31585168838500977,0.23877042531967163,9
7432,SWPVAYWGPL,HTPKGQMGNL,train,0.26913321018218994,0.1184382438659668,0.3623504638671875,7
1927,PHPRSWTASG,VLYGNFQGNG,train,2.2489843368530273,1.9219341278076172,1.6512768268585205,9
10874,TVPRQLWDTW,TAPKWLMSWT,validation,0.2634303569793701,0.4962104558944702,0.9040951728820801,7
814,FNPRDLTASG,SMSPRDWSMK,validation,1.776703119277954,0.7669388055801392,0.6432457566261292,10
5699,YQPTGFWGNA,YEPRAFQNVR,train,0.05998706817626953,0.8792077302932739,0.1465245485305786,7
8235,AVPVWLRSWG,GQPQPIHDNG,train,0.28255927562713623,0.31889671087265015,1.1754250526428223,8
4658,SWPRDIMAWT,SPALGWYGQK,train,0.7960954904556274,0.059624433517456055,0.24166646599769592,9
6610,YPVRAWTASG,NSPLYWRTNH,train,0.8970538377761841,0.393369197845459,0.20415392518043518,9
10911,GHPRSMWDLG,TVPRAWKGWT,train,0.0024089813232421875,0.029684782028198242,0.19152164459228516,8
10490,WGPRGVRNLF,HQPAGWQVSQ,train,0.2994000315666199,0.1164560317993164,0.08210855722427368,8
1952,KVAYNFYTMR,IKAFLYMNHP,train,1.4271111488342285,0.7937586307525635,1.0475707054138184,9
8666,TPPRGMTVTV,SGPSGMKTAS,train,0.31281089782714844,0.33613574504852295,0.469687819480896,7
5999,FTPRGQVGWT,HAPRGVTGVA,validation,0.24352037906646729,0.09233510494232178,0.5510711669921875,6
246,QVPRWIQSIS,QMVRWLIGQG,train,0.3072764277458191,0.021677851676940918,0.28956812620162964,7
10627,HWPVAETASG,LNPAFLKDGA,train,0.30266350507736206,0.7958165407180786,1.2269213199615479,9
669,TRPRQLWDTR,NVPKELHDVR,validation,0.10895204544067383,0.3337688446044922,0.6398918628692627,6
6632,ILPRPYQDLV,TVPKNQMSAF,train,0.14384794235229492,0.2162865400314331,0.5744537711143494,9
9734,VFPMSWQVEI,NFPNPIRYPK,train,0.8177253007888794,0.7814552783966064,0.5537662506103516,8
9640,YAPRFLVDAA,CVIRALWVKF,train,1.2932392358779907,0.4499424695968628,0.29620489478111267,8
4950,KAPRGLTDHR,GLPTALVAVI,train,0.39415621757507324,0.959101676940918,1.8035210371017456,8
1485,SQPRDIMANF,PGSTPRPMPL,train,1.463633418083191,0.5117139220237732,0.43718019127845764,10
8621,VIPKPLYTGK,QSPVYLANHF,train,2.579667568206787,0.9502102136611938,0.6744407415390015,8
7116,HVPRPVYDAG,DRPLGHWTAS,train,0.11428201198577881,0.2310093641281128,0.8144679665565491,8
5017,TPPKSLYVPI,TRPGWLSRMW,train,1.0286321640014648,0.7390115857124329,0.7287419438362122,7
3874,YIPTAFMDER,RVPVPMWTWG,train,0.07440376281738281,0.42965173721313477,0.028187215328216553,9
1733,PMPRSWTGWR,QTPRSIWGIH,train,0.27303600311279297,0.28417646884918213,0.28109467029571533,6
6111,TVPKWMKDIL,VGPRVLTGWI,train,0.17341899871826172,0.25195276737213135,0.2813456654548645,9
6270,VPPVAIHDWF,YKWRALYAPI,train,0.32443082332611084,0.6546214818954468,0.5923182964324951,9
3785,PGPKSLFVYS,GRPADLSHVK,validation,0.790172815322876,0.40814101696014404,0.8117890357971191,8
4949,AGPRKLYVEA,SMVLPLNHKA,train,0.8004159927368164,0.6683034300804138,0.3587931990623474,8
7036,FAPRSMRNKS,AYPRSLMVNG,validation,0.21732628345489502,0.3232107162475586,0.12434625625610352,7
6675,THPRSYTGMW,DRPRPTLNEL,validation,1.3781236410140991,1.3450160026550293,0.8995455503463745,8
10303,KNPRMLYDVR,LRPQYWRYNG,train,0.5391472578048706,0.01577770709991455,0.44895225763320923,9
4719,SMPKWIIGTA,AFIPVYMSIG,validation,1.1635407209396362,1.0395718812942505,0.811816394329071,10
222,TWPRELKGLG,VNPDYLQDGY,train,1.5217792987823486,0.8583968877792358,0.6613529920578003,8
3371,VKVYGLFDPT,SQVRFLHAGA,validation,1.8410555124282837,0.5660896301269531,0.3798409700393677,8
5416,FNVMGIRDVY,KNPVWMTSRL,train,0.35435569286346436,0.0023076534271240234,0.08504247665405273,9
4034,SKPRAYKGTF,MIPRVMNGEI,train,0.3138010501861572,0.2844316363334656,0.09271621704101562,7
1355,QKPRFILDAI,KSPRYLHYPR,train,1.4277842044830322,0.5955905318260193,0.5835751891136169,8
7002,QRVLPFMDNA,PHPTALWDKI,train,0.0691683292388916,0.3378545045852661,0.046863555908203125,9
7744,VSPRGVTAQG,IDPRSYTGRF,train,0.34178584814071655,0.7306711673736572,0.17256611585617065,7
1138,SAIRALWSGY,LGYAWMKDNV,train,1.4542231559753418,0.8610415458679199,0.7091931700706482,10
1266,GFPRAFHGNW,QRPSWVYSNH,train,0.22050738334655762,0.28137731552124023,0.5205857157707214,8
6760,ADPQGIWDEW,MPVFHLSTIG,train,0.44161349534988403,0.5429681539535522,0.08903956413269043,10
7348,KAPRSWTNPY,ASRPVRSAIP,train,1.0904186964035034,0.6805518269538879,0.46856409311294556,10
1175,HWPSGFIAPY,IAPRWFWQPW,validation,0.8578245043754578,0.33142149448394775,0.19210612773895264,7
8931,GDPRAFIANR,VLPTNLWGHG,validation,0.6663439869880676,0.3209471106529236,0.5922049880027771,9
8536,YTPRGMYDSV,IGPRNITVNT,train,0.1876312494277954,0.858992338180542,0.23398220539093018,8
1516,ARPRSVIGLG,HAVRQLTGSV,validation,0.38229507207870483,0.7518057823181152,0.23138707876205444,8
9593,CIPRSMRGSF,ENPIEVYKQS,validation,2.0610082149505615,1.5548017024993896,1.1618620157241821,9
7432,TMPRSYSDGI,SVPYPWQVPS,train,0.45829761028289795,0.3239403963088989,0.18627113103866577,9
1927,GWPRGMKTAS,VTPRGIFGMW,validation,0.20294475555419922,0.11722791194915771,0.5124229192733765,7
10874,KMVRGLWDGV,PDVRWMKTEY,train,0.4509658217430115,0.15389776229858398,0.33781903982162476,8
814,GIPRSMWTAS,FAPRQMKSTR,train,0.010089635848999023,0.17163300514221191,0.9007786512374878,7
5699,NHPVPFWGMY,PHPSAWTGWH,train,0.4493942856788635,0.356725811958313,0.17785358428955078,7
8235,MWPRAYRNIR,PIPRPLANAI,train,0.40667271614074707,0.7278097867965698,0.8102439641952515,7
4658,YMPRQYTDER,KWPVGYWGMS,train,0.2788364887237549,0.061235904693603516,0.3982001543045044,8
6610,CTPKGMHGMG,FQPAWMYQSG,train,0.16357529163360596,1.3015763759613037,0.9618285894393921,7
10911,KPPRSMIVEH,GIPRFMVTGK,train,0.049054622650146484,0.40679824352264404,0.17678773403167725,7
10490,LFPYGMANGQ,GFPAGFQSRS,train,0.16137945652008057,0.03599905967712402,0.7479807138442993,7
1952,FWPRPLYTEV,DQPYPFIASL,train,0.1382122039794922,0.009350121021270752,0.6683322191238403,8
8666,SPPSGMRDPW,PGPRGVAVLQ,train,0.8767198324203491,0.4558265209197998,0.22824478149414062,8
5999,TNPVAMWVAG,LVWRAWTASG,train,0.8871777057647705,0.21736162900924683,0.4755252003669739,8
246,GSPRMLIGWQ,MTWRGMKSHT,train,1.0385463237762451,0.2500970959663391,0.242081880569458,9
10627,SGPKFLTATA,YDVYDLIDPT,train,0.6054741144180298,0.06904149055480957,0.43082568049430847,9
669,PKPRVLVDNQ,WPVAKLISEK,validation,0.6352626085281372,0.7413209676742554,1.5997278690338135,9
6632,WHPREWTASG,LIPLPSYGKY,validation,0.2776187062263489,0.41940438747406006,0.35234999656677246,9
9734,SYPRAFRSGA,RVPVPMANQS,train,0.16203677654266357,0.6870543956756592,0.5597577095031738,9
9640,TRPTNLRVGG,RVPKLLSDMI,train,0.8254562020301819,0.0652497410774231,0.13530796766281128,8
4950,GAPRSMVDKF,YTPRFLVVNR,train,0.19576215744018555,0.5592347979545593,0.22896051406860352,7
1485,IRPRAWTGTW,SQPIPVMGHS,train,0.7884984016418457,0.44689059257507324,0.3655831813812256,8
8621,QAPKWMRNTK,WNPSALIYET,train,0.6424864530563354,0.882853627204895,0.6402137279510498,9
7116,WAPRYWYDAQ,TMPRAHFDKG,train,0.11658751964569092,0.19875550270080566,0.23964089155197144,7
5017,YAPRSYTAEV,RPPLQWRTSS,train,0.08351099491119385,0.16028058528900146,0.887893795967102,9
3874,RAPVAFWDPL,WAPSAFQDMK,validation,0.4872845411300659,0.5330356359481812,0.19470280408859253,5
1733,MAPRSFWVMR,MTPRSYRNMS,train,0.10281383991241455,0.18800771236419678,0.06108975410461426,5
6111,HGPRSLKDQS,SRPRTLTAIH,train,0.6457709074020386,0.13266205787658691,0.09033671021461487,7
6270,TVPRAVKDWV,EWISRMIGHQ,train,2.253112554550171,1.681502342224121,1.2955667972564697,10
3785,HRPSAFQAEA,RAPRLLMYPH,train,0.8647111654281616,0.5464355945587158,0.16406092047691345,9
4949,VYPRAFYSWQ,KEPRFITASG,train,0.8570601344108582,1.0347793102264404,0.30910933017730713,8
7036,EGPRSIYVRK,NYPRGMKQGT,train,0.031877756118774414,0.10827809572219849,1.0577553510665894,8
6675,MQPKWITGQF,KPVYAWTGTQ,train,0.3704473376274109,0.05101799964904785,0.13519287109375,8
10303,PWPREVRDSG,FVPRLYWDQH,train,1.1697402000427246,0.5879689455032349,0.13971644639968872,7
4719,TAPRSLLDVK,GTPRSLSTWL,train,0.3873726725578308,0.30220794677734375,0.419467031955719,6
222,QHPVAMYGVW,VYPSQMLAQV,train,0.1081387996673584,0.2830081582069397,0.549441933631897,8
3371,SQPVPMWGWT,SDVRFLVAHY,train,1.4498966932296753,0.6099640130996704,0.29905271530151367,9
5416,GDPYAMKTKV,SDVRALWYHI,validation,1.2965011596679688,0.2364487648010254,0.2031344175338745,8
4034,RVPRGWTASG,NRPAWMKGNW,train,0.11067736148834229,0.6617004871368408,0.14172816276550293,9
1355,WMPRFLLDPF,LHPRMLTDVK,train,0.06449472904205322,0.28250396251678467,0.3061472177505493,6
7002,LRPSAYHDGK,ISPMLSTASG,train,2.0010790824890137,1.2764707803726196,0.7663649320602417,9
7744,IPPRSLWGEH,GIPVHMWTPT,train,0.44376808404922485,0.235687255859375,0.005576670169830322,8
1138,AFPRDLISPV,KPARSLTSWK,train,0.4275842308998108,0.2990718483924866,0.03564247488975525,7
1266,PYPASWRGEV,YQYRSMWNES,train,1.2335573434829712,0.9588842988014221,1.1892684698104858,8
6760,IAPAHLWGEY,ELPVGIVGWK,train,0.2357480525970459,0.023619651794433594,0.8622903823852539,8
7348,VMPRSYIVWS,FWPRSFIASR,train,0.23553407192230225,0.05216419696807861,0.1647578477859497,6
1175,PVPRAWTSNG,QFPLGYRQNT,train,0.07472503185272217,1.078924536705017,1.576372504234314,8
8931,HIPRAFIDGV,TLPLGWRDEL,train,0.5154643058776855,0.27480196952819824,0.27873146533966064,8
8536,EQPVPMIDHG,ARYAYSQNRL,train,1.4067208766937256,1.2334563732147217,0.851069986820221,10
1516,FKPRNYSDPS,HFPRNVSAIT,train,0.5177096724510193,0.2692781686782837,0.318652480840683,6
9593,VLPRPVMGWL,KFWVSMVGEF,train,1.9595359563827515,1.2166167497634888,0.7843946218490601,9
7432,TYPRNYMASV,NDPSPFLSHY,train,1.7303121089935303,0.39160382747650146,0.41524598002433777,9
1927,WAPRFLKDNF,VPWRAWKTGW,train,1.40416419506073,0.5560333132743835,1.191153645515442,8
10874,YMPRSMLDNT,FQPRNIYGEV,train,0.33306360244750977,0.3698505759239197,0.5504262447357178,8
814,RPPRGVRDLR,GYPRGAHANW,train,0.6129687428474426,0.15068304538726807,0.0020641088485717773,7
5699,HKPKSYQVGG,CWPYNWMVTH,train,0.9287781715393066,0.3261988162994385,0.41002553701400757,8
8235,VQPVSWRTPL,HMPRWIQGTS,validation,0.42777836322784424,0.5226833820343018,0.762145459651947,9
4658,LAPIWMWNHG,VFPRTLYYGF,train,0.7403792142868042,0.49447101354599,0.011286765336990356,9
6610,EQPRSMWNVQ,GQPRFLYDKG,validation,0.9610553979873657,0.5127632021903992,0.4862920641899109,7
10911,SGPRAITFTA,RIPGSLSVAQ,train,0.772758960723877,0.5650432705879211,0.7285926342010498,9
10490,AYPRSMYGNF,AFRPLKRSRY,train,2.106398105621338,1.4779131412506104,0.9084651470184326,9
1952,TAPMHWTASG,QPPRSWTNMK,train,0.5019494295120239,0.10779571533203125,0.011595487594604492,7
8666,APPVGMRVTA,FAPARLVVTR,train,0.08977723121643066,0.4172329902648926,0.9741191864013672,7
5999,QPPRGMVDIG,QTPRGMYGRA,validation,0.17929625511169434,0.5942673683166504,2.0200271606445312,5
246,PTPRWIQDQV,ISPRWLTAWG,train,0.356767475605011,0.17970061302185059,0.2025328278541565,7
10627,GWPAGLSDGS,GAPDYLRDGV,train,0.221832275390625,0.2677420377731323,0.24997377395629883,5
669,WPPVELTSKF,PCWQGIVDEK,train,2.0015110969543457,0.8748413324356079,0.322331964969635,10
6632,YFPRELTASG,KNGAPREATY,validation,2.193296432495117,1.0168919563293457,0.9938892722129822,9
9734,MLPRSWQSGG,IDPRNIFSHQ,validation,0.6356309652328491,0.5400158762931824,0.22953881323337555,7
9640,FKPRTLVGQK,KFARKLWGKY,train,1.6957308053970337,0.9494919776916504,0.9131647348403931,7
4950,GVPRGVFVPS,YTVRGMTASG,train,0.07636809349060059,0.3583744764328003,0.025937676429748535,8
1485,VTPVGWRGIA,PGPRSYIGPH,train,0.03564560413360596,0.1774296760559082,0.20414137840270996,8
8621,FSPRQLVDPR,WEPRNHYGNH,train,1.4705357551574707,0.29463833570480347,0.2545931935310364,8
7116,FIPAYFRDGI,AANPVPNEWK,train,1.361295223236084,1.0661585330963135,0.6573023796081543,10
5017,CNPKSMRSQW,GNPHNQIDKF,train,0.8198992013931274,0.3883911967277527,0.21597573161125183,8
3874,WAPKGVSDAI,SWPNALTASG,train,0.13489097356796265,1.2298378944396973,2.0624444484710693,9
1733,SRPRSYWGAQ,FLPRSWTGQH,validation,0.3418458104133606,0.4307745695114136,0.0043160319328308105,6
6111,YEPRAVKAMT,NPPMWIRDPV,train,0.11993706226348877,0.43693166971206665,0.913562536239624,9
6270,HIVKAFTASG,RFPLRIGEGF,train,1.549343466758728,1.2085908651351929,0.9055760502815247,10
3785,VMPSGFQDHW,VWPHGFSAEG,train,0.21112573146820068,0.2728254795074463,0.36150097846984863,6
4949,MHPVAYRDAH,IHPRAYRDSL,train,0.34354937076568604,0.3363673686981201,0.03140687942504883,4
7036,CPPIGMKTMR,QKPRSWLNEV,train,0.7263101935386658,0.3146411180496216,0.049255311489105225,9
6675,DMPRSWTGQT,YGVRAFIGHF,train,0.6358389854431152,0.15285885334014893,0.021709918975830078,8
10303,TGPRPFHDMW,CVPRQVTASG,train,0.23506563901901245,0.007306218147277832,0.15698379278182983,8
4719,QDPRSWRTAS,YIPGSMVYNK,train,0.6487947702407837,0.8273237943649292,0.900876522064209,8
222,YFPRQMTASG,QMPRQIVNIT,train,0.09146332740783691,0.17170965671539307,0.09416866302490234,7
3371,LCVRGMRSAS,VDPNYIRGQY,train,1.1555339097976685,1.0258077383041382,0.7001281976699829,9
5416,HWPRELRTVG,TAPVNLVGIA,train,0.19248926639556885,0.3108803629875183,0.5863733291625977,8
4034,CIPRPVMGST,WVPRYLSNGK,train,0.4155545234680176,0.7090665102005005,0.15770483016967773,8
1355,EGPRSIRDMG,NYPRQLVDPH,train,0.05680513381958008,0.06640994548797607,0.08025437593460083,7
7002,VRPKPFLDKF,VWPTGFHSTW,train,0.6151947379112244,0.09194755554199219,0.4505358338356018,7
7744,TWPAGVYGPK,TAVRAWSAWI,train,0.47678816318511963,0.6124293208122253,0.010412037372589111,9
1138,QAPRAVWSEH,DTPRGMHPKI,train,0.7653235793113708,0.7732089757919312,0.016526341438293457,8
1266,YQPVAYWSNY,FKPRTMHAVW,train,0.24730539321899414,0.08289682865142822,0.060889601707458496,9
6760,AQPSWLWTSA,EIPRGMTKIL,validation,0.3388839364051819,0.38621485233306885,0.28326815366744995,9
7348,AVPRVLVAVT,RAPVAYFVTW,train,0.04020881652832031,0.04641002416610718,0.7697620391845703,9
1175,YMPRSWFGPY,PGPRSWTSMW,train,0.0873422622680664,0.389959454536438,0.2561432123184204,6
8931,LMPRFMHDPW,TMPWYMTGMH,train,0.11594343185424805,0.7494068145751953,1.3254586458206177,7
8536,ERVLMMWGPG,PIWQGIWAGG,train,0.7573436498641968,0.33957651257514954,1.0155751705169678,8
1516,VLPRGWTASG,DGPRAVTASG,train,0.38809454441070557,0.16251051425933838,0.21112781763076782,4
9593,VGPRSYTDKA,LYPRSWTASG,train,0.07543373107910156,0.03141605854034424,0.14012449979782104,6
7432,VWPRPLWTHA,YAPAHLQDEG,train,0.3257480263710022,0.23054051399230957,0.161659836769104,8
1927,MFPRGFSTGS,AVPRWYTGVK,validation,0.43275701999664307,0.2781035900115967,0.4127005338668823,8
10874,YAVKGLYSGQ,MTPKGMQYEQ,validation,0.02657616138458252,0.11357223987579346,0.1471649408340454,7
814,LSPYWLYVER,GMVRAMHVIF,train,0.313151478767395,0.19586700201034546,0.16208499670028687,9
5699,SYPKNFIGTW,MTPRLYVNSA,train,0.8771582841873169,0.5170450210571289,0.3882794678211212,9
8235,WGPSSYTGGW,HSPLPFRGSQ,train,0.13345420360565186,0.595177948474884,0.6838705539703369,8
4658,FIPKWMRGFE,WIPRPFHAVA,train,0.06255078315734863,0.041593194007873535,0.19616270065307617,8
6610,MGPRGVHDIQ,LRPRSWYNWI,validation,0.5385106205940247,0.6326128244400024,0.42910540103912354,8
10911,VPPRSLSVGF,FKIYPKDVAV,train,1.2274043560028076,0.7222716808319092,0.9422611594200134,9
10490,IPPRPVRGFS,FERLVPAGHR,train,2.2795028686523438,1.7270132303237915,1.1851006746292114,9
1952,IQPAWMRTWA,GARAPSFAFG,train,2.012479305267334,0.7129199504852295,0.4082639515399933,9
8666,MPPRDLNVFK,KSIAALRAEW,train,0.5185682773590088,0.9808518886566162,1.5226149559020996,9
5999,GQPRGVNAGS,VCIRMMTASG,train,0.723228931427002,1.3418446779251099,0.8909412026405334,8
246,LHPRWIMANY,QMPRWILQWY,train,0.604669451713562,0.20563030242919922,0.15558290481567383,5
10627,GFVYGLRDIG,GVPRTLISGK,train,0.04030966758728027,0.08426773548126221,0.7259963750839233,8
669,AVPRAVLVLY,SRPRTMRASG,train,0.859038770198822,0.12484025955200195,0.01960739493370056,8
6632,GAPRYWIGEG,MYPSDWTASG,train,0.08767122030258179,0.47451531887054443,0.605515718460083,7
9734,ETPLGQIGMF,DKVLWLMATH,train,0.05081307888031006,0.6805881261825562,0.5874708890914917,9
9640,IGPKQLSDGL,QWPKSLYVKR,validation,0.4906884431838989,0.5082752704620361,0.12125158309936523,7
4950,RHPVGITVGL,AGRWKRYVGP,train,1.5082309246063232,0.4642629027366638,1.0440592765808105,8
1485,QRPRSYTASG,TRPRELYSIS,train,0.16472411155700684,0.22700786590576172,0.19675707817077637,7
8621,KWPRPLWDPI,SHPKFLQVPG,validation,1.0589781999588013,0.45916175842285156,0.33022862672805786,7
7116,ITPVPFTVHS,GPAYCSWDWY,train,1.806837558746338,0.891994059085846,0.5319852828979492,10
5017,GVPRPVYTKF,RRPASWTASG,train,0.05404394865036011,0.06011533737182617,0.1813485026359558,9
3874,YFPRAFQDET,HYPLNYQNSQ,train,0.08003854751586914,1.163899540901184,1.2775743007659912,8
1733,SWPLGWTASG,HRPRSWLNTK,train,0.756770133972168,0.5301386117935181,0.28761136531829834,8
6111,LNPVAMWAWI,KGPRNIMDGR,train,0.24460434913635254,0.38830268383026123,0.15959763526916504,9
6270,HSPRQLWDLW,NPVWGIHDRG,train,0.24112999439239502,0.33025604486465454,0.6304590106010437,9
3785,MLVKSMYAPQ,PACYVRAVHS,train,1.387621521949768,0.4187327027320862,0.03958672285079956,10
4949,PNALGWTASG,MRVLPLWDHV,validation,0.21698319911956787,0.37772583961486816,0.04198336601257324,9
7036,HIPRSWIVGG,FVPRSHRAPW,validation,0.03007674217224121,0.1762152910232544,0.7325419783592224,7
6675,NTPRWYTASG,GMPRYWVSGT,train,0.23788708448410034,0.21173298358917236,0.2144925594329834,8
10303,FRPGWFTASG,YQPRAFIFYW,train,0.2926627993583679,0.5942318439483643,0.48356813192367554,8
4719,VSPRSFWDGY,GAPRYLWDGG,train,0.023346781730651855,0.4829190969467163,0.22787952423095703,5
222,FSPVWMWGVK,RNPAQMKGAF,validation,0.5265731811523438,0.7600743174552917,0.9015756845474243,7
3371,VMPSGWVGWK,NFPANWRGSF,validation,0.6997398734092712,0.7162630558013916,0.04823008179664612,7
5416,VTPRSLISGT,KIPTALKGNA,train,0.1857743263244629,0.18818879127502441,0.4502168893814087,8
4034,ATPRFIRDPR,ASHRALFGPY,train,0.9630820751190186,0.07586085796356201,0.15262490510940552,7
1355,FTPRYLFDRL,TQVRYLWDTQ,train,0.6565310955047607,0.3342304229736328,0.8076540231704712,6
7002,LCPLAVYTSK,ANGANLYAPG,validation,1.6879916191101074,0.709373414516449,0.9512826800346375,9
7744,GPPRVLMSEV,DTPKGNTGMI,train,1.277130365371704,0.8305528163909912,0.450558602809906,9
1138,VEPRNVMAPK,SNVRNLSSPS,validation,1.6713104248046875,0.5929529666900635,0.17923305928707123,7
1266,AHPSPFYAGY,TWGQPYPLPY,validation,1.2390412092208862,1.046832799911499,0.6960166692733765,8
6760,YIPRAISDPH,SIPKFLMGTQ,train,0.4647064805030823,0.5126219987869263,0.49442821741104126,8
7348,HFPRAYRDVI,TLPRSWSAEH,train,1.0194844007492065,0.3090693950653076,0.062075138092041016,8
1175,LFPSGWTATQ,SAPRYWTGLF,validation,0.5025752186775208,0.2546391487121582,0.2884209454059601,7
8931,SGPRYLIATA,TWVRNLFTAS,train,0.3733232617378235,0.2607787847518921,0.1736571192741394,8
8536,ARPEWYTGRQ,KSPVFLINGI,train,1.3159105777740479,1.248326063156128,0.4681698977947235,9
1516,SYPRAYHSGR,VPPRVLTGSG,train,0.1363428235054016,0.025896549224853516,0.07815432548522949,8
9593,FQPRNYIAYH,DMARAYKGAY,train,0.725787341594696,0.05679178237915039,0.02341631054878235,8
7432,VNPAGYRDNI,FPPSAYIGSA,validation,0.013531804084777832,0.5105382204055786,1.7436997890472412,8
1927,TVPRAVKNPK,SEPRPLWQVY,validation,0.12043821811676025,0.40563762187957764,0.47281336784362793,8
10874,MAPGWMRYPT,SGPIPIRTLA,train,0.18857383728027344,0.34455323219299316,0.2601282596588135,8
814,EQPRSWRAWG,VNPRQVTASG,train,0.2922358512878418,0.049843668937683105,0.21986711025238037,6
5699,NLPRPVYTNQ,YLPRAWQYPK,train,0.46797168254852295,0.5072809457778931,0.5806243419647217,7
8235,WHPVGYRTSH,SHPLGIRYGF,train,0.07200121879577637,1.0145373344421387,0.9959245920181274,6
4658,FQPRNWYSPG,TAPKLYWGKG,train,0.3942018151283264,0.2621572017669678,0.3556797504425049,8
6610,NFPRSMINPK,FDPYTGIYGS,train,1.9935195446014404,1.0738269090652466,0.49265387654304504,8
10911,TVPRAWIDVY,GVPREFSGQA,validation,0.5656532049179077,0.11538946628570557,1.0857704877853394,7
10490,VGPRAFWQSY,RYPVGMHGMI,train,0.06714189052581787,0.13671386241912842,0.5933327674865723,9
1952,GLPRAYWGNG,RRPQSWRTEI,train,0.15708541870117188,0.5546401739120483,0.14939570426940918,9
8666,EAPKGMVEIR,TPPRGQTFNK,train,0.9780943989753723,0.1580408811569214,0.20874333381652832,8
5999,VKPIGWVTAS,GMPRGVRTAS,validation,0.025213241577148438,0.14846205711364746,1.0149521827697754,5
246,MTPKWMSTMG,TIPRWMKGWR,train,0.37172746658325195,0.14323663711547852,0.20974111557006836,7
10627,GSPLPFIDPT,DAEPYLRTNV,validation,1.6153111457824707,1.148988127708435,1.1461644172668457,10
669,GWPRTLVVHT,FPPSKLYDHF,train,0.25368887186050415,0.02235698699951172,0.10906034708023071,7
6632,QKPTAFYNNF,LMYSAYRSGA,train,1.010919451713562,1.180058240890503,1.610145092010498,9
9734,GAPRSWTVIQ,FRPASWRSWQ,validation,0.07438015937805176,0.10945701599121094,0.08874434232711792,6
9640,VHPKGMHTAK,SGPKQLYVWA,train,0.16602492332458496,0.4015657901763916,0.13740360736846924,8
4950,TKPRSLWVGT,RMPRGLSVQF,train,0.16761374473571777,0.16198128461837769,0.9715920686721802,6
1485,RQPRSYMSGS,KPTGFMYSNT,train,1.7291159629821777,1.287800908088684,0.5084111094474792,9
8621,QWPAWMLNPT,QSPKQLSKHS,train,1.5538654327392578,1.0506386756896973,0.6380137205123901,8
7116,WMPRSFIDLS,MWPREVRDSG,train,0.3728674650192261,0.013123393058776855,0.06221127510070801,7
5017,HVPRQVTGWF,EAVSLMYNHF,train,1.7048250436782837,1.9126300811767578,1.0616594552993774,9
3874,AEPLSWRTPR,QFAKTALNGQ,train,2.5695133209228516,1.2953760623931885,1.4017784595489502,10
1733,LNPRSWQSTA,GPRSNHRGPR,train,1.8508353233337402,1.4067648649215698,1.119242787361145,10
6111,TMPRWLHVPG,NFLSGMSGRW,validation,1.7765724658966064,1.2565333843231201,0.797372043132782,10
6270,SVARAMHDAI,VENRAFIAQS,train,0.504828929901123,0.22040146589279175,0.32640019059181213,8
3785,IVPRAVTHKW,ETPRNWHTAS,train,0.8966876268386841,0.3183715343475342,0.044434309005737305,8
4949,MYPRAFWDVS,MAPRNYWDPL,validation,0.466105580329895,0.6220412254333496,0.3837363123893738,5
7036,LNPRSMLNQF,GHPRNMKTSV,train,0.15053796768188477,0.43686532974243164,0.09641158580780029,7
6675,LPVRGMYDHI,MQPRSWVAHI,train,0.09302294254302979,0.30937159061431885,0.33651232719421387,7
10303,WIPRPVMTPK,MAPRQLWNEV,train,0.08241009712219238,0.1113816499710083,0.33663034439086914,8
4719,IDPRSLRTSW,TFWGALTDHL,train,1.6725916862487793,0.8675335645675659,1.4939231872558594,9
222,MWPSGVTGPL,FVRQLMYSGF,validation,2.2886531352996826,1.952369213104248,1.4390146732330322,10
3371,MYPRDIQAEG,SAPRNLASWH,train,0.5244733095169067,0.34829241037368774,0.08539921045303345,8
5416,YGVRALYDGL,EIPRFLWDMF,train,0.30092567205429077,0.0837864875793457,0.07148069143295288,7
4034,FSPYGMRDSF,NSHRALWGTG,train,2.330307722091675,0.9426318407058716,0.652104377746582,9
1355,VCPTGLRDPY,SVPKWLRDVR,validation,0.050972580909729004,0.23506450653076172,0.7819291949272156,6
7002,FVPSTLWDQS,FNPIHLFDCS,train,1.0842558145523071,0.447360634803772,0.3798578381538391,5
7744,MGPGPLWDHT,FRPRSHRGPG,train,0.9827831983566284,0.025728702545166016,0.024939894676208496,9
1138,IKPRNFRDHT,MSPRKFHTNS,train,0.9116745591163635,0.281080961227417,0.5722688436508179,7
1266,VPPRDYTGPK,TAPGAWTASG,train,0.10414361953735352,0.20167803764343262,0.07696449756622314,8
6760,YDPRALTSPT,SNPLGILSWF,train,0.07979661226272583,0.03522205352783203,0.7104765772819519,8
7348,NQPRGVFAWG,GPPRAVTSGY,validation,0.0793384313583374,0.12706148624420166,0.3732231855392456,7
1175,WDPRGQTASG,DFPSGWTASG,train,0.09113669395446777,0.10891318321228027,0.09075808525085449,4
8931,WVPRTLSDPL,RMPRYMYDKG,train,0.29415011405944824,0.13816583156585693,0.2876628041267395,7
8536,IGPAYFRDNF,QNPVMMKGQG,train,1.1553301811218262,0.9155784845352173,0.3970295786857605,9
1516,HPPRGVTASG,TKVLWMQATS,train,0.10616683959960938,1.1858868598937988,0.6234149932861328,9
9593,YDPRAFYGNS,SWPRGNTASG,train,0.7597703337669373,0.5170342922210693,0.14317631721496582,8
7432,YNPDGMYTAS,EHPVAWRTGH,train,0.329314649105072,0.18272018432617188,0.4494536817073822,8
1927,YPPRGVKTPS,ERPRSWTNPR,train,0.3142097592353821,0.5055605173110962,0.15285849571228027,7
10874,FDPRNLYTVY,SQMGLLWSGH,train,1.9125967025756836,1.2755463123321533,1.5429713726043701,9
814,NLPRAVIATH,SVPRAVTASG,train,0.15249097347259521,0.01882457733154297,0.17793703079223633,5
5699,CVPYGWKTAT,QRVEPLWMPF,train,0.7155182361602783,1.6440807580947876,1.663499116897583,10
8235,MVPKWMIGWK,RIPRPVMGRL,train,0.48717522621154785,0.3435238003730774,0.2961009740829468,8
4658,YAIRSMWAMT,NQPQWMKGYS,train,0.08272433280944824,0.16753411293029785,1.203001618385315,9
6610,VIPRPVINGW,EMYRGLTGLG,train,1.304063081741333,1.1813472509384155,0.9323427081108093,9
10911,IVPRAVYVMY,NWPKTIMVNE,validation,0.28056883811950684,0.4281710386276245,0.05002039670944214,8
10490,TVPRAWKTPY,FLPRQWMSNW,train,0.16132640838623047,0.09384775161743164,0.05248081684112549,7
1952,WRPAWLASPW,IPWGNMWSPI,train,0.43801575899124146,0.17784255743026733,0.04086962342262268,8
8666,VGPKGMKDTY,VRPRGMHGWL,train,0.2614849805831909,0.14864742755889893,1.0615501403808594,6
5999,TRPRWMKDTG,TIPRYMHADA,train,0.3429751396179199,0.3390759229660034,0.012967228889465332,6
246,FQPRNVMGPW,QKPRWMIGLV,train,0.3916126489639282,0.25407516956329346,0.18181276321411133,7
10627,GRPLPQLTIG,VQHWRLTASG,train,2.2997658252716064,1.7190836668014526,2.384132146835327,9
669,DYPLRVMAQW,QPGWVIYTVK,train,1.9367659091949463,0.8848390579223633,1.2687106132507324,10
6632,YGPRELYNWF,PPLEVYFDKY,train,1.395350694656372,0.9961932301521301,0.6423255205154419,10
9734,TWPRSLVVGT,HRPRSLLSAR,train,0.02163219451904297,0.25952935218811035,1.1703155040740967,6
9640,WTPRELKGNF,VPPRVLTVEW,validation,0.5447500348091125,0.043488383293151855,0.11295831203460693,7
4950,QAPRGVIYAF,GRVRGIHAMF,validation,0.14742034673690796,0.11633539199829102,0.2516745328903198,7
1485,NPPYGWMVTS,PWPRFLASIT,train,0.8172978162765503,0.6946986317634583,0.031272709369659424,9
8621,KAPKQLFDPY,VNPYGLHDVQ,train,0.06961798667907715,0.1104813814163208,0.4690279960632324,7
7116,FIPASWRTAS,TPLYHIANPF,validation,1.24948251247406,0.7553162574768066,0.40864765644073486,10
5017,TGPRSLYQSW,HKPFSQMYIL,train,1.0804613828659058,0.5739062428474426,0.7152811884880066,8
3874,VRPRTLWDIQ,YSPESYWDGK,train,0.7039439082145691,0.17573189735412598,0.04909127950668335,7
1733,HTPRSYINSG,TPVHGFFSHH,validation,1.7750846147537231,0.9828159809112549,1.026416301727295,10
6111,VIPRPMWDGH,LPVWNYIAPY,train,0.1776193380355835,1.0035183429718018,1.1729604005813599,10
6270,IHPRTLVAKT,LTGLALSHRH,train,1.608841896057129,0.8018470406532288,1.189277172088623,9
3785,APPRKLVDHT,GWAYGMHMPV,train,0.825169563293457,1.051660418510437,1.467843770980835,10
4949,YVPRAVKVNF,GTPIPIHLTA,train,0.12601220607757568,0.7816023230552673,1.140524983406067,9
7036,GIPRAWRTMQ,MHPRSWTNQM,train,0.5066922903060913,0.42374253273010254,0.2962125539779663,7
6675,TVPRSWTGTG,HVPRWYIGLV,train,0.16123735904693604,0.11612772941589355,0.08613038063049316,6
10303,RPPLAHVTPY,YIRPTRDGDP,train,1.6539132595062256,0.9967783093452454,0.7763056755065918,10
4719,DRPRTLMASW,SQVRYLWTWI,train,1.4691871404647827,0.5831515789031982,0.4295821785926819,8
222,YMPRAFWDRQ,PMPKQMVGKY,train,0.04840874671936035,0.9011834859848022,1.521363615989685,8
3371,ITPRDMYANG,VIPKWMFGSG,train,0.44366884231567383,0.047402262687683105,0.06707030534744263,7
5416,PTPKGLSDKT,MIPRYLKDIY,train,0.6334383487701416,0.317166805267334,0.032723069190979004,7
4034,FQPRNYKGSG,GTVRGMKSGR,train,0.6702720522880554,0.10132789611816406,0.5276647806167603,8
1355,FNPVWMRTAS,TYPRGLMDNY,validation,0.01727581024169922,0.3981205224990845,0.9211910963058472,9
7002,WAPRSLYDTA,WTLMAYQANI,train,0.5416944026947021,1.0028419494628906,1.841904878616333,9
7744,TSPRGWTASG,FSPRSWRAIQ,train,0.15926724672317505,0.46785128116607666,0.12848562002182007,5
1138,NQPKGMRVHL,RLAWSLIDPY,train,1.131331205368042,1.0496890544891357,1.0837414264678955,10
1266,NFPREVQALW,NTPKGVWNHR,train,0.6624665260314941,0.165848970413208,0.23687583208084106,7
6760,FFPRELTNWI,SDALGMTGMH,train,0.971410870552063,0.1124575138092041,0.058493196964263916,9
7348,MKPRNFTNKA,FKEPASNQAL,train,1.1965317726135254,0.7889971137046814,0.9436247944831848,9
1175,YNPTGMFGPQ,GKPAPWSYPT,train,0.716013491153717,0.6560481786727905,0.290995717048645,8
8931,LMPRSYHGPW,TPVGWMHGNG,train,0.7746177911758423,0.4726724624633789,0.3404708504676819,8
8536,MAPRSVSGST,FGCVAPRAGG,train,1.6626782417297363,1.0188133716583252,0.4291594326496124,10
1516,AWPRVMTASG,WSPRTIYARF,train,0.3906075954437256,0.0879676342010498,0.16826018691062927,7
9593,QYPRAYTASG,QEPRMLTVPL,train,0.11668360233306885,0.3175208568572998,0.09121370315551758,6
7432,YQPRSWYSDK,VSPKNYHDVY,train,0.5195319056510925,0.17836344242095947,0.3747568726539612,9
1927,WLPRAVISKG,KPPRAVKASY,train,0.010443687438964844,0.14074385166168213,0.4854731559753418,6
10874,GQPKWMRTGT,AGPKQLYSTD,train,0.02809154987335205,0.009612321853637695,0.5696408748626709,8
814,MIPRAVMSMY,TVPRAVSAKL,train,0.5265412330627441,0.00602567195892334,0.14944159984588623,6
5699,HIPAWIRVMY,HWPRFLMYVG,validation,0.9154620170593262,0.3367505967617035,0.16277974843978882,8
8235,LVPRYWIAES,LAPRFYMNEW,validation,0.0832439661026001,0.3346503973007202,0.6666240096092224,6
4658,YHPVNYIGNR,CIPTASNVWW,train,1.7983825206756592,1.1268887519836426,1.033205509185791,9
6610,TIPRSVMTGR,GYPRAVMTVG,train,0.10860824584960938,0.07376575469970703,0.2518337368965149,5
10911,QFPRAFVPVN,RMPRQVMNPR,train,0.451724648475647,0.198577880859375,0.7956505417823792,8
10490,AWPRAVWSGW,VDPRGFHGWP,validation,0.8267122507095337,0.14843368530273438,0.13249146938323975,8
1952,VYPKAYSPVI,MWPRWYHNPW,validation,1.2297770977020264,0.12111800909042358,0.05973431468009949,8
8666,QNPRGMTVSH,YVPRGVKVGL,train,0.25506746768951416,0.0046662092208862305,0.11417388916015625,6
5999,VNPLGQTASG,TPARGAKNTA,train,2.534438133239746,1.684224009513855,1.4550663232803345,9
246,TVPKWMRNKG,MYPRWIAANF,train,0.51828533411026,0.25496065616607666,0.09406772255897522,8
10627,RTPIGLIDGH,VMPRYHRDAQ,train,0.9052935838699341,0.14013683795928955,0.5722484588623047,8
669,GKPLGVTVHQ,RHPYKLWDVG,train,0.5778644680976868,0.38359570503234863,0.4532850980758667,9
6632,LRPRTLVGNW,FIPSAYRTWT,train,0.05895400047302246,0.31154865026474,0.415887713432312,9
9734,LAPCWLYSWQ,SVPSWLYTIK,train,0.16654884815216064,0.10578185319900513,0.18603724241256714,6
9640,WRPRELRSKV,PTVIVGQIAG,train,1.9661285877227783,0.5898261070251465,0.6526477336883545,10
4950,VIPRTLMTAS,RVPRALTATY,validation,0.03477776050567627,0.6713500022888184,0.729462742805481,7
1485,WLPRAVYGTW,QRPVAYHGWK,train,0.2766214609146118,0.11022555828094482,0.08393895626068115,7
8621,LAPKWLFDQY,HGPKQIQDPG,validation,0.683426558971405,0.13199031352996826,0.06171327829360962,7
7116,NRPVAYWDMH,RGPVPVWTAS,validation,0.3885157108306885,0.007224678993225098,0.6047919392585754,7
5017,EAPRAFYVNW,RPPLPFIDGA,train,0.039370179176330566,0.49765264987945557,0.611029863357544,8
3874,QWPRELRTKG,HNPLDQINVQ,train,1.0046873092651367,0.13967865705490112,0.07362735271453857,9
1733,TMPRSWTASG,FQPRSWRSPA,train,0.060183048248291016,0.03419196605682373,0.06900954246520996,6
6111,GNPRSMHDMQ,WHPINMRHMG,train,0.15906935930252075,0.4967864155769348,0.013134121894836426,7
6270,RAPVAMHDAW,FPPRELKSPH,train,0.11288189888000488,0.41311419010162354,0.8169790506362915,9
3785,VPPRTLHVMG,GAPRSSMRAY,train,1.221360206604004,0.8396507501602173,0.5325134992599487,8
4949,ASPVAYKAWQ,AHVFALSYGY,train,1.4766278266906738,1.1987700462341309,1.399369239807129,8
7036,DKPRGMKTAS,NYPRGMRNEQ,train,0.1913522481918335,0.1428384780883789,0.1566256284713745,6
6675,VMPSGFQNMG,FHPRNVMNEH,validation,0.6259720325469971,0.5640270709991455,0.7605178356170654,8
10303,WVPRELRDMG,VRARQLMVPS,train,0.8926539421081543,0.4481832981109619,0.6526224613189697,8
4719,TRPGWLTSET,GVPKNSQVGH,train,1.0641998052597046,0.21903705596923828,0.1676820069551468,9
222,FVPSGMRDLW,IEPYGMTGTA,validation,0.521120548248291,0.2772873640060425,1.2238538265228271,7
3371,FDPRWMLGIS,GYARGMRGPI,train,0.13930022716522217,0.221779465675354,0.8199447393417358,7
5416,FRPRSLSVPT,GYPASLKTAQ,train,0.11919522285461426,0.4661989212036133,0.5586126446723938,7
4034,TVPVPWTASG,PMPRYHTASG,train,0.6090114712715149,0.10146975517272949,0.3042985796928406,5
1355,NRPIPILDGT,IYPAYWRTGT,train,0.7422336339950562,0.05083656311035156,0.09593996405601501,7
7002,FTPLGQIVTF,CIPLVYAKEA,train,1.6220347881317139,1.2539560794830322,0.9632577896118164,8
7744,QNPRSMIGEV,GVPSGVKSHV,train,0.6452615857124329,0.008411526679992676,0.998888373374939,8
1138,MSPRWLQTGI,QGPKLITASG,validation,0.14984625577926636,0.41736698150634766,0.3787057399749756,9
1266,KTPVAWYAGQ,WSPRKFTASG,train,0.5278034806251526,0.14040493965148926,0.011846959590911865,8
6760,WSPRALYSPG,KFPRALSGRG,train,0.08697474002838135,0.1748131513595581,0.5679061412811279,5
7348,PFPRSYISWF,YSPRNYKGAS,train,0.604753851890564,0.199180006980896,0.026074767112731934,7
1175,MLPRAYSGYK,YCARAWTGMY,train,1.2528667449951172,0.35973048210144043,0.0379069447517395,7
8931,KGPSWLFDSG,DEAWHLMVWH,train,1.9896881580352783,1.3294509649276733,1.180598258972168,9
8536,HMPRYITASG,GQPRNTASEL,train,1.5037347078323364,0.6352347135543823,0.6137011647224426,8
1516,TQPRAFTASG,ERPVLYTGPG,validation,1.9537774324417114,0.5374743938446045,0.22133664786815643,7
9593,HQPLSWIGPY,GVPKQMRGKR,train,0.015663981437683105,0.10116791725158691,1.1562660932540894,8
7432,LEPRQYTASG,RMPYSYIGEQ,train,0.15058422088623047,0.3974144458770752,0.471710205078125,8
1927,VPPRSWTASG,EAPRGWTGNF,train,0.34338200092315674,0.1353703737258911,0.07756608724594116,6
10874,FAPRFLWDQY,YAPRFLVGWY,train,0.235085129737854,0.29400157928466797,0.3927052617073059,4
814,FWPRVMLGEQ,SRVLPMLGIY,train,0.44033825397491455,0.5595472455024719,0.06649228930473328,7
5699,WHPRAYLGSW,LWPLGFYNQH,train,0.0724191665649414,0.08230245113372803,0.33992302417755127,9
8235,LTPRSLYTPW,IYPQGLGNPQ,train,0.339618444442749,0.24566960334777832,0.09210866689682007,7
4658,HVPRAYWYGQ,SLPLNYHDWH,train,1.0434075593948364,0.7691851854324341,1.2160841226577759,8
6610,LFPRDIQGAL,EAYRSMRDEF,validation,0.6324758529663086,0.4636576175689697,0.5027874708175659,9
10911,RAPRTIVVNY,QHWGGLTYLT,train,2.0006937980651855,1.6855453252792358,1.0485600233078003,10
10490,LWPRSWYVPF,GLPKGFGSNV,train,0.13409215211868286,0.1846168041229248,0.5321502685546875,9
1952,YAPRSYRYGQ,KWPRSMLNEG,train,0.016296982765197754,0.11244678497314453,0.23544323444366455,7
8666,GQPVPMKDEL,VNPRGQMYSL,train,0.7889593243598938,0.6719657182693481,0.6527748107910156,8
5999,VEPRNVYGMW,SLPRPVTASG,train,1.4920769929885864,0.8222066760063171,0.0639844536781311,7
246,EAWRAMFGLI,VTVTWMWGMG,train,1.3541359901428223,0.18311727046966553,0.21967893838882446,8
10627,CWPRELKTVA,HVPKLLQDRW,validation,0.13456499576568604,0.30059921741485596,0.6155839562416077,8
669,GVPRELWDNV,WAVYGLTASG,validation,0.24120521545410156,0.8640483617782593,1.2455719709396362,9
6632,NQPVPFRDIQ,MFPIPRFVML,train,1.1149393320083618,1.3720735311508179,1.8275446891784668,8
9734,YPPRAYQAEQ,WVPMGMYVGL,train,0.09535932540893555,1.1887751817703247,1.5430610179901123,9
9640,TKPRAFWAKF,RPPLKVMAVH,train,0.27148640155792236,0.6083990931510925,0.8357176184654236,8
4950,PDPKGMLVEK,VWGRALTSTI,validation,0.8132374286651611,0.5830864906311035,1.0899348258972168,10
1485,VGPRGMHTNY,VYPRGMRGPS,train,0.1655259132385254,0.6119856834411621,0.8067402839660645,5
8621,SAPFNYRQHS,GPSGALYSEH,train,1.8288894891738892,0.631984293460846,0.43696820735931396,10
7116,DPPIPIMDPK,QLAPAPWDGS,train,1.2844676971435547,0.7747787833213806,0.6517629623413086,9
5017,MAPRKYISMA,IPPAWLKTKS,train,0.05624651908874512,0.643478274345398,0.1644616723060608,9
3874,FGPSSLWDKG,EFWNRLSDRI,train,2.0861642360687256,1.2238860130310059,0.997831404209137,8
1733,MVPRSYRQNS,SGPRAIQMTA,train,0.38525915145874023,0.655781626701355,0.3629723787307739,8
6111,PGPRSWVNTK,PSPVWLMDSG,train,0.09791135787963867,0.06363570690155029,0.12164038419723511,8
6270,KRPVAMTDPY,PRIYELQDPR,train,0.27449846267700195,0.9989343881607056,1.0181046724319458,7
3785,WNPRSYKDRT,RFPVNYWAQW,train,0.3436121940612793,0.12241089344024658,0.13488978147506714,8
4949,WAPKTLVDHR,SNPLGIRYES,validation,0.2552928924560547,0.5819003582000732,0.38448071479797363,9
7036,DTPRNMKTHR,QKPRNMYKQI,train,0.19276463985443115,0.4945046901702881,0.31445491313934326,6
6675,HRPRGYKDMF,ETPRSWTGTG,train,0.4204937815666199,0.16631996631622314,0.4834960103034973,8
10303,MSPYGFKDGQ,AGPRSWRTWF,train,0.28187382221221924,0.05151200294494629,0.07004159688949585,9
4719,PNPVPMWDMY,WGPRTLYSPL,validation,0.17103993892669678,0.0729823112487793,0.2852163314819336,9
222,NPVYAWTASG,IAPRFWRNRV,validation,0.5914813280105591,0.40916210412979126,0.019730210304260254,9
3371,FNPRNLKGPW,GTARNLIAMQ,train,0.06486320495605469,0.40319299697875977,0.7165756225585938,7
5416,GVPRAVITAS,SGPRMLYTAS,train,0.12651479244232178,0.6686618328094482,0.1522294282913208,5
4034,EIPRAFHGNL,NTPRAIFNHG,train,0.43188905715942383,0.49030792713165283,0.11573976278305054,7
1355,SGPVWMLGEL,FAVRFLVDSG,validation,0.3690943121910095,0.4776031970977783,0.09846794605255127,10
7002,DRVLAMWDLF,ADPLTIVYES,train,1.4035859107971191,0.8759874701499939,1.134735107421875,9
7744,AQPRSWTASG,PYPRGSGGPT,validation,0.9577795267105103,0.46630358695983887,0.08457303047180176,8
1138,FLPRNYIGHS,RQPRFIRDEA,train,0.5055951476097107,0.3971661925315857,0.05736643075942993,8
1266,LAPRQWRTNL,TGPKGVTSTG,train,0.7742974162101746,0.023561477661132812,0.15659946203231812,9
6760,AFPRSWRSNA,SKPRFILSHF,train,1.0189902782440186,0.8276174664497375,0.2298351526260376,7
7348,YVPRAVRVPW,AKPVAYWASY,train,0.04742872714996338,0.08546555042266846,0.2999075651168823,8
1175,LAPVPFAGPF,ERPRSWFGQG,validation,0.31802278757095337,0.00690913200378418,0.009519815444946289,8
8931,LMPRWLVSTF,TYPINILDVT,train,0.5259377956390381,0.06049686670303345,0.04849117994308472,9
8536,TWPRELRGWS,KGPVPITASG,train,0.15361499786376953,0.3048971891403198,0.14345073699951172,9
1516,PGPRSVRAEF,FRVLMFQGKV,train,1.001239538192749,0.987403929233551,0.34819984436035156,10
9593,QRPVAWTASG,QRPRDIWAGR,train,0.05811202526092529,0.3228665590286255,0.4032137393951416,6
7432,GYPRAFASWS,FKPAPYKGNA,train,0.08417701721191406,0.25959503650665283,0.45088303089141846,9
1927,VLPRAVISEK,VGPKVMWNWF,validation,0.9867005944252014,0.5614843368530273,0.3216606378555298,8
10874,TAPRSLITWA,YIPRSLAYMS,train,0.38447463512420654,0.8656903505325317,0.8887027502059937,6
814,SGPRAVYGES,PAPRPVTGQR,train,0.1606135368347168,0.5458487272262573,0.39174866676330566,6
5699,FTPKWLYNGY,PYPVPFAPNW,validation,0.46831804513931274,0.3194962739944458,0.5009676218032837,9
8235,SDPYGMWNPK,VSPTGLRNTI,train,0.5425786375999451,0.49599993228912354,0.6410196423530579,7
4658,WKPSGYVDPR,LPPLNWRTAY,validation,0.2804983854293823,0.44246625900268555,0.5621833801269531,9
6610,YQPRSWVNPS,VPPRVILGEG,train,0.7644477486610413,0.23094463348388672,0.355878621339798,8
10911,SAPRDLKTAS,PQPRNVSVRQ,validation,0.20055413246154785,0.24049270153045654,0.011866629123687744,8
10490,FVPRQMHNWH,FDPVWMWVNG,train,0.5391536951065063,0.4366729259490967,0.030437588691711426,7
1952,WSPRAWITGS,WAPRYWVGQH,train,0.7157139182090759,0.21753358840942383,0.21639949083328247,6
8666,CRPKGMKSWK,DGPESLHSLK,validation,0.7056445479393005,0.6277811527252197,0.48698246479034424,7
5999,GIPRNVMGNH,YVPRGVVQTS,train,0.05048400163650513,0.0785067081451416,0.20439910888671875,7
246,SVPKWIMDTA,SVPVWLKAKV,train,0.19442272186279297,0.4393261671066284,0.09705382585525513,6
10627,GVPKMLYTAS,GPVLNMISEA,train,0.1386547088623047,0.3841739296913147,0.35868334770202637,9
669,YVPRELHNEF,APEFDSPAEP,validation,1.454704999923706,0.8091938495635986,0.7896847128868103,9
6632,FMPRQVTSKR,SWPNAYTASG,train,0.32891416549682617,0.6505410671234131,0.5087114572525024,8
9734,NYPLSWRGTY,DTPRNLANWQ,train,0.41993290185928345,0.43637484312057495,0.8505122065544128,9
9640,FMPREVTASG,HTPRQLYGRH,train,0.4886557459831238,0.32451748847961426,0.13990789651870728,8
4950,VHPRALSDRY,MVLRSLISQR,validation,0.5688454508781433,0.4111729860305786,0.9102213382720947,8
1485,WSPRAVYGTW,SGPRSWTGTA,train,0.3840789794921875,0.22846770286560059,0.08286917209625244,6
8621,YKPGPLSTNI,FHPSRFTNGS,train,1.3560703992843628,0.3850730061531067,0.8243814706802368,9
7116,GWPRAFWDIS,RKPYASWDVT,train,0.5427323579788208,0.3336787223815918,0.32328569889068604,6
5017,GPPRSMFNKH,PSHIPSPLIF,train,1.3485548496246338,0.8961355686187744,0.1952337920665741,10
3874,HVPRAVTASG,YEPRMLWSPV,train,0.34928882122039795,0.7620381116867065,0.026670217514038086,8
1733,QAPRSMYVAG,QRPLNWTASG,validation,0.11691153049468994,0.8340929746627808,0.14208805561065674,7
6111,VFPRDILAWH,RKPKWMSNMG,train,0.35469430685043335,0.2804111838340759,0.43183666467666626,9
6270,TAPKLLVDPG,TYPIALSDWL,train,0.13246798515319824,0.2657390832901001,0.5253396034240723,6
3785,GNPRQMKTFA,TLPHWLMSLY,train,0.5921434760093689,0.6852516531944275,0.6898438930511475,9
4949,LDPVAYWGPF,MVGWMLFAPG,train,0.893761157989502,1.5530812740325928,1.5073299407958984,9
7036,KAPRGVRVHQ,QFPRWIRVIQ,validation,0.12863123416900635,0.2817639112472534,0.2992722988128662,5
6675,TYPRAFTGEG,WFPRGMSNWG,validation,0.03333771228790283,0.039060354232788086,0.00817859172821045,7
10303,TQPRAIYYWG,MCGCFTCPLN,train,2.638617515563965,0.9005229473114014,0.9519695043563843,10
4719,GLPRAIYDMH,FTVRMLYSWH,validation,1.2678518295288086,0.6605640649795532,0.009729281067848206,7
222,HLPTAWMTNQ,KSPRQIQAHW,train,0.32535064220428467,0.17375004291534424,0.08805668354034424,9
3371,YDPYGMKSWG,SGPRSLRDTA,train,0.09017407894134521,0.055013418197631836,0.033030569553375244,9
5416,YGPRQLYTQS,CVPTGLHSMK,train,0.5063718557357788,0.20962345600128174,0.4981938600540161,8
4034,TMPRWLVSEL,TEVRGIYTMS,train,0.8947356939315796,0.20810753107070923,0.6064353585243225,8
1355,YEPIPLWDIF,YFDLNWRDSA,train,1.5395742654800415,0.7013530731201172,0.7015699148178101,8
7002,KAPAPFWGHW,YKPAGAMYTG,train,0.7496293783187866,0.7642699480056763,0.10340338945388794,8
7744,SPPRTLVANI,FSGPLPFGRL,validation,0.9731624126434326,0.6909281015396118,0.09695640951395035,10
1138,AVPRNYWDAS,AFPRAWRGEF,validation,0.2851639986038208,0.15188395977020264,0.16075468063354492,7
1266,THPKGQIDPY,CSPRNVYTGT,train,0.48072129487991333,0.18245112895965576,0.23723995685577393,9
6760,FVPRAIHDVY,SGPLGIFQTA,train,0.10267019271850586,0.993546724319458,1.5325742959976196,8
7348,TWPRAVHVPF,QWPRDVKSMF,train,0.10170716047286987,0.09978437423706055,0.22569310665130615,5
1175,LQPRAYWASF,NGPYPMRGNW,train,0.04611611366271973,0.8368638753890991,1.0446258783340454,9
8931,SAPKWIVAGA,VFPRWLTASG,train,0.30192863941192627,0.32093870639801025,0.29907679557800293,7
8536,VWPAPVRSVS,YSPRNIVAWI,train,0.18961846828460693,0.49017632007598877,0.6922979354858398,9
1516,ELPRAVMDKR,KRPAVWRAMR,train,0.6711982488632202,0.5237761735916138,0.6077042818069458,8
9593,VYPAGWQSAW,VWPRSWYGKG,validation,0.5208609700202942,0.08645594120025635,0.09592044353485107,7
7432,QPPVPYWSWA,PVPVNLKSVT,train,0.08078229427337646,1.5037758350372314,0.6688625812530518,7
1927,IYPRAVKTPK,TSPKGMVQRW,train,0.25722193717956543,0.30689525604248047,0.08195149898529053,9
10874,VFPRNILDPF,GSPLPQIYNW,train,0.4796232581138611,0.40178799629211426,0.3212707042694092,9
814,SYPRAFYGRS,QAPRQVTSIA,train,0.2764115333557129,0.122367262840271,0.32231903076171875,8
5699,YNPVPMWNEG,RHPYSLFNGW,train,0.37894171476364136,0.6624953150749207,0.6908453702926636,8
8235,LAPRFLMNEW,NQPYNLYGHS,train,0.10985052585601807,0.5320689678192139,1.6031302213668823,8
4658,WTPRSWMSNW,VWPRYWVATA,train,0.5432506799697876,0.16586685180664062,0.5931342840194702,7
6610,TWPRELVGMW,VEVKWLYSER,train,0.698893129825592,0.3932338356971741,0.2650837302207947,9
10911,IWPRSMRTWH,ARVSAMHSGV,train,0.7315416932106018,0.22595679759979248,0.9231964945793152,9
10490,EKPVAYWGPT,IAPVPVMGPY,train,0.007127165794372559,0.05985605716705322,0.12343800067901611,6
1952,YAPAYWRAVA,DPTPRSPHMI,train,1.5140994787216187,0.7776924967765808,0.36719799041748047,10
8666,VRPRSMTVLG,APVRGSHVIY,train,2.585524559020996,1.0724037885665894,0.8250701427459717,8
5999,LGPRASVDGA,QTVRWYFSNA,train,0.7508029937744141,0.9072915315628052,0.7687005400657654,8
246,NGPRWIKDAG,GFPRWLAGQH,train,1.009499430656433,0.38111960887908936,0.08130210638046265,7
10627,CRPLPFIDEK,NHPSALRDPY,train,0.16070926189422607,0.7621390223503113,0.7320982217788696,8
669,QNPRELRDVR,NHARELVAWQ,validation,0.572742223739624,0.39490389823913574,0.701072096824646,7
6632,MAPKGSVSPL,KPPTGFSVTG,train,0.875031590461731,0.745887815952301,0.03338846564292908,8
9734,YLPRAIYSEH,GIPTSLHDNR,validation,0.8138543367385864,0.09907478094100952,0.14204388856887817,9
9640,RWPRELKSQY,PDCRLRAGNS,train,2.108532428741455,1.1732001304626465,0.836100161075592,9
4950,YSPRGMKTAS,VGPRSLIAWV,train,0.049775123596191406,0.8298736214637756,0.21244549751281738,8
1485,LVPRQHTASG,SPVRSYRGTW,train,0.6750257015228271,0.7923938035964966,0.08610987663269043,9
8621,MSPKGVRTWG,WVPSAWQGPH,train,0.33412909507751465,0.2961313724517822,0.5134772658348083,9
7116,RKPVAFWDWT,PNPRNIFVSR,train,0.04195868968963623,0.977108359336853,0.9916089177131653,9
5017,MQPVQYTSPH,KLPRPVMATF,train,0.08516395092010498,0.35810089111328125,0.025393664836883545,9
3874,WAPSAFQDNK,QYPSAVRTQW,train,0.056380629539489746,0.41108691692352295,0.6393366456031799,7
1733,YSPRAYHAMV,IPEFPVHSFT,train,1.928144097328186,1.0874643325805664,0.36750784516334534,9
6111,YWPRSMIDGS,VSPSWIRDSG,train,0.5457950830459595,0.09332787990570068,0.2645825147628784,8
6270,FRPFRLSDGL,PMVYGLQTVA,train,0.039074063301086426,0.868621826171875,0.7675952911376953,9
3785,PGPVSLFDGY,FGEPCQPYAT,train,1.9625293016433716,0.9762891530990601,0.8573949337005615,9
4949,TNPLGQIGWL,PLWASWVAWH,train,1.618533968925476,1.1328411102294922,0.4822629690170288,9
7036,ASPRAWTASG,NRPVWMINSG,train,0.11553096771240234,0.42357563972473145,0.1219785213470459,7
6675,YRPRGYWDFS,EHPRAFYDGT,validation,0.04153311252593994,0.03026866912841797,0.08483421802520752,7
10303,DTPVNMYDLT,MAVGELWDHA,train,1.176180124282837,0.46848320960998535,0.8516644239425659,9
4719,KHPRQLIVNA,HNPRSLYDWG,train,0.7304544448852539,0.0864797830581665,0.10552549362182617,7
222,NYPRAFSAGW,SGPRAFVAMH,validation,0.030606746673583984,0.32367563247680664,0.6377949714660645,5
3371,SKPRMLTGMW,NDPRHIIDPH,train,0.9559522271156311,0.03407633304595947,0.17388048768043518,8
5416,FWPLAWRDLS,YPTLGITDPY,train,1.5516608953475952,0.6201167106628418,0.5107241272926331,8
4034,LSPRSWRTEQ,CIPRSYINGG,train,0.24244821071624756,0.011889338493347168,0.1815701127052307,7
1355,FHPLGVLDIH,ETPRFLLDHG,train,0.5143805146217346,0.0686715841293335,0.35858723521232605,7
7002,TRPEPFMDEI,YIPLVMKDNY,train,0.3810163140296936,0.505913257598877,0.8114114999771118,8
7744,TWPRELYSVK,GTPRTLVALS,train,0.06675350666046143,0.22332191467285156,0.008879423141479492,7
1138,IGPVAMKGPH,NTPRNIMYWF,train,1.0204308032989502,0.7145073413848877,0.10885441303253174,9
1266,YAPGSMHGWF,LIPLYHAWNF,train,1.2630271911621094,1.282014012336731,0.466312050819397,8
6760,SNPLGYIGWG,VGPYHMLGKV,train,0.06419622898101807,0.20538288354873657,0.834906816482544,8
7348,KLPRAVTASG,WKVSGMYSQL,validation,0.3548746109008789,0.237174391746521,0.32995760440826416,10
1175,MHPSGWTASG,PYPRSWQGVG,validation,0.183197021484375,0.018311619758605957,0.040468037128448486,7
8931,MVPKWIFNQI,AVYRGLIYMK,train,1.6317075490951538,1.1226520538330078,1.0901730060577393,9
8536,YMPRAYGAMI,AMGPKGHPSD,train,2.946786642074585,1.097286581993103,0.4835878014564514,9
1516,LQPAGFSDAS,HRPRSWTASG,train,0.3940218687057495,0.29309213161468506,0.3177949786186218,9
9593,VKPRAFKNTI,RAYRSLMSNW,train,0.6183640360832214,0.48527848720550537,0.09177744388580322,9
7432,LIPAHWTASG,QWPKWIYGAQ,train,0.3316729664802551,0.06873023509979248,0.21979975700378418,9
1927,TWPRELKGMW,PNPRPSHGGI,train,1.5471892356872559,0.5870099663734436,0.07676035165786743,7
10874,KEPRFMTVQK,SDPRYLLVNW,train,0.6366771459579468,0.025844931602478027,0.09154599905014038,7
814,FWPRELTASG,SVPRQLTASG,train,0.7705575227737427,0.129993736743927,0.33470797538757324,3
5699,HTPLGQINVG,FTPYDLVPKG,train,0.07335829734802246,1.053410530090332,1.3492546081542969,7
8235,HYPWAWRGQA,EHPVFLIGES,validation,1.0368953943252563,0.8319615125656128,0.3928622007369995,8
4658,HLPTAFYTGT,VWPRFLYSGT,train,0.12901467084884644,0.39737653732299805,0.10980933904647827,6
6610,LVPRYWIGAA,VDPRWMVNWA,validation,0.11564981937408447,0.3355600833892822,0.5452156662940979,7
10911,IRPKQMKGRW,RMPRMLVVKW,validation,0.16678011417388916,0.7102938890457153,0.3430103063583374,8
10490,EAPRGVWGAF,QVPRAVIGHA,train,0.08948278427124023,0.3080352544784546,0.4192694425582886,6
1952,LAPVWLWGTQ,RIPTGMFSGH,train,0.34581565856933594,0.02809274196624756,1.019317626953125,9
8666,TPPRSLVDST,PKPKWLAVWV,train,0.08458805084228516,0.43534016609191895,0.48848891258239746,8
5999,ENPRGMTASG,GKPVPMVSGV,train,0.23106086254119873,0.4918861985206604,0.17449653148651123,8
246,FIPRWLKSQY,QTASHMVGAQ,train,1.4430749416351318,0.7982629537582397,1.178900957107544,10
10627,PRPRQLVDVR,NGPLPITASG,train,0.07789289951324463,1.1036980152130127,1.6045095920562744,9
669,WVPRTLVDPS,GDPLGVTVRH,train,1.1267462968826294,0.3122737407684326,0.01762634515762329,9
6632,KAPLPWTVKH,PVERSWFGEG,train,1.5208477973937988,0.48769456148147583,0.5703570246696472,9
9734,FHPSPFMDSW,DKVYGMWSKT,train,0.006951332092285156,0.02098095417022705,0.4214734435081482,10
9640,HAPLNFSDLI,RPPLKLHGKG,train,0.3683589696884155,0.36601656675338745,0.9516507387161255,8
4950,VPPRVLRVAQ,WSIRGLTASG,validation,0.43632471561431885,0.03655290603637695,0.23296183347702026,8
1485,MRPRSYVGGQ,TFPRSAHGEA,train,1.7473286390304565,0.8009585738182068,0.0033203959465026855,6
8621,DGPKLLWGPY,SDVRDLMGIY,train,0.7607272863388062,0.45870572328567505,0.013773307204246521,7
7116,THPLPFYDNI,PAPAYWRTSL,train,0.030599236488342285,0.10491013526916504,0.21975314617156982,9
5017,YTPRGYHDPA,DMPKNQMTGV,train,0.07647037506103516,0.7979928255081177,0.6095398664474487,9
3874,RMPRQYIDGR,NQPTNFIDNI,train,0.6545596718788147,0.5924344062805176,0.39563435316085815,7
1733,TMPRSWRTSW,NLPRNWKTPR,train,0.45409268140792847,0.21618402004241943,0.3252934515476227,6
6111,STPLGQIDLY,QNPRDIYATA,train,0.15150803327560425,0.05850410461425781,0.047827303409576416,9
6270,KVARAMIGWA,ALAPGPGVEG,train,2.2666232585906982,1.062828540802002,0.6210856437683105,9
3785,YTPRQMATNF,RTPLGQFDHF,train,0.6562698483467102,0.15360426902770996,0.04615598917007446,7
4949,AWPVAWTASG,IAPKWIYVGQ,train,0.2541029453277588,0.026750564575195312,0.10737282037734985,9
7036,RVPRSWMTES,QRPRGMKELQ,train,0.011718988418579102,0.5122876167297363,0.5005236864089966,8
6675,VGPRPVMTVA,GVPRAVTGPK,train,0.1284809112548828,0.09041833877563477,0.26109158992767334,7
10303,VAPRVLSTEW,MVPKGQMYMW,train,0.1632135510444641,0.2172645926475525,0.003535449504852295,8
4719,PAPRYWTASN,IQPGWMKDMI,train,0.22556817531585693,0.3934793472290039,0.577755331993103,9
222,TKPRMLWGSY,YPWSGMFSGV,train,1.0122405290603638,0.39215517044067383,0.24620525538921356,10
3371,TGPRAWIGTA,WSPRGLYAPF,train,0.10305619239807129,0.7879683971405029,0.9810858964920044,8
5416,NAPNALWDIW,EAPRFLQVLT,train,0.3193807601928711,0.20322489738464355,0.23896312713623047,7
4034,WIPRPVMTGY,WMPRSFSGPQ,train,0.14650297164916992,0.0029293298721313477,0.7107551097869873,7
1355,SMPRSILDGT,VLPRFIWDQW,train,0.5051433444023132,0.07940411567687988,0.019610345363616943,6
7002,SLPRAYTVPR,HQPRNLFDMG,train,0.19607388973236084,0.40032559633255005,0.5916576385498047,8
7744,LYVKGMYSAY,YKPRSYHDHY,train,0.9919446706771851,0.40020751953125,0.042761027812957764,9
1138,QMPRSWRAML,FGAGIQPQGI,train,1.6763420104980469,1.2160483598709106,0.7584022879600525,10
1266,FTPRAHFAQR,LAPSPAGPQL,train,1.1089258193969727,1.3609352111816406,0.8282104730606079,8
6760,VIPRPIWTMS,QHPIGLTASG,train,0.02319777011871338,0.6758157014846802,0.5600795745849609,9
7348,YRPRAVKASK,SRPLNMKSMA,train,0.10469996929168701,1.1282044649124146,1.8089828491210938,7
1175,HNPMWQMGNQ,ALPVYLWNMA,train,0.8555371761322021,1.1905207633972168,1.0726072788238525,9
8931,MVPKWIQDLG,VDPLWMTNMF,train,0.4632182717323303,0.5194075703620911,0.19070124626159668,8
8536,VQPAPFHDTT,AEVRGMHGLS,validation,0.2590373754501343,0.21910333633422852,0.19101178646087646,9
1516,SKPRGYTASG,GNPRAFSGHQ,train,0.6035668253898621,0.2322838306427002,0.04796767234802246,8
9593,YPPRAVKANY,NVPRAVQGSR,train,0.16989564895629883,0.016629457473754883,0.838660478591919,6
7432,HLPQSWRTMG,IAYGNFLAGV,train,1.6066820621490479,1.3500559329986572,1.004169225692749,10
1927,ILPRAWKGNT,CPARGHYGMF,train,1.3370003700256348,0.592642068862915,0.6702337265014648,8
10874,KGPRMLYDEW,LIVRALYDKY,train,0.25571370124816895,0.17550897598266602,0.14921271800994873,6
814,LPPRVMIVEQ,WVPRKLSGPL,train,0.3604118824005127,0.25370776653289795,0.2428913116455078,8
5699,LSPLGYINPH,TFPINWIYAQ,train,0.8443595170974731,0.5929659605026245,0.32727473974227905,8
8235,HNPLGWQAWL,HSPAWLRGLG,train,0.028003454208374023,0.3093951344490051,0.2734220623970032,8
4658,MNPRSWTASG,DLPLNWTASG,train,0.01212453842163086,0.7130753397941589,1.1607482433319092,4
6610,TFPVAWTASG,IWPRWITDRT,train,0.14901989698410034,0.10960257053375244,0.574199378490448,8
10911,VNPRSMRDEQ,KWPIGVRAIT,validation,0.005646228790283203,0.15839803218841553,0.38756847381591797,8
10490,LEPSGWYSML,IAPAGVKGHA,train,0.5886964201927185,0.17329227924346924,0.5814709067344666,8
1952,YSPLSWRTVQ,TFPRPFYNIR,train,0.3606552481651306,0.515020489692688,0.4466347098350525,9
8666,QRPRQLHVPF,STPRGNKTAS,train,1.183390498161316,0.7063935995101929,0.031326040625572205,8
5999,LVPRQHMDAG,DKPRGVQDGQ,validation,0.3780059814453125,0.17517805099487305,0.09575974941253662,7
246,IAVKWMQGSV,FQPRWLNGSW,train,0.07881039381027222,0.101645827293396,0.06797230243682861,7
10627,YGPSTLWDKI,NAPDFLKDKG,train,0.7949077486991882,0.5574458241462708,0.48799198865890503,6
669,WKPRTLVDPT,NRIWRLKDNA,train,1.8547109365463257,1.5418272018432617,1.974354863166809,8
6632,LMPRQVTASG,RPPLAFLNWV,train,0.06767964363098145,1.015567421913147,0.7069475650787354,9
9734,NCPAGMQSLG,IPGFGLYSMG,train,0.9394116997718811,0.5938103795051575,0.11553733050823212,7
9640,TVPRKLWGEG,QKPLDWYGQV,train,0.07173967361450195,0.12449383735656738,0.5477173924446106,8
4950,TVPRGMSTAS,RTPLGIKDGS,train,0.5534754991531372,1.329170823097229,0.6356502771377563,7
1485,VMPRMYTNRA,PVRYPRGSVS,train,1.4439340829849243,0.15305393934249878,0.006002515554428101,10
8621,GKPRDLWGLW,KRPSFLMDPH,train,0.06315791606903076,0.6238573789596558,0.43640053272247314,8
7116,LVPRDFHSPW,TAPAYWRGAV,train,0.27057528495788574,0.46009886264801025,0.4988407492637634,9
5017,TAPINWTASG,RPPSAMTVHG,train,0.03863120079040527,0.6373676657676697,1.1726105213165283,7
3874,FEPRPMGVEH,YIPLVYPTAS,train,1.9579299688339233,1.1955535411834717,0.40605902671813965,9
1733,KSPRSWIAPG,KRPRPFIGRG,train,0.15316516160964966,0.16623735427856445,0.31078118085861206,5
6111,AQPRWIIDWV,AQPAWLHDQR,train,0.08530318737030029,0.23461103439331055,0.6326647996902466,5
6270,TRPAEWKDGF,RVPKLLHDLV,train,0.48926645517349243,0.7464010119438171,0.5384665727615356,8
3785,GMPGQLHDPL,GRPSAFWQMW,train,0.1401098370552063,0.07092702388763428,0.7086905241012573,8
4949,MIPRTLHAWI,PEVRVLIAPF,train,0.49718528985977173,0.14430224895477295,0.42332881689071655,7
7036,WDPRGMTGQY,SGPRSWIGTA,train,0.12784337997436523,0.01360476016998291,0.1921156644821167,7
6675,GFPRPVMSNY,YGVFWMIGHQ,validation,0.014648079872131348,0.06951367855072021,0.4697186350822449,10
10303,EKPRQYTDGY,FCQFGLHARP,train,1.4556622505187988,1.0948262214660645,0.34053540229797363,10
4719,TKPRGVTASG,EYPRAHWFQY,train,1.4000499248504639,1.3268901109695435,0.7186214923858643,8
222,EPPRWMIGVF,YVPRKVMGVA,train,0.3244394063949585,0.06968533992767334,0.055828213691711426,6
3371,FVPRNWMSQG,VCPIPGITIS,validation,1.0230101346969604,0.47035300731658936,0.08601099252700806,9
5416,KAPRNLYDNG,PYPRGLFYRY,train,0.3105041980743408,0.4215000867843628,1.5730698108673096,7
4034,TAPRSWRSIF,TFPRAFRNAH,train,0.1305057406425476,0.06792175769805908,0.17089933156967163,6
1355,MRPRMLHDGI,RLPYILMDGS,train,0.2574789524078369,0.3699702024459839,1.1598334312438965,6
7002,GFPRSYTDET,VKPSGVTYMG,train,0.879662811756134,0.7439846396446228,0.8752993941307068,8
7744,MKPRQYSGSY,GPVFGMYSTH,validation,0.18297839164733887,0.2338348627090454,0.4818824529647827,10
1138,FYPRSMQYGY,RSPVWMWEAT,train,1.055467128753662,0.3148706555366516,0.05570903420448303,8
1266,DVPRAVYAEY,YAPRQVFAWG,train,0.21436893939971924,0.017856121063232422,0.2445540428161621,6
6760,LAWRALYGPQ,VSPRYLYGLG,train,0.8821353912353516,0.09937596321105957,0.2180711030960083,6
7348,VHPRSWTASG,GFPRPVKAIG,train,0.9011087417602539,0.5096650123596191,0.18389898538589478,6
1175,PSPRWYTSGY,DMPSHWLGPA,train,0.47358936071395874,0.17006731033325195,0.09920677542686462,9
8931,LTPRYWMAGA,NDVYGMTDIW,train,0.46831005811691284,0.4152010679244995,0.2712315320968628,10
8536,NCPRGMRDQF,IGPRVLIDLG,train,0.7203942537307739,0.49690890312194824,0.2645772695541382,7
1516,VMPRVYTASG,SRVLPFTASG,validation,1.0081725120544434,0.7616124153137207,0.6508427858352661,6
9593,IVPKNQMGVD,SPVTAQHVMQ,validation,1.6997148990631104,1.4042919874191284,0.8830857276916504,9
7432,LIPRPYQSPQ,FWPASYRSGQ,train,0.09005141258239746,0.2702672481536865,0.5892064571380615,6
1927,QIVKGMYGAW,SRPKWMRIPY,train,0.3132532835006714,0.33313703536987305,0.08385050296783447,8
10874,VPAIGMYASW,GIPRDIKYGV,train,0.6456385850906372,0.33267760276794434,0.3129119277000427,10
814,DMPRQVTASG,KPHRSMYAGV,train,0.920279860496521,1.0852770805358887,0.34098175168037415,8
5699,RTPKGLTNWY,WSPYNLYMPY,train,0.07861334085464478,0.6413083076477051,0.46628081798553467,7
8235,QGPKFLYNPQ,FYPQSWRYQR,train,0.9554638862609863,0.14921188354492188,0.48600122332572937,9
4658,TAPYWQVAGW,WNPLAYYNGA,validation,0.02925896644592285,0.23550927639007568,0.6397531032562256,8
6610,SAPRSMLNWT,AHVRAWYQER,train,2.082439661026001,1.2248191833496094,1.0361483097076416,9
10911,VIPRPVMVAW,GRPSGMTVIH,validation,0.005592823028564453,0.1412264108657837,0.6848055124282837,8
10490,GMPRSYIGWS,YGPYGMAGWA,train,0.08521473407745361,0.1383533477783203,0.41147804260253906,7
1952,PMPRSYMNTY,DYPRAFRAGQ,train,0.16761457920074463,0.029129862785339355,0.00010263919830322266,8
8666,AQPVPMRTVE,SPARGLSVGW,train,1.8088061809539795,0.4266020655632019,0.23126885294914246,10
5999,VWPRGVSDPW,DYPRGVHVTG,train,0.6004173755645752,0.06253409385681152,0.1138879656791687,6
246,ERPRWITASG,NNPRWIQGWV,train,0.5695368051528931,0.2597578763961792,0.1575843095779419,6
10627,KFPAGLTDPK,LRPEYLWDQG,train,0.3531407117843628,0.20007109642028809,0.4765129089355469,7
669,LVAKALHTPS,YPRKRRLDPV,train,1.6903945207595825,0.7056464552879333,0.4605467915534973,8
6632,WAPRTLNSVR,FNKPQMGSQH,validation,1.886817455291748,1.3535624742507935,0.7936733365058899,9
9734,SVPKGMYTHL,FRPQGWRGNS,train,0.07190990447998047,0.2762031555175781,0.7446415424346924,8
9640,YTPRQLSGPL,RHPSKLWDVW,validation,0.9800889492034912,0.5792850852012634,0.1773325800895691,8
4950,VRPAGMWDLG,HGPRGLTASG,validation,0.266751766204834,0.5974338054656982,1.3804298639297485,7
1485,WPIYGLTGWY,TKPRVYWNGT,validation,0.8048050403594971,0.41191792488098145,0.025084838271141052,10
8621,YTPRSWITQG,WPIQSLYDRV,train,0.4525389075279236,0.8112956285476685,0.479736864566803,9
7116,NRPHAFLDRY,TAPIHFWNAG,train,1.0283360481262207,0.4640313386917114,0.12306556105613708,8
5017,TYPREVISLR,RIPLSWSTNA,train,0.30955350399017334,0.382562518119812,0.09005606174468994,9
3874,CKPSAYWDAV,HSPLSVRAEI,train,0.4364694356918335,0.814917266368866,0.30969732999801636,9
1733,QPARAMWGPI,LGPYGWFGTK,validation,0.45342254638671875,0.05011725425720215,0.5331070423126221,9
6111,KGPKWITASG,MYPGSMTGAS,train,0.20152831077575684,0.028072357177734375,0.2956751585006714,8
6270,SDPRQMYTAS,GYATPLFASG,train,1.1687381267547607,1.1641056537628174,1.497036337852478,10
3785,FPPRNLQSEY,GKPHMLKHPT,train,0.933034360408783,0.7610994577407837,0.5650670528411865,8
4949,GAPRSLSDRW,TPKFSMWGPH,train,0.9612940549850464,0.34470534324645996,0.3431854844093323,9
7036,NWPRSMRNIG,VIPRMLKNMK,train,0.19943976402282715,0.6346132755279541,0.4663647413253784,7
6675,YVPRAVIDKG,TYPRAFSGAG,train,0.439754843711853,0.04125511646270752,0.7357490062713623,6
10303,YAPGSMHVPK,RWPRNLYVAW,train,0.2436886429786682,0.60218745470047,0.03895455598831177,8
4719,GFPRPVYTAS,DTPIHWTASG,train,0.8399346470832825,0.4912470579147339,0.01776885986328125,9
222,HKPRNYTGLQ,YPRARRSYME,validation,1.4580765962600708,1.1806955337524414,1.7751569747924805,10
3371,EAPAWMKTGF,TPPVGMQVGL,validation,0.046675920486450195,0.049843788146972656,0.7521324157714844,7
5416,NYPRAFVGQA,NTPSALQDIH,train,0.698553204536438,0.9254063367843628,0.7774516344070435,7
4034,QVPRSWTGSQ,VWPRFLNDWR,train,0.9198651313781738,0.7615807056427002,0.06339146196842194,8
1355,NLPLNWRDAS,GHPIPIRDVY,validation,0.43135762214660645,0.13665354251861572,0.16236019134521484,7
7002,FIPRNVFAPS,LAPLPFVYEA,train,0.15235233306884766,0.6310194730758667,0.6980698108673096,9
7744,VFPRAVTASG,ESPLGFTASG,validation,0.0946047306060791,0.34433794021606445,0.4542938470840454,5
1138,WHPRSMRVWR,LAPRYWSQAI,validation,1.04713773727417,0.27218157052993774,0.28112930059432983,8
1266,NTPRAWVGLA,SRPRQYRGVG,train,0.6340375542640686,0.01864767074584961,0.17177674174308777,7
6760,YTPRSLYGLG,NYPRSLHGIT,validation,0.31133490800857544,0.19369691610336304,0.2486201524734497,5
7348,WTPRAYIGEK,WSPRAYVAMQ,train,0.06809389591217041,0.33292973041534424,0.08409273624420166,5
1175,IVPRNYLGHS,ISPLNYYGIH,train,0.23553425073623657,0.5567752122879028,0.740292489528656,5
8931,TIPKWVMASK,TWPRFLFVST,train,1.1190149784088135,0.7478222250938416,0.02884504199028015,7
8536,TAPRSVWSVG,YRPRSVTASG,train,0.06638336181640625,0.2222956418991089,0.0050882697105407715,5
1516,GMPRAFQDGQ,YMPRAFSGEY,train,0.04960942268371582,0.03697061538696289,0.7272776365280151,5
9593,VKPEGFWAMK,GTPKMLVAKR,validation,0.26791226863861084,1.0801912546157837,0.3981497287750244,8
7432,NWPYNWRTAS,YKPTNWKAGF,train,0.6761592030525208,0.38331663608551025,0.2537708282470703,7
1927,MVPKGHMTAS,PFPRNIKNVQ,train,0.6674525141716003,1.273977518081665,0.6684001088142395,9
10874,KTPRGYTASG,QMPRFLTASG,validation,0.29545533657073975,1.1036009788513184,0.5256353616714478,4
814,VSPRQMIGQW,RSVRMLYAER,train,1.0824167728424072,1.0775645971298218,0.013282060623168945,8
5699,LFPLSWRNGS,NSPMHWRTWS,train,1.0127232074737549,0.1823972463607788,0.2644510567188263,6
8235,VYPSGQYAEQ,VDPRSWTASG,train,0.29993242025375366,0.25272929668426514,0.0236203670501709,7
4658,MAPGYMTGSW,YVPRASWYNA,train,0.6076487302780151,0.1776636838912964,0.4556618332862854,9
6610,AYPVPFYAMH,PKSPRSNSEW,train,1.8133450746536255,0.8973041772842407,0.14786973595619202,10
10911,QRPVAYWNRY,TSPRKLIDWI,train,0.44470536708831787,0.27436184883117676,0.33206668496131897,9
10490,GPPLGVTVPW,YSPIPFWNWV,validation,0.8015161752700806,0.19023799896240234,0.13754671812057495,9
1952,NTPRAWYAQT,HQPRSYRSMG,validation,0.06901919841766357,0.19603955745697021,0.19670677185058594,8
8666,HGPRSQMVEG,VPPRGVKVEI,validation,0.2686886191368103,0.2938201427459717,0.7098501920700073,6
5999,DMPRGVHVGQ,AQWRGILAVG,validation,0.7703284025192261,1.215277910232544,2.1753604412078857,8
246,MTPKWIQGQT,SAGLHLRSTY,train,1.245855450630188,0.9150888919830322,0.5314888954162598,10
10627,LVPRFLSDTG,NRPTNLRDEQ,train,0.04342937469482422,0.4716428518295288,0.9031606912612915,7
669,WMPRELKDHG,GKPARLSTEL,train,0.8532401323318481,0.5117422342300415,0.9302933216094971,8
6632,AYPRQYRAGY,QKPYGAYNGF,train,0.49295473098754883,0.025004982948303223,0.13377898931503296,8
9734,VGPSGYKNMY,ATPHGFLGKQ,train,0.034209370613098145,0.09935188293457031,0.8835508823394775,8
9640,KRPRTLYSGF,RPPYRLSDIW,train,0.1900019645690918,0.20541870594024658,0.12484759092330933,8
4950,GVPRAVIAES,SQPRELKALW,train,0.1085888147354126,0.6321352124214172,0.13577139377593994,7
1485,TYPRAYSGPA,PTPRSYTGKH,train,0.5437897443771362,0.3329049348831177,0.11540448665618896,6
8621,MWPRQLRGLW,TIPVNLYSNY,train,0.09433937072753906,0.3346445560455322,0.2553708553314209,8
7116,TAPAYWRGDA,RDRPLPHGVF,train,1.4945333003997803,0.8224402666091919,0.3087562918663025,9
5017,AFPLSWQSIQ,EKPEMLYSVY,train,0.027910947799682617,0.5483400225639343,0.5506638288497925,8
3874,VHPLSWATTV,HCPLSEVVNR,train,0.47948217391967773,0.046414077281951904,0.04704734683036804,7
1733,ASPRAYRQMG,FPAHGFMKTY,train,1.7318482398986816,1.1412063837051392,1.0611621141433716,10
6111,WGPRAVSAGR,TAPINMQDGL,validation,0.04363107681274414,0.4431511163711548,0.11289513111114502,8
6270,FRALNWTSAK,ERPEFLWDPK,train,0.4229696989059448,0.15016552805900574,0.19842755794525146,8
3785,FIPQSWRTAS,CMPKQLYNPT,train,0.3927876949310303,0.35028696060180664,0.15987443923950195,9
4949,MAPRSLFDLV,RKVLWMIAPW,train,0.12048649787902832,0.28844690322875977,0.7425520420074463,10
7036,MQPRSWINPG,QFPRGMKTHQ,validation,0.008629322052001953,0.22468054294586182,1.0879753828048706,8
