sample_id,sequence,condition_train_index,stopped_normally,raw_length,filter_reason
0,GMPSGFTASG,5788,True,10,
1,HDPMSWRGMT,5788,True,10,
2,VFPSGFMGSR,5788,True,10,
3,IKPSGFRGTS,5788,True,10,
4,TGPSAMWGMI,5788,True,10,
5,TPPSGMYGLH,5788,True,10,
6,GTPFGYMGAV,5788,True,10,
7,HGPSGFQGWT,5788,True,10,
8,TLPQSWTGRA,5788,True,10,
9,TGPLGQRSNR,5788,True,10,
10,GAPSGYRSGH,5788,True,10,
11,IPPLGFRGIM,5788,True,10,
12,PVPFGYQGNS,5788,True,10,
13,MGPQGVHARA,5788,True,10,
14,KFPSGFRGRG,5788,True,10,
15,MTPRGNRTIS,5788,True,10,
16,GSPLGYRSNY,5788,True,10,
17,GQPSGFRSGL,5788,True,10,
18,VPPEPFTGTI,5788,True,10,
19,VMPSGFWGES,5788,True,10,
20,MEPSGFTGLQ,5788,True,10,
21,YVPSGVTASG,5788,True,10,
22,VGPQGSNGEG,5788,True,10,
23,GAPSGVTASG,5788,True,10,
24,TSPTGLRGQV,5788,True,10,
25,ETPSGFTGPR,5788,True,10,
26,VGPSGFRGAK,5788,True,10,
27,VLPESVMGPF,5788,True,10,
28,PNPSGFRGPV,5788,True,10,
29,MKPSGFYGMP,5788,True,10,
30,AIPSGFTGHI,5788,True,10,
31,IPPYAFTGTG,5788,True,10,
32,QPPAGSTGST,5788,True,10,
33,QMPGAFWGWN,5788,True,10,
34,TPPLGFRGTL,5788,True,10,
35,GDPQGFTGGF,5788,True,10,
36,PKPSGVQGWR,5788,True,10,
37,PIPRAVMGPS,5788,True,10,
38,TSPLGVKGRL,5788,True,10,
39,TMPAGFHGMK,5788,True,10,
40,TGPIELYGRV,5788,True,10,
41,EQPSGWRGTG,5788,True,10,
42,GPPSGMRGMA,5788,True,10,
43,IGPQGMRGNF,5788,True,10,
44,TAPSGFWGVR,5788,True,10,
45,QSPQGMTGSL,5788,True,10,
46,THPSGFQGRG,5788,True,10,
47,TFPRAFTGIG,5788,True,10,
48,MQPRAYIGQT,5788,True,10,
49,SIPSARGGVA,5788,True,10,
50,MGPSGFQGMG,5788,True,10,
51,SGPFGMTGTA,5788,True,10,
52,AGPAGVHGMH,5788,True,10,
53,NMPSGFTGAH,5788,True,10,
54,VPPEAFQGIR,5788,True,10,
55,VTPAGFQGRG,5788,True,10,
56,EMPQGVHAQG,5788,True,10,
57,PGPSGFTGPR,5788,True,10,
58,FVPFMVRSRF,5788,True,10,
59,GAPLGVKTAS,5788,True,10,
60,VNPSGFRGMS,5788,True,10,
61,NMPSGFRSRT,5788,True,10,
62,IMPSGFYGIN,5788,True,10,
63,VAPSGFTASG,5788,True,10,
64,VPPEGVRGTK,5788,True,10,
65,PMPSGSTGMG,5788,True,10,
66,AMPGSFRGRI,5788,True,10,
67,KPPSGWTASG,5788,True,10,
68,PGPEGVTASG,5788,True,10,
69,PEPLGYTGTY,5788,True,10,
70,IQPQAVTGHW,5788,True,10,
71,AGPSGFRGSF,5788,True,10,
72,PTPRQMIGPG,5788,True,10,
73,LTPQGSLGHR,5788,True,10,
74,YQPEAFRGIY,5788,True,10,
75,RPPSGFTGRG,5788,True,10,
76,GIPLGQYSNH,5788,True,10,
77,GAPSGFTGER,5788,True,10,
78,GVFTQRGISG,5788,True,10,
79,MTPSGFTGIT,5788,True,10,
80,MVPSGFHSMH,5788,True,10,
81,TGPMGFTGSA,5788,True,10,
82,GAPAGFRGSI,5788,True,10,
83,AGPYAYTGPH,5788,True,10,
84,SGPFGMWSTA,5788,True,10,
85,STPSGSMSMF,5788,True,10,
86,YPPSGVTASG,5788,True,10,
87,HPPSGVHAMT,5788,True,10,
88,TWPSGFYGMT,5788,True,10,
89,VPPSGFRGVI,5788,True,10,
90,GVPQGVTGRG,5788,True,10,
91,MGPSGFQGPH,5788,True,10,
92,IPPLAFHGTK,5788,True,10,
93,PMPSGVTGSW,5788,True,10,
94,MTPSGFYGQG,5788,True,10,
95,MVPSWVTGIA,5788,True,10,
96,TAPSGFRSIQ,5788,True,10,
97,PAPLGVMSQR,5788,True,10,
98,IVPRGVSNAH,5788,True,10,
99,PIPRPVIGQR,5788,True,10,
100,MGPSGFQSRT,5788,True,10,
101,VTPSGFRGKS,5788,True,10,
102,MPPSGFTGQY,5788,True,10,
103,FKPSGMTASG,5788,True,10,
104,QMPQGFRSAT,5788,True,10,
105,IPPSGVTASG,5788,True,10,
106,QVPSGFWGNT,5788,True,10,
107,YVPQGVYSPG,5788,True,10,
108,TVPSGFYGMG,5788,True,10,
109,GTPSGMQGAH,5788,True,10,
110,PSPSGWTASG,5788,True,10,
111,MTPSGFMGVT,5788,True,10,
112,LMPQGVRSLR,5788,True,10,
113,LDPRSYTNRG,5788,True,10,
114,PVPSGVTASG,5788,True,10,
115,QPPSGWQGSF,5788,True,10,
116,SVPSGVHGLG,5788,True,10,
117,WMPQGVRSNR,5788,True,10,
118,RMPSGFWAPR,5788,True,10,
119,FTPASMIGMS,5788,True,10,
120,MHPSGFTGVT,5788,True,10,
121,MVPSGVTASG,5788,True,10,
122,EPPFGMRGRI,5788,True,10,
123,QVPQGMTGAT,5788,True,10,
124,APPSGFTSNR,5788,True,10,
125,MLPSGFGGPR,5788,True,10,
126,LMPSGFRGQR,5788,True,10,
127,VLPEPVMGQF,5788,True,10,
128,GAPSGFRATS,5788,True,10,
129,PTPSGFRGPG,5788,True,10,
130,MVPSGVDARF,5788,True,10,
131,VTPEGVRGLT,5788,True,10,
132,PQPSGFRGMH,5788,True,10,
133,MAPAGVHGSK,5788,True,10,
134,VMPSGFRSTH,5788,True,10,
135,EFPQGFRGHG,5788,True,10,
136,TYPRAVTASG,5788,True,10,
137,QRPNWIMGLG,5788,True,10,
138,RFPQGVHGLR,5788,True,10,
139,TMPSGFHGTS,5788,True,10,
140,AQPSGMTGSY,5788,True,10,
141,FGPLGVHNTV,5788,True,10,
142,VGPEGVSGTQ,5788,True,10,
143,HLPTAFTGIS,5788,True,10,
144,VQPSGFRNLQ,5788,True,10,
145,KGPSGFTGVG,5788,True,10,
146,IPPSGWVAVL,5788,True,10,
147,RTPSGWMAMI,5788,True,10,
148,GMPSGFVGHS,5788,True,10,
149,GYPLGMRNWT,5788,True,10,
150,GKPSGVHGMG,5788,True,10,
151,FRPAGVRGPG,5788,True,10,
152,AGPSGVTSHT,5788,True,10,
153,MQPRGVTASG,5788,True,10,
154,NFPSGFVGRS,5788,True,10,
155,RVPSGVQGRS,5788,True,10,
156,MAPSGFRGMG,5788,True,10,
157,ASPHGFQGMV,5788,True,10,
158,GTPSGVTASG,5788,True,10,
159,GQPSGFRSLG,5788,True,10,
160,GTPSGWTGGS,5788,True,10,
161,VEPFGMRGRQ,5788,True,10,
162,PRPRSQTGTK,5788,True,10,
163,FVPQGFRTAS,5788,True,10,
164,TDPSGVYGTG,5788,True,10,
165,TMPSGFLSRS,5788,True,10,
166,QVPYGFRGQV,5788,True,10,
167,SPPSAMSGVG,5788,True,10,
168,AMPLGFRGST,5788,True,10,
169,PSPLGVTASG,5788,True,10,
170,VGPEGSQGPT,5788,True,10,
171,NGPSGFVGQV,5788,True,10,
172,GPAGGMSGMG,5788,True,10,
173,GTPSGFTSMG,5788,True,10,
174,MVPSGVTGPI,5788,True,10,
175,QTPSWIMGVI,5788,True,10,
176,GTPSGFRSMR,5788,True,10,
177,QFPLGFTSMG,5788,True,10,
178,RMPSGFTGWS,5788,True,10,
179,PSPRAFRGPG,5788,True,10,
180,GVPSAVISMT,5788,True,10,
181,RMPSGFTSEG,5788,True,10,
182,GSPLPFLGNT,5788,True,10,
183,VPPEAVTGKS,5788,True,10,
184,PGPGGFHGYV,5788,True,10,
185,YVPQGVRAKG,5788,True,10,
186,GSPSGFQGHL,5788,True,10,
187,AQPSGFTGMG,5788,True,10,
188,KTPSGMRGLH,5788,True,10,
189,GPPSGFTASG,5788,True,10,
190,QAPWGFTGAH,5788,True,10,
191,MAPSGFTGTG,5788,True,10,
192,IGPYGMKGTR,5788,True,10,
193,WDPSGVTASG,5788,True,10,
194,GPPAGSGGRQ,5788,True,10,
195,VSPMGVTGRS,5788,True,10,
196,TCPRGMTASG,5788,True,10,
197,GSPLGFRGMS,5788,True,10,
198,TGPSPFTGNG,5788,True,10,
199,RSPLAFRGST,5788,True,10,
200,PGPFAMYGTG,5788,True,10,
201,GPPLGFRGAS,5788,True,10,
202,GAPSGFTASG,5788,True,10,
203,ASPLGYISNR,5788,True,10,
204,VYPQGVRTNG,5788,True,10,
205,STPSGMTGMG,5788,True,10,
206,AVARPFLGMT,5788,True,10,
207,GWPAGFRTAS,5788,True,10,
208,SGPSGVTASG,5788,True,10,
209,MSPFGVWGHT,5788,True,10,
210,AVPQMIHGLF,5788,True,10,
211,PSPLGVRGSR,5788,True,10,
212,RVPYGVHGIY,5788,True,10,
213,HRPSGFTASG,5788,True,10,
214,EYPQGFRGWR,5788,True,10,
215,LGPSGYQARH,5788,True,10,
216,FMPSGFRSNG,5788,True,10,
217,MFPWGFRAIT,5788,True,10,
218,STPSGWTASG,5788,True,10,
219,IQPGAFRGQT,5788,True,10,
220,GPPSGVTSRT,5788,True,10,
221,LIPAWVRGNA,5788,True,10,
222,PMPRQVWASG,5788,True,10,
223,AEASGRAVLA,5788,True,10,
224,TTPYGSGSPR,5788,True,10,
225,DVPQGVHAQR,5788,True,10,
226,SVPSAVYGQT,5788,True,10,
227,KGPMGMTGPY,5788,True,10,
228,IQPAGFTGRG,5788,True,10,
229,LGPSGMRGNG,5788,True,10,
230,NMPSGFIGWR,5788,True,10,
231,GRPSGFTGSF,5788,True,10,
232,RMPYGMQSRS,5788,True,10,
233,ATPSGSTAGR,5788,True,10,
234,VGPEGSNGNH,5788,True,10,
235,MSPAGVHGIG,5788,True,10,
236,TMPSGVTGMV,5788,True,10,
237,SMPSGFTGSR,5788,True,10,
238,MVPSQVFGNS,5788,True,10,
239,FSPSGFTATR,5788,True,10,
240,AGPSGFTAEG,5788,True,10,
241,IGPQGFTGEG,5788,True,10,
242,IMPSGATGMS,5788,True,10,
243,ATPLGQSGKT,5788,True,10,
244,MYPSGFYGAR,5788,True,10,
245,WPPQGVTGWG,5788,True,10,
246,GAPLGQSGTL,5788,True,10,
247,GQPSGFRGTA,5788,True,10,
248,MIPSGFRNIG,5788,True,10,
249,MTPSGFTGWG,5788,True,10,
250,VPPSGWTGRF,5788,True,10,
251,YQPSGFTASG,5788,True,10,
252,IVPRGVTGMR,5788,True,10,
253,GVPSGVRGQS,5788,True,10,
254,TMPYGMRGVY,5788,True,10,
255,GTPSGFTASG,5788,True,10,
256,RPPSHWISEF,5788,True,10,
257,HGPSGFTMIH,5788,True,10,
258,DMPSGFTAGG,5788,True,10,
259,VTPLGSYGTQ,5788,True,10,
260,MSPLGVWGHF,5788,True,10,
261,RVPSGVSGKG,5788,True,10,
262,IPPLGFRNPT,5788,True,10,
263,TIARPFSGNR,5788,True,10,
264,PMPWGMTGQY,5788,True,10,
265,LRPSGFQGMS,5788,True,10,
266,TMPQAFRGWG,5788,True,10,
267,PAPEGVRGPV,5788,True,10,
268,TPPQSFMSQS,5788,True,10,
269,YMPAGVRGSR,5788,True,10,
270,RLPVHWQGSI,5788,True,10,
271,AYPSGWRGTR,5788,True,10,
272,NYPLGVRTVH,5788,True,10,
273,PRPSGFIGQR,5788,True,10,
274,TGPSGFHGVS,5788,True,10,
275,AGPSGFTGLT,5788,True,10,
276,TGPSGVTGWI,5788,True,10,
277,KVPSGVTASG,5788,True,10,
278,GMPSGFTGVS,5788,True,10,
279,PDPFGMRGMS,5788,True,10,
280,FNPSGVTSRQ,5788,True,10,
281,QTPSGFTGMG,5788,True,10,
282,VMPLGFAGWI,5788,True,10,
283,PTPSGFTGVI,5788,True,10,
284,RIPASFFGIG,5788,True,10,
285,TPPSGFTASG,5788,True,10,
286,PMPLGYTASG,5788,True,10,
287,TMPSGFNGQN,5788,True,10,
288,PVPQPFSGQR,5788,True,10,
289,RAPLSFRSLH,5788,True,10,
290,MTPASWRGLY,5788,True,10,
291,IRPSGFTGTR,5788,True,10,
292,LPRYGRIVMA,5788,True,10,
293,TSPASYIGAS,5788,True,10,
294,MVPSGFQGVY,5788,True,10,
295,TPPSGFTGIR,5788,True,10,
296,NPPLSFIGSG,5788,True,10,
297,SVPSASHGPR,5788,True,10,
298,GSPSGFRGIR,5788,True,10,
299,PMPSAFTSVH,5788,True,10,
300,TTPSGFTASG,5788,True,10,
301,RYPLGPRGMA,5788,True,10,
302,TMPSGFTGMG,5788,True,10,
303,MAPSGFRGFH,5788,True,10,
304,VFPQGFRGKG,5788,True,10,
305,PEPLGIHGTV,5788,True,10,
306,VPERVRSNMR,5788,True,10,
307,PGPSGFTSIG,5788,True,10,
308,GLPRFMYGMK,5788,True,10,
309,ITPSGFTAGS,5788,True,10,
310,TGPSGMQSKV,5788,True,10,
311,PMPSGFRSQT,5788,True,10,
312,VQPSGFRGMG,5788,True,10,
313,ARPEGMRGIY,5788,True,10,
314,GTPSGWMGTH,5788,True,10,
315,MIPSASHAMG,5788,True,10,
316,GSPAGVKGEG,5788,True,10,
317,TQPRGYIGAG,5788,True,10,
318,EVPSGVTASG,5788,True,10,
319,AVPHGFRSIH,5788,True,10,
320,GSPSGFKGGT,5788,True,10,
321,IVPMGMRGLI,5788,True,10,
322,GMPRSYFGSV,5788,True,10,
323,IGPSGFTGQG,5788,True,10,
324,STPSGFYGKS,5788,True,10,
325,VGPSGFQGGA,5788,True,10,
326,TPPSGFRGTG,5788,True,10,
327,GMPLGFKGNH,5788,True,10,
328,TMPSGFRGLS,5788,True,10,
329,PTPSWQTGNQ,5788,True,10,
330,RQPSGFTASG,5788,True,10,
331,GMPSGFRGNI,5788,True,10,
332,TGPSMLHGMH,5788,True,10,
333,KLPSGFVGVT,5788,True,10,
334,TVPTGFTGSY,5788,True,10,
335,GQPSGVTASG,5788,True,10,
336,YMPSGFWGIG,5788,True,10,
337,VGPSGFTGWG,5788,True,10,
338,VNPAGMHSMG,5788,True,10,
339,SEPQGVRVQY,5788,True,10,
340,ETPSGVTASG,5788,True,10,
341,RQPSAQVGTR,5788,True,10,
342,QMPLGMRGPR,5788,True,10,
343,IPPLAFRGER,5788,True,10,
344,TRPSGFMGTA,5788,True,10,
345,DRPSGFTASG,5788,True,10,
346,KVPQAFRSLS,5788,True,10,
347,TPPSGFTASG,5788,True,10,
348,PSPLGMHGQG,5788,True,10,
349,GMPWSVAGSG,5788,True,10,
350,GIPSGMRGEG,5788,True,10,
351,TRPLGQTGKH,5788,True,10,
352,FMPSGFRGPG,5788,True,10,
353,IMPLGYRGQF,5788,True,10,
354,RPPSGFRGPR,5788,True,10,
355,KQPAPFWGVR,5788,True,10,
356,GFPRAFRGEG,5788,True,10,
357,NPPQAFRGMR,5788,True,10,
358,NQPSGFRGTG,5788,True,10,
359,FGPSGFTSMH,5788,True,10,
360,PGPMGMTGLY,5788,True,10,
361,FSPLGITASG,5788,True,10,
362,PQPSGFTASG,5788,True,10,
363,MPPLGFRGQT,5788,True,10,
364,GPPSGFRGSA,5788,True,10,
365,PIPFSNIGNR,5788,True,10,
366,TVPSGFTGHT,5788,True,10,
367,TGPSGFRGRH,5788,True,10,
368,FIPFAFVGAG,5788,True,10,
369,KAPAGVSGAS,5788,True,10,
370,ETPSGFSGNA,5788,True,10,
371,VLPWAVYGHT,5788,True,10,
372,RTPSGQVGRT,5788,True,10,
373,MQPSGVTASG,5788,True,10,
374,SGPMGMRGTA,5788,True,10,
375,GSPLGFRGIQ,5788,True,10,
376,RTPSAFYGQR,5788,True,10,
377,PFPSGFRSMT,5788,True,10,
378,MGPSGFYGLG,5788,True,10,
379,GEPLGVRGWY,5788,True,10,
380,GVPSGVTASG,5788,True,10,
381,APPWGFTSQL,5788,True,10,
382,VMPKGVQGTR,5788,True,10,
383,GIPLGFQGPR,5788,True,10,
384,RAPSGFTGVA,5788,True,10,
385,QMPAQFRGSG,5788,True,10,
386,DPPSGMTASG,5788,True,10,
387,PKPSGVTASG,5788,True,10,
388,RGPSGMTASG,5788,True,10,
389,NMPSGVTGTQ,5788,True,10,
390,MTPSGFVNRQ,5788,True,10,
391,PRPSGFRGER,5788,True,10,
392,WQPQAVTGIT,5788,True,10,
393,AHPSGFRSAY,5788,True,10,
394,TGPSGFVGRG,5788,True,10,
395,DSPLGSQTMG,5788,True,10,
396,EMPWGVRSRH,5788,True,10,
397,YLPRAVFGPA,5788,True,10,
398,APPSAFTGMG,5788,True,10,
399,QKPSGFRGHA,5788,True,10,
400,KAPRYWRDQV,4301,True,10,
401,RGPRSYKATA,4301,True,10,
402,YGPRNVHGEA,4301,True,10,
403,NHPRGQTASW,4301,True,10,
404,GRPRGVTASG,4301,True,10,
405,HWPRGVQDWA,4301,True,10,
406,RWPAGMRTVY,4301,True,10,
407,PHPSGMRDPR,4301,True,10,
408,VAPSGFRDNK,4301,True,10,
409,MRPRGVRDNF,4301,True,10,
410,KGPRGSTASG,4301,True,10,
411,YVARPLWSWA,4301,True,10,
412,YVPRGVRTWG,4301,True,10,
413,PYPRAWHGGH,4301,True,10,
414,MPPKGARTGA,4301,True,10,
415,CHPRASTASG,4301,True,10,
416,NQVRAVYGEW,4301,True,10,
417,GSPRGWIAGQ,4301,True,10,
418,GQPRGLNTAS,4301,True,10,
419,IGPRGMHDQR,4301,True,10,
420,HLPRAVKGNR,4301,True,10,
421,IKPVGMRVLW,4301,True,10,
422,WVPRGSYPIR,4301,True,10,
423,FIPRNVKGEF,4301,True,10,
424,ETPRGVRDQF,4301,True,10,
425,QYPRGMHDNY,4301,True,10,
426,RYPRAYLATH,4301,True,10,
427,AMPRAFTDNV,4301,True,10,
428,NRPLGNRGAH,4301,True,10,
429,RHPIGMRDMG,4301,True,10,
430,RQPRAVIALS,4301,True,10,
431,YHPRGVRTPY,4301,True,10,
432,VCPRAMRGNA,4301,True,10,
433,QRPRGMTDWF,4301,True,10,
434,HGPRGSQDPK,4301,True,10,
435,MQPRGVTDNH,4301,True,10,
436,KSPRPYMDEG,4301,True,10,
437,TYWGAMRAPG,4301,True,10,
438,GMPRGVATAS,4301,True,10,
439,MQPRGMHYPS,4301,True,10,
440,MTPRGNRAVT,4301,True,10,
441,RVPKGQTDVR,4301,True,10,
442,GPPRGSTASG,4301,True,10,
443,RKPRGNTASG,4301,True,10,
444,RAPASVFDGA,4301,True,10,
445,GKPRGVTGWH,4301,True,10,
446,QGPRPVHDWS,4301,True,10,
447,WPPRGMAYVQ,4301,True,10,
448,GRPAGVRDAS,4301,True,10,
449,GGPRARTASG,4301,True,10,
450,WGPRAFSDMH,4301,True,10,
451,YKPRGMKDVA,4301,True,10,
452,VRPRPLATWF,4301,True,10,
453,WMPRAVWAGH,4301,True,10,
454,RYPRGVRTGH,4301,True,10,
455,GMPRSRTASG,4301,True,10,
456,NMPRAYFDTS,4301,True,10,
457,IGPRPVTGWG,4301,True,10,
458,EQPRNSTASG,4301,True,10,
459,RIPRPIHDHY,4301,True,10,
460,RMPRSYRGWK,4301,True,10,
461,YHPRGMVDQI,4301,True,10,
462,NAPRGSTASG,4301,True,10,
463,HQPRGMTDEG,4301,True,10,
464,WGPSGMRTNG,4301,True,10,
465,GIPRPMIDQG,4301,True,10,
466,GPCHLPRAWT,4301,True,10,
467,IAPRGVKDKG,4301,True,10,
468,YNPRGQTASG,4301,True,10,
469,RPPRGVHAEA,4301,True,10,
470,QDPRGMIDHG,4301,True,10,
471,HNPVGMRSNG,4301,True,10,
472,DYPRAFRDMA,4301,True,10,
473,LARPYRSVAK,4301,True,10,
474,GMPRGMRDRL,4301,True,10,
475,INPVGMRDWA,4301,True,10,
476,QFPRAFWAGR,4301,True,10,
477,THVRGMSDAI,4301,True,10,
478,KAPRGMKTMF,4301,True,10,
479,EGPRGVKDQR,4301,True,10,
480,FPRSPRGIAV,4301,True,10,
481,PGPAGMRDGV,4301,True,10,
482,MNPRGMTDQY,4301,True,10,
483,PHPSGWTDEV,4301,True,10,
484,REAGPLFNEQ,4301,True,10,
485,GVPRGVAGRG,4301,True,10,
486,FWPRSMRDGY,4301,True,10,
487,IRPVGQTSGR,4301,True,10,
488,DMARGMQDMQ,4301,True,10,
489,ARNWPGIHNV,4301,True,10,
490,GVPRGVKTAS,4301,True,10,
491,AEPVGTRSHV,4301,True,10,
492,QDPRGVHSQG,4301,True,10,
493,QKPAPQRDRG,4301,True,10,
494,RKPAPMIGGK,4301,True,10,
495,VAPRGNVSGK,4301,True,10,
496,MKPAGMTASG,4301,True,10,
497,RGPVGMRDVA,4301,True,10,
498,EGPRAMHDTF,4301,True,10,
499,GAPRGSMANQ,4301,True,10,
500,ARPRGMRDNT,4301,True,10,
501,GPARAMYTAS,4301,True,10,
502,RVPRGVRTNK,4301,True,10,
503,MGPSGWRTSH,4301,True,10,
504,EWPAGMRTWG,4301,True,10,
505,WTPRGNRGWR,4301,True,10,
506,RSPVGMTASG,4301,True,10,
507,HRPRAVKTER,4301,True,10,
508,WSPRAMIDHA,4301,True,10,
509,HTPRGSVAPG,4301,True,10,
510,CVPRAFRAMG,4301,True,10,
511,WPVAGMRGAH,4301,True,10,
512,CRPRGVKDQW,4301,True,10,
513,MGPRLQIGQG,4301,True,10,
514,GRPRGVKTAS,4301,True,10,
515,QPRGPRSVKG,4301,True,10,
516,TKPRGNKSKA,4301,True,10,
517,TVPRGMHDTR,4301,True,10,
518,MVPRAVTASG,4301,True,10,
519,PQPRNLRDGH,4301,True,10,
520,RIPRPVRDSH,4301,True,10,
521,FNPYGMRDRG,4301,True,10,
522,GHPRGSKDGY,4301,True,10,
523,GWPRSMRTAS,4301,True,10,
524,GVPRGVHVPV,4301,True,10,
525,RGPLGYHDAR,4301,True,10,
526,IGPRPVHDIS,4301,True,10,
527,GRPRPMADRV,4301,True,10,
528,PGPRGLTDGK,4301,True,10,
529,PTPRGSRDAG,4301,True,10,
530,SGPRAYRGTA,4301,True,10,
531,QWPVGMRVNF,4301,True,10,
532,HYPRGMHANH,4301,True,10,
533,QMPRSWVDRW,4301,True,10,
534,HLPRQVTASG,4301,True,10,
535,AAPVAMRSTK,4301,True,10,
536,HTPYGMLSGY,4301,True,10,
537,KPSPAQTQNY,4301,True,10,
538,VAPRGSRDPH,4301,True,10,
539,MKPVGMYDEY,4301,True,10,
540,SHPRGMSDSG,4301,True,10,
541,MVPRGVKAHW,4301,True,10,
542,KSPRPYRSNG,4301,True,10,
543,HGPRGQTDPA,4301,True,10,
544,YPVRAVRASQ,4301,True,10,
545,VGPSGWRTWT,4301,True,10,
546,GRPRGVRTAS,4301,True,10,
547,QYPRAMHNGA,4301,True,10,
548,GSPVGIRDHF,4301,True,10,
549,HWPRGMTVPK,4301,True,10,
550,YRPRGVTDNG,4301,True,10,
551,YGPKGMRDNL,4301,True,10,
552,RTPRGRTASG,4301,True,10,
553,GNPRGMVTAS,4301,True,10,
554,MWPRNVKANG,4301,True,10,
555,HGPGGMRDPV,4301,True,10,
556,AGPKGMSDNK,4301,True,10,
557,TPPRAVKVWR,4301,True,10,
558,HVPRGQRDRF,4301,True,10,
559,HPPRGRTAMV,4301,True,10,
560,AGPRGVSAKL,4301,True,10,
561,WPVNGMRTHK,4301,True,10,
562,PYPRAFRDKS,4301,True,10,
563,MGPGGMKDHS,4301,True,10,
564,TDPRSYIGRY,4301,True,10,
565,RPPRGVRDWQ,4301,True,10,
566,RPRHKRAVEF,4301,True,10,
567,VNPKGMRDPH,4301,True,10,
568,VPVGAKYVGY,4301,True,10,
569,WAPYGSKAWP,4301,True,10,
570,GRPRGVTASG,4301,True,10,
571,TSVPERAGVW,4301,True,10,
572,RMPRSYTASG,4301,True,10,
573,NGPKGMRDNG,4301,True,10,
574,EGPRSTRATW,4301,True,10,
575,SNPRGMRWNY,4301,True,10,
576,GNPRGRTVER,4301,True,10,
577,WAPKGMVDFI,4301,True,10,
578,NAVRAVRGNV,4301,True,10,
579,TKPRGNIDPS,4301,True,10,
580,GYPLGSRDNQ,4301,True,10,
581,WRPRGSIDRS,4301,True,10,
582,GQPRAVKDPH,4301,True,10,
583,NRPGWMSDAG,4301,True,10,
584,HDPRGMHDIH,4301,True,10,
585,GHPRGMHTAS,4301,True,10,
586,ERPRGMSVKI,4301,True,10,
587,ITRVRRVLHP,4301,True,10,
588,GSPRGSRDQA,4301,True,10,
589,THPVGMHDGK,4301,True,10,
590,QRPRGVRDHI,4301,True,10,
591,TGPKGMRDVQ,4301,True,10,
592,RAPRPVKGGL,4301,True,10,
593,FMPRGMIDRG,4301,True,10,
594,HAPRASRDAG,4301,True,10,
595,VRPRGNAVLK,4301,True,10,
596,MCPRNVKDGR,4301,True,10,
597,WVPRGNSTAS,4301,True,10,
598,WGPRVRGAWR,4301,True,10,
599,WQPRGLKDGI,4301,True,10,
600,GNVFGMRSGQ,4301,True,10,
601,VGPRAVWDGR,4301,True,10,
602,ETPRGQTASG,4301,True,10,
603,VRPRGVIDKG,4301,True,10,
604,EPRTPRYGSK,4301,True,10,
605,WSPRGVTASG,4301,True,10,
606,KEPRGVRAPR,4301,True,10,
607,PTPLGMRDVW,4301,True,10,
608,KAPRPVLGIH,4301,True,10,
609,GAPRSYRTAS,4301,True,10,
610,HYPRGVKDRA,4301,True,10,
611,RQPVGMRDGF,4301,True,10,
612,WKPRGMHVGK,4301,True,10,
613,VWPRGMKGHF,4301,True,10,
614,VGPRGSYDHR,4301,True,10,
615,GPPRNVWDVH,4301,True,10,
616,RQPRGVFDNG,4301,True,10,
617,GAPRGSWDGQ,4301,True,10,
618,GYARSMWTAS,4301,True,10,
619,TVPRGMKDGK,4301,True,10,
620,YNPRSMRGEH,4301,True,10,
621,PVPRGVKAHG,4301,True,10,
622,TGPKGMVDGQ,4301,True,10,
623,IYPRGMHTQK,4301,True,10,
624,ARPRGMTDNG,4301,True,10,
625,CGPRAMRTAS,4301,True,10,
626,NGPRSTRSNW,4301,True,10,
627,ASPRQVIAKH,4301,True,10,
628,WKPRGMTGVY,4301,True,10,
629,GWPRGMKTAS,4301,True,10,
630,WRPRGVTASG,4301,True,10,
631,AGPEGMKDGA,4301,True,10,
632,PQPRAVWDMI,4301,True,10,
633,WIPRAVRTES,4301,True,10,
634,RMPRAYIAGY,4301,True,10,
635,YPVGWMRGWH,4301,True,10,
636,TGPSGVKDWT,4301,True,10,
637,GHPGPFRTAS,4301,True,10,
638,SRPRGMKDWG,4301,True,10,
639,YVPRGVLDQH,4301,True,10,
640,FIPRNMKDWH,4301,True,10,
641,GDPRAYRDEG,4301,True,10,
642,KCPRGMRDGY,4301,True,10,
643,KVPRGVHVWT,4301,True,10,
644,GWPRGMRTAS,4301,True,10,
645,MAPKGMRDVF,4301,True,10,
646,GTPVGMRTAS,4301,True,10,
647,KAPRGVRTNA,4301,True,10,
648,GRPRWVTYVK,4301,True,10,
649,GVPRAVKDGH,4301,True,10,
650,LRPRSWKDNY,4301,True,10,
651,RGPVGMTDKQ,4301,True,10,
652,CWPRGMIANA,4301,True,10,
653,HRPRGVHSEG,4301,True,10,
654,GKVRAMWSPQ,4301,True,10,
655,GRPRAVKDGQ,4301,True,10,
656,TGPKGMRDSQ,4301,True,10,
657,GMVAGMHSMR,4301,True,10,
658,WKPAPMWDRG,4301,True,10,
659,RKPAPWIAWG,4301,True,10,
660,RSPRSYTASG,4301,True,10,
661,VNPRGSGDSK,4301,True,10,
662,AFPLGMHDGT,4301,True,10,
663,KMPRAYRSNG,4301,True,10,
664,CKPLGSRDSF,4301,True,10,
665,MWARGMYSEI,4301,True,10,
666,KGPRPIMDER,4301,True,10,
667,YHSPRFIAIA,4301,True,10,
668,GSMLGYRTAS,4301,True,10,
669,GLPRAVIDGA,4301,True,10,
670,PYATGVYANR,4301,True,10,
671,YGPRGLGDRS,4301,True,10,
672,GVPRGQTDPW,4301,True,10,
673,MRPRQVRAHG,4301,True,10,
674,VTPRGMGNRV,4301,True,10,
675,QHPRAVTASG,4301,True,10,
676,QFPRAMKDEA,4301,True,10,
677,GKPRNVTGLH,4301,True,10,
678,WSPRGVWGNR,4301,True,10,
679,KYPRGMHGNK,4301,True,10,
680,CVPRGFHDLH,4301,True,10,
681,GMPRSWRASA,4301,True,10,
682,DPRLKRGPVP,4301,True,10,
683,PFPRPMRTKG,4301,True,10,
684,CAPRGVRDRW,4301,True,10,
685,YPLGSYHAHL,4301,True,10,
686,AMPRNMFDPR,4301,True,10,
687,GRPRGVTDPW,4301,True,10,
688,EYQFPLWALA,4301,True,10,
689,YGPRAMWGQG,4301,True,10,
690,SRPRGVRSEY,4301,True,10,
691,HPPRSYTASG,4301,True,10,
692,RGPRSYRSAT,4301,True,10,
693,YVPRGVTVSG,4301,True,10,
694,GRPRSWTNWH,4301,True,10,
695,PMPRQVRSGQ,4301,True,10,
696,GTPRTKISEY,4301,True,10,
697,HGPSGVRDRW,4301,True,10,
698,DHPRGSIDEA,4301,True,10,
699,SHPRGQRTNG,4301,True,10,
700,PAPRGATASG,4301,True,10,
701,KHPRAFRGNI,4301,True,10,
702,RHPRGMRDKF,4301,True,10,
703,VKPSGSRDKQ,4301,True,10,
704,PMPRSWADPR,4301,True,10,
705,NWPRGMRTGQ,4301,True,10,
706,RMPVGMTGSG,4301,True,10,
707,GQPTGMRTAS,4301,True,10,
708,GFPRGMKTAS,4301,True,10,
709,VTPRGMRITV,4301,True,10,
710,WAPAGVYSHW,4301,True,10,
711,AQPRPYTVPG,4301,True,10,
712,AYPRAMSDTV,4301,True,10,
713,PGPKPMRANK,4301,True,10,
714,GRPRGVRDKH,4301,True,10,
715,GFPRAMRNKG,4301,True,10,
716,GVPRAWKDNF,4301,True,10,
717,KCPRAYRDSQ,4301,True,10,
718,YAYRGMYSGR,4301,True,10,
719,WGPRAYRSQA,4301,True,10,
720,GAPRNQYSTL,4301,True,10,
721,PRPRGMKSEK,4301,True,10,
722,YGPRGIRDGS,4301,True,10,
723,RGPKGMVDTK,4301,True,10,
724,GVPRAVIAPQ,4301,True,10,
725,EAPRGVQDML,4301,True,10,
726,GPVSGWTASG,4301,True,10,
727,TQPRGVRGHK,4301,True,10,
728,AYPRGQTNGA,4301,True,10,
729,GPRQPRQVRG,4301,True,10,
730,RYPRAMKGMY,4301,True,10,
731,PIPRPVWVGY,4301,True,10,
732,LAPRGNSGVG,4301,True,10,
733,LMPRSYIAKG,4301,True,10,
734,VGPSGMRDMH,4301,True,10,
735,MQPRGVWVPY,4301,True,10,
736,HLPRAVWAPR,4301,True,10,
737,RPPRGVKTNF,4301,True,10,
738,GVPRGVHDHG,4301,True,10,
739,LGPRAYRDER,4301,True,10,
740,MRPRPVANAH,4301,True,10,
741,YFPRAFRGLV,4301,True,10,
742,HQPRGMSGPF,4301,True,10,
743,KMPRGMKTAK,4301,True,10,
744,TSPKGMRDQV,4301,True,10,
745,GVPRAVQTAS,4301,True,10,
746,PYTEHLYAGW,4301,True,10,
747,QPVQGMRDPK,4301,True,10,
748,VKPVGMRGPG,4301,True,10,
749,QRPRGNTDWG,4301,True,10,
750,EYPVGMRYHR,4301,True,10,
751,VMPRGSLTPH,4301,True,10,
752,DAPGGMNYMG,4301,True,10,
753,KFPRGMTVSR,4301,True,10,
754,RYPRGLKTPA,4301,True,10,
755,PQPRNWRDSA,4301,True,10,
756,TQPRAYRTHY,4301,True,10,
757,FRPRGVHDWV,4301,True,10,
758,LWPRGMKTWV,4301,True,10,
759,GVPRGVRDKA,4301,True,10,
760,VEPRGVRAKR,4301,True,10,
761,GFPRAFTASG,4301,True,10,
762,WKPRNTSDGY,4301,True,10,
763,NMPRSYLDAG,4301,True,10,
764,GPPRASYGHK,4301,True,10,
765,CGPRGSGASH,4301,True,10,
766,KYPRGMGSQI,4301,True,10,
767,LHPKGMRTNH,4301,True,10,
768,WPVGAMRGQF,4301,True,10,
769,GRPRGVTASG,4301,True,10,
770,GPPRGSNVNH,4301,True,10,
771,RGPRPIWDRF,4301,True,10,
772,GGPRPIVTAS,4301,True,10,
773,GYPRGMGVEA,4301,True,10,
774,TKWHGMRDPF,4301,True,10,
775,SQPTGMRVRV,4301,True,10,
776,TRPGWIKDNA,4301,True,10,
777,HSPRWVTDKH,4301,True,10,
778,KSPRSYTDPK,4301,True,10,
779,GLPRAVKDVH,4301,True,10,
780,DLPRAVIANS,4301,True,10,
781,CQPRAVLDSA,4301,True,10,
782,SPLAWLQSNR,4301,True,10,
783,DGPRPVTASG,4301,True,10,
784,TYPRGMKTSV,4301,True,10,
785,VAPRASWGTI,4301,True,10,
786,LWPRAQADWG,4301,True,10,
787,LMPRSWRNGS,4301,True,10,
788,RMPRGSVGWK,4301,True,10,
789,GGPGGAGNQR,4301,True,10,
790,VRPRGVTDNG,4301,True,10,
791,SVPRGMTASG,4301,True,10,
792,GLPRAVFDIR,4301,True,10,
793,YGPRNVTAKI,4301,True,10,
794,CAPRGVTDLH,4301,True,10,
795,HSPKGMTDHG,4301,True,10,
796,GYWYGMRSMW,4301,True,10,
797,YSPRPVMVPR,4301,True,10,
798,WHPRAFHGAF,4301,True,10,
799,GNPRGSTSGI,4301,True,10,
800,EYPHGMRGAL,3389,True,10,
801,ARPRGWVGSG,3389,True,10,
802,PGPRGVHGQG,3389,True,10,
803,SVPSGWTASG,3389,True,10,
804,VGPRGVKSQG,3389,True,10,
805,IMPRGMTGPQ,3389,True,10,
806,GPPRGVTVMT,3389,True,10,
807,SVPKQSWGTS,3389,True,10,
808,VGPRGMAGTA,3389,True,10,
809,VTPAWMTGPG,3389,True,10,
810,PDPVWMKGQT,3389,True,10,
811,SMPNWMTASG,3389,True,10,
812,GMPRGVVGMG,3389,True,10,
813,MYPRGMKGIV,3389,True,10,
814,GSPVWMKGQG,3389,True,10,
815,KAPRGVTGMG,3389,True,10,
816,NRPRDIVGAT,3389,True,10,
817,QSPRWVKGMG,3389,True,10,
818,SDPRWLTSTG,3389,True,10,
819,PTPRGSTGSF,3389,True,10,
820,SQPRWIRGQG,3389,True,10,
821,AQPRWITGIH,3389,True,10,
822,RMVRAVIGKG,3389,True,10,
823,SAPRGVHSNT,3389,True,10,
824,GMVRGVTASG,3389,True,10,known_sequence
825,QSPRGVTASG,3389,True,10,
826,NHPVWMCGRQ,3389,True,10,
827,AKPRGNSGVY,3389,True,10,
828,SEPRNVFAGL,3389,True,10,
829,KQPSGMHGTQ,3389,True,10,
830,DRPVWMIGMQ,3389,True,10,
831,TAPFWMFGVY,3389,True,10,
832,TVTQNLYGMS,3389,True,10,
833,TGPRAMKGAH,3389,True,10,
834,ETPRGVRQIK,3389,True,10,
835,RPGRGMVGIG,3389,True,10,
836,AVPVWMSGPS,3389,True,10,
837,VGPRGNTASG,3389,True,10,
838,VSVPRRGIQG,3389,True,10,
839,GVPRGVTASG,3389,True,10,
840,AKWVASAGVF,3389,True,10,
841,FGPSGMTGLT,3389,True,10,
842,KGPRGQAGSG,3389,True,10,
843,EVPRWMTGMS,3389,True,10,
844,GVPRGVTDVT,3389,True,10,
845,TSPVQWRGWS,3389,True,10,
846,GKPRGQVGAG,3389,True,10,
847,VMPRSYRGMA,3389,True,10,
848,EDVRGMHGPT,3389,True,10,
849,FIPKWMRGHS,3389,True,10,
850,PFPRGQANVG,3389,True,10,
851,DEPRNVSGWR,3389,True,10,
852,RSPRMLQNQV,3389,True,10,
853,VNPAWMKGPA,3389,True,10,
854,GSPRGVITAS,3389,True,10,
855,AGPSWIQGHA,3389,True,10,
856,VDVYGMTGQV,3389,True,10,
857,IQVRGVHGPG,3389,True,10,
858,DSPVWMRGES,3389,True,10,
859,LMPRGVTASG,3389,True,10,
860,VIPRPVMAMA,3389,True,10,
861,MTPRGQTGAG,3389,True,10,
862,PTPRGNIGPT,3389,True,10,
863,VGPSGWTASG,3389,True,10,
864,DMPRGVTGMY,3389,True,10,
865,EGPRGVTGWG,3389,True,10,
866,WTPRGNSGSK,3389,True,10,
867,GSPQWMLGRH,3389,True,10,
868,VRPRGVTGAG,3389,True,10,
869,WPAEWMVGVG,3389,True,10,
870,GVPRGVTGVL,3389,True,10,
871,FPVGWMTGPV,3389,True,10,
872,GRPRGMTGNG,3389,True,10,
873,HKPVWQIGHR,3389,True,10,
874,WDPVGMTGPG,3389,True,10,
875,VPPRGVHGPS,3389,True,10,
876,QTPSWVHAMT,3389,True,10,
877,SGPSGVTAPI,3389,True,10,
878,VMPAGVRGTG,3389,True,10,
879,GSVAWMSGMH,3389,True,10,
880,SIPRWMIGTV,3389,True,10,
881,GTPIGIHAPW,3389,True,10,
882,VRPRGSYGNG,3389,True,10,
883,GWPRGLTTAS,3389,True,10,
884,PAPRAQVGAG,3389,True,10,
885,GQPKWMRGMG,3389,True,10,
886,VTPRGMTGPT,3389,True,10,
887,VCPRQMIGVY,3389,True,10,
888,GQPRGVTASG,3389,True,10,
889,PRVKWMSGPT,3389,True,10,
890,NSPSWVTGML,3389,True,10,
891,WKPVWMTSPS,3389,True,10,
892,GPGRAMTASG,3389,True,10,
893,MFPRWLIGSQ,3389,True,10,
894,GKPVWMKGVG,3389,True,10,
895,QVPQWITDQT,3389,True,10,
896,ELPAGVHGPG,3389,True,10,
897,EVPRGMTGWH,3389,True,10,
898,AGPRGVTGTG,3389,True,10,
899,SVPINKHSTG,3389,True,10,
900,GPPRGSLGPK,3389,True,10,
901,SAMQWIVGVH,3389,True,10,
902,LVPVWMLGMQ,3389,True,10,
903,RSPSGVKGPG,3389,True,10,
904,VNVRNIRGNS,3389,True,10,
905,PMPVWSTNSQ,3389,True,10,
906,GSPFGMHDLK,3389,True,10,
907,KPFAWMKGPK,3389,True,10,
908,SQPHGMFTLW,3389,True,10,
909,TGPSWIHGTL,3389,True,10,
910,EVPVWMKGQA,3389,True,10,
911,MAPRGQVGQT,3389,True,10,
912,SVPVWMIGLG,3389,True,10,
913,NHPRGMTGRA,3389,True,10,
914,GEPVPMLGWR,3389,True,10,
915,TVPVDMIGWR,3389,True,10,
916,GVPRGVTASG,3389,True,10,
917,GIPYHWAGVG,3389,True,10,
918,GLPASWTASG,3389,True,10,
919,GQPRGVHAHT,3389,True,10,
920,FLPRGAISIA,3389,True,10,
921,YGPRAFRGTV,3389,True,10,
922,FNPAWMTGNQ,3389,True,10,
923,ESPRGVTVWQ,3389,True,10,
924,KMPRAYTGKH,3389,True,10,
925,TSPKIMRGQS,3389,True,10,
926,GAPRGSMGIT,3389,True,10,
927,LPVKGMQGMV,3389,True,10,
928,VTPRGNTASG,3389,True,10,
929,QIPRWMLGNG,3389,True,10,
930,TLPRWITGMG,3389,True,10,
931,FVPSWVTGNS,3389,True,10,
932,ISPVWMTSEV,3389,True,10,
933,TAPRGVMGHG,3389,True,10,
934,MLPRGSWGTG,3389,True,10,
935,GQPRGMVGPF,3389,True,10,
936,SRPRGMVGRG,3389,True,10,
937,TAPRGVTGWH,3389,True,10,
938,TAPGWMSGLW,3389,True,10,
939,TRPRGNSGPG,3389,True,10,
940,PFPRGMHGSG,3389,True,10,
941,DGVFWMRGTL,3389,True,10,
942,DVPKWMSGVG,3389,True,10,
943,FPPSWVMGIS,3389,True,10,
944,PVPRGVTASG,3389,True,10,
945,TAPSWIHGEG,3389,True,10,
946,EAPRGQVGLG,3389,True,10,
947,AVPSGWTASG,3389,True,10,
948,YQPRGVTASG,3389,True,10,
949,GMPRGVFGSA,3389,True,10,
950,GLPRWVLGQD,3389,True,10,
951,MTPRGQIGLG,3389,True,10,
952,GVPRGVTGMH,3389,True,10,
953,PYPRDILSVH,3389,True,10,
954,WNPAWMIGMH,3389,True,10,
955,VHPSWVTASG,3389,True,10,
956,GIPRGVKGWR,3389,True,10,
957,SQPRGVTGMG,3389,True,10,
958,EGPRSYVGQT,3389,True,10,
959,GSPRGMTVPR,3389,True,10,
960,NEPGWLRGPS,3389,True,10,
961,TFPRGNTGPG,3389,True,10,
962,SRPVYLSGNG,3389,True,10,
963,INPRSYSAVW,3389,True,10,
964,GMPSGFTGPG,3389,True,10,
965,EGPAPWVGEG,3389,True,10,
966,AVPRGVKGVG,3389,True,10,
967,VGPEGVQGQK,3389,True,10,
968,SPFLHMTASG,3389,True,10,
969,IPFDSPDILG,3389,True,10,
970,GMPKGMRGTG,3389,True,10,
971,ETPRGNAGAI,3389,True,10,
972,QKPVWMRGWA,3389,True,10,
973,GLPRGVKTAS,3389,True,10,
974,NVPVWMWGVT,3389,True,10,
975,MSPRWLSGAG,3389,True,10,
976,TLPVWMFNML,3389,True,10,
977,YMPVWMQGIH,3389,True,10,
978,VAPMGMAGTG,3389,True,10,
979,GVPRGVTGTQ,3389,True,10,
980,FIPRGVHGHG,3389,True,10,
981,GAPGGMGGPG,3389,True,10,
982,VTPRGMYGMT,3389,True,10,
983,GSPRGVTASG,3389,True,10,
984,RHPSGWTASG,3389,True,10,
985,IAPRWILGIG,3389,True,10,
986,LGPRGVKGTG,3389,True,10,
987,IMPKWIVGIG,3389,True,10,
988,MRPRGMTNIQ,3389,True,10,
989,EGPQWMRGPG,3389,True,10,
990,GYPRGMTGRG,3389,True,10,
991,NAFQWMRGIR,3389,True,10,
992,DAPRWMSGMH,3389,True,10,
993,VMPLGMHGWG,3389,True,10,
994,PMVSWMTGWG,3389,True,10,
995,GRPRGVTGQG,3389,True,10,
996,YLPRLNVGEH,3389,True,10,
997,NSPSWVMDTY,3389,True,10,
998,TWPRGMKNAG,3389,True,10,
999,RVPVWMIGWA,3389,True,10,
1000,SFPRGMNGVG,3389,True,10,
1001,VHPVWMRGTG,3389,True,10,
1002,VNPSWIMSRH,3389,True,10,
1003,LSVFWMRGRI,3389,True,10,
1004,TGPSGFTASG,3389,True,10,
1005,RRPVHMTGIG,3389,True,10,
1006,GVPRAVFSAT,3389,True,10,
1007,GTPRGAMGPA,3389,True,10,
1008,NFPAWMIGSR,3389,True,10,
1009,VIPRAVIGPG,3389,True,10,
1010,STPSGWTASG,3389,True,10,
1011,YSPVWMTGQF,3389,True,10,
1012,SDPRGMKGWG,3389,True,10,
1013,TSPKWMIGSG,3389,True,10,
1014,ERPQWMSGPT,3389,True,10,
1015,AMPRYMQGIR,3389,True,10,
1016,HAPRGVTGEG,3389,True,10,
1017,SVPSWVTASG,3389,True,10,
1018,TSPRWMIGQL,3389,True,10,
1019,VIPRAVYGPG,3389,True,10,
1020,IMPRQVFGHK,3389,True,10,
1021,PNPEWMKGPH,3389,True,10,
1022,GVPVWMHGTG,3389,True,10,
1023,RTVIWMIGSW,3389,True,10,
1024,HPPRGVTASG,3389,True,10,
1025,ARPRGMKGQT,3389,True,10,
1026,WQPRGNKVTG,3389,True,10,
1027,GPTGWLFGPY,3389,True,10,
1028,AIPYHWRGHG,3389,True,10,
1029,ASPVWMHGQG,3389,True,10,
1030,WSPRGMVGMH,3389,True,10,
1031,LSPRWIMAWH,3389,True,10,
1032,PMPRASYGVG,3389,True,10,
1033,SSPLGMIGWG,3389,True,10,
1034,RLPVWMKGAK,3389,True,10,
1035,GMPRQVHGTG,3389,True,10,
1036,MDPRGLKGAF,3389,True,10,
1037,FSPRQMHAMG,3389,True,10,
1038,SMPRAVKGAS,3389,True,10,
1039,GAPRGVTGNY,3389,True,10,
1040,SRPRPVTSMS,3389,True,10,
1041,FGPSGMVGQL,3389,True,10,
1042,GGPRFMVNMG,3389,True,10,
1043,GTPRGNVGPG,3389,True,10,
1044,QPGRAMHGTQ,3389,True,10,
1045,IGVRAMHGMW,3389,True,10,
1046,GAPFWMSGVS,3389,True,10,
1047,GMVRAHTGQW,3389,True,10,
1048,GTPISQRSEG,3389,True,10,
1049,SAPRQVSGWR,3389,True,10,
1050,EAPRGVISNG,3389,True,10,
1051,DNPRWMTGWY,3389,True,10,
1052,NQVRGMSGSH,3389,True,10,
1053,GKPAGVKSPG,3389,True,10,
1054,PGVRGLHGMG,3389,True,10,
1055,SYPQWMKGVS,3389,True,10,
1056,GAPRGVTASG,3389,True,10,
1057,AFPRDITGPG,3389,True,10,
1058,AYVRAMHGKA,3389,True,10,
1059,STPVGMTGWT,3389,True,10,
1060,AFPRGQTGTG,3389,True,10,
1061,TSPRMLRGVG,3389,True,10,
1062,MNPAGMKGML,3389,True,10,
1063,GCPRGMTASG,3389,True,10,
1064,HPFRGMTASG,3389,True,10,
1065,VVPVWMVGVG,3389,True,10,
1066,GQPRGVTGSG,3389,True,10,
1067,WRPRSMTASG,3389,True,10,
1068,QVPVWMRGVR,3389,True,10,
1069,SRPVAMFGLA,3389,True,10,
1070,LTPRGVHAGF,3389,True,10,
1071,FGVRGLHGPG,3389,True,10,
1072,TPVSWMRGIG,3389,True,10,
1073,MSPKGVTSHT,3389,True,10,
1074,APRIARSVMP,3389,True,10,
1075,AGPIWMTGQG,3389,True,10,
1076,SVPVWMHGPK,3389,True,10,
1077,SAPRGVTGLS,3389,True,10,
1078,TVPVWMHGIQ,3389,True,10,
1079,IMPRQVLGPG,3389,True,10,
1080,NIPRGVISTG,3389,True,10,
1081,PGPGWMRGNS,3389,True,10,
1082,VSPVWMRGTS,3389,True,10,
1083,MSVAWRGNQV,3389,True,10,
1084,GVPRGVRTAS,3389,True,10,known_sequence
1085,IKPSGWVGMG,3389,True,10,
1086,FQPASWRGVK,3389,True,10,
1087,CPVGWMHGNG,3389,True,10,
1088,PDPRWMYGWA,3389,True,10,
1089,QSPRGVTASG,3389,True,10,
1090,AGPRGVTASG,3389,True,10,
1091,HPVAWMSGPG,3389,True,10,
1092,EAPAGVHAHK,3389,True,10,
1093,IVPFWMIGTG,3389,True,10,
1094,RGPVWMTGTG,3389,True,10,
1095,HRPSGWRGRS,3389,True,10,
1096,ISPRMLAGPI,3389,True,10,
1097,DPVFWMRGMY,3389,True,10,
1098,VGPRSNIGNA,3389,True,10,
1099,MVPSWMKGPY,3389,True,10,
1100,EQPSWVMGEG,3389,True,10,
1101,DQPIPQRASG,3389,True,10,
1102,TGPGWMHGPS,3389,True,10,
1103,GFPRGVKGIG,3389,True,10,
1104,EAPAWVIGHK,3389,True,10,
1105,RPPMGMWNSH,3389,True,10,
1106,HPPSWMHGTG,3389,True,10,
1107,KNPKWIMGMG,3389,True,10,
1108,NSPRWVMSLI,3389,True,10,
1109,PQPVPMLGSY,3389,True,10,
1110,GWPRGSTASG,3389,True,10,
1111,YAPRGMTGQA,3389,True,10,
1112,GLPRNVHSLN,3389,True,10,
1113,VDPQWMSGIS,3389,True,10,
1114,STVRNMHGAG,3389,True,10,
1115,AEPQWMHGNT,3389,True,10,
1116,YRPRGVFAPQ,3389,True,10,
1117,TPPRGVTGPY,3389,True,10,
1118,ATPRGNRGEQ,3389,True,10,
1119,AQPRSMTASG,3389,True,10,
1120,APVFWMRGNT,3389,True,10,
1121,NGPEWMHGQL,3389,True,10,
1122,EVPSWIHGAK,3389,True,10,
1123,FAPRGVTDNK,3389,True,10,
1124,YAPGWMTGMG,3389,True,10,
1125,SFPRGLHVHG,3389,True,10,
1126,GVPYGVKGMY,3389,True,10,
1127,SGPRGMHGTA,3389,True,10,
1128,PVGHWQAGEA,3389,True,10,
1129,EGPASWRGAH,3389,True,10,
1130,IQPKWMAGTY,3389,True,10,
1131,PYPRGMGNMG,3389,True,10,
1132,TGPRGLTDTG,3389,True,10,
1133,KIPRGVTASG,3389,True,10,
1134,EGPRGVTASG,3389,True,10,
1135,TPPRWIMGSI,3389,True,10,
1136,TVTQWLMSIF,3389,True,10,
1137,SVPTGMAGWD,3389,True,10,
1138,HVPRGVTGVG,3389,True,10,
1139,AGPRGNTGKF,3389,True,10,
1140,VTPRGQMGNG,3389,True,10,
1141,ELPRWVMGNY,3389,True,10,
1142,GVPKWMSNPA,3389,True,10,
1143,DNPRGMSGVG,3389,True,10,
1144,TEPIPIWGVG,3389,True,10,
1145,TSPRSYIGMK,3389,True,10,
1146,WGWQGMFSTA,3389,True,10,
1147,TKPLGQKGIS,3389,True,10,
1148,TAPNWMTNTG,3389,True,10,
1149,SFPRGMVGPH,3389,True,10,
1150,GAVRGMTGIG,3389,True,10,
1151,GPPRGVTNRF,3389,True,10,
1152,TGPGWITGNG,3389,True,10,
1153,EAVRGVHGTA,3389,True,10,
1154,WVPRGVTASG,3389,True,10,
1155,KIPVWMRGAH,3389,True,10,
1156,GMPRQVTGNL,3389,True,10,
1157,GQPSGWTGET,3389,True,10,
1158,GAPRGVTGTA,3389,True,10,
1159,AGVAWMSGPF,3389,True,10,
1160,VDPRNVHGIV,3389,True,10,
1161,EAFRHLSGMA,3389,True,10,
1162,FDPQWITGQF,3389,True,10,
1163,GVPRGNAGMS,3389,True,10,
1164,GTPSWLYGNH,3389,True,10,
1165,FVPMWMLGKT,3389,True,10,
1166,ASPRGVTASG,3389,True,10,
1167,TPWGNMTASG,3389,True,10,
1168,PNPRWIDSEG,3389,True,10,
1169,SAPVWMTSIF,3389,True,10,
1170,HAPRGVTASG,3389,True,10,
1171,SNPVGMIGTQ,3389,True,10,
1172,MSPRWVSDQG,3389,True,10,
1173,KDPRGMTGSG,3389,True,10,
1174,WAPEWMTGMI,3389,True,10,
1175,VSPRGVTGQG,3389,True,10,
1176,RGPVWMVGTG,3389,True,10,
1177,GAPRGVQGIY,3389,True,10,
1178,HGPRGVTGSQ,3389,True,10,
1179,HGPRGVTGRG,3389,True,10,
1180,ATPEWMLGAL,3389,True,10,
1181,FMPQWMRGQS,3389,True,10,
1182,SGPRWILGTA,3389,True,10,
1183,YVPRGVTASG,3389,True,10,
1184,AGVRYLTGWT,3389,True,10,
1185,RIARGIDAWD,3389,True,10,
1186,SQPITIRSMG,3389,True,10,
1187,LRPRGVYNAR,3389,True,10,
1188,NTPSWLTGNH,3389,True,10,
1189,ISVDWMRGPS,3389,True,10,
1190,VRPRGVTGRL,3389,True,10,
1191,GTPRGIAGNG,3389,True,10,
1192,MVPSWLSGVH,3389,True,10,
1193,GIPRGMGGMT,3389,True,10,
1194,GVPRAVTGAG,3389,True,10,
1195,FYPDFMRGMH,3389,True,10,
1196,FQPVGMAGVQ,3389,True,10,
1197,SVPQWIRGHG,3389,True,10,
1198,GDPRGMRGEG,3389,True,10,
1199,TAPSGVTASG,3389,True,10,
1200,YNPRAFKQRI,5830,True,10,
1201,PTPKGQIDQG,5830,True,10,
1202,WSPRWIKDPL,5830,True,10,
1203,IHPRGSINTR,5830,True,10,
1204,TPAGWILGVG,5830,True,10,
1205,YLFPNAIAPT,5830,True,10,
1206,LPWRGLRASA,5830,True,10,
1207,WQPRAFRGPH,5830,True,10,
1208,AGPRPIKGLG,5830,True,10,
1209,DTPRGMTGEH,5830,True,10,
1210,FWPKGMRTQI,5830,True,10,
1211,TSPRPVMDTG,5830,True,10,
1212,EDPRGIKGNT,5830,True,10,
1213,DAPRGMKGSA,5830,True,10,
1214,YFPRAFAGKT,5830,True,10,
1215,QAPRFIIGLH,5830,True,10,
1216,SQPKGVIDPK,5830,True,10,
1217,SWPRGVRTGL,5830,True,10,
1218,AGPRGVTASG,5830,True,10,
1219,WYPRGLGTPR,5830,True,10,
1220,GQPRGVYTAS,5830,True,10,
1221,YDPRGLVDHA,5830,True,10,
1222,TAPIGQMDGF,5830,True,10,
1223,QWPRGMWGMV,5830,True,10,
1224,WYPAGVAGLH,5830,True,10,
1225,YDPRGVTGLA,5830,True,10,
1226,GDPRGVTASG,5830,True,10,
1227,KHPRPVMDHY,5830,True,10,
1228,TRPRSLSDWG,5830,True,10,
1229,DTPRGVIDSH,5830,True,10,
1230,AGPRPVIDQG,5830,True,10,
1231,SWPRSYTGQI,5830,True,10,
1232,QTPVGIYDLT,5830,True,10,
1233,YVPKGVRTKG,5830,True,10,
1234,QWPRGVTDWR,5830,True,10,
1235,NGPYGMTDQG,5830,True,10,
1236,EYPRGVIDHG,5830,True,10,
1237,ARPIGIRGSG,5830,True,10,
1238,EPFWSLRSPR,5830,True,10,
1239,NMPKGMRGPT,5830,True,10,
1240,TIARPLTGMY,5830,True,10,
1241,WAPRGVTASG,5830,True,10,
1242,DTPRGVTGAL,5830,True,10,
1243,WQPKGMKGKH,5830,True,10,
1244,GWPRGVTASG,5830,True,10,
1245,YSPRGVIDPG,5830,True,10,
1246,HPPRGLTSQT,5830,True,10,
1247,EVPRPVHGVK,5830,True,10,
1248,HTPKQVIDMK,5830,True,10,
1249,VIPRPVWDAG,5830,True,10,
1250,TKPKGVIQMR,5830,True,10,
1251,VYPRNISGIY,5830,True,10,
1252,IWPRGMKDYG,5830,True,10,
1253,ATPVGIYDSG,5830,True,10,
1254,KPPRSILSHF,5830,True,10,
1255,YDPRGVKDQR,5830,True,10,
1256,SWPRSWLGWK,5830,True,10,
1257,LDPVGMTGQY,5830,True,10,
1258,MPPRGLVDMR,5830,True,10,
1259,MYPRAVQGWK,5830,True,10,
1260,VNPRGVQDMH,5830,True,10,
1261,TFPRGVHDHR,5830,True,10,
1262,IWPRGVIDAW,5830,True,10,
1263,LDPLGITDMS,5830,True,10,
1264,TWPKWIIGSK,5830,True,10,
1265,TVPRAWIGTA,5830,True,10,
1266,TIPRPVHDQA,5830,True,10,
1267,IDPRGMLDHA,5830,True,10,
1268,TPPRGVRDMG,5830,True,10,
1269,PHPRFIRGPY,5830,True,10,
1270,EAPKGVRDIV,5830,True,10,
1271,SDPRGMTDNH,5830,True,10,
1272,QNPRGVTDVA,5830,True,10,
1273,GSPRLYKGTQ,5830,True,10,
1274,PEPRGVKDSI,5830,True,10,
1275,LWPRGVADRQ,5830,True,10,
1276,LTPKGQHDVT,5830,True,10,
1277,WVPLGVQGAK,5830,True,10,
1278,TVPRAWRLTH,5830,True,10,
1279,DVPKGVRDGA,5830,True,10,
1280,GPPRSLKGPG,5830,True,10,
1281,SGPRPIHGTA,5830,True,10,
1282,STPRGMIDTW,5830,True,10,
1283,YGPLGVTDGI,5830,True,10,
1284,DHPRGVTGTG,5830,True,10,
1285,LSPRPVAGPR,5830,True,10,
1286,PFPVGMRGPS,5830,True,10,
1287,MDPKWIRGQT,5830,True,10,
1288,LPRPGKYSGA,5830,True,10,
1289,TGPRSIVDNV,5830,True,10,
1290,NYPLGIRTEI,5830,True,10,
1291,DWPAGVISPW,5830,True,10,
1292,TWPVGMRNQG,5830,True,10,
1293,AWPRAFYGPG,5830,True,10,
1294,DGPRAITGEW,5830,True,10,
1295,IFPRPISGTG,5830,True,10,
1296,SNPIGIRDGQ,5830,True,10,
1297,WDPRGVTNMG,5830,True,10,
1298,WNPRGVMTPG,5830,True,10,
1299,YNPRLQSGNA,5830,True,10,
1300,PQPRGVIDAG,5830,True,10,
1301,QVPRYLIGRH,5830,True,10,
1302,HNPRGVMDQQ,5830,True,10,
1303,TLPRLYIGPA,5830,True,10,
1304,YGPRAIYDKS,5830,True,10,
1305,NYPRAFSGPA,5830,True,10,
1306,MAPRGVTDMG,5830,True,10,
1307,TKPKGVKDLA,5830,True,10,
1308,YWPRGVTASG,5830,True,10,
1309,QVPRGVTGHT,5830,True,10,
1310,SIPKPVMVGR,5830,True,10,
1311,WSPRAVTGTI,5830,True,10,
1312,ITPRGMKDMK,5830,True,10,
1313,TQPVGIRGHW,5830,True,10,
1314,YRPRSLASEH,5830,True,10,
1315,PDPRGVIGRG,5830,True,10,
1316,DLPRAVSGWK,5830,True,10,
1317,DIPRPIHGHG,5830,True,10,
1318,DGPRGVLTNR,5830,True,10,
1319,DTPRGMVTLS,5830,True,10,
1320,WPPLGKTGWV,5830,True,10,
1321,INPKAVRGNY,5830,True,10,
1322,KAPRPVLDIQ,5830,True,10,
1323,GIPRPVIDNR,5830,True,10,
1324,HVPRGVIQIQ,5830,True,10,
1325,KVPVGQTGNV,5830,True,10,
1326,EFPRGVKAGA,5830,True,10,
1327,PDPRPVKGIQ,5830,True,10,
1328,TMPRGVIDSG,5830,True,10,
1329,SWPRGVTDEG,5830,True,10,
1330,PNPRGVKDMR,5830,True,10,
1331,HDPKGMVNET,5830,True,10,
1332,RYPVGMKSMY,5830,True,10,
1333,YSPRGLGNGG,5830,True,10,
1334,EHPRGVTGLA,5830,True,10,
1335,SVPRAVWDSG,5830,True,10,
1336,FVPRPVIGPH,5830,True,10,
1337,CLPRAVTASG,5830,True,10,
1338,SDPRGVFDIH,5830,True,10,
1339,DSPRGVTGRI,5830,True,10,
1340,GSPRAVDGVR,5830,True,10,
1341,SLPVAIWGHR,5830,True,10,
1342,TDPYGMRDLT,5830,True,10,
1343,YHPRGNTGIH,5830,True,10,
1344,PWVRAVRDIS,5830,True,10,
1345,TFPRGMKGTL,5830,True,10,
1346,TWPKGMQGPS,5830,True,10,
1347,VLPRAVTGSY,5830,True,10,
1348,WNPRGVTGMG,5830,True,10,
1349,GYPRFITGSQ,5830,True,10,
1350,SAPRGVFAER,5830,True,10,
1351,VFPRGMIGLW,5830,True,10,
1352,YWPRAFRGQG,5830,True,10,
1353,KMPRGVTVRL,5830,True,10,
1354,TYPRGVTDVR,5830,True,10,
1355,TMPRGVKGMK,5830,True,10,
1356,VSPRPILNTW,5830,True,10,
1357,GRPRSLVGHA,5830,True,10,
1358,MDPKWILGQS,5830,True,10,
1359,WLPRAVKDAY,5830,True,10,
1360,PDPRGMAGPG,5830,True,10,
1361,SAPRPVRDSA,5830,True,10,
1362,DQAYGLTGPQ,5830,True,10,
1363,TYPKGVQSTY,5830,True,10,
1364,DEPRGVTASG,5830,True,10,
1365,VYPVGLRGHT,5830,True,10,
1366,VGPQGVFAPT,5830,True,10,
1367,DPIRAVRGSG,5830,True,10,
1368,TYPRGMGGHK,5830,True,10,
1369,DWPRAVKSTG,5830,True,10,
1370,LFPRAVYGIH,5830,True,10,
1371,QRPRSLTHMW,5830,True,10,
1372,TGPKGITDPR,5830,True,10,
1373,QDPRGMKGHY,5830,True,10,
1374,YPPRGVTSWA,5830,True,10,
1375,LNPVHMRGWG,5830,True,10,
1376,ADPSGMRGMG,5830,True,10,
1377,YVPRGVTGLA,5830,True,10,
1378,GIPRPVRTAS,5830,True,10,
1379,YCPRGLTGRT,5830,True,10,
1380,TNPRSWLTGR,5830,True,10,
1381,NSPLGVRGLQ,5830,True,10,
1382,PIPRPVMGTR,5830,True,10,
1383,HDPRGWTPMA,5830,True,10,
1384,NKPRGVTGEH,5830,True,10,
1385,NAPKGVQDWT,5830,True,10,
1386,WGPRGVTASG,5830,True,10,
1387,FYPRGVRDVG,5830,True,10,
1388,LPALGIMDPR,5830,True,10,
1389,APPRGLTASG,5830,True,10,
1390,WRPRPFMGMT,5830,True,10,
1391,PDPRSLKGTS,5830,True,10,
1392,DGPKGVRDHG,5830,True,10,
1393,PSPRPYIGAF,5830,True,10,
1394,MWPRGVKTEY,5830,True,10,
1395,INPRGVGAWT,5830,True,10,
1396,LFPRPVLNGW,5830,True,10,
1397,NSPRWVIDTG,5830,True,10,
1398,ENPRGVRTGH,5830,True,10,
1399,LGPRAVTGPL,5830,True,10,
1400,TSPRPIWDVF,5830,True,10,
1401,VQPRGVMARM,5830,True,10,
1402,SVPRGVTDIW,5830,True,10,
1403,TVPRASQGVY,5830,True,10,
1404,TDPKGVYDLR,5830,True,10,
1405,WSPRGVIDLY,5830,True,10,
1406,GLPRYWITAS,5830,True,10,
1407,DSPRAVMSKG,5830,True,10,
1408,TWPKGMRHMG,5830,True,10,
1409,QSPRGMIGPG,5830,True,10,
1410,DMPRPVMGQH,5830,True,10,
1411,TWPRGMLTPK,5830,True,10,
1412,TFPRGVWDVG,5830,True,10,
1413,WMPRGVYDPR,5830,True,10,
1414,YMPRGIVDLG,5830,True,10,
1415,MLPRPVFDPG,5830,True,10,
1416,QLPRAVKGQF,5830,True,10,
1417,PVPRGVTDST,5830,True,10,
1418,STVRGLIDMI,5830,True,10,
1419,TQPRGVTDQH,5830,True,10,
1420,PTPRGMSNIQ,5830,True,10,
1421,FRPRGVTDGR,5830,True,10,
1422,QTPRGITDIH,5830,True,10,
1423,TIPRPVMDQG,5830,True,10,
1424,GVPRGVTGMG,5830,True,10,
1425,DYPRGVKSLT,5830,True,10,
1426,WVPVGVTGLG,5830,True,10,
1427,HNPLGVRDVF,5830,True,10,
1428,W,5830,True,1,length
1429,GWPRGVTASG,5830,True,10,
1430,WCPVGMTSRY,5830,True,10,
1431,HTPRGSTDMG,5830,True,10,
1432,EQPRQVFDSI,5830,True,10,
1433,VIPRPVWDST,5830,True,10,
1434,DLPRAVTGAG,5830,True,10,
1435,CQPRGVTGNG,5830,True,10,
1436,AVPRAVWGPY,5830,True,10,
1437,WGPKGVTDGH,5830,True,10,
1438,ETPRPIWGER,5830,True,10,
1439,MGPWGVYARV,5830,True,10,
1440,VPPRGVYDQV,5830,True,10,
1441,SLPRPVTASG,5830,True,10,
1442,LPPRAVIDIA,5830,True,10,
1443,DVPKVLRDGL,5830,True,10,
1444,GSPLGVRDMS,5830,True,10,
1445,GQPRAVMGAF,5830,True,10,
1446,FWPRGVKDAH,5830,True,10,
1447,VTPKGMQGPW,5830,True,10,
1448,SPALDMRGLQ,5830,True,10,
1449,YTPRGVIVER,5830,True,10,
1450,GRPRGVTDVG,5830,True,10,
1451,YVPRGVLTPS,5830,True,10,
1452,EDPRPVWLNK,5830,True,10,
1453,ELPRGVQDHR,5830,True,10,
1454,VNPRGLIDMQ,5830,True,10,
1455,HDPRGITHKR,5830,True,10,
1456,YHPRGITDLT,5830,True,10,
1457,WTPRGQADPG,5830,True,10,
1458,YIPRPVIDMI,5830,True,10,
1459,WSPRGVQSRG,5830,True,10,
1460,VMPRGVTDRK,5830,True,10,
1461,WIPRPVMDSW,5830,True,10,
1462,WGPRAIKGNG,5830,True,10,
1463,NVPIPIRGRA,5830,True,10,
1464,GNPRAFTASG,5830,True,10,
1465,WPPRGVTGLS,5830,True,10,
1466,RPPRGVTDMH,5830,True,10,
1467,GAPRAVKNGI,5830,True,10,
1468,PYPRAFKGSW,5830,True,10,
1469,ETPKGMTDTA,5830,True,10,
1470,LVPRGVRQEI,5830,True,10,
1471,HDPKGFRDVA,5830,True,10,
1472,LWPRSHRDRF,5830,True,10,
1473,GYPRGVRDNT,5830,True,10,
1474,YEVSGVRGAT,5830,True,10,
1475,KLPKGLTDEG,5830,True,10,
1476,VWPRGVIDPT,5830,True,10,
1477,WGPRAVTGMG,5830,True,10,
1478,VRPRPITGRS,5830,True,10,
1479,SLPRPVWDNQ,5830,True,10,
1480,VGPRPVSGWA,5830,True,10,
1481,WNPRGVQDPY,5830,True,10,
1482,PLPTSLQGIG,5830,True,10,
1483,LFPMGMKGRH,5830,True,10,
1484,QTPRGVLDIR,5830,True,10,
1485,MIPRPVMGPR,5830,True,10,
1486,FWPRGIKDAL,5830,True,10,
1487,PRPRGLTGNR,5830,True,10,
1488,TPPRNVADPK,5830,True,10,
1489,DNPRGVTGPY,5830,True,10,
1490,NDPRGVKGHT,5830,True,10,
1491,QDPRGVIDHG,5830,True,10,
1492,NIPRAVMDIT,5830,True,10,
1493,PEPRWIMDSR,5830,True,10,
1494,ERPRGVRDTG,5830,True,10,
1495,NRPRGVTDGK,5830,True,10,
1496,YCPRGLTGWV,5830,True,10,
1497,DPYGALYSIT,5830,True,10,
1498,WGPRPITGHA,5830,True,10,
1499,WQPRGITDPG,5830,True,10,
1500,WHPRGMKGPR,5830,True,10,
1501,IAPRAQTGWK,5830,True,10,
1502,TVPRGVLDSG,5830,True,10,
1503,RTPKGMIDPT,5830,True,10,
1504,YNPKGMRDNG,5830,True,10,
1505,DQPVPMYGWY,5830,True,10,
1506,CIPRFITGTQ,5830,True,10,
1507,WIPIPIRGST,5830,True,10,
1508,PDPRGVSTWT,5830,True,10,
1509,RWPRGSVDQI,5830,True,10,
1510,SVPSGVTATL,5830,True,10,
1511,WNPKGVRDNF,5830,True,10,
1512,DPPRAVKDNG,5830,True,10,
1513,WVPKGVRDPT,5830,True,10,
1514,WFPRGQTDLR,5830,True,10,
1515,DFPRGMTASG,5830,True,10,
1516,TVPVPMIDTR,5830,True,10,
1517,VTPRGSIDHV,5830,True,10,
1518,GHPRGVYTAS,5830,True,10,
1519,WHPRGVIDAY,5830,True,10,
1520,YFPRGVTASG,5830,True,10,
1521,WSPRGLVQEG,5830,True,10,
1522,YQPRGVYDRT,5830,True,10,
1523,EAPRSLTGWQ,5830,True,10,
1524,CIPRPVWSVR,5830,True,10,
1525,SNVRAVLGSA,5830,True,10,
1526,PIPRPVLAVR,5830,True,10,
1527,YLPRAVKDTG,5830,True,10,
1528,QPVRGLIGTG,5830,True,10,
1529,DAPRWIMDMR,5830,True,10,
1530,WGPRGLSTPG,5830,True,10,
1531,TSPKGVRDPA,5830,True,10,
1532,STPKGMAGTW,5830,True,10,
1533,GDPRGSTGRG,5830,True,10,
1534,DTPRGVTDIG,5830,True,10,
1535,INPRGMGRVI,5830,True,10,
1536,LSVQGIRSHR,5830,True,10,
1537,IVPREVLGVG,5830,True,10,
1538,ASPRAVYDAG,5830,True,10,
1539,WTPKGMKDTR,5830,True,10,
1540,WDPKGMRGVT,5830,True,10,
1541,VYPRGVGDTH,5830,True,10,
1542,NPPRGSRDGR,5830,True,10,
1543,WGPKWIIGNK,5830,True,10,
1544,SEPRGVMGTG,5830,True,10,
1545,WDPKGMRDIA,5830,True,10,
1546,EEPRPVRGMT,5830,True,10,
1547,GQPRGMWGNG,5830,True,10,
1548,EDPKGVRDHA,5830,True,10,
1549,TIPRPVWDHG,5830,True,10,
1550,VTPRGQIGWG,5830,True,10,
1551,KEPRGVRGEY,5830,True,10,
1552,VDPTGMHTWG,5830,True,10,
1553,GDPRAITGEA,5830,True,10,
1554,GWPRGVKTAS,5830,True,10,
1555,IMPRGVWGQG,5830,True,10,
1556,HMPRGVRDRY,5830,True,10,
1557,TGPKWIRGTG,5830,True,10,
1558,LPPRFIHDMG,5830,True,10,
1559,WSPRGVTDVR,5830,True,10,
1560,DLPRAVLAMR,5830,True,10,
1561,YTPRGVHDMR,5830,True,10,
1562,YIPRAIKGPH,5830,True,10,
1563,REVRGLWGQA,5830,True,10,
1564,WNPAGMKNAH,5830,True,10,
1565,HEPRGVRAMG,5830,True,10,
1566,MYPRGVKDIR,5830,True,10,
1567,HWPRGVTDRA,5830,True,10,
1568,GYPRSLLTAS,5830,True,10,
1569,ELPRGVKDTS,5830,True,10,
1570,QPTRWLIGPV,5830,True,10,
1571,EQPRPVMGAG,5830,True,10,
1572,WCPVALRGLH,5830,True,10,
1573,NLPAWLRGMY,5830,True,10,
1574,GPPRGVYDIG,5830,True,10,
1575,WNPRGMKGQI,5830,True,10,
1576,AKPVGMRGVA,5830,True,10,
1577,PVPRGVRDWG,5830,True,10,
1578,IMPKGVSGVR,5830,True,10,
1579,GTPRGMRGVF,5830,True,10,
1580,IPWRGLISVH,5830,True,10,
1581,SPPRAVTVAG,5830,True,10,
1582,MWPRGIGNKW,5830,True,10,
1583,TVPNGVWGPI,5830,True,10,
1584,PVPRGVTASG,5830,True,10,
1585,RWPRGVWDSG,5830,True,10,
1586,NLVRAVIATY,5830,True,10,
1587,WVPRGVLDNV,5830,True,10,
1588,PDPRGMTGTY,5830,True,10,
1589,QFPRGVTDTK,5830,True,10,
1590,IYPRAFQGVQ,5830,True,10,
1591,SFPRPILGSG,5830,True,10,
1592,WVPRGVYDIY,5830,True,10,
1593,MVPRAGVGMG,5830,True,10,
1594,LYPRAFINLA,5830,True,10,
1595,RVPKLLRGMG,5830,True,10,
1596,WMPRGMTDPS,5830,True,10,
1597,GDPRGVTGQK,5830,True,10,
1598,EVPRAVHSMY,5830,True,10,
1599,MIPRPVRSVG,5830,True,10,
1600,QTPRQVQGSG,2484,True,10,
1601,LTPRMQSGPK,2484,True,10,
1602,RTPRGNTARV,2484,True,10,
1603,AVPRGVQAPY,2484,True,10,
1604,TSPRPVTAGI,2484,True,10,
1605,NKPRGNFGLT,2484,True,10,
1606,LIPRPVISPI,2484,True,10,
1607,DTPRGLSGTL,2484,True,10,
1608,GQPKSWRGVI,2484,True,10,
1609,PGPKPSIGVA,2484,True,10,
1610,GRPRGVVTAS,2484,True,10,
1611,AYPVGQSGPQ,2484,True,10,
1612,VAPSGVHSTA,2484,True,10,
1613,GFPRAFRGEK,2484,True,10,
1614,PGPRGFTASG,2484,True,10,
1615,LGPRSWTASG,2484,True,10,
1616,WYPRAFSGRQ,2484,True,10,
1617,VGPRPVSANG,2484,True,10,
1618,PGPRPVTSRS,2484,True,10,
1619,PSPRGYRGVK,2484,True,10,
1620,ITPSPFYAGL,2484,True,10,
1621,LIPRPVTGGV,2484,True,10,
1622,MHPRGVTASG,2484,True,10,
1623,GTPRGNRSNQ,2484,True,10,
1624,FVPRGMFGLY,2484,True,10,
1625,GPPRAFIGAH,2484,True,10,
1626,ARPAGVMDPG,2484,True,10,
1627,TSPRGARSHF,2484,True,10,
1628,YQPRNVYGKF,2484,True,10,
1629,QAPRYWRSWQ,2484,True,10,
1630,MTPRGVKSQW,2484,True,10,
1631,RPRVRRYSLP,2484,True,10,
1632,IAPRGVIGWF,2484,True,10,
1633,PQPRGNHAWG,2484,True,10,
1634,VYPRGNTGKH,2484,True,10,
1635,PVPRAVRSNI,2484,True,10,
1636,VAPAGWTASG,2484,True,10,
1637,DMPRQVHARH,2484,True,10,
1638,FKPAGWTGRQ,2484,True,10,
1639,VGPRAFIGMI,2484,True,10,
1640,TYPRSWLGNS,2484,True,10,
1641,KIPRPVFSPV,2484,True,10,
1642,YPPRGSHTST,2484,True,10,
1643,WTPRGNTDKH,2484,True,10,
1644,GTPRGRTPSG,2484,True,10,
1645,VFPAGQQSGA,2484,True,10,
1646,FIPRPVIAWG,2484,True,10,
1647,TRPSGVFLQF,2484,True,10,
1648,GAPRAVIGVK,2484,True,10,
1649,QLVRAWIGTY,2484,True,10,
1650,SNPHGFQAQI,2484,True,10,
1651,SQPRNISDKG,2484,True,10,
1652,PNPSGWRTAQ,2484,True,10,
1653,SPVNGMTASG,2484,True,10,
1654,PQPRSWHSWV,2484,True,10,
1655,VWPREVLDIR,2484,True,10,
1656,TGPEGMTGPF,2484,True,10,
1657,ASPRGVTASG,2484,True,10,
1658,TEPVGMHGKR,2484,True,10,
1659,RQPASVWSMQ,2484,True,10,
1660,RAPLNVMGNH,2484,True,10,
1661,GMPRSWTASG,2484,True,10,
1662,TAVGWMRGMQ,2484,True,10,
1663,NVPVWMRSHL,2484,True,10,
1664,FGPRAFHGTA,2484,True,10,
1665,VTPRGQHQYI,2484,True,10,
1666,WMPRGVTASG,2484,True,10,
1667,MTPRGNKGKG,2484,True,10,
1668,IVPVWQRGAS,2484,True,10,
1669,YSPRAYHAWI,2484,True,10,
1670,GTPRGNVSEK,2484,True,10,
1671,VAPKTVYDEA,2484,True,10,
1672,LSPRAVWGAI,2484,True,10,
1673,TKPQWITGPS,2484,True,10,
1674,LKPRGVASLS,2484,True,10,
1675,VQPRGMTGQG,2484,True,10,
1676,GTPRGNRTAS,2484,True,10,
1677,LTPRAQTGWY,2484,True,10,
1678,VYPRGMSGAQ,2484,True,10,
1679,DTPRGQTASG,2484,True,10,
1680,GTPRAFRTAS,2484,True,10,
1681,FMPRSYLASW,2484,True,10,
1682,GRPSGVTDEK,2484,True,10,
1683,TIPRAVRSMW,2484,True,10,
1684,YKPVGQTSMA,2484,True,10,
1685,PDPHGFRDTA,2484,True,10,
1686,MYPRAWRATA,2484,True,10,
1687,TQPVAYHSVT,2484,True,10,
1688,QGPRGSVSQW,2484,True,10,
1689,YTPRGNRSIH,2484,True,10,
1690,MSPRKFWGVF,2484,True,10,
1691,TRPRSYASNY,2484,True,10,
1692,GDPRAVHGMS,2484,True,10,
1693,HNPRSNRALI,2484,True,10,
1694,LAPRSWTSPG,2484,True,10,
1695,TWPVGMRSKS,2484,True,10,
1696,DGPSGMTGWQ,2484,True,10,
1697,LSPLGVTGKS,2484,True,10,
1698,KLPAGVHANH,2484,True,10,
1699,FPPRAFSGNG,2484,True,10,
1700,LSPRSLIAEA,2484,True,10,
1701,AVARPLWGWY,2484,True,10,
1702,YFPLGWRTVY,2484,True,10,
1703,TIPLWSTASG,2484,True,10,
1704,EVARASTGWL,2484,True,10,
1705,VPPRLQRGIW,2484,True,10,
1706,RTPRGQNSIW,2484,True,10,
1707,VAWRAWASEF,2484,True,10,
1708,AGPRGSTASG,2484,True,10,
1709,WSPRQVISNY,2484,True,10,
1710,GTPRGNRGYH,2484,True,10,
1711,SEPRNVLAKQ,2484,True,10,
1712,ETPRGQTAVG,2484,True,10,
1713,EMPQGMTGLY,2484,True,10,
1714,TYARGMTSHL,2484,True,10,
1715,VMPLGQSAIK,2484,True,10,
1716,TDPLGNHNPQ,2484,True,10,
1717,YRPRGNYGIQ,2484,True,10,
1718,GFPRGMAGIR,2484,True,10,
1719,PMPRFIFSPG,2484,True,10,
1720,DTPKWMIGNY,2484,True,10,
1721,PQPRNMRANL,2484,True,10,
1722,GCPRGVTASG,2484,True,10,
1723,KPPLGVHSIH,2484,True,10,
1724,RNPIMMYSRK,2484,True,10,
1725,YLPRAVFSKL,2484,True,10,
1726,HSPLGVFASI,2484,True,10,
1727,GRPRGQMTAS,2484,True,10,
1728,QAPRGVHDNR,2484,True,10,
1729,TQPVPFRGLQ,2484,True,10,
1730,VTPRGNRGAY,2484,True,10,
1731,GHPRSQTASG,2484,True,10,
1732,GPPRGSTASG,2484,True,10,
1733,MEPRNYSGNY,2484,True,10,
1734,TPPRAFIGIL,2484,True,10,
1735,YFPRAFINWH,2484,True,10,
1736,KNECETFWPW,2484,True,10,
1737,YQPRGVTSEL,2484,True,10,
1738,NHPRGYHSPH,2484,True,10,
1739,KIPRPVLGPY,2484,True,10,
1740,QKPSGWRAQV,2484,True,10,
1741,HTVRGMTSIA,2484,True,10,
1742,DGPRAVRQGL,2484,True,10,
1743,SQPRGLSGKF,2484,True,10,
1744,IVPRGVHGLA,2484,True,10,
1745,TVPVEQTASG,2484,True,10,
1746,LGPSGWTGMV,2484,True,10,
1747,WMPRSYIAPF,2484,True,10,
1748,GKPRGNTAPY,2484,True,10,
1749,SAPRGQTGRS,2484,True,10,
1750,VSPRAFYGMH,2484,True,10,
1751,PTPRGQTSHT,2484,True,10,
1752,TAVKGMIGIG,2484,True,10,
1753,HTPRGSVGAT,2484,True,10,
1754,VPVKASYGKV,2484,True,10,
1755,IAPKGVTASG,2484,True,10,
1756,YQPRAVHGEQ,2484,True,10,
1757,PVPRAVHGAG,2484,True,10,
1758,FAPRSMYGTG,2484,True,10,
1759,KNPRGYTSNS,2484,True,10,
1760,HKPRNVIGGV,2484,True,10,
1761,PFGFSLRSQW,2484,True,10,
1762,SGPRAYRATA,2484,True,10,
1763,PSPRFLWGLH,2484,True,10,
1764,VDPRGSVDLQ,2484,True,10,
1765,PGPAGVTGRT,2484,True,10,
1766,ITPRGNWKGV,2484,True,10,
1767,KDPRGMSGTI,2484,True,10,
1768,TIPRAVQANF,2484,True,10,
1769,GHPYGMRGAG,2484,True,10,
1770,MVPRAHRDHS,2484,True,10,
1771,HWPRGSRTWT,2484,True,10,
1772,FVPRGVRGSK,2484,True,10,
1773,QGPRGVRTAS,2484,True,10,
1774,QIAFHMQSWA,2484,True,10,
1775,RTPSGWIDWH,2484,True,10,
1776,GRPSGWTAFG,2484,True,10,
1777,YQPRNVHAIA,2484,True,10,
1778,TGPKGMRSGY,2484,True,10,
1779,GQPRAVHGMA,2484,True,10,
1780,LPTRWLFSTR,2484,True,10,
1781,NSPRQVRAGY,2484,True,10,
1782,GAPRAVKSPL,2484,True,10,
1783,AMPRSYLGQI,2484,True,10,
1784,WTPRGNIGRW,2484,True,10,
1785,LGPSHWTASG,2484,True,10,
1786,YWPQGNRSGH,2484,True,10,
1787,MAPRNKTGHK,2484,True,10,
1788,MVPVQVISGK,2484,True,10,
1789,SGPYGMAGTA,2484,True,10,
1790,RKPAPWLGLY,2484,True,10,
1791,RQPRGVTDAG,2484,True,10,
1792,WGPRSWTNGS,2484,True,10,
1793,GMPRQVSGTH,2484,True,10,
1794,VMPRGFSGRF,2484,True,10,
1795,QGPRSWAGMW,2484,True,10,
1796,SMPRGSYGNA,2484,True,10,
1797,FTPRGNRSPA,2484,True,10,
1798,SGPRAFWDTA,2484,True,10,
1799,FPGRPLYAIL,2484,True,10,
1800,QVARAWYSMY,2484,True,10,
1801,PTPRGQAGRW,2484,True,10,
1802,VGVRGMYSQH,2484,True,10,
1803,HQPRGVTASG,2484,True,10,
1804,GSPRGVTASG,2484,True,10,
1805,RKPRGAMGHF,2484,True,10,
1806,EFPRSNRGQI,2484,True,10,
1807,GHPRGVKSNK,2484,True,10,
1808,WQPRGNTDIA,2484,True,10,
1809,VMPSGWTAMI,2484,True,10,
1810,VTPRAFTSGS,2484,True,10,
1811,GAPRGVTGWG,2484,True,10,
1812,GAPRSGYSGV,2484,True,10,
1813,ADPYGMRGEF,2484,True,10,
1814,GNPRGQTGPR,2484,True,10,
1815,HAPRGVTGRW,2484,True,10,
1816,NMPRSYADQV,2484,True,10,
1817,QWPAGWRTPS,2484,True,10,
1818,GLPRAVASRF,2484,True,10,
1819,GSPRSYFGHI,2484,True,10,
1820,HRPRGVTASG,2484,True,10,
1821,GHPRGSRTAS,2484,True,10,
1822,ITPAGVHSGG,2484,True,10,
1823,KMPRQVTASG,2484,True,10,
1824,YGPRYMWGWR,2484,True,10,
1825,VPPRDVKAEH,2484,True,10,
1826,DAPKGMTNPL,2484,True,10,
1827,PTPRGQTGIG,2484,True,10,
1828,RMPRQVSAGV,2484,True,10,
1829,VMPRQVRSEQ,2484,True,10,
1830,VMPRSYLAQY,2484,True,10,
1831,FAPRSMVGTG,2484,True,10,
1832,PGPVGMYNAI,2484,True,10,
1833,RFPRDVQSLH,2484,True,10,
1834,IFPAGVHGEH,2484,True,10,
1835,YQPVPMLSPL,2484,True,10,
1836,FNPVAFRAEL,2484,True,10,
1837,TAPRGNRASA,2484,True,10,
1838,GHPLGQVTAV,2484,True,10,
1839,PNPSGWRTAQ,2484,True,10,
1840,PGPRSQTASG,2484,True,10,
1841,QAPAGWRGMR,2484,True,10,
1842,WYPRAFIAPG,2484,True,10,
1843,YSATGLGGIY,2484,True,10,
1844,FVARPLWDPI,2484,True,10,
1845,EPVLGMHGLK,2484,True,10,
1846,DYPRFMLGIS,2484,True,10,
1847,VTPRGNTGWH,2484,True,10,
1848,AHPRGNTASG,2484,True,10,
1849,WGPRGVIGWL,2484,True,10,
1850,GPPRGVTSEA,2484,True,10,
1851,SGPKSWRATA,2484,True,10,
1852,QFPRAFRGTY,2484,True,10,
1853,FSPRGVTASG,2484,True,10,
1854,GCPRGQTASG,2484,True,10,
1855,GEPRGVRTAS,2484,True,10,
1856,PLVRAWRGLG,2484,True,10,
1857,DNPLGMKDGV,2484,True,10,
1858,HMPRAFIGPH,2484,True,10,
1859,IPASGWMDVR,2484,True,10,
1860,SKPRPVWATI,2484,True,10,
1861,QPPRGNRDIG,2484,True,10,
1862,NGPYSWRTNH,2484,True,10,
1863,AEPRNVLSNK,2484,True,10,
1864,QVPRGVISRH,2484,True,10,
1865,VTPRGQTGSR,2484,True,10,
1866,GMPRGVTASG,2484,True,10,
1867,NKPRGNTGQA,2484,True,10,
1868,VMPKGMHGMQ,2484,True,10,
1869,HKPAGVKGVF,2484,True,10,
1870,SKPRPVRGEF,2484,True,10,
1871,VRPRGSYCVG,2484,True,10,
1872,HSPWSWVARW,2484,True,10,
1873,MCPRFMRGMY,2484,True,10,
1874,GLPIHMINMK,2484,True,10,
1875,CVPRGVYGTK,2484,True,10,
1876,ISPVQLYSGF,2484,True,10,
1877,MKPSGVQSQI,2484,True,10,
1878,ADPLGMHGNQ,2484,True,10,
1879,GPAQGWTASG,2484,True,10,
1880,VQPRGSYAGL,2484,True,10,
1881,GDPRGSYDPW,2484,True,10,
1882,GTPVGMRGHS,2484,True,10,
1883,WEPTGMRSWH,2484,True,10,
1884,WTPRNNSGQY,2484,True,10,
1885,SKPVGQIGAY,2484,True,10,
1886,YSPKGMRGPH,2484,True,10,
1887,QTPRSWLAES,2484,True,10,
1888,NTPRGVTASG,2484,True,10,
1889,PFPRPFWGNV,2484,True,10,
1890,FTPRGNTGSG,2484,True,10,
1891,KMPRSFLGEW,2484,True,10,
1892,PGPRPIVGRI,2484,True,10,
1893,SQPVPFRGQR,2484,True,10,
1894,GAPRSDTASG,2484,True,10,
1895,PFPLGVFSGI,2484,True,10,
1896,VHPVGMRGPI,2484,True,10,
1897,AVPVPMWSMG,2484,True,10,
1898,GSPRQVKTAS,2484,True,10,
1899,SPRVKRPVYP,2484,True,10,
1900,ARPRGQTGLY,2484,True,10,
1901,VTPRGNRSNL,2484,True,10,
1902,PQPRNVRAIS,2484,True,10,
1903,IAPRGMWAPG,2484,True,10,
1904,ITPKGQRDEK,2484,True,10,
1905,VKPRGVTASG,2484,True,10,
1906,RPPRGSIGPA,2484,True,10,
1907,YVPIENRAGR,2484,True,10,
1908,SPVHGMRDKG,2484,True,10,
1909,MVPRGVYAGT,2484,True,10,
1910,YQPRSWHSMG,2484,True,10,
1911,MQPRFMLGHI,2484,True,10,
1912,IFPASWRSMT,2484,True,10,
1913,RLPKLLHSQI,2484,True,10,
1914,WIPRPVWAPG,2484,True,10,
1915,IMPRAYTGIH,2484,True,10,
1916,ASPRGSTQKF,2484,True,10,
1917,TAVRGYIAWY,2484,True,10,
1918,LQPRAHISVH,2484,True,10,
1919,NFPRAFRGNW,2484,True,10,
1920,WPSGIAPRPH,2484,True,10,
1921,TRPKGMVGVS,2484,True,10,
1922,LWPRGMINMH,2484,True,10,
1923,WDPRGYTGLR,2484,True,10,
1924,RTPKGNWSAY,2484,True,10,
1925,IGPREVLAQA,2484,True,10,
1926,RLPRAVKTPR,2484,True,10,
1927,RWPRGVLFHY,2484,True,10,
1928,EPFWSLRSPI,2484,True,10,
1929,GNPRGNDSMT,2484,True,10,
1930,NSPVWLTSIS,2484,True,10,
1931,GYPRAFSGKF,2484,True,10,
1932,IGPSGQSVPH,2484,True,10,
1933,WFPRGNTSFI,2484,True,10,
1934,AQWRAWIGET,2484,True,10,
1935,HIPRGVTASG,2484,True,10,
1936,GKVRGVHSNQ,2484,True,10,
1937,DMPRGVHGIA,2484,True,10,
1938,KSPRSYLGMG,2484,True,10,
1939,VGWRAMIGNH,2484,True,10,
1940,RPQGPANVNP,2484,True,10,
1941,TEPRAVHGTW,2484,True,10,
1942,AWPSPFIGHT,2484,True,10,
1943,RQPRNVLGPG,2484,True,10,
1944,AVPRAVSGPY,2484,True,10,
1945,DGPRAVKSQA,2484,True,10,
1946,MAPRNVADAL,2484,True,10,
1947,NAPRGSWAVG,2484,True,10,
1948,MWMESLASPR,2484,True,10,
1949,RGPSSFQGVT,2484,True,10,
1950,LWPREVIATG,2484,True,10,
1951,GWPVPFRQSQ,2484,True,10,
1952,LAPAGSLSMF,2484,True,10,
1953,MSPRGVADLY,2484,True,10,
1954,ATPRAWFGRG,2484,True,10,
1955,YPVRAHTASG,2484,True,10,
1956,VPPRGQTASG,2484,True,10,
1957,YNPRGQVGWK,2484,True,10,
1958,TMPRQVIDPF,2484,True,10,
1959,PCRSTRSVAP,2484,True,10,
1960,VSPRAVINKG,2484,True,10,
1961,SMVRGVTASG,2484,True,10,
1962,MYPRAFIGPK,2484,True,10,
1963,TSPRSYFASG,2484,True,10,
1964,SNPAFMWGES,2484,True,10,
1965,PYPRAFRHGH,2484,True,10,
1966,RAPRSFQSMW,2484,True,10,
1967,NMPRWIVGPI,2484,True,10,
1968,QPPRSYRSEA,2484,True,10,
1969,RFPRASYNPW,2484,True,10,
1970,QGPSGWTASG,2484,True,10,
1971,YEPRNVAGNG,2484,True,10,
1972,LAPRASMDET,2484,True,10,
1973,PVPRGVTDPS,2484,True,10,
1974,VIPRPVWAVG,2484,True,10,
1975,AGPRAYTGAV,2484,True,10,
1976,AEPARNHGTH,2484,True,10,
1977,KIVMGMYDWF,2484,True,10,
1978,TDPRGVINAQ,2484,True,10,
1979,GTPRAFYGNW,2484,True,10,
1980,GTPVGQIGSQ,2484,True,10,
1981,QGPHGMAGPG,2484,True,10,
1982,IDPRNVRSNW,2484,True,10,
1983,HVPRGQTGWF,2484,True,10,
1984,MLPRAVKGPR,2484,True,10,
1985,TYPLGNRTST,2484,True,10,
1986,RYPRAFTASG,2484,True,10,
1987,YWPRGSYAHS,2484,True,10,
1988,FAPRSWTASG,2484,True,10,
1989,PVPRGVTASG,2484,True,10,
1990,GYPRAFAGEI,2484,True,10,
1991,FGPRGQISGL,2484,True,10,
1992,YTPRGNIGLV,2484,True,10,
1993,QDPRNVTGSH,2484,True,10,
1994,TPVDGMYGTI,2484,True,10,
1995,DWPRGATASG,2484,True,10,
1996,IKPRGSRDKI,2484,True,10,
1997,GRPRGQTSNT,2484,True,10,
1998,GVPRAWTMAH,2484,True,10,
1999,YRPRGVTGML,2484,True,10,
2000,EMPRNVKDVK,7446,True,10,
2001,EQPRGVTASG,7446,True,10,
2002,SAPRSYKNTF,7446,True,10,
2003,VTPKGQMDWG,7446,True,10,
2004,MYARGMTASG,7446,True,10,
2005,DEPKWMRGPH,7446,True,10,
2006,MFPSGMKSGV,7446,True,10,
2007,ESGRALFGVT,7446,True,10,
2008,GPYVGTGTAS,7446,True,10,
2009,VNPIGMHATI,7446,True,10,
2010,FVPRVQSYIG,7446,True,10,
2011,GQPRNVTASG,7446,True,10,
2012,DFVRGMTASG,7446,True,10,
2013,QDPRNVGATI,7446,True,10,
2014,PTVRGMHDMW,7446,True,10,
2015,MGWSGMLVIH,7446,True,10,
2016,WMPRVSRVKY,7446,True,10,
2017,SFYRGMRALG,7446,True,10,
2018,GNPRGMATVG,7446,True,10,
2019,VTPRGQVDAR,7446,True,10,
2020,AFVRAVTASG,7446,True,10,
2021,ACAQ,7446,True,4,length
2022,EHVTRMYSIV,7446,True,10,
2023,TPVRGVTASG,7446,True,10,
2024,NSPRGVTASG,7446,True,10,
2025,MTPRGNTGWA,7446,True,10,
2026,GAPRGSQDHG,7446,True,10,
2027,RKPSGWRSGA,7446,True,10,
2028,VYPRGSVVPG,7446,True,10,
2029,LIPQWVQVPH,7446,True,10,
2030,YGPRSQTASG,7446,True,10,
2031,WGPGPGMVHG,7446,True,10,
2032,GIPAWMHDHT,7446,True,10,
2033,GQPRGNAGTI,7446,True,10,
2034,ANPRGVKANA,7446,True,10,
2035,WRYRSMTASG,7446,True,10,
2036,EKVRGMGANW,7446,True,10,
2037,QAVRWSTITA,7446,True,10,
2038,MVPRGVHAWG,7446,True,10,
2039,PVPRAVSANW,7446,True,10,
2040,VKPSGVTVEG,7446,True,10,
2041,TVPRGVQGEG,7446,True,10,
2042,MKMRGMHSGG,7446,True,10,
2043,DWPREVIAWV,7446,True,10,
2044,VATRGVYSAI,7446,True,10,
2045,IGRPRRSAPV,7446,True,10,
2046,RGTWDEVGRA,7446,True,10,
2047,GQPVGQKSPG,7446,True,10,
2048,HQPRGQADQT,7446,True,10,
2049,MVPRGVTASG,7446,True,10,
2050,VLPRQVKVGH,7446,True,10,
2051,ERVRGVTSAW,7446,True,10,
2052,MGPMGMTDPH,7446,True,10,
2053,KTPRGNHDGA,7446,True,10,
2054,SNPRGVTASG,7446,True,10,
2055,NDKAPMRAIF,7446,True,10,
2056,IVPRAVIAHG,7446,True,10,
2057,KPARGIAVGF,7446,True,10,
2058,RVPRGVTASG,7446,True,10,
2059,SLGRAMTASG,7446,True,10,
2060,ADPAGWKGRS,7446,True,10,
2061,TEPRQVTASG,7446,True,10,
2062,SDPKWMRDHG,7446,True,10,
2063,PNVRNVRAHV,7446,True,10,
2064,DPWRGMHVQG,7446,True,10,
2065,WSPNWMYAES,7446,True,10,
2066,QLYRAMSVQT,7446,True,10,
2067,RSPVWMVSAG,7446,True,10,
2068,TGPKVIRVGA,7446,True,10,
2069,EAVRGVTASG,7446,True,10,
2070,VAPRGSVYNG,7446,True,10,
2071,YQPRGVTASG,7446,True,10,
2072,PKPAGVKGMR,7446,True,10,
2073,ISEPVLNSIG,7446,True,10,
2074,QPVRGMRSGY,7446,True,10,
2075,GSVRGVTASG,7446,True,10,
2076,DYPKGMHGTG,7446,True,10,
2077,HMPRGVHDNY,7446,True,10,
2078,NVPRAWTDKW,7446,True,10,
2079,FPYRHMVAWQ,7446,True,10,
2080,TNPAWMKGAW,7446,True,10,
2081,QMPVWMTGSH,7446,True,10,
2082,VKPRGVTGMY,7446,True,10,
2083,QWVRGMGVTW,7446,True,10,
2084,TSVRGVTASG,7446,True,10,
2085,YVPRGVQAPG,7446,True,10,
2086,HVPRGVKSAG,7446,True,10,
2087,SNPFWMRGTF,7446,True,10,
2088,GAPRGVTASG,7446,True,10,
2089,GKPRGNVAWG,7446,True,10,
2090,IVGRAWRGAG,7446,True,10,
2091,IGPRGVHTVG,7446,True,10,
2092,GAPRGVHSGK,7446,True,10,
2093,VVPRGSTASG,7446,True,10,
2094,NSPRGVRDAG,7446,True,10,
2095,APVRGVTASG,7446,True,10,
2096,DMVRGVTASG,7446,True,10,
2097,ISPRNWHAIY,7446,True,10,
2098,TYARAMTGPV,7446,True,10,
2099,PVPRGVTASG,7446,True,10,
2100,GKPVGVTSRG,7446,True,10,
2101,KVPRGNTASG,7446,True,10,
2102,INWRDRAWTG,7446,True,10,
2103,TDPSWLTASG,7446,True,10,
2104,VTPRGNTASG,7446,True,10,
2105,SVPRGVTASG,7446,True,10,
2106,TVPRAVKGPW,7446,True,10,
2107,WVPRGSMSIE,7446,True,10,
2108,TGPKMRSVIH,7446,True,10,
2109,RNVKWMYGPH,7446,True,10,
2110,VGVRAVYGRG,7446,True,10,
2111,NMPRQVTASG,7446,True,10,
2112,IQPVPMVSQV,7446,True,10,
2113,VSIRGMAGNH,7446,True,10,
2114,MGPAPMAGAT,7446,True,10,
2115,PVPRGVTASG,7446,True,10,
2116,MLVRGMTASG,7446,True,10,
2117,VYPRGVGAIG,7446,True,10,
2118,ISPRGWKGMQ,7446,True,10,
2119,VTPRSWTNHA,7446,True,10,
2120,MVPRGSMGNG,7446,True,10,
2121,KSPRAYIDNG,7446,True,10,
2122,GYAIHMRSNV,7446,True,10,
2123,SLARAMIDMG,7446,True,10,
2124,SVPRGVTASG,7446,True,10,
2125,GWPRGMSTAS,7446,True,10,
2126,VMPRSMRAEG,7446,True,10,
2127,YSPRGVTVAG,7446,True,10,
2128,PAVRGVRYWQ,7446,True,10,
2129,INPRNVKGHA,7446,True,10,
2130,TMPRQVTASG,7446,True,10,
2131,RGMQWIESNT,7446,True,10,
2132,WNPRWLTASG,7446,True,10,
2133,GMPRSYKTAS,7446,True,10,
2134,LRVRGVYDGH,7446,True,10,
2135,VRPRGVTASG,7446,True,10,
2136,QWVRGVRSMG,7446,True,10,
2137,INVRGMHALG,7446,True,10,
2138,ELRMKRIVPV,7446,True,10,
2139,PNPRGNSGEY,7446,True,10,
2140,FRPRGNRGVS,7446,True,10,
2141,SRPRGVATNG,7446,True,10,
2142,AVLHSMRDLF,7446,True,10,
2143,NHCPYGPLNA,7446,True,10,
2144,VNPRGMHDQF,7446,True,10,
2145,RDVRGMTASG,7446,True,10,
2146,GTPLGQHSWS,7446,True,10,
2147,MTPRGNTASG,7446,True,10,
2148,IKPRNYTGTF,7446,True,10,
2149,NEPRNVFSVK,7446,True,10,
2150,RAPRAFTASG,7446,True,10,
2151,VSPRGYTVWG,7446,True,10,
2152,GKPRGMTDMI,7446,True,10,
2153,WIPRGVHVSH,7446,True,10,
2154,PKHRAYIDQG,7446,True,10,
2155,TRPRGVTASG,7446,True,10,
2156,RSVRGVTASG,7446,True,10,
2157,NVPRGNTATR,7446,True,10,
2158,LNPRSWHAQH,7446,True,10,
2159,TKVRGTSASG,7446,True,10,
2160,MLPMGMKDPK,7446,True,10,
2161,LQPRNYHGWY,7446,True,10,
2162,ANPRGNTDGG,7446,True,10,
2163,QVPVWMKAGR,7446,True,10,
2164,EPVRAWIAGF,7446,True,10,
2165,VSPRGVTASG,7446,True,10,
2166,TKPIWMRGEK,7446,True,10,
2167,FGPRGNRSMF,7446,True,10,
2168,YTPRGVASWV,7446,True,10,
2169,VYARAMFASG,7446,True,10,
2170,FGPRSYANRG,7446,True,10,
2171,YAPRSWTGVF,7446,True,10,
2172,RNPVWMKVHQ,7446,True,10,
2173,GTPRGSKGHG,7446,True,10,
2174,MPYRHMTASG,7446,True,10,
2175,FAVRGMTASG,7446,True,10,
2176,PLYMGMTASG,7446,True,10,
2177,TPVRWMQGNQ,7446,True,10,
2178,FMARWMKGQG,7446,True,10,
2179,APYNHLIAPW,7446,True,10,
2180,IPARAMASHG,7446,True,10,
2181,SGPRGSNVTA,7446,True,10,
2182,MYWRGMRAYH,7446,True,10,
2183,IVPRNVTASG,7446,True,10,
2184,RMARQMWVGL,7446,True,10,
2185,WFVRGMHTHG,7446,True,10,
2186,LMVRGVHDWG,7446,True,10,
2187,TVPRAWIAKA,7446,True,10,
2188,TWPSWVTASG,7446,True,10,
2189,NSPGWMKGLK,7446,True,10,
2190,MDVRGMTAKT,7446,True,10,
2191,LSPRGVTAWA,7446,True,10,
2192,MPYRSMTASQ,7446,True,10,
2193,VGPSWSRGPR,7446,True,10,
2194,TKPRNVTASG,7446,True,10,
2195,TQPRGQAFPG,7446,True,10,
2196,MQPRGNHAWG,7446,True,10,
2197,SNPSWVTASG,7446,True,10,
2198,HQVRGVTASG,7446,True,10,
2199,FSRSVRQVYW,7446,True,10,
2200,FSPRGVATPA,7446,True,10,
2201,EPVRGMHAMF,7446,True,10,
2202,KNPRNYHAGH,7446,True,10,
2203,GAVRAVTASG,7446,True,10,
2204,WNPRGMKDTG,7446,True,10,
2205,KNVRGMHAPF,7446,True,10,
2206,TQPRGVTVSH,7446,True,10,
2207,GSVHSFCSRG,7446,True,10,
2208,AVPRGVTASG,7446,True,10,
2209,IPVRGMHAMG,7446,True,10,
2210,FTPRGNAGVA,7446,True,10,
2211,GVPRGVHSVT,7446,True,10,
2212,TAPHGFRDNR,7446,True,10,
2213,QVPRGVTASG,7446,True,10,
2214,WYPKGMRDKS,7446,True,10,
2215,DSPVSMTASG,7446,True,10,
2216,NPMRWMWGEK,7446,True,10,
2217,IGVRAYSAVS,7446,True,10,
2218,LVPRGVRTEY,7446,True,10,
2219,VNPRGMYAKH,7446,True,10,
2220,NDIPVYNVLV,7446,True,10,
2221,AQPRGMTSIY,7446,True,10,
2222,WGPRGVTASG,7446,True,10,
2223,SVPVWMRGSV,7446,True,10,
2224,RWPRGVAGPS,7446,True,10,
2225,NSPRWMADHS,7446,True,10,
2226,TEVRGMYAGG,7446,True,10,
2227,MPAGHMKSTF,7446,True,10,
2228,GVPRGVHTAS,7446,True,10,
2229,RPAQWMVGWK,7446,True,10,
2230,SRPRNYKGKV,7446,True,10,
2231,RNPRVVTASG,7446,True,10,
2232,AIWRGMTASG,7446,True,10,
2233,TVNQWMIDRV,7446,True,10,
2234,MAVRGMSDMI,7446,True,10,
2235,TLIRYLHGNW,7446,True,10,
2236,TGPRGNTASG,7446,True,10,
2237,AQPRGNVGHF,7446,True,10,
2238,GAPRGVQDTG,7446,True,10,
2239,GAPFGMHTAS,7446,True,10,
2240,TQWRAFTASG,7446,True,10,
2241,NKPRFRSART,7446,True,10,
2242,AVPRAVISPW,7446,True,10,
2243,DMPRGVTQWG,7446,True,10,
2244,GSPRGVTASG,7446,True,10,
2245,FVPRGNRSQS,7446,True,10,
2246,WSVRGMHDHL,7446,True,10,
2247,FDPRNQKGAF,7446,True,10,
2248,KNPRGNTASG,7446,True,10,
2249,VHIRGMKSPV,7446,True,10,
2250,HSPRGVTDMH,7446,True,10,
2251,KAIRGMGSKV,7446,True,10,
2252,YVPRAVYDAS,7446,True,10,
2253,KVPRGVTASG,7446,True,10,
2254,RMPRNVSDNG,7446,True,10,
2255,PMVRGMHDIG,7446,True,10,
2256,GWPRGQTHNG,7446,True,10,
2257,SGPRGMTASG,7446,True,10,
2258,FKVRGMTASG,7446,True,10,
2259,VEPRNVIARQ,7446,True,10,
2260,GNPRGPVTAS,7446,True,10,
2261,TFWRGLIAGI,7446,True,10,
2262,ETPQGQMVKY,7446,True,10,
2263,SQPRGMTASG,7446,True,10,
2264,RQPRGQVGTI,7446,True,10,
2265,TGHRAMTASG,7446,True,10,
2266,LMPRSYIGPH,7446,True,10,
2267,HFMRGMHAPA,7446,True,10,
2268,IAWQGMSAIG,7446,True,10,
2269,TNPRGVKASG,7446,True,10,
2270,SMPRAYSGTG,7446,True,10,
2271,GPVRAVHAHG,7446,True,10,
2272,DTPRGNTGSG,7446,True,10,
2273,GTPRGNRTGW,7446,True,10,
2274,ELPRQVHDRG,7446,True,10,
2275,EFPRWMKGPR,7446,True,10,
2276,HTPRGNRAKT,7446,True,10,
2277,TQPRGVTSEL,7446,True,10,
2278,WEARAMWAGT,7446,True,10,
2279,PAPRGNQGLV,7446,True,10,
2280,WIPRAWTGVF,7446,True,10,
2281,TQPRGVTASG,7446,True,10,
2282,MSWRAFHAAH,7446,True,10,
2283,VAPAGVRDEG,7446,True,10,
2284,MHVRGMTASG,7446,True,10,
2285,FMPRGVTDWK,7446,True,10,
2286,RSPIWMRGHG,7446,True,10,
2287,EGPRGVTASG,7446,True,10,
2288,TIPRWIKGMG,7446,True,10,
2289,GNPRGYKAVG,7446,True,10,
2290,PDPRGVKATA,7446,True,10,
2291,AGPRGSMDHG,7446,True,10,
2292,MNPRGVNGSH,7446,True,10,
2293,VTPRGNGVWR,7446,True,10,
2294,SQPRGMTASG,7446,True,10,
2295,NAWSWMNAQY,7446,True,10,
2296,GPWRAFTASG,7446,True,10,
2297,VMPRGVKDQK,7446,True,10,
2298,TAPSWIKSTS,7446,True,10,
2299,MAWPGIRAWG,7446,True,10,
2300,AKVRGVTASG,7446,True,10,
2301,AQPRGNTNIG,7446,True,10,
2302,TVWRAWSGRH,7446,True,10,
2303,TVTKPIQTAS,7446,True,10,
2304,TNVRGMHAGI,7446,True,10,
2305,SMPRGVTDGT,7446,True,10,
2306,QTPRNQIGPR,7446,True,10,
2307,EHPLGQRYWF,7446,True,10,
2308,RMPRQVAAST,7446,True,10,
2309,VQPRGVIANG,7446,True,10,
2310,NFPRDITASG,7446,True,10,
2311,GYPRGMGATG,7446,True,10,
2312,MIPRGVTASG,7446,True,10,
2313,SMPRNVHGNS,7446,True,10,
2314,RNPAGMKDVA,7446,True,10,
2315,IGVRGMSAIG,7446,True,10,
2316,VAPRAVTASG,7446,True,10,
2317,DEPAWMQSKR,7446,True,10,
2318,SMTRWLAAIA,7446,True,10,
2319,DMPRGVHVEG,7446,True,10,
2320,KSPVGMTDET,7446,True,10,
2321,TRPRGQAVMG,7446,True,10,
2322,REAHAMYNPA,7446,True,10,
2323,VGPRGNTASG,7446,True,10,
2324,VKPRQVIAIT,7446,True,10,
2325,WVPRGVHANG,7446,True,10,
2326,NTPNWMTASG,7446,True,10,
2327,MKPVNMHDMS,7446,True,10,
2328,VEPRGMRDNQ,7446,True,10,
2329,AGPAGFKDNT,7446,True,10,
2330,STPRGNRDQY,7446,True,10,
2331,TNVRGVHAHT,7446,True,10,
2332,DEPRNVAGVH,7446,True,10,
2333,NWPRGSTASG,7446,True,10,
2334,GMVGPMLAPG,7446,True,10,
2335,QYPRGVRVMG,7446,True,10,
2336,VIGRAMASTY,7446,True,10,
2337,SDPKGMRDHG,7446,True,10,
2338,YLARAMQGAT,7446,True,10,
2339,VSPRGNTASG,7446,True,10,
2340,FRPRGVADHY,7446,True,10,
2341,VGPAWMSGHY,7446,True,10,
2342,KHVRGMTSWA,7446,True,10,
2343,QSPRGVTASG,7446,True,10,
2344,NPVRGMYDKT,7446,True,10,
2345,MAPRFMVGAT,7446,True,10,
2346,EDMRGMSDSG,7446,True,10,
2347,IVPRGVRSWG,7446,True,10,
2348,TIHRAMTASG,7446,True,10,
2349,SWPRGMTSVH,7446,True,10,
2350,GLRIARPRGP,7446,True,10,
2351,AVPRQVTGNY,7446,True,10,
2352,SVPRGVRDWY,7446,True,10,
2353,CRPRGSTASG,7446,True,10,
2354,TYRPARSVFA,7446,True,10,
2355,EKARSMVATG,7446,True,10,
2356,EVPRGVQAQY,7446,True,10,
2357,KTPRGSVDMS,7446,True,10,
2358,MFYGSMNART,7446,True,10,
2359,SVPRGVKAVQ,7446,True,10,
2360,KPYFHMAVMT,7446,True,10,
2361,GNPSGWRTAS,7446,True,10,
2362,KYPRMLKGVS,7446,True,10,
2363,QRWRAMAGQW,7446,True,10,
2364,IVPRGVKDGR,7446,True,10,
2365,KSPRGVTASG,7446,True,10,
2366,TAPKWMTASG,7446,True,10,
2367,QVPRGVGAHW,7446,True,10,
2368,FDVRGVHANS,7446,True,10,
2369,MAPRGNHVNG,7446,True,10,
2370,NLGRAMKGNY,7446,True,10,
2371,TPVRWMIGMR,7446,True,10,
2372,EFVRGVTASG,7446,True,10,
2373,FMPRWVRSAK,7446,True,10,
2374,NVPRGVRDRK,7446,True,10,
2375,EYPRGMGNTY,7446,True,10,
2376,AHVRGVTASQ,7446,True,10,
2377,NDVLWMTASG,7446,True,10,
2378,MIPRGVTSQI,7446,True,10,
2379,GIPRGVGVPA,7446,True,10,
2380,IQPVHMTASG,7446,True,10,
2381,WNTRWLAGPR,7446,True,10,
2382,RVGVPMGIVT,7446,True,10,
2383,DKVRGMRATS,7446,True,10,
2384,RSPRKFHSNA,7446,True,10,
2385,EMARGMAGSH,7446,True,10,
2386,KNVRGMSVPT,7446,True,10,
2387,YGPRGVHDIG,7446,True,10,
2388,SPVKWMYSNK,7446,True,10,
2389,GPVAWMSGPT,7446,True,10,
2390,FIPRAVMAWG,7446,True,10,
2391,FQPRGMHDHG,7446,True,10,
2392,FVPRGVHANF,7446,True,10,
2393,TIPRAFADVG,7446,True,10,
2394,EHPGKMTSRT,7446,True,10,
2395,DGPAGVRDVI,7446,True,10,
2396,YEPRNVRAEA,7446,True,10,
2397,TNPRWITASG,7446,True,10,
2398,KVPRGVTASG,7446,True,10,
2399,GLPRCQTSWL,7446,True,10,
2400,GMPRAFWGMS,6676,True,10,
2401,TVPTGVSNLK,6676,True,10,
2402,AGPEPRPSRF,6676,True,10,
2403,KAPAGVTSVF,6676,True,10,
2404,MHPRGMHGIR,6676,True,10,
2405,VAPRAVASPS,6676,True,10,
2406,WRPFSYRGMW,6676,True,10,
2407,TSPSWMWGQH,6676,True,10,
2408,SLPRPVASRG,6676,True,10,
2409,WNPSWLFGTH,6676,True,10,
2410,QFPYSWRGEG,6676,True,10,
2411,GTPSGWTASG,6676,True,10,
2412,GGPRSVFTAS,6676,True,10,
2413,TPPSSFRSVK,6676,True,10,
2414,KHPSGWRAHV,6676,True,10,
2415,VRPAQFHVGR,6676,True,10,
2416,GFPRGVKGWT,6676,True,10,
2417,VPPSGWTASG,6676,True,10,
2418,PAPRGVRGSP,6676,True,10,
2419,GAPRAVWSPR,6676,True,10,
2420,GEPRAVHGQT,6676,True,10,
2421,ARPSGWIANY,6676,True,10,
2422,RGPAPFQGLT,6676,True,10,
2423,SVPSGVFSNY,6676,True,10,
2424,KVPMGQMGHY,6676,True,10,
2425,NPPSHFASVK,6676,True,10,
2426,KAPVSMWGMV,6676,True,10,
2427,QVPRGWTASG,6676,True,10,
2428,KDPSGWTASG,6676,True,10,
2429,PAPSGWHGIA,6676,True,10,
2430,RSPRMLYGTW,6676,True,10,
2431,PTPRSYINRH,6676,True,10,
2432,MAPSGWTAHT,6676,True,10,
2433,PVPKSWRGWI,6676,True,10,
2434,AHPSGWIAPT,6676,True,10,
2435,RAPLGVHGLG,6676,True,10,
2436,GEPTASWGNR,6676,True,10,
2437,LVPAHWSGPW,6676,True,10,
2438,MVPRAVHGPG,6676,True,10,
2439,GRPSGWTASG,6676,True,10,
2440,RPPSSFHGAH,6676,True,10,
2441,RAPSMLYASG,6676,True,10,
2442,MTPKGMRGRT,6676,True,10,
2443,FSGLEMRSEG,6676,True,10,
2444,YVPTAFRGQI,6676,True,10,
2445,RPPHGVFSNT,6676,True,10,
2446,TPPRSMYTGF,6676,True,10,
2447,GVPRGQVTAS,6676,True,10,
2448,RGPSGWTASG,6676,True,10,
2449,YKPAGSGGEG,6676,True,10,
2450,RFPRPFRGQS,6676,True,10,
2451,RPPLAFHGQA,6676,True,10,
2452,KFPSGQTGYT,6676,True,10,
2453,GNPYGMKGWR,6676,True,10,
2454,AHPSAFWGNG,6676,True,10,
2455,VQPRAVHGLG,6676,True,10,
2456,SGPRAYIGTA,6676,True,10,
2457,PRPSGWTASG,6676,True,10,
2458,GAPRASWGPQ,6676,True,10,
2459,GAPYPFRGRK,6676,True,10,
2460,QTPLGQIGNW,6676,True,10,
2461,SWQMGPLGSG,6676,True,10,
2462,PKPRQYRGTF,6676,True,10,
2463,IRPAGVRGWV,6676,True,10,
2464,ICRERRYSIV,6676,True,10,
2465,MIPRPVRGPH,6676,True,10,
2466,KPAFNFWGHY,6676,True,10,
2467,LRPLGVRGTH,6676,True,10,
2468,VLPRWLWGWS,6676,True,10,
2469,NHPSHMLSEH,6676,True,10,
2470,GVPSAVTASG,6676,True,10,
2471,TFPRSYHAML,6676,True,10,
2472,TPPHSFSGWR,6676,True,10,
2473,AKPYGVFAPR,6676,True,10,
2474,KTPRAFWGRF,6676,True,10,
2475,ATPRSNTGMQ,6676,True,10,
2476,GTPSGAPGPG,6676,True,10,
2477,ARPGGVHGWY,6676,True,10,
2478,KSPLGYHGPG,6676,True,10,
2479,ARPSGVTSTS,6676,True,10,
2480,MKPAGVHALI,6676,True,10,
2481,SMPGQMTGLR,6676,True,10,
2482,GIPSGNRGML,6676,True,10,
2483,VMPSGVFAQL,6676,True,10,
2484,RSPRMLVGRG,6676,True,10,
2485,AGPSGVTASG,6676,True,10,
2486,IMPRQVQGMQ,6676,True,10,
2487,RMPRAFSGQK,6676,True,10,
2488,PGPSGWVGKS,6676,True,10,
2489,GNPAGVRTAS,6676,True,10,
2490,HSPRGVTASG,6676,True,10,
2491,EKPSGWTAGR,6676,True,10,
2492,SGPRSYRGPH,6676,True,10,
2493,SYPRAYTGPA,6676,True,10,
2494,VSPRLYRAWG,6676,True,10,
2495,EAPRSWRGPG,6676,True,10,
2496,GHPSGPFGVS,6676,True,10,
2497,VTPHAFAGVG,6676,True,10,
2498,WIPRAFSGTS,6676,True,10,
2499,RTPYGQMGPH,6676,True,10,
2500,AQPRSQTSWG,6676,True,10,
2501,YIPTAFSGQH,6676,True,10,
2502,VRPFGMSGLH,6676,True,10,
2503,GPPSGVTASG,6676,True,10,
2504,GSPRAVANVG,6676,True,10,
2505,RAPSGVYSKH,6676,True,10,
2506,GPPRSFLGWS,6676,True,10,
2507,RTPRGSTSTV,6676,True,10,
2508,HSRTVRMGMP,6676,True,10,
2509,PSPRAVWQTR,6676,True,10,
2510,MVPYGQSGTF,6676,True,10,
2511,GRPRSVLSNV,6676,True,10,
2512,QRPLGVLSQL,6676,True,10,
2513,GRPRSMYAVI,6676,True,10,
2514,YQPASWTASG,6676,True,10,
2515,PVPLGVRSMS,6676,True,10,
2516,GIPRPVMGNG,6676,True,10,
2517,GTPSGVTASG,6676,True,10,
2518,KVPRGVSGPQ,6676,True,10,
2519,PWPRQVRTPK,6676,True,10,
2520,VMPSGFTAQG,6676,True,10,
2521,RIPRAWRGVG,6676,True,10,
2522,VRPHGVWAQW,6676,True,10,
2523,AWPRSFYGRV,6676,True,10,
2524,RVPVPMFGKL,6676,True,10,
2525,YAPRSMTGIG,6676,True,10,
2526,KPVSWMRGRW,6676,True,10,
2527,SAPSGWTASG,6676,True,10,
2528,EDPYSWRAMG,6676,True,10,
2529,NVPSWVLGRQ,6676,True,10,
2530,GRPRSHRANG,6676,True,10,
2531,PKPAPVWGQH,6676,True,10,
2532,VGPSGVYGRG,6676,True,10,
2533,YQPRAMVGTA,6676,True,10,
2534,TVPQWVRGIV,6676,True,10,
2535,GAPRAVWTAS,6676,True,10,
2536,FTPSWLKGTV,6676,True,10,
2537,LQPQPVWAWG,6676,True,10,
2538,THPSGWTASG,6676,True,10,
2539,GVPSGVASHM,6676,True,10,
2540,GVPRAVHVKG,6676,True,10,
2541,TVPVPQVYSH,6676,True,10,
2542,YIPQAVFGHR,6676,True,10,
2543,DRPNAWHAVG,6676,True,10,
2544,QAPAGFHGWR,6676,True,10,
2545,VHPSGWRTLY,6676,True,10,
2546,ARPSGWTATG,6676,True,10,
2547,QGPRSYHGPG,6676,True,10,
2548,TRPASWRGHG,6676,True,10,
2549,IPAQNVFSGL,6676,True,10,
2550,VTPRQVIASV,6676,True,10,
2551,AFPSGWRANA,6676,True,10,
2552,MGPESQRGLY,6676,True,10,
2553,FAPSGVSAHG,6676,True,10,
2554,PTPEGMKGMY,6676,True,10,
2555,RSPLKRSARI,6676,True,10,
2556,GMPRSYRGNI,6676,True,10,
2557,NGPYNWRGHA,6676,True,10,
2558,ATPRGMHGIH,6676,True,10,
2559,RTPHWMKGPQ,6676,True,10,
2560,APVLAVFASF,6676,True,10,
2561,HSPRAFQGWG,6676,True,10,
2562,QAPRSSQAGI,6676,True,10,
2563,FEPRNVRGPI,6676,True,10,
2564,PAPRAVTGMH,6676,True,10,
2565,RVPRAVHSTA,6676,True,10,
2566,IAPRSVKGSV,6676,True,10,
2567,MVPSGVSGAQ,6676,True,10,
2568,AIPAWMHGNR,6676,True,10,
2569,GAPRAVTGRL,6676,True,10,
2570,TRPRAFWGPH,6676,True,10,
2571,RSPRMLKGEK,6676,True,10,
2572,VTPAGVKGWR,6676,True,10,
2573,ATPRQVRSGH,6676,True,10,
2574,IEPLGRSGRK,6676,True,10,
2575,QWPRGMGGPV,6676,True,10,
2576,GEPLGVRTAS,6676,True,10,
2577,PVPLSVRSGQ,6676,True,10,
2578,GSPVSFTASG,6676,True,10,
2579,QSPLSVRTQK,6676,True,10,
2580,GTVHGFKGLH,6676,True,10,
2581,FSPKGVPAVR,6676,True,10,
2582,GQPRSWTNLR,6676,True,10,
2583,KTPSGWQTRF,6676,True,10,
2584,RKPSGVRASF,6676,True,10,
2585,HNPLGVTASG,6676,True,10,
2586,RHPSGWTAHA,6676,True,10,
2587,GNPRGMITAS,6676,True,10,
2588,RSPASWSGSV,6676,True,10,
2589,KGPSGWRGSG,6676,True,10,
2590,PEPAWMRGPG,6676,True,10,
2591,SRPLQYTGVS,6676,True,10,
2592,HAPRGVRTGY,6676,True,10,
2593,RHPRGVWSQF,6676,True,10,
2594,MGPGSMYGKR,6676,True,10,
2595,GPPRSHTASG,6676,True,10,
2596,ARPSGWTGVR,6676,True,10,
2597,KFPQWIHGSR,6676,True,10,
2598,TAPSGWTASG,6676,True,10,
2599,PGPGPMRGNR,6676,True,10,
2600,HWPEWMIGMY,6676,True,10,
2601,GRPSPFWGRK,6676,True,10,
2602,KIPFAFHSQR,6676,True,10,
2603,WAPAGVHGAH,6676,True,10,
2604,GPPRASYSTH,6676,True,10,
2605,SMPSGWTASG,6676,True,10,
2606,MGPSGVTAKG,6676,True,10,
2607,PAPRAVINWR,6676,True,10,
2608,IAPRAFHGRH,6676,True,10,
2609,WSPRAFTGPF,6676,True,10,
2610,PARPSRDQGP,6676,True,10,
2611,PGPRSHAGMH,6676,True,10,
2612,GEPYGMRGQL,6676,True,10,
2613,SQPVPFRGVL,6676,True,10,
2614,NSPVSWRSQV,6676,True,10,
2615,QNPRSVSGHG,6676,True,10,
2616,YRPRAFKGEQ,6676,True,10,
2617,PMPWSWRTGQ,6676,True,10,
2618,PGPGSYRGNQ,6676,True,10,
2619,LPRAPRFTAQ,6676,True,10,
2620,ISPSGVWGLG,6676,True,10,
2621,AGPAGVTGPR,6676,True,10,
2622,PKPHGVTSGF,6676,True,10,
2623,DGPSGMHGTA,6676,True,10,
2624,RSPVQMYGKG,6676,True,10,
2625,HVPKQVRGMV,6676,True,10,
2626,GNPRAVWGWH,6676,True,10,
2627,WVPSGVYSQS,6676,True,10,
2628,VRPSGVTSPR,6676,True,10,
2629,GVPRAVRTAS,6676,True,10,
2630,YVPRGVTGMF,6676,True,10,
2631,KGPSGMRGKF,6676,True,10,
2632,KTPSWMTGRS,6676,True,10,
2633,GSPRGVTTAS,6676,True,10,
2634,AGPSGWTAHV,6676,True,10,
2635,VTPSGWHGQS,6676,True,10,
2636,KVPVPMAGQY,6676,True,10,
2637,SGPHGFRGTA,6676,True,10,
2638,GFPKASRGEV,6676,True,10,
2639,GFPSGVRTAS,6676,True,10,
2640,PTPRSYSGAQ,6676,True,10,
2641,KHPSGWTASG,6676,True,10,
2642,RKPAPWRGNK,6676,True,10,
2643,ASPRGVTSGH,6676,True,10,
2644,TPPSSWTGIG,6676,True,10,
2645,SQPTGFRGSA,6676,True,10,
2646,TVPAQVYGSG,6676,True,10,
2647,SGPSGVTASG,6676,True,10,
2648,TPPSHFRSGY,6676,True,10,
2649,MSPRWFMGWH,6676,True,10,
2650,AGPQPLISKN,6676,True,10,
2651,TGPSGWTASG,6676,True,10,
2652,WVPRGVTASG,6676,True,10,
2653,GHPRSVLANW,6676,True,10,
2654,TSPSGWVAGI,6676,True,10,
2655,VKPSGWTSIA,6676,True,10,
2656,KWPRGMITPT,6676,True,10,
2657,HRPASWHSRT,6676,True,10,
2658,GMPLGVHSNF,6676,True,10,
2659,RMPRSYKGSL,6676,True,10,
2660,GIPASFHGQY,6676,True,10,
2661,VAPQGVHGTL,6676,True,10,
2662,HQPTGWRAMV,6676,True,10,
2663,PNPEWMRGTV,6676,True,10,
2664,HQPRAVHSLQ,6676,True,10,
2665,RIPMWMRGIV,6676,True,10,
2666,YGPRSYHGWR,6676,True,10,
2667,EVPRSWIAHG,6676,True,10,
2668,HRPGYVHSEW,6676,True,10,
2669,MPIYNWRGNH,6676,True,10,
2670,SQPSPFWGSA,6676,True,10,
2671,RPPSNFRGNL,6676,True,10,
2672,NRPSAFWGPS,6676,True,10,
2673,GNPYGMRGNA,6676,True,10,
2674,MSPRQVHGMY,6676,True,10,
2675,VHPSGWSIQG,6676,True,10,
2676,AKPAHWRGHL,6676,True,10,
2677,MTPRGSRGHG,6676,True,10,
2678,GSPRSVHGHG,6676,True,10,
2679,MQPAGVTGRS,6676,True,10,
2680,MLPRAVSGWN,6676,True,10,
2681,IYPAGFQGPA,6676,True,10,
2682,KMPSGVWGQA,6676,True,10,
2683,GRPSGFRTAS,6676,True,10,
2684,ANPGMMRGNI,6676,True,10,
2685,RQPRAFIGPY,6676,True,10,
2686,PEPYGMRGPV,6676,True,10,
2687,FAPSGMHGAH,6676,True,10,
2688,QGPRAVKASF,6676,True,10,
2689,RGPAPVWGQH,6676,True,10,
2690,KEPLGQSGPR,6676,True,10,
2691,NPPSHFIGMQ,6676,True,10,
2692,RGPSGVTASG,6676,True,10,
2693,AVPSKFKNRY,6676,True,10,
2694,QLPRAVQGPK,6676,True,10,
2695,NQPSGWRAHA,6676,True,10,
2696,GRPFGFTGRF,6676,True,10,
2697,HPPVQMWGTG,6676,True,10,
2698,GRPRSWRAMA,6676,True,10,
2699,SAPAGQHNEI,6676,True,10,
2700,ARPSGVTGAH,6676,True,10,
2701,HRPRSVTGPS,6676,True,10,
2702,YMPSGFRGPA,6676,True,10,
2703,TAPQAVHAQM,6676,True,10,
2704,HRPSGFRALI,6676,True,10,
2705,MWPFSNVGPH,6676,True,10,
2706,SIPNAFRNWR,6676,True,10,
2707,YPPGGVYGNF,6676,True,10,
2708,PMPRQVRNAG,6676,True,10,
2709,GHPRSYFGIT,6676,True,10,
2710,APPSGWTASG,6676,True,10,
2711,GMPRFIFTAS,6676,True,10,
2712,GSPASVHGPR,6676,True,10,
2713,AFPFGMTAQR,6676,True,10,
2714,LGPSGWVAMG,6676,True,10,
2715,VWPRSYRGQW,6676,True,10,
2716,PFPQGQHNLR,6676,True,10,
2717,PIPTAFLGPA,6676,True,10,
2718,RTPIGMIGIT,6676,True,10,
2719,SEPQAVWAVR,6676,True,10,
2720,GWAVAMYGPR,6676,True,10,
2721,PAPQGVLGHT,6676,True,10,
2722,SPPRAFRGSQ,6676,True,10,
2723,PIPRPVMGTL,6676,True,10,
2724,MVPHPFSGTH,6676,True,10,
2725,GHPSPFAGHI,6676,True,10,
2726,RVPYGVRTEH,6676,True,10,
2727,PVPRAFSGPH,6676,True,10,
2728,RQPRNVHGEI,6676,True,10,
2729,EIPRSVRGWV,6676,True,10,
2730,ATPSGWAGPA,6676,True,10,
2731,RPPSSWRTMG,6676,True,10,
2732,PRPRPFLGTS,6676,True,10,
2733,HTPISYRGQH,6676,True,10,
2734,GTPRSYTGWV,6676,True,10,
2735,GQPFAMRGMS,6676,True,10,
2736,MRPRSVRAIG,6676,True,10,
2737,PAPRASWGPH,6676,True,10,
2738,SAPRSYFGPK,6676,True,10,
2739,AGPRSYHGQG,6676,True,10,
2740,QFPAQMWGNI,6676,True,10,
2741,RMPRMISGSI,6676,True,10,
2742,RGPSGVTASG,6676,True,10,
2743,PMPRQVRGSG,6676,True,10,
2744,GVPVQMRGSY,6676,True,10,
2745,GPPRAVWGQG,6676,True,10,
2746,WGPSGVTAMA,6676,True,10,
2747,TRPTNWRGSH,6676,True,10,
2748,PAPRAFHGPG,6676,True,10,
2749,QVPYKQHAEV,6676,True,10,
2750,VRPSGMHAMH,6676,True,10,
2751,PAPRGVQSEW,6676,True,10,
2752,ASPRAYRAGS,6676,True,10,
2753,SAPRSYASNR,6676,True,10,
2754,RAPAGVRGVT,6676,True,10,
2755,RVPRGVRSPH,6676,True,10,
2756,QIPSWSMSIQ,6676,True,10,
2757,SQPRGVRGEG,6676,True,10,
2758,TAPKQVRGVL,6676,True,10,
2759,LRPRAVYAHQ,6676,True,10,
2760,HTPRAMHGLG,6676,True,10,
2761,VGPSGWRAHF,6676,True,10,
2762,GQVYSVRSTW,6676,True,10,
2763,VEPRGVHGNW,6676,True,10,
2764,QMPSGVHGLV,6676,True,10,
2765,YAPSGWTGMA,6676,True,10,
2766,MTPRGMKGAW,6676,True,10,
2767,PGPAPFVGAW,6676,True,10,
2768,PFPAGVHTVF,6676,True,10,
2769,DAPRGVASNG,6676,True,10,
2770,HVPRQVYGPH,6676,True,10,
2771,RMPRAVSGQG,6676,True,10,
2772,PVPRPVWGAG,6676,True,10,
2773,IYPSHWTGTI,6676,True,10,
2774,RGPSGFTAWG,6676,True,10,
2775,PRPHGMIGKY,6676,True,10,
2776,RTPSWMKGRV,6676,True,10,
2777,HPALHWVGRG,6676,True,10,
2778,PMPRYMWGQY,6676,True,10,
2779,GRPADFYGRI,6676,True,10,
2780,GRPRSYRGQY,6676,True,10,
2781,IVPFPFIGMS,6676,True,10,
2782,RNPVPMTASG,6676,True,10,
2783,LRPASWSGVY,6676,True,10,
2784,SFPAGVHAPI,6676,True,10,
2785,QPPHAFIGPF,6676,True,10,
2786,ERPASWRGVR,6676,True,10,
2787,GPPRSFYASV,6676,True,10,
2788,ENPSWVKGPA,6676,True,10,
2789,ATPSDMIGPI,6676,True,10,
2790,YIPRAVYGKH,6676,True,10,
2791,LGPAGQRSTR,6676,True,10,
2792,ANPRAVWGNS,6676,True,10,
2793,NQPSGWTASG,6676,True,10,
2794,AMPRAYHGPT,6676,True,10,
2795,VTPLGQHGRH,6676,True,10,
2796,HVPRGVTASG,6676,True,10,
2797,MTPKGQISGK,6676,True,10,
2798,GYPAGFRTAS,6676,True,10,
2799,MTPRAVFAGT,6676,True,10,
2800,MSPRGVTASG,824,True,10,
2801,ARPRGKTNMQ,824,True,10,
2802,TVPRAVASMG,824,True,10,
2803,LAPRGVLAPH,824,True,10,
2804,NQPTGMVGNK,824,True,10,
2805,AGPRGSMSNA,824,True,10,
2806,SPPRGVTGKQ,824,True,10,
2807,ASPRGMTASG,824,True,10,
2808,MFPLGVRGWK,824,True,10,
2809,VLPRGVHSPG,824,True,10,
2810,RHPRSWRAPA,824,True,10,
2811,DMPRGVHGQA,824,True,10,
2812,SGPRGIRTAS,824,True,10,
2813,FDVRAVFGMA,824,True,10,
2814,RAPRSMRGMT,824,True,10,
2815,TVPKGVYGRG,824,True,10,
2816,FTPRGMRSGG,824,True,10,
2817,NDPKGMRGWV,824,True,10,
2818,PQPKGMRGQR,824,True,10,
2819,PGPVGMRNHG,824,True,10,
2820,FKPRGVTASG,824,True,10,
2821,IYPRGMGSQG,824,True,10,
2822,QIPRPVLSWR,824,True,10,
2823,ALPHGMVGTG,824,True,10,
2824,TGPRGVHSQG,824,True,10,
2825,RTPVGQRGEQ,824,True,10,
2826,PHPRGSRAMF,824,True,10,
2827,SLPRAVTGQS,824,True,10,
2828,RPPKGVTSPG,824,True,10,
2829,QPPRGSVNLT,824,True,10,
2830,NGPSGWTAQG,824,True,10,
2831,VQPRGVMAVH,824,True,10,
2832,HIPRGVRNSH,824,True,10,
2833,CTPRGSIGKH,824,True,10,
2834,SFPRAFWGMQ,824,True,10,
2835,QPPRGVTGWK,824,True,10,
2836,YGPRGQRSIA,824,True,10,
2837,MEPRGVRGVG,824,True,10,
2838,SMPRGVHGAG,824,True,10,
2839,GVPRGVAGLG,824,True,10,
2840,GPPRGNTGTF,824,True,10,
2841,PRPRGVTGWS,824,True,10,
2842,FGPRSWTNMT,824,True,10,
2843,GAPRAVTSNR,824,True,10,
2844,GEPAGVRGLY,824,True,10,
2845,GHPRGSRGPH,824,True,10,
2846,GFPRAFRGTG,824,True,10,
2847,FVPLGQRSFA,824,True,10,
2848,RLPVAITGEG,824,True,10,
2849,VMVAGVFGVK,824,True,10,
2850,TNPHGFRSWY,824,True,10,
2851,HMPRGVTGTG,824,True,10,
2852,HQPSGWVGVQ,824,True,10,
2853,QPPRASVGHT,824,True,10,
2854,YGPRGQTNGL,824,True,10,
2855,HFPRAFKGAH,824,True,10,
2856,HTPRGNSGLH,824,True,10,
2857,VMPRGSQGNA,824,True,10,
2858,GTPRGSTASG,824,True,10,
2859,QKPRGVTASG,824,True,10,
2860,WAPRGSTGMH,824,True,10,
2861,LPVRAVYGNG,824,True,10,
2862,THPKGQKSIG,824,True,10,
2863,HSPRGMTNMH,824,True,10,
2864,HVPRGVTASG,824,True,10,
2865,GVPRGVATAS,824,True,10,
2866,ISPRGVKARY,824,True,10,
2867,MPPRGVTASG,824,True,10,
2868,GIPRGVRTAS,824,True,10,
2869,TMPRGMKGQH,824,True,10,
2870,GTPRGIRTAS,824,True,10,
2871,VIPRAYIGPH,824,True,10,
2872,GTPRGSRGTR,824,True,10,
2873,GSPVGMRGEF,824,True,10,
2874,AQPRGVTASG,824,True,10,
2875,AFPSGMRGNQ,824,True,10,
2876,ASPVAMYGWI,824,True,10,
2877,HIPRGVTSPK,824,True,10,
2878,QMPRSYFGKA,824,True,10,
2879,GHPRGMRGSG,824,True,10,
2880,RWPVGMRGST,824,True,10,
2881,RDPRGVRGMH,824,True,10,
2882,SIFWGMRGTH,824,True,10,
2883,MLPRSKSGSG,824,True,10,
2884,ERASGLYGTY,824,True,10,
2885,WGPRGVTASG,824,True,10,
2886,YVPAGVSRLQ,824,True,10,
2887,AWPRGMTGVI,824,True,10,
2888,YDPRGMTGRG,824,True,10,
2889,VAWRGLKAPY,824,True,10,
2890,HSPRGVRGVT,824,True,10,
2891,GVPRGVRTAS,824,True,10,known_sequence
2892,GAPAGVTGKG,824,True,10,
2893,GWPRGKMGTG,824,True,10,
2894,HHPKGMRGSH,824,True,10,
2895,HGPRGMKGLH,824,True,10,
2896,YWPRGMKGPG,824,True,10,
2897,KTVRGVTGAI,824,True,10,
2898,SGPRAIRGTA,824,True,10,
2899,RQPRGNHGPG,824,True,10,
2900,VWPRGMHGIS,824,True,10,
2901,LVPRGVRGAL,824,True,10,
2902,GTPRGQVGER,824,True,10,
2903,DGPKGVRGMG,824,True,10,
2904,EVPRGVTGSR,824,True,10,
2905,FVPRGVTGQT,824,True,10,
2906,ISPRGVKSIG,824,True,10,
2907,VDPRGMRGTI,824,True,10,
2908,GPPRGSRGIG,824,True,10,
2909,SVPRGVRSTR,824,True,10,
2910,WADPPSMSTQ,824,True,10,
2911,WIPRGFRGYA,824,True,10,
2912,GNPRGVKGET,824,True,10,
2913,KTPVGQSGMR,824,True,10,
2914,TVPRAWTGQF,824,True,10,
2915,GVPRGVRGAG,824,True,10,
2916,GSPRGSLALG,824,True,10,
2917,GDPRGVTASG,824,True,10,
2918,HAPRGVTASG,824,True,10,
2919,FTPRGYRVMQ,824,True,10,
2920,VAPRAVWGNG,824,True,10,
2921,KGPSGYRGNK,824,True,10,
2922,SGPKGVRGTA,824,True,10,
2923,VTPRGNIGER,824,True,10,
2924,ALPRAVRGEG,824,True,10,
2925,YTPRGNMANG,824,True,10,
2926,CIPRAVRGNW,824,True,10,
2927,TRVAGVSGNR,824,True,10,
2928,ALPRAVFAWQ,824,True,10,
2929,LVPRGVTASG,824,True,10,
2930,WLPRGVTASG,824,True,10,
2931,GPVRAVIGSH,824,True,10,
2932,LAPRGSHGQA,824,True,10,
2933,FAPAGVHSHI,824,True,10,
2934,APRPVRSTSP,824,True,10,
2935,VYPGSMRGQT,824,True,10,
2936,PKPRGMTGWS,824,True,10,
2937,VLPRAVTASG,824,True,10,
2938,AMPRGVTGHW,824,True,10,
2939,DGPRGMRGWH,824,True,10,
2940,VTPRGNIDGA,824,True,10,
2941,NPPRGVHGAI,824,True,10,
2942,VFPRGVAGTG,824,True,10,
2943,WTPRGQIGKH,824,True,10,
2944,HNPRGMTGPA,824,True,10,
2945,VRPRGVSNSG,824,True,10,
2946,AWPRGMTGPG,824,True,10,
2947,LTPSGWTGVT,824,True,10,
2948,VLPRAVFGAG,824,True,10,
2949,RQPVPFIGVG,824,True,10,
2950,PWPRGVTASG,824,True,10,
2951,VAPRGVTASG,824,True,10,
2952,TGPKSMVGPV,824,True,10,
2953,PAPRGVTASG,824,True,10,
2954,HTPRGLHGTM,824,True,10,
2955,PLPVAVRGMR,824,True,10,
2956,EMPRGVTASG,824,True,10,
2957,NKPAGVKGAG,824,True,10,
2958,RYPRGQAGQI,824,True,10,
2959,KVPRGVTASG,824,True,10,
2960,DPVRGMTGIR,824,True,10,
2961,RSPVGMTASG,824,True,10,
2962,IAPRGSTGTG,824,True,10,
2963,HFPRGVKGLT,824,True,10,
2964,VMPRGVRGQG,824,True,10,
2965,TGPRGMTSQK,824,True,10,
2966,TFPRGARSMS,824,True,10,
2967,GTPRGQVGIG,824,True,10,
2968,WFPRGVKNAR,824,True,10,
2969,HGPGGMTGKY,824,True,10,
2970,PRPRGVAGQG,824,True,10,
2971,VFPQGVRGAG,824,True,10,
2972,ASPRGVTASG,824,True,10,
2973,HYPLGSSGRG,824,True,10,
2974,RVPRGVTGEQ,824,True,10,
2975,LSPKGVIGSR,824,True,10,
2976,KWPRGMTGAL,824,True,10,
2977,GPVRAVRGNA,824,True,10,
2978,WGPRGMTGTF,824,True,10,
2979,AGPSGNRGHQ,824,True,10,
2980,QLPRAVHGWR,824,True,10,
2981,GTPRGMQGVG,824,True,10,
2982,QHPRGVTASG,824,True,10,
2983,GQPRGVLAQH,824,True,10,
2984,RVPRGVLGQT,824,True,10,
2985,WHPRGRASGI,824,True,10,
2986,QIPRGVRNMS,824,True,10,
2987,DTPRGNSGHT,824,True,10,
2988,YRVRAVYGNH,824,True,10,
2989,VRPRGSTGHG,824,True,10,
2990,NVPRGVRSAY,824,True,10,
2991,GAPRSVQTAS,824,True,10,
2992,PRPSGMRSNR,824,True,10,
2993,CHPRGVTASG,824,True,10,
2994,KIPAGMHGPS,824,True,10,
2995,TKVRGVGGTR,824,True,10,
2996,RMPRGVTASG,824,True,10,
2997,PTPRGQVGWG,824,True,10,
2998,EPVRGLWGAI,824,True,10,
2999,PVPRGVTASG,824,True,10,
3000,WFPRGSRGRS,824,True,10,
3001,YTPAGVKSMS,824,True,10,
3002,LKPSGVTASG,824,True,10,
3003,AMPVGVTGQT,824,True,10,
3004,QIPRAVQGPR,824,True,10,
3005,KQPRGVRTAF,824,True,10,
3006,AFPIGARNAV,824,True,10,
3007,INPVGMRGNG,824,True,10,
3008,RTPRGVHGSK,824,True,10,
3009,LSPVGVRGNY,824,True,10,
3010,QSPRGVHGPG,824,True,10,
3011,VAGHGIFGMT,824,True,10,
3012,VFPFGMRGNQ,824,True,10,
3013,MIPRAWRGAR,824,True,10,
3014,TFPRAVSAEG,824,True,10,
3015,VLPRAVRGMG,824,True,10,
3016,GTPRYGPTSG,824,True,10,
3017,QNPRAVAGKI,824,True,10,
3018,RTPKGQYGQV,824,True,10,
3019,YTPRGNTGEY,824,True,10,
3020,MYPRAMYGQR,824,True,10,
3021,RGPRGVTASG,824,True,10,
3022,RAPRSVFAEL,824,True,10,
3023,VWPRGMTGHS,824,True,10,
3024,FFPRGNRSGF,824,True,10,
3025,TPPVGLHGAI,824,True,10,
3026,KPRTKRVATP,824,True,10,
3027,MQPRGQVGKG,824,True,10,
3028,HTPRGVKGEG,824,True,10,
3029,GPPRGVTASG,824,True,10,
3030,FHPSGWTNPG,824,True,10,
3031,MRPRGVTSPA,824,True,10,
3032,VQPRAYRGPG,824,True,10,
3033,EIPTGFRGAK,824,True,10,
3034,IVPRGVTASG,824,True,10,
3035,LGRSKRAFNV,824,True,10,
3036,AVPRGVRAPF,824,True,10,
3037,TFPRAFRGPH,824,True,10,
3038,NKPRGMTGVG,824,True,10,
3039,GVPRAVHGWV,824,True,10,
3040,PVPRGVSGMH,824,True,10,
3041,GAPRGSWGVY,824,True,10,
3042,RYPRAVTASG,824,True,10,
3043,AIPRPVHGTI,824,True,10,
3044,RAPRSVTGKR,824,True,10,
3045,FVPSAQAGAH,824,True,10,
3046,VHPRGMTGMK,824,True,10,
3047,KRPRGNTGKW,824,True,10,
3048,TGPRGMRGPR,824,True,10,
3049,RIPRGVRATW,824,True,10,
3050,QYPRAVFSIG,824,True,10,
3051,KNPRGVRAMG,824,True,10,
3052,SIPRGVTASG,824,True,10,
3053,TFPRGVRGRP,824,True,10,
3054,VAPRGSAGVR,824,True,10,
3055,NGPSGVRGNA,824,True,10,
3056,LSPRGLHGWT,824,True,10,
3057,TVPWAWKGKV,824,True,10,
3058,VCPRAISGMF,824,True,10,
3059,WVPRGVYGEK,824,True,10,
3060,AYPRGWHGKR,824,True,10,
3061,QLPRAVFGWG,824,True,10,
3062,GFPRGMRTAS,824,True,10,
3063,GQPRGVTASG,824,True,10,
3064,VQPRGVTSKR,824,True,10,
3065,FAFLHWRSGF,824,True,10,
3066,HIPRGVRNRG,824,True,10,
3067,IVPRGQVGTH,824,True,10,
3068,PMPRAYRGIS,824,True,10,
3069,VAPRAVWSQT,824,True,10,
3070,TRPRGVTASG,824,True,10,
3071,WWPIGIRSTG,824,True,10,
3072,YSPRAVLGKT,824,True,10,
3073,THPRGVTASG,824,True,10,
3074,VTPSGWTASG,824,True,10,
3075,GTPRGQTGMT,824,True,10,
3076,FQPRGVKGMQ,824,True,10,
3077,QVPRGVHGSQ,824,True,10,
3078,CVPRGVRAMG,824,True,10,
3079,VHPRGVRSNR,824,True,10,
3080,TYPRGMKGWG,824,True,10,
3081,SRPVGMTGPK,824,True,10,
3082,EIPRGQVGPG,824,True,10,
3083,ASPRAVTASG,824,True,10,
3084,YPPRGVTASG,824,True,10,
3085,HGPRGVRTPG,824,True,10,
3086,TVPRGVSTMK,824,True,10,
3087,GTVQGIYGSF,824,True,10,
3088,LHPSGVTASG,824,True,10,
3089,AQWRGLFAPQ,824,True,10,
3090,GHPRGVTASG,824,True,10,
3091,TLPRAVMGMR,824,True,10,
3092,WVPRGVTAGA,824,True,10,
3093,GSPRGVQAVS,824,True,10,
3094,SARHARSASI,824,True,10,
3095,MRPRGVTGNY,824,True,10,
3096,TCPKGNRGEV,824,True,10,
3097,CRPRAFRGWT,824,True,10,
3098,MVPRGVSSPR,824,True,10,
3099,TVPRGWVGEF,824,True,10,
3100,FDPRGMKGPN,824,True,10,
3101,SQPRGVTSGS,824,True,10,
3102,TKPRGVTASG,824,True,10,
3103,SVPGAVTGSQ,824,True,10,
3104,HQPRGVTGQV,824,True,10,
3105,NYPGAMRGWR,824,True,10,
3106,PDPRGVKGAV,824,True,10,
3107,HMPRGVKGAN,824,True,10,
3108,APVRHLSGSQ,824,True,10,
3109,PSPRAVQSVS,824,True,10,
3110,VQPRGRTASG,824,True,10,
3111,IAPRGNRGEA,824,True,10,
3112,MFPRAFKGWQ,824,True,10,
3113,FYPRGMRSRA,824,True,10,
3114,NHPSPFRAGR,824,True,10,
3115,IYPRGMGGPG,824,True,10,
3116,WQPRGMTASG,824,True,10,
3117,WPVAGMKGVR,824,True,10,
3118,NRPRGQVGIA,824,True,10,
3119,PTPRGMRGHT,824,True,10,
3120,DHPSGWRGVT,824,True,10,
3121,QNPRGMRGRG,824,True,10,
3122,VRPRGVTGQG,824,True,10,
3123,GFPRGLFGQF,824,True,10,
3124,SVPRGVFTRG,824,True,10,
3125,GVPRGVYAST,824,True,10,
3126,RPPSGWTASG,824,True,10,
3127,QSPRGVFGRG,824,True,10,
3128,RSPRAVIGVT,824,True,10,
3129,EPVRGNRGET,824,True,10,
3130,WMPRGNQSPR,824,True,10,
3131,KVPRGVTGKS,824,True,10,
3132,MAPRGVHSPG,824,True,10,
3133,KGPRNVHGKG,824,True,10,
3134,YTPRGNRNAR,824,True,10,
3135,VNPVGMRGSK,824,True,10,
3136,LEPRGVAGQA,824,True,10,
3137,HSPRSYMANV,824,True,10,
3138,IVPRGSYGPQ,824,True,10,
3139,GRPRGVKGAH,824,True,10,
3140,IAPRGVTGSY,824,True,10,
3141,WGPRGYRGNT,824,True,10,
3142,PKPRGQTGVA,824,True,10,
3143,SQPAGVRGPV,824,True,10,
3144,ANPRGSVGEV,824,True,10,
3145,TQVRGMKGVS,824,True,10,
3146,GYPKGVRVPW,824,True,10,
3147,RSPRSYTASG,824,True,10,
3148,SGPRAITASG,824,True,10,
3149,DPPSGVTGSL,824,True,10,
3150,KTPVGMRGRA,824,True,10,
3151,SHPRGVRGNF,824,True,10,
3152,HWPRGVTASG,824,True,10,
3153,GSPRGSRGIQ,824,True,10,
3154,GVPRGVAGKR,824,True,10,
3155,SNPRGVKSNY,824,True,10,
3156,RDPRGVTASG,824,True,10,
3157,AFPRGQSGLG,824,True,10,
3158,RFPRPIVSQG,824,True,10,
3159,WQPRGVTASG,824,True,10,
3160,TPVPGQHGDV,824,True,10,
3161,RGPVGVTASG,824,True,10,
3162,AMPRGMIGAL,824,True,10,
3163,WKPKGMRGAG,824,True,10,
3164,GLPFGVSAHL,824,True,10,
3165,WSPFGMTGRI,824,True,10,
3166,RSPSGFTASG,824,True,10,
3167,VTPRGMHGVH,824,True,10,
3168,QMPRGVTGMG,824,True,10,
3169,VIPRPVRASG,824,True,10,
3170,PSPRAIHGLR,824,True,10,
3171,QGPRGSTGHF,824,True,10,
3172,HPPRGVTASG,824,True,10,
3173,YGPFGMTGKG,824,True,10,
3174,WTPRGVTASG,824,True,10,
3175,GQPIPFWGMR,824,True,10,
3176,QTPRGVTGNG,824,True,10,
3177,HIPRGQVGAI,824,True,10,
3178,KTPRGVTGPG,824,True,10,
3179,GTPRGQTASG,824,True,10,
3180,MQPRGQVGTG,824,True,10,
3181,LAFRGLKGMG,824,True,10,
3182,STPRGNTGAQ,824,True,10,
3183,SHPRAITASG,824,True,10,
3184,FGPRPFSGPR,824,True,10,
3185,ITPRGVTASG,824,True,10,
3186,WVPRGSRGEA,824,True,10,
3187,RGPVGMTSPH,824,True,10,
3188,IKPRGATGMH,824,True,10,
3189,SMPRGNTGIS,824,True,10,
3190,FSPRASWGMK,824,True,10,
3191,YIPTGSHAHY,824,True,10,
3192,TEPRGVAGNG,824,True,10,
3193,KAVYGMRGEH,824,True,10,
3194,HAPRGQTGNG,824,True,10,
3195,GAPRAVTGTA,824,True,10,
3196,YDVRAVYGKG,824,True,10,
3197,KGPVGQWSRQ,824,True,10,
3198,MFPRGMRSMF,824,True,10,
3199,RLPVGVIAPV,824,True,10,
3200,VGPRLYRDQF,8287,True,10,
3201,PEVRGVFYIG,8287,True,10,
3202,MGPGWMINGY,8287,True,10,
3203,MVPRYWISPA,8287,True,10,
3204,KMPRSYIDTG,8287,True,10,
3205,LIPRPVQSTV,8287,True,10,
3206,TQPKGVTDQT,8287,True,10,
3207,VDPYGMRNGA,8287,True,10,
3208,TYPRAFIGNF,8287,True,10,
3209,MWPAPKWSMW,8287,True,10,
3210,GYPRFIRGWG,8287,True,10,
3211,YAPAGWRNWF,8287,True,10,
3212,MYPRYMHSLW,8287,True,10,
3213,GQPLGVHNSA,8287,True,10,
3214,LNPRGMSGVF,8287,True,10,
3215,KPALGWDTLG,8287,True,10,
3216,IQPRDVYDSL,8287,True,10,
3217,WIPLGQTNGQ,8287,True,10,
3218,TMPRYWAGVH,8287,True,10,
3219,MAPKWMWNPK,8287,True,10,
3220,TYPRGVKAVG,8287,True,10,
3221,DEPKWMRHVK,8287,True,10,
3222,LVPRAVFSPL,8287,True,10,
3223,THPRFILNPH,8287,True,10,
3224,LKPRYWLGSI,8287,True,10,
3225,DPPRWIMGPW,8287,True,10,
3226,QLPRPVTASG,8287,True,10,
3227,MSPRWIWSQG,8287,True,10,
3228,GRPRPVFDMH,8287,True,10,
3229,GHWAAMTSVA,8287,True,10,
3230,NRPRSYADMT,8287,True,10,
3231,IKRPYRGYIP,8287,True,10,
3232,YNPRSWIAPF,8287,True,10,
3233,AIPAYWRAGY,8287,True,10,
3234,QVPRGVDGTK,8287,True,10,
3235,MAPRFSWTGM,8287,True,10,
3236,MVPKPVLGRH,8287,True,10,
3237,SDPKWISDQA,8287,True,10,
3238,FVPRQVKDPI,8287,True,10,
3239,QDPKWITGVY,8287,True,10,
3240,EWPRGQTST,8287,True,9,length
3241,EHPRPVRDNV,8287,True,10,
3242,VQPRYMYTQG,8287,True,10,
3243,ATPRYWIGMR,8287,True,10,
3244,TVPRAWASPK,8287,True,10,
3245,GYPRAFYTAS,8287,True,10,
3246,GPPRYWRTAS,8287,True,10,
3247,ITPRSWLSMT,8287,True,10,
3248,FHPRGVHDGR,8287,True,10,
3249,SFPWGVQNMT,8287,True,10,
3250,SFPMGFRSPI,8287,True,10,
3251,MCPKPIRDQW,8287,True,10,
3252,TAPRYWRTNA,8287,True,10,
3253,TSPVAFQATV,8287,True,10,
3254,TYPFGFYAMH,8287,True,10,
3255,CVPRAVMNGM,8287,True,10,
3256,LFPRAFRGWQ,8287,True,10,
3257,FSPRPFRDRF,8287,True,10,
3258,INPRAITGWG,8287,True,10,
3259,KNPVAFWGPR,8287,True,10,
3260,GMPRYMWDQG,8287,True,10,
3261,PGPRPIYTES,8287,True,10,
3262,WDPYKMAGIK,8287,True,10,
3263,SIPRQVRTKG,8287,True,10,
3264,AGPRGFRDWT,8287,True,10,
3265,GMPRYMLGWN,8287,True,10,
3266,QMPLYQIGMF,8287,True,10,
3267,RFPRAFYDVG,8287,True,10,
3268,FRPRSYIDNG,8287,True,10,
3269,LFPLGFYGVF,8287,True,10,
3270,MIPRWMKGWH,8287,True,10,
3271,YIPRPVIDVF,8287,True,10,
3272,RVPRGVYTNI,8287,True,10,
3273,AIPRPVIDQG,8287,True,10,
3274,FYPRAFRGTA,8287,True,10,
3275,LMPRYWYGPK,8287,True,10,
3276,DYPRYMIGAG,8287,True,10,
3277,YGPRYMADHA,8287,True,10,
3278,LPWRAWTSGA,8287,True,10,
3279,MTPRYWIGNA,8287,True,10,
3280,VYPKGMRGVW,8287,True,10,
3281,PLPRYWRSGF,8287,True,10,
3282,WFPRWILGTA,8287,True,10,
3283,LSPRFLFSPI,8287,True,10,
3284,FHPRFIRAMT,8287,True,10,
3285,AMPRYMWASW,8287,True,10,
3286,PSPRQISDHG,8287,True,10,
3287,MYAKPLMNQG,8287,True,10,
3288,ATPRSWIGFG,8287,True,10,
3289,MYPRSWLAVY,8287,True,10,
3290,ILPRKVLTAS,8287,True,10,
3291,QTPRYWSGAI,8287,True,10,
3292,TGPKGTVMSA,8287,True,10,
3293,MKPSGVTDGQ,8287,True,10,
3294,WTPRGNTGGH,8287,True,10,
3295,AYPRGMHGEA,8287,True,10,
3296,SWPRFMRGWA,8287,True,10,
3297,HLPRAVLGVT,8287,True,10,
3298,STPKWMRSPT,8287,True,10,
3299,TVPRAWSGTQ,8287,True,10,
3300,THPRSWIGPA,8287,True,10,
3301,TMPRYWYGTQ,8287,True,10,
3302,RAPRFMLTVG,8287,True,10,
3303,TRPRFLRSMY,8287,True,10,
3304,IAPRYWKGTH,8287,True,10,
3305,QYPRSWTNEH,8287,True,10,
3306,ALPRYWKGNG,8287,True,10,
3307,PGPRAVISKG,8287,True,10,
3308,GTPRSNVNEG,8287,True,10,
3309,TSPRAFYGHT,8287,True,10,
3310,GYPRAFRTAS,8287,True,10,
3311,ELPRAVTDIY,8287,True,10,
3312,FTPKWMQGSV,8287,True,10,
3313,QSPKGVRAVG,8287,True,10,
3314,DKPKWVYGMG,8287,True,10,
3315,ITPRQVWGLA,8287,True,10,
3316,WFPRAFMKNG,8287,True,10,
3317,FLPRILWSIY,8287,True,10,
3318,TFPVAFLAEY,8287,True,10,
3319,YSPRSWTASG,8287,True,10,
3320,YSPRNVFDMW,8287,True,10,
3321,TRPRSYANPK,8287,True,10,
3322,MGPRYMWAMV,8287,True,10,
3323,IFPRWIQSIG,8287,True,10,
3324,PRPRFWIGLW,8287,True,10,
3325,SPALGIWSIR,8287,True,10,
3326,LNPFYMADGQ,8287,True,10,
3327,EWPRFVRTPY,8287,True,10,
3328,VPPRYWMGKW,8287,True,10,
3329,WPFSNMRGQW,8287,True,10,
3330,SVPRQVWGWF,8287,True,10,
3331,NFPRSYLGPH,8287,True,10,
3332,VAPRYWQGAQ,8287,True,10,
3333,MNPRNVTASG,8287,True,10,
3334,PKPVYWRGPW,8287,True,10,
3335,VPPKGVTDMR,8287,True,10,
3336,RVPRFMKGQI,8287,True,10,
3337,EVPRYWADHY,8287,True,10,
3338,VSPRVIWGES,8287,True,10,
3339,RYPRNVWDGT,8287,True,10,
3340,LWPRYWQTMT,8287,True,10,
3341,DPPKWVFSQW,8287,True,10,
3342,MRPKGVIGAV,8287,True,10,
3343,WYPRWIRSTS,8287,True,10,
3344,FVPRAVIGML,8287,True,10,
3345,QDPYGMRDQA,8287,True,10,
3346,GTPRSWLTAS,8287,True,10,
3347,YSPRWLTGEW,8287,True,10,
3348,IRVRAVTGAG,8287,True,10,
3349,ENPRNVHDMK,8287,True,10,
3350,GAPRSWRTAS,8287,True,10,
3351,TLPRSWRDPW,8287,True,10,
3352,ENPRWLYGSW,8287,True,10,
3353,IMPRNSTGNW,8287,True,10,
3354,TACVYEHIPF,8287,True,10,
3355,TAWGALWNHV,8287,True,10,
3356,TVPRNVWGRG,8287,True,10,
3357,YLPRAYIGNQ,8287,True,10,
3358,NAPRFVTSNK,8287,True,10,
3359,WYPSWITGKS,8287,True,10,
3360,YSPRMLYGVG,8287,True,10,
3361,QLPRYWTASG,8287,True,10,
3362,QFPHGFRTGW,8287,True,10,
3363,SWPRGFTGPA,8287,True,10,
3364,MVPRYWTASG,8287,True,10,
3365,LMPRQVIGWT,8287,True,10,
3366,TMPRQYRGQF,8287,True,10,
3367,MAPRYWRGWQ,8287,True,10,
3368,GMPKQFRGPY,8287,True,10,
3369,IPRPNAEAPR,8287,True,10,
3370,GNPRGSRTAS,8287,True,10,
3371,GSPRYMIDEF,8287,True,10,
3372,NIVRAWIQMQ,8287,True,10,
3373,GTPKVIWTAS,8287,True,10,
3374,YTPRSNTASG,8287,True,10,
3375,YQPRGVFDGV,8287,True,10,
3376,SHPRAFTASG,8287,True,10,
3377,KSPRWITGTF,8287,True,10,
3378,LTPRYWTAWV,8287,True,10,
3379,GSVRGVTASG,8287,True,10,
3380,LWPRYWRGNI,8287,True,10,
3381,QFPRLYIGPF,8287,True,10,
3382,QMPKWITGPG,8287,True,10,
3383,FPPLAFINQG,8287,True,10,
3384,TDPRWITASG,8287,True,10,
3385,SKPRNYKDIS,8287,True,10,
3386,QWPRFVHDPF,8287,True,10,
3387,FIPRPFTASG,8287,True,10,
3388,YRPRQIYDPH,8287,True,10,
3389,FLPRQVFDGT,8287,True,10,
3390,QSPRWIMSPH,8287,True,10,
3391,EGPFSWYTAK,8287,True,10,
3392,SYPRAWKGQA,8287,True,10,
3393,IYPRGVWNPQ,8287,True,10,
3394,CQPRAVWSMY,8287,True,10,
3395,PNPRSWRTQA,8287,True,10,
3396,FTPRAFIGIA,8287,True,10,
3397,HDVRWSHQLR,8287,True,10,
3398,VNPRNVYTQI,8287,True,10,
3399,AYPKGMRLMR,8287,True,10,
3400,MIPRWITASG,8287,True,10,
3401,VTPRYWRSLI,8287,True,10,
3402,LRPRYWQSVH,8287,True,10,
3403,YTPRGNMGVI,8287,True,10,
3404,NQPRSWRSMF,8287,True,10,
3405,TMPRAYTGTQ,8287,True,10,
3406,TSPVWYQSPQ,8287,True,10,
3407,TDPLGIFDQG,8287,True,10,
3408,AHPVWMLGVI,8287,True,10,
3409,VFPRNVTASG,8287,True,10,
3410,VDPKWITGRI,8287,True,10,
3411,GPPRSYTASG,8287,True,10,
3412,WAPRPYIGRQ,8287,True,10,
3413,KWPRWITSAG,8287,True,10,
3414,QTPRWLYGHR,8287,True,10,
3415,MLPRFVNDLE,8287,True,10,
3416,TFPRAFMDPQ,8287,True,10,
3417,RTPKTMLDGV,8287,True,10,
3418,DRPRYLHGEW,8287,True,10,
3419,PLPRAVHNKF,8287,True,10,
3420,TIPVPFPDAT,8287,True,10,
3421,WKPRFYRGPG,8287,True,10,
3422,TAPLYWRGNG,8287,True,10,
3423,DMPAGFTGPI,8287,True,10,
3424,WEVRGVFAPI,8287,True,10,
3425,RDPRWLMGSG,8287,True,10,
3426,VTPSGWTDPT,8287,True,10,
3427,TFPKWITSLS,8287,True,10,
3428,SQPRSWTNKT,8287,True,10,
3429,TGPVPGWDNI,8287,True,10,
3430,VYPGWMRGQV,8287,True,10,
3431,PVPRMITGHY,8287,True,10,
3432,NIVRAWIDSA,8287,True,10,
3433,LVPRDYRGTW,8287,True,10,
3434,TGPRSYQDHG,8287,True,10,
3435,PQPRYWVGTA,8287,True,10,
3436,YKPRNYRDSQ,8287,True,10,
3437,RAPVGVTDIQ,8287,True,10,
3438,KSPRPYTGNR,8287,True,10,
3439,PVPRPVWNAV,8287,True,10,
3440,WYPRAFIGKG,8287,True,10,
3441,RCPRWMKGMR,8287,True,10,
3442,QTPKWQSGPF,8287,True,10,
3443,GKPKWIQSNR,8287,True,10,
3444,FMPRNVLSNK,8287,True,10,
3445,VNPINFRGSA,8287,True,10,
3446,YVPRGVKDVS,8287,True,10,
3447,MYPRFILGNK,8287,True,10,
3448,EHPRSYIDTW,8287,True,10,
3449,STPRYWQVMV,8287,True,10,
3450,YAPASWTASG,8287,True,10,
3451,GLPRPVHSWH,8287,True,10,
3452,SWMESLFGIA,8287,True,10,
3453,RQPRNVHAWG,8287,True,10,
3454,AIPRPVMGPA,8287,True,10,
3455,KWPRYWRDSA,8287,True,10,
3456,MFPRQMAGPT,8287,True,10,
3457,LQPRYWSQTH,8287,True,10,
3458,GPPRFIFNER,8287,True,10,
3459,MLPRYWHGVN,8287,True,10,
3460,GAPRWIYTAS,8287,True,10,
3461,GTPRSWTASG,8287,True,10,
3462,YSPWSWISRK,8287,True,10,
3463,ATPKWMRHPL,8287,True,10,
3464,PLPRYWHDWF,8287,True,10,
3465,TSPRYLYAMR,8287,True,10,
3466,IGPQWIHGPQ,8287,True,10,
3467,HAPRWLMGMF,8287,True,10,
3468,EMPRWITGSI,8287,True,10,
3469,RKPAPWIGWQ,8287,True,10,
3470,AVPVWMTSPY,8287,True,10,
3471,SAPRQVFNAG,8287,True,10,
3472,HAPRWMAGPI,8287,True,10,
3473,TMPRVLWSVS,8287,True,10,
3474,TLPRYWQGSY,8287,True,10,
3475,GWPRFMTASG,8287,True,10,
3476,PFPRDIKGEY,8287,True,10,
3477,PNPRGMTASG,8287,True,10,
3478,KYPRYWIGPG,8287,True,10,
3479,ISPMGMRTMS,8287,True,10,
3480,HFPLMYSGRF,8287,True,10,
3481,GLPRYWQTAS,8287,True,10,
3482,HTPRSLSAPA,8287,True,10,
3483,VTPRGWTGPQ,8287,True,10,
3484,FKPRAFYGWI,8287,True,10,
3485,VGPFGTLNPV,8287,True,10,
3486,FRPRSYSGPW,8287,True,10,
3487,LQPRYWIART,8287,True,10,
3488,YNPRSWLGTY,8287,True,10,
3489,TDPVAMYSIF,8287,True,10,
3490,RQPRFIRGWI,8287,True,10,
3491,WCPRAFYATF,8287,True,10,
3492,DSPRWVRSLH,8287,True,10,
3493,AKYWAWRGMR,8287,True,10,
3494,VPAQGMYGPG,8287,True,10,
3495,DRPRSWTNIR,8287,True,10,
3496,QQPRYWRGSG,8287,True,10,
3497,MIPRWITGEF,8287,True,10,
3498,MEPRNYSGPA,8287,True,10,
3499,GTPRYARGIQ,8287,True,10,
3500,TIPFWMHGKH,8287,True,10,
3501,SVPSWIQDPL,8287,True,10,
3502,AYPRAFLGNL,8287,True,10,
3503,MYPSWSRGNT,8287,True,10,
3504,YAPASWRGMV,8287,True,10,
3505,VIPRPVKGPL,8287,True,10,
3506,GSPRYLYTAS,8287,True,10,
3507,VQPRSWRTGF,8287,True,10,
3508,MVPRKLYGMF,8287,True,10,
3509,DGPYNWQGHY,8287,True,10,
3510,MLPVHYIGTW,8287,True,10,
3511,YFPRAFRGIY,8287,True,10,
3512,WIPRPVYSEG,8287,True,10,
3513,TPALHWLGIA,8287,True,10,
3514,RTPLWATDVR,8287,True,10,
3515,DGPMWMLNVM,8287,True,10,
3516,TKPKWIRSNA,8287,True,10,
3517,ATPRYWRSPR,8287,True,10,
3518,SAPRSWLDNW,8287,True,10,
3519,GTPRGSKTAS,8287,True,10,
3520,TRPRSYTASG,8287,True,10,
3521,RGPLYQIGRR,8287,True,10,
3522,IYPRSWLGPY,8287,True,10,
3523,VTPRQVLSVS,8287,True,10,
3524,WTPRNIFYMT,8287,True,10,
3525,GSPRWILGWL,8287,True,10,
3526,TQPRSYINTK,8287,True,10,
3527,KYPRAFIGTG,8287,True,10,
3528,ARPRFIRDIG,8287,True,10,
3529,AFPRYWRSVI,8287,True,10,
3530,IMPLGVFGPL,8287,True,10,
3531,PTPRSYAQTH,8287,True,10,
3532,ITPRYWRSMW,8287,True,10,
3533,LGPWSWRGLA,8287,True,10,
3534,FYPRGVKGMT,8287,True,10,
3535,WTPKGMRTVT,8287,True,10,
3536,DQPYGFQGAR,8287,True,10,
3537,QWPRAFRGLQ,8287,True,10,
3538,SYVRAVRNGT,8287,True,10,
3539,FGPSGWTVGH,8287,True,10,
3540,SNPLMIWGTF,8287,True,10,
3541,AYPLHWIGEA,8287,True,10,
3542,AVPKGVRTPS,8287,True,10,
3543,QIPRPVMAEG,8287,True,10,
3544,TSPRAFRDQH,8287,True,10,
3545,WNPLGMYNPG,8287,True,10,
3546,FPPRAFQDIH,8287,True,10,
3547,KSPIFMLGVH,8287,True,10,
3548,DIPRYMHDKG,8287,True,10,
3549,IAPRYWRGPA,8287,True,10,
3550,KQPRWVMGSG,8287,True,10,
3551,LFPLGFKNQA,8287,True,10,
3552,CVPRAVINHS,8287,True,10,
3553,LVPRHVHGTG,8287,True,10,
3554,PSPRAFRGIV,8287,True,10,
3555,ELPRSWRGWA,8287,True,10,
3556,VSPLYLQATA,8287,True,10,
3557,LMPLGVWTHG,8287,True,10,
3558,GAPRWLITAS,8287,True,10,
3559,MAPRYWMGQL,8287,True,10,
3560,FMPRSWTNTY,8287,True,10,
3561,NAPRYWMGIG,8287,True,10,
3562,AFPLGVFSKI,8287,True,10,
3563,MNPRWIHGPA,8287,True,10,
3564,LYVFWMRGWS,8287,True,10,
3565,QIPKWILNGV,8287,True,10,
3566,AEPRNYHDKA,8287,True,10,
3567,PMPRYWLGPM,8287,True,10,
3568,MPWSAFMVYA,8287,True,10,
3569,YVPKWIRGIG,8287,True,10,
3570,DGPYMWREWF,8287,True,10,
3571,YVPRGWIDEV,8287,True,10,
3572,ASPVHMTSQF,8287,True,10,
3573,ATPRWIRAQK,8287,True,10,
3574,MPSWGWTASG,8287,True,10,
3575,TQPRSWRTSG,8287,True,10,
3576,EYPRWIMGWI,8287,True,10,
3577,YTVMWMWGVF,8287,True,10,
3578,NSPRWVMGPW,8287,True,10,
3579,QGPRYWYGVI,8287,True,10,
3580,MIPRPVTASG,8287,True,10,
3581,FTPRSNRAES,8287,True,10,
3582,RIPRSWTSMW,8287,True,10,
3583,QLPRYWQGSI,8287,True,10,
3584,AQPRWVYAEF,8287,True,10,
3585,VRPRSWTNVK,8287,True,10,
3586,MRPRYWRSTW,8287,True,10,
3587,KFPRPVMNGY,8287,True,10,
3588,MPFRGLWGTL,8287,True,10,
3589,GTPRSWRTAS,8287,True,10,
3590,ANPKWMRHTS,8287,True,10,
3591,YRPRSWRGVQ,8287,True,10,
3592,HAPRYWLGWQ,8287,True,10,
3593,NEPRNVFGAQ,8287,True,10,
3594,NHPRYQGNYK,8287,True,10,
3595,MIPRYWRGMR,8287,True,10,
3596,TWPRGMHGWT,8287,True,10,
3597,ARPRSFRGTK,8287,True,10,
3598,ATPRGYTNGS,8287,True,10,
3599,YFPLGFANHS,8287,True,10,
3600,GSPRWIMDGH,4698,True,10,
3601,KAPRSYTASG,4698,True,10,
3602,VSPVWMTDNT,4698,True,10,
3603,TIPAWMKGLF,4698,True,10,
3604,DGPQWMHSWF,4698,True,10,
3605,LFWGNMVSGK,4698,True,10,
3606,FSPRWLSGQY,4698,True,10,
3607,TQPHWMTASG,4698,True,10,
3608,YKPVWMTGTG,4698,True,10,
3609,TYNPIMWVPT,4698,True,10,
3610,SMARSMVATK,4698,True,10,
3611,QTASWLMGHG,4698,True,10,
3612,TWPKWMAVQG,4698,True,10,
3613,FSPLGMTASG,4698,True,10,
3614,LPAQWMTASG,4698,True,10,
3615,GQPAGMTASG,4698,True,10,
3616,EVSQHLFDEF,4698,True,10,
3617,QDPRWVTASG,4698,True,10,
3618,AGPVWMTASG,4698,True,10,
3619,MSWSALKSNG,4698,True,10,
3620,FAPRNMHAPA,4698,True,10,
3621,AHPKWMISQF,4698,True,10,
3622,DMPRWVTASG,4698,True,10,
3623,NSPVWMRGAG,4698,True,10,
3624,WMPRNITGPL,4698,True,10,
3625,ISPVWMTASG,4698,True,10,
3626,RFPRNVTASG,4698,True,10,
3627,WVPAWMKSMV,4698,True,10,
3628,LIPAWMKGWS,4698,True,10,
3629,LGPAWMHAQG,4698,True,10,
3630,YSPRNMADNG,4698,True,10,
3631,FTPFWMAGAY,4698,True,10,
3632,NQPAWMKGWL,4698,True,10,
3633,SNPSWMKAEF,4698,True,10,
3634,VDPQWMHGIV,4698,True,10,
3635,YGPRNMKSPG,4698,True,10,
3636,TAPVHMQGTG,4698,True,10,
3637,GNPAWMKSPR,4698,True,10,
3638,EPLSWVQAPG,4698,True,10,
3639,LRPRSFYAPG,4698,True,10,
3640,KQPRWLSNMG,4698,True,10,
3641,STPRWMHAMT,4698,True,10,
3642,GAPVWMTGVY,4698,True,10,
3643,TVPRGVQAQG,4698,True,10,
3644,MRPSGWTASG,4698,True,10,
3645,ENPAWMKSEA,4698,True,10,
3646,GVPRGVHGTG,4698,True,10,
3647,TFPRNIKGAF,4698,True,10,
3648,MNPVWMHSHT,4698,True,10,
3649,KWPVWMTASG,4698,True,10,
3650,GWSAPMWDRV,4698,True,10,
3651,GTPRWITSIT,4698,True,10,
3652,TMVFWMRGWH,4698,True,10,
3653,ASPVWMAGLH,4698,True,10,
3654,SWPSWMKGTG,4698,True,10,
3655,TSARWMIAIV,4698,True,10,
3656,GNPVWMSNGI,4698,True,10,
3657,NTPKWQIAMH,4698,True,10,
3658,FTPRWLNGNY,4698,True,10,
3659,GTPKWMQTAS,4698,True,10,
3660,KWPAWMKDWY,4698,True,10,
3661,FSPAQMRSAH,4698,True,10,
3662,SKPIAYKGPS,4698,True,10,
3663,AQVRWMTASG,4698,True,10,
3664,TPVRWMKSMK,4698,True,10,
3665,GQPVHMQGPH,4698,True,10,
3666,REPASMRGIH,4698,True,10,
3667,VMPRYMKGVA,4698,True,10,
3668,SEPRNVHALV,4698,True,10,
3669,EPVRWMKGAG,4698,True,10,
3670,IGPRNYTGTV,4698,True,10,
3671,YPYAWMTASG,4698,True,10,
3672,ADPRWFMGSH,4698,True,10,
3673,QAPAWMKGNE,4698,True,10,
3674,GNPAWMRGWG,4698,True,10,
3675,GSPRNMSAIW,4698,True,10,
3676,YMPRNVHAVQ,4698,True,10,
3677,SPVLGMFSLT,4698,True,10,
3678,EDPRNIQGGH,4698,True,10,
3679,GMPVWMRGQH,4698,True,10,
3680,ASPRWMKSVW,4698,True,10,
3681,SYPRNLKGLI,4698,True,10,
3682,SVPRNMSAVI,4698,True,10,
3683,GEPAGMHDGA,4698,True,10,
3684,GNPAWMRGSF,4698,True,10,
3685,NFPVWMKGSI,4698,True,10,
3686,CEPANWRGHI,4698,True,10,
3687,QHPAWMKSEG,4698,True,10,
3688,NLPRAVKGTH,4698,True,10,
3689,VLPRNVLAER,4698,True,10,
3690,ASPFWMKGMG,4698,True,10,
3691,HMPRWIKSWH,4698,True,10,
3692,WDPKWMIAWH,4698,True,10,
3693,MDPAWMTSEH,4698,True,10,
3694,FPVRNMAGLI,4698,True,10,
3695,RVPVWMKAVK,4698,True,10,
3696,YNPVWMKGIH,4698,True,10,
3697,QNPRWMIGNF,4698,True,10,
3698,TSPSWLSAPF,4698,True,10,
3699,PVPRWLNSLR,4698,True,10,
3700,SQPIPMWSHS,4698,True,10,
3701,ANVRWMVSMQ,4698,True,10,
3702,SEPRNIHARI,4698,True,10,
3703,PAPRWMKAMS,4698,True,10,
3704,VPPAWMTDLG,4698,True,10,
3705,FSPRNYKSIR,4698,True,10,
3706,LGPSWMFSEH,4698,True,10,
3707,NQPSWIMAVY,4698,True,10,
3708,KMPSGMASPG,4698,True,10,
3709,TFPNWMQGLT,4698,True,10,
3710,MRPRWLTASG,4698,True,10,
3711,ITPKWMRGVL,4698,True,10,
3712,YQPVWMISIH,4698,True,10,
3713,NRPSWVWALK,4698,True,10,
3714,VEPRNMHGIV,4698,True,10,
3715,IEAVRSMAPL,4698,True,10,
3716,FSPSWVKGPG,4698,True,10,
3717,DGPQWMHASG,4698,True,10,
3718,SAPRWMTASG,4698,True,10,
3719,VGPGWMKAAF,4698,True,10,
3720,LWPKWMRGKH,4698,True,10,
3721,GMPRSHTASG,4698,True,10,
3722,QTPVWMQGRK,4698,True,10,
3723,WVPVWMKAGS,4698,True,10,
3724,SRPLGMSVAQ,4698,True,10,
3725,SMPVNMHVLY,4698,True,10,
3726,HVPRWVMGNH,4698,True,10,
3727,YMPLSWRAIL,4698,True,10,
3728,NKPAWMKSTG,4698,True,10,
3729,DYPGWMTSAK,4698,True,10,
3730,VCPAWMKGHQ,4698,True,10,
3731,NVPVWMQDEI,4698,True,10,
3732,MAPAWMKGAV,4698,True,10,
3733,GSPVWMHANH,4698,True,10,
3734,LAPRDITASG,4698,True,10,
3735,ANPAWMKGLV,4698,True,10,
3736,FTPKWMIAWQ,4698,True,10,
3737,RVPVWMLAPH,4698,True,10,
3738,ARPAWMTASG,4698,True,10,
3739,FSPRNYIART,4698,True,10,
3740,YPPRNVHATH,4698,True,10,
3741,DNPRWMKARF,4698,True,10,
3742,SMWAHMTASG,4698,True,10,
3743,NAPHWMKSGG,4698,True,10,
3744,IQPVWMRGRW,4698,True,10,
3745,QNPRWVMSTY,4698,True,10,
3746,LKPSGMTASG,4698,True,10,
3747,EDPRNIKSAQ,4698,True,10,
3748,NVPVWMTASG,4698,True,10,known_sequence
3749,RPMQWMTASG,4698,True,10,
3750,ELFMAMTSYG,4698,True,10,
3751,GRPRSMATAS,4698,True,10,
3752,TNPRWMHSQI,4698,True,10,
3753,DPPRNVTASG,4698,True,10,
3754,TPVRWMHAHT,4698,True,10,
3755,DFPRGMKGAY,4698,True,10,
3756,MPANGMNSMH,4698,True,10,
3757,MSPKWMKGQG,4698,True,10,
3758,PVPRGVTASG,4698,True,10,
3759,WFPRWIKSMA,4698,True,10,
3760,GNPRNIRTAS,4698,True,10,
3761,FSPRMLTASG,4698,True,10,
3762,TCPYWMRGAI,4698,True,10,
3763,GLPLNVRTAS,4698,True,10,
3764,GVPRGVKANA,4698,True,10,
3765,SFPRNYKGWA,4698,True,10,
3766,TQPSWIHGAT,4698,True,10,
3767,YGVAWMKGWF,4698,True,10,
3768,ISPATMQDNS,4698,True,10,
3769,MSPSGFTASG,4698,True,10,
3770,MVPVWMYSAR,4698,True,10,
3771,PIPAWMKGVK,4698,True,10,
3772,VTPKWMRAIS,4698,True,10,
3773,VKVLWMTSIG,4698,True,10,
3774,NYPRWIMGSW,4698,True,10,
3775,NTPVWMTAGY,4698,True,10,
3776,VGPRVLWASY,4698,True,10,
3777,SGPKWMTASG,4698,True,10,
3778,SNPAWMKGNI,4698,True,10,
3779,APVLHMSAHW,4698,True,10,
3780,KNPSWMRTHG,4698,True,10,
3781,VAVSWMYAHA,4698,True,10,
3782,LGPYWMSAMG,4698,True,10,
3783,GTPVWMKGPV,4698,True,10,
3784,RPAQGMNSAF,4698,True,10,
3785,ISPFWMKGLI,4698,True,10,
3786,MIPAWMQGVG,4698,True,10,
3787,VIPRPVMAQG,4698,True,10,
3788,KTPKWMIGMS,4698,True,10,
3789,NRPRSMASEL,4698,True,10,
3790,WLSYGMTASG,4698,True,10,
3791,QSPRWLSAWS,4698,True,10,
3792,RTPVWMTGVG,4698,True,10,
3793,NMPVWMASLH,4698,True,10,
3794,SFPNWMAGEL,4698,True,10,
3795,PQVFWNMGAI,4698,True,10,
3796,DATWGMRSHA,4698,True,10,
3797,DVPVWMVSMG,4698,True,10,
3798,IAPAWMKGHY,4698,True,10,
3799,CYPHGMNDKA,4698,True,10,
3800,KARARRAFTS,4698,True,10,
3801,DTPKWMRGWT,4698,True,10,
3802,NTPKWMSAKG,4698,True,10,
3803,FTPGWMTASG,4698,True,10,
3804,RGPRAVADPI,4698,True,10,
3805,TNPAWMKGPW,4698,True,10,
3806,RMYSAMAGTY,4698,True,10,
3807,DGPAWMRATG,4698,True,10,
3808,TAPVWMTASG,4698,True,10,
3809,VAWAGMTASG,4698,True,10,
3810,VKPVWMIAQG,4698,True,10,
3811,NGPVWMISQR,4698,True,10,
3812,YAPRFLSAPL,4698,True,10,
3813,YVPVWMVSEG,4698,True,10,
3814,FGPGWMKGAG,4698,True,10,
3815,VSVRQMTASG,4698,True,10,
3816,NAPRWMKGIL,4698,True,10,
3817,GMPRFLSGRY,4698,True,10,
3818,LGPRGMHDWV,4698,True,10,
3819,LQPHWMRSWF,4698,True,10,
3820,LVPRFMKGNI,4698,True,10,
3821,GVPRFMAGKI,4698,True,10,
3822,VRPSWINAKG,4698,True,10,
3823,MVPRWMHDSK,4698,True,10,
3824,PTGRALFAHS,4698,True,10,
3825,AKPVWQNSNG,4698,True,10,
3826,PVPRGVQAHL,4698,True,10,
3827,FHPSWMKGNG,4698,True,10,
3828,KTPKWMRAWI,4698,True,10,
3829,QVPVWMIGYV,4698,True,10,
3830,FGPRNYTASG,4698,True,10,
3831,NMPRMLKFLF,4698,True,10,
3832,QTPRWLKSNG,4698,True,10,
3833,NQPSWIYAGV,4698,True,10,
3834,GFPAWMKGVT,4698,True,10,
3835,QGPSWIVAIV,4698,True,10,
3836,LYPRNMKAEI,4698,True,10,
3837,GSPVWMIGHY,4698,True,10,
3838,TRPSWVKATS,4698,True,10,
3839,TNPIAMWDRG,4698,True,10,
3840,VYPRSLIAWT,4698,True,10,
3841,GSPRWMKDRA,4698,True,10,
3842,GRPRPVSANG,4698,True,10,
3843,GFPRSMRAEF,4698,True,10,
3844,GWPHWLMAQS,4698,True,10,
3845,KQPRNVKAIW,4698,True,10,
3846,LAPRAYHARL,4698,True,10,
3847,GEPAGMNSPF,4698,True,10,
3848,ARPRGMGSGG,4698,True,10,
3849,FNPIHMIASQ,4698,True,10,
3850,MGPGWMTGSL,4698,True,10,
3851,MVPRGQVAIH,4698,True,10,
3852,VYPVWMTASG,4698,True,10,
3853,GQPAWMKGML,4698,True,10,
3854,FTPVWMRGSV,4698,True,10,
3855,KGPAWMKGLT,4698,True,10,
3856,PTVRWMVGNA,4698,True,10,
3857,VYGMHMKGNH,4698,True,10,
3858,PQPAWMSGKA,4698,True,10,
3859,VRPVWMKSVY,4698,True,10,
3860,NKPAWMKGNG,4698,True,10,
3861,SMPRNFHAPK,4698,True,10,
3862,SGPINMRATA,4698,True,10,
3863,ASPRWLAGMW,4698,True,10,
3864,NMPRWMKGAG,4698,True,10,
3865,FDPAWMKAHL,4698,True,10,
3866,ANPVWMRSRF,4698,True,10,
3867,YWPRWITASG,4698,True,10,
3868,ENPAWMKGVH,4698,True,10,
3869,GQPYQMRDSF,4698,True,10,
3870,MYPVWMTASG,4698,True,10,
3871,TSPVWMRANG,4698,True,10,
3872,AWPAWMTASG,4698,True,10,
3873,RWPVGMTASG,4698,True,10,
3874,FGPSHMVAVG,4698,True,10,
3875,NQPAWMKGTI,4698,True,10,
3876,FMPRNVHDEI,4698,True,10,
3877,YHPRNVHGNI,4698,True,10,
3878,PRPRSHASRI,4698,True,10,
3879,CNPRNMTASG,4698,True,10,
3880,KVPSWIMSKQ,4698,True,10,
3881,AMPKWIIGHY,4698,True,10,
3882,LAFSPSPSKA,4698,True,10,
3883,SAPRSMRGWQ,4698,True,10,
3884,WTPRWMQAIH,4698,True,10,
3885,TNPEWMQSNA,4698,True,10,
3886,GMPLGMASGI,4698,True,10,
3887,HFPLNQSGHS,4698,True,10,
3888,GPVQGMKAWL,4698,True,10,
3889,NSPVQMRSHF,4698,True,10,
3890,TPPVWMKSHA,4698,True,10,
3891,YVPRGMHSIG,4698,True,10,
3892,QAPRWMSANA,4698,True,10,
3893,SWSIWMRVQG,4698,True,10,
3894,PYAQWIHGIR,4698,True,10,
3895,MTPRGNKANG,4698,True,10,
3896,NTPAWMTGMW,4698,True,10,
3897,RIPASDYAWL,4698,True,10,
3898,SWPRWMKGSV,4698,True,10,
3899,QVPVWMRGIW,4698,True,10,
3900,SPVFWMTASG,4698,True,10,
3901,YKPAPMASTH,4698,True,10,
3902,AMPRWIASQG,4698,True,10,
3903,TPWGSMKAPA,4698,True,10,
3904,WSPVWMHAPR,4698,True,10,
3905,TLPVHMTASG,4698,True,10,
3906,LDPLGMHGMG,4698,True,10,
3907,VTPKWMVAGF,4698,True,10,
3908,MPVAWMASIR,4698,True,10,
3909,VTPRWLSASK,4698,True,10,
3910,DSPRWLYGWG,4698,True,10,
3911,QNVRWMGSGH,4698,True,10,
3912,HMPRQVHSGQ,4698,True,10,
3913,PTAVWMRGSY,4698,True,10,
3914,NPPSHMADRF,4698,True,10,
3915,HAPRWMTASG,4698,True,10,
3916,ELSLAMTASG,4698,True,10,
3917,EYPRNVRAYQ,4698,True,10,
3918,ISPATMFGVG,4698,True,10,
3919,GQPVPMWSPK,4698,True,10,
3920,FAPNWMAGSG,4698,True,10,
3921,DLPRAVDAKT,4698,True,10,
3922,MSPRWMTASG,4698,True,10,
3923,PTPSWMIDGY,4698,True,10,
3924,INPAWMKGMG,4698,True,10,
3925,ARPSWVTASG,4698,True,10,
3926,ASPRWMTASG,4698,True,10,
3927,GYPRSMRDKV,4698,True,10,
3928,RPGWGLSAST,4698,True,10,
3929,QYPRNVRGHW,4698,True,10,
3930,WRPAGLNSGW,4698,True,10,
3931,YVPRAVKSQG,4698,True,10,
3932,NSPVWMKGSF,4698,True,10,
3933,AWPRGMVAIQ,4698,True,10,
3934,RGPVWMHAIG,4698,True,10,
3935,WQPVWMRSPS,4698,True,10,
3936,RAPVWMKSYK,4698,True,10,
3937,GFPRNVTASG,4698,True,10,
3938,GNPFWMTSRG,4698,True,10,
3939,GPASGMTASG,4698,True,10,
3940,PIPRWVTASG,4698,True,10,
3941,FQPVWMRGPG,4698,True,10,
3942,SAPRNLQATS,4698,True,10,
3943,LHPRWLVAPT,4698,True,10,
3944,QGPGWMKSWH,4698,True,10,
3945,AGPRPMQAIA,4698,True,10,
3946,MNPVWMTGIT,4698,True,10,
3947,TIPRWVTSTV,4698,True,10,
3948,DSPRWMTASG,4698,True,10,
3949,RTPAWMKGWG,4698,True,10,
3950,TSPVQMVAIT,4698,True,10,
3951,TIPYWMTASG,4698,True,10,
3952,PTVPAMQANI,4698,True,10,
3953,VGPRSMKGVW,4698,True,10,
3954,RPPRWIVTPK,4698,True,10,
3955,YQPRGMGAHG,4698,True,10,
3956,SGPSWMHGTA,4698,True,10,
3957,NDPRWLSAEQ,4698,True,10,
3958,NAMAWLMAWF,4698,True,10,
3959,NGPFWMTASG,4698,True,10,
3960,TRPAWMKGVL,4698,True,10,
3961,FEPQWMRARW,4698,True,10,
3962,WYAWGMNSHW,4698,True,10,
3963,SAPRWMGVTL,4698,True,10,
3964,DSPRWMTASG,4698,True,10,
3965,WVPRNVTASG,4698,True,10,
3966,TMPRQVTASG,4698,True,10,
3967,SRPRNMKAES,4698,True,10,
3968,TAPKWMIGKG,4698,True,10,
3969,ADPRWLMAQF,4698,True,10,
3970,YKFLHMTASG,4698,True,10,
3971,GQPRNLGAML,4698,True,10,
3972,MVPGNMHGHA,4698,True,10,
3973,DNPAWMKGQT,4698,True,10,
3974,SQPVPMHASG,4698,True,10,
3975,PTPRNMHDTA,4698,True,10,
3976,MFPNPFTASG,4698,True,10,
3977,ITPRNLHDHI,4698,True,10,
3978,ITPRWITASG,4698,True,10,
3979,AQPSWIRAHF,4698,True,10,
3980,NFPRNMTAVY,4698,True,10,
3981,GIVRWMIGKW,4698,True,10,
3982,MKPRNVKGKG,4698,True,10,
3983,MAPRWMSSWH,4698,True,10,
3984,SAPRWMTGWR,4698,True,10,
3985,SQPVHMYSAH,4698,True,10,
3986,YSPRNYIVMH,4698,True,10,
3987,TQPSWIASGS,4698,True,10,
3988,RPYFAMVANR,4698,True,10,
3989,ERPNWVSAGT,4698,True,10,
3990,KNPAWMKGGK,4698,True,10,
3991,EFARWMQAEH,4698,True,10,
3992,GMPRWVTASG,4698,True,10,
3993,GRPSWMTASG,4698,True,10,
3994,TAPKWMKSLY,4698,True,10,
3995,NPPSHMRDQT,4698,True,10,
3996,VMPRVMSAQM,4698,True,10,
3997,GNPSGMRGHS,4698,True,10,
3998,QSPRWVTASG,4698,True,10,
3999,MAPRGVKAIG,4698,True,10,
4000,VAPKQSHDNW,1880,True,10,
4001,LRPRAVWTPY,1880,True,10,
4002,HSPRGYVGQL,1880,True,10,
4003,VIPRAVIGNW,1880,True,10,
4004,VGWPTSGSGI,1880,True,10,
4005,WFVKWMLGKW,1880,True,10,
4006,VMPRQVIGNQ,1880,True,10,
4007,GYPRAFLGTS,1880,True,10,
4008,IAPRAVYAQY,1880,True,10,
4009,VSPRGVKAEW,1880,True,10,
4010,TGPKVIAGMI,1880,True,10,
4011,VKPFAVYSIR,1880,True,10,
4012,AWPRSFTASG,1880,True,10,
4013,VYVSWMRGNH,1880,True,10,
4014,WTPRGQVFER,1880,True,10,
4015,DHPRAFTASG,1880,True,10,
4016,GKPRGVTASG,1880,True,10,
4017,RLYMNYFSHI,1880,True,10,
4018,AVPRAVHSPV,1880,True,10,
4019,VHPVSYHSMQ,1880,True,10,
4020,GVPRGVHTAS,1880,True,10,
4021,RFPRKVTASG,1880,True,10,
4022,DPPRAVIGTW,1880,True,10,
4023,YTVRGVTASG,1880,True,10,
4024,VEPRNVLSRL,1880,True,10,
4025,TDPYGMTDQF,1880,True,10,
4026,TIPRNVWGHI,1880,True,10,
4027,MAPRFVTGNY,1880,True,10,
4028,MVPWAVHATF,1880,True,10,
4029,DQPVFMRGSG,1880,True,10,
4030,GTPIELYSGY,1880,True,10,
4031,RKPRSVTASG,1880,True,10,
4032,GSVRAVTASG,1880,True,10,
4033,ALFESLYTPG,1880,True,10,
4034,VTPRGNTASG,1880,True,10,
4035,QPRGRRPVPD,1880,True,10,
4036,WTPRLYAGMT,1880,True,10,
4037,MGPRAFSAVG,1880,True,10,
4038,PGPRLYHGPS,1880,True,10,
4039,HTPRGAKQYT,1880,True,10,
4040,YWPSAVYDRT,1880,True,10,
4041,PDVLPMHGKF,1880,True,10,
4042,QAPFAFTASG,1880,True,10,
4043,ARPRGNHSHG,1880,True,10,
4044,FEPQRMWGET,1880,True,10,
4045,YPYRAMYAQI,1880,True,10,
4046,SLYRAMLSPF,1880,True,10,
4047,QDPHGFRGMH,1880,True,10,
4048,FRPLNTASGR,1880,True,10,
4049,AHVWAVRGAV,1880,True,10,
4050,LFPRAFHARS,1880,True,10,
4051,GLPVAFYAHS,1880,True,10,
4052,YLPRAVWAPF,1880,True,10,
4053,MTPRGQTVRA,1880,True,10,
4054,RQPASWIGAV,1880,True,10,
4055,GSPRDILAGG,1880,True,10,
4056,FMPMGMRSLW,1880,True,10,
4057,DSPRQVSAIH,1880,True,10,
4058,DFPASVTSEH,1880,True,10,
4059,GSPRDIYGPT,1880,True,10,
4060,TSPRAVYSPY,1880,True,10,
4061,FTPRMWSAIQ,1880,True,10,
4062,KFPRAVHGWA,1880,True,10,
4063,FGPRFVTDPF,1880,True,10,
4064,MGPRSYMGWG,1880,True,10,
4065,MIPRAVYAIG,1880,True,10,
4066,TGPKGVTQGF,1880,True,10,
4067,PLGYAWSDMT,1880,True,10,
4068,EWYRGMWASI,1880,True,10,
4069,GYPRAFSAES,1880,True,10,
4070,GYPRGVGTAS,1880,True,10,
4071,SDPKGVTASG,1880,True,10,
4072,PHSIPGAYRH,1880,True,10,
4073,WPMGSMYAQF,1880,True,10,
4074,PVPRAVTGQG,1880,True,10,
4075,LIPRPVTASG,1880,True,10,
4076,MGPRAFTASG,1880,True,10,
4077,GVPRAVKSMG,1880,True,10,
4078,WFPRGMSGKG,1880,True,10,
4079,CLPRAVTGPT,1880,True,10,
4080,IGPKSHSTEK,1880,True,10,
4081,QTPRSNISPH,1880,True,10,
4082,GDPKSHQTAS,1880,True,10,
4083,DLPSGWTAQS,1880,True,10,
4084,GDPRAFIGAG,1880,True,10,
4085,GSYQGLTASG,1880,True,10,
4086,MIPRFVMAPW,1880,True,10,
4087,GMPKGSVSRW,1880,True,10,
4088,QRPRSVIGES,1880,True,10,
4089,LYPRAFSAWA,1880,True,10,
4090,GFPQGVTASG,1880,True,10,
4091,EGPRSVYDAL,1880,True,10,
4092,VWPRAFSGLY,1880,True,10,
4093,RIPRPVLSMG,1880,True,10,
4094,ELPTALFATL,1880,True,10,
4095,RMPRQVTDNH,1880,True,10,
4096,TMPRGVISMF,1880,True,10,
4097,NYPRLSYSLT,1880,True,10,
4098,TMPGRFKGMG,1880,True,10,
4099,VQPRSVFGRH,1880,True,10,
4100,TRPLGVYDTF,1880,True,10,
4101,FHGRAIRGWY,1880,True,10,
4102,GCPFMMRGMF,1880,True,10,
4103,TYPWAVTASG,1880,True,10,
4104,WSPRAFTASG,1880,True,10,
4105,DVPRAVSLPV,1880,True,10,
4106,EQVRAVSGEG,1880,True,10,
4107,ADPRAVMAGH,1880,True,10,
4108,GTPRGVKTAS,1880,True,10,
4109,VKPRGVFGAI,1880,True,10,
4110,ALYGSLRAWH,1880,True,10,
4111,VSPRAFTGPG,1880,True,10,
4112,VAPRGVSAEV,1880,True,10,
4113,ESPRSVTASG,1880,True,10,
4114,YLPRAVHGNY,1880,True,10,
4115,ILRPKRPALR,1880,True,10,
4116,KGPRSVTAGF,1880,True,10,
4117,LHPRAFTASG,1880,True,10,
4118,MIPRPVTASG,1880,True,10,
4119,ETPRAWIAIQ,1880,True,10,
4120,RGPVWMKGVA,1880,True,10,
4121,KPTRGIRGSA,1880,True,10,
4122,AMPLGFRSLF,1880,True,10,
4123,VTPRGNTGSQ,1880,True,10,
4124,FAPRSMIGEV,1880,True,10,
4125,FTPRQVSGMV,1880,True,10,
4126,FSARKFIGTG,1880,True,10,
4127,PTPRSYHDPQ,1880,True,10,
4128,EHPRSHRGPF,1880,True,10,
4129,FMPRQVRAVI,1880,True,10,
4130,IMPRQVTASG,1880,True,10,
4131,EWPRILRSMF,1880,True,10,
4132,MICPEWVEMW,1880,True,10,
4133,WFPRAFSGPQ,1880,True,10,
4134,SMPRAYSGTG,1880,True,10,
4135,YFPKSYVGKH,1880,True,10,
4136,ANPVMYVSGL,1880,True,10,
4137,STPRNVMSNV,1880,True,10,
4138,AYPRGVHSTG,1880,True,10,
4139,ALPRYWTASG,1880,True,10,
4140,VMVRAFYSMH,1880,True,10,
4141,PMVRAVTGWL,1880,True,10,
4142,SQPRAVKGPY,1880,True,10,
4143,VMPKAFVSKG,1880,True,10,
4144,DQPRGVRTSI,1880,True,10,
4145,SMVRGVTDPH,1880,True,10,
4146,LYPRAFRSTQ,1880,True,10,
4147,YPVYWMASPG,1880,True,10,
4148,MRPVNYTGMF,1880,True,10,
4149,SGPRITVATA,1880,True,10,
4150,GVPRAVTASG,1880,True,10,known_sequence
4151,KPEPVILFAT,1880,True,10,
4152,YAPRVLVAQT,1880,True,10,
4153,ISPRMLWGEV,1880,True,10,
4154,SVPSGVTASG,1880,True,10,
4155,QWPREVLGPG,1880,True,10,
4156,YMPRQVYGSG,1880,True,10,
4157,GSPASVVGDI,1880,True,10,
4158,IAPRAFTGNF,1880,True,10,
4159,WIPRAFKARV,1880,True,10,
4160,KTPRQVHSWG,1880,True,10,
4161,RPPRGVTASG,1880,True,10,
4162,TYPRAFTGTS,1880,True,10,
4163,DGPYNVTGMS,1880,True,10,
4164,PDPRPVADQL,1880,True,10,
4165,AEANPLWAHS,1880,True,10,
4166,RMPRQVTASG,1880,True,10,
4167,MFVRAFYVAR,1880,True,10,
4168,NYPRSYIGNK,1880,True,10,
4169,GRFYGLFANF,1880,True,10,
4170,CPRVPRTVLA,1880,True,10,
4171,IGPRVGYSGL,1880,True,10,
4172,GTVRGLSTAS,1880,True,10,
4173,HMPRQVMGSI,1880,True,10,
4174,YFPRGVTASG,1880,True,10,
4175,TPRDIYSDEV,1880,True,10,
4176,KFPASQRGAW,1880,True,10,
4177,VQPSGWTDPS,1880,True,10,
4178,YGPRSYRGMT,1880,True,10,
4179,SIPTRLFSTG,1880,True,10,
4180,YTVHAMSAEG,1880,True,10,
4181,PIPAGVHAMG,1880,True,10,
4182,PVPRAVSAWL,1880,True,10,
4183,MNPAGVKGWF,1880,True,10,
4184,FRTMWLVGWL,1880,True,10,
4185,PYAKPWTSPF,1880,True,10,
4186,VHVFAIYGPH,1880,True,10,
4187,VGPRGVTSIH,1880,True,10,
4188,YIPTAFHSMA,1880,True,10,
4189,IQPRGVKNQI,1880,True,10,
4190,TMPRAVWGIT,1880,True,10,
4191,FSRAHRMVSP,1880,True,10,
4192,WFPFKYQAGR,1880,True,10,
4193,TIPRGQTGNY,1880,True,10,
4194,PDVRAVYSMH,1880,True,10,
4195,PRPLNVTASG,1880,True,10,
4196,GEPRNVRGNV,1880,True,10,
4197,WSPLKQYSTL,1880,True,10,
4198,GFPRAFVSGA,1880,True,10,
4199,ALAYHMYSGL,1880,True,10,
4200,TPVHGMIGWA,1880,True,10,
4201,IVAKPFMSGW,1880,True,10,
4202,GYPAKVRAQT,1880,True,10,
4203,QTPRQVLSNG,1880,True,10,
4204,LYPRGVSAPG,1880,True,10,
4205,SNVKGMYSPR,1880,True,10,
4206,GTPRSQVGNG,1880,True,10,
4207,TKPFWMTGEF,1880,True,10,
4208,VGPRAVRSNW,1880,True,10,
4209,DFPRGQTASG,1880,True,10,
4210,GTPTGLFSLY,1880,True,10,
4211,MPRIARYIMY,1880,True,10,
4212,LRVRGVLAIG,1880,True,10,
4213,GRPRGVTAQV,1880,True,10,
4214,ENPRNVRANH,1880,True,10,
4215,LNAQGMTDWG,1880,True,10,
4216,VYPGKMTGVY,1880,True,10,
4217,MTPRGNKGSL,1880,True,10,
4218,PSPRGVTASG,1880,True,10,
4219,AGPRSVTASG,1880,True,10,
4220,VGPVEVLAWF,1880,True,10,
4221,TSVFWMRGTK,1880,True,10,
4222,MTPRGNTGHF,1880,True,10,
4223,PIVKGMYGNQ,1880,True,10,
4224,WLVYGMRGTF,1880,True,10,
4225,FDVKGMRSMA,1880,True,10,
4226,KGPLPVFGTG,1880,True,10,
4227,FVPSWVRSTR,1880,True,10,
4228,YDSYPYGVLH,1880,True,10,
4229,TPVAWFWVTI,1880,True,10,
4230,VAPRAVKDIY,1880,True,10,
4231,STPLYWYVSG,1880,True,10,
4232,VDPRGMTGVH,1880,True,10,
4233,DVPRGVTASG,1880,True,10,
4234,LTVRAVQGPS,1880,True,10,
4235,MVPRGVTDRA,1880,True,10,
4236,SGPLKVATTA,1880,True,10,
4237,VSPRGVTASG,1880,True,10,
4238,WVPKGVRSNR,1880,True,10,
4239,RFPRAFLGVF,1880,True,10,
4240,MIPRPVMGPL,1880,True,10,
4241,QRPRSFYGAV,1880,True,10,
4242,ESTPRQHAGW,1880,True,10,
4243,VNPAYMWGPV,1880,True,10,
4244,GYPKGMRTAS,1880,True,10,
4245,QVPRAVYAGR,1880,True,10,
4246,IHPRGVHAPV,1880,True,10,
4247,TSPVQLSGHV,1880,True,10,
4248,VKPAYWRGNT,1880,True,10,
4249,RPVAKMWGLG,1880,True,10,
4250,ENPYKMAGAV,1880,True,10,
4251,TKVLWMQGIT,1880,True,10,
4252,DGPRAVAATI,1880,True,10,
4253,ILVRAVSGIK,1880,True,10,
4254,MYPVPVRGPW,1880,True,10,
4255,VCPRAVMAHG,1880,True,10,
4256,NPGFYMTSNY,1880,True,10,
4257,GAPRYWTASG,1880,True,10,
4258,SRPRTLVSMH,1880,True,10,
4259,EGPSWIMSGG,1880,True,10,
4260,SGPRAVFGTA,1880,True,10,
4261,GGPRSHTASG,1880,True,10,
4262,GVPRAVTGMT,1880,True,10,
4263,TKPVYYISPH,1880,True,10,
4264,IGPSGVTASG,1880,True,10,
4265,VKPSGVKAVA,1880,True,10,
4266,ADPYPWIGAR,1880,True,10,
4267,RPTWALYSTS,1880,True,10,
4268,PLVWNYWAER,1880,True,10,
4269,VIPRPVRGVI,1880,True,10,
4270,AYHQSLMAIS,1880,True,10,
4271,NTPRGQRTVA,1880,True,10,
4272,PMARYLWPMH,1880,True,10,
4273,GTPVGITDIH,1880,True,10,
4274,LHPRSRSVAT,1880,True,10,
4275,AIPVPMWPSK,1880,True,10,
4276,GVPKGVMGPG,1880,True,10,
4277,TEPRNVMGPV,1880,True,10,
4278,MVPRAVISGK,1880,True,10,
4279,CGPKLIRAPH,1880,True,10,
4280,SGISWMRGTA,1880,True,10,
4281,ATPEGMSDVL,1880,True,10,
4282,LVPVGVTASG,1880,True,10,
4283,TIPRPVWANG,1880,True,10,
4284,NQPRGVYDIS,1880,True,10,
4285,VSISWMFGWK,1880,True,10,
4286,VFPAYFHAWK,1880,True,10,
4287,IGYRAMHGWV,1880,True,10,
4288,MPHRAMTASG,1880,True,10,
4289,SWPRQVFAKV,1880,True,10,
4290,GVPRAVSTAS,1880,True,10,
4291,EVARASTASG,1880,True,10,
4292,MVPKGVTASG,1880,True,10,
4293,NSPRGVTASG,1880,True,10,
4294,FVPRGVSDVY,1880,True,10,
4295,MFPLAVLSHG,1880,True,10,
4296,PFPRAVLGMV,1880,True,10,
4297,QTPLGQIDTR,1880,True,10,
4298,HTVYWMQGMS,1880,True,10,
4299,AGVRAVWAPH,1880,True,10,
4300,TMPRAFIAGK,1880,True,10,
4301,DYPRAVHGMR,1880,True,10,
4302,TMPVQMVSVF,1880,True,10,
4303,IGSRALSGTG,1880,True,10,
4304,IKPAEKVTAS,1880,True,10,
4305,TRPLGVGSMT,1880,True,10,
4306,YRPTGFRAVH,1880,True,10,
4307,DTVFGMRTWG,1880,True,10,
4308,QRPRGNTGLH,1880,True,10,
4309,VHPRFRSDEF,1880,True,10,
4310,FVPKQVRSIV,1880,True,10,
4311,FMPRQVHYGR,1880,True,10,
4312,YSPKGVIDVG,1880,True,10,
4313,VWPRLQANPG,1880,True,10,
4314,MRPAGVKVPY,1880,True,10,
4315,VPPRVFTASG,1880,True,10,
4316,FMPRNYIGPL,1880,True,10,
4317,FSPLAVHAPG,1880,True,10,
4318,HPPKGVMGSY,1880,True,10,
4319,VIPKPVLANR,1880,True,10,
4320,CGPRAVKSQH,1880,True,10,
4321,DNVAWMSGAK,1880,True,10,
4322,VHWRALTASY,1880,True,10,
4323,RSPRGVQANS,1880,True,10,
4324,PVPVPFWAIK,1880,True,10,
4325,EQPRAVHAMI,1880,True,10,
4326,WLPVAIWDVY,1880,True,10,
4327,FKPVNMWGHR,1880,True,10,
4328,VFPKGMRTWT,1880,True,10,
4329,TSVFWLASGV,1880,True,10,
4330,GDPRASTASG,1880,True,10,
4331,MLVRAVTSPW,1880,True,10,
4332,STPRQVSAPW,1880,True,10,
4333,FYVRAVWAGL,1880,True,10,
4334,PQPAKVWGNV,1880,True,10,
4335,MPVGWMYGIW,1880,True,10,
4336,GVPRLVHSPH,1880,True,10,
4337,TLPVAILGAF,1880,True,10,
4338,QDARAMWGTS,1880,True,10,
4339,YEDPAEGQVP,1880,True,10,
4340,FVPVWMSGAF,1880,True,10,
4341,FGPSAFTDVA,1880,True,10,
4342,FDVLGMHGTI,1880,True,10,
4343,ESVRAVYSKV,1880,True,10,
4344,VRPRTLTASR,1880,True,10,
4345,RKPRNSYGTY,1880,True,10,
4346,GLPRAVTASG,1880,True,10,
4347,NPYTLIFSGY,1880,True,10,
4348,PDPKGMRSWG,1880,True,10,
4349,SRPRMLFAPQ,1880,True,10,
4350,IGPRNVYDHL,1880,True,10,
4351,QGPKGETASG,1880,True,10,
4352,VMPRAFRGSF,1880,True,10,
4353,SLARAVIAKT,1880,True,10,
4354,HSPRAVTDIV,1880,True,10,
4355,KIPRNVQGPI,1880,True,10,
4356,SGPRGVTASG,1880,True,10,
4357,ITPRQVRAEW,1880,True,10,
4358,SVPGVLHAHF,1880,True,10,
4359,GFPRGVTASG,1880,True,10,
4360,MLPRAYTASG,1880,True,10,
4361,VPPLGVKSTY,1880,True,10,
4362,GTPSGVATAS,1880,True,10,
4363,IWPLGVTSVS,1880,True,10,
4364,TQPRGVTASG,1880,True,10,
4365,KAPAGWKDPT,1880,True,10,
4366,RTPKGNTASG,1880,True,10,
4367,LNPRNVFGAG,1880,True,10,
4368,YKVRMLYSPQ,1880,True,10,
4369,VFVYGMRSVH,1880,True,10,
4370,VYPSGWRTAS,1880,True,10,
4371,GRPRQVTASG,1880,True,10,
4372,ASPRAVLSGY,1880,True,10,
4373,LWISWMRHKI,1880,True,10,
4374,SQPHAFVAVG,1880,True,10,
4375,STPKGNWTNA,1880,True,10,
4376,YTPKQSIGPF,1880,True,10,
4377,VDLSGFTSGS,1880,True,10,
4378,GIPRPVWSVG,1880,True,10,
4379,LGMPLRFQNM,1880,True,10,
4380,RTPKGVIKIY,1880,True,10,
4381,PNPGKYWGPW,1880,True,10,
4382,QVGYALWGQW,1880,True,10,
4383,IGPKVLFSPG,1880,True,10,
4384,KTPRGVSDST,1880,True,10,
4385,TSPFKYWAGT,1880,True,10,
4386,YDPRGAVSQF,1880,True,10,
4387,SMPRMLSGKA,1880,True,10,
4388,MTPRGSIAWA,1880,True,10,
4389,QSPRKFTASG,1880,True,10,
4390,IAPRYWRGMW,1880,True,10,
4391,VAPRVRSVQG,1880,True,10,
4392,MAYFSMVANG,1880,True,10,
4393,CVPRQVRAGH,1880,True,10,
4394,ITPVWYKGHW,1880,True,10,
4395,SGPRGVTATA,1880,True,10,
4396,QPVGWMYGTI,1880,True,10,
4397,GMPRGVISPG,1880,True,10,
4398,PAPRGVISRG,1880,True,10,
4399,SVPSWLSDGR,1880,True,10,
4400,WTPLGNFGPH,1451,True,10,
4401,TAPVHMYNTG,1451,True,10,
4402,QYPSWLYGIY,1451,True,10,
4403,RTPLGWFGRS,1451,True,10,
4404,GAPRYWRVWG,1451,True,10,
4405,QTPRQVIGVG,1451,True,10,
4406,SRPLNYAGPY,1451,True,10,
4407,QSPRMLAGWV,1451,True,10,
4408,WEPRGNTGLG,1451,True,10,
4409,PFPRNYAGPR,1451,True,10,
4410,RVPKWVIGTG,1451,True,10,
4411,QSPRGYTNTL,1451,True,10,
4412,SWPKGMRTEG,1451,True,10,
4413,SVPSWVLSEV,1451,True,10,
4414,VPPKWIYGQG,1451,True,10,
4415,TLPLNWRGSY,1451,True,10,
4416,EYPRSWTASG,1451,True,10,
4417,NVPYWMYSQK,1451,True,10,
4418,TGPSWMSGPQ,1451,True,10,
4419,GVPRGVYGKH,1451,True,10,
4420,VPPRFLYSNV,1451,True,10,
4421,YWPAQMRGAF,1451,True,10,
4422,MLPRYWLGIR,1451,True,10,
4423,GTPLGQINWT,1451,True,10,
4424,PQPRNVHGWT,1451,True,10,
4425,RVPQWIWGNY,1451,True,10,
4426,MDPYPQRGKW,1451,True,10,
4427,VTPRAQSGQA,1451,True,10,
4428,QSPRWVHTPH,1451,True,10,
4429,GSPLNSRGVY,1451,True,10,
4430,SWPRSYQSPG,1451,True,10,
4431,KAPSHWIGPA,1451,True,10,
4432,FTPIEVTSPQ,1451,True,10,
4433,GVPVWMIGEG,1451,True,10,
4434,FHPVWMTGMY,1451,True,10,
4435,QNPRYWFGRG,1451,True,10,
4436,LRALAWIGAV,1451,True,10,
4437,YAPSHWTASG,1451,True,10,
4438,VKPSGWISPQ,1451,True,10,
4439,FMPSGWFARV,1451,True,10,
4440,SPGRAMYGPH,1451,True,10,
4441,VSPRKFTGWH,1451,True,10,
4442,VDPYGMRTST,1451,True,10,
4443,QAPVGYTGWA,1451,True,10,
4444,TGPSWIFAGV,1451,True,10,
4445,MQPRFLYGPW,1451,True,10,
4446,TVGYGMHSTH,1451,True,10,
4447,TIPYNWRVTS,1451,True,10,
4448,ANPAPYQGPT,1451,True,10,
4449,VQPRSYIGWG,1451,True,10,
4450,FTPRARSGHW,1451,True,10,
4451,GPPRSWTASG,1451,True,10,
4452,QSPVQMWGMT,1451,True,10,
4453,TIPMWSQDVL,1451,True,10,
4454,QIPAWFLGVT,1451,True,10,
4455,NWPAWMKGVD,1451,True,10,
4456,YAPSWMASGR,1451,True,10,
4457,NMPRGMSGQI,1451,True,10,
4458,TSPSWVHATH,1451,True,10,
4459,TSPKWFYGAG,1451,True,10,
4460,HIPSWSLGMR,1451,True,10,
4461,TCPVPMWGNM,1451,True,10,
4462,GLPRSWLGVG,1451,True,10,
4463,TYPRAFSGRY,1451,True,10,
4464,HTPVGMYSLH,1451,True,10,
4465,PMPRSYIGVS,1451,True,10,
4466,VFPQSWSTKI,1451,True,10,
4467,SGPSGWTASG,1451,True,10,
4468,VQPRSWLGPG,1451,True,10,
4469,TNPIMLHGWY,1451,True,10,
4470,GIPLNQSTAS,1451,True,10,
4471,GTPVSMVGRT,1451,True,10,
4472,MGPWGQMSNW,1451,True,10,
4473,MGPQWFYGEA,1451,True,10,
4474,VNPRSYRGVY,1451,True,10,
4475,TGPYSWRGMG,1451,True,10,
4476,CSPRKYHGNQ,1451,True,10,
4477,LHPLSWHGTG,1451,True,10,
4478,HSPWSWRGAV,1451,True,10,
4479,KTPSWLHGSG,1451,True,10,
4480,TFPSGWYGMH,1451,True,10,
4481,LFPAGWHGRY,1451,True,10,
4482,TNPVMYQGPH,1451,True,10,
4483,GHPYNWTASG,1451,True,10,
4484,VMPGYFHGRG,1451,True,10,
4485,TYPQWMRTFL,1451,True,10,
4486,ARPRTLVGVS,1451,True,10,
4487,NLPTALVGQS,1451,True,10,
4488,PWPEWIRGIW,1451,True,10,
4489,GHPVWMRGSH,1451,True,10,
4490,MPPRYWYGQT,1451,True,10,
4491,PMPKQYRGTI,1451,True,10,
4492,VQPRNYHGAG,1451,True,10,
4493,MDPRNVWGPH,1451,True,10,
4494,SCPTAFYNQR,1451,True,10,
4495,FSPVQMWGAR,1451,True,10,
4496,CTPFSYLQNG,1451,True,10,
4497,VHPYGFRGWR,1451,True,10,
4498,NSPLGYWGQG,1451,True,10,
4499,SDPIPIYGPR,1451,True,10,
4500,PAPASWRTPS,1451,True,10,
4501,QPPHAFYGRA,1451,True,10,
4502,GYPRAFRTAS,1451,True,10,
4503,WNPAGFRGMR,1451,True,10,
4504,VSPQGVTASG,1451,True,10,
4505,MYPSWMRGWH,1451,True,10,
4506,PVPRYWIGHY,1451,True,10,
4507,ANPRSYIGLQ,1451,True,10,
4508,GSPRQVFGIH,1451,True,10,
4509,ISPRWYSGMS,1451,True,10,
4510,RFPLKPWGHK,1451,True,10,
4511,SVPYWMQSPH,1451,True,10,
4512,GMPAHWTGVG,1451,True,10,
4513,YSPRSYIGQL,1451,True,10,
4514,TVDVPKSHCI,1451,True,10,
4515,PMPRYWYGWH,1451,True,10,
4516,TQPSPFWGAT,1451,True,10,
4517,PRPRSYFSQT,1451,True,10,
4518,MLPSGWYNPG,1451,True,10,
4519,QNTMWLFGHW,1451,True,10,
4520,MVPYGQTGMQ,1451,True,10,
4521,QNPAQWRGRG,1451,True,10,
4522,MLPRYWRGMQ,1451,True,10,
4523,GPWRAFYASF,1451,True,10,
4524,GYPRAFYGPF,1451,True,10,
4525,AVPVWMHGRF,1451,True,10,
4526,AFPSGWTASG,1451,True,10,
4527,GIPRPFLAGI,1451,True,10,
4528,QYPSWILGVL,1451,True,10,
4529,THPSWLFGWY,1451,True,10,
4530,FSPSGWTASG,1451,True,10,
4531,NGPYNWRGYH,1451,True,10,
4532,DLPYAWRGTR,1451,True,10,
4533,HTPSGWTAWG,1451,True,10,
4534,QHPYAWRGAF,1451,True,10,
4535,TNPFWMVGPI,1451,True,10,
4536,GTPSWLTGIQ,1451,True,10,
4537,PGPRAYRGVK,1451,True,10,
4538,SRPRQYRGSF,1451,True,10,
4539,SFPRAFWGPS,1451,True,10,
4540,VYPAGFWSGS,1451,True,10,
4541,MQPRSYIGVW,1451,True,10,
4542,SPPQWIRNAH,1451,True,10,
4543,PTPRGQLGMR,1451,True,10,
4544,MGPQWMHGSG,1451,True,10,
4545,YNPSGWRTWH,1451,True,10,
4546,GVPQWVTGPW,1451,True,10,
4547,QWVGHMYGWH,1451,True,10,
4548,VKPAPFWGTA,1451,True,10,
4549,YNPAGVRGMH,1451,True,10,
4550,FIPTGWRSLW,1451,True,10,
4551,GPPRSWTGQT,1451,True,10,
4552,GVPRAVRDLT,1451,True,10,
4553,TNPYGNYGPT,1451,True,10,
4554,GTPRGVYTAS,1451,True,10,
4555,IPFYSLIGES,1451,True,10,
4556,RPFQSLIGNH,1451,True,10,
4557,MTPRYWRGHH,1451,True,10,
4558,YDPSWITGQL,1451,True,10,
4559,YPAQGMYSHK,1451,True,10,
4560,KGPAPFMNWH,1451,True,10,
4561,TSPVAYWGQK,1451,True,10,
4562,AWPAWMRGIG,1451,True,10,
4563,QGPRAFWGMG,1451,True,10,
4564,GDPFWMRGLF,1451,True,10,
4565,LMPRYWSGLY,1451,True,10,
4566,DHPRGYIGRQ,1451,True,10,
4567,EGPYNWRGPW,1451,True,10,
4568,EHPAQWVNWI,1451,True,10,
4569,IMCHACWIGL,1451,True,10,
4570,CSPRWIMAPG,1451,True,10,
4571,FMPGWQANPG,1451,True,10,
4572,ENPNGWTAWH,1451,True,10,
4573,CVPNAWISIT,1451,True,10,
4574,NWPSWMTGTK,1451,True,10,
4575,LTPRYWYGQY,1451,True,10,
4576,LSPRYWQGSM,1451,True,10,
4577,ENPRNIFGSQ,1451,True,10,
4578,IFPANHRGSG,1451,True,10,
4579,TAPSWIYGNQ,1451,True,10,
4580,HLPTAFSDAW,1451,True,10,
4581,PMPWFMYNWQ,1451,True,10,
4582,MDPQWMRGKR,1451,True,10,
4583,SNPFGQAGPH,1451,True,10,
4584,HEPLGQYSNR,1451,True,10,
4585,RYPLHWLGEY,1451,True,10,
4586,SDPSWIKGTH,1451,True,10,
4587,QAPRFILGQY,1451,True,10,
4588,AQPASWRGSQ,1451,True,10,
4589,RSPSSYLGHG,1451,True,10,
4590,YWFLHMAGVG,1451,True,10,
4591,GQPASWRTAS,1451,True,10,
4592,KNPRYWRSQS,1451,True,10,
4593,PCPYNQIGNI,1451,True,10,
4594,VGPQSWRGMY,1451,True,10,
4595,QNPVPMLGWY,1451,True,10,
4596,PAPRFMHNTG,1451,True,10,
4597,LCPTAFAGRQ,1451,True,10,
4598,LGPRSWTNVA,1451,True,10,
4599,TGPKSQFGNV,1451,True,10,
4600,KHPVWMLGSH,1451,True,10,
4601,GDPRAFRGEG,1451,True,10,
4602,DVPRGVTGVR,1451,True,10,
4603,MTPLGWYGAT,1451,True,10,
4604,DVPRGSIGLG,1451,True,10,
4605,LRPRSYFGPY,1451,True,10,
4606,GEPFGFWGSQ,1451,True,10,
4607,WQPQPFTASG,1451,True,10,
4608,LNPSWIANQF,1451,True,10,
4609,RYPRSMYGPK,1451,True,10,
4610,RWPASWRGMY,1451,True,10,
4611,GFPRAFRGSH,1451,True,10,
4612,SIPLVQYNGG,1451,True,10,
4613,ASPRYWIGTI,1451,True,10,
4614,KGPSGWIANG,1451,True,10,
4615,AQPVPMINWG,1451,True,10,
4616,CKPAGWRGQQ,1451,True,10,
4617,KNPRNYLGHG,1451,True,10,
4618,YPAYNFQGSK,1451,True,10,
4619,GDPYAMQNPG,1451,True,10,
4620,YIPTAFAGMH,1451,True,10,
4621,SPRNPRAGPP,1451,True,10,
4622,PGPYFMWNWT,1451,True,10,
4623,FRPRSWRSGA,1451,True,10,
4624,SMPRMLTGRT,1451,True,10,
4625,VRPSWIWGQY,1451,True,10,
4626,NYPSWILGKI,1451,True,10,
4627,HPPRSYLGVQ,1451,True,10,
4628,TPPSSWMSWG,1451,True,10,
4629,LEPRNYHGHQ,1451,True,10,
4630,GQPSWILNHG,1451,True,10,
4631,GPPRSWQDTY,1451,True,10,
4632,YGPHSFVAQW,1451,True,10,
4633,FYPRSYLGHA,1451,True,10,
4634,MFPRGQQNMQ,1451,True,10,
4635,YGPRSYQGQT,1451,True,10,
4636,HEPRNYFGTQ,1451,True,10,
4637,RPPVAFYGNR,1451,True,10,
4638,AWAQPFRYWA,1451,True,10,
4639,WAPRNYLGPW,1451,True,10,
4640,EYPSWLWGSY,1451,True,10,
4641,VTPKWMRGQW,1451,True,10,
4642,VMPGWMASMT,1451,True,10,
4643,QMPRYWHGLG,1451,True,10,
4644,GSPRSWIDVT,1451,True,10,
4645,NPPSWIHSLK,1451,True,10,
4646,NHPSAQSGTG,1451,True,10,
4647,SEPRNYRGWG,1451,True,10,
4648,EGPQSWRTAS,1451,True,10,
4649,PIPSWSLGHS,1451,True,10,
4650,GMPRYMLGPT,1451,True,10,
4651,GIPRYMHGSG,1451,True,10,
4652,YGPSWITGPL,1451,True,10,
4653,MTPLGQYSVF,1451,True,10,
4654,LKPAPWRNEQ,1451,True,10,
4655,GVPRAFRGQH,1451,True,10,
4656,QVPRGWTASG,1451,True,10,
4657,TSPVDYTGTA,1451,True,10,
4658,GLPASWFTAS,1451,True,10,
4659,PVPRYWYGEQ,1451,True,10,
4660,HTPHGMTGWV,1451,True,10,
4661,IVPYPFRGMH,1451,True,10,
4662,GHPSWFQGAH,1451,True,10,
4663,GNPAYFRGPW,1451,True,10,
4664,DYPRAFQGPW,1451,True,10,
4665,YCPTGLYAIQ,1451,True,10,
4666,LTPRYQYGDL,1451,True,10,
4667,PWPQAWRGWG,1451,True,10,
4668,GWPREVRTAS,1451,True,10,
4669,EQPSWIYGPQ,1451,True,10,
4670,NFPRGMRGEG,1451,True,10,
4671,GKPSGVYGNQ,1451,True,10,
4672,NIPVPFTASG,1451,True,10,
4673,NYPRSWLGTG,1451,True,10,
4674,TMPRPYWGMW,1451,True,10,
4675,QRPASWQTRS,1451,True,10,
4676,FNPIPMLGAW,1451,True,10,
4677,KPVQGMYGAH,1451,True,10,
4678,GWPRGVTASG,1451,True,10,
4679,TEPQWMHGPT,1451,True,10,
4680,GAPRSYHGWK,1451,True,10,
4681,YMPKGQTGVH,1451,True,10,
4682,GMPRYMHGIY,1451,True,10,
4683,TFPASWRSPW,1451,True,10,
4684,PHPRFMYGTR,1451,True,10,
4685,TDPSWIMQGT,1451,True,10,
4686,RIPRPVWSQI,1451,True,10,
4687,YLPRAVMGPG,1451,True,10,
4688,QNPSWILGPT,1451,True,10,
4689,GFPLGMHGNL,1451,True,10,
4690,QMPRYMWGMG,1451,True,10,
4691,IQPQWVWTSV,1451,True,10,
4692,TPWGSMYGNS,1451,True,10,
4693,LSPRMLYGPG,1451,True,10,
4694,QVPRYWQGET,1451,True,10,
4695,VDPLGWQTGL,1451,True,10,
4696,AGPAPLWGNT,1451,True,10,
4697,NYPRGMRNAH,1451,True,10,
4698,QAPRYWYQPV,1451,True,10,
4699,MQPRSWSNWQ,1451,True,10,
4700,SFPRAFRDAT,1451,True,10,
4701,EFPQWITGVG,1451,True,10,
4702,SYPRAFLGNR,1451,True,10,
4703,TAPRSYTGMH,1451,True,10,
4704,PLPRSWHDMQ,1451,True,10,
4705,VWPRGSTGQG,1451,True,10,
4706,GPALGMYGLF,1451,True,10,
4707,DPPRFMQGEY,1451,True,10,
4708,QTPRNWLGNQ,1451,True,10,
4709,TNPRNYAGHV,1451,True,10,
4710,RQPRYWHSMG,1451,True,10,
4711,GSPRGVHGHA,1451,True,10,
4712,AIPRPVLGEI,1451,True,10,
4713,ELYMSLFRIY,1451,True,10,
4714,MWPAEWRGPV,1451,True,10,
4715,PFPRLQRGEG,1451,True,10,
4716,WYPLHWRGSW,1451,True,10,
4717,TIPYAWHGPW,1451,True,10,
4718,FWPSGWRTEG,1451,True,10,
4719,YDPKGMRNQT,1451,True,10,
4720,GQPSWIYGVR,1451,True,10,
4721,ELPYSWISWV,1451,True,10,
4722,RQPRNYTGVI,1451,True,10,
4723,SGPVNYLSTA,1451,True,10,
4724,FNPIPFWNMY,1451,True,10,
4725,EMPLGMSNRW,1451,True,10,
4726,QRPLQYWSGV,1451,True,10,
4727,NAPAWMKGWH,1451,True,10,
4728,PEPAYWRGNQ,1451,True,10,
4729,QVPRAWKGNA,1451,True,10,
4730,TIPVWMHGPH,1451,True,10,
4731,EDPRGMSGNR,1451,True,10,
4732,VKPVNYRGAR,1451,True,10,
4733,KIPRPYTGPH,1451,True,10,
4734,NYPRAFHGQG,1451,True,10,
4735,RQPRQVIGIA,1451,True,10,
4736,QTPRSNRGNF,1451,True,10,
4737,FMPQGMRGLR,1451,True,10,
4738,NPPFALWDGY,1451,True,10,
4739,WTPRGSTGEG,1451,True,10,
4740,QVPRGQTGMW,1451,True,10,
4741,RYLGYLHGMV,1451,True,10,
4742,QEPYSWRGTW,1451,True,10,
4743,NTPRYMHGSH,1451,True,10,
4744,ATPRSWLGKY,1451,True,10,
4745,IMPKWIRGAS,1451,True,10,
4746,WGPQHWSGTY,1451,True,10,
4747,VPPRTLSGHW,1451,True,10,
4748,PTPRYQIGNG,1451,True,10,
4749,FPPSGWRDPQ,1451,True,10,
4750,HGPRSYWGAS,1451,True,10,
4751,VWPRGMSGIS,1451,True,10,
4752,RGPSYWIGPF,1451,True,10,
4753,WVPHWMLGPY,1451,True,10,
4754,VSPRQVYNMT,1451,True,10,
4755,SGPRAYVGTA,1451,True,10,
4756,SLPISWMNTH,1451,True,10,
4757,ATPESWFGVA,1451,True,10,
4758,MIPASWIGWG,1451,True,10,
4759,MQPRAYRGWS,1451,True,10,
4760,PAPRSYHGGY,1451,True,10,
4761,ADPYGMTASG,1451,True,10,
4762,VIPAWMHSIG,1451,True,10,
4763,AGPSGWQVNT,1451,True,10,
4764,DGPAPMIGRT,1451,True,10,
4765,PVPRGVTDEG,1451,True,10,
4766,YFPRSYIGIG,1451,True,10,
4767,WTPYGQTGYA,1451,True,10,
4768,LIPRPVHSTW,1451,True,10,
4769,PMAGDPLGWG,1451,True,10,
4770,GWPSWMRGHG,1451,True,10,
4771,GIPFAFYGIR,1451,True,10,
4772,VMPSGFWGQV,1451,True,10,
4773,FWPRGSYTEA,1451,True,10,
4774,PTPRSWTASG,1451,True,10,
4775,GQPRSYMGPQ,1451,True,10,
4776,ILPRAVLGRQ,1451,True,10,
4777,SFPKWMRGAG,1451,True,10,
4778,SRPRMLYGVK,1451,True,10,
4779,QTPSWLYGRT,1451,True,10,
4780,HQPRYWYGRS,1451,True,10,
4781,GRPRPVTASG,1451,True,10,
4782,VTPRSWLGWV,1451,True,10,
4783,TGPQSWRTWH,1451,True,10,
4784,SPVYNFWGPF,1451,True,10,
4785,GEPFSWRTAS,1451,True,10,
4786,QHPIHMIGVF,1451,True,10,
4787,GMPLGFWGAF,1451,True,10,
4788,MFPASWTASG,1451,True,10,
4789,IMPKQYQGQW,1451,True,10,
4790,NDPLSWRGPW,1451,True,10,
4791,TWPQGMHTPG,1451,True,10,
4792,GPPRSYQGHG,1451,True,10,
4793,VYPYGQMGMW,1451,True,10,
4794,QRPKGVRGHG,1451,True,10,
4795,IFPMSWTAWL,1451,True,10,
4796,WCPLSWLGRG,1451,True,10,
4797,CAPNAYLGPR,1451,True,10,
4798,FIPRPVYGHY,1451,True,10,
4799,VRPSGWTGQA,1451,True,10,
4800,DKPSGVTASG,13513,True,10,
4801,SEPRGVAGWH,13513,True,10,
4802,TYPRGQTASG,13513,True,10,
4803,PNPRGPVGPG,13513,True,10,
4804,KSPRYMRGAW,13513,True,10,
4805,MYVQGMRNLQ,13513,True,10,
4806,PMPRGVHVQG,13513,True,10,
4807,VEPRNQTVHI,13513,True,10,
4808,HYPRGQAGWG,13513,True,10,
4809,WPVSAGSTEG,13513,True,10,
4810,RHPSAFRNMG,13513,True,10,
4811,TAPRGVRSVI,13513,True,10,
4812,MSPRKFTASG,13513,True,10,known_sequence
4813,GQPEGAMGHR,13513,True,10,
4814,WGVAWMRGYH,13513,True,10,
4815,IVPRVQASWG,13513,True,10,
4816,GMPKGQISHY,13513,True,10,
4817,KTPKGQIGPQ,13513,True,10,
4818,FSRKFRVPLE,13513,True,10,
4819,TRPRGVTVTA,13513,True,10,
4820,TKVRDMYSWV,13513,True,10,
4821,YNPRGVHDTG,13513,True,10,
4822,LRPSGMTASG,13513,True,10,
4823,VTPRGNRGQG,13513,True,10,
4824,SGPRAVWATA,13513,True,10,
4825,MTPRGNTASG,13513,True,10,
4826,AHARELIGMS,13513,True,10,
4827,TPPRSWTNVH,13513,True,10,
4828,SEAFSMYSMA,13513,True,10,
4829,PEASAHMSTR,13513,True,10,
4830,YNVRGMHGSI,13513,True,10,
4831,FIPTGVHAGF,13513,True,10,
4832,ATASWMHGSY,13513,True,10,
4833,AMPRAVASEG,13513,True,10,
4834,MHPRGVTASG,13513,True,10,
4835,VPPRGVTYRS,13513,True,10,
4836,AYGMPGRNSP,13513,True,10,
4837,QRPRSMSGEA,13513,True,10,
4838,DAPRGNTSWA,13513,True,10,
4839,RHPRSYSVKH,13513,True,10,
4840,ISPRSWTNQH,13513,True,10,
4841,LYPRGNVKWG,13513,True,10,
4842,PFARSMLGMS,13513,True,10,
4843,WVPRGVKVQF,13513,True,10,
4844,QRWSAFQATA,13513,True,10,
4845,RPAQDKLAIG,13513,True,10,
4846,APRARRANVA,13513,True,10,
4847,FRPRSYTSRG,13513,True,10,
4848,HGPRSYSAVQ,13513,True,10,
4849,EQPRNVYGQR,13513,True,10,
4850,VFWSGMRAQA,13513,True,10,
4851,FRPLGQSGEL,13513,True,10,
4852,TKPSWVTASG,13513,True,10,
4853,IHVRGVYGTF,13513,True,10,
4854,CNPRGVRTMR,13513,True,10,
4855,GEWRAMAVPS,13513,True,10,
4856,RVPRGVHGSQ,13513,True,10,
4857,RIPRSYMGRG,13513,True,10,
4858,GRPRSMTGVF,13513,True,10,
4859,HPPRGSRAMV,13513,True,10,
4860,MRPRGQVGLA,13513,True,10,
4861,VQPRSGTNTY,13513,True,10,
4862,KWPRGSYGAK,13513,True,10,
4863,YAYSWMRANR,13513,True,10,
4864,HTPRGMVGYG,13513,True,10,
4865,KWPRGQANWR,13513,True,10,
4866,YPVRAFRGHG,13513,True,10,
4867,SFPRGVTASG,13513,True,10,
4868,NVPVWMRGMA,13513,True,10,
4869,NKPVWMRGPA,13513,True,10,
4870,VKPRGVTGWK,13513,True,10,
4871,FAPRPVYARK,13513,True,10,
4872,GSPRGQTASG,13513,True,10,
4873,PIPRPVIDTS,13513,True,10,
4874,LRPAGVTGWQ,13513,True,10,
4875,HFWNSLMAWW,13513,True,10,
4876,MPPRSFLGVA,13513,True,10,
4877,MAPRSSQTQA,13513,True,10,
4878,GYVRGMTASG,13513,True,10,
4879,LTPRQYIGVH,13513,True,10,
4880,TWPRMVLSPV,13513,True,10,
4881,GPPRGSRTGS,13513,True,10,
4882,YWPRGNRSQG,13513,True,10,
4883,HFPRGMWSNR,13513,True,10,
4884,EFPRGNTGVW,13513,True,10,
4885,WFWSAGTMNA,13513,True,10,
4886,SYRTFRLVND,13513,True,10,
4887,PTPRGNRSRG,13513,True,10,
4888,GPVRAVRAGT,13513,True,10,
4889,LWPRGNMGKA,13513,True,10,
4890,KPVSAFYGKQ,13513,True,10,
4891,VGPSGFQSGT,13513,True,10,
4892,SRNPNQAGTM,13513,True,10,
4893,QRPRGQSQSL,13513,True,10,
4894,TIPVEHGNRV,13513,True,10,
4895,PMPRSYRSNG,13513,True,10,
4896,YMPRGQVRQD,13513,True,10,
4897,VPPRAVYAKG,13513,True,10,
4898,YPARGNVSRS,13513,True,10,
4899,TGPRGNQAVI,13513,True,10,
4900,HTPQWVTAQG,13513,True,10,
4901,ANPSGSMGEG,13513,True,10,
4902,RSRHPRSVEF,13513,True,10,
4903,PMARYLTASG,13513,True,10,known_sequence
4904,CGPRASYGKA,13513,True,10,
4905,MAPRGVHGAG,13513,True,10,
4906,GMARLYFGNR,13513,True,10,
4907,PRPRGVAGGR,13513,True,10,
4908,FVPRGVTGMW,13513,True,10,
4909,ETPRGWHAMT,13513,True,10,
4910,PTPRSKYGEM,13513,True,10,
4911,RWPMAFYGNT,13513,True,10,
4912,VIPRAVYAWG,13513,True,10,
4913,APLSWVHGAH,13513,True,10,
4914,MYPRAFSAVT,13513,True,10,
4915,RIPRSNRGHQ,13513,True,10,
4916,LMVRAVTGAS,13513,True,10,
4917,INPAWGMGPI,13513,True,10,
4918,FIPVNMQSPW,13513,True,10,
4919,RMPAHMIGHT,13513,True,10,
4920,QHFMSNRSIV,13513,True,10,
4921,GMPRSVLSRT,13513,True,10,
4922,NYPMGMHSTA,13513,True,10,
4923,PVPRGVTVPV,13513,True,10,
4924,NSTRWLHTGT,13513,True,10,
4925,YKPRGNTVQR,13513,True,10,
4926,PSPRAFYGAG,13513,True,10,
4927,STVRGVHAST,13513,True,10,
4928,FKTRNMTNMK,13513,True,10,
4929,IYPRGQTSNL,13513,True,10,
4930,VFPASWAGTW,13513,True,10,
4931,NVPRGVTVEQ,13513,True,10,
4932,PRPRSRINLV,13513,True,10,
4933,VFKPDSPVHN,13513,True,10,
4934,KSPRAYISWT,13513,True,10,
4935,FYPAGMRGHY,13513,True,10,
4936,MNVRGVTASG,13513,True,10,
4937,RKVAWMIGPF,13513,True,10,
4938,HFPRWRMYWG,13513,True,10,
4939,FYVRGMHSIQ,13513,True,10,
4940,KNPRGQVGPH,13513,True,10,
4941,LSPRGYQSAF,13513,True,10,
4942,ERVRGVTASG,13513,True,10,
4943,AMGRAVRGLG,13513,True,10,
4944,NQPSGWTASG,13513,True,10,
4945,HLPTAFTAHY,13513,True,10,
4946,VNPVGMRYQW,13513,True,10,
4947,GFPRASYGWK,13513,True,10,
4948,IPVRAQSGRF,13513,True,10,
4949,YHPRGSVAIH,13513,True,10,
4950,ALPRSWVRHI,13513,True,10,
4951,SVPRGVTASG,13513,True,10,
4952,VGPRGVKSNV,13513,True,10,
4953,PTPRQWTSAV,13513,True,10,
4954,DMPRNQIGQR,13513,True,10,
4955,VFRHRRTYLG,13513,True,10,
4956,GQPSWVRTAS,13513,True,10,
4957,AVPRLSWSKA,13513,True,10,
4958,DKWRGMHAKR,13513,True,10,
4959,FAPSGPENPS,13513,True,10,
4960,MTPRGQTVWA,13513,True,10,
4961,YPCFRQAYLK,13513,True,10,
4962,VWPSGMTASG,13513,True,10,
4963,VGPRASWSNQ,13513,True,10,
4964,RFVRGVTASG,13513,True,10,
4965,YMPRGVTVNF,13513,True,10,
4966,VQPRGMAAEV,13513,True,10,
4967,IRPAWMKGQT,13513,True,10,
4968,HAPRGVTVWA,13513,True,10,
4969,IFSLAWASTG,13513,True,10,
4970,SMPRSYMALY,13513,True,10,
4971,VTPRGNWGPG,13513,True,10,
4972,MGPMGMKGMH,13513,True,10,
4973,AIPRWSRGSG,13513,True,10,
4974,AVPRGVRTEG,13513,True,10,
4975,TYMRLPYAMT,13513,True,10,
4976,TKPRGVTASG,13513,True,10,
4977,GVPRAVTGPV,13513,True,10,
4978,LIPAWLYGEH,13513,True,10,
4979,QMPKQAGQGF,13513,True,10,
4980,VIPRPVKAEW,13513,True,10,
4981,RQPRGVTASG,13513,True,10,
4982,SYPRLYTASG,13513,True,10,
4983,GFPRSMQTAS,13513,True,10,
4984,WMVRGMRYSV,13513,True,10,
4985,SPVQGMVNGH,13513,True,10,
4986,HMPRGQTSNG,13513,True,10,
4987,PVPRAVIGWK,13513,True,10,
4988,QAPRGVTAKS,13513,True,10,
4989,RAPLPFYGPG,13513,True,10,
4990,PKPSGVTASG,13513,True,10,
4991,SFPRAQVGHW,13513,True,10,
4992,WTPSGNVFSN,13513,True,10,
4993,GYVRAHTASG,13513,True,10,
4994,VQPRGNAGNH,13513,True,10,
4995,VHPRAFTGSY,13513,True,10,
4996,GAPRGFKVPH,13513,True,10,
4997,YMVRGQTGHI,13513,True,10,
4998,VFPSGMVGPF,13513,True,10,
4999,MAPRFMLDEA,13513,True,10,
5000,MTPRGNKGSW,13513,True,10,
5001,IPRVMRSFEG,13513,True,10,
5002,GIPRAFHGEI,13513,True,10,
5003,WKPRNVQTKT,13513,True,10,
5004,NGARAMWGTM,13513,True,10,
5005,PTPRGSTVSQ,13513,True,10,
5006,CPLSWVTASG,13513,True,10,
5007,YRPVNMHGPA,13513,True,10,
5008,KTPRGPYDAG,13513,True,10,
5009,NPVRAVYANL,13513,True,10,
5010,SIPRPVSATA,13513,True,10,
5011,TVPKWSMNPH,13513,True,10,
5012,IAPRGSNTQK,13513,True,10,
5013,QYPRGNHSAW,13513,True,10,
5014,GTPRAFAGNG,13513,True,10,
5015,SKMFSMYDWF,13513,True,10,
5016,TGPSWIHSQY,13513,True,10,
5017,YAPGWMSTQA,13513,True,10,
5018,VQPRGQVGTG,13513,True,10,
5019,GIPRPVWGNW,13513,True,10,
5020,PVPRGVTASG,13513,True,10,
5021,KQPRGVRGWT,13513,True,10,
5022,FGPSGWTASG,13513,True,10,
5023,RKPAPWTASG,13513,True,10,known_sequence
5024,MLPRAVFVNR,13513,True,10,
5025,TVTQNWRGIG,13513,True,10,
5026,WKPAGNRGQG,13513,True,10,
5027,YSPRKMYSMT,13513,True,10,
5028,AVPWQVTASG,13513,True,10,
5029,PTPRGSYGIG,13513,True,10,
5030,YFPRWVMAQH,13513,True,10,
5031,EQPRGNTGTS,13513,True,10,
5032,KMPRSWTNPV,13513,True,10,
5033,CYGRAMRGVQ,13513,True,10,
5034,TAPSGMAGPW,13513,True,10,
5035,PAPRSTHTSG,13513,True,10,
5036,EVPRAWTASG,13513,True,10,
5037,KYPRGNTGQT,13513,True,10,
5038,KFPRAFSAEF,13513,True,10,
5039,YQPRGNRAVG,13513,True,10,
5040,QTPKGQAYAG,13513,True,10,
5041,CYPRGSTGAT,13513,True,10,
5042,APKPRKYVSW,13513,True,10,
5043,HPVRAWRSNG,13513,True,10,
5044,TGRFARFHYP,13513,True,10,
5045,APRWPVYAWA,13513,True,10,
5046,NGPSWVMAGA,13513,True,10,
5047,IQPRNVLNKR,13513,True,10,
5048,QARPKRLAYW,13513,True,10,
5049,FRPRSWRSWA,13513,True,10,
5050,VPWRAGTGIN,13513,True,10,
5051,YGPRSNRSTG,13513,True,10,
5052,SKPVPYMSGW,13513,True,10,
5053,LGPRSYRSPL,13513,True,10,
5054,QPVRGQTASG,13513,True,10,
5055,KTPRGVTASG,13513,True,10,
5056,TEPVGQVNRY,13513,True,10,
5057,RTPRGNTGLG,13513,True,10,
5058,HNGRAVRSEG,13513,True,10,
5059,LMPRSWTNSA,13513,True,10,
5060,LHPRGNSGVH,13513,True,10,
5061,PQPVPFRGMQ,13513,True,10,
5062,VMVRHVLGKG,13513,True,10,
5063,CTVKWMYGVI,13513,True,10,
5064,MVRQKRPWLV,13513,True,10,
5065,GRPRGVTASG,13513,True,10,
5066,HMPRAFSNGY,13513,True,10,
5067,VSPASWVASG,13513,True,10,
5068,CQPVEMRGWS,13513,True,10,
5069,AMRKRRTLPF,13513,True,10,
5070,GACAPGYMWA,13513,True,10,
5071,HRPRGVTGKA,13513,True,10,
5072,EHPRGNRSGS,13513,True,10,
5073,FIPRAWRGKQ,13513,True,10,
5074,PWPVEGRSGS,13513,True,10,
5075,ANPRGMHSPR,13513,True,10,
5076,YQPRAVTASG,13513,True,10,
5077,ATPRGQHAQS,13513,True,10,
5078,FSPRMLFSVT,13513,True,10,
5079,GNPSGFTASG,13513,True,10,
5080,WQPRGVTASG,13513,True,10,
5081,MDPIPMYSTS,13513,True,10,
5082,LFPGSMHNTL,13513,True,10,
5083,GHPRGQSTAS,13513,True,10,
5084,TNPKWMRGVR,13513,True,10,
5085,MFPHGMKTEK,13513,True,10,
5086,ATVRSMYDPG,13513,True,10,
5087,KAPSGWIGVF,13513,True,10,
5088,YQPRGVKDVY,13513,True,10,
5089,GIPRAVYGPY,13513,True,10,
5090,NYPRSNRGVT,13513,True,10,
5091,CTPRGSRTVS,13513,True,10,
5092,QMHRAMYGRS,13513,True,10,
5093,SAPRAVTASG,13513,True,10,
5094,GPGRAMHGRS,13513,True,10,
5095,QHPIGMRSIV,13513,True,10,
5096,SKPAGVKSEF,13513,True,10,
5097,TSPRAFSVMT,13513,True,10,
5098,GQPRGVTTAS,13513,True,10,
5099,FTPRVYIAVA,13513,True,10,
5100,RFPRAFRAPG,13513,True,10,
5101,VEARAWASWG,13513,True,10,
5102,RHPLAFLVPT,13513,True,10,
5103,PMPRGQRTNG,13513,True,10,
5104,AWPRGVTASG,13513,True,10,
5105,IWPRPVWGVH,13513,True,10,
5106,WMPRGNHGTG,13513,True,10,
5107,FYVARGIGRG,13513,True,10,
5108,KLPRAVTASG,13513,True,10,
5109,HEARGMDAIQ,13513,True,10,
5110,AVPRAVHDEL,13513,True,10,
5111,KLPRPSFGSG,13513,True,10,
5112,TNPRGVKQEW,13513,True,10,
5113,MGPRFMHGNY,13513,True,10,
5114,FQPRNVTASG,13513,True,10,
5115,HLPRAVHSWH,13513,True,10,
5116,TRPGWMHGIA,13513,True,10,
5117,MVPRGVTASG,13513,True,10,
5118,NVPRGVRAVH,13513,True,10,
5119,NAFRHMRAQG,13513,True,10,
5120,PMPRQVMGAS,13513,True,10,
5121,YVPRAVIAWI,13513,True,10,
5122,PDPAWMKGKQ,13513,True,10,
5123,PSPRAVIGLH,13513,True,10,
5124,TLPRAVKDQF,13513,True,10,
5125,YMPRGQTASG,13513,True,10,
5126,KPPRGVTASG,13513,True,10,
5127,EQPSWVHGIF,13513,True,10,
5128,AYPRGSAFRA,13513,True,10,
5129,NFVRSVRAMT,13513,True,10,
5130,GMPRAVMGPH,13513,True,10,
5131,VEPRNVFVPG,13513,True,10,
5132,TIPRAVKAKD,13513,True,10,
5133,CAPVHMRAEH,13513,True,10,
5134,QTPRGQVGSN,13513,True,10,
5135,AVPRGVTASG,13513,True,10,
5136,ISVWGVRSIR,13513,True,10,
5137,IQPRNVYATQ,13513,True,10,
5138,PLRARRPYQW,13513,True,10,
5139,PSPRGVRSGH,13513,True,10,
5140,AIPRPVLSPG,13513,True,10,
5141,YSPRMYAGAR,13513,True,10,
5142,NGPYAMRGNF,13513,True,10,
5143,IFPRAFRNLY,13513,True,10,
5144,AQPRGNTGMG,13513,True,10,
5145,SYPRAFWSPH,13513,True,10,
5146,EKPKGMRTEY,13513,True,10,
5147,GMPRAFSAMG,13513,True,10,
5148,IDVRAVRSQH,13513,True,10,
5149,YVPRGVAVPR,13513,True,10,
5150,VYPRGNTGMG,13513,True,10,
5151,KTVIGMRSWF,13513,True,10,
5152,GRLRNVYGEQ,13513,True,10,
5153,AKPRGNRGNG,13513,True,10,
5154,HCPRNVHVPQ,13513,True,10,
5155,RARPYIASWN,13513,True,10,
5156,TQPRSWRTNW,13513,True,10,
5157,TCPMWSPRGR,13513,True,10,
5158,SMGRAMAGWG,13513,True,10,
5159,GAPRGSHTAS,13513,True,10,
5160,PTPRGNSVPT,13513,True,10,
5161,QDPRMNTASG,13513,True,10,
5162,PRPRGNASVI,13513,True,10,
5163,NFVRGMHAPH,13513,True,10,
5164,FGPRSVRSEV,13513,True,10,
5165,HWPRGPLAHT,13513,True,10,
5166,FIPYHWDSQG,13513,True,10,
5167,WNWRAMSAPA,13513,True,10,
5168,ISPRGVTASG,13513,True,10,
5169,ETIAWQHSNG,13513,True,10,
5170,WVPRGVTVPG,13513,True,10,
5171,VGPEGQAGSG,13513,True,10,
5172,FQPRAVTASG,13513,True,10,
5173,TSPRWYTGTH,13513,True,10,
5174,QDPRAVHSHS,13513,True,10,
5175,SGASGMTASG,13513,True,10,
5176,GSPYGQMTAS,13513,True,10,
5177,VYPVGMRSMW,13513,True,10,
5178,KKPRGNTGQI,13513,True,10,
5179,RVPRGVKSMY,13513,True,10,
5180,MMPRQVFGSG,13513,True,10,
5181,YIPRGVHDVG,13513,True,10,
5182,GRPRSVIVKA,13513,True,10,
5183,HTQSYLIAPR,13513,True,10,
5184,YGPSGMTASG,13513,True,10,
5185,ATPEGTVSKW,13513,True,10,
5186,AGPSGQSGHF,13513,True,10,
5187,ERPRSVSAWS,13513,True,10,
5188,IMVRGVHARH,13513,True,10,
5189,THSMHYTGTK,13513,True,10,
5190,FGVRAMTASG,13513,True,10,
5191,KGPRSWTKTG,13513,True,10,
5192,ANPRGNTASG,13513,True,10,
5193,WAPRGATVIG,13513,True,10,
5194,CSPRGNWANH,13513,True,10,
5195,AFETDPFDVP,13513,True,10,
5196,ITPRGNRGHL,13513,True,10,
5197,CSPSGWTASG,13513,True,10,
5198,AHPRGVTASG,13513,True,10,
5199,RVPRQVAGWK,13513,True,10,
5200,ALPRYWMSVW,10158,True,10,
5201,HTPKQLIGIW,10158,True,10,
5202,LTPRQLYGQG,10158,True,10,
5203,PIPTAFRAQL,10158,True,10,
5204,PVPRVLWGNF,10158,True,10,
5205,RVPKLLYGVH,10158,True,10,
5206,KGPKLMRSRF,10158,True,10,
5207,SGPKLLIGTA,10158,True,10,
5208,NRIYELWSTI,10158,True,10,
5209,PNVRGMSGNA,10158,True,10,
5210,YGPMRMIGQT,10158,True,10,
5211,TNPLGQIGWK,10158,True,10,
5212,TRPSAMHTWG,10158,True,10,
5213,KAPLKFWGET,10158,True,10,
5214,IKPRPQSGHV,10158,True,10,
5215,WAPRQVWGLL,10158,True,10,
5216,WMPRQVWTML,10158,True,10,
5217,PARIKRPAKH,10158,True,10,
5218,GVPRGVTTAS,10158,True,10,
5219,KSPALYHGWY,10158,True,10,
5220,RPPSAFRGPH,10158,True,10,
5221,RRPSAMYGLF,10158,True,10,
5222,AYPKQMRGVG,10158,True,10,
5223,MNPKLIYGIT,10158,True,10,
5224,PQVRYLYSWA,10158,True,10,
5225,TPVSWMRGWT,10158,True,10,
5226,ARPRQVTASG,10158,True,10,
5227,MRPRTLVSVW,10158,True,10,
5228,PGPKQMYGQT,10158,True,10,
5229,PGVRPLWMSG,10158,True,10,
5230,GVPRGVRTAS,10158,True,10,known_sequence
5231,LGPRSHTASG,10158,True,10,
5232,TKVLWLWGPQ,10158,True,10,
5233,MAPRGSYGWN,10158,True,10,
5234,RWPRQVRGMG,10158,True,10,
5235,GAPAGVQTAS,10158,True,10,
5236,VGPKLMFSLW,10158,True,10,
5237,GSPRGVHTAS,10158,True,10,
5238,PTPRSRTASG,10158,True,10,
5239,VTVIELYATH,10158,True,10,
5240,TEPSRMIGQS,10158,True,10,
5241,MLPRQVKGRY,10158,True,10,
5242,TPVLWLWGWG,10158,True,10,
5243,PAVAQLYGKF,10158,True,10,
5244,TRPSWVYDKF,10158,True,10,
5245,FIPYGFLGNW,10158,True,10,
5246,FMPRQMHSEV,10158,True,10,
5247,RPPRSWLTHF,10158,True,10,
5248,VDPSGWTASG,10158,True,10,
5249,ERARMLWGIY,10158,True,10,
5250,IGPVFLRSTS,10158,True,10,
5251,RMPRQVMGPH,10158,True,10,
5252,DQPFRLYGPF,10158,True,10,
5253,DPPRGVKAMS,10158,True,10,
5254,RMPRQVWGRL,10158,True,10,
5255,SRARAMYGSF,10158,True,10,
5256,NAPAKMYGAH,10158,True,10,
5257,PFMNKSWITA,10158,True,10,
5258,GDPRSWTNGI,10158,True,10,
5259,PTPKQRDASY,10158,True,10,
5260,TNPSGWTASG,10158,True,10,
5261,ASPRQVWAWQ,10158,True,10,
5262,MRPRDIRASL,10158,True,10,
5263,WKPARLYGAY,10158,True,10,
5264,NVPVELTGPG,10158,True,10,
5265,DMPKQLVGPY,10158,True,10,
5266,QMPRGVFGNV,10158,True,10,
5267,GQPRGVHDHK,10158,True,10,
5268,GKPAPVWSNF,10158,True,10,
5269,GLPRYWISNQ,10158,True,10,
5270,VGPKRLYDGS,10158,True,10,
5271,YVPKQVRSGH,10158,True,10,
5272,GAPRGSMSPG,10158,True,10,
5273,AQPRDVFALI,10158,True,10,
5274,GPPRGVTASG,10158,True,10,
5275,NPQTRLYVGN,10158,True,10,
5276,CGPRPIRAMF,10158,True,10,
5277,VGPSGVTASG,10158,True,10,
5278,YFVRGMHGQK,10158,True,10,
5279,MGPKQMRSEV,10158,True,10,
5280,SPALDMLSTY,10158,True,10,
5281,EHVRGMRGWI,10158,True,10,
5282,DQPAGVTSQL,10158,True,10,
5283,THPKGMVNER,10158,True,10,
5284,PAPKLWYGYK,10158,True,10,
5285,ITPKQLWGIT,10158,True,10,
5286,NWPRERSVPL,10158,True,10,
5287,IAPAKLYSNH,10158,True,10,
5288,PVPKLQSGWK,10158,True,10,
5289,GSVMGLITAS,10158,True,10,
5290,VHPRSQTDIL,10158,True,10,
5291,GVPRAVTASG,10158,True,10,known_sequence
5292,WAPKGNRGVW,10158,True,10,
5293,VPPRDIYGVK,10158,True,10,
5294,LAPRGNVGEQ,10158,True,10,
5295,QPRHKRALSF,10158,True,10,
5296,VMPRQVWGRI,10158,True,10,
5297,RSPRKFWGAI,10158,True,10,
5298,VAPKLIRGKW,10158,True,10,
5299,GVPRQVRGHW,10158,True,10,
5300,GTEFRMYGTL,10158,True,10,
5301,ISPRQVFSEK,10158,True,10,
5302,TVPKQVIAPG,10158,True,10,
5303,VFPSGWTASG,10158,True,10,
5304,GMPRYMYGAL,10158,True,10,
5305,MPRPRRAPTN,10158,True,10,
5306,HYPRNVTGLY,10158,True,10,
5307,KGPRQVTDKQ,10158,True,10,
5308,VTPRQVFSRG,10158,True,10,
5309,FVPRKLYSNF,10158,True,10,
5310,CHPRSLTAHR,10158,True,10,
5311,RMPRQVWGNR,10158,True,10,
5312,PQPARLWGEW,10158,True,10,
5313,HFDPDLTASG,10158,True,10,
5314,GAHPQLVGKV,10158,True,10,
5315,GPPRDIQGEA,10158,True,10,
5316,MTPKQMWSQW,10158,True,10,
5317,KTPRQVIGSL,10158,True,10,
5318,RGPVGMIAGW,10158,True,10,
5319,WRPRQVTASG,10158,True,10,
5320,TWPRELGARQ,10158,True,10,
5321,AKDIPDPFPS,10158,True,10,
5322,IERPKRVYWP,10158,True,10,
5323,MPRKERPKPQ,10158,True,10,
5324,RPPSHFIAVW,10158,True,10,
5325,GPPRTLVGEK,10158,True,10,
5326,PTPRSNRGFV,10158,True,10,
5327,FTPIEVKGES,10158,True,10,
5328,IVPRTLHAQW,10158,True,10,
5329,GKPRQVWDTH,10158,True,10,
5330,GSPKQVRTAS,10158,True,10,
5331,TRPRQVTVHY,10158,True,10,
5332,MPPRQVHGWQ,10158,True,10,
5333,IRPRPVYSNH,10158,True,10,
5334,KGPKQLMGEQ,10158,True,10,
5335,SRPRSYIGVS,10158,True,10,
5336,LMPSRLFTQY,10158,True,10,
5337,LVPRGVHSNS,10158,True,10,
5338,QSVRGMSNKQ,10158,True,10,
5339,MQPKQVSVHG,10158,True,10,
5340,MTPRQVYGRA,10158,True,10,
5341,VTPRQVIVWA,10158,True,10,
5342,KIPASLIGHA,10158,True,10,
5343,NDPIELWGPH,10158,True,10,
5344,IWPRELRANF,10158,True,10,
5345,GWLRQMWSPF,10158,True,10,
5346,GVPKQVKGEF,10158,True,10,
5347,KYPRGWSGIT,10158,True,10,
5348,AVPSWIRNTL,10158,True,10,
5349,GSPVALKGPF,10158,True,10,
5350,DSPKQVRGPT,10158,True,10,
5351,PHPSPFWNRF,10158,True,10,
5352,FNPVMLYGEY,10158,True,10,
5353,AGPKLIWGAY,10158,True,10,
5354,KQPKWMSAIG,10158,True,10,
5355,RTPRQLISGK,10158,True,10,
5356,HVPRQVNYNW,10158,True,10,
5357,NVPRAVWSAH,10158,True,10,
5358,VTPKQLYGNG,10158,True,10,
5359,QGPKSHVGIW,10158,True,10,
5360,RPVYGLWGQW,10158,True,10,
5361,KYPRQYFSER,10158,True,10,
5362,VKPRKVTGSF,10158,True,10,
5363,AMPLGVKARW,10158,True,10,
5364,KTPRQLYSTK,10158,True,10,
5365,PQPSTLFNPY,10158,True,10,
5366,KDPKELYGSL,10158,True,10,
5367,ASPKLLWDWY,10158,True,10,
5368,STPRKLKGNW,10158,True,10,
5369,GQPKLIRGSH,10158,True,10,
5370,MRPKGVKDPW,10158,True,10,
5371,SRPRWLTGWF,10158,True,10,
5372,VNPAKMYGMH,10158,True,10,
5373,GTPRELYGPF,10158,True,10,
5374,PAVRAVTGWG,10158,True,10,
5375,MCYMSLWGPT,10158,True,10,
5376,SGPRVLYTTA,10158,True,10,
5377,QDPKQMRGIQ,10158,True,10,
5378,WAPVGMTASG,10158,True,10,
5379,SAVRGVRSLH,10158,True,10,
5380,WRPREVTASG,10158,True,10,
5381,KQPRTLVSWG,10158,True,10,
5382,KDVYNLWGEH,10158,True,10,
5383,GQPRGVKTAS,10158,True,10,
5384,SVPKLLFGRL,10158,True,10,
5385,ENVRGVRGWF,10158,True,10,
5386,RTPSWLWGTS,10158,True,10,
5387,IHPLDFRASG,10158,True,10,
5388,KTPSKLYAPH,10158,True,10,
5389,MPISYMWGTA,10158,True,10,
5390,PTPRQLYANI,10158,True,10,
5391,GRPRQVHTAS,10158,True,10,
5392,GVPRGVSVGA,10158,True,10,
5393,IPRMRRVSYP,10158,True,10,
5394,GRPRTVSTAS,10158,True,10,
5395,TRPRQVSDHT,10158,True,10,
5396,REPRQVIDVW,10158,True,10,
5397,WQPREVWGVY,10158,True,10,
5398,HPPSGWRGNW,10158,True,10,
5399,GWPSEVRAWS,10158,True,10,
5400,GKPRDIKSEL,10158,True,10,
5401,GTPRSWYSLF,10158,True,10,
5402,TIPKQNRGMN,10158,True,10,
5403,LRPKLIFSGI,10158,True,10,
5404,PQPAEWRGSF,10158,True,10,
5405,VPPKQLIGMV,10158,True,10,
5406,VGPAGVTAWK,10158,True,10,
5407,VGPRGVHART,10158,True,10,
5408,SPRVRKIALT,10158,True,10,
5409,WLPRGVTSAW,10158,True,10,
5410,PGPESYRDIK,10158,True,10,
5411,SAPRTLVSTW,10158,True,10,
5412,MQPRTLSVMH,10158,True,10,
5413,VGPKLMHSQA,10158,True,10,
5414,ASKIPGYVRV,10158,True,10,
5415,GMPKQVWNHG,10158,True,10,
5416,NSPRGQISVW,10158,True,10,
5417,PAPERVIAPG,10158,True,10,
5418,WIPVGYTGNY,10158,True,10,
5419,TAPKLIWGMQ,10158,True,10,
5420,GQPRSWTASG,10158,True,10,
5421,SMPRQVFSKG,10158,True,10,
5422,MPRQKRSASL,10158,True,10,
5423,VVPRGLSGPW,10158,True,10,
5424,GPPRDVLSPQ,10158,True,10,
5425,GAPRGVKTAS,10158,True,10,
5426,FDPLSWRGQW,10158,True,10,
5427,TMPRQVWSHG,10158,True,10,
5428,MKPKQLTAGW,10158,True,10,
5429,GPPSKLYSNY,10158,True,10,
5430,NGPRQVTASG,10158,True,10,
5431,VPPKQVISWF,10158,True,10,
5432,EHPRQVHAPG,10158,True,10,
5433,PAPMKVWGWF,10158,True,10,
5434,RPPRSFHAPY,10158,True,10,
5435,GSPVGLHGVA,10158,True,10,
5436,GSPKLIWGQY,10158,True,10,
5437,KRPRMLWAVF,10158,True,10,
5438,GMPKQVWTAS,10158,True,10,
5439,FSPRAFRDRA,10158,True,10,
5440,QVPRKLYNIF,10158,True,10,
5441,APPVAFSKEL,10158,True,10,
5442,WGPKGMRSNG,10158,True,10,
5443,HNPFKYRSPM,10158,True,10,
5444,IPRYVYWMGF,10158,True,10,
5445,VPPRQVRAPF,10158,True,10,
5446,ALKFAPLSHP,10158,True,10,
5447,ARPADLSGEG,10158,True,10,
5448,SQVRAVYSPH,10158,True,10,
5449,GQPRTLYTAS,10158,True,10,
5450,NHWYGMRSTY,10158,True,10,
5451,GLPTALWSHF,10158,True,10,
5452,ESPRQVWNWT,10158,True,10,
5453,SRPRTLVAVY,10158,True,10,
5454,VKPKLQSGPW,10158,True,10,
5455,KGPKLILSTR,10158,True,10,
5456,KIPASVFSWF,10158,True,10,
5457,PHPRGMWGQS,10158,True,10,
5458,AMPRSWIGWQ,10158,True,10,
5459,GAPRQVITAS,10158,True,10,
5460,RSPKGVTASG,10158,True,10,
5461,PAPWGVWTST,10158,True,10,
5462,GVPRGVRTAS,10158,True,10,known_sequence
5463,DSPLKLYDMI,10158,True,10,
5464,VMPRSHWNAI,10158,True,10,
5465,MNPKQVRGWH,10158,True,10,
5466,TSPKLDRSEV,10158,True,10,
5467,TAPKLLIGPG,10158,True,10,
5468,ESPRAFLGAG,10158,True,10,
5469,EVPVELWTRG,10158,True,10,
5470,WPPREVTASG,10158,True,10,
5471,CSPLGQIGAS,10158,True,10,
5472,CKPKWMQGIT,10158,True,10,
5473,GQPRALYTAS,10158,True,10,
5474,LVPRAVRGHG,10158,True,10,
5475,VHPRKVFGAS,10158,True,10,
5476,TKPSKLFDPS,10158,True,10,
5477,PPQYKNYFWT,10158,True,10,
5478,ATPSGQWYPI,10158,True,10,
5479,VQPRSWIGSH,10158,True,10,
5480,AGPGRITGIY,10158,True,10,
5481,GHPRAFIGLS,10158,True,10,
5482,PTPVELYGQL,10158,True,10,
5483,DVPKQVRNKS,10158,True,10,
5484,RTPKQMRGVL,10158,True,10,
5485,RMPRAFRGST,10158,True,10,
5486,GMPRQVFGTS,10158,True,10,
5487,VSPQKLYGAK,10158,True,10,
5488,IMPRQVMTSH,10158,True,10,
5489,LAPRYWRGNV,10158,True,10,
5490,MPVYNLHGKA,10158,True,10,
5491,GRPRKYWGRL,10158,True,10,
5492,NRPRTLFSPS,10158,True,10,
5493,RGVRAVYGNH,10158,True,10,
5494,AGPSTLFNPV,10158,True,10,
5495,APPRQVIVRW,10158,True,10,
5496,NRPSKLYAPA,10158,True,10,
5497,RQPRQVWTAK,10158,True,10,
5498,DRPRQVTGQW,10158,True,10,
5499,GKPRQYFGVH,10158,True,10,
5500,YRPKGMKGQT,10158,True,10,
5501,ASPRQVWYRV,10158,True,10,
5502,KRPAQMSAPL,10158,True,10,
5503,MTPKQLWSIY,10158,True,10,
5504,PVPRGVFDAQ,10158,True,10,
5505,MAPRQVWAPH,10158,True,10,
5506,RAPLPVWSAS,10158,True,10,
5507,WHPRGQVFQI,10158,True,10,
5508,GPPMAVTASG,10158,True,10,
5509,IAPAKIWGMG,10158,True,10,
5510,CYVRGMTGQT,10158,True,10,
5511,GSVMRLVSRK,10158,True,10,
5512,DFPQGMRDKV,10158,True,10,
5513,LNRIERSVKG,10158,True,10,
5514,QSPVQMVGPW,10158,True,10,
5515,PAPSRFWGNV,10158,True,10,
5516,GTVRAVYGRK,10158,True,10,
5517,SDLWKLYRNY,10158,True,10,
5518,YPPRAFSAIQ,10158,True,10,
5519,RSPRKVHSPK,10158,True,10,
5520,MRPRDIAGTI,10158,True,10,
5521,GVPKLLYGQY,10158,True,10,
5522,MLPRAVWSVS,10158,True,10,
5523,GSPRDMYGNK,10158,True,10,
5524,YRPRTLGQNK,10158,True,10,
5525,THPRGLYSEH,10158,True,10,
5526,ITPKQLWGWA,10158,True,10,
5527,GRPRGVHYWF,10158,True,10,
5528,KMPRQVLASV,10158,True,10,
5529,GPPRAVIGVH,10158,True,10,
5530,AKPARVFGQK,10158,True,10,
5531,TVASWFTASG,10158,True,10,
5532,WQPKSLFNGW,10158,True,10,
5533,YRPRSWAGKW,10158,True,10,
5534,RDVLGLIGPF,10158,True,10,
5535,AVPKQVSGWG,10158,True,10,
5536,VQPSGWTASG,10158,True,10,
5537,NDWKEALPKF,10158,True,10,
5538,KRKPLYNSNW,10158,True,10,
5539,FGPKSFRTWV,10158,True,10,
5540,KPPRGYTGVG,10158,True,10,
5541,ASVKGMYGMH,10158,True,10,
5542,MAPQRFRNLW,10158,True,10,
5543,FWVSYLWGWK,10158,True,10,
5544,SMPKQLRGEW,10158,True,10,
5545,GVPKLVIGWR,10158,True,10,
5546,TVPQNVHGTA,10158,True,10,
5547,MGPKQMRGNI,10158,True,10,
5548,YAPGRLYSQY,10158,True,10,
5549,VTPSGWTASG,10158,True,10,
5550,VLAKPRMAWQ,10158,True,10,
5551,GMPLGVYSNW,10158,True,10,
5552,GRPKLLYAWS,10158,True,10,
5553,VPPGNFKGPW,10158,True,10,
5554,KYWFQLWSQS,10158,True,10,
5555,KGPRKYFNAR,10158,True,10,
5556,GMPRQVLGPY,10158,True,10,
5557,VTPKQLWGIV,10158,True,10,
5558,ESPRQVLNWG,10158,True,10,
5559,RTPKGNMGQS,10158,True,10,
5560,SMPRQVFSKW,10158,True,10,
5561,KYPRSHSAEG,10158,True,10,
5562,PLRTGRAVLF,10158,True,10,
5563,EQPVQLKGKT,10158,True,10,
5564,QPPVELRGWF,10158,True,10,
5565,DPPMHFWGPR,10158,True,10,
5566,GQPRGVKTAS,10158,True,10,
5567,APYFNLRGVW,10158,True,10,
5568,SDPRKLWSWY,10158,True,10,
5569,GSPVGLTSKW,10158,True,10,
5570,MRPRDIVGWL,10158,True,10,
5571,PTPRNLQSES,10158,True,10,
5572,ISPRLYIGKI,10158,True,10,
5573,HGPKLMVSQA,10158,True,10,
5574,NAPKLIWGTR,10158,True,10,
5575,AMVKGMYSNH,10158,True,10,
5576,IRPRPVSYNH,10158,True,10,
5577,GRPRGVRTAS,10158,True,10,
5578,IRPRTLSANL,10158,True,10,
5579,GLPTALKSNG,10158,True,10,
5580,THAGVRPWLG,10158,True,10,
5581,FPARSMKGPV,10158,True,10,
5582,GVPKQVHTAS,10158,True,10,
5583,GRPKQMYGKW,10158,True,10,
5584,VYRKCAVLSA,10158,True,10,
5585,NRPSPFWAIH,10158,True,10,
5586,PWPRELYSPS,10158,True,10,
5587,TPVGWMLGKR,10158,True,10,
5588,MVPKQVTASG,10158,True,10,
5589,QTPKQVHNPF,10158,True,10,
5590,AGPRQVWTGY,10158,True,10,
5591,SGPKLIWGTA,10158,True,10,
5592,RWRPGRAPSR,10158,True,10,
5593,MAPRTLVYSK,10158,True,10,
5594,ARPREVLGPV,10158,True,10,
5595,RQPRQVYAVY,10158,True,10,
5596,KAPRTLVGNG,10158,True,10,
5597,RPPVAVHGPA,10158,True,10,
5598,RDPKQILAPF,10158,True,10,
5599,AHPKMITGVK,10158,True,10,
5600,MLVRAWINMF,8834,True,10,
5601,QWESNPVGKP,8834,True,10,
5602,TGPSPFWTGT,8834,True,10,
5603,VSPVYLYDPR,8834,True,10,
5604,PMPRAVLDGT,8834,True,10,
5605,IMPRSVQAVQ,8834,True,10,
5606,RAPVAFTDES,8834,True,10,
5607,PTPSAVKDGQ,8834,True,10,
5608,PHPLQVSDVH,8834,True,10,
5609,YWPRFVRTPS,8834,True,10,
5610,YKPVYYRDQG,8834,True,10,
5611,WYPRAVRTRF,8834,True,10,
5612,TPPIHFIDNG,8834,True,10,
5613,QVPVPFINHF,8834,True,10,
5614,PWPQPMRNAH,8834,True,10,
5615,ESVRAVRDWV,8834,True,10,
5616,GMPRAVHYHS,8834,True,10,
5617,RMPRFHADGF,8834,True,10,
5618,RVPVPMTASG,8834,True,10,known_sequence
5619,GRPLNVYTAS,8834,True,10,
5620,LGPSGVTASG,8834,True,10,
5621,QMPVSWTSGS,8834,True,10,
5622,RYPWAFINAV,8834,True,10,
5623,AWPRFTMDPA,8834,True,10,
5624,INPRSWTNPA,8834,True,10,
5625,KSPTGLQGVG,8834,True,10,
5626,GVPRAVTNHY,8834,True,10,
5627,GRPEAMIGHS,8834,True,10,
5628,IMVRYLHNTS,8834,True,10,
5629,VYPRAFSANG,8834,True,10,
5630,HLPAHVADGR,8834,True,10,
5631,GYPRSVLTAS,8834,True,10,
5632,WWPARFTGMV,8834,True,10,
5633,EMPRFITDPQ,8834,True,10,
5634,YGPSWVHNAT,8834,True,10,
5635,VMPKSFRDGI,8834,True,10,
5636,VRPLQVHNSG,8834,True,10,
5637,TQPLGEKRHG,8834,True,10,
5638,HYPRSLAGQR,8834,True,10,
5639,KNPKWMRGIV,8834,True,10,
5640,GPRVLRSIPS,8834,True,10,
5641,PMPRSWTNSG,8834,True,10,
5642,PQPRSVYTVS,8834,True,10,
5643,PMPSGVWDVF,8834,True,10,
5644,MWPREVRDGV,8834,True,10,
5645,WRPSGWTASG,8834,True,10,
5646,PYPRSFRTEG,8834,True,10,
5647,TMPRSVYKEA,8834,True,10,
5648,IKPVAYRDGH,8834,True,10,
5649,MHPYPFQNLI,8834,True,10,
5650,QYPRASTGLK,8834,True,10,
5651,NQPAYWRTWA,8834,True,10,
5652,LQPRAVHNVS,8834,True,10,
5653,LWPSEVRNGW,8834,True,10,
5654,WVPHPFIDNT,8834,True,10,
5655,SDPRAYIDHI,8834,True,10,
5656,PGPLPKAFAL,8834,True,10,
5657,WVPVPMTDIY,8834,True,10,
5658,VHPWSQSTEA,8834,True,10,
5659,VKPAPWIVRA,8834,True,10,
5660,PMPRYWTNGT,8834,True,10,
5661,RNPLKMWGRA,8834,True,10,
5662,ATPRYWLSWV,8834,True,10,
5663,PEPRNVFYGF,8834,True,10,
5664,KIPNFIAVRY,8834,True,10,
5665,MPYGSMLVPR,8834,True,10,
5666,HIPASVMDTG,8834,True,10,
5667,ITPRYWYTSV,8834,True,10,
5668,VQPRYWRTQT,8834,True,10,
5669,YSPRFIRDQI,8834,True,10,
5670,MFPVPFRDHA,8834,True,10,
5671,EPAGWMAGPA,8834,True,10,
5672,FAPRSSYDPS,8834,True,10,
5673,KPEMRHTVKS,8834,True,10,
5674,MDPMQMWNPI,8834,True,10,
5675,TPTEWRYLEG,8834,True,10,
5676,GVPIPVQDKA,8834,True,10,
5677,YPCLCMLMLY,8834,True,10,
5678,GQPAPVLTAS,8834,True,10,
5679,NSVRAVYSES,8834,True,10,
5680,ARAWGFWDIG,8834,True,10,
5681,IWPRPVWDRG,8834,True,10,
5682,ITPRYWIDVR,8834,True,10,
5683,TQPIPMYNMK,8834,True,10,
5684,PWALAVRTVF,8834,True,10,
5685,GSPVPMLNSL,8834,True,10,
5686,TVPSWISDWG,8834,True,10,
5687,RMPRFHTASG,8834,True,10,
5688,GMPFQFLDKG,8834,True,10,
5689,NTVRAVRSVT,8834,True,10,
5690,YHPIPIHDIY,8834,True,10,
5691,MQPRFVADWK,8834,True,10,
5692,AGPRYWTDEI,8834,True,10,
5693,YWPRAFIDRV,8834,True,10,
5694,RGPVFMINPL,8834,True,10,
5695,RIPASVINAT,8834,True,10,
5696,YSPRAFSNES,8834,True,10,
5697,KVPGWMARTS,8834,True,10,
5698,RQPFAMYNMG,8834,True,10,
5699,NMPRSYWDNA,8834,True,10,
5700,PHPHSFRDGV,8834,True,10,
5701,MIARPYVGRQ,8834,True,10,
5702,ANPLSWRTMA,8834,True,10,
5703,RNPRSWRDTY,8834,True,10,
5704,YNPITIRDTS,8834,True,10,
5705,IWPRGVTDQF,8834,True,10,
5706,WSPRAVKNVW,8834,True,10,
5707,QYPLTITVKS,8834,True,10,
5708,SGPRSVITTA,8834,True,10,
5709,CTPRQVRTIR,8834,True,10,
5710,PHALASTDNG,8834,True,10,
5711,RIPVAVRDQG,8834,True,10,
5712,KQPAPFRNPA,8834,True,10,
5713,VAPVPFIDPI,8834,True,10,
5714,RDPKHMRDIF,8834,True,10,
5715,ASPECRDGDA,8834,True,10,
5716,ADPQYMRNGH,8834,True,10,
5717,QPVRAVSENG,8834,True,10,
5718,SIPVPMWYWV,8834,True,10,
5719,WRPSGMLNRY,8834,True,10,
5720,MYPVPFTASG,8834,True,10,
5721,QVPFWMRGMS,8834,True,10,
5722,NRPVAFWNKS,8834,True,10,
5723,SVPSWVTASG,8834,True,10,
5724,EKPSPFWDAQ,8834,True,10,
5725,NMPYSWRTAS,8834,True,10,
5726,MVPSWVKDMQ,8834,True,10,
5727,LKPRNVTASG,8834,True,10,
5728,KLAKPQTASG,8834,True,10,
5729,MVPQVFHAMV,8834,True,10,
5730,DTPSWITASG,8834,True,10,
5731,PTPRAVRANL,8834,True,10,
5732,IWPVPFRDTG,8834,True,10,
5733,GKPVPFLTAS,8834,True,10,
5734,FTPIEFRDLG,8834,True,10,
5735,FHRPHRTVST,8834,True,10,
5736,NPYIPLWYWM,8834,True,10,
5737,YFPMSLIALI,8834,True,10,
5738,ALPRYWMQMS,8834,True,10,
5739,LWPRFWLDHG,8834,True,10,
5740,AMPSGVWDYQ,8834,True,10,
5741,VAPRSWLDHL,8834,True,10,
5742,RPPVAFWDSQ,8834,True,10,
5743,FKPSGVIDTG,8834,True,10,
5744,FRPRSHQDWL,8834,True,10,
5745,FQPAGVHDGK,8834,True,10,
5746,MTPRSYLGIS,8834,True,10,
5747,QHPRAFSDQG,8834,True,10,
5748,WPVLAVFVPR,8834,True,10,
5749,DRPRAFSDGA,8834,True,10,
5750,PSPRAIWKAL,8834,True,10,
5751,KRPRPVLGMV,8834,True,10,
5752,QVPKWIRDIH,8834,True,10,
5753,NLTAWLTASG,8834,True,10,
5754,TPVESMYDTK,8834,True,10,
5755,FWGRPLQILF,8834,True,10,
5756,HYPRASKAHV,8834,True,10,
5757,PAPRFVMTGK,8834,True,10,
5758,PSPRAVWDVG,8834,True,10,
5759,WSPMSYFDVG,8834,True,10,
5760,TQPHYMRNPR,8834,True,10,
5761,TPVYSWRTAS,8834,True,10,
5762,KARPYRALHT,8834,True,10,
5763,YKPAPWVQVA,8834,True,10,
5764,GQPWSVRTAS,8834,True,10,
5765,MVPLNVRDPG,8834,True,10,
5766,RQPRQVAQGR,8834,True,10,
5767,VIPRPVAVLI,8834,True,10,
5768,PNPAPGMVMP,8834,True,10,
5769,IPVLNFRNTS,8834,True,10,
5770,GFPRAVKDET,8834,True,10,
5771,KRPLNWTASG,8834,True,10,
5772,MCPRSMLDIG,8834,True,10,
5773,WPVYNMAYPH,8834,True,10,
5774,SLPRPVINRK,8834,True,10,
5775,KYPRSVSDWA,8834,True,10,
5776,YMPRVQLSQA,8834,True,10,
5777,RWPVAFTGPG,8834,True,10,
5778,VYPRASWRMV,8834,True,10,
5779,SHPSPFWGAG,8834,True,10,
5780,TPERFRPGPP,8834,True,10,
5781,RGPVAYRDKQ,8834,True,10,
5782,RVPKWIFQPW,8834,True,10,
5783,VHFAWMKRPY,8834,True,10,
5784,HLPTAFYSPG,8834,True,10,
5785,LYPVSVRDVI,8834,True,10,
5786,YAPEPVYGHK,8834,True,10,
5787,MRPASVFDNG,8834,True,10,
5788,IGPSMLQDPY,8834,True,10,
5789,ITPRSNTVRG,8834,True,10,
5790,NGPFPFRDTA,8834,True,10,
5791,DVPYAWRTNY,8834,True,10,
5792,RVPVPMTSLG,8834,True,10,
5793,KLPASFRDAI,8834,True,10,
5794,PERQRRGAYP,8834,True,10,
5795,ERPRSYLNTW,8834,True,10,
5796,YEPRNVTASG,8834,True,10,known_sequence
5797,LVPKPVTDGY,8834,True,10,
5798,TRPIHYIDQG,8834,True,10,
5799,AQPAPWWGVM,8834,True,10,
5800,PWRTIRSTSD,8834,True,10,
5801,IMPRQVTDGF,8834,True,10,
5802,MWPRFWLTNG,8834,True,10,
5803,NQPVPMWGIV,8834,True,10,
5804,QRPVYLARGY,8834,True,10,
5805,PSPRQVRSKG,8834,True,10,
5806,YWPEPFVDPR,8834,True,10,
5807,WVPKVIHDPT,8834,True,10,
5808,SRPVYNRAKA,8834,True,10,
5809,NMPNYMADSK,8834,True,10,
5810,GQPFPFRTAS,8834,True,10,
5811,KPARAMSVNG,8834,True,10,
5812,AEASPLWNIT,8834,True,10,
5813,RARPERLIHR,8834,True,10,
5814,WKPVNYSDTI,8834,True,10,
5815,FTPRSFKDKW,8834,True,10,
5816,SRPAQVHQTY,8834,True,10,
5817,AMPRGVTDVR,8834,True,10,
5818,RGPVPFIDWY,8834,True,10,
5819,FKPLAVRTWI,8834,True,10,
5820,SDPRSVTNGI,8834,True,10,
5821,QSRQLRTLSG,8834,True,10,
5822,PSPRYMIRSG,8834,True,10,
5823,GKPVPFTGNG,8834,True,10,
5824,EMPRSFRDVG,8834,True,10,
5825,YKPAPWLGES,8834,True,10,
5826,GPVYAVFDLS,8834,True,10,
5827,ARPRSYIDPV,8834,True,10,
5828,MHPSWFTAGI,8834,True,10,
5829,WGPAPMYQGA,8834,True,10,
5830,YNWRAPISRK,8834,True,10,
5831,YMPRGVRDNR,8834,True,10,
5832,RMPRSVRDEG,8834,True,10,
5833,NIPFPFIDRT,8834,True,10,
5834,GYPLNSRTAS,8834,True,10,
5835,QPAQPTWTAS,8834,True,10,
5836,HDPRAILSPT,8834,True,10,
5837,RFPKSVRVQG,8834,True,10,
5838,LPCLAFGPYQ,8834,True,10,
5839,MNPSGWHTHG,8834,True,10,
5840,PWSYTPIPVP,8834,True,10,
5841,MDPRSYIDEH,8834,True,10,
5842,RHPVAFQNGH,8834,True,10,
5843,SLPTSWADQH,8834,True,10,
5844,FNPFPFTGHT,8834,True,10,
5845,MAPRFWIDRA,8834,True,10,
5846,MAPLNVRNES,8834,True,10,
5847,MLPRSHIDWA,8834,True,10,
5848,PYPRAFRDRS,8834,True,10,
5849,MRVRYLSDPI,8834,True,10,
5850,VYEWPHEKAP,8834,True,10,
5851,FKPGPWRTAV,8834,True,10,
5852,DNPYSWRTLY,8834,True,10,
5853,YHPRAFSDSA,8834,True,10,
5854,MIPRPVQGWA,8834,True,10,
5855,RSPLQVRTHG,8834,True,10,
5856,HSPSWITASG,8834,True,10,
5857,GPPRSVMDHG,8834,True,10,
5858,YLPRVYTGMG,8834,True,10,
5859,NRPLGYIYMR,8834,True,10,
5860,YKPRNVSTAR,8834,True,10,
5861,NVPQWVATSG,8834,True,10,
5862,HKPRPVLSES,8834,True,10,
5863,AWPREVTASG,8834,True,10,
5864,TMPRFILDKA,8834,True,10,
5865,GQPFPFYTAS,8834,True,10,
5866,RYPKPVTASG,8834,True,10,
5867,PVPVPFWNAG,8834,True,10,
5868,YFPRQVTASG,8834,True,10,
5869,GSARPIWGSG,8834,True,10,
5870,YPPRYWTDAI,8834,True,10,
5871,CAPRSLTASG,8834,True,10,
5872,GVPRAVHTAS,8834,True,10,
5873,YPPRSWRTGY,8834,True,10,
5874,VYPRAFYQPK,8834,True,10,
5875,YMPSGWTASG,8834,True,10,
5876,GFPLMYRMEA,8834,True,10,
5877,IRPWSWRDWS,8834,True,10,
5878,AMRMPRHTQW,8834,True,10,
5879,MEPVPMWNGV,8834,True,10,
5880,EHVRAVRDHG,8834,True,10,
5881,SEPWAWVTSF,8834,True,10,
5882,LGPQPFLNSQ,8834,True,10,
5883,MLRSMRAVHA,8834,True,10,
5884,RVPVPMWSGG,8834,True,10,
5885,SAVRARDVGQ,8834,True,10,
5886,PGPEPMWNQF,8834,True,10,
5887,NSPVSFYAPW,8834,True,10,
5888,GRPLPVKTAS,8834,True,10,
5889,PGPFPFMDQA,8834,True,10,
5890,YRPTNFWDPF,8834,True,10,
5891,RHPASVTASG,8834,True,10,
5892,HTPRSQTNWG,8834,True,10,
5893,RQPRYWINSG,8834,True,10,
5894,NRPSAYSQST,8834,True,10,
5895,MQPVPMWNPR,8834,True,10,
5896,MRPFSYIDTV,8834,True,10,
5897,MVPKWILNRL,8834,True,10,
5898,HQPFSWITQA,8834,True,10,
5899,RHEMLGWIPA,8834,True,10,
5900,RHPRSYIDMW,8834,True,10,
5901,TSPSWIQDVI,8834,True,10,
5902,RIPRPVWGWR,8834,True,10,
5903,AGPYPFWTES,8834,True,10,
5904,PSWRAFTSPG,8834,True,10,
5905,AIPFPFIDTW,8834,True,10,
5906,WHPRAFQDWF,8834,True,10,
5907,WTPRQVMNGS,8834,True,10,
5908,VAPKDIMDPH,8834,True,10,
5909,LRPRPVAYAG,8834,True,10,
5910,YRPRSYSDGI,8834,True,10,
5911,HGPWSVFDWV,8834,True,10,
5912,FGPAPSPQGW,8834,True,10,
5913,EWVRAVFDIG,8834,True,10,
5914,PYARAFYDRH,8834,True,10,
5915,HEVRAVMDLG,8834,True,10,
5916,RSPRPVMVGV,8834,True,10,
5917,TGPSGWRTWG,8834,True,10,
5918,QRPASMRTMY,8834,True,10,
5919,HLPKLVRTAS,8834,True,10,
5920,CMPAQMVNQV,8834,True,10,
5921,PWPRMVYTST,8834,True,10,
5922,FQPVPMLGMQ,8834,True,10,
5923,AKVRAWISRQ,8834,True,10,
5924,FGPFPFWDQA,8834,True,10,
5925,MKPVYYIDNG,8834,True,10,
5926,RQPFSWTASG,8834,True,10,
5927,PRPRSWTVSG,8834,True,10,
5928,RKPAPVIAEG,8834,True,10,
5929,RRPVAYIDRQ,8834,True,10,
5930,MAPRYWVAKT,8834,True,10,
5931,QVPVFMLSPL,8834,True,10,
5932,SFPNPFIGRS,8834,True,10,
5933,DSPLPVWNWG,8834,True,10,
5934,ENPYQVRTAS,8834,True,10,
5935,RFPRSQTHWG,8834,True,10,
5936,RPAQDMYKPF,8834,True,10,
5937,TAVGARDAFN,8834,True,10,
5938,KYPRAVAGVA,8834,True,10,
5939,MSPRKFRDQY,8834,True,10,
5940,AFPRGVRTQL,8834,True,10,
5941,EGPMSSRDPI,8834,True,10,
5942,YEPRSYLAPR,8834,True,10,
5943,RTPVAMVDNG,8834,True,10,
5944,LNPRPYSVHT,8834,True,10,
5945,CKPVAYRGMH,8834,True,10,
5946,VRPRAFRVNL,8834,True,10,
5947,RGPKPVGQKG,8834,True,10,
5948,QWPRFITASG,8834,True,10,
5949,RGRNRRLVEL,8834,True,10,
5950,NPPSHVLDQL,8834,True,10,
5951,CAPRAFSDPG,8834,True,10,
5952,TPPVEVQDAI,8834,True,10,
5953,LPVFWFRVWA,8834,True,10,
5954,QHPSWVTASG,8834,True,10,
5955,HRPSGVTDVR,8834,True,10,
5956,DYVRAVQSRF,8834,True,10,
5957,YQTRAMRALA,8834,True,10,
5958,ISPRQVTASG,8834,True,10,
5959,MCTVPMPMKN,8834,True,10,
5960,GVPRAVFSTK,8834,True,10,
5961,HNPRFIRDMA,8834,True,10,
5962,HTVFWMRGMR,8834,True,10,
5963,TRPLQYWDER,8834,True,10,
5964,RGPVPSWDTG,8834,True,10,
5965,PNPAYWRTQR,8834,True,10,
5966,YWVFGMRTMA,8834,True,10,
5967,SQPFLITASG,8834,True,10,
5968,RGPVTLHDTI,8834,True,10,
5969,IQPAVLTASG,8834,True,10,
5970,IMPRQVTSMG,8834,True,10,
5971,PGHPRSNGYK,8834,True,10,
5972,YHPYAFRQEA,8834,True,10,
5973,ELRPRRPAYP,8834,True,10,
5974,SEPRNVFSGA,8834,True,10,
5975,SIPRMLVYVK,8834,True,10,
5976,LAYAHLTAHQ,8834,True,10,
5977,TEPLNVWKPH,8834,True,10,
5978,IDPYSWLDTQ,8834,True,10,
5979,FVPQWVHTPG,8834,True,10,
5980,FQPRAVWNTG,8834,True,10,
5981,YVPVWMIGRV,8834,True,10,
5982,QIPVPFIDQG,8834,True,10,
5983,RQPRNVFVPA,8834,True,10,
5984,RHPSAFRYGV,8834,True,10,
5985,YIPMWSTASG,8834,True,10,
5986,VPPLNSTANG,8834,True,10,
5987,VMPGSFSNGV,8834,True,10,
5988,YVPKSVLDVY,8834,True,10,
5989,WSPRAVSATF,8834,True,10,
5990,MSPWVIVDEY,8834,True,10,
5991,MRPASVLNEY,8834,True,10,
5992,ESPRYMWDAF,8834,True,10,
5993,ETPKWVRHVI,8834,True,10,
5994,PMPRAYLGSI,8834,True,10,
5995,MTPRGQTVTR,8834,True,10,
5996,NFPMSWSTRK,8834,True,10,
5997,NTPLPVIQEY,8834,True,10,
5998,SFPRAFSDGA,8834,True,10,
5999,LQPRAVSTAT,8834,True,10,
6000,AIPSAVWGQG,9478,True,10,
6001,WRPFNFRGEV,9478,True,10,
6002,SMPSAYLGNF,9478,True,10,
6003,ASPSAFRGPR,9478,True,10,
6004,STPSGMTGIF,9478,True,10,
6005,HIPLGQSSPQ,9478,True,10,
6006,LQPSAFRGPW,9478,True,10,
6007,GQIWAFTGLY,9478,True,10,
6008,VRPAQVFAMH,9478,True,10,
6009,GAPSGWTASG,9478,True,10,
6010,RGPSMLFSVF,9478,True,10,
6011,TIPRAFYGPA,9478,True,10,
6012,FVPSALYSLK,9478,True,10,
6013,GQPSPFYAQW,9478,True,10,
6014,GPPSHWFAGS,9478,True,10,
6015,RPPSSFFSGQ,9478,True,10,
6016,GPVYAFYGIS,9478,True,10,
6017,KAPSGVTSRH,9478,True,10,
6018,STPHAMYSEK,9478,True,10,
6019,HIPLSVISVH,9478,True,10,
6020,ARPSPFYGHH,9478,True,10,
6021,PAVRAIWGWG,9478,True,10,
6022,VNPRAFRGQI,9478,True,10,
6023,GVPFQFWGQS,9478,True,10,
6024,FGPYQMQGPT,9478,True,10,
6025,RGPSSFMALW,9478,True,10,
6026,QRPSAFTGPI,9478,True,10,
6027,SVPSTLTASG,9478,True,10,
6028,GIPSKFTASG,9478,True,10,
6029,PRPRQVYAQF,9478,True,10,
6030,GFPIEVRSNW,9478,True,10,
6031,QPPHAFSGAK,9478,True,10,
6032,KAPSATSSGT,9478,True,10,
6033,VHPAQFYSWG,9478,True,10,
6034,IAPAGVHSNH,9478,True,10,
6035,RGPVPFLSNF,9478,True,10,
6036,GVPFQVFTAS,9478,True,10,
6037,AMASAISNTS,9478,True,10,
6038,ASPRAFRSNF,9478,True,10,
6039,GVPSAIFNIH,9478,True,10,
6040,SVPSGFRGPL,9478,True,10,
6041,RIPASVTGPR,9478,True,10,
6042,SMPSGFRSAY,9478,True,10,
6043,HRPRSYQGVR,9478,True,10,
6044,WFPFGSYGEI,9478,True,10,
6045,KPASGMIAGL,9478,True,10,
6046,VDPYSWRANF,9478,True,10,
6047,HAPLNVRSEI,9478,True,10,
6048,TMPRSIFANF,9478,True,10,
6049,AVPSAHTASG,9478,True,10,
6050,PAPAEVRSPW,9478,True,10,
6051,ARPAQMFGPW,9478,True,10,
6052,RVPIAIRGAI,9478,True,10,
6053,IVPLAVNGHR,9478,True,10,
6054,AGPRAFRGQY,9478,True,10,
6055,GAPRAFSATS,9478,True,10,
6056,YGPSPMFGWL,9478,True,10,
6057,STPVELHGTH,9478,True,10,
6058,KPPEAIWGML,9478,True,10,
6059,RTPVGFMDGR,9478,True,10,
6060,ITPRQVIGAR,9478,True,10,
6061,TEPRNVWAGK,9478,True,10,
6062,MTPIEMYSPG,9478,True,10,
6063,PRPASWASMG,9478,True,10,
6064,FQPARFLGRK,9478,True,10,
6065,WTPRGQISFA,9478,True,10,
6066,TMPRSVFSNR,9478,True,10,
6067,MQVARMHGNV,9478,True,10,
6068,QGPFGMRTVY,9478,True,10,
6069,AMPSAFAGMF,9478,True,10,
6070,ISPRAFSGHI,9478,True,10,
6071,PFPIEFRNAR,9478,True,10,
6072,VPPRAFRSNL,9478,True,10,
6073,VMPSGVTASG,9478,True,10,
6074,QAPSAQTGPI,9478,True,10,
6075,PVPFQVQSQH,9478,True,10,
6076,APFGEVMTVL,9478,True,10,
6077,GRPSAMFGPQ,9478,True,10,
6078,ARPRQVRSPN,9478,True,10,
6079,PAPSAVMANW,9478,True,10,
6080,RVPFPFWNPH,9478,True,10,
6081,HGPRGVTASG,9478,True,10,
6082,PMPSGVKSGH,9478,True,10,
6083,GPPREVFAPY,9478,True,10,
6084,WVPHMLYSPW,9478,True,10,
6085,PGPEARSTPH,9478,True,10,
6086,AVPSGVTASG,9478,True,10,
6087,ARPAGVRTRG,9478,True,10,
6088,AGPSGWAPRH,9478,True,10,
6089,PQPSGWTASG,9478,True,10,
6090,KPPSGFQGTW,9478,True,10,
6091,AVPRAVAGPL,9478,True,10,
6092,QFPRSYRNGV,9478,True,10,
6093,EVPSRFHGPY,9478,True,10,
6094,IQPRDILGQF,9478,True,10,
6095,VLPRTLRGNW,9478,True,10,
6096,WGPSGMTGQL,9478,True,10,
6097,AMPSGSIANI,9478,True,10,
6098,GPPSAIHGSD,9478,True,10,
6099,AIVASFYSLH,9478,True,10,
6100,GPPSAFISWG,9478,True,10,
6101,PFPSGMTASG,9478,True,10,
6102,TVPVQMHSVI,9478,True,10,
6103,KNPLAVRNGQ,9478,True,10,
6104,FPPGAMAGPS,9478,True,10,
6105,AGPSGWTASG,9478,True,10,
6106,GEPRNVYTAS,9478,True,10,
6107,AMPLGSLGRA,9478,True,10,
6108,QGPKGVKATH,9478,True,10,
6109,LGPAPFQGAS,9478,True,10,
6110,PGPYPGPYTP,9478,True,10,
6111,PRPLQVYSAH,9478,True,10,
6112,LRPRAFYGLS,9478,True,10,
6113,IEAWAWSSRH,9478,True,10,
6114,PYPSASGQVH,9478,True,10,
6115,FQPIAFHGTV,9478,True,10,
6116,RAPVAFAGVW,9478,True,10,
6117,SGPAPFWSTA,9478,True,10,
6118,QGPSAQYVIR,9478,True,10,
6119,IFPAGFRSPG,9478,True,10,
6120,TGPKDVHSNS,9478,True,10,
6121,SQPFGVKSEV,9478,True,10,
6122,GFPFAFLGPW,9478,True,10,
6123,VSPFGQIGPI,9478,True,10,
6124,NVPSAQFVGF,9478,True,10,
6125,RDVLAFYASY,9478,True,10,
6126,ARPSGWAGQL,9478,True,10,
6127,TAPSGWAPWT,9478,True,10,
6128,RTPSAFWGLI,9478,True,10,
6129,RGPVGMHGAL,9478,True,10,
6130,RTPIELYGSQ,9478,True,10,
6131,QFPLGFRSQF,9478,True,10,
6132,PMPRQVTSVS,9478,True,10,
6133,GPAYAFRGNS,9478,True,10,
6134,TGPAPFISEW,9478,True,10,
6135,GRPSPMIALS,9478,True,10,
6136,TAPKSWTSQG,9478,True,10,
6137,HRLRAVWGTS,9478,True,10,
6138,RGPVAFLSQL,9478,True,10,
6139,SQPRQVTASG,9478,True,10,
6140,HLPTAFWNHA,9478,True,10,
6141,HAPSAFRGTF,9478,True,10,
6142,MRPLQYMGHF,9478,True,10,
6143,AIPMWSTSAL,9478,True,10,
6144,VGRPKRSILA,9478,True,10,
6145,PKPSEVRSIH,9478,True,10,
6146,AGPYAFRGAG,9478,True,10,
6147,TRPVEMRAEF,9478,True,10,
6148,FPPRRFTSIA,9478,True,10,
6149,RHPSPFWSAW,9478,True,10,
6150,EMPLGFRGIF,9478,True,10,
6151,QAPMGSTHMV,9478,True,10,
6152,AWPLGVRSPF,9478,True,10,
6153,VRPFGVQAWK,9478,True,10,
6154,PGPVSLINAL,9478,True,10,
6155,MSPRKFYGQW,9478,True,10,known_sequence
6156,GMPLGFRGPG,9478,True,10,
6157,NRPAQHRGVA,9478,True,10,
6158,MPPSGVLSTG,9478,True,10,
6159,VAPARMYGVR,9478,True,10,
6160,RPPSHFHGNA,9478,True,10,
6161,ARASGWVGHF,9478,True,10,
6162,SRPLNVWAQG,9478,True,10,
6163,QGRPKRAMAI,9478,True,10,
6164,KGPSVYHSPG,9478,True,10,
6165,GFAFRFATAS,9478,True,10,
6166,GGPSAFYGVW,9478,True,10,
6167,QAPLGVTASG,9478,True,10,
6168,KVPIPIWGNH,9478,True,10,
6169,RLPVAYWTAS,9478,True,10,
6170,GMPLGIQNIH,9478,True,10,
6171,QAVRAVYAGT,9478,True,10,
6172,HAPSSFMAPA,9478,True,10,
6173,GRPSAMTSNS,9478,True,10,
6174,YNPAEVYSQY,9478,True,10,
6175,RGPSDLKGNH,9478,True,10,
6176,LMPRSYLSPL,9478,True,10,
6177,VIPSGVFGVW,9478,True,10,
6178,MQPVPWLGSI,9478,True,10,
6179,RPRDRRVAQF,9478,True,10,
6180,HPPLGFRGNF,9478,True,10,
6181,CTPFGFKGPT,9478,True,10,
6182,AGEARVTGYG,9478,True,10,
6183,HTPLGQFGPL,9478,True,10,
6184,KMPRQVIAGL,9478,True,10,
6185,PVPRAVTSRH,9478,True,10,
6186,VQPRTLFGML,9478,True,10,
6187,DTPRAPFAMS,9478,True,10,
6188,MVPSGVIVTG,9478,True,10,
6189,IGPVPVWASR,9478,True,10,
6190,MRASAFHGAK,9478,True,10,
6191,IPPLSQRTWT,9478,True,10,
6192,MAPSGFTASG,9478,True,10,
6193,VRPSAMQGWF,9478,True,10,
6194,GTPSAFQSEW,9478,True,10,
6195,FTPSEQSSGV,9478,True,10,
6196,VAPEAISGEA,9478,True,10,
6197,PRPGQMLVIH,9478,True,10,
6198,RAPSSVKGPI,9478,True,10,
6199,QVPSGSTASG,9478,True,10,
6200,SPPSAFRSAF,9478,True,10,
6201,GPPLAQTGTH,9478,True,10,
6202,IPPLAFSGIW,9478,True,10,
6203,QRPFSYSAPQ,9478,True,10,
6204,GKPFAFTGPF,9478,True,10,
6205,RMPRQVTASG,9478,True,10,
6206,GSGMRFISPT,9478,True,10,
6207,QTPKQLIGVH,9478,True,10,
6208,PVPFPFWGPV,9478,True,10,
6209,MVPSGSRGPI,9478,True,10,
6210,TVPQMIHGVF,9478,True,10,
6211,REQLPVFSDR,9478,True,10,
6212,FAPSGNSRMS,9478,True,10,
6213,HAPLNFRSWA,9478,True,10,
6214,HVPRQVFVTS,9478,True,10,
6215,GAPSAVIAGH,9478,True,10,
6216,TGPSGWTASG,9478,True,10,
6217,ATIASNRGLE,9478,True,10,
6218,PFPSGVTGVP,9478,True,10,
6219,HEPTAFSGLQ,9478,True,10,
6220,PRPRTLVARI,9478,True,10,
6221,PIPLAHRGWH,9478,True,10,
6222,SPPKQMFGIL,9478,True,10,
6223,AAPSGVTASG,9478,True,10,
6224,ITPSAGVALS,9478,True,10,
6225,PRPSAMWGLT,9478,True,10,
6226,WKPSEVRGVG,9478,True,10,
6227,VQPFGFRGVF,9478,True,10,
6228,PGPSGWTASG,9478,True,10,
6229,WQPSGWTASG,9478,True,10,
6230,PVPSAVSGVH,9478,True,10,
6231,ERPASVHAVI,9478,True,10,
6232,VRPSALWGQG,9478,True,10,
6233,FSARPLWAVF,9478,True,10,
6234,NRPSAMLSNH,9478,True,10,
6235,GMPRSFTASG,9478,True,10,
6236,IGPSAFTSTM,9478,True,10,
6237,PVPRAVHGQG,9478,True,10,
6238,VQPHAFHGLY,9478,True,10,
6239,TAPASWRTEY,9478,True,10,
6240,GVPLNVFSTS,9478,True,10,
6241,EGPSRMFGPF,9478,True,10,
6242,NGPKRVTASG,9478,True,10,
6243,GAPSPFYPNM,9478,True,10,
6244,PERSRKLAGI,9478,True,10,
6245,MFPASFIGPR,9478,True,10,
6246,SRPRQVKSHG,9478,True,10,
6247,RPPSYMAGTW,9478,True,10,
6248,PTPSAMAGSR,9478,True,10,
6249,AQPFAFHGLT,9478,True,10,
6250,MIPRPSVHEH,9478,True,10,
6251,RPPLAFHGTY,9478,True,10,
6252,RGPVPFVALG,9478,True,10,
6253,QHPARFTSRI,9478,True,10,
6254,ITPSAQPALA,9478,True,10,
6255,EAPTAFSGTR,9478,True,10,
6256,TGPSGWTASG,9478,True,10,
6257,ASPRLYIGPS,9478,True,10,
6258,EFPVNMLGAF,9478,True,10,
6259,ATASFLSGKH,9478,True,10,
6260,EVPSASPHSG,9478,True,10,
6261,GSPRGLRSQV,9478,True,10,
6262,KGPRAFIGAT,9478,True,10,
6263,TSPLGVHGPG,9478,True,10,
6264,VGPSGVTASG,9478,True,10,
6265,VRPASWAGQG,9478,True,10,
6266,GVPSPFYGIG,9478,True,10,
6267,HPVYNLRGSG,9478,True,10,
6268,APVYAWRGPW,9478,True,10,
6269,PTPLQSTSWV,9478,True,10,
6270,QNPMRMFGVY,9478,True,10,
6271,ARPRQVFTRS,9478,True,10,
6272,PGPRNVWAMH,9478,True,10,
6273,AIPMGSNGPY,9478,True,10,
6274,MGPSGVARMI,9478,True,10,
6275,QVPHAFMGSW,9478,True,10,
6276,RFPRAFKGEH,9478,True,10,
6277,RPPFAFTSRQ,9478,True,10,
6278,GPPSAFLGER,9478,True,10,
6279,TSPVQLHSNH,9478,True,10,
6280,PAPVAFYSVG,9478,True,10,
6281,SMPRSFLGTS,9478,True,10,
6282,KVPSGVTASG,9478,True,10,
6283,MGPSGFYVQA,9478,True,10,
6284,PFPLGQSGSR,9478,True,10,
6285,PTPSGQIGPF,9478,True,10,
6286,GQPVELRGWL,9478,True,10,
6287,KRPRQVFSTF,9478,True,10,
6288,KRPSAVHVNT,9478,True,10,
6289,APVWAFHAGW,9478,True,10,
6290,TRPSAMWSNK,9478,True,10,
6291,GRPFSYLTAS,9478,True,10,
6292,YAPSAFASGQ,9478,True,10,
6293,YPPRAFPSLW,9478,True,10,
6294,TRPVPMWGWA,9478,True,10,
6295,RAPVGMTSRV,9478,True,10,
6296,IFPSGVTARI,9478,True,10,
6297,ATVAGVYSVW,9478,True,10,
6298,CAPRSNAGTR,9478,True,10,
6299,NMPLGVTSTS,9478,True,10,
6300,YRPRSYIGPS,9478,True,10,
6301,ARPSAMYSMY,9478,True,10,
6302,GAPRSWMTAS,9478,True,10,
6303,SGRARRPAVT,9478,True,10,
6304,RAPSAFSGVS,9478,True,10,
6305,SYPFRQMAGF,9478,True,10,
6306,PGPLGQSNWT,9478,True,10,
6307,QSPLAYTGSY,9478,True,10,
6308,RQPSALWSNQ,9478,True,10,
6309,ARPLNVKSNG,9478,True,10,
6310,PHPSPFTASG,9478,True,10,
6311,TPPSSYSGPF,9478,True,10,
6312,GVPRAVTASG,9478,True,10,known_sequence
6313,VMPASVRSVY,9478,True,10,
6314,QRPAQVYGPT,9478,True,10,
6315,ITPRQVIGML,9478,True,10,
6316,KGPSGVMAPI,9478,True,10,
6317,VAPSGVTGKI,9478,True,10,
6318,MVPRAVRSMH,9478,True,10,
6319,HQPRQVRGRA,9478,True,10,
6320,PSPRQVLAEA,9478,True,10,
6321,PKPVAYWGMA,9478,True,10,
6322,ASPLGVFVNF,9478,True,10,
6323,PTVHGVISPW,9478,True,10,
6324,YIPVPRAVPH,9478,True,10,
6325,HAPRGVTASG,9478,True,10,
6326,TAPLGVRQNH,9478,True,10,
6327,KYPRAFTASG,9478,True,10,
6328,MAPSGVTASG,9478,True,10,
6329,GVPSGVTASG,9478,True,10,
6330,AKPSEVRGQH,9478,True,10,
6331,AYPFQFYGRS,9478,True,10,
6332,AQPLGLFTQY,9478,True,10,
6333,VRPHPQIAVA,9478,True,10,
6334,TAPSAVWAES,9478,True,10,
6335,PKPSGVTGAS,9478,True,10,
6336,RAPSRVMGPW,9478,True,10,
6337,GPPLAFRGAV,9478,True,10,
6338,SAPVMLWSNH,9478,True,10,
6339,AKPIELQGVK,9478,True,10,
6340,TNPLGQMGWS,9478,True,10,
6341,PQPARVTASG,9478,True,10,
6342,QAPIEFWNLA,9478,True,10,
6343,EFPSGVFAMQ,9478,True,10,
6344,TLPSAVFGVH,9478,True,10,
6345,MDLRQMYGML,9478,True,10,
6346,KQPRQVTASG,9478,True,10,
6347,HIPRAVYSRS,9478,True,10,
6348,HGPAPFRSQF,9478,True,10,
6349,TMPSAQSTMY,9478,True,10,
6350,RFPSASQGWF,9478,True,10,
6351,VPPYDFRGTA,9478,True,10,
6352,SRPVAYLSVF,9478,True,10,
6353,TQPFGYTGQT,9478,True,10,
6354,RPPSSMLNWL,9478,True,10,
6355,VPPLGVSAWL,9478,True,10,
6356,VAPARVHGHI,9478,True,10,
6357,QAPRSYQGAI,9478,True,10,
6358,NAPLGQSGRA,9478,True,10,
6359,QTPAQMIGPA,9478,True,10,
6360,QLPRAVTGWH,9478,True,10,
6361,RTPSAMWYHG,9478,True,10,
6362,GAPSATLGNI,9478,True,10,
6363,SRPRTLASEY,9478,True,10,
6364,AVPSASISES,9478,True,10,
6365,ARVMLMWGMT,9478,True,10,
6366,GYPLAFLGLF,9478,True,10,
6367,PAPRAFWGVQ,9478,True,10,
6368,QVPSAVWSNY,9478,True,10,
6369,DNPAQFRNVF,9478,True,10,
6370,EVAFEPAIPV,9478,True,10,
6371,AGPFGVRSEG,9478,True,10,
6372,PGRLRKAVPR,9478,True,10,
6373,SRPLNYIGIT,9478,True,10,
6374,FVPSGVTAHR,9478,True,10,
6375,FQPRQVSANG,9478,True,10,
6376,RVPRQVIHAF,9478,True,10,
6377,VEPAGFHGSK,9478,True,10,
6378,GMPSPFLGPW,9478,True,10,
6379,LKPSGWQDRP,9478,True,10,
6380,PGPFPFRATK,9478,True,10,
6381,RKPAPWYAGS,9478,True,10,
6382,MPPHAFSGPS,9478,True,10,
6383,NRPSAMKSGY,9478,True,10,
6384,RAPSIRSNGL,9478,True,10,
6385,QHPRSRSSGH,9478,True,10,
6386,APASGWTASG,9478,True,10,
6387,FAPSGVGVGY,9478,True,10,
6388,VQPRAVTASG,9478,True,10,
6389,TMPRQVMARG,9478,True,10,
6390,GAPSPFYGPA,9478,True,10,
6391,VMPSGFHGSH,9478,True,10,
6392,GPPRAFWSPA,9478,True,10,
6393,LGPAPMWNAH,9478,True,10,
6394,WEVFARVSPG,9478,True,10,
6395,HSPRGVHSNG,9478,True,10,
6396,SMPRQVFAQL,9478,True,10,
6397,HMPSGVTASG,9478,True,10,
6398,ASVSWITGWT,9478,True,10,
6399,AMPASVQSPH,9478,True,10,
6400,QLYIPLWMPR,7162,True,10,
6401,DVPRAVTDPG,7162,True,10,
6402,PYPRAVYAVW,7162,True,10,
6403,PAWAHILDNV,7162,True,10,
6404,FNPIHMWDET,7162,True,10,
6405,PFPRAFKDWQ,7162,True,10,
6406,ASPRWVQVWG,7162,True,10,
6407,FMPRNYADPQ,7162,True,10,
6408,AKPLPWIDES,7162,True,10,
6409,GMPRYMFDEG,7162,True,10,
6410,ALDSLSTITK,7162,True,10,
6411,AQPVAYADTH,7162,True,10,
6412,YVPRVLSDMH,7162,True,10,
6413,QKPRGSRTWH,7162,True,10,
6414,DQVRAWTDTL,7162,True,10,
6415,SWPEWMATTW,7162,True,10,
6416,PWAKPEDGTP,7162,True,10,
6417,YMPRSNSDGH,7162,True,10,
6418,VNPRPVWDQA,7162,True,10,
6419,WRVYGMYDHK,7162,True,10,
6420,WPVYWMQSNK,7162,True,10,
6421,SLPSWVKDIH,7162,True,10,
6422,RMPRQVWGWW,7162,True,10,
6423,TSPKWMTDPG,7162,True,10,
6424,NQPTGMIDVF,7162,True,10,
6425,IDPRWITASG,7162,True,10,
6426,ESPRQVIDGW,7162,True,10,
6427,FGVAWMSAQW,7162,True,10,
6428,HLPRAVKGLY,7162,True,10,
6429,LVPRGVQSKA,7162,True,10,
6430,IGVRAWTASG,7162,True,10,
6431,GKPRSYVDQW,7162,True,10,
6432,PVPRAQTWTY,7162,True,10,
6433,LAPRYWLDTY,7162,True,10,
6434,EFPLNYIDWW,7162,True,10,
6435,DMPRYMRDEF,7162,True,10,
6436,NPQLAWADEF,7162,True,10,
6437,GAPRSMWTAS,7162,True,10,
6438,KIPRWYIDSQ,7162,True,10,
6439,TNPVWMHDEF,7162,True,10,
6440,RWPSGMRDNW,7162,True,10,
6441,IDPRWLTASG,7162,True,10,
6442,CLPRAVHAEH,7162,True,10,
6443,WSPRGQTVAG,7162,True,10,
6444,KVPRNVWDWH,7162,True,10,
6445,KVPKWMKHIA,7162,True,10,
6446,AYGRAMASNT,7162,True,10,
6447,LFVRGMHGEF,7162,True,10,
6448,YWPEGMHDWS,7162,True,10,
6449,GIPRPVWDAD,7162,True,10,
6450,WTPLGQITSG,7162,True,10,
6451,VDPRSWLDRT,7162,True,10,
6452,YPYAGMYVSH,7162,True,10,
6453,GQPRAYADPY,7162,True,10,
6454,RIEPHPLGHT,7162,True,10,
6455,AHPRGQTASG,7162,True,10,
6456,SNPIPMLDQK,7162,True,10,
6457,VSPRAFWDLF,7162,True,10,
6458,RGAKPLWGTS,7162,True,10,
6459,FPARAMWDGQ,7162,True,10,
6460,TYPRSWRGAS,7162,True,10,
6461,YQVRAYHDWF,7162,True,10,
6462,LIPLRQSDMG,7162,True,10,
6463,KNPRWITASG,7162,True,10,
6464,VPARAMHATH,7162,True,10,
6465,YVPRWIHDGW,7162,True,10,
6466,WLPRAVFSGH,7162,True,10,
6467,TGPKSWRDWY,7162,True,10,
6468,GVPRYWLSPG,7162,True,10,
6469,SQPTGFQDQG,7162,True,10,
6470,KDPRMLWAYI,7162,True,10,
6471,MDPVGMRDGW,7162,True,10,
6472,EWLRSMRDAW,7162,True,10,
6473,ANPRWIIYWG,7162,True,10,
6474,MSPRWVQDRW,7162,True,10,
6475,SMPRNYTDML,7162,True,10,
6476,IPWRAFTASG,7162,True,10,
6477,STVRGMWDVH,7162,True,10,
6478,WYPRGSRWHW,7162,True,10,
6479,QFPLDMRNWH,7162,True,10,
6480,VGPEWYRGQY,7162,True,10,
6481,KIVPTRSTVD,7162,True,10,
6482,FQPRNVTASG,7162,True,10,
6483,YQPRGVHDHY,7162,True,10,
6484,FLRFSYTIEG,7162,True,10,
6485,LFPAGVTDSQ,7162,True,10,
6486,SMPRAFHDWR,7162,True,10,
6487,MAPRNVSVGF,7162,True,10,
6488,SAPRKYIDEA,7162,True,10,
6489,VNPRNYFDVH,7162,True,10,
6490,CIPSWMWDTA,7162,True,10,
6491,AMPRGNFYGI,7162,True,10,
6492,YAPRAFSDNA,7162,True,10,
6493,LQHIPLVSGL,7162,True,10,
6494,ASPRGNVDQR,7162,True,10,
6495,ERAWGMHTHY,7162,True,10,
6496,FAPDQMRVQI,7162,True,10,
6497,VAPRSWTNPF,7162,True,10,
6498,MNPEWMRSGY,7162,True,10,
6499,MNVRGMYDIH,7162,True,10,
6500,VWSKPQSMWE,7162,True,10,
6501,VRPRGVHYMQ,7162,True,10,
6502,ILPRAYHDPW,7162,True,10,
6503,YGVRAVTASG,7162,True,10,
6504,MVPRSYWDQI,7162,True,10,
6505,WSPVQMRDNT,7162,True,10,
6506,WYPRGDYVMI,7162,True,10,
6507,QAWRAMADRQ,7162,True,10,
6508,IWPREVKATY,7162,True,10,
6509,VMPRYWYGQF,7162,True,10,
6510,FAPRDMLDMG,7162,True,10,
6511,THRPYRASIE,7162,True,10,
6512,WCPRSWTSTL,7162,True,10,
6513,TWPREMWGNR,7162,True,10,
6514,FHPVWMIDGW,7162,True,10,
6515,ICYRAMFDRL,7162,True,10,
6516,GIPRPVWDIA,7162,True,10,
6517,YFPRAFIDSH,7162,True,10,
6518,CYSRAMHTMH,7162,True,10,
6519,YFVRGMASVH,7162,True,10,
6520,GSWAAMWDPL,7162,True,10,
6521,YIPRFYSDHW,7162,True,10,
6522,LFPRAFSDWQ,7162,True,10,
6523,GYAMNTYTAS,7162,True,10,
6524,TRPRQLTGTV,7162,True,10,
6525,GKPRGVTDNG,7162,True,10,
6526,DWPRGNRVTY,7162,True,10,
6527,TMPRQFTWHF,7162,True,10,
6528,EQPRSMYDRF,7162,True,10,
6529,VSPRTWYHGV,7162,True,10,
6530,DVPRGVADPA,7162,True,10,
6531,SHVRGLFDVY,7162,True,10,
6532,GSVRGVTASG,7162,True,10,
6533,TPASGWTASG,7162,True,10,
6534,VTPRSMYGNS,7162,True,10,
6535,YPVYWFIGWA,7162,True,10,
6536,FKARAMYQGW,7162,True,10,
6537,VMQGNFYSGK,7162,True,10,
6538,QFPKWMRHMW,7162,True,10,
6539,MSPRMLHSGH,7162,True,10,
6540,FTPRGNFDEG,7162,True,10,
6541,NFPRGNVDMG,7162,True,10,
6542,YFPRGMHTSH,7162,True,10,
6543,WFTRWLVAMT,7162,True,10,
6544,STPRGNAMWK,7162,True,10,
6545,LGPACMSDVW,7162,True,10,
6546,QWVKWMSDET,7162,True,10,
6547,YMPRQVADGQ,7162,True,10,
6548,TYPRGNTDTY,7162,True,10,
6549,AFVRGMADGR,7162,True,10,
6550,HGPKSWATHL,7162,True,10,
6551,QTPRGSYDWK,7162,True,10,
6552,VYPASWRALA,7162,True,10,
6553,TFILPHWDQA,7162,True,10,
6554,TQPRNYHDGW,7162,True,10,
6555,MTPRGMYTKT,7162,True,10,
6556,GNPRWIQTNS,7162,True,10,
6557,VIPRPVWDNT,7162,True,10,
6558,IMPRSWVDTQ,7162,True,10,
6559,STVRSMTMIK,7162,True,10,
6560,MRPKGVIDPG,7162,True,10,
6561,YSWMSLVSWH,7162,True,10,
6562,LFPAGVHDGW,7162,True,10,
6563,QWLREMTASG,7162,True,10,
6564,WPVRGMHDWG,7162,True,10,
6565,YSPFGMKDHG,7162,True,10,
6566,MLPTALTASG,7162,True,10,
6567,ASPRGNTDLQ,7162,True,10,
6568,IKPSWVKTSR,7162,True,10,
6569,MWPRGYTASG,7162,True,10,
6570,VVPRAWRGSW,7162,True,10,
6571,QWVYWMRGTW,7162,True,10,
6572,AMWASMHSHF,7162,True,10,
6573,EIVRAWTASG,7162,True,10,
6574,KPARAMWAGW,7162,True,10,
6575,QWPEWMHSVR,7162,True,10,
6576,IAWGNMYAIT,7162,True,10,
6577,MSPRQVYGLI,7162,True,10,
6578,YGPRAFYDNA,7162,True,10,
6579,SIPLYQYDTS,7162,True,10,
6580,VGPSGWHTEV,7162,True,10,
6581,LNPRSYKDNY,7162,True,10,
6582,TAPRAYTGQR,7162,True,10,
6583,NTPRSWFDEG,7162,True,10,
6584,GNPRSYVDMS,7162,True,10,
6585,LPYNSLYAKG,7162,True,10,
6586,YQPRSWRDRT,7162,True,10,
6587,KIFWSWYDKL,7162,True,10,
6588,TSPVAFHDVG,7162,True,10,
6589,FYARGMTDNG,7162,True,10,
6590,SMPRTLVAQK,7162,True,10,
6591,MAPRFMLDNI,7162,True,10,
6592,KIPRPYSVRK,7162,True,10,
6593,YVPGWMTASG,7162,True,10,
6594,HYPKGNQVHQ,7162,True,10,
6595,KWPRFMQDSK,7162,True,10,
6596,PGVRAYIDTG,7162,True,10,
6597,HYPRAFSDIG,7162,True,10,
6598,RSTLPLWDPK,7162,True,10,
6599,MLQPWLYDAV,7162,True,10,
6600,HSPRFLQDTQ,7162,True,10,
6601,TPVGWMKGKG,7162,True,10,
6602,DIPRAYADTI,7162,True,10,
6603,EMPRNVMYSV,7162,True,10,
6604,GLPTAFHDEA,7162,True,10,
6605,YGPKGMKDLY,7162,True,10,
6606,RAVRWMISGW,7162,True,10,
6607,FAPYWMRDVW,7162,True,10,
6608,YDPFWIYDWV,7162,True,10,
6609,GQPSPFWDTG,7162,True,10,
6610,VTPRGNYAWH,7162,True,10,
6611,AIPRPVYDMQ,7162,True,10,
6612,TYPRSWLDIT,7162,True,10,
6613,WKPKWMTDPW,7162,True,10,
6614,MWPVDMHDWF,7162,True,10,
6615,YWPREWYDTY,7162,True,10,
6616,YLPRAVKDVF,7162,True,10,
6617,SLVRAVWDKT,7162,True,10,
6618,ALVRSMRSAW,7162,True,10,
6619,SVPRAVHDMY,7162,True,10,
6620,MPRVLYQSAL,7162,True,10,
6621,YMPRSYIDVG,7162,True,10,
6622,QAPRVYARGW,7162,True,10,
6623,TDPKWITDET,7162,True,10,
6624,ISPRWVFAPI,7162,True,10,
6625,WHPRGFIDGQ,7162,True,10,
6626,GIPRWMYTAS,7162,True,10,
6627,LAPSWLYTWH,7162,True,10,
6628,FMPRNVHDAQ,7162,True,10,
6629,YMPRAYWDGL,7162,True,10,
6630,QTPRGNYDEW,7162,True,10,
6631,RLPRNVHAEF,7162,True,10,
6632,DFPVWMTSKW,7162,True,10,
6633,ISPRWIMAMF,7162,True,10,
6634,YTARWLMVRY,7162,True,10,
6635,RAPRPFWDEY,7162,True,10,
6636,EWAYWIMALG,7162,True,10,
6637,GFPLDQYVEY,7162,True,10,
6638,TFMLPQYVWA,7162,True,10,
6639,SGPKGMRDTA,7162,True,10,
6640,VYGRALMSVW,7162,True,10,
6641,PTVRAVWSHR,7162,True,10,
6642,WTCRPADVQA,7162,True,10,
6643,MSPRKFATPV,7162,True,10,
6644,VGPRSYHTWT,7162,True,10,
6645,RPAQDFDAET,7162,True,10,
6646,PVPRAVFAGV,7162,True,10,
6647,SCPMAYSDNF,7162,True,10,
6648,HYPRNYQDHI,7162,True,10,
6649,KQPSWIWDHT,7162,True,10,
6650,YFPRSWTNWG,7162,True,10,
6651,GYPRSWTNRG,7162,True,10,
6652,FAPRAFTDQG,7162,True,10,
6653,MTPRYWQDPG,7162,True,10,
6654,WQPRGNADLA,7162,True,10,
6655,WQPRNHFDVK,7162,True,10,
6656,MKPAGWHDGY,7162,True,10,
6657,VQPRGQSDPY,7162,True,10,
6658,ANWMAWTASG,7162,True,10,
6659,SQPEWMYSWG,7162,True,10,
6660,FAPMSMHDWV,7162,True,10,
6661,PMPLGQITEL,7162,True,10,
6662,IYPRNYVDRV,7162,True,10,
6663,MQPSWLQDVQ,7162,True,10,
6664,PLPVNYHDPG,7162,True,10,
6665,GQPRSWHTAS,7162,True,10,
6666,GAPRSPQDNH,7162,True,10,
6667,YPVSWMIAEW,7162,True,10,
6668,VWPRMLKSPS,7162,True,10,
6669,GLVRAWIATH,7162,True,10,
6670,TSPRVLNTWW,7162,True,10,
6671,LMPRNVADEW,7162,True,10,
6672,YTPRGNYDSY,7162,True,10,
6673,ASPRWIHSTL,7162,True,10,
6674,FYIPLNAGNP,7162,True,10,
6675,KSPWGYTVTL,7162,True,10,
6676,YRVAWLTASG,7162,True,10,
6677,LVPRAVHDPH,7162,True,10,
6678,YVPRAVIGEW,7162,True,10,
6679,LWASGLFDTY,7162,True,10,
6680,LFPRNYHDAQ,7162,True,10,
6681,EKPRSHSDTG,7162,True,10,
6682,PVPRAVWDIH,7162,True,10,
6683,KAFSELRALA,7162,True,10,
6684,PRPRSYSDQG,7162,True,10,
6685,ISPRGVHTPG,7162,True,10,
6686,PFPRSQTASG,7162,True,10,
6687,GMTRWLADNH,7162,True,10,
6688,APVRAWLDWL,7162,True,10,
6689,HPYMAMRDWF,7162,True,10,
6690,VMPRWITASG,7162,True,10,
6691,VYPRSWRAQI,7162,True,10,
6692,PSPRSMHDEF,7162,True,10,
6693,LRWPFAPLVT,7162,True,10,
6694,QAVRAWQATQ,7162,True,10,
6695,QYPAGMHDMS,7162,True,10,
6696,ACPRWMSAET,7162,True,10,
6697,PFPRGMHDNF,7162,True,10,
6698,YSWAAYTASG,7162,True,10,
6699,QAMSWIPVPT,7162,True,10,
6700,YHPFGMTASG,7162,True,10,
6701,PMVRGMHDET,7162,True,10,
6702,ALPRYWTASG,7162,True,10,
6703,NTPGWMTDIY,7162,True,10,
6704,HAPRGSYTAS,7162,True,10,
6705,FLVRAWYDAQ,7162,True,10,
6706,WDPRGNRDSW,7162,True,10,
6707,QPVRWYHDPL,7162,True,10,
6708,NGPYGMKDVA,7162,True,10,
6709,VQPRSWIASK,7162,True,10,
6710,HSPRSYHDIS,7162,True,10,
6711,VYPAWMKNHA,7162,True,10,
6712,YMPRPFADWY,7162,True,10,
6713,GWAVGQFAWV,7162,True,10,
6714,VLPRYWYVSW,7162,True,10,
6715,SLGRALTASG,7162,True,10,
6716,FSPRYMTASG,7162,True,10,
6717,IYPRAFSDGR,7162,True,10,
6718,VVPRAVHGSH,7162,True,10,
6719,QWCWPVEVMP,7162,True,10,
6720,LFYRPVQAMH,7162,True,10,
6721,GMPLNRDYSR,7162,True,10,
6722,FSPRWIKDMY,7162,True,10,
6723,RLPRAYSDTY,7162,True,10,
6724,MHPRGNTASG,7162,True,10,
6725,SYPRGMQDTH,7162,True,10,
6726,EYFSAWQAMR,7162,True,10,
6727,WVPRWITGIL,7162,True,10,
6728,PEVKWQVSKW,7162,True,10,
6729,YLPRAVYDHW,7162,True,10,
6730,SMPRMLYDWF,7162,True,10,
6731,PLYISMRMHW,7162,True,10,
6732,YWRGLMDLHG,7162,True,10,
6733,VFVRAFQGLF,7162,True,10,
6734,VGPRYLYDKG,7162,True,10,
6735,AFVRGVYVEF,7162,True,10,
6736,VLPRAFADYV,7162,True,10,
6737,GWPKWSYVMG,7162,True,10,
6738,YKVYWMTDSK,7162,True,10,
6739,KIPRPYTDGT,7162,True,10,
6740,LMPRSYLDTQ,7162,True,10,
6741,DYPRGMHNEG,7162,True,10,
6742,WLPRAVWDIR,7162,True,10,
6743,TLVRAWIDQK,7162,True,10,
6744,QHQPQSVNES,7162,True,10,
6745,LGPKSYMDNA,7162,True,10,
6746,SLVRFMYDSW,7162,True,10,
6747,PFPRSNTDHL,7162,True,10,
6748,NVPKWMRDAK,7162,True,10,
6749,GAPVGYTDPQ,7162,True,10,
6750,RWPRFLKDAL,7162,True,10,
6751,GMCDLDFYSG,7162,True,10,
6752,FIPRPVMDIA,7162,True,10,
6753,YLVKWMYSAW,7162,True,10,
6754,VWPRGMAYKH,7162,True,10,
6755,YIPTAFTASG,7162,True,10,known_sequence
6756,IPLYNWDAWS,7162,True,10,
6757,SKVMWMIDWQ,7162,True,10,
6758,TVPRAWIDPT,7162,True,10,
6759,TVSQWLWVQW,7162,True,10,
6760,YWYSNMADPS,7162,True,10,
6761,MYPRGMHDIY,7162,True,10,
6762,YVPRAWTDMV,7162,True,10,
6763,KWPRFYADAH,7162,True,10,
6764,QRWLAMTASG,7162,True,10,
6765,KYPRGMSDFT,7162,True,10,
6766,YFPWGVHDSI,7162,True,10,
6767,TYPRGWYVNG,7162,True,10,
6768,FYARAMYDMV,7162,True,10,
6769,RNPRWMHSQA,7162,True,10,
6770,VLPRAVNDGF,7162,True,10,
6771,GVPRAVWVGS,7162,True,10,
6772,CRVLGMHDAV,7162,True,10,
6773,KGPSHWQDMS,7162,True,10,
6774,NKPAPWIDSF,7162,True,10,
6775,AVPRAWLSQL,7162,True,10,
6776,QHESAPSVTE,7162,True,10,
6777,GYPRWIVTAS,7162,True,10,
6778,ITPRYWTDHG,7162,True,10,
6779,YMISWMRVPI,7162,True,10,
6780,VWPRGMHDLS,7162,True,10,
6781,YPFGHLASRH,7162,True,10,
6782,MTPRQVTASG,7162,True,10,
6783,YTPRGNVAWV,7162,True,10,
6784,GWPRGFHDVI,7162,True,10,
6785,GAPGWQMDPH,7162,True,10,
6786,PGPRSYWDTQ,7162,True,10,
6787,WQPRGVTASG,7162,True,10,
6788,WPGWPRELSK,7162,True,10,
6789,DYPRAFYDHA,7162,True,10,
6790,LAIRPLYITL,7162,True,10,
6791,GMPRYMITAS,7162,True,10,
6792,PMPRQVHSWG,7162,True,10,
6793,WIPVWMQGLY,7162,True,10,
6794,VSPLEQRDHW,7162,True,10,
6795,DGPRGVTASG,7162,True,10,
6796,PNWRAWTASG,7162,True,10,
6797,QMVYGMWDQS,7162,True,10,
6798,MDPKWMYGLS,7162,True,10,
6799,SAPRPYWDPY,7162,True,10,
6800,GTPGQMRSPW,11195,True,10,
6801,DVPLSVFSHF,11195,True,10,
6802,VPPSKFTGFR,11195,True,10,
6803,IPRPRRSGPF,11195,True,10,
6804,ATPAGFHGRV,11195,True,10,
6805,PRPRQVTASG,11195,True,10,
6806,TVPFQSQSHI,11195,True,10,
6807,RPPSMLWSAQ,11195,True,10,
6808,RPPSYLWARY,11195,True,10,
6809,NPPSHFTASG,11195,True,10,
6810,APVHAFSGQF,11195,True,10,
6811,TRPFGVFSEA,11195,True,10,
6812,QAPMGVTSKR,11195,True,10,
6813,GIPRAFRGNA,11195,True,10,
6814,KMPSGFSALQ,11195,True,10,
6815,ETPSGWTSMT,11195,True,10,
6816,IRPMGVWSKA,11195,True,10,
6817,RSPLGVKYNH,11195,True,10,
6818,PRPSAMWAEA,11195,True,10,
6819,GRPSAFSGKS,11195,True,10,
6820,PAPSGVTASG,11195,True,10,
6821,GKPAQFRTAS,11195,True,10,
6822,MQPRQVRGQI,11195,True,10,
6823,KMPARGTSEW,11195,True,10,
6824,QAPAGSTGNH,11195,True,10,
6825,PQPSGWTASG,11195,True,10,
6826,RAPSMLHGSH,11195,True,10,
6827,HLPTAFSGLI,11195,True,10,
6828,RPPSAFWTMI,11195,True,10,
6829,RVPSATHAPH,11195,True,10,
6830,PTPSAFTGHF,11195,True,10,
6831,GRPAQVWSRG,11195,True,10,
6832,RPPSSFRGSA,11195,True,10,
6833,MRPIPQVAEW,11195,True,10,
6834,IVPSAVSGVH,11195,True,10,
6835,TGPKPFSAYQ,11195,True,10,
6836,APPSSFTAVY,11195,True,10,
6837,VAPYGFGAPR,11195,True,10,
6838,RPPSAFIAWF,11195,True,10,
6839,PRPMQYRGMH,11195,True,10,
6840,AMRQKRAVQL,11195,True,10,
6841,RPPSSFRSHK,11195,True,10,
6842,PNPSRFLGWQ,11195,True,10,
6843,QFPSGSPMSI,11195,True,10,
6844,PAPFSNQGTG,11195,True,10,
6845,KPPSPFSGPV,11195,True,10,
6846,IPPASVHSMG,11195,True,10,
6847,ATPESMKGQY,11195,True,10,
6848,RPPSSFRSNS,11195,True,10,
6849,PLPTGVTASG,11195,True,10,
6850,QAPYGFRGWA,11195,True,10,
6851,RGPSAYHSGY,11195,True,10,
6852,PHPSAFQGMR,11195,True,10,
6853,RFPSGKHAPR,11195,True,10,
6854,RAPSSFSGQR,11195,True,10,
6855,HRPSAFYGWQ,11195,True,10,
6856,PRPVQYRGRG,11195,True,10,
6857,GAPSAVHGNR,11195,True,10,
6858,AMPSAFLSNH,11195,True,10,
6859,HPPESVFGPL,11195,True,10,
6860,IPPSASWGVK,11195,True,10,
6861,GPPSEVRATA,11195,True,10,
6862,QPPHAFSASY,11195,True,10,
6863,AIPYELIGVS,11195,True,10,
6864,SPPHGVFAQH,11195,True,10,
6865,IAPRAFIGLG,11195,True,10,
6866,HPSQSLRGYQ,11195,True,10,
6867,GMPASVRTAS,11195,True,10,
6868,RGPSSVWSGR,11195,True,10,
6869,TRPSAYTASG,11195,True,10,
6870,SKPSAYTGKI,11195,True,10,
6871,VRPAGVRTAS,11195,True,10,
6872,ANPSAVWGKW,11195,True,10,
6873,QAPWAWIGEW,11195,True,10,
6874,APPSHWSTNH,11195,True,10,
6875,EGPSRFTGHG,11195,True,10,
6876,QGPSAFRSAL,11195,True,10,
6877,RRPSAYRGMA,11195,True,10,
6878,KGPSGFTAGI,11195,True,10,
6879,TRPFGWRGQI,11195,True,10,
6880,GAPSHWLTAS,11195,True,10,
6881,THPSAFIGKQ,11195,True,10,
6882,RAPSTLFSQT,11195,True,10,
6883,GRPSAMWSNH,11195,True,10,
6884,GRPSPFLSPG,11195,True,10,
6885,GAPSPFWGRH,11195,True,10,
6886,QPPHAFMGRQ,11195,True,10,
6887,PTPSGSTASG,11195,True,10,
6888,PYPSGWTASG,11195,True,10,
6889,GNPSGFWGVA,11195,True,10,
6890,ARPSAFWGFH,11195,True,10,
6891,APPEAFHGLF,11195,True,10,
6892,RPPSSFHARA,11195,True,10,
6893,QRPSPFTGQF,11195,True,10,
6894,KAPSEMRGMS,11195,True,10,
6895,HALSSRQSLY,11195,True,10,
6896,PGPQPLVSPG,11195,True,10,
6897,SGPAKMIGTA,11195,True,10,
6898,RMPSAMWGQY,11195,True,10,
6899,PQPSAQIAPY,11195,True,10,
6900,RMPSAIFGNL,11195,True,10,
6901,RVPLNVRATK,11195,True,10,
6902,SYPSDMHALY,11195,True,10,
6903,AGPASWRGQH,11195,True,10,
6904,PAPAGVHSWI,11195,True,10,
6905,GPPSSFASHR,11195,True,10,
6906,PRPFQMRSFR,11195,True,10,
6907,VGPSGVTASG,11195,True,10,
6908,QPPSSYHSMS,11195,True,10,
6909,ARPSPFWSKS,11195,True,10,
6910,AQPSGWRAQF,11195,True,10,
6911,GVPYQVFSKH,11195,True,10,
6912,GPPSSFWGVQ,11195,True,10,
6913,QPPHAFIGSL,11195,True,10,
6914,NIPSAVLSVG,11195,True,10,
6915,FAPSGPFART,11195,True,10,
6916,TGPSAMFGKH,11195,True,10,
6917,KEPARFIGPH,11195,True,10,
6918,TRPSAQWGPF,11195,True,10,
6919,TRPAQMHGES,11195,True,10,
6920,HDPSGMHGTH,11195,True,10,
6921,RGPSMLQSMV,11195,True,10,
6922,RPPSSFWAMS,11195,True,10,
6923,WPPSEQRSAH,11195,True,10,
6924,AVPSAVYGRH,11195,True,10,
6925,SAPSAVHARI,11195,True,10,
6926,RPPSAFRGLG,11195,True,10,
6927,GRPSGFLTAS,11195,True,10,
6928,RQPSPFWNVL,11195,True,10,
6929,PHPVERGPEQ,11195,True,10,
6930,SGPSAFTASG,11195,True,10,
6931,AGPSGVTASG,11195,True,10,
6932,APPFSNRGSR,11195,True,10,
6933,NPPSHWISWG,11195,True,10,
6934,LRPLQVTSRI,11195,True,10,
6935,AVPSAFYGNI,11195,True,10,
6936,AHPASNRGNG,11195,True,10,
6937,RTPVGVMGSK,11195,True,10,
6938,VRPHQMRGLR,11195,True,10,
6939,VGPSGVATIR,11195,True,10,
6940,SAPVHMISVI,11195,True,10,
6941,RQPFQMWSNH,11195,True,10,
6942,PSPVQMHSPG,11195,True,10,
6943,VMPSGFTASG,11195,True,10,known_sequence
6944,AGPSGVTASG,11195,True,10,
6945,GRPSPFWGAY,11195,True,10,
6946,FRPAGVRSTG,11195,True,10,
6947,ARPMHYRGMQ,11195,True,10,
6948,TAPSAFWHGH,11195,True,10,
6949,RPPSHFYGPS,11195,True,10,
6950,ASPRQYIGPG,11195,True,10,
6951,TPPSAWVGIA,11195,True,10,
6952,GPAGTGGARS,11195,True,10,
6953,GAPSAFWGRG,11195,True,10,
6954,QIPWSWRSAI,11195,True,10,
6955,PQVAPYWGVQ,11195,True,10,
6956,GRPFQMTGMV,11195,True,10,
6957,PTPSALYSPH,11195,True,10,
6958,VHPSAFYSTH,11195,True,10,
6959,KPPSSWQSVG,11195,True,10,
6960,PAVHQFHGIR,11195,True,10,
6961,QGPSAMYGIL,11195,True,10,
6962,VKPSGVMGIH,11195,True,10,
6963,ARPSAMRSPS,11195,True,10,
6964,VQPSGFRSLF,11195,True,10,
6965,PTPSAFTGVH,11195,True,10,
6966,NTPSAMHGRG,11195,True,10,
6967,HVPSQIFNVS,11195,True,10,
6968,QRPFGVLSPT,11195,True,10,
6969,RTPASWYART,11195,True,10,
6970,GYPSASYSHP,11195,True,10,
6971,QRPSAMWGNL,11195,True,10,
6972,PGPRPVPGVA,11195,True,10,
6973,TPPSKFHGSH,11195,True,10,
6974,PNPQAWRGNV,11195,True,10,
6975,MFPSGFRGTI,11195,True,10,
6976,GVPRAQSVQG,11195,True,10,
6977,LVPFQMRGRQ,11195,True,10,
6978,VGPAPGSQPG,11195,True,10,
6979,VRPSASFSHF,11195,True,10,
6980,GAPSAFYGLH,11195,True,10,
6981,TRPSAMFGPR,11195,True,10,
6982,MRPHQFRAQV,11195,True,10,
6983,RKPSTMTASG,11195,True,10,
6984,SKPSAHTGMT,11195,True,10,
6985,ADPSGMRKEH,11195,True,10,
6986,HAPSSFHSWH,11195,True,10,
6987,PHPSAFWAGY,11195,True,10,
6988,QGPSAFSGMV,11195,True,10,
6989,RQPAPFWGPG,11195,True,10,
6990,TFPSAQSGHG,11195,True,10,
6991,RGPSSYYGTY,11195,True,10,
6992,SPPSAVHSAY,11195,True,10,
6993,PGPSGVTASG,11195,True,10,
6994,RGPAPFLGEH,11195,True,10,
6995,GVPSPFWGVI,11195,True,10,
6996,PGPSGVTASG,11195,True,10,
6997,TRPSAFRGVW,11195,True,10,
6998,ARPAQMLGPK,11195,True,10,
6999,PQPSPFWSMI,11195,True,10,
7000,PRPAGVQSVL,11195,True,10,
7001,MQASAFYSNS,11195,True,10,
7002,SQPAQMWGSW,11195,True,10,
7003,TAPSAVFSRG,11195,True,10,
7004,GAPMNVRSNQ,11195,True,10,
7005,QVPSAVFSQG,11195,True,10,
7006,ASPASWVAWV,11195,True,10,
7007,QAPAGVHAHW,11195,True,10,
7008,EAPSRFVGRA,11195,True,10,
7009,RAPVGVHAPI,11195,True,10,
7010,PAPAKFIGRH,11195,True,10,
7011,QIPSAYHGHL,11195,True,10,
7012,RSPSGFMGKG,11195,True,10,
7013,FIPVAFKGSF,11195,True,10,
7014,RQPSAFHATS,11195,True,10,
7015,RAPASVTASG,11195,True,10,
7016,HQPQAVWSRA,11195,True,10,
7017,KPPSAFSGTR,11195,True,10,
7018,PHPSPFLSWL,11195,True,10,
7019,AMPFAFWGNG,11195,True,10,
7020,QVPSGVFGMH,11195,True,10,
7021,GYPRDMLGRH,11195,True,10,
7022,GQPRTLFANA,11195,True,10,
7023,MFPSGFRGHT,11195,True,10,
7024,GPPSAVWSQG,11195,True,10,
7025,VYGHQLRSHW,11195,True,10,
7026,RAPASWQASH,11195,True,10,
7027,MTPHGMSNRH,11195,True,10,
7028,QGPWAVWDMR,11195,True,10,
7029,ASPRPFRGLS,11195,True,10,
7030,KIPSAQFGLG,11195,True,10,
7031,TPPSSFFSNK,11195,True,10,
7032,KQPSHWTASG,11195,True,10,
7033,ARPSAFYGKA,11195,True,10,
7034,GMPLGFHGSL,11195,True,10,
7035,AGPSPGMAPW,11195,True,10,
7036,MAPSGVWSPH,11195,True,10,
7037,GVPRAVYGET,11195,True,10,
7038,HQPSAFTSRV,11195,True,10,
7039,VGPSGFRGGA,11195,True,10,
7040,AQPRQVRAQS,11195,True,10,
7041,AVPSGVHANL,11195,True,10,
7042,VKPSGVTASG,11195,True,10,known_sequence
7043,VAPAKFWSGR,11195,True,10,
7044,RVPYGVHGQG,11195,True,10,
7045,GRPRSYWTAS,11195,True,10,
7046,GRPSAFYGRQ,11195,True,10,
7047,KAPSGVHANS,11195,True,10,
7048,RQPSAVYGQH,11195,True,10,
7049,PQPARFTASG,11195,True,10,
7050,MTPSGFTASG,11195,True,10,
7051,GRPMSYFAWV,11195,True,10,
7052,RPPSHFRAIY,11195,True,10,
7053,FRPSAYHGLQ,11195,True,10,
7054,RSPSSYMKVF,11195,True,10,
7055,HTPLGRSSQG,11195,True,10,
7056,ARPSGMIGQG,11195,True,10,
7057,CPPSAFHGRL,11195,True,10,
7058,SGPFQMTASG,11195,True,10,
7059,RHPSDLRGVG,11195,True,10,
7060,VIPSALTSNH,11195,True,10,
7061,PTPSQMWGIV,11195,True,10,
7062,RGPVAFYGQH,11195,True,10,
7063,KRPRPFKSPY,11195,True,10,
7064,HGPLSRTASG,11195,True,10,
7065,AQPSDLWGNT,11195,True,10,
7066,TRPSHFVSRY,11195,True,10,
7067,VPPEAIRGHF,11195,True,10,
7068,RSPASWTAQF,11195,True,10,
7069,EPPSWIHGHS,11195,True,10,
7070,GRPASKYGNY,11195,True,10,
7071,TPPSAFSGWR,11195,True,10,
7072,RGPSAFWGNL,11195,True,10,
7073,PMVGEVRGVH,11195,True,10,
7074,HTPSGWTASG,11195,True,10,
7075,LRPTALWALR,11195,True,10,
7076,YVPSWIRGSL,11195,True,10,
7077,PRPSAMRSRG,11195,True,10,
7078,QKPSATHSPK,11195,True,10,
7079,NAPSSVTASG,11195,True,10,
7080,VWPSWIKGQI,11195,True,10,
7081,RGPLAVFGIH,11195,True,10,
7082,NHPSAQTGPF,11195,True,10,
7083,FAPSAFRSQR,11195,True,10,
7084,GNPSHWTASG,11195,True,10,
7085,VIPSAVRGSW,11195,True,10,
7086,RPPSSFWARL,11195,True,10,
7087,GQPSAFYSEF,11195,True,10,
7088,QRPLQFLSQA,11195,True,10,
7089,TPPSSFRAIF,11195,True,10,
7090,GQPGKRSTAS,11195,True,10,
7091,RYPSSWRGQS,11195,True,10,
7092,PGPSDMWSRT,11195,True,10,
7093,PPPMAFLGAF,11195,True,10,
7094,NCPSWVRTGI,11195,True,10,
7095,GFPSGVTASG,11195,True,10,
7096,QAPAGVHNGT,11195,True,10,
7097,ARPAGVHSNG,11195,True,10,
7098,RPPSMLWGPS,11195,True,10,
7099,AEPAQMRGNQ,11195,True,10,
7100,HRPSPFLSWR,11195,True,10,
7101,AGPSGQMGAT,11195,True,10,
7102,AMPFGQRANH,11195,True,10,
7103,AGPSGWTAQS,11195,True,10,
7104,HMPSGVYSPT,11195,True,10,
7105,QVPSGVTGHL,11195,True,10,
7106,GPPSSVRGPH,11195,True,10,
7107,APPYAFRGHR,11195,True,10,
7108,EPPHAFYGPQ,11195,True,10,
7109,GPPSSVIGRW,11195,True,10,
7110,RPAFEVFAIH,11195,True,10,
7111,STPSALHGRG,11195,True,10,
7112,RSPVQMVSAW,11195,True,10,
7113,QSPAQMRGLH,11195,True,10,
7114,ARPSGFRSTY,11195,True,10,
7115,ASPLSVFSYL,11195,True,10,
7116,RVPVQLFSEY,11195,True,10,
7117,RFPSGSQSMR,11195,True,10,
7118,MGPRSVWAIK,11195,True,10,
7119,RPPSSFTASG,11195,True,10,
7120,QRPMDMTSHK,11195,True,10,
7121,GAPIEVRSKS,11195,True,10,
7122,GAPASVRTAS,11195,True,10,
7123,GPPSGVTASG,11195,True,10,
7124,PVPQAVLSPY,11195,True,10,
7125,GRPSAMFGSL,11195,True,10,
7126,RTPLGMISWR,11195,True,10,
7127,YHPQAFSGLM,11195,True,10,
7128,APPSHWSGRH,11195,True,10,
7129,RAPSSYTSPK,11195,True,10,
7130,PRPSDMLSHS,11195,True,10,
7131,RVPSAVTGVG,11195,True,10,
7132,APDQPFPAFN,11195,True,10,
7133,PAPSLRTASG,11195,True,10,
7134,FPPEAIWGRS,11195,True,10,
7135,PRPAQFHGMS,11195,True,10,
7136,ATASHMYGWH,11195,True,10,
7137,QPPHAFSGPH,11195,True,10,
7138,QGPSDMIGMG,11195,True,10,
7139,RMPSGFTGNQ,11195,True,10,
7140,VGPSGFYGLS,11195,True,10,
7141,PAPRAFRGRV,11195,True,10,
7142,AVPSAIHGQS,11195,True,10,
7143,PTPEQMHGPQ,11195,True,10,
7144,GNPSAVSANF,11195,True,10,
7145,GRPSAMTASG,11195,True,10,
7146,LPPSEVTASG,11195,True,10,
7147,RSPLQFTGPT,11195,True,10,
7148,RYPSAFHGPW,11195,True,10,
7149,TPPSSLTGQS,11195,True,10,
7150,PLPRAVTASG,11195,True,10,
7151,VTPSGQMSHI,11195,True,10,
7152,ETPHAVLSWG,11195,True,10,
7153,ARPSAMHGWY,11195,True,10,
7154,AIPRPVLGTH,11195,True,10,
7155,GSPSAFWSNF,11195,True,10,
7156,QRPLQVHSKS,11195,True,10,
7157,APPSHMWATH,11195,True,10,
7158,WPPSSQHAWQ,11195,True,10,
7159,SPPSAVHATY,11195,True,10,
7160,VGPSAMHGRQ,11195,True,10,
7161,MRPSGFWYMQ,11195,True,10,
7162,GYPSAVIGVQ,11195,True,10,
7163,RAPAHVLGSK,11195,True,10,
7164,PQPSPFTASG,11195,True,10,
7165,RAPSMLWGLA,11195,True,10,
7166,QAPASWVGHL,11195,True,10,
7167,TMPSAMWGPS,11195,True,10,
7168,QVPSAVHGLG,11195,True,10,
7169,AKPSAYRGWQ,11195,True,10,
7170,HAPLNSYSGV,11195,True,10,
7171,RSPLMFTGQF,11195,True,10,
7172,TSPVEQYGIR,11195,True,10,
7173,NPPSSYRGEL,11195,True,10,
7174,QPPSSQIARW,11195,True,10,
7175,TGPSMLWSEL,11195,True,10,
7176,AGPYGMRGNH,11195,True,10,
7177,QNPSGWRNQH,11195,True,10,
7178,RPPSSVTASG,11195,True,10,
7179,RGPSGVMAQS,11195,True,10,
7180,DGPSGFRVAH,11195,True,10,
7181,GPPSAFWSGH,11195,True,10,
7182,FPPSHWTASG,11195,True,10,
7183,VAPSGWRALH,11195,True,10,
7184,VQPFAFRKQL,11195,True,10,
7185,GMPSAQFGPQ,11195,True,10,
7186,PVPSAVWGEQ,11195,True,10,
7187,GPPAHFLGTW,11195,True,10,
7188,GPRLRRSVPR,11195,True,10,
7189,PRPSAMTSNY,11195,True,10,
7190,PRPRSYTASG,11195,True,10,
7191,HPPFGMTSPH,11195,True,10,
7192,RGPYNFRAVI,11195,True,10,
7193,AQPSPFTGWT,11195,True,10,
7194,GRPSAMSGPH,11195,True,10,
7195,RVPSAVQVPW,11195,True,10,
7196,PVPSAVHGLM,11195,True,10,
7197,VHVWGIHSLH,11195,True,10,
7198,VTPAGSWSGS,11195,True,10,
7199,GLPSAVSAPH,11195,True,10,
7200,IVPRVLWGTQ,10910,True,10,
7201,NMVRGVFSGW,10910,True,10,
7202,GMPRKFYGMH,10910,True,10,
7203,PTPKQWTGTQ,10910,True,10,
7204,GPRKAKAVDS,10910,True,10,
7205,IFPAGVTGVL,10910,True,10,
7206,PRPVAYWNMY,10910,True,10,
7207,MAPRKVNSTA,10910,True,10,
7208,SDPLGMTGKW,10910,True,10,
7209,RSRVLRSALG,10910,True,10,
7210,APPRAFYASG,10910,True,10,
7211,MSPKGVRAEH,10910,True,10,
7212,NTPAQLFAGW,10910,True,10,
7213,PSPLTLNSPH,10910,True,10,
7214,SVPSAITGMG,10910,True,10,
7215,SAPRAVHSNL,10910,True,10,
7216,GSPRAFTGSH,10910,True,10,
7217,QTVHMLFDKQ,10910,True,10,
7218,VYPASVFAVF,10910,True,10,
7219,TFPSAFSGKH,10910,True,10,
7220,TVTRALFSVA,10910,True,10,
7221,HAPRSQTASG,10910,True,10,
7222,YVPKQVFSKS,10910,True,10,
7223,YRPRAVSSFT,10910,True,10,
7224,TSPVELHGWL,10910,True,10,
7225,IRPMAFTGTH,10910,True,10,
7226,MAPRSSGVIL,10910,True,10,
7227,AKPSGQISPT,10910,True,10,
7228,QPISELQGTL,10910,True,10,
7229,TAPRGSTASG,10910,True,10,
7230,ILPVHMLGVF,10910,True,10,
7231,PVPYAVLVTW,10910,True,10,
7232,YVPRGVTDVK,10910,True,10,
7233,HVPTALHGNH,10910,True,10,
7234,LMPLGYWGEW,10910,True,10,
7235,TGPKLIWSGV,10910,True,10,
7236,RIPTAFWGAL,10910,True,10,
7237,RPKVPKVSFG,10910,True,10,
7238,VEPRAVYAQH,10910,True,10,
7239,MVPYGQTASG,10910,True,10,
7240,ALPIAMWGLY,10910,True,10,
7241,NIPTRLQGMW,10910,True,10,
7242,HGVRAVYGPA,10910,True,10,
7243,VAPDQMSGVL,10910,True,10,
7244,PWPARFTASG,10910,True,10,
7245,NQPFRLVQLH,10910,True,10,
7246,HVPRQVYGVA,10910,True,10,
7247,TSPVQMTGPG,10910,True,10,
7248,GLPDFLFTAS,10910,True,10,
7249,VMPKQVIDHP,10910,True,10,
7250,LVPSWLTGPI,10910,True,10,
7251,PFPADQIAKA,10910,True,10,
7252,LKPFKLIGAI,10910,True,10,
7253,GPAFRSIGKG,10910,True,10,
7254,DMPGRVIGNA,10910,True,10,
7255,PMPSGWTASG,10910,True,10,
7256,SRPRPMYSNH,10910,True,10,
7257,GARKDRTASG,10910,True,10,
7258,CPPVELRGQY,10910,True,10,
7259,AGVSPWKVLV,10910,True,10,
7260,TGPKFMYGQL,10910,True,10,
7261,DIPRVIYATL,10910,True,10,
7262,PKVYAWVGQS,10910,True,10,
7263,TPPSSFFAPV,10910,True,10,
7264,VCPRSYHGRH,10910,True,10,
7265,PHARSLWGTV,10910,True,10,
7266,YSPSGWVGER,10910,True,10,
7267,VKPGAIYGWF,10910,True,10,
7268,VARTARSVMS,10910,True,10,
7269,GAPDQMYGMQ,10910,True,10,
7270,SPFLHWTSAK,10910,True,10,
7271,PRPTGLHNKS,10910,True,10,
7272,PFVFWMRGVT,10910,True,10,
7273,PCPTGLFSWL,10910,True,10,
7274,DNPKQNRAVY,10910,True,10,
7275,AMHNLATASG,10910,True,10,
7276,SVPSKLYGHS,10910,True,10,
7277,GSVMALYGHV,10910,True,10,
7278,FTPYQMLGAF,10910,True,10,
7279,TPPVELYGWT,10910,True,10,
7280,APVWSVTASG,10910,True,10,
7281,IVPAGVTASG,10910,True,10,
7282,APRIERSVDP,10910,True,10,
7283,ITPIEVTASG,10910,True,10,
7284,TPPSSLWGMG,10910,True,10,
7285,QHPSKFTASG,10910,True,10,
7286,RPPIAFHSNG,10910,True,10,
7287,YVPRAVWSPI,10910,True,10,
7288,GVLGAVYAGW,10910,True,10,
7289,MAPRQVFGTR,10910,True,10,
7290,SYPRAFYGWG,10910,True,10,
7291,STPKQVWAWF,10910,True,10,
7292,AVPRAWYGPF,10910,True,10,
7293,RPPSAFTSPG,10910,True,10,
7294,SVPSAVHAWG,10910,True,10,
7295,PGPSGQTASG,10910,True,10,
7296,KVPRAVFANY,10910,True,10,
7297,TSPRPMYGNA,10910,True,10,
7298,GLPKLVHSML,10910,True,10,
7299,GVPKAVTSVQ,10910,True,10,
7300,WVPRQVRGRS,10910,True,10,
7301,CHPSKFYAKL,10910,True,10,
7302,FTPIEMYGTK,10910,True,10,
7303,IPAFSLQSTV,10910,True,10,
7304,GRPRSYKTAS,10910,True,10,
7305,FMPGRFSAGK,10910,True,10,
7306,PGPELMHGEY,10910,True,10,
7307,LQPRAVYGPW,10910,True,10,
7308,LSRFARVVAP,10910,True,10,
7309,KAYPAYTASG,10910,True,10,
7310,IKPAPWYSLQ,10910,True,10,
7311,MFPWSWYKPS,10910,True,10,
7312,DRPFRLVGVH,10910,True,10,
7313,KVPSTLFSGQ,10910,True,10,
7314,RVPVQLWSWH,10910,True,10,
7315,SGPRAYSGTA,10910,True,10,
7316,HSPRGVWGSH,10910,True,10,
7317,GPVASVTGIY,10910,True,10,
7318,FRPRSLAGHS,10910,True,10,
7319,MVPRAVFSGW,10910,True,10,
7320,AQPSPFHDPS,10910,True,10,
7321,YTPRQYASPG,10910,True,10,
7322,LRPRAVFGSY,10910,True,10,
7323,GVPRQVWTAS,10910,True,10,
7324,GWPSRFTGPG,10910,True,10,
7325,PWPSKLISWQ,10910,True,10,
7326,KAPFKFLSPL,10910,True,10,
7327,LGPRAVYDMR,10910,True,10,
7328,IRPRQVFSVA,10910,True,10,
7329,SPPSVLHSNA,10910,True,10,
7330,TNPHAFSGVH,10910,True,10,
7331,PFCGSNPSNA,10910,True,10,
7332,EAPKQMKGIG,10910,True,10,
7333,GMGPASGNPL,10910,True,10,
7334,QNPRMLYGNQ,10910,True,10,
7335,GDPRASTGFL,10910,True,10,
7336,MSPRKFRGTW,10910,True,10,
7337,YKPRGQTGNH,10910,True,10,
7338,QYPRAFRGIQ,10910,True,10,
7339,GVPRAVLGFY,10910,True,10,
7340,TKVLWMYSPF,10910,True,10,
7341,SGPRVLVATA,10910,True,10,
7342,MSPVQLHGAT,10910,True,10,
7343,VNVFWMLGSW,10910,True,10,
7344,PRPQRVHGVK,10910,True,10,
7345,PAPSTLYSEV,10910,True,10,
7346,MYPRAFHGIV,10910,True,10,
7347,KNPRDYSGQW,10910,True,10,
7348,TIPFWMYGQW,10910,True,10,
7349,PSPAQVFSRA,10910,True,10,
7350,HSPLGYTGPL,10910,True,10,
7351,WHPKQITSML,10910,True,10,
7352,IWPREDLGPL,10910,True,10,
7353,HSPRGVWSPF,10910,True,10,
7354,FPPRGLSAVW,10910,True,10,
7355,HERATRSAPP,10910,True,10,
7356,MGPEGENVLL,10910,True,10,
7357,PVPSQYTGAL,10910,True,10,
7358,FGPSGNKSIS,10910,True,10,
7359,IGPQLLFDEY,10910,True,10,
7360,AVPRGVRGFS,10910,True,10,
7361,PWPRDIYAGH,10910,True,10,
7362,TGPSGVTASG,10910,True,10,
7363,MYPRSNSGQY,10910,True,10,
7364,GPYFLTAHQG,10910,True,10,
7365,KAPRPVMAWK,10910,True,10,
7366,SQPIPFWGHA,10910,True,10,
7367,STPSGNVAPF,10910,True,10,
7368,HPPRSYAGVY,10910,True,10,
7369,FPPRSNSGKG,10910,True,10,
7370,QPPSRFTGTS,10910,True,10,
7371,YRPASYSGTF,10910,True,10,
7372,RWPAPFQGRW,10910,True,10,
7373,VPAGHFQSLW,10910,True,10,
7374,YGIYELWAGY,10910,True,10,
7375,TVPVPQTGPV,10910,True,10,
7376,RIPRAFTASG,10910,True,10,
7377,TRPFPFLSKW,10910,True,10,
7378,YAPAGVTSEL,10910,True,10,
7379,EAPARFTGPY,10910,True,10,
7380,VSPLAYWGTL,10910,True,10,
7381,ISPVQLWRKW,10910,True,10,
7382,QFPTAFLSHW,10910,True,10,
7383,FSPLTLHARF,10910,True,10,
7384,KVPKLNYGES,10910,True,10,
7385,GPPRAVYTGV,10910,True,10,
7386,HRPAFLFGPY,10910,True,10,
7387,QAPADFKGKR,10910,True,10,
7388,FAPRLWFMIS,10910,True,10,
7389,PSPKQVISNH,10910,True,10,
7390,KGPFVQASMF,10910,True,10,
7391,GVPRLNRGVF,10910,True,10,
7392,PNPVETRGLW,10910,True,10,
7393,SMPRAYFGSY,10910,True,10,
7394,GNPSGWTAHS,10910,True,10,
7395,PWPREVTASG,10910,True,10,
7396,VLPRAVHASG,10910,True,10,
7397,CPVMGMTASG,10910,True,10,
7398,APPMNVHGWG,10910,True,10,
7399,SGPALTWATA,10910,True,10,
7400,ATPSGMWNPH,10910,True,10,
7401,ARPEGVKAYF,10910,True,10,
7402,RVPIPLWGVY,10910,True,10,
7403,PTPLQQISGY,10910,True,10,
7404,QIPFAVIGVF,10910,True,10,
7405,SGPRLYTASG,10910,True,10,
7406,SQPTGMRTVG,10910,True,10,
7407,FQPFRLNGQH,10910,True,10,
7408,MTPRQVIGWR,10910,True,10,
7409,SPAQDLYSAQ,10910,True,10,
7410,VYPASWRGVA,10910,True,10,
7411,GRPRQVYAVL,10910,True,10,
7412,TRPRSYHSNH,10910,True,10,
7413,VHPSKFTASG,10910,True,10,
7414,FAPRTMFGVQ,10910,True,10,
7415,WFPSRFIGAH,10910,True,10,
7416,WGPSGVTASG,10910,True,10,
7417,TRHWRLVGIK,10910,True,10,
7418,GSPLSQRGTG,10910,True,10,
7419,SFPSPFWNET,10910,True,10,
7420,RVPVAVISLG,10910,True,10,
7421,VAPKAVIGPH,10910,True,10,
7422,PKPARQTGQS,10910,True,10,
7423,PAPRAFTGPW,10910,True,10,
7424,VAPVEGSGSA,10910,True,10,
7425,LRPRTITGWS,10910,True,10,
7426,GTPRAVWSLA,10910,True,10,
7427,MSWSGMWSNF,10910,True,10,
7428,PGPSAVPGIM,10910,True,10,
7429,KSPSLYFSQL,10910,True,10,
7430,SHVGVRHTSG,10910,True,10,
7431,MPPRQVFGPY,10910,True,10,
7432,VFPSGQKSVY,10910,True,10,
7433,HAPRGVTGAQ,10910,True,10,
7434,HGPLKRSYTG,10910,True,10,
7435,EAPRQVLAHV,10910,True,10,
7436,GTPSGNRGMW,10910,True,10,
7437,GTPSRLFSGW,10910,True,10,
7438,WLPRAVFSAF,10910,True,10,
7439,SVPSWIHGVF,10910,True,10,
7440,GVPSWILGHL,10910,True,10,
7441,FAPSGNRANW,10910,True,10,
7442,KAPSGWVGLH,10910,True,10,
7443,SFPRAFSGNF,10910,True,10,
7444,MFPLKVHGHV,10910,True,10,
7445,VGPFGMTGTW,10910,True,10,
7446,QVPVPMLSWG,10910,True,10,
7447,TKVFWMRGPS,10910,True,10,
7448,YSPARFYAPA,10910,True,10,
7449,SRPRTLYGVS,10910,True,10,
7450,PSPRAVISKF,10910,True,10,
7451,PKPAPWMGLV,10910,True,10,
7452,DHPMAFWGPF,10910,True,10,
7453,EWRCKRAGPP,10910,True,10,
7454,PTPKQIAVLQ,10910,True,10,
7455,VAPREVFANH,10910,True,10,
7456,QTPKQLYGPH,10910,True,10,
7457,NIPTRFYALV,10910,True,10,
7458,MCPTAFKGPY,10910,True,10,
7459,GTPRQVYGQS,10910,True,10,
7460,HGPRSVIAHG,10910,True,10,
7461,TAPKGVMAET,10910,True,10,
7462,SAPRLYHSPY,10910,True,10,
7463,YGPSHWTASG,10910,True,10,
7464,GPVYAWSGTY,10910,True,10,
7465,MFPAGVTAGT,10910,True,10,
7466,APARDIYSGY,10910,True,10,
7467,SKPKSLVGIF,10910,True,10,
7468,VMPWGVTASG,10910,True,10,
7469,MKPAGQTGPL,10910,True,10,
7470,MYPMGQAGAR,10910,True,10,
7471,TAPYNVYGIH,10910,True,10,
7472,AQPRSMVGLH,10910,True,10,
7473,IAPSKLVGHR,10910,True,10,
7474,SGVAGVFGTA,10910,True,10,
7475,PQPTRLYGAG,10910,True,10,
7476,ADPRGSTGEI,10910,True,10,
7477,QRPRSVLARI,10910,True,10,
7478,FSLPNPISQH,10910,True,10,
7479,SRPRTLFGSW,10910,True,10,
7480,HSPRFVTGQF,10910,True,10,
7481,LIGRALYSLF,10910,True,10,
7482,ARVEPLWGNG,10910,True,10,
7483,HVPRQVTASG,10910,True,10,known_sequence
7484,QVPRGVTASG,10910,True,10,
7485,GIPRPVSAMS,10910,True,10,
7486,PVPRAVHSMH,10910,True,10,
7487,PTPVELYGVQ,10910,True,10,
7488,SLYRAMISPF,10910,True,10,
7489,GTPRGVTTAS,10910,True,10,
7490,TAPKLLFGRS,10910,True,10,
7491,RGPAPMEGHV,10910,True,10,
7492,RSPVQLTASG,10910,True,10,
7493,KLVSWMWSNQ,10910,True,10,
7494,SPPSRFLGPL,10910,True,10,
7495,GYPAQMYSPG,10910,True,10,
7496,WSPRGNTGPY,10910,True,10,
7497,HSPHMLWGHL,10910,True,10,
7498,GFPFRFTGKV,10910,True,10,
7499,APVLAFYGVF,10910,True,10,
7500,GAPRAVKGSH,10910,True,10,
7501,MRPAQVFGNF,10910,True,10,
7502,RSPHMMFSVF,10910,True,10,
7503,FHPASWAGNG,10910,True,10,
7504,VAWSGMTASG,10910,True,10,
7505,FNPVAFRGKG,10910,True,10,
7506,SGPSGWTATA,10910,True,10,
7507,GQPYTPIAVW,10910,True,10,
7508,APVSAWYMVR,10910,True,10,
7509,NMPRQVAVNI,10910,True,10,
7510,EKVSELHGVH,10910,True,10,
7511,SMPRYMSGPL,10910,True,10,
7512,VGPSGQIPHL,10910,True,10,
7513,WSPRGVQVKR,10910,True,10,
7514,AIPRPVIGAW,10910,True,10,
7515,APRAGRSTPQ,10910,True,10,
7516,PVPYSWTGVL,10910,True,10,
7517,PIPTAFKGAL,10910,True,10,
7518,YAPRQVTASG,10910,True,10,
7519,HKPAPVTASG,10910,True,10,
7520,FSPRDIVGMV,10910,True,10,
7521,FGPRVWLSWF,10910,True,10,
7522,GPPRAFSGVI,10910,True,10,
7523,YGVSGVYLVK,10910,True,10,
7524,PFPFQLVGHS,10910,True,10,
7525,ALVRAVIQIL,10910,True,10,
7526,AGPSPFYQPS,10910,True,10,
7527,LMPYQQSAIF,10910,True,10,
7528,HVPRQVIANT,10910,True,10,
7529,MKPSRITGHL,10910,True,10,
7530,GTPKGQIAVQ,10910,True,10,
7531,WTPSGWTASG,10910,True,10,
7532,GAPRAFSGNR,10910,True,10,
7533,GHVFAVYSKL,10910,True,10,
7534,HVPRQVFTVW,10910,True,10,
7535,FGPYTLHGMA,10910,True,10,
7536,QSPRQVLAVY,10910,True,10,
7537,MSPRQVLGMR,10910,True,10,
7538,VSPVQLHGNT,10910,True,10,
7539,PAPRPVFAMW,10910,True,10,
7540,GVPRASTASG,10910,True,10,
7541,RSPYKVVAPG,10910,True,10,
7542,GRPRSVWGWV,10910,True,10,
7543,DGPRAMYGMA,10910,True,10,
7544,PRPTAFYSLG,10910,True,10,
7545,PSPYGVRAGR,10910,True,10,
7546,VKPARLFGAL,10910,True,10,
7547,FSRQRKHKPI,10910,True,10,
7548,VGPSGWTASG,10910,True,10,
7549,WNPRGMTGPG,10910,True,10,
7550,GAPRDITGIA,10910,True,10,
7551,FTPLGQINTI,10910,True,10,
7552,PVPRAVHSGH,10910,True,10,
7553,GNPVQMTAGL,10910,True,10,
7554,WYPGKMAGSH,10910,True,10,
7555,RKPAPWYGMW,10910,True,10,
7556,QWPFRMSGTH,10910,True,10,
7557,FVPIPFHASR,10910,True,10,
7558,GTPRGVHTAS,10910,True,10,
7559,FSPRQFRGHG,10910,True,10,
7560,HSIGYMFGWY,10910,True,10,
7561,EGPSKPWDSQ,10910,True,10,
7562,SDPLGQRTNG,10910,True,10,
7563,AGVPFRPGPV,10910,True,10,
7564,DEPRSWSGMS,10910,True,10,
7565,TVPSWISSGQ,10910,True,10,
7566,FAPSGWTAGL,10910,True,10,
7567,PVPKQVKGEA,10910,True,10,
7568,QVPYGVRVQF,10910,True,10,
7569,PRPRGVHTGW,10910,True,10,
7570,DYPVELRSAW,10910,True,10,
7571,TRPFGVKTAS,10910,True,10,
7572,VKPSGWTASG,10910,True,10,
7573,NPPRQVFRNH,10910,True,10,
7574,YRPRQVFAPH,10910,True,10,
7575,GKPSEVRGTY,10910,True,10,
7576,KGPSPFLVML,10910,True,10,
7577,GVPRVLYARY,10910,True,10,
7578,SVPSKLTGSI,10910,True,10,
7579,RGPSGVFSTL,10910,True,10,
7580,TVPVPQTASG,10910,True,10,
7581,QRVAAVFSKQ,10910,True,10,
7582,IPRSVRSLNT,10910,True,10,
7583,YNPRAFYANL,10910,True,10,
7584,VTPSAFWGSI,10910,True,10,
7585,RAPSKFRGPF,10910,True,10,
7586,GAPRTVTGAY,10910,True,10,
7587,YFPGSMFAEY,10910,True,10,
7588,LSPRAVIGNV,10910,True,10,
7589,QAPRSTVDGA,10910,True,10,
7590,DIPRGVRSNQ,10910,True,10,
7591,DAPSGWSAGV,10910,True,10,
7592,GKPLAVWGKG,10910,True,10,
7593,AQPRAVFAKF,10910,True,10,
7594,VAPRQTSNAL,10910,True,10,
7595,LPPRAFWGPT,10910,True,10,
7596,GHPYVLWSGF,10910,True,10,
7597,FVPKQQNDGI,10910,True,10,
7598,RAPVAFRGWF,10910,True,10,
7599,MTPGRITSNW,10910,True,10,
7600,YSPRKRAGTY,6857,True,10,
7601,SKPVWMHGLW,6857,True,10,
7602,GDPRSLSGQW,6857,True,10,
7603,GTPVSMLSWF,6857,True,10,
7604,CPWRAMHGPG,6857,True,10,
7605,SKPVYYTGPS,6857,True,10,
7606,CGPQGMTDTG,6857,True,10,
7607,KAPRNYSAQS,6857,True,10,
7608,HTPLGNGSMH,6857,True,10,
7609,KGPRAYTGQV,6857,True,10,
7610,SQPTGLVSHI,6857,True,10,
7611,FKPVNYQGSG,6857,True,10,
7612,FQPRNYHGPL,6857,True,10,
7613,NFARSLKSEY,6857,True,10,
7614,KNPYGMTGLS,6857,True,10,
7615,AIPRPVLSPK,6857,True,10,
7616,PYAEMRAFWF,6857,True,10,
7617,WFPRAFWGTG,6857,True,10,
7618,VIVGWMRGPY,6857,True,10,
7619,FVARAMAGVG,6857,True,10,
7620,WAPRGNWGNA,6857,True,10,
7621,NTPKGQVDQF,6857,True,10,
7622,SYPVGMRSQS,6857,True,10,
7623,YTVQGMYGWF,6857,True,10,
7624,YGPRAYRALH,6857,True,10,
7625,TQAYGMYGWF,6857,True,10,
7626,AHPSAFSDPF,6857,True,10,
7627,WQPRGNFGIA,6857,True,10,
7628,RNPAPFWGMK,6857,True,10,
7629,EQPTAFSGWV,6857,True,10,
7630,VFPARFYSVW,6857,True,10,
7631,GYPRAFYGPV,6857,True,10,
7632,QVPRGVGSKA,6857,True,10,
7633,IWPAGMTGGY,6857,True,10,
7634,SNPIPRALRP,6857,True,10,
7635,TVPRAWTASG,6857,True,10,
7636,NQPRGVKGHG,6857,True,10,
7637,RYPVNMYSMY,6857,True,10,
7638,IPRQPDFVPH,6857,True,10,
7639,SDPRNIHSWA,6857,True,10,
7640,QSPVAFQSER,6857,True,10,
7641,HKPRNVIAQS,6857,True,10,
7642,VHPRGSDYIQ,6857,True,10,
7643,THPSPFTASG,6857,True,10,
7644,PKPVGQYSTF,6857,True,10,
7645,DPPSGNLSQY,6857,True,10,
7646,QAPRAFHARA,6857,True,10,
7647,GVPRAVHGHT,6857,True,10,
7648,RTPRGYIAPL,6857,True,10,
7649,SQPVHMTSHI,6857,True,10,
7650,SDPKQMRSVH,6857,True,10,
7651,WSPRQYAGIH,6857,True,10,
7652,DAPRDIYTAS,6857,True,10,
7653,QSPRMLIDHF,6857,True,10,
7654,GWPRGSTASG,6857,True,10,
7655,TVPVPMWGEQ,6857,True,10,
7656,WYPRSNLGIH,6857,True,10,
7657,GVPTGLHSGQ,6857,True,10,
7658,YSPLSWTASG,6857,True,10,
7659,SGPFAMLGTA,6857,True,10,
7660,PCPHAMAGQV,6857,True,10,
7661,TPPKSLVGWH,6857,True,10,
7662,ACPTGLHANI,6857,True,10,
7663,DPVMGMTSPL,6857,True,10,
7664,YFPRAQSGMH,6857,True,10,
7665,MFPKSQTASG,6857,True,10,
7666,RSPLMMQSAW,6857,True,10,
7667,ACPRAVTASG,6857,True,10,
7668,GFPRAFWKNG,6857,True,10,
7669,NGPSGWTDHD,6857,True,10,
7670,MSPRKFHGWG,6857,True,10,
7671,AGPRSYVDHQ,6857,True,10,
7672,VTPRSNHSPG,6857,True,10,
7673,STLRGLASMH,6857,True,10,
7674,TKPKGMIGMI,6857,True,10,
7675,SQPIPIWSQW,6857,True,10,
7676,KWPRGSYAWT,6857,True,10,
7677,HTPRGSVAEG,6857,True,10,
7678,AGPSGWVSWG,6857,True,10,
7679,GNPYGMRGTY,6857,True,10,
7680,IEFASMYGPI,6857,True,10,
7681,MDSPTESVLA,6857,True,10,
7682,GKPVNQRSGI,6857,True,10,
7683,VYPRGQSTIF,6857,True,10,
7684,ARPSGVDAGY,6857,True,10,
7685,GTVRGLVAVW,6857,True,10,
7686,HKPAGVTGPI,6857,True,10,
7687,DTPIELWGAG,6857,True,10,
7688,GAPRAFRGPS,6857,True,10,
7689,TMPRQVTASG,6857,True,10,
7690,INPFWMRGAF,6857,True,10,
7691,PLRARWYHSP,6857,True,10,
7692,APTYALFSGY,6857,True,10,
7693,GSPVQMRSHG,6857,True,10,
7694,NMPRQVTASG,6857,True,10,
7695,IAPRYWTGQH,6857,True,10,
7696,HPPRGVGAEW,6857,True,10,
7697,QEPRNVHAQV,6857,True,10,
7698,SQPIHMIAEH,6857,True,10,
7699,RTPRGNRGEL,6857,True,10,
7700,FKPVNMWGLA,6857,True,10,
7701,QAPGWIKGNY,6857,True,10,
7702,WVPRGVANPA,6857,True,10,
7703,ESPLAVSGQA,6857,True,10,
7704,SYPSKYTASG,6857,True,10,
7705,WGPASWRGLG,6857,True,10,
7706,TPVGERGVQT,6857,True,10,
7707,SLPRAVTASG,6857,True,10,
7708,YAPRGMHGQG,6857,True,10,
7709,GYPRAFKSIG,6857,True,10,
7710,PVPRAVTASG,6857,True,10,
7711,GTVRGVHSHG,6857,True,10,
7712,QPAGHLTASG,6857,True,10,
7713,TQPRGQTGWR,6857,True,10,
7714,QSPRKRIMSG,6857,True,10,
7715,FYPRGLGSVH,6857,True,10,
7716,SEPKNYVLKH,6857,True,10,
7717,KWARAMSAWH,6857,True,10,
7718,RAPKGVHAMI,6857,True,10,
7719,GYPRSYRGPA,6857,True,10,
7720,PDPASFRGAG,6857,True,10,
7721,TFPLGQISHA,6857,True,10,
7722,WQPLGNRGPA,6857,True,10,
7723,TMPYGMAGRQ,6857,True,10,
7724,GNPSGWTASG,6857,True,10,
7725,RNPAWMHGHL,6857,True,10,
7726,MPVGWMYGQV,6857,True,10,
7727,NTPRAWLGMQ,6857,True,10,
7728,GMPSGWTASG,6857,True,10,
7729,DWPRGMGSIG,6857,True,10,
7730,KYPLNWHSNA,6857,True,10,
7731,GEPQGVLARY,6857,True,10,
7732,TYPRSNQGVW,6857,True,10,
7733,DSPRMLYDLW,6857,True,10,
7734,TSPRAYSGLA,6857,True,10,
7735,WPVGWMHGSF,6857,True,10,
7736,GWPRGSRTAS,6857,True,10,
7737,CSARELKGAT,6857,True,10,
7738,PVAVWLSGPR,6857,True,10,
7739,YPVFGMYSHV,6857,True,10,
7740,PILGPRDQAD,6857,True,10,
7741,KQPRSWTNSQ,6857,True,10,
7742,VMPKGYRGGW,6857,True,10,
7743,IPVMGVHAHW,6857,True,10,
7744,SMPRMLYGHG,6857,True,10,
7745,ATPSWFTGSR,6857,True,10,
7746,TSPVQLWGSI,6857,True,10,
7747,PHTASMRGQT,6857,True,10,
7748,NFPWSWRTIF,6857,True,10,
7749,WSPVQMYGTR,6857,True,10,
7750,QVPRGVRNVW,6857,True,10,
7751,SLVRLLFAMK,6857,True,10,
7752,MYPRGNYGPF,6857,True,10,
7753,KAVLGMHGWK,6857,True,10,
7754,QRPSGVTANV,6857,True,10,
7755,NLPTALRGEG,6857,True,10,
7756,IFPAVNRHIK,6857,True,10,
7757,TMPKGAGYPI,6857,True,10,
7758,LKPRAVYGQS,6857,True,10,
7759,RVPSWLTASG,6857,True,10,
7760,HWPFAMASWH,6857,True,10,
7761,GTPRSNLTAS,6857,True,10,
7762,TKPSGWTASG,6857,True,10,
7763,PYPRAFRGHF,6857,True,10,
7764,TLPIHMWSKF,6857,True,10,
7765,PTPRGNTGPK,6857,True,10,
7766,SVPKQVRAMW,6857,True,10,
7767,ILPIPSTASG,6857,True,10,
7768,MVPHMLSGYW,6857,True,10,
7769,GDPVGQHTAS,6857,True,10,
7770,GQPRTLTASG,6857,True,10,
7771,VAPRVLADHT,6857,True,10,
7772,FSPMGMTGIV,6857,True,10,
7773,SAPRGVTVKY,6857,True,10,
7774,PAPRGVGAHF,6857,True,10,
7775,RAPVAFQGEK,6857,True,10,
7776,TRPSWVKGHK,6857,True,10,
7777,ELPRNVHRPL,6857,True,10,
7778,CTPRGQTGPI,6857,True,10,
7779,CSPIPMRGAK,6857,True,10,
7780,FSPRMLYSPF,6857,True,10,
7781,QLPRAVHSWK,6857,True,10,
7782,GVPYGQRTAS,6857,True,10,
7783,EVSLPWSVMH,6857,True,10,
7784,AVPRGNTGPG,6857,True,10,
7785,WGPRAVHGPG,6857,True,10,
7786,PMPKGMIGIV,6857,True,10,
7787,ERPGWLNVHT,6857,True,10,
7788,DHPRAFRGEA,6857,True,10,
7789,APALGMRECS,6857,True,10,
7790,HPPRGSRNWV,6857,True,10,
7791,VAPRGVTASG,6857,True,10,
7792,QMWGAFQGRI,6857,True,10,
7793,GNCPGVCAMA,6857,True,10,
7794,PAPRNIKGNH,6857,True,10,
7795,NPVYNFASAF,6857,True,10,
7796,ESVRSHVGMH,6857,True,10,
7797,QGPRSWQSGV,6857,True,10,
7798,LYPRSWRGSG,6857,True,10,
7799,SEPRGVRVWV,6857,True,10,
7800,VAVAPGYALI,6857,True,10,
7801,WPPRAFRGTA,6857,True,10,
7802,MGPQPMYNWG,6857,True,10,
7803,NTPRQNRGPW,6857,True,10,
7804,TYPRGNFGKS,6857,True,10,
7805,EGPSWIKGWY,6857,True,10,
7806,RTPKGNRAGV,6857,True,10,
7807,ASPRGVTASG,6857,True,10,
7808,VPVYNWSANL,6857,True,10,
7809,TGPSMLSARF,6857,True,10,
7810,TRPRSYSGRS,6857,True,10,
7811,FWPAGMRAPW,6857,True,10,
7812,PSPRQVHVQK,6857,True,10,
7813,YPPRQVQAPF,6857,True,10,
7814,TSPYGLRSAF,6857,True,10,
7815,KTPRGSIAWG,6857,True,10,
7816,LPVRGVASHL,6857,True,10,
7817,TVPRGAKGMG,6857,True,10,
7818,GKPSGVTASG,6857,True,10,
7819,FIPMWSTSMT,6857,True,10,
7820,SAVRAVYATF,6857,True,10,
7821,RMPSPFLAVA,6857,True,10,
7822,APRAIRPIPG,6857,True,10,
7823,VAPRSWTDPS,6857,True,10,
7824,YPAKGMSGWA,6857,True,10,
7825,PMPRQVRSVH,6857,True,10,
7826,PFPKWMSTAS,6857,True,10,
7827,VCPVALSAHL,6857,True,10,
7828,TVGRALWGHS,6857,True,10,
7829,TIPRNVASMY,6857,True,10,
7830,ATPRALFGVH,6857,True,10,
7831,YLPRAVHTNH,6857,True,10,
7832,DGPVSMYSNT,6857,True,10,
7833,RPVYGMHGQR,6857,True,10,
7834,FVPIPFKAGQ,6857,True,10,
7835,ITPRGNTGRF,6857,True,10,
7836,ESIRGLTASG,6857,True,10,known_sequence
7837,SMPRSYTASG,6857,True,10,
7838,VAPKGQRTKI,6857,True,10,
7839,PYPRNIHGTH,6857,True,10,
7840,NPPRNVTASG,6857,True,10,
7841,NGPKFRSYPS,6857,True,10,
7842,PGRPERHVPL,6857,True,10,
7843,RPAQDLKAHS,6857,True,10,
7844,MEPFGMAGTS,6857,True,10,
7845,GAPRSFLSWR,6857,True,10,
7846,RDPRGRYTVT,6857,True,10,
7847,IRPAGVHAPW,6857,True,10,
7848,VFPAGVSGRQ,6857,True,10,
7849,TSVWAVAGHV,6857,True,10,
7850,GMPRSFTASG,6857,True,10,
7851,GNPAGFRGIH,6857,True,10,
7852,ILPAGVYDRQ,6857,True,10,
7853,GDPRGNRTAS,6857,True,10,
7854,GTARNLFAHT,6857,True,10,
7855,VPPRVLSGHA,6857,True,10,
7856,SPYHGLMNWQ,6857,True,10,
7857,MLPVHYTASG,6857,True,10,
7858,RAPASMRGPV,6857,True,10,
7859,LSRPHRMAIL,6857,True,10,
7860,PYTQWLFGIH,6857,True,10,
7861,SAPRGVFSPH,6857,True,10,
7862,TVPRAQVARW,6857,True,10,
7863,VTPRQVIAWY,6857,True,10,
7864,LTPVGQHSAF,6857,True,10,
7865,SAPLAHYSAK,6857,True,10,
7866,ESPRMLFGQF,6857,True,10,
7867,QRPRGVTASG,6857,True,10,
7868,GAPRSLFGTV,6857,True,10,
7869,PRKQPEKHTG,6857,True,10,
7870,EGPSGNKSHY,6857,True,10,
7871,SHPRMLIAVH,6857,True,10,
7872,EYPRSWQAHY,6857,True,10,
7873,FAGHPLPAVA,6857,True,10,
7874,RVPIPMWGHY,6857,True,10,
7875,WKALGWFSEG,6857,True,10,
7876,FMPRQVFAVY,6857,True,10,
7877,GIPRAVQTAS,6857,True,10,
7878,LNPRGVGTRH,6857,True,10,
7879,GPAQGQSTWT,6857,True,10,
7880,KPVKGMYSTA,6857,True,10,
7881,GHPSPFWGQA,6857,True,10,
7882,IWPRENRGPQ,6857,True,10,
7883,SNPIPMWGHK,6857,True,10,
7884,NIPKQSTGMR,6857,True,10,
7885,GYPRGQHTAS,6857,True,10,
7886,KSPRLYTSWL,6857,True,10,
7887,HMPRQVHGKG,6857,True,10,
7888,FAPRSLSTAS,6857,True,10,
7889,KAPLKVSDNH,6857,True,10,
7890,CAPRGSHWIR,6857,True,10,
7891,QSPRAVTSQG,6857,True,10,
7892,SWPVAFTSRY,6857,True,10,
7893,VSPRQVSALF,6857,True,10,
7894,NDPTAFVSGK,6857,True,10,
7895,QTRSPCVLMP,6857,True,10,
7896,GWPSGFIAPY,6857,True,10,
7897,VMPRSMRGEI,6857,True,10,
7898,THPYAMKGIF,6857,True,10,
7899,RLVNWMSSAQ,6857,True,10,
7900,YGVGPLNKNS,6857,True,10,
7901,KSPRVYHSNH,6857,True,10,
7902,SVPGAMTGPY,6857,True,10,
7903,NPAGHMLGQA,6857,True,10,
7904,TIPFPFLPFH,6857,True,10,
7905,KMPRGQTWSH,6857,True,10,
7906,SPVRAVYSPS,6857,True,10,
7907,WGPSGWTAWK,6857,True,10,
7908,NAPRDILASF,6857,True,10,
7909,RWPRDYQAKH,6857,True,10,
7910,LGPFGMTASG,6857,True,10,
7911,AKPVYQRSNS,6857,True,10,
7912,HRPRGSRAPY,6857,True,10,
7913,STPKWMFSQF,6857,True,10,
7914,TSPIPFRGLA,6857,True,10,
7915,FSRVPRSVPH,6857,True,10,
7916,GIPRVYKANK,6857,True,10,
7917,DSPRSWTAGH,6857,True,10,
7918,PFPRTLVAMS,6857,True,10,
7919,TQPSPFQGMA,6857,True,10,
7920,SFPNPLFGWY,6857,True,10,
7921,TSPK,6857,True,4,length
7922,TCPTGLTVHW,6857,True,10,
7923,NAPRSLSGIR,6857,True,10,
7924,VQPRSHSAHG,6857,True,10,
7925,DTPRGNHGVI,6857,True,10,
7926,GTPKGMRGPV,6857,True,10,
7927,QPIYNLRGSL,6857,True,10,
7928,THPKGQISWY,6857,True,10,
7929,FCPTGMTASG,6857,True,10,
7930,LTPRQNHSLT,6857,True,10,
7931,TSPVALYGMR,6857,True,10,
7932,TSPKVLHTPK,6857,True,10,
7933,LVPKGQSGKL,6857,True,10,
7934,YMPKGMIGAW,6857,True,10,
7935,PGVRSVRGPW,6857,True,10,
7936,DNCSPLWQPT,6857,True,10,
7937,YHPIPMWGPV,6857,True,10,
7938,GYPRSNQAHI,6857,True,10,
7939,LNPIHMWSTW,6857,True,10,
7940,NIPTAFASRF,6857,True,10,
7941,SVPRGVTASG,6857,True,10,
7942,QMPRSYSGHA,6857,True,10,
7943,DQPVETHAIQ,6857,True,10,
7944,GSPVAFLGPF,6857,True,10,
7945,TNPRGNTGAT,6857,True,10,
7946,NLPRAVKGER,6857,True,10,
7947,GTPRSNIGKS,6857,True,10,
7948,WFPRGNVGPT,6857,True,10,
7949,QLPRAVHSWR,6857,True,10,
7950,PSPRQFRGKF,6857,True,10,
7951,HAPRGVMSWL,6857,True,10,
7952,SCPFGNQGMA,6857,True,10,
7953,PIREDGVFPC,6857,True,10,
7954,APRPGYFSIA,6857,True,10,
7955,GHIAWFRGVH,6857,True,10,
7956,AGPVPLRSWY,6857,True,10,
7957,EYPRGQVASG,6857,True,10,
7958,GMPRGVTASG,6857,True,10,
7959,AQPRSNAGVG,6857,True,10,
7960,DKVAGMTGMS,6857,True,10,
7961,ASPVPMTASG,6857,True,10,
7962,TSPRAYKGIL,6857,True,10,
7963,HSPRGQVSPK,6857,True,10,
7964,QSPRSYTASG,6857,True,10,
7965,WHWGGMQSEL,6857,True,10,
7966,TASYPIYTAS,6857,True,10,
7967,PIPRAWTASG,6857,True,10,
7968,QHPTGLFAGL,6857,True,10,
7969,LYPRASYAVA,6857,True,10,
7970,TSPKWYIGSY,6857,True,10,
7971,SPVKQMYSYR,6857,True,10,
7972,TYPRSWRASW,6857,True,10,
7973,YRPRGVVAPV,6857,True,10,
7974,SQPRSWTGWV,6857,True,10,
7975,VPPRPVWGIA,6857,True,10,
7976,YGPRSLIAGW,6857,True,10,
7977,RQPGSYTSHF,6857,True,10,
7978,PVPRGVHDVR,6857,True,10,
7979,HQPRAVHSQH,6857,True,10,
7980,PTPREQIAHG,6857,True,10,
7981,PNVSWMRGKI,6857,True,10,
7982,TFPVEQRDSI,6857,True,10,
7983,PWAKPVSAGT,6857,True,10,
7984,PYPRGNSGEG,6857,True,10,
7985,SYPKGMRHIR,6857,True,10,
7986,HPVLSFYSIK,6857,True,10,
7987,SIPVGMRGNG,6857,True,10,
7988,VAPRAIVGMT,6857,True,10,
7989,LQPRAQSALG,6857,True,10,
7990,QNPVGMHGNR,6857,True,10,
7991,IHPREVRGEQ,6857,True,10,
7992,RNPVAMWSVQ,6857,True,10,
7993,FCPTALQSMT,6857,True,10,
7994,KRPAGVFTRW,6857,True,10,
7995,CVPKGFAGPK,6857,True,10,
7996,HSPLGFLGRK,6857,True,10,
7997,TRPRAVHGEV,6857,True,10,
7998,NRPRGLSVSY,6857,True,10,
7999,YWPRGNYQPH,6857,True,10,
8000,VRPRPFWSMF,2443,True,10,
8001,NIPSAVTNPS,2443,True,10,
8002,RQPKQMTASG,2443,True,10,
8003,DAPARLYNGV,2443,True,10,
8004,PGPSFLTASG,2443,True,10,
8005,HVPKQVIDGI,2443,True,10,
8006,GHPSPFITAS,2443,True,10,
8007,RVPKGVTASG,2443,True,10,
8008,GLPASFSTAS,2443,True,10,
8009,GPPLGVTVGS,2443,True,10,
8010,PMVFGMSAPH,2443,True,10,
8011,ALESAFSIPV,2443,True,10,
8012,RQPLQVTNAG,2443,True,10,
8013,GHPSPFWTAS,2443,True,10,
8014,VPVANLTAEQ,2443,True,10,
8015,WLVHPSLAQG,2443,True,10,
8016,YAPRYMKGNL,2443,True,10,
8017,APLSWVSQHG,2443,True,10,
8018,RFPYDLQAGY,2443,True,10,
8019,ATPLGQSVPR,2443,True,10,
8020,AGPFPFWSEV,2443,True,10,
8021,LFPAQFKSNF,2443,True,10,
8022,GFPRGNIAPG,2443,True,10,
8023,TRPSWVLSMA,2443,True,10,
8024,ERPFSWRTVS,2443,True,10,
8025,GRLLSFTASG,2443,True,10,
8026,PSPRQVAGRG,2443,True,10,
8027,GSPLAVFTAS,2443,True,10,
8028,GRPFPFRPTA,2443,True,10,
8029,MGPQFMAGPG,2443,True,10,
8030,PTPRAMTDPL,2443,True,10,
8031,AGPSPFHART,2443,True,10,
8032,VAPKQVFSPW,2443,True,10,
8033,GCPIPMWNPI,2443,True,10,
8034,GPPKLLSTAS,2443,True,10,
8035,APVYALASEY,2443,True,10,
8036,EPFRQMRPGL,2443,True,10,
8037,DPVYNLIGHR,2443,True,10,
8038,APPSGLYNLT,2443,True,10,
8039,SRPRSYTVQF,2443,True,10,
8040,DQPFHLSDAR,2443,True,10,
8041,FSPLKMVDGH,2443,True,10,
8042,ATPVGNTGPR,2443,True,10,
8043,PFVLSLVSLA,2443,True,10,
8044,GMPRYMWNPG,2443,True,10,
8045,IMPLQVMSPF,2443,True,10,
8046,PVPRAVSYAL,2443,True,10,
8047,SAPLAVHSGA,2443,True,10,
8048,TPPVELIGSF,2443,True,10,
8049,HSPFLYRGPF,2443,True,10,
8050,SIPMAFHAPG,2443,True,10,
8051,TRPLGQTYMG,2443,True,10,
8052,SMPLGVMGVK,2443,True,10,
8053,MSPLQVTGQV,2443,True,10,
8054,YRPQWVIYHG,2443,True,10,
8055,PSPVQLTASG,2443,True,10,
8056,LPPLAVYSWL,2443,True,10,
8057,ISPVQMHNGH,2443,True,10,
8058,PTPRSYHMPG,2443,True,10,
8059,PMVLGEYSTH,2443,True,10,
8060,ESPGQMRNQG,2443,True,10,
8061,ATPLPFISWG,2443,True,10,
8062,HSPVAFISLF,2443,True,10,
8063,QSPVQMLNVS,2443,True,10,
8064,QKPSDLRALF,2443,True,10,
8065,SGPSGWTATA,2443,True,10,
8066,KPPVGLINGL,2443,True,10,
8067,RLPVAVTASG,2443,True,10,
8068,AFPLMQTGHG,2443,True,10,
8069,TAPAWMKDET,2443,True,10,
8070,ATPVAMWQEF,2443,True,10,
8071,HGPFGMHVMF,2443,True,10,
8072,PAPEGFSTSH,2443,True,10,
8073,AGPKLMSGPG,2443,True,10,
8074,PAPIPFWGTG,2443,True,10,
8075,MFPFQLSTRF,2443,True,10,
8076,VPPEAIYSKV,2443,True,10,
8077,VSPRVYRSPF,2443,True,10,
8078,PPSINGIPTC,2443,True,10,
8079,RPPVAFVNGV,2443,True,10,
8080,TGPKLITASG,2443,True,10,
8081,GSYRAMHGSG,2443,True,10,
8082,VQPRAQTGAF,2443,True,10,
8083,GIPFMLYTAS,2443,True,10,
8084,MEPIHMLGAS,2443,True,10,
8085,TAPKQLTVNL,2443,True,10,
8086,GHPAQMSTAS,2443,True,10,
8087,KMVYDLRAGH,2443,True,10,
8088,YGPSLYTSWG,2443,True,10,
8089,KYPRTLSALV,2443,True,10,
8090,MPPGAITASG,2443,True,10,
8091,FASFPRSGPF,2443,True,10,
8092,NGVFWMRGGW,2443,True,10,
8093,SNPFKYTATS,2443,True,10,
8094,EPVYSLTASG,2443,True,10,
8095,QTPSKLTSVA,2443,True,10,
8096,HDPSWIFGAH,2443,True,10,
8097,HAPLNFHSQF,2443,True,10,
8098,PIPYALWNTF,2443,True,10,
8099,KPPQYLRKIN,2443,True,10,
8100,AVPASVQYGL,2443,True,10,
8101,GIPFPFWTAS,2443,True,10,
8102,VAPSGVHTRA,2443,True,10,
8103,KGPSGLTASG,2443,True,10,known_sequence
8104,TPPVELISVG,2443,True,10,
8105,ERPAQMKGEG,2443,True,10,
8106,VWPREVRGNQ,2443,True,10,
8107,FAPASMVNAG,2443,True,10,
8108,APPFGFSGWH,2443,True,10,
8109,GRPVPMTSWY,2443,True,10,
8110,GHALAFYGPT,2443,True,10,
8111,RIPLPVISQG,2443,True,10,
8112,PEPLFYRGNG,2443,True,10,
8113,GFPRSYITAS,2443,True,10,
8114,ETPSWMTARY,2443,True,10,
8115,VAPFSWSTRF,2443,True,10,
8116,WSPAQMHYLS,2443,True,10,
8117,EGPSWLTASG,2443,True,10,
8118,GVPFQVFSEQ,2443,True,10,
8119,IHPVSYKSEG,2443,True,10,
8120,PAVFALYGPH,2443,True,10,
8121,VSPRAYIGSW,2443,True,10,
8122,HVPRQVAVGQ,2443,True,10,
8123,GSVFSFRTAS,2443,True,10,
8124,FPVFWMQGVT,2443,True,10,
8125,AVPSWLTSWM,2443,True,10,
8126,WYPVGMRGQA,2443,True,10,
8127,TRPRSYSGMG,2443,True,10,
8128,PGPSPLSGMS,2443,True,10,
8129,QPPHAFSYVT,2443,True,10,
8130,GRFYAFRSEF,2443,True,10,
8131,HSPKWVTGVL,2443,True,10,
8132,RTPMAMWSNV,2443,True,10,
8133,CHPIELYGNA,2443,True,10,
8134,WEPLGMHSSH,2443,True,10,
8135,PVPRPLMSHL,2443,True,10,
8136,RLPVAIHSLY,2443,True,10,
8137,GQPASWTASG,2443,True,10,
8138,ASPVGLQSNG,2443,True,10,
8139,PAPRSWINSR,2443,True,10,
8140,PSPRQVTASG,2443,True,10,
8141,NKPASLYGSR,2443,True,10,
8142,THPRSYSDMV,2443,True,10,
8143,APPVAFHSHG,2443,True,10,
8144,NRPADMASEQ,2443,True,10,
8145,GWPVEMTSPR,2443,True,10,
8146,GAPDQMSTAS,2443,True,10,
8147,GAPAQMHTAS,2443,True,10,
8148,HAPRFMINEG,2443,True,10,
8149,AVPSWIWSVF,2443,True,10,
8150,NSPMSLWSHY,2443,True,10,
8151,GSPSGWTASG,2443,True,10,
8152,GVPRAVTASG,2443,True,10,known_sequence
8153,RPPHSFQYQW,2443,True,10,
8154,IFPMSLWGEK,2443,True,10,
8155,NAPMSLIYIS,2443,True,10,
8156,HGPKFLWSEV,2443,True,10,
8157,PTPRELYSEV,2443,True,10,
8158,RVPYAWASAH,2443,True,10,
8159,FRPRSLTVWE,2443,True,10,
8160,PMVFAMRSVW,2443,True,10,
8161,MSPRKFTGWG,2443,True,10,
8162,PAPLPFHSNG,2443,True,10,
8163,TMPSHWISKI,2443,True,10,
8164,KSPRLYWGEG,2443,True,10,
8165,NPAGALHNVG,2443,True,10,
8166,PNPAHWTSPG,2443,True,10,
8167,GVPSWVRSIH,2443,True,10,
8168,AKPASLFDEW,2443,True,10,
8169,GPPRAFSDGA,2443,True,10,
8170,ATPSALFGQG,2443,True,10,
8171,SAPRPLMDPG,2443,True,10,
8172,APAFGLSEPF,2443,True,10,
8173,KAPVQLYSKV,2443,True,10,
8174,SGALGLHSTA,2443,True,10,
8175,ASPLEFSGNF,2443,True,10,
8176,STPLAVSGGY,2443,True,10,
8177,GMPSPFWNWH,2443,True,10,
8178,THPYPFWNMF,2443,True,10,
8179,SVPSAVISAW,2443,True,10,
8180,ANPVHMLGVF,2443,True,10,
8181,APPHAFSGAH,2443,True,10,
8182,PFALGLMSTF,2443,True,10,
8183,RAPVAMAGHS,2443,True,10,
8184,PGPFGPIFLF,2443,True,10,
8185,AGPSPLWSKV,2443,True,10,
8186,SPVYALFGWT,2443,True,10,
8187,FNPIPMWSAH,2443,True,10,
8188,GAPRFLWTAS,2443,True,10,
8189,GAPRFILGPS,2443,True,10,
8190,RWPRAFTGFT,2443,True,10,
8191,VPVFPLSGPV,2443,True,10,
8192,KTPLGQRTIH,2443,True,10,
8193,AVAFHLIGIK,2443,True,10,
8194,FQPSPFTSHT,2443,True,10,
8195,GPPRAFTASG,2443,True,10,
8196,PAPSHWIGIR,2443,True,10,
8197,QVPRAVIVPL,2443,True,10,
8198,RMPLQVHSNS,2443,True,10,
8199,IDVQGMYAVS,2443,True,10,
8200,TVPVQMTSWG,2443,True,10,
8201,PYWASMRSTG,2443,True,10,
8202,GHPSPFLGVH,2443,True,10,
8203,ASPSSYLNWG,2443,True,10,
8204,NPPSHWVAIG,2443,True,10,
8205,QSPKQMSGEW,2443,True,10,
8206,QMPSAFGNPS,2443,True,10,
8207,SRPRTLYGPG,2443,True,10,
8208,HSPRQVITEL,2443,True,10,
8209,SMPIHMTSGS,2443,True,10,
8210,GTPRSWTNPS,2443,True,10,
8211,GSPSDLRSTS,2443,True,10,
8212,YAPSSWRTAS,2443,True,10,
8213,KWPRQVTIEF,2443,True,10,
8214,PFSAYLTASG,2443,True,10,
8215,APPYAFLGPF,2443,True,10,
8216,PHPSGWTFWF,2443,True,10,
8217,ESPRMLHAPG,2443,True,10,
8218,AVPQWISGAV,2443,True,10,
8219,PGPRPLARVF,2443,True,10,
8220,AVPSWIMGPG,2443,True,10,
8221,TSFRELRFWT,2443,True,10,
8222,VHPSRFLAEH,2443,True,10,
8223,VAPRSYSTST,2443,True,10,
8224,GHPSTLYSPF,2443,True,10,
8225,SMPSAFQDSV,2443,True,10,
8226,YIPSWITASG,2443,True,10,
8227,IVKPKAFVEY,2443,True,10,
8228,AVPSWITKVS,2443,True,10,
8229,TQPFLQFSPF,2443,True,10,
8230,THPSPFIGPV,2443,True,10,
8231,QTIFVPGYWN,2443,True,10,
8232,PKPVAVIGPV,2443,True,10,
8233,SLVRAVFAKG,2443,True,10,
8234,RSPVQFTSMQ,2443,True,10,
8235,RDPAPMFYHG,2443,True,10,
8236,ARPESYRFEG,2443,True,10,
8237,HPPGHMLSAY,2443,True,10,
8238,SVPSTLFSRV,2443,True,10,
8239,ARVHAFSGNV,2443,True,10,
8240,NVPKQLSVSH,2443,True,10,
8241,VTWYALFMSR,2443,True,10,
8242,GLVRAVHAVG,2443,True,10,
8243,MHPFSYTNKA,2443,True,10,
8244,PDALAFSAVW,2443,True,10,
8245,RHPSWFTSEA,2443,True,10,
8246,WPTWSMRGLT,2443,True,10,
8247,AGPFSYIGMR,2443,True,10,
8248,GPPRGVTASG,2443,True,10,
8249,RPPSHFWAIY,2443,True,10,
8250,HGPSMLWSVF,2443,True,10,
8251,QVPVQITGSF,2443,True,10,
8252,PRPTGLSGGF,2443,True,10,
8253,QVPSWVFAPT,2443,True,10,
8254,TAPVAMHTPA,2443,True,10,
8255,PAPRGVFSQL,2443,True,10,
8256,YNPLTQHSPA,2443,True,10,
8257,TAPVGLAYPV,2443,True,10,
8258,GHPRAFYGAF,2443,True,10,
8259,GRPSPFLTAS,2443,True,10,
8260,STPRDITASG,2443,True,10,
8261,ERPRSLIVWF,2443,True,10,
8262,AVPVSFAVPY,2443,True,10,
8263,VLPRTLTSGT,2443,True,10,
8264,THPKSLFDNH,2443,True,10,
8265,RNPSAFKSWG,2443,True,10,
8266,SAPRLYMGEG,2443,True,10,
8267,RSHSALISEG,2443,True,10,
8268,QPSMRMLGVV,2443,True,10,
8269,WSPFLYTASG,2443,True,10,
8270,MAPSRFTASG,2443,True,10,
8271,DSPYKLMGVQ,2443,True,10,
8272,PFPRAFHVGW,2443,True,10,
8273,VLPRLYHNAL,2443,True,10,
8274,QGPRSWFYQI,2443,True,10,
8275,EGPAPLYAMF,2443,True,10,
8276,AAPFLWYGMK,2443,True,10,
8277,GMPLQVFTAS,2443,True,10,
8278,PDVFGMSGWH,2443,True,10,
8279,KVPFSWYGIF,2443,True,10,
8280,MAPAQFLGNG,2443,True,10,
8281,YAPSWFRSQS,2443,True,10,
8282,MVPSWLYVRT,2443,True,10,
8283,EPVYGLIAIG,2443,True,10,
8284,VYPVGMTASG,2443,True,10,
8285,KHPVSLHATV,2443,True,10,
8286,TYPFAFQVWQ,2443,True,10,
8287,PGALGMTSTI,2443,True,10,
8288,RMPVQMTGHF,2443,True,10,
8289,GPIYALYSGS,2443,True,10,
8290,RVPFLYFSRG,2443,True,10,
8291,PVGYALFDPY,2443,True,10,
8292,VMPKQVFQHV,2443,True,10,
8293,EPVGALYANY,2443,True,10,
8294,QGPFGMRNLA,2443,True,10,
8295,PGPRPLFYSG,2443,True,10,
8296,HPPRFMVDPT,2443,True,10,
8297,RTPVGLHGNG,2443,True,10,
8298,PGPSGWTAQY,2443,True,10,
8299,VAPAQVFRQT,2443,True,10,
8300,RAPVAFQYLV,2443,True,10,
8301,TVPQWVLGAG,2443,True,10,
8302,EVPSGVWDNG,2443,True,10,
8303,CIPSWITFNR,2443,True,10,
8304,MGPSGFTDSG,2443,True,10,
8305,IGPAFLFGQD,2443,True,10,
8306,GSPVQLTGMG,2443,True,10,
8307,SRPRTLMSGG,2443,True,10,
8308,EAPTNLHSRV,2443,True,10,
8309,VPPRAFQAWG,2443,True,10,
8310,ASPLQVMSVL,2443,True,10,
8311,SPVQAFTASG,2443,True,10,
8312,EPPAQLHSWI,2443,True,10,
8313,QRPASVFGNY,2443,True,10,
8314,FQPFHLSSAL,2443,True,10,
8315,WAPSMLRGMH,2443,True,10,
8316,QIPSWSLSGI,2443,True,10,
8317,GVPSWVTASG,2443,True,10,
8318,DPPLYWRSEW,2443,True,10,
8319,TPPVELHSNR,2443,True,10,
8320,GPVYALWALA,2443,True,10,
8321,TAPSAFTASG,2443,True,10,
8322,DAPFCMRGVY,2443,True,10,
8323,PLPYSWAVQV,2443,True,10,
8324,TRVYDLWDLY,2443,True,10,
8325,TGPKLISGMS,2443,True,10,
8326,GFPRAFRTAS,2443,True,10,known_sequence
8327,ALVWNYLGQG,2443,True,10,
8328,PCPLAFLGES,2443,True,10,
8329,VQPRAYRGSQ,2443,True,10,
8330,HVPRQVFAEL,2443,True,10,
8331,SNPLRIKSPT,2443,True,10,
8332,TAPINFYSWR,2443,True,10,
8333,LPVYALAGHW,2443,True,10,
8334,GVPRAVTTAS,2443,True,10,
8335,GRPLNVRTAS,2443,True,10,
8336,RIPASLIYRY,2443,True,10,
8337,MRPAQVRING,2443,True,10,
8338,PRQFPQPAGT,2443,True,10,
8339,GAPRSHSNHY,2443,True,10,
8340,IPVYALHGPF,2443,True,10,
8341,TNPFALYGHG,2443,True,10,
8342,HRPRSMYDGI,2443,True,10,
8343,DQPLWMRTQG,2443,True,10,
8344,LWPAEFLSNG,2443,True,10,
8345,PLPRAVTASG,2443,True,10,
8346,AQIEYMYGVF,2443,True,10,
8347,PTPRSYIGWF,2443,True,10,
8348,SAVFELRGMV,2443,True,10,
8349,HAPFHMQSWY,2443,True,10,
8350,PAPRSLFDVG,2443,True,10,
8351,QSPLQLFGMV,2443,True,10,
8352,GMPLSHSVWG,2443,True,10,
8353,MDPRQLSDMG,2443,True,10,
8354,LSPVAYWGRV,2443,True,10,
8355,VRPAQMKGPG,2443,True,10,
8356,GPPSHWQTAS,2443,True,10,
8357,EVPKLMRGWG,2443,True,10,
8358,PVPVQILDNG,2443,True,10,
8359,RPPVAFTSTY,2443,True,10,
8360,APVYALISHW,2443,True,10,
8361,PVPRGQTVGA,2443,True,10,
8362,QHPVEFYSQW,2443,True,10,
8363,MVDPTPAPFL,2443,True,10,
8364,EPPLAFQSEY,2443,True,10,
8365,LYVFSFRAVI,2443,True,10,
8366,TGPVELTGPG,2443,True,10,
8367,FVPVWMFSHT,2443,True,10,
8368,VTPSALSTKG,2443,True,10,
8369,VQPRTLSPIF,2443,True,10,
8370,APVFALYGEK,2443,True,10,
8371,HIPSWSIGEH,2443,True,10,
8372,GQPLGFSTAS,2443,True,10,
8373,TRPSWVMSEL,2443,True,10,
8374,HTVSWSTSPW,2443,True,10,
8375,GAPSGQYTAS,2443,True,10,
8376,KAPVQLWSLN,2443,True,10,
8377,RIPASLVGAL,2443,True,10,
8378,SLPRVFIGPK,2443,True,10,
8379,HQVFGLTDEH,2443,True,10,
8380,DHPSAFWSAG,2443,True,10,
8381,GPVFAFYDLV,2443,True,10,
8382,GEPSPFDIRA,2443,True,10,
8383,GKPYAFQTAS,2443,True,10,
8384,PSPSGWTLMW,2443,True,10,
8385,VEVFSLTASG,2443,True,10,
8386,PIAFPLFGTR,2443,True,10,
8387,GRPRFLSTAS,2443,True,10,
8388,PTPKLLTSGK,2443,True,10,
8389,MAPFDMLGHR,2443,True,10,
8390,NAPASYFGPR,2443,True,10,
8391,RQPAYWIGEH,2443,True,10,
8392,PTPSWLSVWT,2443,True,10,
8393,GKPLPFRGQG,2443,True,10,
8394,MRPFWMRSQH,2443,True,10,
8395,VPPVPFISWH,2443,True,10,
8396,ASPVAFYSNL,2443,True,10,
8397,VAPMGQPTGQ,2443,True,10,
8398,HAPAYWRSPF,2443,True,10,
8399,ATPSAMTASG,2443,True,10,
8400,PRPRQVSNWT,1840,True,10,
8401,AWPRGMVTAS,1840,True,10,
8402,AYPYHWIGPL,1840,True,10,
8403,SVPSGVTASG,1840,True,10,
8404,SVPSWILSWA,1840,True,10,
8405,VAPRPVLGMF,1840,True,10,
8406,PTPRGQNAEV,1840,True,10,
8407,VAPRSYRDGI,1840,True,10,
8408,KWPRGVTASG,1840,True,10,
8409,SLPRAVSVWF,1840,True,10,
8410,PDPRSYFGKI,1840,True,10,
8411,WIPRAVFSLY,1840,True,10,
8412,PTPIELVGYK,1840,True,10,
8413,GMEYVAMQLP,1840,True,10,
8414,GIPRAVYGPG,1840,True,10,
8415,FHCLPSYNQR,1840,True,10,
8416,VWPRGMAGLT,1840,True,10,
8417,QVPRAVYSHS,1840,True,10,
8418,CPSRAMIGLH,1840,True,10,
8419,IGPRTLSGAG,1840,True,10,
8420,MNWRAMLAGW,1840,True,10,
8421,IQPRNVQGNY,1840,True,10,
8422,VLPRVLITPY,1840,True,10,
8423,GMVRGVTASG,1840,True,10,known_sequence
8424,FQPVMYQSPG,1840,True,10,
8425,NYPRSWLSPY,1840,True,10,
8426,TAPSGWVGAI,1840,True,10,
8427,VMPRYFIGGH,1840,True,10,
8428,TDPRLYTGTG,1840,True,10,
8429,SRPRQLYGPF,1840,True,10,
8430,AVPSWIWSQR,1840,True,10,
8431,TPRG,1840,True,4,length
8432,LPYFSMWSQH,1840,True,10,
8433,QAPRGVFYVY,1840,True,10,
8434,YHPRAFTGPL,1840,True,10,
8435,YGPRAVHAWL,1840,True,10,
8436,YEPRNVRTPI,1840,True,10,
8437,PYPKVWRAPY,1840,True,10,
8438,YDPVAVHGPH,1840,True,10,
8439,SAPRSWLSWR,1840,True,10,
8440,QVPRLWQSQW,1840,True,10,
8441,AVPSGWIGTA,1840,True,10,
8442,CKPQAWTGPT,1840,True,10,
8443,YRPRQMYSMF,1840,True,10,
8444,SRPRSYFGPK,1840,True,10,
8445,AEARGIYTMY,1840,True,10,
8446,NQPRGVTASG,1840,True,10,
8447,YQPRGSRWST,1840,True,10,
8448,VAPRAVYAEI,1840,True,10,
8449,FFPRSYIATQ,1840,True,10,
8450,EAPRSVYSNW,1840,True,10,
8451,HPPRGVFYIY,1840,True,10,
8452,QWVYSWQVWS,1840,True,10,
8453,TYPRAFTGRL,1840,True,10,
8454,KRPQGVTASG,1840,True,10,
8455,RGPSGWTADA,1840,True,10,
8456,QHPRAFTGPF,1840,True,10,
8457,FQPFTLYSLS,1840,True,10,
8458,MRPASWRGVY,1840,True,10,
8459,VPPRAVSAIY,1840,True,10,
8460,FYPVYMRNLA,1840,True,10,
8461,SHPRQYIGMY,1840,True,10,
8462,MPPRAFWGIA,1840,True,10,
8463,SPVRAVRSVH,1840,True,10,
8464,RSPVAFWGQK,1840,True,10,
8465,VFPRGSYTPI,1840,True,10,
8466,RIPRFMRGLI,1840,True,10,
8467,VYPRTGSYSV,1840,True,10,
8468,YLPRAVLATL,1840,True,10,
8469,KAPAHWISMR,1840,True,10,
8470,KAPRFLSGPY,1840,True,10,
8471,WVPRGATASG,1840,True,10,
8472,LDPRGNYGTR,1840,True,10,
8473,TSPRQVMVHI,1840,True,10,
8474,YVPRGVKSSG,1840,True,10,
8475,GPPRAFRGNL,1840,True,10,
8476,SLPRPLYKNS,1840,True,10,
8477,MFPRGMGNPY,1840,True,10,
8478,ESPRPFTASG,1840,True,10,
8479,QSPRAVAGPF,1840,True,10,
8480,YTPRGNVNIL,1840,True,10,
8481,CSPRSRDTIG,1840,True,10,
8482,TTPRSWFAGD,1840,True,10,
8483,MQPRSWSGTT,1840,True,10,
8484,QIPRAVHGPV,1840,True,10,
8485,PAPRSWTGVT,1840,True,10,
8486,MSPRYLSAQT,1840,True,10,
8487,SCPTGLFTVW,1840,True,10,
8488,YVPRGVTASG,1840,True,10,
8489,VVPSWITVHA,1840,True,10,
8490,DTPRGQISRH,1840,True,10,
8491,MSPRQVFSQG,1840,True,10,
8492,MTFRMLYGSV,1840,True,10,
8493,GSPASWTASG,1840,True,10,
8494,LAPRYWYGQK,1840,True,10,
8495,TKPRSWYGVG,1840,True,10,
8496,REPLPQIGPF,1840,True,10,
8497,EPVLWMWGLY,1840,True,10,
8498,RDPRWFYGHF,1840,True,10,
8499,FWPRGSRTHI,1840,True,10,
8500,SNPFKYFAMI,1840,True,10,
8501,RAVRAVKGVY,1840,True,10,
8502,RSPRYMWGEQ,1840,True,10,
8503,YHPRAFQGSG,1840,True,10,
8504,VMPSGFWGMS,1840,True,10,
8505,IRTMALIGEY,1840,True,10,
8506,VHPRVFWART,1840,True,10,
8507,LMPRAFRGLW,1840,True,10,
8508,DAPRYWTGES,1840,True,10,
8509,TQPRSYHAWL,1840,True,10,
8510,AQPRYWFSIG,1840,True,10,
8511,RIPRGSWDMG,1840,True,10,
8512,KTPRGNTASG,1840,True,10,
8513,TRPSWVFSTK,1840,True,10,
8514,DYPRGSTASG,1840,True,10,
8515,VNPRGVAGTG,1840,True,10,
8516,NQPRGYIAWH,1840,True,10,
8517,NHPVMYISGY,1840,True,10,
8518,QMPLQVWTLQ,1840,True,10,
8519,GVPRGVTASG,1840,True,10,
8520,YGPRAVTASG,1840,True,10,
8521,APYFSMRGMG,1840,True,10,
8522,WSPRGVTASG,1840,True,10,
8523,RSPRVRSAHG,1840,True,10,
8524,QSPRMLQSPV,1840,True,10,
8525,RVPRGTVQPH,1840,True,10,
8526,HMPKSWSQPW,1840,True,10,
8527,HVPRQVWNTG,1840,True,10,
8528,RTPASWIGPS,1840,True,10,
8529,MVPRAVFSTG,1840,True,10,
8530,DTPRQVISGF,1840,True,10,
8531,AYPRAFRGPT,1840,True,10,
8532,AYPRAFSGQS,1840,True,10,
8533,AQPRSWIGIT,1840,True,10,
8534,TKPRAWTGMF,1840,True,10,
8535,YNPRGQTFHV,1840,True,10,
8536,PTQRGLMAIF,1840,True,10,
8537,LNPAFMWGEI,1840,True,10,
8538,NWPRSFSGLW,1840,True,10,
8539,PGPRPITASG,1840,True,10,
8540,SWPAGVTSTK,1840,True,10,
8541,ARVAYWTGPI,1840,True,10,
8542,YIPRPVTGRG,1840,True,10,
8543,RAPLHFIGPV,1840,True,10,
8544,PQPRAYIGMA,1840,True,10,
8545,NQPRAVTGPT,1840,True,10,
8546,WVPRGVTASG,1840,True,10,
8547,AWVRAFMGVL,1840,True,10,
8548,VRPRVYIAEQ,1840,True,10,
8549,HGPRPVYSTV,1840,True,10,
8550,TSPVAQTASG,1840,True,10,
8551,TSPIAFRGIY,1840,True,10,
8552,LPALNFYSMR,1840,True,10,
8553,WMPLGYRGHQ,1840,True,10,
8554,HLPRAVFSNG,1840,True,10,
8555,FGPRSWSATF,1840,True,10,
8556,TQPRSWFGPY,1840,True,10,
8557,HDPRSYIGPH,1840,True,10,
8558,MIPRPVWYNK,1840,True,10,
8559,PKGRAMWGSY,1840,True,10,
8560,TCPFPFSGAG,1840,True,10,
8561,WTPRGNTGSG,1840,True,10,
8562,NPMGYLWGMH,1840,True,10,
8563,SAPRLYIGRF,1840,True,10,
8564,TGPKGNQSPY,1840,True,10,
8565,FPARSFTNVL,1840,True,10,
8566,RMPRQVIAPL,1840,True,10,
8567,RPTMWLWSVW,1840,True,10,
8568,LSPRNVSAWQ,1840,True,10,
8569,VSPRAFDAPS,1840,True,10,
8570,LRPRAVTASG,1840,True,10,
8571,SRPRQYSGVS,1840,True,10,
8572,LWPRGMRTPA,1840,True,10,
8573,TSPRGVTASG,1840,True,10,
8574,ASPRLYIGIK,1840,True,10,
8575,HNPRSWRGTF,1840,True,10,
8576,AQWYGIFSER,1840,True,10,
8577,PDVRAWIGNH,1840,True,10,
8578,QTPKGQHGIT,1840,True,10,
8579,IHPVSLTASG,1840,True,10,
8580,SWPRAFYSQS,1840,True,10,
8581,VMPRGSMGMG,1840,True,10,
8582,NPIRAYIGMW,1840,True,10,
8583,YKVRAVMSNY,1840,True,10,
8584,YEPRNYQGTA,1840,True,10,
8585,YPARSWFGLA,1840,True,10,
8586,QSWYQMRGQY,1840,True,10,
8587,TLPIPWYATG,1840,True,10,
8588,MIPRPVWAPG,1840,True,10,
8589,MGPGQMRTLY,1840,True,10,
8590,TWPAGVFDPS,1840,True,10,
8591,RGPSHYIGWT,1840,True,10,
8592,KNVRGMVSAT,1840,True,10,
8593,MSPRWLYGIS,1840,True,10,
8594,YIPRAVTSNG,1840,True,10,
8595,LAVRAVRAMF,1840,True,10,
8596,LIPRPVLGMS,1840,True,10,
8597,YNPIHMWGNI,1840,True,10,
8598,YQPRGVTAGI,1840,True,10,
8599,ANPRGMTASG,1840,True,10,
8600,HVPRGVIGPR,1840,True,10,
8601,VAPRVLYAEL,1840,True,10,
8602,WQPVGRTASG,1840,True,10,
8603,ERPRSYVGKG,1840,True,10,
8604,TIPRPVISEA,1840,True,10,
8605,STPRSWKGPK,1840,True,10,
8606,PVPRAVYGTH,1840,True,10,
8607,HAPRFLYGMS,1840,True,10,
8608,LHYIPVPSFL,1840,True,10,
8609,TPVYSWRAQI,1840,True,10,
8610,MVPKGVSGPW,1840,True,10,
8611,FGPRSWLGNF,1840,True,10,
8612,GYGQPLVGPR,1840,True,10,
8613,NVPRGVTGQR,1840,True,10,
8614,WTVYGLYSPY,1840,True,10,
8615,WRPRGVHVNG,1840,True,10,
8616,YNPRASQGTY,1840,True,10,
8617,HTPRGNTGWI,1840,True,10,
8618,VSPRAYWGHI,1840,True,10,
8619,WFPRAFTGPQ,1840,True,10,
8620,RPPRSFLNVI,1840,True,10,
8621,VKPAGVTGGY,1840,True,10,
8622,RFVRAVTASG,1840,True,10,
8623,IMPKGMQYNK,1840,True,10,
8624,AQPFSWRGQI,1840,True,10,
8625,ETPRGQITIS,1840,True,10,
8626,FYVRAFIGMG,1840,True,10,
8627,VAPRLYLGPV,1840,True,10,
8628,VLPRGVFANK,1840,True,10,
8629,FNPIMGPFPN,1840,True,10,
8630,IIPRPYIGNG,1840,True,10,
8631,TYPRAWIGQF,1840,True,10,
8632,VRPRGNSGQA,1840,True,10,
8633,WDPLGMTNQW,1840,True,10,
8634,YDFRAMRGVL,1840,True,10,
8635,FQVMGMYGIY,1840,True,10,
8636,IMPKQVHGWI,1840,True,10,
8637,HQPSGVYANQ,1840,True,10,
8638,YMPSGFQSMG,1840,True,10,
8639,TSPYGVRVTI,1840,True,10,
8640,YIPTGFRSNF,1840,True,10,
8641,PRPRSYTKPF,1840,True,10,
8642,CVPRGVTASG,1840,True,10,
8643,KGPSGWTGKG,1840,True,10,
8644,MRPRSYHGHL,1840,True,10,
8645,PTPRSMLSQL,1840,True,10,
8646,KQPRAYTGQF,1840,True,10,
8647,QMPRMLSGSW,1840,True,10,
8648,PVFRAFWSIL,1840,True,10,
8649,WSPKGMRHIG,1840,True,10,
8650,GMPRGVYNPV,1840,True,10,
8651,HLPRAFAGML,1840,True,10,
8652,MYPRSYRQMT,1840,True,10,
8653,MPFRSMRTLK,1840,True,10,
8654,SPALAFIGAW,1840,True,10,
8655,RAPVAFTASG,1840,True,10,known_sequence
8656,MKPVNYMGTF,1840,True,10,
8657,FAPRGSMSEQ,1840,True,10,
8658,TPPKSWVSPT,1840,True,10,
8659,GTPRQVFTAS,1840,True,10,
8660,WLPRAVKGIV,1840,True,10,
8661,TKPRGWRGQI,1840,True,10,
8662,CSPRSYIGNV,1840,True,10,
8663,HWPVGSYSPY,1840,True,10,
8664,HPVYNWRGWK,1840,True,10,
8665,VAPHGFRGQL,1840,True,10,
8666,TRPSWVTSIV,1840,True,10,
8667,AAPRSYTAIY,1840,True,10,
8668,PQPRNYTGHI,1840,True,10,
8669,SPRPPWLWVA,1840,True,10,
8670,MQPRSWATAG,1840,True,10,
8671,QVPRGVTVTF,1840,True,10,
8672,IVPRAVTGWT,1840,True,10,
8673,KFPRVYVAVA,1840,True,10,
8674,IAPRYWFSVI,1840,True,10,
8675,WQPRGVHGTW,1840,True,10,
8676,MWPMAFRGPQ,1840,True,10,
8677,FDPRGVTSTR,1840,True,10,
8678,KHPRGQVNLY,1840,True,10,
8679,WEPLSYMGQL,1840,True,10,
8680,RVPRGVFYAI,1840,True,10,
8681,FAPRPVTSHQ,1840,True,10,
8682,QTPRQVYSKV,1840,True,10,
8683,VNARLYQGMW,1840,True,10,
8684,HVPRQVFAHT,1840,True,10,
8685,AQPRAYSGNY,1840,True,10,
8686,AVPVRLWGIV,1840,True,10,
8687,QLVKGMHGWK,1840,True,10,
8688,MTGSMLTASG,1840,True,10,
8689,KGPVPFQAGK,1840,True,10,
8690,PWVNGFWTVY,1840,True,10,
8691,TSPSAYTGWT,1840,True,10,
8692,RTPRGQIVPG,1840,True,10,
8693,GQPRSWTASG,1840,True,10,
8694,VVPRAVYDLY,1840,True,10,
8695,WGRMPRSPSP,1840,True,10,
8696,SKPLGYIGKG,1840,True,10,
8697,GVPRAVWSQF,1840,True,10,
8698,MVPRGNRGNS,1840,True,10,
8699,RNPRWVISWA,1840,True,10,
8700,ATPRGQTSVR,1840,True,10,
8701,CMPRSYTGRK,1840,True,10,
8702,EGPASWASWY,1840,True,10,
8703,VAPRAWRSPG,1840,True,10,
8704,YFPRAFSGAW,1840,True,10,
8705,ITPRSWHSPQ,1840,True,10,
8706,TYPRGQKSMF,1840,True,10,
8707,RQPRNVASPS,1840,True,10,
8708,YSPRAFLGPH,1840,True,10,
8709,TRVFHYIAMH,1840,True,10,
8710,GQPRAVITAS,1840,True,10,
8711,ITARSFLGMF,1840,True,10,
8712,QRPLQYRGPY,1840,True,10,
8713,FVPRGVTASG,1840,True,10,
8714,GAPRYWMSGK,1840,True,10,
8715,ELPRSWTASG,1840,True,10,
8716,TQPRAYKGPR,1840,True,10,
8717,SVPRGVTASG,1840,True,10,
8718,NLPLNWYGAL,1840,True,10,
8719,ASPRWLASVL,1840,True,10,
8720,VKPRGSYSLY,1840,True,10,
8721,MGPRLYHGTY,1840,True,10,
8722,QMPKGVTSGA,1840,True,10,
8723,RVPRGVWTRI,1840,True,10,
8724,VTPRSYTGHS,1840,True,10,
8725,THPRGLYSQA,1840,True,10,
8726,TSPRAYKGPY,1840,True,10,
8727,LKPRYWVGPL,1840,True,10,
8728,RQPRAFIGTG,1840,True,10,
8729,VSPRLYMGQY,1840,True,10,
8730,NTPKSWRSKF,1840,True,10,
8731,LRPRGVRTWH,1840,True,10,
8732,KTVRGLTGIT,1840,True,10,
8733,ATPRYWMGTY,1840,True,10,
8734,YHPRGVYASA,1840,True,10,
8735,KVPYGWTSPL,1840,True,10,
8736,VIPRAWISGY,1840,True,10,
8737,STPLGQISAI,1840,True,10,
8738,VPPRAFTASG,1840,True,10,
8739,YAPRDFKGEK,1840,True,10,
8740,LVPRAWRGPH,1840,True,10,
8741,GPVRAVYSNL,1840,True,10,
8742,MKPVAYTGRH,1840,True,10,
8743,APYNHLISPH,1840,True,10,
8744,TQPRAVWGSG,1840,True,10,
8745,VSPRGVHMWH,1840,True,10,
8746,MQPKWIFVNQ,1840,True,10,
8747,GYPRSYIGMK,1840,True,10,
8748,RMPRQVIVRW,1840,True,10,
8749,LFVRGMHAVF,1840,True,10,
8750,YLPRAVHGAY,1840,True,10,
8751,HQPRGQTRMF,1840,True,10,
8752,MGPWGVAVQK,1840,True,10,
8753,GTPRGNIGVI,1840,True,10,
8754,TRPRAFIGET,1840,True,10,
8755,MHPRGYRGWR,1840,True,10,
8756,KPPRSHTASG,1840,True,10,
8757,RAPVPFWGQL,1840,True,10,
8758,HVPRGVHTQH,1840,True,10,
8759,YRPRSYLGVY,1840,True,10,
8760,VNPAGFHGVG,1840,True,10,
8761,NMPRSYIAPA,1840,True,10,
8762,DSPRGVTASG,1840,True,10,
8763,CMARGFYSVF,1840,True,10,
8764,ALVRAWRGPY,1840,True,10,
8765,YTPRSYIGWA,1840,True,10,
8766,HQPRSYINPK,1840,True,10,
8767,VNPGAMVGTS,1840,True,10,
8768,WPARGQIFRT,1840,True,10,
8769,DTPRSWRGMS,1840,True,10,
8770,MRPRSYSGQF,1840,True,10,
8771,LKPAPWQSIG,1840,True,10,
8772,ISPRQVTASG,1840,True,10,
8773,MQPRAQYSNG,1840,True,10,
8774,HVPRGVYSQT,1840,True,10,
8775,VTPKGQIVNG,1840,True,10,
8776,RVPVPQMGLA,1840,True,10,
8777,TVPRAVWGVY,1840,True,10,
8778,SVPSGVYGEQ,1840,True,10,
8779,IVPRAVYVTA,1840,True,10,
8780,EHPRSYRGMQ,1840,True,10,
8781,SWPRSQTGTS,1840,True,10,
8782,HDPFSYFDPV,1840,True,10,
8783,ISPRKFTGHV,1840,True,10,
8784,NAPRAFRGTY,1840,True,10,
8785,RAPVAFYGET,1840,True,10,
8786,KQPRAYIGLR,1840,True,10,
8787,VYPRGQTVTL,1840,True,10,
8788,GQPRSWITAS,1840,True,10,
8789,WYPRAFTGHV,1840,True,10,
8790,EHPRSYTGQA,1840,True,10,
8791,FCPRNVKSGL,1840,True,10,
8792,AMPRPIMAVQ,1840,True,10,
8793,SYPSHYRGAG,1840,True,10,
8794,VSPRPFSGEA,1840,True,10,
8795,YRPRSYFAMV,1840,True,10,
8796,HLPRAVADVH,1840,True,10,
8797,QTPRYWTGSA,1840,True,10,
8798,GIPRPVMGNG,1840,True,10,
8799,YFPRAFWGTI,1840,True,10,
8800,TWPVGVRDVI,10926,True,10,
8801,DEPRWITASG,10926,True,10,
8802,EHPKSLRDLS,10926,True,10,
8803,MNPVAYRDGS,10926,True,10,
8804,TMPRYMIDEG,10926,True,10,
8805,YTPRGVTASG,10926,True,10,
8806,VYPRAFSDQY,10926,True,10,
8807,VMVLWLISVR,10926,True,10,
8808,GYPVPFRGWL,10926,True,10,
8809,AHPRYLWDHK,10926,True,10,
8810,PAWRAYSDGV,10926,True,10,
8811,NFPVHMRDSA,10926,True,10,
8812,VAPRYWSDMK,10926,True,10,
8813,RVPKPQTDGI,10926,True,10,
8814,NTPRYWTDLG,10926,True,10,
8815,NHPKWIRDLY,10926,True,10,
8816,HNPVAYRDNG,10926,True,10,
8817,DQPRDITASG,10926,True,10,
8818,LCIEPLVDRI,10926,True,10,
8819,IHVRAVYAKG,10926,True,10,
8820,PARMHREVYS,10926,True,10,
8821,MWDYPTVIRH,10926,True,10,
8822,VLPRYWTGVG,10926,True,10,
8823,FGPSGVHDNI,10926,True,10,
8824,VTPRLYADGF,10926,True,10,
8825,GVPRAVFTAS,10926,True,10,
8826,AFNPLKNTNG,10926,True,10,
8827,HRPLNVAVGI,10926,True,10,
8828,KLPAHWTASG,10926,True,10,
8829,ENGWGLTSGT,10926,True,10,
8830,QDPRAVKDLY,10926,True,10,
8831,MLPVHYIDVH,10926,True,10,
8832,QHVAGIHARI,10926,True,10,
8833,TIPVPQRDTQ,10926,True,10,
8834,GVPRAIRAGV,10926,True,10,
8835,DYPRAVKGGR,10926,True,10,
8836,YDVRAVRDVT,10926,True,10,
8837,HCPRFITASG,10926,True,10,
8838,SFPRPVMAWI,10926,True,10,
8839,NYARAMYSGL,10926,True,10,
8840,TVPQWIWSGR,10926,True,10,
8841,RMPRYLRDTY,10926,True,10,
8842,PSWRALISRG,10926,True,10,
8843,CMVRPVWQMH,10926,True,10,
8844,HAPRPVSVHY,10926,True,10,
8845,LMPRYSTDAV,10926,True,10,
8846,NKPVNYTASG,10926,True,10,
8847,HVPRGVHDYS,10926,True,10,
8848,PHPRAFADIG,10926,True,10,
8849,YHPIGIRDQA,10926,True,10,
8850,ATVKGLRDTI,10926,True,10,
8851,RDPKWIQDWH,10926,True,10,
8852,RLPVAIWDAH,10926,True,10,
8853,IYARPLWANT,10926,True,10,
8854,QHPHAFADKY,10926,True,10,
8855,WVPRGVTDAI,10926,True,10,
8856,HIPRYLQDEV,10926,True,10,
8857,AYPRLWRTEV,10926,True,10,
8858,LHPLGQRDNW,10926,True,10,
8859,PIVRPVSDSG,10926,True,10,
8860,KDPRYLVDWV,10926,True,10,
8861,RGPYHLTDSY,10926,True,10,
8862,AYPLHVRDKI,10926,True,10,
8863,MTPRYWTASG,10926,True,10,
8864,NQPIPRTASG,10926,True,10,
8865,WECEVMGMPV,10926,True,10,
8866,HTSVALWDEH,10926,True,10,
8867,NHPKSLKDGV,10926,True,10,
8868,YGPRAVKAQG,10926,True,10,
8869,VHPRHVFDNH,10926,True,10,
8870,VNPRMLTDEG,10926,True,10,
8871,HNALNFRGQS,10926,True,10,
8872,QYHWAFIAQV,10926,True,10,
8873,NHPVAFTASG,10926,True,10,
8874,IHWAGFRAGT,10926,True,10,
8875,RHYLPLWATL,10926,True,10,
8876,LIPRPVWDPF,10926,True,10,
8877,HWPRFMSDTR,10926,True,10,
8878,PHWGAMVGSA,10926,True,10,
8879,WYPRAFADNS,10926,True,10,
8880,TQPRAYIDNR,10926,True,10,
8881,MGPYGFTASG,10926,True,10,
8882,NSHRSMTASG,10926,True,10,
8883,GHPRAFRARG,10926,True,10,
8884,HKPVNLIDNY,10926,True,10,
8885,EHPAGFRDMY,10926,True,10,
8886,YHPVHYIDPG,10926,True,10,
8887,TGSQPLQSMA,10926,True,10,
8888,FPWHGMRTGL,10926,True,10,
8889,RKPRMLWDTW,10926,True,10,
8890,PMPRYMVDHG,10926,True,10,
8891,HWARAMLDPK,10926,True,10,
8892,GRPRPVLTAS,10926,True,10,
8893,PNARAMTASG,10926,True,10,
8894,QLVRPLTASG,10926,True,10,
8895,KDPRAVSDRG,10926,True,10,
8896,IRARWLMDIG,10926,True,10,
8897,VMPGAFTGVQ,10926,True,10,
8898,CFPRPVISGA,10926,True,10,
8899,GWAKPLWDEI,10926,True,10,
8900,RHPVSFTDER,10926,True,10,
8901,EMPRAYQDVY,10926,True,10,
8902,YVPRAVIAEW,10926,True,10,
8903,RLPVAITSAS,10926,True,10,
8904,VWPRYLRTKS,10926,True,10,
8905,YVPTGVRDHK,10926,True,10,
8906,YDILAVRNWG,10926,True,10,
8907,GLSHALTASG,10926,True,10,
8908,VIPRPVSAVW,10926,True,10,
8909,PNVRAVRAWT,10926,True,10,
8910,FRPRSYMDGA,10926,True,10,
8911,HGLWSLQDMI,10926,True,10,
8912,EMYAGLTASG,10926,True,10,
8913,LVPRAVSDVA,10926,True,10,
8914,RHPVAFRDYK,10926,True,10,
8915,TYPRAFSDWA,10926,True,10,
8916,NLPKAVFDHK,10926,True,10,
8917,VTPRAFYDSI,10926,True,10,
8918,HPYGNFYAAR,10926,True,10,
8919,APLWSWHTEA,10926,True,10,
8920,WMPRYLTASG,10926,True,10,
8921,TWPREYIDPR,10926,True,10,
8922,VIPRPVQASW,10926,True,10,
8923,HEWRAFTARF,10926,True,10,
8924,PHPRMLYSMG,10926,True,10,
8925,EDWRGLTASG,10926,True,10,
8926,MLPRAVVDGR,10926,True,10,
8927,NVPVPFIDGK,10926,True,10,
8928,VWGLPLRATH,10926,True,10,
8929,WVPVFMRDTG,10926,True,10,
8930,VNPRNYIDEY,10926,True,10,
8931,VWPRASLDWI,10926,True,10,
8932,NEVRSLTASG,10926,True,10,
8933,QTPKNVRDLV,10926,True,10,
8934,TVTRALYAGW,10926,True,10,
8935,NYPRAVLDAY,10926,True,10,
8936,FWPRPVMDGI,10926,True,10,
8937,QPQRAIISLS,10926,True,10,
8938,KNPRNYQDWV,10926,True,10,
8939,QKPLNYIDPR,10926,True,10,
8940,DGPRAVWDNR,10926,True,10,
8941,WVPRAVHDGS,10926,True,10,
8942,IHARPLVDKA,10926,True,10,
8943,MRPVNVRDGY,10926,True,10,
8944,VPWGNMRGTG,10926,True,10,
8945,MTPRYWTASG,10926,True,10,
8946,KYPRFVTASG,10926,True,10,
8947,GSPRYLYANG,10926,True,10,
8948,ALPRYWIDNG,10926,True,10,
8949,GHPRAFQDNH,10926,True,10,
8950,VKPEYFYAYQ,10926,True,10,
8951,YMPRAVQDQV,10926,True,10,
8952,PRVIPFWSIR,10926,True,10,
8953,HTPRYQWDKI,10926,True,10,
8954,MEPRNVKDNY,10926,True,10,
8955,QSPRMLSDRG,10926,True,10,
8956,GVPRAVHSKW,10926,True,10,
8957,DPMRSLSLPH,10926,True,10,
8958,LVPRYWIDGY,10926,True,10,
8959,YFHRAMKAGR,10926,True,10,
8960,TWPRSILDGA,10926,True,10,
8961,GNPRNVLDSA,10926,True,10,
8962,RPARSLYDGQ,10926,True,10,
8963,NWGYELRGAS,10926,True,10,
8964,DHPRAFADHG,10926,True,10,
8965,VHPYPFRDSA,10926,True,10,
8966,RPAQDLKGNR,10926,True,10,
8967,EKPRFLTASG,10926,True,10,
8968,MHVRAVTGPI,10926,True,10,
8969,QAYRSLYAGF,10926,True,10,
8970,KHPRFLIDPG,10926,True,10,
8971,VMPRLYRTPT,10926,True,10,
8972,IQPRPVDDQH,10926,True,10,
8973,ARVRAVYDWG,10926,True,10,
8974,NLPRAVTASG,10926,True,10,
8975,RHPKLLIAQG,10926,True,10,
8976,PIVRAVRDTG,10926,True,10,
8977,HWVRAVIAIT,10926,True,10,
8978,MNPRLYRDNK,10926,True,10,
8979,LGPRAILDNH,10926,True,10,
8980,QHPRFLSDNG,10926,True,10,
8981,NYPRAFQDNG,10926,True,10,
8982,QSWRAFTASG,10926,True,10,
8983,QIPRPVMDEY,10926,True,10,
8984,LNARSLRDMS,10926,True,10,
8985,PYFGNLTAGR,10926,True,10,
8986,VWELPVGAPT,10926,True,10,
8987,SNVRNLISNH,10926,True,10,
8988,DYPRAFHDRT,10926,True,10,
8989,QNPRNVSDET,10926,True,10,
8990,WTVRAVWDVG,10926,True,10,
8991,ILVLNYTDKT,10926,True,10,
8992,HQPVAYRAQY,10926,True,10,
8993,QYPRAFTDPT,10926,True,10,
8994,LIPRPVIAET,10926,True,10,
8995,GKPRYWTASG,10926,True,10,
8996,HYPVHYIDGR,10926,True,10,
8997,MFPLNTHSNI,10926,True,10,
8998,GHPYPFRDAG,10926,True,10,
8999,IKHPYMKTMS,10926,True,10,
9000,HEVKGLQDIS,10926,True,10,
9001,YGPSHFIDNA,10926,True,10,
9002,FWARAMLTGA,10926,True,10,
9003,NQPRQVIDNK,10926,True,10,
9004,YCVRAVTASG,10926,True,10,
9005,HIPRFVQDWY,10926,True,10,
9006,GPYRALYDGV,10926,True,10,
9007,HQPRNVLYGS,10926,True,10,
9008,PYCPTYIDNI,10926,True,10,
9009,LRPRYWKDQT,10926,True,10,
9010,WAPVGMRDSG,10926,True,10,
9011,HRGYPLVALG,10926,True,10,
9012,GWNVPHATAS,10926,True,10,
9013,HALYAFWGPV,10926,True,10,
9014,RHPVAYRDAI,10926,True,10,
9015,HSPRTVASGA,10926,True,10,
9016,PWHRAMVSHG,10926,True,10,
9017,NAPRYLTASG,10926,True,10,
9018,YQPVPMIGQG,10926,True,10,
9019,DQPASWRDTV,10926,True,10,
9020,HVPRPVMDPT,10926,True,10,
9021,RAPVNYFDAK,10926,True,10,
9022,HMPRQVWDIG,10926,True,10,
9023,QWRTDRYAGQ,10926,True,10,
9024,HQPKGVRDLV,10926,True,10,
9025,PEPRSFKDRG,10926,True,10,
9026,VWPVPFWDNV,10926,True,10,
9027,RTPKGVRDQG,10926,True,10,
9028,RLPINYSDVK,10926,True,10,
9029,QPAGHLYGEG,10926,True,10,
9030,MGPWGSQDAR,10926,True,10,
9031,ALPTAFLDNA,10926,True,10,
9032,MNPRGSQDTK,10926,True,10,
9033,WTPKGMRDGF,10926,True,10,
9034,FHIAWFVDWH,10926,True,10,
9035,YWARAMTASG,10926,True,10,
9036,WIPVPYTASG,10926,True,10,
9037,VMPRYWIDWT,10926,True,10,
9038,THPSPFTDNI,10926,True,10,
9039,HAPRNVTASG,10926,True,10,
9040,EDVRAIRSGS,10926,True,10,
9041,VLPRAVWDPR,10926,True,10,
9042,NFHRAMRSDT,10926,True,10,
9043,QKPAPQHDIT,10926,True,10,
9044,YGYLPMWDQI,10926,True,10,
9045,VDPKPITASG,10926,True,10,
9046,WNPRSYSDLS,10926,True,10,
9047,HSPWFYMDHR,10926,True,10,
9048,DGPRSLYDMG,10926,True,10,
9049,KSPRPYTASG,10926,True,10,known_sequence
9050,DNLRSMRDPA,10926,True,10,
9051,HLPTALYDAY,10926,True,10,
9052,TQPRAVKDMA,10926,True,10,
9053,DHPRSVRDEV,10926,True,10,
9054,DSPRNVIDGF,10926,True,10,
9055,WVPRAVTASG,10926,True,10,
9056,MVPKGVQDVW,10926,True,10,
9057,HYPRAVYDTK,10926,True,10,
9058,NTAYNFRSEG,10926,True,10,
9059,WQPRAVKDGY,10926,True,10,
9060,MYIRAYTASG,10926,True,10,
9061,QAWRAFTDER,10926,True,10,
9062,WMPRAVRGLV,10926,True,10,
9063,HQPRNYADVG,10926,True,10,
9064,PWVRAVRDQG,10926,True,10,
9065,RYLRNFMDWK,10926,True,10,
9066,AWARAITGTA,10926,True,10,
9067,WDVLGLSGLR,10926,True,10,
9068,HEPLHYRDPF,10926,True,10,
9069,FTPRSLKDQF,10926,True,10,
9070,TNPKWMRHNA,10926,True,10,
9071,SIPLPVKNLG,10926,True,10,
9072,VYARAMQGWG,10926,True,10,
9073,RTPVGMQDNG,10926,True,10,
9074,YFPRAFRDVL,10926,True,10,
9075,IGPVHMRDRT,10926,True,10,
9076,PVPKGVQDGY,10926,True,10,
9077,VWPRMLSTGL,10926,True,10,
9078,LHPYGFQDGA,10926,True,10,
9079,NVPKWLTASG,10926,True,10,
9080,MHLGNFTSGA,10926,True,10,
9081,MLYHSLMDMS,10926,True,10,
9082,FLPRAVRDHS,10926,True,10,
9083,TQPRSLSDNI,10926,True,10,
9084,LHMAKFMASV,10926,True,10,
9085,WVCNTLAVHG,10926,True,10,
9086,YMVRAVTASG,10926,True,10,
9087,FKPVYMRSNQ,10926,True,10,
9088,NMPRQVIDSY,10926,True,10,
9089,TPAKPFWGLF,10926,True,10,
9090,HMPRFWTASG,10926,True,10,
9091,KIPRPVMAEG,10926,True,10,
9092,DRPRPVHDHG,10926,True,10,
9093,HWPRAFTSIG,10926,True,10,
9094,HGPSLYLGHI,10926,True,10,
9095,INPRNVRDGY,10926,True,10,
9096,ILPRAVLDAL,10926,True,10,
9097,KVPRLYLAMQ,10926,True,10,
9098,SLPRYVIDPI,10926,True,10,
9099,HPWRALADHY,10926,True,10,
9100,WDPVAIRDRS,10926,True,10,
9101,LQPRYKWDTS,10926,True,10,
9102,NAPRSLWDVG,10926,True,10,
9103,HLVNSLWDIY,10926,True,10,
9104,MLPRGVKDPV,10926,True,10,
9105,GEIRAMATAS,10926,True,10,
9106,TSPKQVKDKG,10926,True,10,
9107,PYARAMQDTS,10926,True,10,
9108,HQPRNVLDSY,10926,True,10,
9109,YQVKHYQDST,10926,True,10,
9110,PWVRAVIDWV,10926,True,10,
9111,KMPRSYTDSR,10926,True,10,
9112,HMPRYMRDIG,10926,True,10,
9113,MCPRNYRTVA,10926,True,10,
9114,LHPRAVTPGK,10926,True,10,
9115,VCPRWLSVGT,10926,True,10,
9116,LRPRNVKDNG,10926,True,10,
9117,QPAQDLWGMR,10926,True,10,
9118,QVQRAHLDKG,10926,True,10,
9119,AQPRYLTASG,10926,True,10,
9120,HLVRAVSDVF,10926,True,10,
9121,TPVGWMRGPR,10926,True,10,
9122,WVPRYLRDWY,10926,True,10,
9123,NTPKGNYAVR,10926,True,10,
9124,WMPRAVWDVK,10926,True,10,
9125,TGVSWSRAIS,10926,True,10,
9126,CTPRAVHDWH,10926,True,10,
9127,YGMWNMYTAS,10926,True,10,
9128,WQPRYLSDKA,10926,True,10,
9129,SQPIHMWDVY,10926,True,10,
9130,MHYPYKAYMR,10926,True,10,
9131,TNPKGMRDAG,10926,True,10,
9132,RLPIHMIGSG,10926,True,10,
9133,PNVRNLISHG,10926,True,10,
9134,AHPRYWTASG,10926,True,10,
9135,YGSPLYWGAK,10926,True,10,
9136,HLPTALRDVI,10926,True,10,
9137,VNPYGFRDKG,10926,True,10,
9138,QYHLALYSQG,10926,True,10,
9139,AWPRYMRDGH,10926,True,10,
9140,NQPIPIRDVI,10926,True,10,
9141,LAWAHITASG,10926,True,10,known_sequence
9142,YNPRTWTAEI,10926,True,10,
9143,HDLRHLWDWG,10926,True,10,
9144,DTPRFVYDHK,10926,True,10,
9145,HWPRYLTDHR,10926,True,10,
9146,VRHQNLIAKA,10926,True,10,
9147,MRVRAVTASG,10926,True,10,
9148,KLPRAVWDVG,10926,True,10,
9149,FLPHAFRDQL,10926,True,10,
9150,RGPVAYQDHQ,10926,True,10,
9151,QSWRALWAGI,10926,True,10,
9152,LTPRYWTASG,10926,True,10,known_sequence
9153,FWVLHLRSMF,10926,True,10,
9154,ADPLYLRGNY,10926,True,10,
9155,MPVRLYQDGY,10926,True,10,
9156,MLPSAVWDVG,10926,True,10,
9157,HNPRGVTASG,10926,True,10,
9158,DYPRNYGDGA,10926,True,10,
9159,TAVRAVISNA,10926,True,10,
9160,HQPRFIADGR,10926,True,10,
9161,TAPRYWIDTG,10926,True,10,
9162,SVPRAVTASG,10926,True,10,
9163,HMYVPLIDTR,10926,True,10,
9164,AIPRPVKDNG,10926,True,10,
9165,HFPRSWTWSH,10926,True,10,
9166,YMVRAVWDHQ,10926,True,10,
9167,HFPRAFIDGT,10926,True,10,
9168,SYPRAWRTAS,10926,True,10,
9169,CLPRAVMSGQ,10926,True,10,
9170,LHPRYQIDSK,10926,True,10,
9171,MQPRPVTASG,10926,True,10,
9172,SWCLPRHVTP,10926,True,10,
9173,RLPVAIVDEF,10926,True,10,
9174,TVAIPLMDHF,10926,True,10,
9175,LAYFPLWDSA,10926,True,10,
9176,HNPKWIRDQH,10926,True,10,
9177,GWGRALITAS,10926,True,10,
9178,KVPRAVIDNV,10926,True,10,
9179,MNPRSWLTWA,10926,True,10,
9180,FHPVSMRSGT,10926,True,10,
9181,PWAKPFYSGT,10926,True,10,
9182,THPKLQSDIQ,10926,True,10,
9183,HMPLSYTSRV,10926,True,10,
9184,IAFYSLRSEG,10926,True,10,
9185,NWPRSYTTVG,10926,True,10,
9186,KHPYNFADPR,10926,True,10,
9187,AQPRYWMDNR,10926,True,10,
9188,VIPRPVMDRY,10926,True,10,
9189,DWPRFVTDEI,10926,True,10,
9190,YNLRSMRDIT,10926,True,10,
9191,IRWMNLTASG,10926,True,10,
9192,PHVRGLWDTI,10926,True,10,
9193,YNPMNYTDGF,10926,True,10,
9194,GVPRAVIDTK,10926,True,10,
9195,IHVRAVYDHF,10926,True,10,
9196,MWVRAVTASG,10926,True,10,
9197,YVPVHLTDPH,10926,True,10,
9198,YVPRGVTDPI,10926,True,10,
9199,WTPRAWTDSQ,10926,True,10,
9200,WLTAWLTGEW,10300,True,10,
9201,GFAYNFYGSQ,10300,True,10,
9202,DWPYNWRTPS,10300,True,10,
9203,LMPRQVFDSA,10300,True,10,
9204,LHVYNFADEK,10300,True,10,
9205,QHPWAFGDTA,10300,True,10,
9206,MSWSAWFDAF,10300,True,10,
9207,TAIYNFYDLY,10300,True,10,
9208,FHPISWFDSQ,10300,True,10,
9209,VNPSWISDIH,10300,True,10,
9210,WVPRQVSDQV,10300,True,10,
9211,CYPWAWTDIT,10300,True,10,
9212,YQPRAVYDTS,10300,True,10,
9213,NHPYHLWDHS,10300,True,10,
9214,GHPVHYWDEL,10300,True,10,
9215,LRHYVYAGPH,10300,True,10,
9216,PKCYFMAEPT,10300,True,10,
9217,CHPIGIWDTG,10300,True,10,
9218,YFPLDMSDAG,10300,True,10,
9219,FGPYPWSDWG,10300,True,10,
9220,IKPYAYTDMH,10300,True,10,
9221,HWPLRVADMK,10300,True,10,
9222,HKPSTLVDSG,10300,True,10,
9223,WAWHNLVDVS,10300,True,10,
9224,KNPVMYTDWG,10300,True,10,
9225,PHWTIFVYTN,10300,True,10,
9226,RQVWDWTAWA,10300,True,10,
9227,YRPVYYHDPW,10300,True,10,
9228,SAPSAWTDNV,10300,True,10,
9229,NWPASFWDAG,10300,True,10,
9230,MYPKNSYDPV,10300,True,10,
9231,LTPKLYVDGL,10300,True,10,
9232,WDMYNLHDPV,10300,True,10,
9233,KFPASVSQEF,10300,True,10,
9234,PWCYIENVYS,10300,True,10,
9235,HCPLTLWDIA,10300,True,10,
9236,SQPIHFSDMT,10300,True,10,
9237,ACPHAFYVHQ,10300,True,10,
9238,YMPLNHYRSA,10300,True,10,
9239,RTPKQIWDER,10300,True,10,
9240,QSWYALHDTL,10300,True,10,
9241,GQPHPLWTAS,10300,True,10,
9242,TRPHAFTDPL,10300,True,10,
9243,YHPSKFADWA,10300,True,10,
9244,VNPYNVQDIG,10300,True,10,
9245,YGYFPMRDPS,10300,True,10,
9246,HKPWAWSDFY,10300,True,10,
9247,YIPLVYWDNG,10300,True,10,
9248,GPWRAFYDTG,10300,True,10,
9249,CHPYKYHDYL,10300,True,10,
9250,NGPKLVTDMW,10300,True,10,
9251,VDPWAFHDPI,10300,True,10,
9252,PFHYSLTDGK,10300,True,10,
9253,MWPSMLHDMK,10300,True,10,
9254,IFEKPVLIPW,10300,True,10,
9255,LGWRAFWDER,10300,True,10,
9256,PWCPVMYDAQ,10300,True,10,
9257,DKPNYWTASG,10300,True,10,
9258,AHPFCLIDGA,10300,True,10,
9259,CVTRALYDHW,10300,True,10,
9260,TWAKEMYDET,10300,True,10,
9261,YWPRAFWNGG,10300,True,10,
9262,YACWYFIPEA,10300,True,10,
9263,EDPYMWHDGY,10300,True,10,
9264,FHPSRFTDGL,10300,True,10,
9265,HAWAHFADGY,10300,True,10,
9266,YYPVAFYDHW,10300,True,10,
9267,RIPTAFIDNF,10300,True,10,
9268,CRPFPFWDKI,10300,True,10,
9269,IGPYWFYDWH,10300,True,10,
9270,FYCVAWNVHE,10300,True,10,
9271,SPALDMSGTY,10300,True,10,
9272,YGPSTLWDNA,10300,True,10,
9273,VMPSGHWDVH,10300,True,10,
9274,SLWRALWDVT,10300,True,10,
9275,FSWSAFNDHG,10300,True,10,
9276,KDPVMLHDGF,10300,True,10,
9277,THPYGFVDNA,10300,True,10,
9278,KYPSTLVQGL,10300,True,10,
9279,FRPHPHADPH,10300,True,10,
9280,FPSYSLFDTS,10300,True,10,
9281,VNPSWFTDWG,10300,True,10,
9282,VCPRQVHDAG,10300,True,10,
9283,WEVWPLIDWF,10300,True,10,
9284,HYPWAFHDRH,10300,True,10,
9285,YAPLHVTDSG,10300,True,10,
9286,HPAYNFWDWA,10300,True,10,
9287,RHPISLVDPT,10300,True,10,
9288,KNPFPFWDVG,10300,True,10,
9289,QLPRAVWDWY,10300,True,10,
9290,YTPKWIHDGY,10300,True,10,
9291,AWPREVTASG,10300,True,10,
9292,YRPVYYWDGY,10300,True,10,
9293,TFPLAHWDHF,10300,True,10,
9294,ERVAYWHDMS,10300,True,10,
9295,KTPRYWWDGV,10300,True,10,
9296,HWELHYQASF,10300,True,10,
9297,KRPLPFTDWL,10300,True,10,
9298,WKPLPWHDRA,10300,True,10,
9299,GIPYAWTDGH,10300,True,10,
9300,IWPWAWQDTG,10300,True,10,
9301,WNPRYQTDPF,10300,True,10,
9302,QFWFAYLDHL,10300,True,10,
9303,NTYPYVGLSY,10300,True,10,
9304,NQPHAFSDQD,10300,True,10,
9305,YIPLVYSDLY,10300,True,10,
9306,MPYRSFYDGP,10300,True,10,
9307,TRPRSYTNGC,10300,True,10,
9308,THPSHWSDVA,10300,True,10,
9309,FGPLDFSDHA,10300,True,10,
9310,KHPYKYKDGF,10300,True,10,
9311,WHPRGVGDQL,10300,True,10,
9312,CLAQAWTDGR,10300,True,10,
9313,GDPFAVTDSF,10300,True,10,
9314,FVPYWMSDEK,10300,True,10,
9315,YGPSDLWGGT,10300,True,10,
9316,IPHMSLWDPF,10300,True,10,
9317,NLYPTSEPQA,10300,True,10,
9318,HSPWSVYDGS,10300,True,10,
9319,HYPYDYSDAH,10300,True,10,
9320,VYGWNYMDSV,10300,True,10,
9321,DTVYAWFDRG,10300,True,10,
9322,IYVRNHYDGH,10300,True,10,
9323,HAPWFFSDGQ,10300,True,10,
9324,FTPKQVYDWI,10300,True,10,
9325,ICPHPEIDIH,10300,True,10,
9326,WFPLMYHDHF,10300,True,10,
9327,HYPWAWSDWR,10300,True,10,
9328,FYCAVNSYRI,10300,True,10,
9329,WWCLPYRGVQ,10300,True,10,
9330,EIYWPLVDPQ,10300,True,10,
9331,SPALDMHGHG,10300,True,10,
9332,FQVFPYNDHR,10300,True,10,
9333,TKWYAWYDNA,10300,True,10,
9334,MPYQSLYDAK,10300,True,10,
9335,PHPVSFYDHV,10300,True,10,
9336,KHPYGFHMTW,10300,True,10,
9337,GYPFPFWDEM,10300,True,10,
9338,RQPRAYQDWT,10300,True,10,
9339,PRVYLEDFGT,10300,True,10,
9340,RTPIELHDTG,10300,True,10,
9341,NWPHAFTDIQ,10300,True,10,
9342,TDPKSFYDMR,10300,True,10,
9343,HPAYNFWDIG,10300,True,10,
9344,MSVWHVIALA,10300,True,10,
9345,YVPREVWDHY,10300,True,10,
9346,YVPTGMYDHW,10300,True,10,
9347,FMPSRFLDWL,10300,True,10,
9348,FDPRWLSDGA,10300,True,10,
9349,WFPRAFSDGV,10300,True,10,
9350,LSWSAWTGES,10300,True,10,
9351,HFPWSVTDPY,10300,True,10,
9352,RNPEWMRGQS,10300,True,10,
9353,LRPKWVRHVF,10300,True,10,
9354,GHYSNLFDMY,10300,True,10,
9355,IHFWNYYDHT,10300,True,10,
9356,GSGNLPTATA,10300,True,10,
9357,HYDPYLPTRH,10300,True,10,
9358,LAWASLWDSW,10300,True,10,
9359,DCAWAWRDNT,10300,True,10,
9360,SFPNPLFDRW,10300,True,10,
9361,SKPSTLFDTA,10300,True,10,
9362,SFPNPLWDGT,10300,True,10,
9363,PIPVHSNRNA,10300,True,10,
9364,HLVQGLSDIS,10300,True,10,
9365,YPAYNFWDIF,10300,True,10,
9366,PRNQDPWNMP,10300,True,10,
9367,HYCNPQDWGF,10300,True,10,
9368,HWPHMLWDEY,10300,True,10,
9369,AEPLHYFDNH,10300,True,10,
9370,RHAYHMTASG,10300,True,10,
9371,YHPSRFLDLS,10300,True,10,
9372,SRYLPFWDWS,10300,True,10,
9373,AHWRAMWYHS,10300,True,10,
9374,KLPSPYWDEK,10300,True,10,
9375,VPVYNFVDHT,10300,True,10,
9376,YTPLDFTDVA,10300,True,10,
9377,QKAYNFWDHS,10300,True,10,
9378,PVTRPSWRTP,10300,True,10,
9379,PHPSHFWDPK,10300,True,10,
9380,HTWLPIWDGF,10300,True,10,
9381,YLPRAVHDEH,10300,True,10,
9382,WNPRPVTVEL,10300,True,10,
9383,NTPYEWYAPT,10300,True,10,
9384,TWPLPVTDIW,10300,True,10,
9385,PWPRFLWDQI,10300,True,10,
9386,AYPNAFTDQK,10300,True,10,
9387,PCPYHMTDWH,10300,True,10,
9388,KFPWSWVDSL,10300,True,10,
9389,HKPVWYWDGY,10300,True,10,
9390,HLVWNVWDLQ,10300,True,10,
9391,YDYRHMTVGH,10300,True,10,
9392,CFTRAWSDVY,10300,True,10,
9393,IMPWGVHDLY,10300,True,10,
9394,RYEPYPNWFM,10300,True,10,
9395,MWEPYIWAMT,10300,True,10,
9396,HDVWAVHLPG,10300,True,10,
9397,KNPQWVIDEA,10300,True,10,
9398,SFPKLYIDGL,10300,True,10,
9399,PYPLHVWTEL,10300,True,10,
9400,FYAYHFVGWK,10300,True,10,
9401,GFPLEIHTAS,10300,True,10,
9402,FMPLDFWDQA,10300,True,10,
9403,YRPVHYWDWY,10300,True,10,
9404,ESNLPWYMNA,10300,True,10,
9405,TIPYHWSDRA,10300,True,10,
9406,YWPVWYFDNT,10300,True,10,
9407,CHVLWMTSTH,10300,True,10,
9408,LWPYVMADKS,10300,True,10,
9409,DLPTALWDGY,10300,True,10,
9410,IFPWSVWSIG,10300,True,10,
9411,SPALDFHSVG,10300,True,10,
9412,NYPRAFHDMF,10300,True,10,
9413,GHVFAIWDQH,10300,True,10,
9414,RSPKFLWDHW,10300,True,10,
9415,HWPREVLDVG,10300,True,10,
9416,YAQPATWAWA,10300,True,10,
9417,DPVYDRWDHW,10300,True,10,
9418,QHIWKYWDTL,10300,True,10,
9419,NKIYAWHDSH,10300,True,10,
9420,GFAYNFYDNQ,10300,True,10,
9421,HLPRAVWDVY,10300,True,10,
9422,YFPLDSTDTW,10300,True,10,
9423,HIWQPYEYTF,10300,True,10,
9424,NAWQNLYDAL,10300,True,10,
9425,GQTMWLWDVH,10300,True,10,
9426,AHFAWFYDMS,10300,True,10,
9427,HTPRDIYDNF,10300,True,10,
9428,YMPKWITDHL,10300,True,10,
9429,INPSAHWDPQ,10300,True,10,
9430,CPCPNACDCW,10300,True,10,
9431,QTPYQLWDHL,10300,True,10,
9432,QNPRWVRDGV,10300,True,10,
9433,DHYHYTMDIF,10300,True,10,
9434,WKPEPFWDGS,10300,True,10,
9435,FTPVGMYDHW,10300,True,10,
9436,YLVRAHLDHG,10300,True,10,
9437,QHPRGQSGIF,10300,True,10,
9438,DHPYPWKDTS,10300,True,10,
9439,YFPLDFGDWH,10300,True,10,
9440,KPGLYWTASG,10300,True,10,
9441,FYPRAWADKS,10300,True,10,
9442,CKPINLTDEV,10300,True,10,
9443,TRPTNFHDWL,10300,True,10,
9444,ASTDLPHNSL,10300,True,10,
9445,HTPYSWTDTW,10300,True,10,
9446,VIPRPVWDSG,10300,True,10,
9447,PHIAHFWDSG,10300,True,10,
9448,FHPSRFMDLG,10300,True,10,
9449,LFWISLWDQH,10300,True,10,
9450,TNPYNWRDSQ,10300,True,10,
9451,LSWSAYIDAH,10300,True,10,
9452,HTVRGVFDHY,10300,True,10,
9453,RMWLAFADWT,10300,True,10,
9454,MTPKQVYDNG,10300,True,10,
9455,LAWASMHDAK,10300,True,10,
9456,WYALHYQDHW,10300,True,10,
9457,VHPSPFWDSA,10300,True,10,
9458,YMPLNMSNMY,10300,True,10,
9459,WMPRQVTASG,10300,True,10,
9460,FEPFRMWDPT,10300,True,10,
9461,FAYRSLFDKF,10300,True,10,
9462,GQPYNVWYEW,10300,True,10,
9463,PCGTMDWHFG,10300,True,10,
9464,VLHFHLWDHV,10300,True,10,
9465,WLPKWIRDVY,10300,True,10,
9466,YTPSGWHDWH,10300,True,10,
9467,FHCTQNTIKD,10300,True,10,
9468,WGPSSHSDGW,10300,True,10,
9469,NHMWHVFDIY,10300,True,10,
9470,CFPLDFMDNG,10300,True,10,
9471,RAPKYLWDGT,10300,True,10,
9472,MPWGSLQDNW,10300,True,10,
9473,FTPLDFYDNH,10300,True,10,
9474,DVPYNWRDER,10300,True,10,
9475,FGPYPMWDAK,10300,True,10,
9476,VAPKWITDVL,10300,True,10,
9477,LTVRAHSDVF,10300,True,10,
9478,YWPNRLSDNK,10300,True,10,
9479,FHYLPLWDPG,10300,True,10,
9480,AHFSELHNWR,10300,True,10,
9481,SEVWRLHDGS,10300,True,10,
9482,AFHFSLYAHS,10300,True,10,
9483,HWPWSILQEQ,10300,True,10,
9484,PYPWAWKDAY,10300,True,10,
9485,HRPHNYWDGA,10300,True,10,
9486,LHMLTRPVYV,10300,True,10,
9487,QFPLDFVDTW,10300,True,10,
9488,YHPVSYWDGR,10300,True,10,
9489,MYPWAWTDHG,10300,True,10,
9490,LTPYTLYDGR,10300,True,10,
9491,FTPSWFADHT,10300,True,10,
9492,GFCPLNFSPQ,10300,True,10,
9493,NHPYTLVDVP,10300,True,10,
9494,EFSWAWRSQL,10300,True,10,
9495,VLWRAFQGTQ,10300,True,10,
9496,PWPRYWRTHT,10300,True,10,
9497,PWPRLYTDVY,10300,True,10,
9498,SHPRTLIDWH,10300,True,10,
9499,DCGEVPINIL,10300,True,10,
9500,NGPWVEVDES,10300,True,10,
9501,CAYPKGIFMH,10300,True,10,
9502,HCPQSWTDHT,10300,True,10,
9503,PYVYNLYDIH,10300,True,10,
9504,MHMRPLWDEW,10300,True,10,
9505,YRAFNFTDAG,10300,True,10,
9506,HYTWALHQHT,10300,True,10,
9507,IETWAWSDPG,10300,True,10,
9508,VAVFGVYDPF,10300,True,10,
9509,YEPLTEWDGF,10300,True,10,
9510,FYPSWITDGT,10300,True,10,
9511,VYHRAMYDHI,10300,True,10,
9512,HWVWPLYDVY,10300,True,10,
9513,QVPYWQTDWH,10300,True,10,
9514,EAGCFEIWYN,10300,True,10,
9515,KFPRAYWDRA,10300,True,10,
9516,RYAWAWSDMA,10300,True,10,
9517,PHVYAVWDRH,10300,True,10,
9518,YVSWAWYGSR,10300,True,10,
9519,HWPSYIADPY,10300,True,10,
9520,ATPKQIHDPY,10300,True,10,
9521,NVPKLLQDST,10300,True,10,
9522,YIPAWFHDNY,10300,True,10,
9523,HEVWGVHAHQ,10300,True,10,
9524,WFIWNFSDEQ,10300,True,10,
9525,HRPRTVHDGW,10300,True,10,
9526,RYARAWFDTY,10300,True,10,
9527,LKGYALHDNG,10300,True,10,
9528,RVPKLWSGEV,10300,True,10,
9529,CWNYPWYTVH,10300,True,10,
9530,LTPRYWSGAH,10300,True,10,
9531,YFGRPMWSPY,10300,True,10,
9532,VYTWPLWDLT,10300,True,10,
9533,RWPKWIRDIY,10300,True,10,
9534,GSVWAVYTAS,10300,True,10,
9535,FYNYSIHDWF,10300,True,10,
9536,YEYMGLYDGL,10300,True,10,
9537,TEPYTLWDHW,10300,True,10,
9538,PYGLHLWDVS,10300,True,10,
9539,AGPYHLVDWY,10300,True,10,
9540,WHVRAWHDPW,10300,True,10,
9541,YHPRLYWDPK,10300,True,10,
9542,HPYWGLWDEA,10300,True,10,
9543,NHYEHYRAIA,10300,True,10,
9544,YTALPFYDIK,10300,True,10,
9545,TLPLWSWDAF,10300,True,10,
9546,SWYMNYDNKG,10300,True,10,
9547,ESYYVGYNPK,10300,True,10,
9548,IESWSWTASG,10300,True,10,
9549,VQPHQFHDTS,10300,True,10,
9550,QMCPIQGYAT,10300,True,10,
9551,HYPLNFSQPY,10300,True,10,
9552,HQPSDLHDGT,10300,True,10,
9553,GLPGSWHDPY,10300,True,10,
9554,FQPRDIWDEH,10300,True,10,
9555,KFPLNWSDSG,10300,True,10,
9556,YWPFNYTDGW,10300,True,10,
9557,DWYGAFVNST,10300,True,10,
9558,WLVQGLTDET,10300,True,10,
9559,PYARAMYDMS,10300,True,10,
9560,YHPRAFHDLY,10300,True,10,
9561,ACHGPDYPIN,10300,True,10,
9562,GTPYNVYDHF,10300,True,10,
9563,RPEKPHRVIH,10300,True,10,
9564,CDPYNFWDVA,10300,True,10,
9565,YAYWSMWDGT,10300,True,10,
9566,HKPHNFYDIA,10300,True,10,
9567,SAPVPYWDHV,10300,True,10,
9568,MDWRAMHDHI,10300,True,10,
9569,GCPRSYHDIF,10300,True,10,
9570,RFPLRVYDEI,10300,True,10,
9571,HKYENYRDTS,10300,True,10,
9572,FRNFPHSAPG,10300,True,10,
9573,HTPRPFTDNH,10300,True,10,
9574,RYPWAFTDVA,10300,True,10,
9575,FMPSKFADPL,10300,True,10,
9576,HSPHLLVDSA,10300,True,10,
9577,YRVYPFQSTW,10300,True,10,
9578,ARVYLLYDVG,10300,True,10,
9579,NIPTNLWDNA,10300,True,10,
9580,YMWCNYQFHF,10300,True,10,
9581,GHVQGIHDAG,10300,True,10,
9582,HNPRNYHDNS,10300,True,10,
9583,IKPHYLYDNQ,10300,True,10,
9584,YWARAMVGHG,10300,True,10,
9585,SYNLPFWDKD,10300,True,10,
9586,FKPWAVHDRG,10300,True,10,
9587,MFVRAHIDRI,10300,True,10,
9588,LTPRYWHDML,10300,True,10,
9589,PTPKLYRDGF,10300,True,10,
9590,WYPMPWYDPI,10300,True,10,
9591,GDEIPMNYRY,10300,True,10,
9592,TFPYGFHDPN,10300,True,10,
9593,ARPVHYWSIT,10300,True,10,
9594,FLPAWLHDVL,10300,True,10,
9595,QLFWSYTDGT,10300,True,10,
9596,HYWQNLWDNV,10300,True,10,
9597,HYPFSYTGKY,10300,True,10,
9598,EMYWSLWDIG,10300,True,10,
9599,SRPLNYADHW,10300,True,10,
9600,YSPRAYVGMG,4761,True,10,
9601,KGPRGMKAQA,4761,True,10,
9602,TMPRGMRAVI,4761,True,10,
9603,QPPRAFRNHG,4761,True,10,
9604,QPPRGVRSHQ,4761,True,10,
9605,MPVRHWSGRA,4761,True,10,
9606,LNPAGMHGNA,4761,True,10,
9607,WAPRGVRARA,4761,True,10,
9608,QPPRGSRALA,4761,True,10,
9609,AYPWGMRSWG,4761,True,10,
9610,GAPRSWRTAS,4761,True,10,
9611,DGPLGYRSVI,4761,True,10,
9612,PVPRPYISNI,4761,True,10,
9613,YRPSGWTASG,4761,True,10,
9614,RHPRSMRANL,4761,True,10,
9615,HMPRGVKAGV,4761,True,10,
9616,APPRSFRGLV,4761,True,10,
9617,YAPRSYTNPT,4761,True,10,
9618,RIPRAVRSLH,4761,True,10,
9619,KRPSGWRAGT,4761,True,10,
9620,AYPRGMRYPG,4761,True,10,
9621,MPVRGMHGVH,4761,True,10,
9622,WMPRGMKGPG,4761,True,10,
9623,QTPRGYTAHW,4761,True,10,
9624,RAPRPFRSLH,4761,True,10,
9625,QGPQGSGVGG,4761,True,10,
9626,ADPRGIRSIT,4761,True,10,
9627,RVPTGLRGTH,4761,True,10,
9628,MPPRSWRATF,4761,True,10,
9629,ADPRGMRGKT,4761,True,10,
9630,MHPRSWIAGI,4761,True,10,
9631,VRPQGVTASG,4761,True,10,
9632,MHPRSYIAGY,4761,True,10,
9633,QWPRSYRGSG,4761,True,10,
9634,KRPAGMRNRA,4761,True,10,
9635,AVPRPVWVIG,4761,True,10,
9636,YWPKGMRTPT,4761,True,10,
9637,AIPRPVIAGA,4761,True,10,
9638,SNPFGMRGIH,4761,True,10,
9639,WPPRSYRGQG,4761,True,10,
9640,SGPRAMVATA,4761,True,10,
9641,SRPRGMRGPG,4761,True,10,
9642,GMPRASMGMY,4761,True,10,
9643,PSPRAVYAKH,4761,True,10,
9644,PNPRAYRGPT,4761,True,10,
9645,YAPRAWRAHS,4761,True,10,
9646,GTPRGSVAIR,4761,True,10,
9647,HPPRSYFAKV,4761,True,10,
9648,PSPRAYIGPR,4761,True,10,
9649,RSPLGITASG,4761,True,10,
9650,QMPRNIRNWL,4761,True,10,
9651,KSPRPYRGWI,4761,True,10,
9652,MKPRGMRTMR,4761,True,10,
9653,VAPRAFRGNT,4761,True,10,
9654,MPPRAFSAKF,4761,True,10,
9655,LDVRGVRSQG,4761,True,10,
9656,GCPFGMRTAS,4761,True,10,
9657,TSPVGMRANW,4761,True,10,
9658,YKPRPMWGEK,4761,True,10,
9659,NGPQGMRAHV,4761,True,10,
9660,SKPRGWISRL,4761,True,10,
9661,MQPRAYRSQA,4761,True,10,
9662,IGPSGWTASG,4761,True,10,
9663,IMPRMLRGRY,4761,True,10,
9664,AWPRGYMAPL,4761,True,10,
9665,RPPKGVKSNR,4761,True,10,
9666,MQPRAVRGFH,4761,True,10,
9667,MKPSGYKGVS,4761,True,10,
9668,GQPRGIRVKQ,4761,True,10,
9669,PQPLGYRGIR,4761,True,10,
9670,MPPRGSLSMV,4761,True,10,
9671,AKPMGMRSKR,4761,True,10,
9672,HMPLGYRGNV,4761,True,10,
9673,EWPSGMRSAG,4761,True,10,
9674,GPPRMLMSPG,4761,True,10,
9675,RFPRPFYGQG,4761,True,10,
9676,LQPRAYRGMS,4761,True,10,
9677,RMPRSYRGPH,4761,True,10,
9678,MSPRWLRSQH,4761,True,10,
9679,GRPRSYMATG,4761,True,10,
9680,PRPRGHTSTL,4761,True,10,
9681,FSPRGMRAGT,4761,True,10,
9682,DPARAMHGTS,4761,True,10,
9683,YIPRAFIGHI,4761,True,10,
9684,YRPRGYRNTK,4761,True,10,
9685,MEPRNYRGPL,4761,True,10,
9686,HIPRPYVAGI,4761,True,10,
9687,ANPRGMRTGV,4761,True,10,
9688,MYPRSYRAIR,4761,True,10,
9689,GAPRSMRVMG,4761,True,10,
9690,SQPRAVMAMG,4761,True,10,
9691,YQPRAFRGPY,4761,True,10,
9692,YSPSGWRAGL,4761,True,10,
9693,YFPLGFRGNT,4761,True,10,
9694,PSPRAYWANI,4761,True,10,
9695,KMPRGVKGKA,4761,True,10,
9696,AGPRSWRSTS,4761,True,10,
9697,PGPSGWFGRG,4761,True,10,
9698,GNPRGMHTAS,4761,True,10,
9699,TQPSGWTASG,4761,True,10,
9700,TKPQGMWNMR,4761,True,10,
9701,SQPRNYIVPY,4761,True,10,
9702,TGPSGWRANT,4761,True,10,
9703,MPPRAFRGLG,4761,True,10,
9704,FKPMAYRGPT,4761,True,10,
9705,VMPRAFRGPY,4761,True,10,
9706,STPKGMQGVG,4761,True,10,
9707,KPPAGVRTHV,4761,True,10,
9708,FMPRAFTGQR,4761,True,10,
9709,GKPRGMKAPG,4761,True,10,
9710,EYPRGMRDAR,4761,True,10,
9711,MRPRSYISGI,4761,True,10,
9712,YIPRAFRGES,4761,True,10,
9713,ITPRSFTSMS,4761,True,10,
9714,SRPRPYRGIH,4761,True,10,
9715,ARPSGWTASG,4761,True,10,
9716,FYPRAFRAMA,4761,True,10,
9717,SVPRGVRDMR,4761,True,10,
9718,TFPRSWRAMG,4761,True,10,
9719,RIPRGQRARW,4761,True,10,
9720,GAPRGVRTAS,4761,True,10,
9721,QIPRPYRAHT,4761,True,10,
9722,MSPRAHMAGL,4761,True,10,
9723,NDPRGMRTRW,4761,True,10,
9724,KMPSGWRTSY,4761,True,10,
9725,TPPRAYRGTG,4761,True,10,
9726,TWPAGMRSIS,4761,True,10,
9727,MAPRAFRGAK,4761,True,10,
9728,ATPRGPTSQG,4761,True,10,
9729,LWPGSFRSML,4761,True,10,
9730,SQPSGWMAQY,4761,True,10,
9731,NAPRAVTGHR,4761,True,10,
9732,TGPGGMHAYH,4761,True,10,
9733,TRPRGSTASG,4761,True,10,
9734,MLCPFIHVTR,4761,True,10,
9735,PMPRWIMGEW,4761,True,10,
9736,MVPRGVRGNY,4761,True,10,
9737,FSPRAFRGLH,4761,True,10,
9738,PQPRSYRGTL,4761,True,10,
9739,TYPRASWAKT,4761,True,10,
9740,APPRAIRGMH,4761,True,10,
9741,GSPRSLRGGF,4761,True,10,
9742,WAPRGVTASG,4761,True,10,
9743,HSPRMLISMT,4761,True,10,
9744,MWPRGQRTLR,4761,True,10,
9745,SCPWGMRSNF,4761,True,10,
9746,PMPRSYRGHQ,4761,True,10,
9747,IAPRSWTASG,4761,True,10,
9748,PQPRSWRAKV,4761,True,10,
9749,ATPRGQRGQW,4761,True,10,
9750,SMPMHMRGLR,4761,True,10,
9751,SAPRMLRGVG,4761,True,10,
9752,GLPRAFQTAS,4761,True,10,
9753,KNPRGVMSGR,4761,True,10,
9754,HAPSGWRALT,4761,True,10,
9755,IQPRGYRGES,4761,True,10,
9756,DGPGNMRSTA,4761,True,10,
9757,IDPRGMKARY,4761,True,10,
9758,TPPRSLKSGG,4761,True,10,
9759,RKPSGWRVST,4761,True,10,
9760,VPPRGVFVPG,4761,True,10,
9761,FQPVPFRGWY,4761,True,10,
9762,FPPRAFTGNQ,4761,True,10,
9763,ALPTGLIANA,4761,True,10,
9764,ATPRSWTASG,4761,True,10,
9765,KPPSGVRANT,4761,True,10,
9766,ITPRGNTGIK,4761,True,10,
9767,QCPRAYRGIR,4761,True,10,
9768,MVPRGMRVHG,4761,True,10,
9769,MVPRGIHVQG,4761,True,10,
9770,FIPSGWRAGR,4761,True,10,
9771,REPLGYRGPY,4761,True,10,
9772,RSPSGFQAHH,4761,True,10,
9773,LGPQGMRTQT,4761,True,10,
9774,STAHGILSKF,4761,True,10,
9775,MWVLGRASQS,4761,True,10,
9776,MHPRGMRAVY,4761,True,10,
9777,GPPRAFRGIY,4761,True,10,
9778,GRPRGYRSIH,4761,True,10,
9779,AVPRGVRGQG,4761,True,10,
9780,GRPRSMRTAS,4761,True,10,
9781,KMPLGYRGPH,4761,True,10,
9782,IQPRSWRGHT,4761,True,10,
9783,MQPRGVRARA,4761,True,10,
9784,KFPAGMRGMH,4761,True,10,
9785,MGPSGFRAMT,4761,True,10,
9786,GIPRPIFAPG,4761,True,10,
9787,MMPRAYIAPL,4761,True,10,
9788,QMPRSYRGKI,4761,True,10,
9789,LPPSGWTASG,4761,True,10,
9790,ESPIGMRSAH,4761,True,10,
9791,MSPRWIMAQY,4761,True,10,
9792,QNPRGMRAPA,4761,True,10,
9793,NIPAGMHSNV,4761,True,10,
9794,VMPRAFRGHI,4761,True,10,
9795,AKPSGWRNMG,4761,True,10,
9796,TPPKAIMSGT,4761,True,10,
9797,PKPSGVKSKV,4761,True,10,
9798,GEPRSWRAIH,4761,True,10,
9799,RTPKGMRGAR,4761,True,10,
9800,RNPRGMTASG,4761,True,10,
9801,ATPYGWRAHK,4761,True,10,
9802,LMPRGVWSQV,4761,True,10,
9803,HLPRAVRGEG,4761,True,10,
9804,PNPAGMRGIG,4761,True,10,
9805,GYPRGMRTAS,4761,True,10,
9806,IPVRMLIGPF,4761,True,10,
9807,VVPRGQMGYR,4761,True,10,
9808,TKPRGYRAIF,4761,True,10,
9809,RHPRGVRAMI,4761,True,10,
9810,MYPLGMRSKG,4761,True,10,
9811,IVPRPVRSTH,4761,True,10,
9812,VTPSGWIAVQ,4761,True,10,
9813,ACPRSWRSLK,4761,True,10,
9814,LTPRGWQSRG,4761,True,10,
9815,MAPRSYKGMG,4761,True,10,
9816,KGPRGITASG,4761,True,10,
9817,HPPRAFVASR,4761,True,10,
9818,MRPRGVTASG,4761,True,10,
9819,PFPRAFRGVF,4761,True,10,
9820,MAPRGMRSNG,4761,True,10,
9821,MFPIGIRSPI,4761,True,10,
9822,NTPRSWYTIG,4761,True,10,
9823,CDPFGMRTAV,4761,True,10,
9824,TMPRAVTASG,4761,True,10,
9825,KQARGIKAWR,4761,True,10,
9826,SHPRAFRGPV,4761,True,10,
9827,EYPQGMRTRT,4761,True,10,
9828,HYPRAFIAWY,4761,True,10,
9829,VQPRGSYGRG,4761,True,10,
9830,LMPRAFMGSR,4761,True,10,
9831,MLPMGVRTEW,4761,True,10,
9832,VMPRAFRGHF,4761,True,10,
9833,PYPRAFRAPS,4761,True,10,
9834,LQPRAYRGIY,4761,True,10,
9835,IRPRGQTGSA,4761,True,10,
9836,QGPQGVRAPF,4761,True,10,
9837,QHPSGYRGLH,4761,True,10,
9838,MGPYGMRGQA,4761,True,10,
9839,GMPRAFRGMT,4761,True,10,
9840,ATPQGMRSYA,4761,True,10,
9841,MQPRGMRTRL,4761,True,10,
9842,VNPAGMYSGA,4761,True,10,
9843,MGPRAFIGKH,4761,True,10,
9844,GWPRGMRTAS,4761,True,10,
9845,QGPMGMRGHR,4761,True,10,
9846,PVPRGQAGQR,4761,True,10,
9847,MTPKGMRSDY,4761,True,10,
9848,ASPRGMKGKI,4761,True,10,
9849,RSPRSYRSGI,4761,True,10,
9850,LAPRGFHNVT,4761,True,10,
9851,YIPRAVIVGR,4761,True,10,
9852,TMPRGMRGWT,4761,True,10,
9853,RMPIGIRSNF,4761,True,10,
9854,QMPIGIHSQY,4761,True,10,
9855,MMPRSYQGRL,4761,True,10,
9856,WKPAGSISKR,4761,True,10,
9857,VIPRAFRAGK,4761,True,10,
9858,GWPLGYRGKT,4761,True,10,
9859,RMPRGVKARG,4761,True,10,
9860,YQPQGMRGTG,4761,True,10,
9861,MRPRGWTSMQ,4761,True,10,
9862,GVPRGFRTAS,4761,True,10,
9863,AYPSGWRANS,4761,True,10,
9864,FRPSGFTATG,4761,True,10,
9865,MSPRMMRGNQ,4761,True,10,
9866,MGPWGVQATR,4761,True,10,
9867,SQPIPMWGPF,4761,True,10,
9868,NPPLGMRGVY,4761,True,10,
9869,PDPQGFRGER,4761,True,10,
9870,SRPVGMRSEV,4761,True,10,
9871,MFPRGMRGTI,4761,True,10,
9872,PGPSGVIARS,4761,True,10,
9873,GTVRGMTASG,4761,True,10,
9874,LAPRSWLGHR,4761,True,10,
9875,RPPRPFMAGR,4761,True,10,
9876,MQPRGVTASG,4761,True,10,
9877,GSPRMLYSIA,4761,True,10,
9878,VAPRSWIAVI,4761,True,10,
9879,SAPLGVKSHW,4761,True,10,
9880,KYPRGNRSGQ,4761,True,10,
9881,VAPMGMRSPG,4761,True,10,
9882,GHPRGFRSWI,4761,True,10,
9883,GQPRGVTSAH,4761,True,10,
9884,WLPRAWIGPY,4761,True,10,
9885,HSPRGVRSVI,4761,True,10,
9886,RIPRGMHNRI,4761,True,10,
9887,WLPRAVKGVG,4761,True,10,
9888,YMPSGFKGQA,4761,True,10,
9889,VLPRSWRGNL,4761,True,10,
9890,PMPRQITASG,4761,True,10,
9891,AMPMGMRGWA,4761,True,10,
9892,TAPRGRTASG,4761,True,10,
9893,MQPLGVTASG,4761,True,10,
9894,MFPAGMTSRG,4761,True,10,
9895,GPPRGVTSRT,4761,True,10,
9896,REPSGMRGST,4761,True,10,
9897,TVPRAWIGPW,4761,True,10,
9898,ISPRAYKSVG,4761,True,10,
9899,YQPRSYRGPI,4761,True,10,
9900,NAPRGVRSGR,4761,True,10,
9901,AVPRGVYASR,4761,True,10,
9902,QLPRASTGVH,4761,True,10,
9903,EVPSGFRAGH,4761,True,10,
9904,ATPRGQTASG,4761,True,10,
9905,IRPMGMKTSI,4761,True,10,
9906,MSPRMLAGRG,4761,True,10,
9907,RSPRPIFAQA,4761,True,10,
9908,KMPRGIHSNK,4761,True,10,
9909,WLPRAFRGVG,4761,True,10,
9910,RMPRGMVGQA,4761,True,10,
9911,KIPSGVRGAY,4761,True,10,
9912,LAPRSWRAGI,4761,True,10,
9913,QMPRGQTASG,4761,True,10,
9914,RFPRPFTGRL,4761,True,10,
9915,GAPRAIRSGY,4761,True,10,
9916,VFPQGFRSEG,4761,True,10,
9917,AMPRGMRTMI,4761,True,10,
9918,YPPRGMRSMG,4761,True,10,
9919,KQPRSYFGPQ,4761,True,10,
9920,GLPRAFRSGI,4761,True,10,
9921,LFPRGVKSQY,4761,True,10,
9922,GHPSLYIGVT,4761,True,10,
9923,VYPAGMRSIR,4761,True,10,
9924,HMPKGMRAMF,4761,True,10,
9925,VAPRSWRAIA,4761,True,10,
9926,GFPRGVMAQG,4761,True,10,
9927,KRPRPFTASG,4761,True,10,
9928,KAPLGQRDGG,4761,True,10,
9929,TVPSWITASG,4761,True,10,
9930,GRPRAMHGNF,4761,True,10,
9931,KMPRGMRGMA,4761,True,10,
9932,VMPFGMAGQS,4761,True,10,
9933,TAPRAFTGMG,4761,True,10,
9934,NMPSGFWSGK,4761,True,10,
9935,RQPRSYRGAR,4761,True,10,
9936,FVPRPFIAPG,4761,True,10,
9937,MLPRGNRARI,4761,True,10,
9938,AYPRGMRTAS,4761,True,10,
9939,MRPRGSMAMV,4761,True,10,
9940,MTRHLRSTPY,4761,True,10,
9941,QRPRGNRAYI,4761,True,10,
9942,HGPLGQRGTR,4761,True,10,
9943,TMPRGVYGPR,4761,True,10,
9944,GKPRGVRSNG,4761,True,10,
9945,ELPLGVRASG,4761,True,10,
9946,KSPRGWIKAH,4761,True,10,
9947,VPPRAVTASG,4761,True,10,
9948,MEPRGRGVIR,4761,True,10,
9949,MAPKGMRTQT,4761,True,10,
9950,GMPRGYRGWG,4761,True,10,
9951,MHPRGYRANR,4761,True,10,
9952,EAPRSYIGPG,4761,True,10,
9953,SFPRAFRNGS,4761,True,10,
9954,QPRVRRSAPQ,4761,True,10,
9955,VQPRAFIGHS,4761,True,10,
9956,RTPRGMWYRF,4761,True,10,
9957,GKPMGMRTAS,4761,True,10,
9958,SAPRGQRGKS,4761,True,10,
9959,LTPRGQTGVY,4761,True,10,
9960,LEPRPYAGRI,4761,True,10,
9961,MKPAGMRGEH,4761,True,10,
9962,DRPRGYRGTG,4761,True,10,
9963,HVPRGVRANF,4761,True,10,
9964,KMPRPILGRG,4761,True,10,
9965,SGPRAYRSTA,4761,True,10,
9966,KNPRGMRGQA,4761,True,10,
9967,YLPRSYKGRT,4761,True,10,
9968,QAPRGVRASY,4761,True,10,
9969,GMPRASRSAW,4761,True,10,
9970,GIPQSWRTAS,4761,True,10,
9971,PMPRAFRGPR,4761,True,10,
9972,FSPRMLAGWA,4761,True,10,
9973,AYPRAFYGSL,4761,True,10,
9974,PAPRGVTASG,4761,True,10,
9975,TGPSGWRTAV,4761,True,10,
9976,PGPRSYMGHS,4761,True,10,
9977,YFPLGMKGRS,4761,True,10,
9978,VTPRAFMSMK,4761,True,10,
9979,TMPSGFRSGV,4761,True,10,
9980,RMPSGWRALG,4761,True,10,
9981,GAPRASRGVA,4761,True,10,
9982,RYPRSYTGMA,4761,True,10,
9983,QRPRPFTGTR,4761,True,10,
9984,SMPLGYKSLR,4761,True,10,
9985,KMPRGWRNLY,4761,True,10,
9986,MGPSGFRSGR,4761,True,10,
9987,QSPRGWTASG,4761,True,10,
9988,CRPAGVKGKL,4761,True,10,
9989,TMPRGMRSMA,4761,True,10,
9990,VPPRAFRSNG,4761,True,10,
9991,YGPRSYIARH,4761,True,10,
9992,KIPRPVRGVG,4761,True,10,
9993,NRPRGYRGMG,4761,True,10,
9994,LPARGWTASG,4761,True,10,
9995,APARGIVAVF,4761,True,10,
9996,MSPRLYRSPR,4761,True,10,
9997,NAPSGFRASQ,4761,True,10,
9998,MKPRGVSAGT,4761,True,10,
9999,KGPKGMRSPF,4761,True,10,
10000,GRPRGVTVPG,7265,True,10,
10001,HMPSGWTASG,7265,True,10,
10002,LQPSGWRSIS,7265,True,10,
10003,GIPFPFWSPG,7265,True,10,
10004,QRPQGVRSGR,7265,True,10,
10005,LAPRAVLSQT,7265,True,10,
10006,EPPLGVRGMK,7265,True,10,
10007,HPPRNFTGAG,7265,True,10,
10008,QMPSGVTGNG,7265,True,10,
10009,QRPRGVYGPK,7265,True,10,
10010,QAPVGFRGPY,7265,True,10,
10011,VAPSGVWGNG,7265,True,10,
10012,MYPSGSTGRG,7265,True,10,
10013,SEPRNVRAGT,7265,True,10,
10014,QRPSGWRTRY,7265,True,10,
10015,YGPSGWRGQR,7265,True,10,
10016,MGPQGVISTR,7265,True,10,
10017,QVPLGQRGKG,7265,True,10,
10018,LAPRSMWGRQ,7265,True,10,
10019,GQPSGVTGWA,7265,True,10,
10020,QSPRGVRALS,7265,True,10,
10021,GSPRGVSTAS,7265,True,10,
10022,RSPRGVYGLG,7265,True,10,
10023,MRPSGFRGTQ,7265,True,10,
10024,HPPRGSRGVG,7265,True,10,
10025,LARSARSAQV,7265,True,10,
10026,DQPRAVMSNR,7265,True,10,
10027,RVPQAVRGNH,7265,True,10,
10028,SHPGAMRGTG,7265,True,10,
10029,QGPSGWTASG,7265,True,10,
10030,PMPRSYRGIQ,7265,True,10,
10031,SPPHGSGGMQ,7265,True,10,
10032,MQPRGVRSPH,7265,True,10,
10033,RVPVQMRGVS,7265,True,10,
10034,PNPSGMRGNT,7265,True,10,
10035,RIPWAVKAHR,7265,True,10,
10036,NMPSGWTGNQ,7265,True,10,
10037,RTPSGFLGTG,7265,True,10,
10038,GAPRSFTGPR,7265,True,10,
10039,AFPSGNRGMT,7265,True,10,
10040,GQPRGMRGKG,7265,True,10,
10041,MAPWGVQSMI,7265,True,10,
10042,AMPVQMLGMG,7265,True,10,
10043,TVPSAVRSRG,7265,True,10,
10044,GVPRAVASRG,7265,True,10,
10045,NRPHGMTSAK,7265,True,10,
10046,WRPKGARAKR,7265,True,10,
10047,SGPSGWKGTA,7265,True,10,
10048,GVPRGVRGQH,7265,True,10,
10049,TRPSGWTGQH,7265,True,10,
10050,HPVHAFHGTR,7265,True,10,
10051,ERPSWIRARA,7265,True,10,
10052,LQPSGFRGIH,7265,True,10,
10053,PTPRGQFSQI,7265,True,10,
10054,HMPGGQRGMI,7265,True,10,
10055,STPKNMRGIF,7265,True,10,
10056,TMPSGFRGNL,7265,True,10,
10057,VPPRGWTASG,7265,True,10,
10058,TATGNLRGPY,7265,True,10,
10059,TRPSGVYGRS,7265,True,10,
10060,GPPRSYIGRS,7265,True,10,
10061,GAPSGVYGHR,7265,True,10,
10062,HVPSGVRAPQ,7265,True,10,
10063,IVPRGQRAPG,7265,True,10,
10064,GAPRAVRGHH,7265,True,10,
10065,TVPRGQISNG,7265,True,10,
10066,RAPVGVQSNT,7265,True,10,
10067,HGPSGVRGWH,7265,True,10,
10068,GSPSGVRTAS,7265,True,10,
10069,NQPRGVTASG,7265,True,10,
10070,DFPSGWRTGY,7265,True,10,
10071,EPPFGFRGQH,7265,True,10,
10072,VSPRAVYGAG,7265,True,10,
10073,HAPSGFGAMH,7265,True,10,
10074,PRPRGVTASG,7265,True,10,
10075,KVPRGVHGRG,7265,True,10,
10076,TQPRGVKNPG,7265,True,10,
10077,AMPSGVRNVY,7265,True,10,
10078,FRPRGVTGSR,7265,True,10,
10079,PGPEGPRAQY,7265,True,10,
10080,GRPRSYRGWG,7265,True,10,
10081,GSPSGVTSVA,7265,True,10,
10082,VFPQGSNARQ,7265,True,10,
10083,PAPRSQTASG,7265,True,10,
10084,SPPHGFRGWQ,7265,True,10,
10085,VHPWSYQANR,7265,True,10,
10086,RAPSGVQSGT,7265,True,10,
10087,TGPYGMRGVG,7265,True,10,
10088,GHPSGFAGIG,7265,True,10,
10089,AMPSGWTNKI,7265,True,10,
10090,MEPFGFQSGF,7265,True,10,
10091,SGPAGFNGTA,7265,True,10,
10092,SMPSGWTGKR,7265,True,10,
10093,TVPVPQRGQH,7265,True,10,
10094,RNPSGSQGQK,7265,True,10,
10095,QGPRGRTGAG,7265,True,10,
10096,SMPSGWRAGR,7265,True,10,
10097,PRPRGQNGPG,7265,True,10,
10098,NQPRGVRNSG,7265,True,10,
10099,TRPRGVTASG,7265,True,10,
10100,MSRNRRAVPR,7265,True,10,
10101,ISPMRTISNH,7265,True,10,
10102,GYPRAFRGIR,7265,True,10,
10103,RVPVPMWNMR,7265,True,10,
10104,FKPVGQRSIG,7265,True,10,
10105,GSVMGVRTAS,7265,True,10,
10106,RAPSGDRGHR,7265,True,10,
10107,IRPSGWRSQI,7265,True,10,
10108,QTPRGVVSRA,7265,True,10,
10109,GSPSGWRTAS,7265,True,10,
10110,PGRSLRTSVT,7265,True,10,
10111,GMPSGWVAIR,7265,True,10,
10112,MVPRGVAGPR,7265,True,10,
10113,VMPWGQSGNR,7265,True,10,
10114,SPPHGMHGIV,7265,True,10,
10115,QAPAGVRGWI,7265,True,10,
10116,GIPLGVRAPR,7265,True,10,
10117,VKPSGVTGHV,7265,True,10,
10118,GYPSASGANR,7265,True,10,
10119,QFPAGFSGVA,7265,True,10,
10120,VHPRDFIGPR,7265,True,10,
10121,HQPAGVRGVR,7265,True,10,
10122,HQPGWSRGRQ,7265,True,10,
10123,HSPWFWRGKQ,7265,True,10,
10124,TSPSGWTASG,7265,True,10,
10125,EQPRGVRGSG,7265,True,10,
10126,FYPSGMRNPH,7265,True,10,
10127,EKPAGHRSGS,7265,True,10,
10128,VQPRSYIGPH,7265,True,10,
10129,FAPSGVTASG,7265,True,10,
10130,VSPRGVTASG,7265,True,10,
10131,WSPSGVNGPG,7265,True,10,
10132,YTPSGVRGAF,7265,True,10,
10133,SGPSGVHSTA,7265,True,10,
10134,TIPRAVSGSG,7265,True,10,
10135,PHPGRFRNLT,7265,True,10,
10136,EAPKGVTGHR,7265,True,10,
10137,MRPSGVASRG,7265,True,10,
10138,DQPRGVKAGR,7265,True,10,
10139,LPPRAFSGKG,7265,True,10,
10140,PHPSGWRGMW,7265,True,10,
10141,IAPSGWTAGV,7265,True,10,
10142,KGPAGQRGVS,7265,True,10,
10143,PGPSGSRVTG,7265,True,10,
10144,PQPRGQRGSH,7265,True,10,
10145,TSPRAVHSNG,7265,True,10,
10146,FRPLGQVSRH,7265,True,10,
10147,HSPRSYRGWS,7265,True,10,
10148,TGPSGRSGVR,7265,True,10,
10149,AVPQGVRGVY,7265,True,10,
10150,VYPQGSGGRP,7265,True,10,
10151,QAPAGFHGWH,7265,True,10,
10152,TVPRSWAGRG,7265,True,10,
10153,GRPSGMRGMT,7265,True,10,
10154,PWPSGSRGGW,7265,True,10,
10155,GNPQGFRGQG,7265,True,10,
10156,GAPRAFRNMK,7265,True,10,
10157,LMPLGFRGQG,7265,True,10,
10158,LPVYGMRGVR,7265,True,10,
10159,HIPRGQHGIV,7265,True,10,
10160,LMPSGFRGIT,7265,True,10,
10161,GSPRGVTASG,7265,True,10,
10162,GAPRSFTASG,7265,True,10,
10163,KSPRPYMGKL,7265,True,10,
10164,MVPRGVRSPY,7265,True,10,
10165,HGPSGVRGRQ,7265,True,10,
10166,VFPSGWRTVY,7265,True,10,
10167,RVPKGVRSRH,7265,True,10,
10168,KVPRGVHAGW,7265,True,10,
10169,HPPSGWKGPI,7265,True,10,
10170,QLPRAVHGSR,7265,True,10,
10171,GTPRGQYGGK,7265,True,10,
10172,VSPKGVRSGG,7265,True,10,
10173,DMPSGVRGKR,7265,True,10,
10174,GQPSGFTASG,7265,True,10,
10175,VAWGNMSGRA,7265,True,10,
10176,GRPRSMTGTK,7265,True,10,
10177,STPSGMTGRG,7265,True,10,
10178,EMPSGVFGST,7265,True,10,
10179,VQPVGVRGQG,7265,True,10,
10180,QGPSGVRSPV,7265,True,10,
10181,EGPHPLYAHT,7265,True,10,
10182,PGPRAIRVTR,7265,True,10,
10183,GMPLGVQGWG,7265,True,10,
10184,WVPRGVKGET,7265,True,10,
10185,TVPKGSTGWI,7265,True,10,
10186,GDPRGVGGSR,7265,True,10,
10187,WGPQGVRGTR,7265,True,10,
10188,ASPRGFYGRQ,7265,True,10,
10189,SMPAGQSGEG,7265,True,10,
10190,VPPSGVYGIH,7265,True,10,
10191,QTPIGQHGQG,7265,True,10,
10192,GQPSGWRSNV,7265,True,10,
10193,RSPSDMLGPL,7265,True,10,
10194,GLPTAFHGTY,7265,True,10,
10195,SGPQGVRGTA,7265,True,10,
10196,EGPSGKRGHF,7265,True,10,
10197,GPVYGQPARI,7265,True,10,
10198,ASPYGMRGIH,7265,True,10,
10199,TPPSGWAGLG,7265,True,10,
10200,MFPAGVHGSG,7265,True,10,
10201,VTPSGWRAGQ,7265,True,10,
10202,LPRQMRSLSV,7265,True,10,
10203,STPNWVISNR,7265,True,10,
10204,YMPRGMRGQH,7265,True,10,
10205,RGPAGVRGTG,7265,True,10,
10206,ATPRGVTGMR,7265,True,10,
10207,GMPSGFTASG,7265,True,10,
10208,WQPRGQRAMF,7265,True,10,
10209,VGPSGFHGSH,7265,True,10,
10210,SVPSGVRARQ,7265,True,10,
10211,AGPSGFTNTQ,7265,True,10,
10212,HQPQGMRGIY,7265,True,10,
10213,AHPSAMRGWF,7265,True,10,
10214,SMPSGFRGQS,7265,True,10,
10215,TPPSWVRGAH,7265,True,10,
10216,LAPGAFCGPI,7265,True,10,
10217,AVDYGQSVYP,7265,True,10,
10218,KQPRGVASWR,7265,True,10,
10219,AVPSGVAGPL,7265,True,10,
10220,PAPRASRGTL,7265,True,10,
10221,LGPRAVKAVF,7265,True,10,
10222,RVPVGVRNGR,7265,True,10,
10223,RTPAGMRGNT,7265,True,10,
10224,RGPEWMRGAK,7265,True,10,
10225,PQPRAVSAGR,7265,True,10,
10226,VSPRAFHGIG,7265,True,10,
10227,QHPRSQRAEA,7265,True,10,
10228,GRPSGWRTAS,7265,True,10,
10229,GVPSGVTASG,7265,True,10,
10230,ATPAGQNGRT,7265,True,10,
10231,AGPKGNRGTG,7265,True,10,
10232,PSPRAYRGTR,7265,True,10,
10233,GVPSGVAGMR,7265,True,10,
10234,GMPGGVRGEG,7265,True,10,
10235,VQPRGVFSTR,7265,True,10,
10236,NSPLGVNGQV,7265,True,10,
10237,WAPRAFTGKH,7265,True,10,
10238,RHPSAVTGQR,7265,True,10,
10239,WVPSGVKGSR,7265,True,10,
10240,TSPSGWRGMG,7265,True,10,
10241,IPPASWRGNS,7265,True,10,
10242,SLPRAVRGSG,7265,True,10,
10243,AQPRAVAGPR,7265,True,10,
10244,TPPSGNRAKG,7265,True,10,
10245,GKPRGVRGSV,7265,True,10,
10246,GSPGSMRNRQ,7265,True,10,
10247,VQPSGVTGWH,7265,True,10,
10248,VQPRGSYGKR,7265,True,10,
10249,RIPASYQGSR,7265,True,10,
10250,SNPQGVRGRG,7265,True,10,
10251,YAPSGWTASG,7265,True,10,
10252,HQPSGKTASG,7265,True,10,
10253,GSPRGVAGPG,7265,True,10,
10254,HAPSGVWQWR,7265,True,10,
10255,SMPRGVTASG,7265,True,10,
10256,KGPSGWTASG,7265,True,10,
10257,MGPGMMRGTR,7265,True,10,
10258,VSPIQVRGTH,7265,True,10,
10259,SRPRGVSNHG,7265,True,10,
10260,TIPHAFRAQR,7265,True,10,
10261,TGPSGWTATH,7265,True,10,
10262,RMPRQVMGRG,7265,True,10,
10263,PGPRAVRGWA,7265,True,10,
10264,VAPAGVRGVG,7265,True,10,
10265,RGPGSYHGRG,7265,True,10,
10266,TVPQAVRSQR,7265,True,10,
10267,KGPSGWTASG,7265,True,10,
10268,GVPRGVSTGR,7265,True,10,
10269,HQPTGMRAMQ,7265,True,10,
10270,CIPRASMGTG,7265,True,10,
10271,QHPSGWTASG,7265,True,10,
10272,PMPRSFRGIH,7265,True,10,
10273,GQPAGVTGHA,7265,True,10,
10274,TVPRAVAGVW,7265,True,10,
10275,QNPSGWRAIK,7265,True,10,
10276,GQPVPFQGNG,7265,True,10,
10277,SPPRGVRGVA,7265,True,10,
10278,MRPTGMTGHY,7265,True,10,
10279,GIPMAHIGAH,7265,True,10,
10280,RMPGSMVGAG,7265,True,10,
10281,GAPAGVRGTQ,7265,True,10,
10282,NAPSAFYGSA,7265,True,10,
10283,AFPAGFRSNV,7265,True,10,
10284,QIPRGVHSQR,7265,True,10,
10285,KQPAGVRTMH,7265,True,10,
10286,EQPSGMWGQA,7265,True,10,
10287,LAGRPLSGLR,7265,True,10,
10288,MQPAGVKGVT,7265,True,10,
10289,KTPSGWRNIK,7265,True,10,
10290,TDPSGWTGVK,7265,True,10,
10291,MRPSGVTASG,7265,True,10,
10292,ATPSGQRGNQ,7265,True,10,
10293,APRIRRTFTG,7265,True,10,
10294,THPSGWIGPS,7265,True,10,
10295,PGPHGMRGSK,7265,True,10,
10296,VIPRPVWSRK,7265,True,10,
10297,STPSGNFGIG,7265,True,10,
10298,PMPRGQKGQI,7265,True,10,
10299,QMPHGMTNRG,7265,True,10,
10300,GSPRAFRGPR,7265,True,10,
10301,GSPLGLKQAG,7265,True,10,
10302,THPSGWTGMG,7265,True,10,
10303,TPPSGWTSRV,7265,True,10,
10304,ITPSGVRGPF,7265,True,10,
10305,AAPAGMRGMR,7265,True,10,
10306,AQPHGSGGIT,7265,True,10,
10307,RAPSGMRSKR,7265,True,10,
10308,AKTPSQWAIG,7265,True,10,
10309,HTPSGWRTGW,7265,True,10,
10310,MRPSGWRNRL,7265,True,10,
10311,PVPHGVTGLR,7265,True,10,
10312,SPPSGFVGMG,7265,True,10,
10313,RGPSGWTAHA,7265,True,10,
10314,EVPKGVRVGH,7265,True,10,
10315,KSPAGVRGPR,7265,True,10,
10316,PSPRASRGQR,7265,True,10,
10317,MQPRGVKGKG,7265,True,10,
10318,GAPRGSWGMI,7265,True,10,
10319,RGPSGWQVIS,7265,True,10,
10320,GAPRGVRTAS,7265,True,10,
10321,MKPSGMRGPV,7265,True,10,
10322,RVPVPMTGPY,7265,True,10,
10323,AVPSGVRSAG,7265,True,10,
10324,RKPAGVRNHA,7265,True,10,
10325,PAPQGVRQPR,7265,True,10,
10326,AGPHGFRSQH,7265,True,10,
10327,IGPSGSQGRS,7265,True,10,
10328,PVPRGVRATG,7265,True,10,
10329,IVPAGVFASR,7265,True,10,
10330,ISPHGVRSTF,7265,True,10,
10331,AGPGGMRGPT,7265,True,10,
10332,VGPSGVGSRV,7265,True,10,
10333,VKPSGVRGWR,7265,True,10,
10334,NTPSGNRGKG,7265,True,10,
10335,FSPLGQRAGH,7265,True,10,
10336,PAPRSWTASG,7265,True,10,
10337,QTPSGWTAGK,7265,True,10,
10338,AVPSGVTASG,7265,True,10,
10339,QSPRGVLALG,7265,True,10,
10340,MLPTGLHSMG,7265,True,10,
10341,RYPRSYRGQT,7265,True,10,
10342,NKPAGVRGQT,7265,True,10,
10343,IGPSGWRAQH,7265,True,10,
10344,MPPSGFRGPA,7265,True,10,
10345,VGPSGFRGPS,7265,True,10,
10346,MQPRGVWGRA,7265,True,10,
10347,RGPSGWRALI,7265,True,10,
10348,FPPSGMRGMG,7265,True,10,
10349,RMPSGVRAKR,7265,True,10,
10350,GAPRGVTASG,7265,True,10,
10351,RPPSGVRANV,7265,True,10,
10352,STPTGMRGVH,7265,True,10,
10353,NSPSGWRGSG,7265,True,10,
10354,AQPHGVRGAH,7265,True,10,
10355,QGPSGVHGHR,7265,True,10,
10356,GMPRAQTGAN,7265,True,10,
10357,YRPSGMRGIS,7265,True,10,
10358,SRPGWLSGNI,7265,True,10,
10359,ESPRGVKSRA,7265,True,10,
10360,GHPSGMRGWG,7265,True,10,
10361,MAPSGWTASG,7265,True,10,
10362,TSPVQMHGLA,7265,True,10,
10363,GTPSGWRSER,7265,True,10,
10364,MVPHGFRGSR,7265,True,10,
10365,IRPSGRGADR,7265,True,10,
10366,NQPSGMRGPQ,7265,True,10,
10367,MRPSGVTASG,7265,True,10,
10368,SGPRSYRGTA,7265,True,10,
10369,PRPRGVRGNG,7265,True,10,
10370,FAPAGFRGHK,7265,True,10,
10371,GQPRGVRASG,7265,True,10,
10372,TQPQGMAGNA,7265,True,10,
10373,GNPSGVTGRY,7265,True,10,
10374,ATPGASPGLR,7265,True,10,
10375,GMPRGVRSQA,7265,True,10,
10376,TVPRGSYGGR,7265,True,10,
10377,RTPYGQMGKG,7265,True,10,
10378,KVPRGSYGHI,7265,True,10,
10379,PRPQGVRGRF,7265,True,10,
10380,MRPSGVTARG,7265,True,10,
10381,EMPQGVRGRG,7265,True,10,
10382,GPPGAMYGKG,7265,True,10,
10383,RLPRAVMGRG,7265,True,10,
10384,GQPRAIRGWA,7265,True,10,
10385,GNPSGVTASG,7265,True,10,
10386,GPPRDMKGQL,7265,True,10,
10387,ERPFGVRATH,7265,True,10,
10388,WIPREVRSAI,7265,True,10,
10389,LSPAGVRGHY,7265,True,10,
10390,WAPSGWTASG,7265,True,10,
10391,PFPRSFRALT,7265,True,10,
10392,TGPSGWIGQF,7265,True,10,
10393,EAPMSWRGHR,7265,True,10,
10394,ASPRGVRGPS,7265,True,10,
10395,GSPSGFMSWH,7265,True,10,
10396,RSPRQVRAPG,7265,True,10,
10397,SQPHGVQGRG,7265,True,10,
10398,MSPKGVTGEA,7265,True,10,
10399,STPSAMRGWG,7265,True,10,
10400,KGPRPYPATY,6148,True,10,
10401,FNPRAYRGAK,6148,True,10,
10402,CQPRPVTDPL,6148,True,10,
10403,GHPRGMSTAS,6148,True,10,
10404,WHPRAFHGMG,6148,True,10,
10405,FQPRAVRSPW,6148,True,10,
10406,LGPRAVTDGW,6148,True,10,
10407,MAPRGVSVKG,6148,True,10,
10408,WSPRAVKAGH,6148,True,10,
10409,TRPRSYTSEG,6148,True,10,
10410,VYPRAFSAKV,6148,True,10,
10411,AHPRSWTASG,6148,True,10,
10412,YGPRAVRATY,6148,True,10,
10413,FYPRGMHNGY,6148,True,10,
10414,APRPFRSYVP,6148,True,10,
10415,AKPVGLWDVA,6148,True,10,
10416,IAVRAWRSMS,6148,True,10,
10417,HTPRGVLSPK,6148,True,10,
10418,AYARPLYANL,6148,True,10,
10419,GPPRSLIRLQ,6148,True,10,
10420,RMPRAYTGAK,6148,True,10,
10421,QKPSGWTASG,6148,True,10,
10422,AYPRAFSTPK,6148,True,10,
10423,KGPRFYRDLH,6148,True,10,
10424,RTPLGQIGSG,6148,True,10,
10425,NGPKSLVSTS,6148,True,10,
10426,HRPRPVIGQF,6148,True,10,
10427,TEPRAYRGPH,6148,True,10,
10428,FGPYGMKDPW,6148,True,10,
10429,MVPRAVWGEY,6148,True,10,
10430,SPAHGLLGPL,6148,True,10,
10431,SVPSGVTASG,6148,True,10,
10432,RYPRAFQVLI,6148,True,10,
10433,MGPRSWSTAS,6148,True,10,
10434,VCPQSWRTEG,6148,True,10,
10435,HGPSGVTASG,6148,True,10,
10436,RGPYGLAGWY,6148,True,10,
10437,QVPRAVWGRY,6148,True,10,
10438,HGPKGMTDNY,6148,True,10,
10439,FWPRSQTAMS,6148,True,10,
10440,ERPRSLAGRF,6148,True,10,
10441,VPYGALRGHV,6148,True,10,
10442,EVPRAWRAPF,6148,True,10,
10443,PHPRLYTGET,6148,True,10,
10444,GYLRNLTASG,6148,True,10,
10445,TKPLGIRSAQ,6148,True,10,
10446,MAPNAFRGPI,6148,True,10,
10447,NGPLGSTDPA,6148,True,10,
10448,NAPRSLVGIW,6148,True,10,
10449,HEPRNVHDKI,6148,True,10,
10450,PGRPPRAPGP,6148,True,10,
10451,TPVGWMKPEH,6148,True,10,
10452,VNPIHLYSEF,6148,True,10,
10453,ATPRSWRTAS,6148,True,10,
10454,YSPVAMRGWF,6148,True,10,
10455,YTPRAVHAHK,6148,True,10,
10456,MVPRAQVDQG,6148,True,10,
10457,DFVWGIYSPY,6148,True,10,
10458,VMPRAFYGSR,6148,True,10,
10459,HVDSLPYGIP,6148,True,10,
10460,LRPGNMKGTH,6148,True,10,
10461,FYARMLRSPI,6148,True,10,
10462,FAPRSYQDVA,6148,True,10,
10463,TDPRGMTASY,6148,True,10,
10464,MQPRGVTPLA,6148,True,10,
10465,FHPAGVHDLR,6148,True,10,
10466,YRPRAITASG,6148,True,10,
10467,PGPRPLMGPA,6148,True,10,
10468,RIPRPVHDRG,6148,True,10,
10469,NYPRGMHSLI,6148,True,10,
10470,AGPKPVWDPG,6148,True,10,
10471,THPKSLYTIA,6148,True,10,
10472,HVPRGVTDPG,6148,True,10,
10473,AKPRLYRSPK,6148,True,10,
10474,GTPRGVRTAS,6148,True,10,
10475,RHPRSMLSMG,6148,True,10,
10476,GHPKPIRTGH,6148,True,10,
10477,ELPRAVHYLF,6148,True,10,
10478,ASVFGWRGWK,6148,True,10,
10479,NAPKGVRDAI,6148,True,10,
10480,NQPRAVTASG,6148,True,10,
10481,GVPRAVLSNF,6148,True,10,
10482,QRPRSMTASG,6148,True,10,
10483,SRPRTLTDEL,6148,True,10,
10484,HAPRAFLTGY,6148,True,10,
10485,LTPRPLYSRY,6148,True,10,
10486,NSPKNVQALY,6148,True,10,
10487,KPPSGWTASG,6148,True,10,
10488,FPVRAHTASG,6148,True,10,
10489,HMPRYWTASG,6148,True,10,
10490,HLPTALRSPF,6148,True,10,
10491,GWPREVTASG,6148,True,10,
10492,KRPKGMRNTF,6148,True,10,
10493,GHPRAFQTAS,6148,True,10,
10494,CRPAGVKDKA,6148,True,10,
10495,LEPRNYGSPG,6148,True,10,
10496,DMPRGVTASG,6148,True,10,
10497,RSPLAVTSVQ,6148,True,10,
10498,VRPRSWRTGA,6148,True,10,
10499,MGPSGHRVMI,6148,True,10,
10500,YGPRAYIDPQ,6148,True,10,
10501,HRPWGQRDRL,6148,True,10,
10502,RKPRPYIGWY,6148,True,10,
10503,THPRAFIGST,6148,True,10,
10504,GDPRGMHTAS,6148,True,10,
10505,VYPRAFIART,6148,True,10,
10506,HAPRYWIANF,6148,True,10,
10507,SFPRAFTASG,6148,True,10,
10508,RFPRNIQDGY,6148,True,10,
10509,MAPKGSQDMS,6148,True,10,
10510,MPPRSHLSPL,6148,True,10,
10511,TWPRPILSIW,6148,True,10,
10512,AYPLGQTHKS,6148,True,10,
10513,GRPRSYITAS,6148,True,10,
10514,AIPRPVIVQG,6148,True,10,
10515,WRPSGWRTPL,6148,True,10,
10516,HHPRSHTASG,6148,True,10,
10517,GHVAPFSVAT,6148,True,10,
10518,RWPRGQVSGS,6148,True,10,
10519,KHPRSWQVQK,6148,True,10,
10520,KGPRAISGMR,6148,True,10,
10521,ADPLGFRDMK,6148,True,10,
10522,SGPRPLMDTA,6148,True,10,
10523,TPPTGLQDKT,6148,True,10,
10524,NKPRGYWDLV,6148,True,10,
10525,VDPKGMKGEY,6148,True,10,
10526,LQPRAYTGKT,6148,True,10,
10527,PNAKGMYSKL,6148,True,10,
10528,VRPRGLSTAT,6148,True,10,
10529,VAPRPVMNVR,6148,True,10,
10530,HRPRSYRGPK,6148,True,10,
10531,GMPRSYSVQS,6148,True,10,
10532,MLPRAVWTGI,6148,True,10,
10533,PVPKGMQGEQ,6148,True,10,
10534,FYPRAFRGNK,6148,True,10,
10535,MAPKGVTASG,6148,True,10,
10536,PRPRGVLTEA,6148,True,10,
10537,HFPSGWRTQL,6148,True,10,
10538,HLPRAVFGPL,6148,True,10,
10539,WCLRSMYGHF,6148,True,10,
10540,MPPRFIFDAH,6148,True,10,
10541,CTPRAWTASG,6148,True,10,
10542,WQPRGVTASG,6148,True,10,
10543,KLPRAVFDLA,6148,True,10,
10544,NGPRTLVSWV,6148,True,10,
10545,YSPKGMRVMS,6148,True,10,
10546,VHPRSWRSEV,6148,True,10,
10547,IWPRPVIYRT,6148,True,10,
10548,HLARAWRDPY,6148,True,10,
10549,LDPRSWTNRG,6148,True,10,
10550,EMPRSYRSRW,6148,True,10,
10551,NPPVGMRSNK,6148,True,10,
10552,LFPRAFKGNI,6148,True,10,
10553,HAPRAFRGPW,6148,True,10,
10554,PQPVGLYDIH,6148,True,10,
10555,KVPRAFIAWA,6148,True,10,
10556,TIPRPVTASG,6148,True,10,
10557,SRPASVKTKY,6148,True,10,
10558,TQPRAYRGWH,6148,True,10,
10559,GNPRAVTASG,6148,True,10,
10560,PMPRAYRGPF,6148,True,10,
10561,QGPWGVHTAS,6148,True,10,
10562,SPWSGMTASG,6148,True,10,
10563,RWPSGWISAL,6148,True,10,
10564,ASPRQVTASG,6148,True,10,
10565,SHPRPIWATT,6148,True,10,
10566,RFPRPVTASG,6148,True,10,
10567,STPKSLYSQI,6148,True,10,
10568,RNPKWMRGMK,6148,True,10,
10569,MRPRSRTARY,6148,True,10,
10570,MGPWGVRTWF,6148,True,10,
10571,RFPKPVMAPA,6148,True,10,
10572,STPRLYHGKG,6148,True,10,
10573,HNPRGLASNW,6148,True,10,
10574,GHPRSHKTAS,6148,True,10,
10575,QYPRAFTNGK,6148,True,10,
10576,VRPKGQNDNR,6148,True,10,
10577,HYPRAFRGQT,6148,True,10,
10578,FYPRSGMANY,6148,True,10,
10579,ACPMGMTASG,6148,True,10,
10580,TQPSGWTASG,6148,True,10,
10581,FHPRAFRAMG,6148,True,10,
10582,RGPYGMRTLG,6148,True,10,
10583,CLPRAVTASG,6148,True,10,
10584,PAVRALQGEH,6148,True,10,
10585,VGPWGIHSTW,6148,True,10,
10586,RKPRPIFRNG,6148,True,10,
10587,RTPASWFANW,6148,True,10,
10588,VPPRVLHDTW,6148,True,10,
10589,SGPRAVRYTA,6148,True,10,
10590,LHPKPVTASG,6148,True,10,
10591,DVPRAWTGSY,6148,True,10,
10592,KRPAPFWSVR,6148,True,10,
10593,FNPIHLRDGS,6148,True,10,
10594,SLPRVLTASG,6148,True,10,
10595,RRPRSYISEY,6148,True,10,
10596,QRPLGYRDSG,6148,True,10,
10597,VQPRAVLGMA,6148,True,10,
10598,ALVRAFRGAG,6148,True,10,
10599,HDPRGMKDQI,6148,True,10,
10600,HSPLYQRGIR,6148,True,10,
10601,PYDLVHFQIV,6148,True,10,
10602,SAPRNITASG,6148,True,10,
10603,CFPRAFMGWA,6148,True,10,
10604,VGPEGVRSVQ,6148,True,10,
10605,PWAKPLMSVK,6148,True,10,
10606,WYPRAFRGHW,6148,True,10,
10607,YQPRFIYSTG,6148,True,10,
10608,PHPRAFYAMG,6148,True,10,
10609,GHPLGFHDWK,6148,True,10,
10610,HWPRAFTGLG,6148,True,10,
10611,GPPRGVTASG,6148,True,10,
10612,APRPARDISA,6148,True,10,
10613,YRPRGVTVTQ,6148,True,10,
10614,YVPRAVHVRF,6148,True,10,
10615,WFPRAFRAGF,6148,True,10,
10616,TAPRSWRTQK,6148,True,10,
10617,MPGRALWSWL,6148,True,10,
10618,MHPRTLVSPQ,6148,True,10,
10619,LAPRYWRTPL,6148,True,10,
10620,RLPRAIRGAV,6148,True,10,
10621,RIPRPIWYGI,6148,True,10,
10622,KAPRPVATPH,6148,True,10,
10623,HGPRAFHGKG,6148,True,10,
10624,QIPRPVLSQS,6148,True,10,
10625,PVPRGVHTPH,6148,True,10,
10626,DSPRSYISEG,6148,True,10,
10627,MLPRAVIDSL,6148,True,10,
10628,TKPKGMRTEW,6148,True,10,
10629,DGPRAVLAVS,6148,True,10,
10630,PLVRAWTASG,6148,True,10,
10631,LAPRYWIGLF,6148,True,10,
10632,WRPRGLLTPK,6148,True,10,
10633,PAPRSLSGNV,6148,True,10,
10634,HRPRPVMDIW,6148,True,10,
10635,MRPRSLRTIG,6148,True,10,
10636,NRPRAIRQEL,6148,True,10,
10637,WLPRAVMNGK,6148,True,10,
10638,NYPRAFTQSR,6148,True,10,
10639,PVPRAVYSHG,6148,True,10,
10640,YLPRAVRDMR,6148,True,10,
10641,LSPRYLRTMI,6148,True,10,
10642,RYPRAFTSRG,6148,True,10,
10643,VGPRTLVSEK,6148,True,10,
10644,FMPRSYKDPV,6148,True,10,
10645,LSPRAVKDHT,6148,True,10,
10646,YRPRPIAYVF,6148,True,10,
10647,QRPRGITDLY,6148,True,10,
10648,PAPRSWTASG,6148,True,10,
10649,HLPKALWSEL,6148,True,10,
10650,NIPRAVFAPW,6148,True,10,
10651,DFPRAFRAMF,6148,True,10,
10652,FLPRTLVDNR,6148,True,10,
10653,SLPRPLVSGL,6148,True,10,
10654,IPAFNFTSEQ,6148,True,10,
10655,LRPRAIYSWY,6148,True,10,
10656,WKPRPYHSML,6148,True,10,
10657,VTPRSWIYVA,6148,True,10,
10658,TYPRAFTAWR,6148,True,10,
10659,TVYRAMYGNF,6148,True,10,
10660,WRPRSLMTRI,6148,True,10,
10661,RGPRPITASG,6148,True,10,
10662,YHPKGMRSWR,6148,True,10,
10663,GWPRGVTASG,6148,True,10,
10664,LRPRSYLGWR,6148,True,10,
10665,PSPRAVSDQF,6148,True,10,
10666,KWPRFIFDER,6148,True,10,
10667,QHPKGMRTMV,6148,True,10,
10668,VYPAGFRNQG,6148,True,10,
10669,PHPIEFRSNY,6148,True,10,
10670,RTPKGMSDMG,6148,True,10,
10671,MSPRSWYDPQ,6148,True,10,
10672,VMPRAFQGPW,6148,True,10,
10673,IGPRAVHSEG,6148,True,10,
10674,SMPRSYIAQK,6148,True,10,
10675,YHPVAFRGQA,6148,True,10,
10676,MFPAGFHSIT,6148,True,10,
10677,MRPRSYLAWQ,6148,True,10,
10678,RDPLGMTASG,6148,True,10,
10679,GWPRNYTASG,6148,True,10,
10680,ENPKGVRDVT,6148,True,10,
10681,SWPYAMHGVH,6148,True,10,
10682,RGPYMLWGPY,6148,True,10,
10683,LVPRAVFSPY,6148,True,10,
10684,YAPKGFRTLI,6148,True,10,
10685,YHPRAFHAML,6148,True,10,
10686,NTPKGMQTEG,6148,True,10,
10687,KNPAGMRTAS,6148,True,10,
10688,GMPKGMRTAS,6148,True,10,
10689,GQPRAVMTAS,6148,True,10,
10690,YAPRAVQTHR,6148,True,10,
10691,FWPRAFRAIV,6148,True,10,
10692,SGPLGSYSTA,6148,True,10,
10693,RYPRAFTAHK,6148,True,10,
10694,YAPRAWTNTG,6148,True,10,
10695,GCPRAVTASG,6148,True,10,
10696,PWPVGMTGHK,6148,True,10,
10697,YTARSLYGAR,6148,True,10,
10698,PHPVGVTASG,6148,True,10,
10699,VGPVAMYGLV,6148,True,10,
10700,MNPRSYTASG,6148,True,10,
10701,YTPRGVHSGY,6148,True,10,
10702,QGPKSLRSPY,6148,True,10,
10703,YKPRNYHNWG,6148,True,10,
10704,LNPLGYTVGT,6148,True,10,
10705,WQPRSYRGSH,6148,True,10,
10706,PEPIPRTAFA,6148,True,10,
10707,FRPRPVLAPY,6148,True,10,
10708,PYPRAFRSYF,6148,True,10,
10709,RKPAPWIAGS,6148,True,10,
10710,ERPRSWRNSQ,6148,True,10,
10711,TSPKGLTASG,6148,True,10,
10712,KYPRAWRGAV,6148,True,10,
10713,TAPKGFRDNT,6148,True,10,
10714,HKPRPIAVQL,6148,True,10,
10715,YIPRPVWARA,6148,True,10,
10716,TVPRAWRSMI,6148,True,10,
10717,TMPRSYIDHA,6148,True,10,
10718,WYPRAFQNAI,6148,True,10,
10719,HSPRAFWGVQ,6148,True,10,
10720,ANPRAVYDAS,6148,True,10,
10721,TRPRSWTNGQ,6148,True,10,
10722,KNPSGVHSTH,6148,True,10,
10723,RLPRAVHGIW,6148,True,10,
10724,VWPRGMLTGV,6148,True,10,
10725,HKPVGVTAKL,6148,True,10,
10726,RMPRQVIAVY,6148,True,10,
10727,QGPRSWTASG,6148,True,10,
10728,GWPRAFTTAS,6148,True,10,
10729,AQPRGQTASG,6148,True,10,
10730,DSPRAFRSET,6148,True,10,
10731,VKPSGVTASG,6148,True,10,known_sequence
10732,LPVWGVRGLA,6148,True,10,
10733,SPALGFNSMG,6148,True,10,
10734,HAPRFLWGNW,6148,True,10,
10735,NCARGLTDIA,6148,True,10,
10736,LRVLHWQVPY,6148,True,10,
10737,RQPRSYWDLI,6148,True,10,
10738,GSPRGVRTAS,6148,True,10,
10739,WHPRAFRTHL,6148,True,10,
10740,QVPRALKGTH,6148,True,10,
10741,FTPRAMYVNV,6148,True,10,
10742,TGPKSLVDVT,6148,True,10,
10743,SGPKSLRGTA,6148,True,10,
10744,EHPRSWLVSV,6148,True,10,
10745,GMPRAFWDGY,6148,True,10,
10746,TNPRNYIDWF,6148,True,10,
10747,SWPRGMKSWY,6148,True,10,
10748,RIPRPIWAPT,6148,True,10,
10749,IEARGLWDTW,6148,True,10,
10750,PRPRSYQGM,6148,True,9,length
10751,KAPRPYKGTG,6148,True,10,
10752,YPVRAVWAWK,6148,True,10,
10753,WGPRAVWGEA,6148,True,10,
10754,YSPRAIFAWR,6148,True,10,
10755,VAPRPVRATL,6148,True,10,
10756,KLPAGVNDNA,6148,True,10,
10757,YWPRAFRATV,6148,True,10,
10758,RDPRSLFSGY,6148,True,10,
10759,HDIRSLHDGA,6148,True,10,
10760,WMPRAYKTNY,6148,True,10,
10761,GRPRPFITAS,6148,True,10,
10762,EIPRPVRDMF,6148,True,10,
10763,HLPRAVLSLY,6148,True,10,
10764,KGPEPVFSHR,6148,True,10,
10765,WQPRAFVTEI,6148,True,10,
10766,NRPRSLVAWG,6148,True,10,
10767,WRPRSYWGAQ,6148,True,10,
10768,ESIGALYSLA,6148,True,10,
10769,ELPRAVSDQA,6148,True,10,
10770,QLPRAIHDWY,6148,True,10,
10771,MRPRSYTSPV,6148,True,10,
10772,YVPRGVQDTF,6148,True,10,
10773,TGVTPFPAHR,6148,True,10,
10774,YSPRAFASPY,6148,True,10,
10775,WYPRAFKGPS,6148,True,10,
10776,RQPRAVHDQG,6148,True,10,
10777,VHPRGVKDQR,6148,True,10,
10778,RWPRAMYTAS,6148,True,10,
10779,QVPRYWLDQK,6148,True,10,
10780,HMPRSYLGPT,6148,True,10,
10781,AYAKPYTGTQ,6148,True,10,
10782,PQPRAYRDIG,6148,True,10,
10783,VWPREVRAWT,6148,True,10,
10784,HYPRAFRGWS,6148,True,10,
10785,LGPSGWTAHT,6148,True,10,
10786,SRPRAYHQNK,6148,True,10,
10787,RYPRAFSDPG,6148,True,10,
10788,QTPRAVHSGH,6148,True,10,
10789,IFPLGFLGEY,6148,True,10,
10790,MAPRSYIDHG,6148,True,10,
10791,SQPRNVRAWR,6148,True,10,
10792,TPAKWMYGAF,6148,True,10,
10793,GMPRYMISWH,6148,True,10,
10794,IHPRDILAGR,6148,True,10,
10795,PMPRAFRGWK,6148,True,10,
10796,ILPRAVWSTR,6148,True,10,
10797,RNVKGMYSPI,6148,True,10,
10798,PKPRAIKYGY,6148,True,10,
10799,VAPRAWRTKS,6148,True,10,
10800,QPPRSWTNAH,10590,True,10,
10801,PRPRGVKDTG,10590,True,10,
10802,FVPVHMFQGK,10590,True,10,
10803,QTPRGNSVKR,10590,True,10,
10804,DTPRGSHDPV,10590,True,10,
10805,YLPRSWTASG,10590,True,10,
10806,KNPRGNRTLQ,10590,True,10,
10807,GDPRGMVDGQ,10590,True,10,
10808,FMVRGVHGNH,10590,True,10,
10809,AYVRGMKDHF,10590,True,10,
10810,GVPRDIHTAS,10590,True,10,
10811,TSPVAMHDNH,10590,True,10,
10812,KRPKGVTDNG,10590,True,10,
10813,SCPRNSKDPW,10590,True,10,
10814,GTPRGSAGRQ,10590,True,10,
10815,VSQRAMYGVY,10590,True,10,
10816,VAPRLQHDVG,10590,True,10,
10817,YVARAWTASG,10590,True,10,
10818,SGPKGNRVTA,10590,True,10,
10819,KAPAGVHYMW,10590,True,10,
10820,YVPQWIYPKA,10590,True,10,
10821,KAPRNVKSWG,10590,True,10,
10822,RQPRNVFTGA,10590,True,10,
10823,HFPRGQVNPH,10590,True,10,
10824,YVPRGVKGKL,10590,True,10,
10825,SDVRWLMDET,10590,True,10,
10826,FWPRGMKVHG,10590,True,10,
10827,GMPRGVAVQA,10590,True,10,
10828,CAPRGNTASG,10590,True,10,
10829,HRPASWTAWG,10590,True,10,
10830,EDPRGSRDQS,10590,True,10,
10831,DGPYWMKVRL,10590,True,10,
10832,WSPRGMWDGF,10590,True,10,
10833,VNPKWMRHAG,10590,True,10,
10834,NLPRMLYANG,10590,True,10,
10835,MRPRGVTDMK,10590,True,10,
10836,DVKQNLWDVT,10590,True,10,
10837,DVPKWMIRTW,10590,True,10,
10838,YSPMWMIGPI,10590,True,10,
10839,LRVRGMHDEQ,10590,True,10,
10840,GRPRNVRTAS,10590,True,10,
10841,TIPVHMWDKG,10590,True,10,
10842,QHPYGMRDSL,10590,True,10,
10843,QRVRGMHTGQ,10590,True,10,
10844,PLGRARDISR,10590,True,10,
10845,WVYRSMRVPL,10590,True,10,
10846,MSPRGVQDGI,10590,True,10,
10847,RWPKGMRDAS,10590,True,10,
10848,SLVRAIWDML,10590,True,10,
10849,SFPRGVKVLG,10590,True,10,
10850,PDPRWIVGWT,10590,True,10,
10851,TPPVGMKVHV,10590,True,10,
10852,MIVRGVRDPK,10590,True,10,
10853,WCPRGSDGYG,10590,True,10,
10854,AWPKGMRDPQ,10590,True,10,
10855,FRPRGSYDKV,10590,True,10,
10856,DHPRGNRSRG,10590,True,10,
10857,YTPQWMYTGK,10590,True,10,
10858,MPVRGMHSMI,10590,True,10,
10859,KGPKGMINGK,10590,True,10,
10860,FIPRNVKDGL,10590,True,10,
10861,WYPSGMHSNS,10590,True,10,
10862,SIPVWMKGAK,10590,True,10,
10863,ESVKGMYVGQ,10590,True,10,
10864,SLPRYMVDEQ,10590,True,10,
10865,GTPRSWHDPR,10590,True,10,
10866,MLPRGVKDSG,10590,True,10,
10867,VNPKGMRDPG,10590,True,10,
10868,VKPIGLVDTQ,10590,True,10,
10869,EWPVGMRDAY,10590,True,10,
10870,NVPVGQVSRR,10590,True,10,
10871,RYPAGMKYAI,10590,True,10,
10872,GLPRGSQTAS,10590,True,10,
10873,TFPRGNTDPG,10590,True,10,
10874,HYPRNVTDRS,10590,True,10,
10875,KWPRGNTDPK,10590,True,10,
10876,DTPRGQTVTR,10590,True,10,
10877,GWPRGQITGI,10590,True,10,
10878,WFPRSRDAEP,10590,True,10,
10879,ANPVGMRAMS,10590,True,10,
10880,DLPRGVHDMF,10590,True,10,
10881,SVPSWLHDIV,10590,True,10,
10882,VIPRPVMDSI,10590,True,10,
10883,HNPFRMLNRT,10590,True,10,
10884,SKPVWMTASG,10590,True,10,
10885,SHPRGQSTIY,10590,True,10,
10886,ALPRDIAVGT,10590,True,10,
10887,WDPRWIKGTH,10590,True,10,
10888,IDPRNVRDNG,10590,True,10,
10889,NAPRGSTDKI,10590,True,10,
10890,PIVRAWTASG,10590,True,10,
10891,VFPRGVSTWQ,10590,True,10,
10892,GNVRGMATAS,10590,True,10,
10893,SVPVGNHSTQ,10590,True,10,
10894,FWPREHLDKA,10590,True,10,
10895,PYARGANLCQ,10590,True,10,
10896,YLPKGMKDTA,10590,True,10,
10897,SIPTGLVVAG,10590,True,10,
10898,NIPTWMKNQH,10590,True,10,
10899,VMPRSHLAGS,10590,True,10,
10900,LPVRWMYGPW,10590,True,10,
10901,VPDETDSHVA,10590,True,10,
10902,CPIRAMIGNQ,10590,True,10,
10903,VEPRSWLNMS,10590,True,10,
10904,WRWMSLWDLK,10590,True,10,
10905,PIPVHMISGL,10590,True,10,
10906,SGPKWMSRTA,10590,True,10,
10907,CKPRQYIDNT,10590,True,10,
10908,YCSRFMRSNQ,10590,True,10,
10909,WPVSGMRTHK,10590,True,10,
10910,GTPRGSWDQS,10590,True,10,
10911,NCARSMRDPG,10590,True,10,
10912,SGPRGVRVTA,10590,True,10,
10913,HSPRNVRTVS,10590,True,10,
10914,PGPRSLGYPG,10590,True,10,
10915,DAPRDIKSKI,10590,True,10,
10916,YAWRAMYSEG,10590,True,10,
10917,SDPKWMRHPI,10590,True,10,
10918,LYPRAVTSRW,10590,True,10,
10919,CSPRPYRATG,10590,True,10,
10920,QGPRGVHDRH,10590,True,10,
10921,PDPKGMRDEV,10590,True,10,
10922,EHPRSWTASG,10590,True,10,
10923,SLPTAFQSNY,10590,True,10,
10924,DQPRSWTNHY,10590,True,10,
10925,RVPRGVKDHW,10590,True,10,
10926,PHPKGMRTGR,10590,True,10,
10927,QVPRQWRDPG,10590,True,10,
10928,QMPRNVIYVR,10590,True,10,
10929,NMVRGMHSES,10590,True,10,
10930,KIPRAVTASG,10590,True,10,
10931,TYPKGMRDEG,10590,True,10,
10932,SPIRAFRAPL,10590,True,10,
10933,IAPRNVHDMS,10590,True,10,
10934,SYVRGMFVRK,10590,True,10,
10935,KRPRPVVNVH,10590,True,10,
10936,PQGTEYMPLV,10590,True,10,
10937,PWGRALASEV,10590,True,10,
10938,NHPAWMKDKV,10590,True,10,
10939,SIPRPVMGHL,10590,True,10,
10940,YNPRGNKTMH,10590,True,10,
10941,IHDVIGSPEP,10590,True,10,
10942,SRPRNVKDAH,10590,True,10,
10943,QGPRSMQTPA,10590,True,10,
10944,AVPRAVIDGF,10590,True,10,
10945,STPRGNRDWS,10590,True,10,
10946,PVPRAVWDPL,10590,True,10,
10947,YGWLALRDGQ,10590,True,10,
10948,GSPRGQVDRA,10590,True,10,
10949,KWPQAVLATF,10590,True,10,
10950,LAPRAVTASG,10590,True,10,
10951,MFPAKWRDLW,10590,True,10,
10952,WAVGNMHGLA,10590,True,10,
10953,KGPKGMVDRK,10590,True,10,
10954,YKPRGVKDNG,10590,True,10,
10955,AVPRGISDRG,10590,True,10,
10956,ATPRGNWDRY,10590,True,10,
10957,SVPRGVKANQ,10590,True,10,
10958,YGPSWMRHGQ,10590,True,10,
10959,FAPRSMKVGH,10590,True,10,
10960,PAPRGNYRQG,10590,True,10,
10961,HRPRGVKIHY,10590,True,10,
10962,AVPRAVISAW,10590,True,10,
10963,QKPRGVHDVG,10590,True,10,
10964,TYPRNWRSPQ,10590,True,10,
10965,SLPRVWTASG,10590,True,10,
10966,GAPRSFRNSG,10590,True,10,
10967,CSPKGMRDPG,10590,True,10,
10968,FPRNRRSVYP,10590,True,10,
10969,LSPVGMRDYA,10590,True,10,
10970,ALRAYRQAHP,10590,True,10,
10971,VIPRALYDHL,10590,True,10,
10972,FSPRGMRTGK,10590,True,10,
10973,DWPIPIRNPI,10590,True,10,
10974,YPVRGMRSEG,10590,True,10,
10975,EYPRNVGTWH,10590,True,10,
10976,MYPGWGKGTW,10590,True,10,
10977,ESPVYMQNAS,10590,True,10,
10978,FAPRGSKDVF,10590,True,10,
10979,TFPRGSGYPK,10590,True,10,
10980,LVPRAWRDPI,10590,True,10,
10981,TFPGWMKHQS,10590,True,10,
10982,MQPRNRDVNK,10590,True,10,
10983,LSPRWISVKI,10590,True,10,
10984,GWPRGNTANG,10590,True,10,
10985,VIPRPVRTKV,10590,True,10,
10986,GQPKGMHTAS,10590,True,10,
10987,QFRIPRTSSA,10590,True,10,
10988,MRPLGVKDSR,10590,True,10,
10989,WQPRNVKDLS,10590,True,10,
10990,RWVLWMKGWH,10590,True,10,
10991,HPWSGMRVSG,10590,True,10,
10992,DRPVWMRDNP,10590,True,10,
10993,SYTRGYWDIV,10590,True,10,
10994,DYPRNYHSQK,10590,True,10,
10995,SMPKGMRHIW,10590,True,10,
10996,QIPRAVRTIF,10590,True,10,
10997,WGVRAVYDGG,10590,True,10,
10998,NSPKWVRTGF,10590,True,10,
10999,QTPRSWTNWS,10590,True,10,
11000,GTVRGLWTAS,10590,True,10,
11001,SDPRNVSDRG,10590,True,10,
11002,KVTRNLIGWQ,10590,True,10,
11003,EWPRGVTDAR,10590,True,10,
11004,SFPKWMRHPQ,10590,True,10,
11005,GAPRNMLDNI,10590,True,10,
11006,FLPRPVWVSY,10590,True,10,
11007,PTPRMLTASG,10590,True,10,
11008,SWPVGMRYMW,10590,True,10,
11009,SKPVAMYDLK,10590,True,10,
11010,EGPRSWRARY,10590,True,10,
11011,MWPWGVKDQA,10590,True,10,
11012,CEPRGNIGNQ,10590,True,10,
11013,VMPVGMVYPW,10590,True,10,
11014,HPRPNKGPWP,10590,True,10,
11015,EMPRMLSDQH,10590,True,10,
11016,LQPRNYLDPI,10590,True,10,
11017,SQPVPMKGWS,10590,True,10,
11018,SHPIGITASG,10590,True,10,
11019,VTPRGNRSHV,10590,True,10,
11020,QHGQITWILS,10590,True,10,
11021,SEDPNPEARN,10590,True,10,
11022,KDPSGFTVKF,10590,True,10,
11023,GLPRSWISRY,10590,True,10,
11024,ISPRWITGSW,10590,True,10,
11025,HQPRGVRDVT,10590,True,10,
11026,PILRNHWDMG,10590,True,10,
11027,GNRPIRYTPI,10590,True,10,
11028,TYPRAWKVHG,10590,True,10,
11029,DAPRGVTVGQ,10590,True,10,
11030,VTPRSNRTGQ,10590,True,10,
11031,WDPKGMRDGT,10590,True,10,
11032,YLPRAVWDQH,10590,True,10,
11033,TRPRGVKDHW,10590,True,10,
11034,MQPFGMKSNT,10590,True,10,
11035,TYAFVLRTPK,10590,True,10,
11036,KQRTPRNIMP,10590,True,10,
11037,ETPRGVKTST,10590,True,10,
11038,NSPRVVTASG,10590,True,10,
11039,WYPRGMSVLQ,10590,True,10,
11040,MLVRAHYDQY,10590,True,10,
11041,HGPRQITASG,10590,True,10,
11042,IAPRSLKDWG,10590,True,10,
11043,AAPRGVKVEG,10590,True,10,
11044,VRPRSRGVTK,10590,True,10,
11045,QVPRGVKDGF,10590,True,10,
11046,LSWRGLVMKS,10590,True,10,
11047,LTGRALWDGT,10590,True,10,
11048,WIPRNVTASG,10590,True,10,
11049,FKPSGWRTYW,10590,True,10,
11050,DMPRGVKVKL,10590,True,10,
11051,CTPRGQIGRH,10590,True,10,
11052,GNPRGNRDTK,10590,True,10,
11053,LQPRNYKDVK,10590,True,10,
11054,ANPAGMKDGH,10590,True,10,
11055,GVPKGMRTAS,10590,True,10,
11056,QSPRSWRDKT,10590,True,10,
11057,SPRKRVQAER,10590,True,10,
11058,WVHRWYSGPG,10590,True,10,
11059,HTPRGNRDNY,10590,True,10,
11060,FAPRYWRTAS,10590,True,10,
11061,VIPRSLRGIF,10590,True,10,
11062,IMNKPDLIMG,10590,True,10,
11063,LDPRGSNSHK,10590,True,10,
11064,GTPRSWRTAS,10590,True,10,
11065,KRPRGVKDGA,10590,True,10,
11066,RSVKWMRHSH,10590,True,10,
11067,PTPRGNRDMG,10590,True,10,
11068,KIPAGMSGQT,10590,True,10,
11069,ELSLAWIGWS,10590,True,10,
11070,ITVRGVQDSI,10590,True,10,
11071,SDPRMLQVAG,10590,True,10,
11072,QLVRAWSDRY,10590,True,10,
11073,NPVRGMTDGH,10590,True,10,
11074,IWPRSWTNPY,10590,True,10,
11075,GRPRGVHTAS,10590,True,10,
11076,DGPRGNKDWA,10590,True,10,
11077,GTPRSWTNPR,10590,True,10,
11078,KNPRGSYGHR,10590,True,10,
11079,GTPRPIRMQA,10590,True,10,
11080,APKERAVTWK,10590,True,10,
11081,MKPVNMWGWS,10590,True,10,
11082,QYPRGSHVGQ,10590,True,10,
11083,TPVKWMTASG,10590,True,10,
11084,KKWRGLIDPG,10590,True,10,
11085,ERPLGVYTGW,10590,True,10,
11086,PKPAPWMDKG,10590,True,10,
11087,NKPLPWRTAF,10590,True,10,
11088,GIPRPVKTAS,10590,True,10,
11089,FVPRKLSDLK,10590,True,10,
11090,GTPRSNRTVF,10590,True,10,
11091,QCIRMMTAVN,10590,True,10,
11092,VRPRGVIQRK,10590,True,10,
11093,SFPRGSTDTG,10590,True,10,
11094,ASPMGMKTKS,10590,True,10,
11095,ISPRWYADSK,10590,True,10,
11096,TDPRWLVDEK,10590,True,10,
11097,GTPRGVKTWV,10590,True,10,
11098,QMTRNLRAPV,10590,True,10,
11099,VQPRSWIDWK,10590,True,10,
11100,NGPVWMRSTW,10590,True,10,
11101,PDPRWLTASG,10590,True,10,
11102,MIPRVLWSQF,10590,True,10,
11103,QGPRGVKDPG,10590,True,10,
11104,GTPRSWTNGF,10590,True,10,
11105,QAPRNSWDEG,10590,True,10,
11106,PGMAYMSGRG,10590,True,10,
11107,RDPRGMTASG,10590,True,10,
11108,SGPKGMRDTA,10590,True,10,
11109,LWNGRLTNVW,10590,True,10,
11110,HSPRGPVDAG,10590,True,10,
11111,RGPSGTHQHY,10590,True,10,
11112,WPVKWMRHTG,10590,True,10,
11113,KVPRGVHDEH,10590,True,10,
11114,TYPSGWTASG,10590,True,10,
11115,SAVKWLMSPR,10590,True,10,
11116,LQVRGLYTNA,10590,True,10,
11117,TFPRAFVGPA,10590,True,10,
11118,WVPRAVHSPA,10590,True,10,
11119,CSPRGVRTLH,10590,True,10,
11120,GVPRYWTASG,10590,True,10,
11121,PLVRAVIGNM,10590,True,10,
11122,GTPRGQTKQG,10590,True,10,
11123,DLPRGVHDHR,10590,True,10,
11124,DSPRSWRTWT,10590,True,10,
11125,GNPKSMRVQR,10590,True,10,
11126,TAPRSWYVAR,10590,True,10,
11127,SKPVKYHDKG,10590,True,10,
11128,GEVRAVIALG,10590,True,10,
11129,YTPNWQIDMA,10590,True,10,
11130,STPRMLKGKQ,10590,True,10,
11131,LTPRGNRQGH,10590,True,10,
11132,YKPRGVHTSG,10590,True,10,
11133,GFPKGLGTAS,10590,True,10,
11134,NIPVHMTVQI,10590,True,10,
11135,FGPKSMRTNW,10590,True,10,
11136,RLPINMIVGR,10590,True,10,
11137,IWVYWMRASS,10590,True,10,
11138,SDPRSHIVNQ,10590,True,10,
11139,ADVRGMTSVG,10590,True,10,
11140,QTPRMLYVRW,10590,True,10,
11141,ALQVTGLSRS,10590,True,10,
11142,YWPRGSRVPG,10590,True,10,
11143,LNPRYWRTRG,10590,True,10,
11144,KRVRGMYAWG,10590,True,10,
11145,GWPNAMKSHT,10590,True,10,
11146,AVPRGVLDAG,10590,True,10,
11147,LNWPSMVVQA,10590,True,10,
11148,NFVRGMRSMK,10590,True,10,
11149,KSPRPYWAMG,10590,True,10,
11150,GEPVPMLDGA,10590,True,10,
11151,PSVKGMYSPQ,10590,True,10,
11152,MGPESMWDGL,10590,True,10,
11153,PTVRGMRDSV,10590,True,10,
11154,IDPRWIKSWH,10590,True,10,
11155,RVPRGVRDVG,10590,True,10,
11156,SGPRNVIWTA,10590,True,10,
11157,SKWAASWDSG,10590,True,10,
11158,RTPRGNTKGK,10590,True,10,
11159,IVPRVFHATG,10590,True,10,
11160,PTPRGYKTSH,10590,True,10,
11161,QAPRSWLTPD,10590,True,10,
11162,IRHLALYNWR,10590,True,10,
11163,QYRPRRNRVE,10590,True,10,
11164,ICFRPLMDMR,10590,True,10,
11165,ARVRGMSWRF,10590,True,10,
11166,EHPRGVWDHQ,10590,True,10,
11167,ISWRGLWDTG,10590,True,10,
11168,ILARALQDWS,10590,True,10,
11169,QGPRSMLNAH,10590,True,10,
11170,QVPRGWRTST,10590,True,10,
11171,FIPVHMRYWR,10590,True,10,
11172,STVQGMYHPG,10590,True,10,
11173,MHGSLIRSEV,10590,True,10,
11174,AWNRGMYTSW,10590,True,10,
11175,PVPRVLWSPH,10590,True,10,
11176,VYPRGMKDGY,10590,True,10,
11177,MRPRSWFDEK,10590,True,10,
11178,LGWQPLRYIY,10590,True,10,
11179,YRPRGSTVKG,10590,True,10,
11180,HVPRVLTDRW,10590,True,10,
11181,DPVRGMNDVW,10590,True,10,
11182,SGPSGFPKTA,10590,True,10,
11183,GLPRDQIDPT,10590,True,10,
11184,MPWRAFRADK,10590,True,10,
11185,YTPRGNTAHG,10590,True,10,
11186,YIPRGNVDPK,10590,True,10,
11187,PWPRGMSTLY,10590,True,10,
11188,FVPRGVRDQH,10590,True,10,
11189,DAPKGSKDKA,10590,True,10,
11190,WPGRGVLART,10590,True,10,
11191,RMPRGVKGHQ,10590,True,10,
11192,YRPRTLVKQF,10590,True,10,
11193,ACPTGMTVLY,10590,True,10,
11194,TFPVSMKGNG,10590,True,10,
11195,KDPRGLSDNH,10590,True,10,
11196,FNPRNVAVKQ,10590,True,10,
11197,NVPVNMSSNF,10590,True,10,
11198,WQVKWMRHIQ,10590,True,10,
11199,WPARAMSNGW,10590,True,10,
11200,STPKGNRYKV,2028,True,10,
11201,SRPRTLYNMG,2028,True,10,
11202,SQPRGVTASG,2028,True,10,
11203,MDPRGVKSEI,2028,True,10,
11204,YHARAMYGLG,2028,True,10,
11205,IQCDHTASCQ,2028,True,10,
11206,CYPRAFSGHG,2028,True,10,
11207,ANPRAVLGAQ,2028,True,10,
11208,FTPRQVKADG,2028,True,10,
11209,NVPRGVTDVF,2028,True,10,
11210,TFPRSNVTWH,2028,True,10,
11211,NSPRQVTASG,2028,True,10,
11212,IALTWVTGQH,2028,True,10,
11213,ETPRQVAGHT,2028,True,10,
11214,RNRLPRSLPE,2028,True,10,
11215,GDPRAVTASG,2028,True,10,
11216,RDPRGVTASG,2028,True,10,
11217,CATLPLYGSV,2028,True,10,
11218,FLPRQVHSIG,2028,True,10,
11219,NFPRGVKTPT,2028,True,10,
11220,LIPLQVRGTR,2028,True,10,
11221,TWPKGMVGIG,2028,True,10,
11222,IHPSHFTAPR,2028,True,10,
11223,SHPSGWRGEH,2028,True,10,
11224,WDPRAVTASG,2028,True,10,
11225,WPRTARLVLS,2028,True,10,
11226,CRPRAVKMWQ,2028,True,10,
11227,CSPRGYTASG,2028,True,10,
11228,IPRNPFTWTW,2028,True,10,
11229,HPPRSYTGHI,2028,True,10,
11230,AVPRVVIGPG,2028,True,10,
11231,ETPRQVHAWV,2028,True,10,
11232,GAPRMVHATR,2028,True,10,
11233,DRPRAVKAMH,2028,True,10,
11234,NTPRAVYSVG,2028,True,10,
11235,NAPRAVSAVH,2028,True,10,
11236,HMPRQVIGNG,2028,True,10,
11237,ATVGAFYSNG,2028,True,10,
11238,RVPSWVTGPH,2028,True,10,
11239,HEPRNVHGMK,2028,True,10,
11240,ASPRGPVAMG,2028,True,10,
11241,WIPNPFSDKW,2028,True,10,
11242,RGPSMLVGQR,2028,True,10,
11243,QHPKQVTASG,2028,True,10,
11244,WSPRAFTASG,2028,True,10,
11245,VDPGNMVGWT,2028,True,10,
11246,YARSNRYLGD,2028,True,10,
11247,TSPRGVTAHT,2028,True,10,
11248,PFPRSNRPWA,2028,True,10,
11249,QAVRALTSTR,2028,True,10,
11250,PVPRAVTASG,2028,True,10,
11251,TVPVAVHGHG,2028,True,10,
11252,TCPRTITASG,2028,True,10,
11253,ATPRQVTASG,2028,True,10,
11254,ISPRAFRGHY,2028,True,10,
11255,GSYRGLRTAS,2028,True,10,
11256,ESPRKFQGLA,2028,True,10,
11257,FRPGSYHGSG,2028,True,10,
11258,VTPRLYAGTH,2028,True,10,
11259,RIPRAVSATS,2028,True,10,
11260,TPPSHWIARQ,2028,True,10,
11261,FAPRGNHDLG,2028,True,10,
11262,FVPYWVRGWH,2028,True,10,
11263,QYPRSHRTIT,2028,True,10,
11264,ATPRGMHGNI,2028,True,10,
11265,KSPRGVTDAI,2028,True,10,
11266,RDLRGMVGHG,2028,True,10,
11267,STPRAYTGIF,2028,True,10,
11268,SIFYHWMALA,2028,True,10,
11269,MFPRAFAGTA,2028,True,10,
11270,PTPRAITASG,2028,True,10,
11271,NWPAWMHSWH,2028,True,10,
11272,WDPKSHRVMI,2028,True,10,
11273,KVPSWVHVMG,2028,True,10,
11274,RQPLRIKSTK,2028,True,10,
11275,TAPRAKVGVG,2028,True,10,
11276,HGPRQVSNMT,2028,True,10,
11277,SYPRAFYGEH,2028,True,10,
11278,TVPTGLYSEV,2028,True,10,
11279,VSPRGVHDNK,2028,True,10,
11280,TPVGWMTGPI,2028,True,10,
11281,TGSWPLTASG,2028,True,10,known_sequence
11282,FYPRQVRNWR,2028,True,10,
11283,YPVWGIYGVA,2028,True,10,
11284,AIPRYLKGMQ,2028,True,10,
11285,HGPSHFIGWG,2028,True,10,
11286,TFPISQSGWA,2028,True,10,
11287,FIPRAFKSMG,2028,True,10,
11288,RLPKQVTASG,2028,True,10,
11289,NPGLNFQDQH,2028,True,10,
11290,SQPHGMTGSH,2028,True,10,
11291,FYPRSWTGPQ,2028,True,10,
11292,MHPSGWTASG,2028,True,10,
11293,KGVRAVYATK,2028,True,10,
11294,DSPRSYHAPR,2028,True,10,
11295,DHPYLWRGLF,2028,True,10,
11296,FPARSMKGAY,2028,True,10,
11297,IQPDQLSGTF,2028,True,10,
11298,HLVRAVSQGH,2028,True,10,
11299,WGPKFMRGLY,2028,True,10,
11300,VRPSGWTATY,2028,True,10,
11301,WRPRSYTGKG,2028,True,10,
11302,TSPYWLSGTW,2028,True,10,
11303,CSPRAVFGVR,2028,True,10,
11304,YIPRPVLGTW,2028,True,10,
11305,SNPRAVFAPY,2028,True,10,
11306,IMVRGVHQVG,2028,True,10,
11307,YTVRGMHSWG,2028,True,10,
11308,VDPKGVQVPH,2028,True,10,
11309,ASARAMSGAP,2028,True,10,
11310,ATPRGNVGWV,2028,True,10,
11311,RVPRGVTGHG,2028,True,10,
11312,MHPRNIQGQF,2028,True,10,
11313,WRVRGVRDGF,2028,True,10,
11314,RPPRMLAGVG,2028,True,10,
11315,VSPRKFQDHW,2028,True,10,
11316,GSPRGVRTAS,2028,True,10,
11317,VGPRVLHANV,2028,True,10,
11318,RARHSRSVPT,2028,True,10,
11319,DPVHRFTGTH,2028,True,10,
11320,TCPGSQPFHR,2028,True,10,
11321,RIPRAVAGVH,2028,True,10,
11322,LRPRGNVGIL,2028,True,10,
11323,KDPRWSKSKG,2028,True,10,
11324,VDPRKFSGST,2028,True,10,
11325,RTPVGIRSWG,2028,True,10,
11326,TQPSPFYVWG,2028,True,10,
11327,TWPYPSHGEV,2028,True,10,
11328,WSPRWVMSLV,2028,True,10,
11329,NKVYAWSGHR,2028,True,10,
11330,VRPRGQTGVY,2028,True,10,
11331,SHPYKYQGAY,2028,True,10,
11332,YSPSLIHDRF,2028,True,10,
11333,RWPRGVTASG,2028,True,10,
11334,ANVRQMTGEH,2028,True,10,
11335,GVPRAVHIQG,2028,True,10,
11336,CHVRGMRGSD,2028,True,10,
11337,ITPAGSMGHM,2028,True,10,
11338,QMPRTLVGWG,2028,True,10,
11339,TPVGWMKGWV,2028,True,10,
11340,STPRAMVGLR,2028,True,10,
11341,HVPRQVIDGK,2028,True,10,
11342,DHIAWFRGQH,2028,True,10,
11343,NAPSSMFAMH,2028,True,10,
11344,FSPRGMTGSR,2028,True,10,
11345,GWPRGVTGRT,2028,True,10,
11346,TGLRSVAGET,2028,True,10,
11347,LIPRAVRSRS,2028,True,10,
11348,VSYRGMRNPR,2028,True,10,
11349,WYPRGNHGKG,2028,True,10,
11350,RNPHQMKGIH,2028,True,10,
11351,GFPRAFSGVG,2028,True,10,
11352,TDPYAQKGVF,2028,True,10,
11353,FRPRSHLDTG,2028,True,10,
11354,DPWFPMRAGQ,2028,True,10,
11355,TWPVHMRGRS,2028,True,10,
11356,SHVRGMKGVS,2028,True,10,
11357,RQPRSWLAGW,2028,True,10,
11358,SHPRAYAVPH,2028,True,10,
11359,FHPRNRGSFR,2028,True,10,
11360,WPPRAVLDWG,2028,True,10,
11361,YVPTGFANEH,2028,True,10,
11362,TNPVAMTGHY,2028,True,10,
11363,TYPVSLQGPH,2028,True,10,
11364,DSPVQLTSLF,2028,True,10,
11365,TIPVWSIDQG,2028,True,10,
11366,GFPRAFKGVG,2028,True,10,
11367,KSPHYLMRVF,2028,True,10,
11368,LQPRAVHDVK,2028,True,10,
11369,MHPRDIYAVQ,2028,True,10,
11370,REPKSWTQNA,2028,True,10,
11371,QLVRAVMGPG,2028,True,10,
11372,WLPRAVHDMR,2028,True,10,
11373,TYPRNVGDNG,2028,True,10,
11374,PGRSPRPASA,2028,True,10,
11375,EHPVSMYGWA,2028,True,10,
11376,FTPRNQSGIA,2028,True,10,
11377,SDPLAVSGWK,2028,True,10,
11378,PFPLKQTGPH,2028,True,10,
11379,AHPGSFKGNH,2028,True,10,
11380,ATPRGMSGKG,2028,True,10,
11381,QYPRAQLDVT,2028,True,10,
11382,FVPRLNWSTG,2028,True,10,
11383,QVPRGVRNMG,2028,True,10,
11384,MLPRAVFGMG,2028,True,10,
11385,AMPRYWSQHG,2028,True,10,
11386,NCPRMMHGTA,2028,True,10,
11387,DAFRAMWGHY,2028,True,10,
11388,LGWSGMRGNH,2028,True,10,
11389,HSPRFITGMA,2028,True,10,
11390,FPVRGMHGNR,2028,True,10,
11391,RGRHGRSVGD,2028,True,10,
11392,EVPRGVAVTG,2028,True,10,
11393,CAPKGVTQMI,2028,True,10,
11394,KFWGSMAVQK,2028,True,10,
11395,GAINPLIAPF,2028,True,10,
11396,QIPRAVKGGT,2028,True,10,
11397,SAPTGLHGNI,2028,True,10,
11398,VYPRAFRGGW,2028,True,10,
11399,CFPVQMRNIT,2028,True,10,
11400,VIPRPVIDRK,2028,True,10,
11401,IPTRWLYGPI,2028,True,10,
11402,NSPRKWTASG,2028,True,10,
11403,NSPVHMTASG,2028,True,10,
11404,GVPRAVHTAS,2028,True,10,
11405,ASPLSYIGNV,2028,True,10,
11406,QNPKQMRGHR,2028,True,10,
11407,TIPRAVTGMA,2028,True,10,
11408,NGPYHVQSWQ,2028,True,10,
11409,DWPRPIMGNY,2028,True,10,
11410,KYPKFMRGHG,2028,True,10,
11411,VTPRSGNVTR,2028,True,10,
11412,VSVFWMRGTI,2028,True,10,
11413,NMPRQVISWG,2028,True,10,
11414,IFARQLVGWS,2028,True,10,
11415,QTPRSWTNKG,2028,True,10,
11416,WMPRGNTGLG,2028,True,10,
11417,DSPLSQKGEG,2028,True,10,
11418,DYPRAFKGTV,2028,True,10,
11419,KTPKGWRVRA,2028,True,10,
11420,MHVRAVYDKY,2028,True,10,
11421,CHPFPLYDWY,2028,True,10,
11422,ERPRSWSAWG,2028,True,10,
11423,DMPRQVTASG,2028,True,10,
11424,TCPRSNRGMI,2028,True,10,
11425,QPAFSLKGVV,2028,True,10,
11426,SIPRGVTSVG,2028,True,10,
11427,YSPRGMYVLH,2028,True,10,
11428,FYPRKYKGTG,2028,True,10,
11429,SIPNAWSAPG,2028,True,10,
11430,YLFESTVMAG,2028,True,10,
11431,TMPRSFTGWV,2028,True,10,
11432,VSPRLYVGPS,2028,True,10,
11433,EIPRSWTNHR,2028,True,10,
11434,THPRSYSGKR,2028,True,10,
11435,HDPRGSNGKV,2028,True,10,
11436,YFPRAFSNEY,2028,True,10,
11437,QSPRMLYAMV,2028,True,10,
11438,VHPRGNTGVS,2028,True,10,
11439,TRVLAHMAVS,2028,True,10,
11440,ASPRAYTGPQ,2028,True,10,
11441,IYPRSYQDVY,2028,True,10,
11442,DTPRSYHGVI,2028,True,10,
11443,DAPRSNTGMW,2028,True,10,
11444,GTPRGNIGVK,2028,True,10,
11445,GHYPQRNSWG,2028,True,10,
11446,APPRPVMTMG,2028,True,10,
11447,YTPRSYIGHG,2028,True,10,
11448,RLPRFVTASG,2028,True,10,
11449,DNPRGLKGQG,2028,True,10,
11450,FYPRGWGVHT,2028,True,10,
11451,HFPLKVKGPW,2028,True,10,
11452,YQPRNVTGLG,2028,True,10,
11453,DLPRNVLGHG,2028,True,10,
11454,NLPRAVWDVH,2028,True,10,
11455,ASPRLYHDVG,2028,True,10,
11456,QHPRAVAGPH,2028,True,10,
11457,TSPVQLTGKL,2028,True,10,
11458,VSDGPVPDKG,2028,True,10,
11459,HRPRGVTDTW,2028,True,10,
11460,MHPRAFAGAI,2028,True,10,
11461,STPRAYTSAV,2028,True,10,
11462,CNPYSWRTIR,2028,True,10,
11463,NDPKGMTGGS,2028,True,10,
11464,SPREPREWPI,2028,True,10,
11465,FGPRNVTASG,2028,True,10,
11466,EFVFSLYGML,2028,True,10,
11467,VYPRAWQGMG,2028,True,10,
11468,EIPRQVHSNG,2028,True,10,
11469,YWPRGMKTSG,2028,True,10,
11470,MVPIMLYGPH,2028,True,10,
11471,PARYPRFQPQ,2028,True,10,
11472,WCVRGMHGVG,2028,True,10,
11473,EQPRQVRGVR,2028,True,10,
11474,VMPRQVFATG,2028,True,10,
11475,YNPRAMTGVA,2028,True,10,
11476,HLPTALFGPH,2028,True,10,
11477,YQPRSWTNLH,2028,True,10,
11478,LIPRAVTASG,2028,True,10,
11479,LAVRGMTGTY,2028,True,10,
11480,YWYGWLRGQK,2028,True,10,
11481,CIPSWSDRTH,2028,True,10,
11482,GSPRAYISMQ,2028,True,10,
11483,ATPRAWHGHT,2028,True,10,
11484,TFPKWIRGQI,2028,True,10,
11485,VWPRGSWSTG,2028,True,10,
11486,YIPTAFRGWR,2028,True,10,
11487,VYPRNVGNHF,2028,True,10,
11488,FARPRRGHSP,2028,True,10,
11489,ATPRGVTGLS,2028,True,10,
11490,PSLRQVADIH,2028,True,10,
11491,KVPKGVIDIG,2028,True,10,
11492,QVGHGMRGHV,2028,True,10,
11493,THPRSRTASG,2028,True,10,
11494,AKPRGVIGRG,2028,True,10,
11495,SNPFRYMGHG,2028,True,10,
11496,TFPREVLGTW,2028,True,10,
11497,WSPRGVQSVG,2028,True,10,
11498,RSPLKVTGKQ,2028,True,10,
11499,GHVRGMHTAS,2028,True,10,
11500,TRVLPLHATY,2028,True,10,
11501,TGPKGMKNWT,2028,True,10,
11502,TYPRSWTMAF,2028,True,10,
11503,TIPRNVKAMS,2028,True,10,
11504,AYPSSWTGRK,2028,True,10,
11505,FVPIMLYGQK,2028,True,10,
11506,RHLAKFTGHS,2028,True,10,
11507,SQPVHMWGHS,2028,True,10,
11508,MYPRSMKGQT,2028,True,10,
11509,GFPRAFTGVR,2028,True,10,
11510,TRPRSLSTLF,2028,True,10,
11511,GAPKVALSWA,2028,True,10,
11512,IHPKNVRGRW,2028,True,10,
11513,GVPRAVSGHT,2028,True,10,
11514,PSPRAVWSLG,2028,True,10,
11515,SKPRNVHGRY,2028,True,10,
11516,ATPRGNVGMS,2028,True,10,
11517,HCAQSLIGHS,2028,True,10,
11518,IVPVWMIGTK,2028,True,10,
11519,GTPSKLRTPH,2028,True,10,
11520,GYPRSVRTAS,2028,True,10,
11521,PIVRAVIGNH,2028,True,10,
11522,CGPRAFRGAH,2028,True,10,
11523,VPMSGYTASG,2028,True,10,
11524,EDPGWMTGTK,2028,True,10,
11525,TLPTSLIGVR,2028,True,10,
11526,STPRAVKDQT,2028,True,10,
11527,MYPRAFVAPG,2028,True,10,
11528,VHPRGQVGPS,2028,True,10,
11529,THFRAMTGPK,2028,True,10,
11530,PVPRAQTGAH,2028,True,10,
11531,WYVRAFIGSA,2028,True,10,
11532,FWPRQVTGWI,2028,True,10,
11533,SRPRPYTGHG,2028,True,10,
11534,TKPRAVKGIY,2028,True,10,
11535,PVPRGVTGTA,2028,True,10,
11536,IWPHAFIGQR,2028,True,10,
11537,FAPRGSTGQR,2028,True,10,
11538,YMPRGYIGKA,2028,True,10,
11539,HVPRKFHAET,2028,True,10,
11540,SVPRQVTASG,2028,True,10,
11541,EDVRGVASQG,2028,True,10,
11542,MSPVQMRGPG,2028,True,10,
11543,STGIPVGMRQ,2028,True,10,
11544,PIPRPVRDTD,2028,True,10,
11545,AWPRNYRGPQ,2028,True,10,
11546,FPAFHMHGHV,2028,True,10,
11547,TSPRKYIGLG,2028,True,10,
11548,AHWHGSHGAR,2028,True,10,
11549,YTPRGNHARG,2028,True,10,
11550,NGPRAIWSGA,2028,True,10,
11551,YKPRNVGSHE,2028,True,10,
11552,GRPRTLSVNA,2028,True,10,
11553,YVPRGVHSPS,2028,True,10,
11554,ICPVSLVGVA,2028,True,10,
11555,HVPRQVFNGW,2028,True,10,
11556,WNPRGNRGRV,2028,True,10,
11557,SVPRAVKTMR,2028,True,10,
11558,PFVRAFSGHG,2028,True,10,
11559,GTPRSHKSAG,2028,True,10,
11560,LWPRGSTASG,2028,True,10,
11561,SVPQWILSAR,2028,True,10,
11562,YQPRAVWGHA,2028,True,10,
11563,PTPRQYSGVH,2028,True,10,
11564,SPVLGMTGIY,2028,True,10,
11565,IHYHFLILQT,2028,True,10,
11566,DYPRAFHGMH,2028,True,10,
11567,FSPRQVTGKG,2028,True,10,
11568,PDPTGMVSAF,2028,True,10,
11569,HTPSWVKGMH,2028,True,10,
11570,SIPRPLVGHW,2028,True,10,
11571,GSPRQVWTAS,2028,True,10,
11572,YVPRGVHAIL,2028,True,10,
11573,ICQRFIRGEG,2028,True,10,
11574,PQPRNVSDQV,2028,True,10,
11575,RGPVPMTAGV,2028,True,10,
11576,VSPKHVTGHR,2028,True,10,
11577,GTPRAVMDGH,2028,True,10,
11578,RHWAPLTSIH,2028,True,10,
11579,GLPTAWMGPY,2028,True,10,
11580,SNPRGVKSMH,2028,True,10,
11581,VFPRAFTGVG,2028,True,10,
11582,VFPGSMSGPV,2028,True,10,
11583,DHPRGMTGAH,2028,True,10,
11584,DGVAGVHGKG,2028,True,10,
11585,VAPKLVSGNG,2028,True,10,
11586,YVPRAVTASG,2028,True,10,
11587,DLPSAIMVSR,2028,True,10,
11588,DPPGLMHGRS,2028,True,10,
11589,FYARKMVSVI,2028,True,10,
11590,SNPRSVWGAG,2028,True,10,
11591,MGPSGVYDMG,2028,True,10,
11592,PMWRAYHGLR,2028,True,10,
11593,PFHRFLASIK,2028,True,10,
11594,NKVMWMWGYG,2028,True,10,
11595,EPFRAMYGIS,2028,True,10,
11596,AQPRSHRTWA,2028,True,10,
11597,VNPFGMKSPV,2028,True,10,
11598,QSPRQVTASG,2028,True,10,
11599,IVPVWMWGTQ,2028,True,10,
11600,GVPRAVWTAS,922,True,10,
11601,YVPSAQSAGF,922,True,10,
11602,QLRVPRSISY,922,True,10,
11603,FHPSAFKGNL,922,True,10,
11604,GVPRAVKTAS,922,True,10,
11605,YCPRAVSDAY,922,True,10,
11606,WKPQWMKGPV,922,True,10,
11607,RFPRPIWSQH,922,True,10,
11608,FIPVPWAGNG,922,True,10,
11609,PEPRNVRVWK,922,True,10,
11610,AKPFAYTGRI,922,True,10,
11611,VYPARFQSAF,922,True,10,
11612,THPKQMRGAY,922,True,10,
11613,PRPFGVKSHL,922,True,10,
11614,KTPRGMANWL,922,True,10,
11615,LAPYHWQSGT,922,True,10,
11616,YLRVKRSIHK,922,True,10,
11617,HTPRSNTGNQ,922,True,10,
11618,IMPSGVTASG,922,True,10,
11619,QVPRVLAVEK,922,True,10,
11620,VSPRLYKSEL,922,True,10,
11621,RMPRSYMNVA,922,True,10,
11622,YFPYNWRSEV,922,True,10,
11623,YNPARFTSNS,922,True,10,
11624,HSPRGVTASG,922,True,10,
11625,WMPRQVFTGF,922,True,10,
11626,YKPANWRGTY,922,True,10,
11627,KQPFGQKTVF,922,True,10,
11628,GAPRAFWTAS,922,True,10,
11629,CVCYPNKQDP,922,True,10,
11630,RYVAAHYSRL,922,True,10,
11631,RIPVPYISNW,922,True,10,
11632,FLRLPITRAV,922,True,10,
11633,WHPAGSRTRG,922,True,10,
11634,FAPRVYAAWG,922,True,10,
11635,NIPMWSTASG,922,True,10,
11636,RPRVARAVLC,922,True,10,
11637,RAPVAFWGHQ,922,True,10,
11638,PVPRAVFYGA,922,True,10,
11639,LPATALFSPW,922,True,10,
11640,QVTRAWRAPT,922,True,10,
11641,RAPVAFRGKS,922,True,10,
11642,HAVWAVIAHF,922,True,10,
11643,AFWGAFSANW,922,True,10,
11644,GRPRSWIAMV,922,True,10,
11645,EKPRNVFYMF,922,True,10,
11646,QYPSHFMAGW,922,True,10,
11647,TSVRGYIAES,922,True,10,
11648,SGPFSNTASG,922,True,10,
11649,LGPRYWRTWA,922,True,10,
11650,QAPRNVKGMQ,922,True,10,
11651,AHARAFQARF,922,True,10,
11652,KDPRGYRGPF,922,True,10,
11653,GWVRAVWTAS,922,True,10,
11654,VRPRAFAGPW,922,True,10,
11655,GVPRAVATAS,922,True,10,
11656,LAPRAVHNSW,922,True,10,
11657,KWPKEWYAYL,922,True,10,
11658,RGPAPWLAPY,922,True,10,
11659,KTWRGMHSAY,922,True,10,
11660,FVPRQVTSRI,922,True,10,
11661,YSPRGVTASG,922,True,10,
11662,HRWFSMLATY,922,True,10,
11663,VSPRAYIARS,922,True,10,
11664,KRPAGVKSNI,922,True,10,
11665,HSPRPVYSEH,922,True,10,
11666,RWPREVHAPA,922,True,10,
11667,VKPSGWTASG,922,True,10,
11668,CPMGWKRGPV,922,True,10,
11669,KAVKGMYGNG,922,True,10,
11670,EAPRSWQGPI,922,True,10,
11671,QAPRSYKGSY,922,True,10,
11672,PVPRAVYGMF,922,True,10,
11673,VPDNPYSFYR,922,True,10,
11674,WSPRNVYVIG,922,True,10,
11675,QMPAQMWGTF,922,True,10,
11676,IQPARVHANH,922,True,10,
11677,WGRFPRMFGD,922,True,10,
11678,SGPRAVSATA,922,True,10,known_sequence
11679,FPVMSFRSEI,922,True,10,
11680,TAPKVMSGNQ,922,True,10,
11681,RVPKAVHSPG,922,True,10,
11682,GSARAMQIWH,922,True,10,
11683,GQPRAVSTAS,922,True,10,
11684,PNRVQRPATP,922,True,10,
11685,MHPFKMTASG,922,True,10,
11686,WKPAYWRTQR,922,True,10,
11687,GYPRAFTASG,922,True,10,
11688,VTPRSNYDLT,922,True,10,
11689,AVPRAVHGSW,922,True,10,
11690,WKPVNYKSPH,922,True,10,
11691,PWPRQVKGPL,922,True,10,
11692,ANPSGWRTNH,922,True,10,
11693,MPFYNMRSEH,922,True,10,
11694,YPHGSLYTGK,922,True,10,
11695,RIPRPVKSNF,922,True,10,
11696,ARPRSYLSEF,922,True,10,
11697,QKPHAFHGLQ,922,True,10,
11698,GIPRVAQAIH,922,True,10,
11699,AQPHGFTASG,922,True,10,
11700,KFPRYMHGQF,922,True,10,
11701,VPPRISDYPR,922,True,10,
11702,SQPRSWTNQL,922,True,10,
11703,IVPRQVITSY,922,True,10,
11704,SRPGNFSVNT,922,True,10,
11705,RNPKRVVMGR,922,True,10,
11706,PSPQAVLSIL,922,True,10,
11707,QIPRAVFVAY,922,True,10,
11708,TFPRAFRGWI,922,True,10,
11709,AMPGSNIGET,922,True,10,
11710,DAPAGVKATR,922,True,10,
11711,MAPVAFWGSK,922,True,10,
11712,TWPRGNVGPK,922,True,10,
11713,HGPRAVLAIG,922,True,10,
11714,KPPLAVKDLT,922,True,10,
11715,TRPSWVFVQA,922,True,10,
11716,KGPSGNRAET,922,True,10,
11717,PYPRGVGANI,922,True,10,
11718,PVPRAVSVNF,922,True,10,
11719,KVARPLSGVG,922,True,10,
11720,RFPRAFVASA,922,True,10,
11721,YSPRAVYGNF,922,True,10,
11722,RHPAQMLDAL,922,True,10,
11723,KGPRSYQGTA,922,True,10,
11724,RGPVAYKGVK,922,True,10,
11725,VPVSAVWAGQ,922,True,10,
11726,QFPRAFTWRV,922,True,10,
11727,PVPRGVASGW,922,True,10,
11728,AKPSGWRTLG,922,True,10,
11729,SKPKPIWAQS,922,True,10,
11730,MVPRAVRDQF,922,True,10,
11731,RMPRSYSAKR,922,True,10,
11732,KLARAMWGMG,922,True,10,
11733,VFPSGVTAGH,922,True,10,
11734,GEVRAFRGHI,922,True,10,
11735,KRPRPVRSMW,922,True,10,
11736,STNRMLVSNW,922,True,10,
11737,SMPRNVTASG,922,True,10,
11738,LGPEPMLGQF,922,True,10,
11739,GKPLPFWGSG,922,True,10,
11740,YSPRVIVASL,922,True,10,
11741,FMPKQNRGIS,922,True,10,
11742,SPAYGMYSTA,922,True,10,
11743,GPPRAFAGSF,922,True,10,
11744,HSPEWMLSTH,922,True,10,
11745,ARPRSVLYVW,922,True,10,
11746,RHRRMRSPVF,922,True,10,
11747,SRPRMLTASG,922,True,10,known_sequence
11748,VYPRVYSGNA,922,True,10,
11749,HQPRNVRSPL,922,True,10,
11750,KYPRSYAGNQ,922,True,10,
11751,PKPRAVMSGI,922,True,10,
11752,GTPRSNIGRV,922,True,10,
11753,LIPTSFIGFQ,922,True,10,
11754,GQVRAWRSTW,922,True,10,
11755,EYPRAFHGPK,922,True,10,
11756,KTPASWVSGF,922,True,10,
11757,MRPAFKGQMN,922,True,10,
11758,LKPVAYHDVA,922,True,10,
11759,IPWELPGVRE,922,True,10,
11760,QAPRSVTASG,922,True,10,
11761,KFPASFQGHI,922,True,10,
11762,EKPRSVFGEA,922,True,10,
11763,LGPAPQRGTV,922,True,10,
11764,NRPSAMTASG,922,True,10,
11765,LRPRQVADWR,922,True,10,
11766,VQPRGDHYTA,922,True,10,
11767,SNPLRQMSTH,922,True,10,
11768,VMRSPRAVEG,922,True,10,
11769,MAPRSYIGKW,922,True,10,
11770,RMPRNVAGQS,922,True,10,
11771,QGRFARSVPA,922,True,10,
11772,TIPRPIWSWA,922,True,10,
11773,CGPSGSTASG,922,True,10,
11774,GARPARIPTS,922,True,10,
11775,TVPVQMWSGS,922,True,10,
11776,DIPRSVFATS,922,True,10,
11777,PQPRQVYGRG,922,True,10,
11778,PCPTGMTVPR,922,True,10,
11779,NHPYQMRGPV,922,True,10,
11780,RGPSPVFANL,922,True,10,
11781,RLAKPNLSVA,922,True,10,
11782,VPVQNFLGAH,922,True,10,
11783,PTPRSHRAGV,922,True,10,
11784,FNPVPMWSPF,922,True,10,
11785,DLGRPLISQS,922,True,10,
11786,KFPSGNRGVG,922,True,10,
11787,STPKQMQDNR,922,True,10,
11788,RSPLQVHGAY,922,True,10,
11789,MGPAPGAQFY,922,True,10,
11790,QRPSGVTASG,922,True,10,
11791,KFYFNIQSVY,922,True,10,
11792,SLPRLYHGEG,922,True,10,
11793,FGPRAFRAWG,922,True,10,
11794,WPPRGNSGPF,922,True,10,
11795,PFPRAFTSNS,922,True,10,
11796,VSPRAFVSEG,922,True,10,
11797,ATPRGQIGPL,922,True,10,
11798,YAPASVTASG,922,True,10,
11799,AVPRAVHSMW,922,True,10,
11800,PRVAWVLSTK,922,True,10,
11801,TRPRAVHGGA,922,True,10,
11802,LQPSGMVDPY,922,True,10,
11803,SYPIPFRSGK,922,True,10,
11804,GQPRASWAIV,922,True,10,
11805,LVPKVQIAHK,922,True,10,
11806,GFTMWSTSHK,922,True,10,
11807,NHPRSYIAWS,922,True,10,
11808,FAEYKVQHRE,922,True,10,
11809,TAPKLIWGNA,922,True,10,
11810,VAPRSWLGPK,922,True,10,
11811,CSVMWMTAPS,922,True,10,
11812,RVPKGMISVI,922,True,10,
11813,RKPLAMAGRG,922,True,10,
11814,GNPLATHVKG,922,True,10,
11815,VAPAVNAGEV,922,True,10,
11816,TVAKPVWSTA,922,True,10,
11817,RGPSSYLSTA,922,True,10,
11818,RDVWAVFGEA,922,True,10,
11819,GTPRGNTTGS,922,True,10,
11820,TGPSMLMGSF,922,True,10,
11821,VKPSGVRTIA,922,True,10,
11822,QYVGVRPVAH,922,True,10,
11823,ETPRQVYAGS,922,True,10,
11824,VMPRAFYGNA,922,True,10,
11825,DFPRAFIAQF,922,True,10,
11826,KRPSRMYGNY,922,True,10,
11827,AVPSQVQAEG,922,True,10,
11828,GTPRAVTASG,922,True,10,
11829,QRPVPMWSNI,922,True,10,
11830,FYPRGNTGIY,922,True,10,
11831,VFWGNMFGEG,922,True,10,
11832,TVPRAVVSFQ,922,True,10,
11833,IVPRAVATHG,922,True,10,
11834,CTPVELRGAL,922,True,10,
11835,RAPVAFYAHQ,922,True,10,
11836,YGPRAYSDTF,922,True,10,
11837,SKPVAYHAIV,922,True,10,
11838,EDPRGSTSGA,922,True,10,
11839,RHPSHFIDGH,922,True,10,
11840,GEPRNVTASG,922,True,10,
11841,NAPSHWQSGQ,922,True,10,
11842,SNPRAVIDWR,922,True,10,
11843,WSPKGVIGQK,922,True,10,
11844,WEKGLSETVN,922,True,10,
11845,GTPIEYRAWS,922,True,10,
11846,YGPRSYISGY,922,True,10,
11847,FDPYPMWSWV,922,True,10,
11848,MDPRQVHSGI,922,True,10,
11849,TKPVWYMSHF,922,True,10,
11850,PKVAAVHGAV,922,True,10,
11851,PSPRAVASWI,922,True,10,
11852,MAPRQVTASG,922,True,10,
11853,TNVFWYIQTS,922,True,10,
11854,PSPRKFHGNL,922,True,10,
11855,VAPRAWHYTV,922,True,10,
11856,RKPAPWWGSI,922,True,10,
11857,QYPRGNYGMT,922,True,10,
11858,AGPMGQSTIS,922,True,10,
11859,WQVMSMLGTL,922,True,10,
11860,KNPRAVKGSG,922,True,10,
11861,TPARAMSGQH,922,True,10,
11862,SYPRGMRTQK,922,True,10,
11863,GHVFWMWGWK,922,True,10,
11864,WPVAGHRDKA,922,True,10,
11865,FRPRQVHAHW,922,True,10,
11866,VGPAPLHGPS,922,True,10,
11867,SHPRVYASTF,922,True,10,
11868,AVPKPVMANG,922,True,10,
11869,TEPFRQVGPQ,922,True,10,
11870,KYPRAMYGVG,922,True,10,
11871,PAVRGSTATA,922,True,10,
11872,QHYGPFLSEY,922,True,10,
11873,IWVGAQTANR,922,True,10,
11874,FGPRAHRVQV,922,True,10,
11875,MNPRNVKGPR,922,True,10,
11876,IAPRATHSWG,922,True,10,
11877,GPVHAFYVNF,922,True,10,
11878,RHPIPIWSAI,922,True,10,
11879,RTPVGQSDRF,922,True,10,
11880,LAMLGQLDRK,922,True,10,
11881,SPPSAVLTPH,922,True,10,
11882,KGPSGWTASG,922,True,10,
11883,TRVLHMSAIG,922,True,10,
11884,AGPSGMTASG,922,True,10,
11885,VKPSGVTASG,922,True,10,known_sequence
11886,SQPIPFVGKL,922,True,10,
11887,RPAQDLKTHY,922,True,10,
11888,VFPSGMTAGY,922,True,10,
11889,HTVRGVRAYW,922,True,10,
11890,LWGSPRQVLP,922,True,10,
11891,TQPRAVHNVK,922,True,10,
11892,ASPRPFHSTF,922,True,10,
11893,VQPRVLADNV,922,True,10,
11894,RVPRQVTASG,922,True,10,
11895,SYPRGMGAGV,922,True,10,
11896,STPRQILGMV,922,True,10,
11897,GAPRAHTASG,922,True,10,
11898,RSPLKRSVSF,922,True,10,
11899,TKPKGVRSMG,922,True,10,
11900,RKPLEVLGQY,922,True,10,
11901,GRPSWVTASG,922,True,10,
11902,RTPSGWTAIG,922,True,10,
11903,RPPSAYHAWA,922,True,10,
11904,AKPAPWSGSI,922,True,10,
11905,PWRSPRSVAS,922,True,10,
11906,AMVRAVFANH,922,True,10,
11907,PVPRLVRSNL,922,True,10,
11908,YNPRAVYVQT,922,True,10,
11909,VHPRVMFAHF,922,True,10,
11910,WCAQELTGWF,922,True,10,
11911,YVPRGVSDAH,922,True,10,
11912,REPARYTASG,922,True,10,
11913,FQPRSWHSGQ,922,True,10,
11914,TIPFPFESAF,922,True,10,
11915,MSPRQVFGAL,922,True,10,
11916,TIPAWVRANA,922,True,10,
11917,AYPRAFHSMA,922,True,10,
11918,WIPRPVMSWG,922,True,10,
11919,IWRLKRVRSR,922,True,10,
11920,TKPFPWAGSK,922,True,10,
11921,TPVGWMQGMK,922,True,10,
11922,KMPSGVTASG,922,True,10,
11923,SPAHGMRSPS,922,True,10,
11924,WAPRPVASMY,922,True,10,
11925,CMANPVLNSG,922,True,10,
11926,RWPRAFYAKT,922,True,10,
11927,TFCLISVLPL,922,True,10,
11928,QSPKGVRTES,922,True,10,
11929,VWPVEMRSPL,922,True,10,
11930,KTPKQVRTGF,922,True,10,
11931,RMPRSYLSNF,922,True,10,
11932,VGSRALHGEH,922,True,10,
11933,AGPSGTVSPV,922,True,10,
11934,RLPKLVTASG,922,True,10,
11935,KSRTISWPTS,922,True,10,
11936,TCPMGMASNH,922,True,10,
11937,NRPRSVRNIS,922,True,10,
11938,SLGRMRPLEN,922,True,10,
11939,YRPRAFAGET,922,True,10,
11940,DFPVWMHSIF,922,True,10,
11941,IRPAGVHSWR,922,True,10,
11942,YVPRAVYQKY,922,True,10,
11943,RGPIPLYSMA,922,True,10,
11944,RAPVRFMSVG,922,True,10,
11945,GKPASWRTAS,922,True,10,
11946,GHPLPWIAPF,922,True,10,
11947,RVPGAFRGPV,922,True,10,
11948,GHPSPFTNMG,922,True,10,
11949,SLPRPVFSPL,922,True,10,
11950,DLPRAVFAHS,922,True,10,
11951,MKPVNYTASG,922,True,10,
11952,YLPRAVFSEI,922,True,10,
11953,GMPRSVLSTR,922,True,10,
11954,YSPRGVTAGI,922,True,10,
11955,SFARVLYSMS,922,True,10,
11956,HQPRAVHSEL,922,True,10,
11957,AMPKGYRGNV,922,True,10,
11958,IHPRGVKTMT,922,True,10,
11959,RHPSFIFSMA,922,True,10,
11960,ATPRASGSVL,922,True,10,
11961,GNPLKQRAKS,922,True,10,
11962,RPPVAFRGEK,922,True,10,
11963,AHPASWRSPW,922,True,10,
11964,VGPSGVTASG,922,True,10,
11965,ALPIEPWYMA,922,True,10,
11966,TLVRAFYGVW,922,True,10,
11967,SAPRAVDAWV,922,True,10,
11968,RMPRSYANHQ,922,True,10,
11969,RGPSMLKSNH,922,True,10,
11970,ASYRSMTASG,922,True,10,
11971,VGPSGFTARH,922,True,10,
11972,MVPRGVTASG,922,True,10,
11973,RGPVQLWSNT,922,True,10,
11974,RGPRSYTASG,922,True,10,
11975,VKPSGVTASG,922,True,10,known_sequence
11976,ANPARFLGPK,922,True,10,
11977,AGVRAVRGRY,922,True,10,
11978,PGPRPVPASK,922,True,10,
11979,KGPRGVRTEH,922,True,10,
11980,MWPRKQTSHI,922,True,10,
11981,EAPRGVTASG,922,True,10,
11982,PNVRWYASGV,922,True,10,
11983,KTPGQMANTF,922,True,10,
11984,PWSMRKSNER,922,True,10,
11985,DAPKGMRVGR,922,True,10,
11986,KVPRGVTASG,922,True,10,
11987,VNPRGMRTWG,922,True,10,
11988,SCPTGMTASG,922,True,10,
11989,GPPRSTVSMV,922,True,10,
11990,NHPVGQRSPT,922,True,10,
11991,GRPSPFLSVT,922,True,10,
11992,AELRSMTASG,922,True,10,
11993,RVPRGVHVWI,922,True,10,
11994,KLYASMVSTW,922,True,10,
11995,VQPRSHSDGA,922,True,10,
11996,GQPRSYLTAS,922,True,10,
11997,SYPRAYSQVL,922,True,10,
11998,KGPSGVTASG,922,True,10,
11999,VSPRMLAGAY,922,True,10,
12000,HPCGLHPMYF,8990,True,10,
12001,RPPSSLVGVA,8990,True,10,
12002,DKPRDIRAGV,8990,True,10,
12003,QWPLTIRTGF,8990,True,10,
12004,SEPKGLVDTV,8990,True,10,
12005,HGPSSLRGNG,8990,True,10,
12006,LIPNCLWDVG,8990,True,10,
12007,TQPVQLKGEQ,8990,True,10,
12008,RNPKGLRDPF,8990,True,10,
12009,REPVFLRDGH,8990,True,10,
12010,WQPRSLIGIS,8990,True,10,
12011,LTPRYLRGQL,8990,True,10,
12012,PRPLAHTDNR,8990,True,10,
12013,VSPSNLTDQY,8990,True,10,
12014,GMPRSLYTAS,8990,True,10,
12015,NDPRGLSDGT,8990,True,10,
12016,TDPSGVTDHQ,8990,True,10,
12017,GTPASLYGQK,8990,True,10,
12018,PIPRPVHAQS,8990,True,10,
12019,NHPRQLKSEG,8990,True,10,
12020,YQPNWMQDIG,8990,True,10,
12021,LQPIPILNLI,8990,True,10,
12022,FPNLPFRGHG,8990,True,10,
12023,PHPRTLISKH,8990,True,10,
12024,GWPVPLRGWG,8990,True,10,
12025,TRLYPLWGPR,8990,True,10,
12026,YTPRGLADNG,8990,True,10,
12027,QTPTALYNKG,8990,True,10,
12028,KEPNYLHAGV,8990,True,10,
12029,LYPVNLVGRY,8990,True,10,
12030,IAPVAIHSNA,8990,True,10,
12031,VQPRNISDHL,8990,True,10,
12032,HYPRSLYTNI,8990,True,10,
12033,AIPTSLTGPI,8990,True,10,
12034,ALPRAVWDPA,8990,True,10,
12035,DQPTGLVDGV,8990,True,10,
12036,ESPIHMRGPK,8990,True,10,
12037,SGPRTLVTTA,8990,True,10,
12038,VQPVHLQGNH,8990,True,10,
12039,EFPTGLRDGK,8990,True,10,
12040,NRTLNLYGMS,8990,True,10,
12041,TQPKGLIDGH,8990,True,10,
12042,PIESPLYGTY,8990,True,10,
12043,WQPVALTGTF,8990,True,10,
12044,FNPRMLVGPS,8990,True,10,
12045,LFPSSLRGLW,8990,True,10,
12046,TCPTGLRTLG,8990,True,10,
12047,GFPRNSRTAS,8990,True,10,
12048,PHPRSLSGTR,8990,True,10,
12049,HVPVPLQNQY,8990,True,10,
12050,DSPTALKAQA,8990,True,10,
12051,NVPRQVSDGR,8990,True,10,
12052,TFPRSLRGAW,8990,True,10,
12053,WHPVSLIGHV,8990,True,10,
12054,INPVALWSRF,8990,True,10,
12055,FVPTGLSDVG,8990,True,10,
12056,QYPVPMTGVT,8990,True,10,
12057,DLPRFLVGTR,8990,True,10,
12058,LSPRAVQSGT,8990,True,10,
12059,DYPYPLRTKG,8990,True,10,
12060,EYPRDIASGA,8990,True,10,
12061,DAPTGLRDAY,8990,True,10,
12062,NGQYPTDYPK,8990,True,10,
12063,WYPTGLRDIG,8990,True,10,
12064,WGPTALTGHY,8990,True,10,
12065,IKPVYLYDMV,8990,True,10,
12066,WAPVHLTASG,8990,True,10,
12067,VTPRSLWSLG,8990,True,10,
12068,SQPTGLKDPQ,8990,True,10,
12069,SVPTGLRDSG,8990,True,10,
12070,WFALNLRGQS,8990,True,10,
12071,LSPATLRGNH,8990,True,10,
12072,WEPADMRGAY,8990,True,10,
12073,STPRNITGEH,8990,True,10,
12074,DVPRGLVGPF,8990,True,10,
12075,GRPNYLRDPG,8990,True,10,
12076,WVAFNLTGPQ,8990,True,10,
12077,WYPVNLRGTV,8990,True,10,
12078,SPSVAPLDMQ,8990,True,10,
12079,LRVRALQDMI,8990,True,10,
12080,PSVRDLKGWA,8990,True,10,
12081,ADPRSLLTAS,8990,True,10,
12082,GPVESLKGRW,8990,True,10,
12083,HWPTALYDWS,8990,True,10,
12084,TAPKSLTASG,8990,True,10,
12085,DNPRSLYTIA,8990,True,10,
12086,AWPVELRDPV,8990,True,10,
12087,STVMGLWATS,8990,True,10,
12088,PTVRALHSAL,8990,True,10,
12089,ARVRAVTASG,8990,True,10,
12090,PARPPRSDPL,8990,True,10,
12091,DLPRNLKGIR,8990,True,10,
12092,TSPVQLYGHK,8990,True,10,
12093,MSPRPFLGPA,8990,True,10,
12094,GQPRYLRTAS,8990,True,10,
12095,GWPVELRGPF,8990,True,10,
12096,PTPRGQIDWA,8990,True,10,
12097,GDPKFLVDSK,8990,True,10,
12098,MTPKGLVDHI,8990,True,10,
12099,KDPVALIGQG,8990,True,10,
12100,ETPRSLADNQ,8990,True,10,
12101,CYPTRLHTRY,8990,True,10,
12102,TFPVELRGNR,8990,True,10,
12103,SEPRNVSAEF,8990,True,10,
12104,WPRHPRWSQP,8990,True,10,
12105,PCPTGLRTSK,8990,True,10,
12106,LVPQWLKDVR,8990,True,10,
12107,LTPLQYRDLG,8990,True,10,
12108,SIPVALRNTI,8990,True,10,
12109,GFPRPLSTAS,8990,True,10,
12110,DGPVPLWSVH,8990,True,10,
12111,TAPAHLWSTV,8990,True,10,
12112,LCPLTIRGNF,8990,True,10,
12113,LWPTALRGEH,8990,True,10,
12114,YVPSAVLDHL,8990,True,10,
12115,YLPAGLKDQG,8990,True,10,
12116,EVPSWLSAMR,8990,True,10,
12117,QYAVALVGWK,8990,True,10,
12118,NYPVALVSAQ,8990,True,10,
12119,YTPRGLADAI,8990,True,10,
12120,GPAQDLRGTF,8990,True,10,
12121,PQPRFLADKK,8990,True,10,
12122,NKPAPWMGPQ,8990,True,10,
12123,GRPKGQHTAS,8990,True,10,
12124,GEPRSLVGTV,8990,True,10,
12125,DTPRSLTGHV,8990,True,10,
12126,IAPVFLIGEA,8990,True,10,
12127,NRPADLKGMG,8990,True,10,
12128,HLPTALYDEA,8990,True,10,
12129,PNPRNVKDPI,8990,True,10,
12130,ERPVAMWDSG,8990,True,10,
12131,GMPLGVKAPG,8990,True,10,
12132,NCPRMLTASG,8990,True,10,
12133,MNPINIRGVR,8990,True,10,
12134,MWPVSLRGAK,8990,True,10,
12135,TDPVALYDMG,8990,True,10,
12136,ADPVGLTDMK,8990,True,10,
12137,ADPTGLRDHI,8990,True,10,
12138,TGPYPLIDSK,8990,True,10,
12139,NWPRSLQDHY,8990,True,10,
12140,EQPVPLRGNF,8990,True,10,
12141,EFPINLRGLW,8990,True,10,
12142,TAPKGLHDAQ,8990,True,10,
12143,WAPTNLRGWY,8990,True,10,
12144,GDPRSLVTAS,8990,True,10,
12145,MWPRTQSDGK,8990,True,10,
12146,IHPRTLVGQV,8990,True,10,
12147,QCPRFLKNWR,8990,True,10,
12148,GEPRNVKTAS,8990,True,10,
12149,PEPVPMWGAL,8990,True,10,
12150,QKPVNLHGRK,8990,True,10,
12151,SYPRSLKGSG,8990,True,10,
12152,QHPVPLYVHA,8990,True,10,
12153,RTPSALWGHL,8990,True,10,
12154,DGPRTLADEA,8990,True,10,
12155,PYATGLRAIL,8990,True,10,
12156,YLPRALYGNQ,8990,True,10,
12157,EDAQALTHWI,8990,True,10,
12158,RVPKGLWDNT,8990,True,10,
12159,SYPRGLSDWG,8990,True,10,
12160,SPMWGLISAR,8990,True,10,
12161,KVPRAVQDAW,8990,True,10,
12162,TSWLALQGIL,8990,True,10,
12163,HLVAWLSAEG,8990,True,10,
12164,VFPHGFLTWL,8990,True,10,
12165,EGPYPLTASG,8990,True,10,
12166,EDAHSLIAPQ,8990,True,10,
12167,DLPTALHAQA,8990,True,10,
12168,EWVRAISDLY,8990,True,10,
12169,DTPAWLRTHK,8990,True,10,
12170,DLPIHLHANV,8990,True,10,
12171,QPLSWVHTQH,8990,True,10,
12172,GWPAGVKTAS,8990,True,10,
12173,MWPVSLWGAR,8990,True,10,
12174,ITPLEQIDHY,8990,True,10,
12175,RAPVAFRAGV,8990,True,10,
12176,GEPRSLTASG,8990,True,10,
12177,GHPRSLATAS,8990,True,10,
12178,TIPRPVQDPR,8990,True,10,
12179,VPPRGLDGIV,8990,True,10,
12180,ESPVALHGWL,8990,True,10,
12181,VLPAYWKGPF,8990,True,10,
12182,HFPRQLSDLR,8990,True,10,
12183,YLPKAIYGWV,8990,True,10,
12184,YGPVPLWGQS,8990,True,10,
12185,DPVYGLTGMV,8990,True,10,
12186,MQPRNVIGWY,8990,True,10,
12187,WFPRPILDWY,8990,True,10,
12188,MGPWPLASLA,8990,True,10,
12189,CKPVALQGSA,8990,True,10,
12190,TRPVPLTDVG,8990,True,10,
12191,FCPVALRGEW,8990,True,10,
12192,ANVRGLHDGA,8990,True,10,
12193,DNPVSLQGWK,8990,True,10,
12194,QEPVAIRGYH,8990,True,10,
12195,ESPVALWDNF,8990,True,10,
12196,DIPNALYGKA,8990,True,10,
12197,TWPRSWRTAS,8990,True,10,
12198,YLPRAIRDGK,8990,True,10,
12199,CRPVPMRNTR,8990,True,10,
12200,WLPIHLQDGY,8990,True,10,
12201,NSPVALRDWG,8990,True,10,
12202,RLPGLLTASG,8990,True,10,
12203,NGPYNLTGPW,8990,True,10,
12204,YLPTALTGVF,8990,True,10,
12205,RSPVQLWGPV,8990,True,10,
12206,KRPLDYKDSK,8990,True,10,
12207,PSPRFLYDNI,8990,True,10,
12208,MPLYTHVPNR,8990,True,10,
12209,SFPNPLWDAL,8990,True,10,
12210,ASPVPLWGPQ,8990,True,10,
12211,NKPAPWRTAS,8990,True,10,
12212,RHPRFLSDVG,8990,True,10,
12213,HIPYPLRDNK,8990,True,10,
12214,HDAQIPLSGY,8990,True,10,
12215,NKPVNLIDSL,8990,True,10,
12216,SQPVPLIGLS,8990,True,10,
12217,QDPIPLKSIG,8990,True,10,
12218,GEPLPVLGRA,8990,True,10,
12219,IAPTALRGKS,8990,True,10,
12220,AKPVYLQGWT,8990,True,10,
12221,YWPTALRNEY,8990,True,10,
12222,LGPRAVLGWT,8990,True,10,
12223,QGPRSLLGHQ,8990,True,10,
12224,LYPRGLHSTL,8990,True,10,
12225,WVPVALRGSG,8990,True,10,
12226,NAPRNVIDGH,8990,True,10,
12227,INPVAIQVGT,8990,True,10,
12228,TNPRNIWDNI,8990,True,10,
12229,NYPRAIRGNT,8990,True,10,
12230,RSPLSWSGPF,8990,True,10,
12231,LRPRSLQDNT,8990,True,10,
12232,HGPVSLWGMT,8990,True,10,
12233,APVLHLASAR,8990,True,10,
12234,SPQLGMRGPS,8990,True,10,
12235,AHPVALYGRT,8990,True,10,
12236,WPAVGLNGRA,8990,True,10,
12237,YTPVELIGTY,8990,True,10,
12238,ASPVQLWSAY,8990,True,10,
12239,NHPRDIYTKY,8990,True,10,
12240,FAPTALHAKL,8990,True,10,
12241,NVPVSLKGLQ,8990,True,10,
12242,AVPTGLQGQG,8990,True,10,
12243,HQPRTLVDNW,8990,True,10,
12244,GCPIPLTASG,8990,True,10,
12245,SDPYGLRTHG,8990,True,10,
12246,PTPRSWKDGA,8990,True,10,
12247,PFPRSLSTNG,8990,True,10,
12248,ITPRGYIGWY,8990,True,10,
12249,CNPVSLRGWQ,8990,True,10,
12250,ATPVGLTAWV,8990,True,10,
12251,QWPSGLRGEH,8990,True,10,
12252,VHPRTLVTNS,8990,True,10,
12253,DTARSLWGSW,8990,True,10,
12254,CAPNALYDLG,8990,True,10,
12255,DAPVGLYGEI,8990,True,10,
12256,FWPVPLRDAS,8990,True,10,
12257,GPALPLRSTH,8990,True,10,
12258,VNPKQMRHWA,8990,True,10,
12259,GLARALQDSV,8990,True,10,
12260,YHPVSLRGQI,8990,True,10,
12261,TVPVQLMDPI,8990,True,10,
12262,QNPVALWSPQ,8990,True,10,
12263,TYPVMLTGWI,8990,True,10,
12264,DLPVHLIGVL,8990,True,10,
12265,LQPRSLVDPG,8990,True,10,
12266,RLPINLIGPS,8990,True,10,
12267,GRPRSLSTAS,8990,True,10,
12268,IAPAGVHSNI,8990,True,10,
12269,HVPRGLTASG,8990,True,10,
12270,GCPRAIRTAS,8990,True,10,
12271,NAPINLRSGW,8990,True,10,
12272,YTPVPLSGKY,8990,True,10,
12273,TQPVPLTAPV,8990,True,10,
12274,FHPRNILSRG,8990,True,10,
12275,SGPRQLTAEA,8990,True,10,
12276,TAPVALRGIL,8990,True,10,
12277,SHPVALRGAI,8990,True,10,
12278,GRPVPLWSNQ,8990,True,10,
12279,GEPRNVATAS,8990,True,10,
12280,GMPRPVWAWS,8990,True,10,
12281,VFCLPLRPYG,8990,True,10,
12282,VLPRTLVTAS,8990,True,10,
12283,ELARAMYGAF,8990,True,10,
12284,YEPKGLYDPR,8990,True,10,
12285,NQPVPMLDPG,8990,True,10,
12286,STPTALRGVG,8990,True,10,
12287,GRAVALVGPY,8990,True,10,
12288,IQPTALQSIV,8990,True,10,
12289,RVPRGVADMI,8990,True,10,
12290,GLPRAGVDRF,8990,True,10,
12291,YVPRGLSDKV,8990,True,10,
12292,DYPFNRDVSG,8990,True,10,
12293,GHPIELRGSA,8990,True,10,
12294,YTPRSLYDNA,8990,True,10,
12295,LREPSLYVHG,8990,True,10,
12296,EFPRQVHDHA,8990,True,10,
12297,LQPRNYAVWV,8990,True,10,
12298,FAPTALVAIA,8990,True,10,
12299,KQPIPMLGAV,8990,True,10,
12300,WCSLALYSNV,8990,True,10,
12301,GNPYNLVSHG,8990,True,10,
12302,VSPSTLASMG,8990,True,10,
12303,QAGFPLMALG,8990,True,10,
12304,GFPVNLRGQY,8990,True,10,
12305,AFPRQLWDKR,8990,True,10,
12306,RWPVAMQGPS,8990,True,10,
12307,RNPAGVKTGK,8990,True,10,
12308,VDPRPLSTPR,8990,True,10,
12309,NCPTGLRTGS,8990,True,10,
12310,FYPIPLWAHV,8990,True,10,
12311,GAPRFLWGER,8990,True,10,
12312,HDPRSLLGPF,8990,True,10,
12313,KSPVFLMSEK,8990,True,10,
12314,RWPVGLRGML,8990,True,10,
12315,QWLGTLTASG,8990,True,10,
12316,TGSEPLYATA,8990,True,10,
12317,ETPQWIRGEY,8990,True,10,
12318,QHPVGLFDTF,8990,True,10,
12319,THPRALFDLK,8990,True,10,
12320,WDPKGLSGEG,8990,True,10,
12321,HDPYNLRGQG,8990,True,10,
12322,IQPRDIRDIW,8990,True,10,
12323,AHPVSLRGHF,8990,True,10,
12324,YLPTALYANK,8990,True,10,
12325,KIPRPVIGYA,8990,True,10,
12326,MSPKGVTDLT,8990,True,10,
12327,TAPWGLSANH,8990,True,10,
12328,NHPVALHGQT,8990,True,10,
12329,GLPDAITASG,8990,True,10,
12330,DQPRSWTNIR,8990,True,10,
12331,YGPSGFWDTY,8990,True,10,
12332,QCPRFLQGLG,8990,True,10,
12333,LDPTALQDNV,8990,True,10,
12334,ANPVARDVPQ,8990,True,10,
12335,DAPYPLRNWY,8990,True,10,
12336,STPTPLWSQR,8990,True,10,
12337,MNVKGQSTQA,8990,True,10,
12338,LYPRGLGDGL,8990,True,10,
12339,QSPVQLHGVL,8990,True,10,
12340,PVPRAVHAFR,8990,True,10,
12341,CGPAGLSTAG,8990,True,10,
12342,EFPSGVRSEQ,8990,True,10,
12343,NYPTGLRTVF,8990,True,10,
12344,DCHLALRGTH,8990,True,10,
12345,HLPRAITDQG,8990,True,10,
12346,PSPVQLRGNY,8990,True,10,
12347,WLPTSLFSRG,8990,True,10,
12348,THPRSLYTQR,8990,True,10,
12349,SHPVPLWGTA,8990,True,10,
12350,NQPVPLIGSV,8990,True,10,
12351,PSPVPLWDPI,8990,True,10,
12352,FRPGNLSDPH,8990,True,10,
12353,AGPRSLADMY,8990,True,10,
12354,PHPRSLKDWL,8990,True,10,
12355,YRPVPLHDNH,8990,True,10,
12356,SYPRGLHDAG,8990,True,10,
12357,GYPRGLSTAS,8990,True,10,
12358,HDPRSLSGEY,8990,True,10,
12359,MYPRAGVGSG,8990,True,10,
12360,AWFHALRSTR,8990,True,10,
12361,QLPKSLYDLS,8990,True,10,
12362,ELPVSLVSLH,8990,True,10,
12363,PRVAHLFSHT,8990,True,10,
12364,CKGRALTLPL,8990,True,10,
12365,NVPRPLWDMI,8990,True,10,
12366,IPHNPLVAIA,8990,True,10,
12367,YDPRSLTASG,8990,True,10,
12368,GVPVPLTGEY,8990,True,10,
12369,RYPNAFTGNG,8990,True,10,
12370,YSPVSLQGTF,8990,True,10,
12371,WDPVQLRGKT,8990,True,10,
12372,STPVALYGSK,8990,True,10,
12373,GTPVGLQSNR,8990,True,10,
12374,SMPLGQSQNG,8990,True,10,
12375,RLPVAILGNY,8990,True,10,
12376,EAPRSLTASG,8990,True,10,
12377,SPVNSLRGMF,8990,True,10,
12378,YQPVPMTGPY,8990,True,10,
12379,NVPTGLQNEQ,8990,True,10,
12380,TLPVAIKDPK,8990,True,10,
12381,IRPRSLTASG,8990,True,10,
12382,HKPVALRGKH,8990,True,10,
12383,GNPYAKRGVA,8990,True,10,
12384,LVWRAWTSPF,8990,True,10,
12385,VYPTNLRGAQ,8990,True,10,
12386,HDPNYLSTQA,8990,True,10,
12387,GNPAGVKGAG,8990,True,10,
12388,RCPTGLTDIR,8990,True,10,
12389,PLPTALTASG,8990,True,10,
12390,RIPRAVQDQI,8990,True,10,
12391,CHPVSLRGIQ,8990,True,10,
12392,QGPRSVRDER,8990,True,10,
12393,NDPRSLWAKG,8990,True,10,
12394,PFPVNLRGHI,8990,True,10,
12395,QNPLYLKGSQ,8990,True,10,
12396,EPAQALWGPG,8990,True,10,
12397,WDPVSLRDSQ,8990,True,10,
12398,HDPVALRGWK,8990,True,10,
12399,WALDFLSDPY,8990,True,10,
12400,VLPRVPASQT,1567,True,10,
12401,VWPEPQSDGH,1567,True,10,
12402,GSPRMLYTAS,1567,True,10,
12403,GYPMSWYGQW,1567,True,10,
12404,QAPVPFWSKR,1567,True,10,
12405,GFPMSWITAS,1567,True,10,
12406,NSPSDRQATY,1567,True,10,
12407,GTPRSWTVMS,1567,True,10,
12408,CQPRDYKGKG,1567,True,10,
12409,RQPRQVTASG,1567,True,10,
12410,WGPKPVRQWK,1567,True,10,
12411,THPRGFKGWI,1567,True,10,
12412,PGPAPMWDKR,1567,True,10,
12413,MYPRAFHSGR,1567,True,10,
12414,GVPRFVMDRF,1567,True,10,
12415,KRARWLMAMQ,1567,True,10,
12416,MRPRGYKAMW,1567,True,10,
12417,VIPRAVWSEW,1567,True,10,
12418,GTPRGQMDGW,1567,True,10,
12419,MGPSGFQTWQ,1567,True,10,
12420,AKPAHWTASG,1567,True,10,
12421,HVPRQVLSPG,1567,True,10,
12422,PVPRAWIGWT,1567,True,10,
12423,ARPRSYTASG,1567,True,10,
12424,GCPRAFRAPS,1567,True,10,
12425,PGPGSWRTQG,1567,True,10,
12426,TVPRAWSAGQ,1567,True,10,
12427,YTPGAMINPF,1567,True,10,
12428,RHPRDMYSAL,1567,True,10,
12429,NARYRRYWTP,1567,True,10,
12430,EPVKWMYSMG,1567,True,10,
12431,YCPTGLFDEG,1567,True,10,
12432,HAPRAVFSWR,1567,True,10,
12433,CMPRSYIDTG,1567,True,10,
12434,YWYRAWRSRL,1567,True,10,
12435,QWPREVKANY,1567,True,10,
12436,QAPRSYHAPQ,1567,True,10,
12437,VGPRYWRSTY,1567,True,10,
12438,RQPSPFWATH,1567,True,10,
12439,PNPRQYSVWY,1567,True,10,
12440,IHPSWILSPL,1567,True,10,
12441,SKPSGWTASG,1567,True,10,
12442,FQLGLTHSIF,1567,True,10,
12443,PMPRAFWANH,1567,True,10,
12444,APYNHFRSTA,1567,True,10,
12445,IAPRGVTVEG,1567,True,10,
12446,HYPASWRASQ,1567,True,10,
12447,VQPRAFHSPW,1567,True,10,
12448,FQPRSWISIA,1567,True,10,
12449,IEPQGQMYNK,1567,True,10,
12450,AIPSWITSGH,1567,True,10,
12451,YRPRSYTNGQ,1567,True,10,
12452,TVPRAWKGTL,1567,True,10,
12453,NKPRNYKGPW,1567,True,10,
12454,TAPRSWTSGK,1567,True,10,
12455,RPPSSYVDAF,1567,True,10,
12456,YMPRNYWGVG,1567,True,10,
12457,WKPVWYIGWH,1567,True,10,
12458,GKPRYWASPY,1567,True,10,
12459,AFPRAFRGSV,1567,True,10,
12460,PRPRQVFTIW,1567,True,10,
12461,IWPSEWRSMK,1567,True,10,
12462,ARPRAFRAHQ,1567,True,10,
12463,QRMSWVHGPK,1567,True,10,
12464,YGPSGWTASG,1567,True,10,
12465,STPRWMQSRK,1567,True,10,
12466,SPPRWMASWL,1567,True,10,
12467,SQPIPYWSGK,1567,True,10,
12468,MSPRAFSGSW,1567,True,10,
12469,TMPRQVWSHY,1567,True,10,
12470,NQPRGVTASG,1567,True,10,
12471,IPVWGYRGMQ,1567,True,10,
12472,VDPRNTHSEQ,1567,True,10,
12473,GTPRASWTWF,1567,True,10,
12474,NVPRQVFSHG,1567,True,10,
12475,NMPRQVTASG,1567,True,10,
12476,ANPRGMRVMY,1567,True,10,
12477,YMPKGNRSNQ,1567,True,10,
12478,GRVRAVWSPQ,1567,True,10,
12479,PMCDNWQKRP,1567,True,10,
12480,KWPRQVTSER,1567,True,10,
12481,PVWGHSYARW,1567,True,10,
12482,HWPLSNIANR,1567,True,10,
12483,MIPAWFIGIQ,1567,True,10,
12484,TSPSGWTASG,1567,True,10,
12485,ASPRWVHAMG,1567,True,10,
12486,SNPFKYHGTA,1567,True,10,
12487,MWPAWMKGWL,1567,True,10,
12488,TAPRSWYSPH,1567,True,10,
12489,YGPRAFWAGW,1567,True,10,
12490,RHPAQWSATF,1567,True,10,
12491,RYPRAWRSIA,1567,True,10,
12492,VKPQGFRAWL,1567,True,10,
12493,PRPAQWRTGW,1567,True,10,
12494,YWPRSNSAIY,1567,True,10,
12495,SAPRMYRGAW,1567,True,10,
12496,PTPRQWISQH,1567,True,10,
12497,CNPHWMRYNK,1567,True,10,
12498,NIPRSYVGWR,1567,True,10,
12499,KDPRGVTDPL,1567,True,10,
12500,AMPLSQMNLF,1567,True,10,
12501,TVPRAWIASW,1567,True,10,
12502,YVPRGVTASG,1567,True,10,
12503,GYPRAFRGPA,1567,True,10,
12504,NGPMSWATWK,1567,True,10,
12505,YGPKPYTGPI,1567,True,10,
12506,QDWRAFIAPH,1567,True,10,
12507,GHPRAFKHVS,1567,True,10,
12508,KQGQALWSPF,1567,True,10,
12509,YWYFWKWHNF,1567,True,10,
12510,KLPRAVASWR,1567,True,10,
12511,PIPQSWISNV,1567,True,10,
12512,PDYRSMRVSQ,1567,True,10,
12513,VRPRSKQGWA,1567,True,10,
12514,VPPRAFWGWQ,1567,True,10,
12515,DHPRSQIDAW,1567,True,10,
12516,GAWRAFQTAS,1567,True,10,
12517,MQWRAYFYTS,1567,True,10,
12518,STPSAMYSKV,1567,True,10,
12519,PGPRYWTASG,1567,True,10,
12520,YPVAWFWGNL,1567,True,10,
12521,YIPRPYASCF,1567,True,10,
12522,WYPRAFSGMA,1567,True,10,
12523,FPVYSWRSNA,1567,True,10,
12524,MTPRAWTGWY,1567,True,10,
12525,VRPRPFIANG,1567,True,10,
12526,GHPRSWQTAS,1567,True,10,
12527,ASPRLYMAWQ,1567,True,10,
12528,LFPKQYRGAW,1567,True,10,
12529,KGPSGWTGMQ,1567,True,10,
12530,WTPRAWMGHY,1567,True,10,
12531,VYVMGNYGNW,1567,True,10,
12532,KIPAGMKSHT,1567,True,10,
12533,WDPYSWRTAS,1567,True,10,
12534,NYPSWFWVQS,1567,True,10,
12535,MYPRSNHSAY,1567,True,10,
12536,PTFWAWTSAH,1567,True,10,
12537,MPWKPTNKVY,1567,True,10,
12538,RHPSPFLSPA,1567,True,10,
12539,SYPHGMRVNY,1567,True,10,
12540,YLPRLYIGWH,1567,True,10,
12541,TGYPYHPYPH,1567,True,10,
12542,LYMRAFYSQH,1567,True,10,
12543,ERPKGWRTAS,1567,True,10,
12544,QRPATWSVNY,1567,True,10,
12545,IGPSWIWSPV,1567,True,10,
12546,YTPRGWTNTH,1567,True,10,
12547,KDPSGQTAYA,1567,True,10,
12548,GTPRGQRTAS,1567,True,10,
12549,NGPKSTRHWA,1567,True,10,
12550,SPPARFMGWQ,1567,True,10,
12551,YRPRSYRGMW,1567,True,10,
12552,EDPRYMRGWY,1567,True,10,
12553,AQPKGFTASG,1567,True,10,
12554,GFPAGMHTAS,1567,True,10,
12555,RSPTGFYSMR,1567,True,10,
12556,FIPTNFWAQL,1567,True,10,
12557,HRPQWVWDAH,1567,True,10,
12558,PMWICRIWPQ,1567,True,10,
12559,DFPRNYRGSW,1567,True,10,
12560,KQPRAVFVHW,1567,True,10,
12561,MTPRFQYVGY,1567,True,10,
12562,KMPRNYIANW,1567,True,10,
12563,HKPRNYTGPL,1567,True,10,
12564,GKPSWIHSPW,1567,True,10,
12565,PLGPRPLYAS,1567,True,10,
12566,GYPRAFMSNF,1567,True,10,
12567,AYPRGNTASG,1567,True,10,
12568,YGPRAYFGEA,1567,True,10,
12569,FVPRNVWSWL,1567,True,10,
12570,DSPRGVKTWR,1567,True,10,
12571,RFAYHFQAQW,1567,True,10,
12572,GSPRSYLGNW,1567,True,10,
12573,VPPEAVWANV,1567,True,10,
12574,CKPYSWRVPL,1567,True,10,
12575,VSPRVYIAIR,1567,True,10,
12576,GWPREYRAGW,1567,True,10,
12577,EVPRGNVGWQ,1567,True,10,
12578,FMPSPFWAIG,1567,True,10,
12579,PMPRYQYAHT,1567,True,10,
12580,GFPMRFQTAS,1567,True,10,
12581,QMPRQVQAWT,1567,True,10,
12582,RMPRAYSAQS,1567,True,10,
12583,RARPFRFATH,1567,True,10,
12584,ARPWQWRSWY,1567,True,10,
12585,WRVRAVYDNH,1567,True,10,
12586,TYPRAWRAEK,1567,True,10,
12587,SRPVAYTGNA,1567,True,10,
12588,RPPYNWRYWQ,1567,True,10,
12589,SRWSAMWAMW,1567,True,10,
12590,GNPLPWRTAS,1567,True,10,
12591,MNVAWFRGIH,1567,True,10,
12592,QLPRAVNGPW,1567,True,10,
12593,QLPRAWTATY,1567,True,10,
12594,SAVKWMYGVF,1567,True,10,
12595,WNPRGQVSKW,1567,True,10,
12596,MTPRNQTASG,1567,True,10,
12597,VAPRKVWSWR,1567,True,10,
12598,WQPRYWRGTY,1567,True,10,
12599,EKPRGNTASG,1567,True,10,
12600,KNVSWQRTWH,1567,True,10,
12601,SMPSQFTGHF,1567,True,10,
12602,IPLSWVWDAH,1567,True,10,
12603,QPPHAFRSMW,1567,True,10,
12604,HMPSGWTVPS,1567,True,10,
12605,LIPVNYRGPF,1567,True,10,
12606,APPRASLNPF,1567,True,10,
12607,MTPRQVTGKT,1567,True,10,
12608,RSRTPRPTSV,1567,True,10,
12609,YIPASWRAHL,1567,True,10,
12610,ISPSTLFVWR,1567,True,10,
12611,WLPRAVIGWG,1567,True,10,
12612,TMPRQVYSIA,1567,True,10,
12613,QVPRQVQVAH,1567,True,10,
12614,VKPQWIYNPL,1567,True,10,
12615,ESPRDMKGHV,1567,True,10,
12616,MAWQGYWVQK,1567,True,10,
12617,RQPKAHIVTL,1567,True,10,
12618,GEVRAWRGIY,1567,True,10,
12619,PQPRAYIAPY,1567,True,10,
12620,YSPRKWTASG,1567,True,10,
12621,NVPSWIWGQH,1567,True,10,
12622,DPAYNFWAQW,1567,True,10,
12623,KVPRQVTGWG,1567,True,10,
12624,GKPRPYIAMA,1567,True,10,
12625,ETPRQVQGEK,1567,True,10,
12626,MSPRKFTASG,1567,True,10,known_sequence
12627,RYGRAYSVES,1567,True,10,
12628,TQPKWMRTWS,1567,True,10,
12629,NWPHGFRTGW,1567,True,10,
12630,APKTSPMPTP,1567,True,10,
12631,FHPRAFWGPL,1567,True,10,
12632,KRPRAYRGMW,1567,True,10,
12633,LPYNYQAGWI,1567,True,10,
12634,RAHEPRSYLM,1567,True,10,
12635,TKPRGWYGWK,1567,True,10,
12636,NCPRAYHAIH,1567,True,10,
12637,STPFGMHSGF,1567,True,10,
12638,NHPSGWTASG,1567,True,10,
12639,TSPKWMRSPQ,1567,True,10,
12640,KTPMWQISWL,1567,True,10,
12641,AWPREYRAHQ,1567,True,10,
12642,RDPYGMHNQG,1567,True,10,
12643,WRPRQWTGWV,1567,True,10,
12644,GWPQGMKTAS,1567,True,10,
12645,PMPRSYFGSI,1567,True,10,
12646,KYPRWIYASH,1567,True,10,
12647,MFPRKYIGWT,1567,True,10,
12648,RQPRAVASNW,1567,True,10,
12649,SPAQDWRGIR,1567,True,10,
12650,NEPRNYHGWH,1567,True,10,
12651,VRPRSWLTGR,1567,True,10,
12652,GIPFPWRTAS,1567,True,10,
12653,WIPRAYKGNR,1567,True,10,
12654,TGVRAVYDGY,1567,True,10,
12655,WQPRSWISLK,1567,True,10,
12656,PSPKGFRVSA,1567,True,10,
12657,KTPQGMLNPF,1567,True,10,
12658,SPRPRRDYSR,1567,True,10,
12659,HYPRSWTASG,1567,True,10,
12660,MFPQSWRTSG,1567,True,10,
12661,KNPRGQMGPH,1567,True,10,
12662,VSPRLYRGIK,1567,True,10,
12663,PSPRAYQGNQ,1567,True,10,
12664,HRPRGVYSNV,1567,True,10,
12665,RMPRAFYAGR,1567,True,10,
12666,SHPRSYFTKS,1567,True,10,
12667,NTPRSYVTQL,1567,True,10,
12668,WAPRSYISNL,1567,True,10,
12669,MIPLNKWSLG,1567,True,10,
12670,LTPRYWRSMQ,1567,True,10,
12671,HCRPRRSARC,1567,True,10,
12672,PSPRFWRSEA,1567,True,10,
12673,GAPRYWYTAS,1567,True,10,
12674,NYRAKRPLPV,1567,True,10,
12675,HQPRNYTGWQ,1567,True,10,
12676,YVPRQVTAPH,1567,True,10,
12677,WQPKWMYDTL,1567,True,10,
12678,YKPVYWKANY,1567,True,10,
12679,RRPVAMWSGA,1567,True,10,
12680,QNPYKYHGWQ,1567,True,10,
12681,PSPRAFRAWI,1567,True,10,
12682,PQPRSWRALH,1567,True,10,
12683,KPYALYRGPY,1567,True,10,
12684,HFPRPRFSEY,1567,True,10,
12685,WHPRGQTFRG,1567,True,10,
12686,RVPRAVSDEW,1567,True,10,
12687,YGPRAYRGRH,1567,True,10,
12688,FVPRAWRGKQ,1567,True,10,
12689,HYPRAFRTGI,1567,True,10,
12690,YPPRFMTASG,1567,True,10,
12691,HVPRAVFDQV,1567,True,10,
12692,VHPRGWTVQL,1567,True,10,
12693,YSRVLRAVAS,1567,True,10,
12694,IVPRAVRAGW,1567,True,10,
12695,GQPRAVWTAS,1567,True,10,
12696,PRPSGWTDSL,1567,True,10,
12697,VRPRQVISPV,1567,True,10,
12698,TVPRAKHVNV,1567,True,10,
12699,PTRHNRSVGK,1567,True,10,
12700,RSPRSYRVNI,1567,True,10,
12701,VKPYNWRAEL,1567,True,10,
12702,GPPRAFRTAS,1567,True,10,
12703,QAVRAWHGPY,1567,True,10,
12704,YGPSWQRTWY,1567,True,10,
12705,MGPWSWTDGI,1567,True,10,
12706,ATPRQVWVWA,1567,True,10,
12707,LIPAWFWSQV,1567,True,10,
12708,QGPRAVFGEQ,1567,True,10,
12709,PVPRYWTASG,1567,True,10,
12710,WPHESQIVNY,1567,True,10,
12711,PSPRGVISGL,1567,True,10,
12712,EAPRSWTASG,1567,True,10,
12713,MVPKQQWSNQ,1567,True,10,
12714,DRPRSYFNPQ,1567,True,10,
12715,WSPKDMIGSQ,1567,True,10,
12716,ADPYGMRSWF,1567,True,10,
12717,ESPRKWHSWQ,1567,True,10,
12718,MHPRSNRGNG,1567,True,10,
12719,AHPSWMYSTG,1567,True,10,
12720,EHPRSWTGEW,1567,True,10,
12721,RAWRAFYAQS,1567,True,10,
12722,QYPRNVLSGL,1567,True,10,
12723,VCPMSWRTKY,1567,True,10,
12724,AYPRAFSGVQ,1567,True,10,
12725,YRPRSYAVAW,1567,True,10,
12726,RCPKAYLGEL,1567,True,10,
12727,GSPRFITASG,1567,True,10,
12728,MPRIKRIPFL,1567,True,10,
12729,TWVRAVSASH,1567,True,10,
12730,SWPREVLAIG,1567,True,10,
12731,LQPASWRGNC,1567,True,10,
12732,KGPSNYTGWQ,1567,True,10,
12733,LCPKSQTGRQ,1567,True,10,
12734,WPRTMRSDHD,1567,True,10,
12735,RHPSGWTASG,1567,True,10,
12736,PLVAWLWGEG,1567,True,10,
12737,SVPKQSQDGH,1567,True,10,
12738,YQPEPFWGPQ,1567,True,10,
12739,IEPIEMWDNY,1567,True,10,
12740,TEPSWIKGPY,1567,True,10,
12741,HTPRQVIRQA,1567,True,10,
12742,EAPKGVRDPI,1567,True,10,
12743,STVRAWYNPF,1567,True,10,
12744,MTPRSNRDLY,1567,True,10,
12745,NGPYNQRGTQ,1567,True,10,
12746,PGPESYSGCL,1567,True,10,
12747,QAPRDRYSQR,1567,True,10,
12748,WSPRGSRTLS,1567,True,10,
12749,TGPRSWRASH,1567,True,10,
12750,CYPRAFIGQV,1567,True,10,
12751,APPRAFWNPV,1567,True,10,
12752,ETPLQYHGPK,1567,True,10,
12753,KVPRNYSGAG,1567,True,10,
12754,PAPNAFTASG,1567,True,10,
12755,INPVWMWNQT,1567,True,10,
12756,HPWRAFYAWA,1567,True,10,
12757,WRPSGYRVSW,1567,True,10,
12758,NRPRQVTVHY,1567,True,10,
12759,LWPRGVTASG,1567,True,10,
12760,RVPIPIWSPF,1567,True,10,
12761,WAPAGVRTRQ,1567,True,10,
12762,PRDPYPNPGR,1567,True,10,
12763,SVPSAQTASG,1567,True,10,
12764,IFPRAYQSWQ,1567,True,10,
12765,EHPRSYRGTW,1567,True,10,
12766,PQPRSWVRNW,1567,True,10,
12767,RGPASWRGTH,1567,True,10,
12768,EQPRAFRGWY,1567,True,10,
12769,DNSPMWTAHS,1567,True,10,
12770,DSPRGVTASG,1567,True,10,
12771,HGPYNYAGKQ,1567,True,10,
12772,VMPRSYHGNK,1567,True,10,
12773,MQPRNYAGWY,1567,True,10,
12774,FYPRGYVSNL,1567,True,10,
12775,PSPRGVHVPG,1567,True,10,
12776,YIPRAYRATW,1567,True,10,
12777,FMPSAQIAWQ,1567,True,10,
12778,GIPRAFVANL,1567,True,10,
12779,PHPRGNAGRI,1567,True,10,
12780,GYCQIKINRY,1567,True,10,
12781,IMPRQVIVGQ,1567,True,10,
12782,MEPRQYKGWR,1567,True,10,
12783,MGWSGMVANH,1567,True,10,
12784,QTPVSMHGSW,1567,True,10,
12785,FRPRQVADQW,1567,True,10,
12786,AWPWAWYVQH,1567,True,10,
12787,HYPLNWRGWI,1567,True,10,
12788,PQLYEWYANK,1567,True,10,
12789,ARPEGLKSRI,1567,True,10,
12790,GRPSPFWTAS,1567,True,10,
12791,TGPKSQTASG,1567,True,10,
12792,VPSWKYWDPF,1567,True,10,
12793,KMPRSYRNGS,1567,True,10,
12794,PNPSWQRAPH,1567,True,10,
12795,FVPRANHRTF,1567,True,10,
12796,WVPRGVTASG,1567,True,10,
12797,TFPQGFKVGR,1567,True,10,
12798,KQPEPKWAPR,1567,True,10,
12799,QMPQNWRGWT,1567,True,10,
12800,GYPYPFRQVT,2606,True,10,
12801,ARPSPFWGVY,2606,True,10,
12802,SRPLGYRGVL,2606,True,10,
12803,VGPSGFYAWF,2606,True,10,
12804,PTPLQYHSPG,2606,True,10,
12805,KGPSGFHSVF,2606,True,10,
12806,ADPLGYTSRG,2606,True,10,
12807,RKPAPWTASG,2606,True,10,known_sequence
12808,LQPRAFRGMY,2606,True,10,
12809,TNPAPFRTPQ,2606,True,10,
12810,MIPGAFWGQY,2606,True,10,
12811,VRPHAFWART,2606,True,10,
12812,MTPLGFQSGI,2606,True,10,
12813,VPAQGFYSVR,2606,True,10,
12814,RAPLPSMGNK,2606,True,10,
12815,EVPRAVTGRL,2606,True,10,
12816,RRPLNYHGPI,2606,True,10,
12817,FAPRSKFAGY,2606,True,10,
12818,NPPSDLRGTA,2606,True,10,
12819,VRPMDFWGQS,2606,True,10,
12820,VGPSGFQGPF,2606,True,10,
12821,MGPQPMWGPA,2606,True,10,
12822,IAPSDFRGEH,2606,True,10,
12823,GHPSPFWAEL,2606,True,10,
12824,MNPFAFYAQF,2606,True,10,
12825,TGPKSYRGPF,2606,True,10,
12826,TGPSPFWDTS,2606,True,10,
12827,TPPSSYIAIG,2606,True,10,
12828,KPCPMLYVRH,2606,True,10,
12829,QPIYGFKGHQ,2606,True,10,
12830,GRPFAFAGHA,2606,True,10,
12831,PGPQPFYKVH,2606,True,10,
12832,MIPSWFMSTH,2606,True,10,
12833,RSPQMMRSGQ,2606,True,10,
12834,PRPQNYIGTS,2606,True,10,
12835,GVPLGWRTAS,2606,True,10,
12836,FGPLGFRSNV,2606,True,10,
12837,PDPAGFTVRY,2606,True,10,
12838,GFPLGFSTAS,2606,True,10,
12839,MYPLSWRSGH,2606,True,10,
12840,KAPLGYISNW,2606,True,10,
12841,AFPLGFFSTF,2606,True,10,
12842,NYAMGFYGMT,2606,True,10,
12843,EPPSGWTASG,2606,True,10,
12844,VFPSGWTASG,2606,True,10,
12845,YFPLGFRTKS,2606,True,10,
12846,PGPEPYRAVK,2606,True,10,
12847,RVPRAVISPY,2606,True,10,
12848,GPPRAVFNGT,2606,True,10,
12849,VLPEPWMGPT,2606,True,10,
12850,YQPRAYWDPS,2606,True,10,
12851,KPPLGYRSPG,2606,True,10,
12852,GKPLGYTASG,2606,True,10,
12853,DLPMPMWNQG,2606,True,10,
12854,FPPLGFSAKA,2606,True,10,
12855,RAPASWTASG,2606,True,10,
12856,HMAYSWRAQW,2606,True,10,
12857,HLPYAQHNVW,2606,True,10,
12858,VRPSGFIAHR,2606,True,10,
12859,SHPIGFRYPF,2606,True,10,
12860,SWPSGWTASG,2606,True,10,
12861,VGPSGFRSNL,2606,True,10,
12862,YGPLGFSGQA,2606,True,10,
12863,ESPRSYMATF,2606,True,10,
12864,LPPLGFMGEG,2606,True,10,
12865,RGPSDMLSHK,2606,True,10,
12866,TFPRSYRAGH,2606,True,10,
12867,MPPSAFYSTR,2606,True,10,
12868,PIPSPFKSTY,2606,True,10,
12869,QRPLGYTVIV,2606,True,10,
12870,RAPLPFWGLF,2606,True,10,
12871,GEPLGFTASG,2606,True,10,
12872,TGPSGWRSGA,2606,True,10,
12873,APPLAFSGPR,2606,True,10,
12874,IRPAQMTGYS,2606,True,10,
12875,AKPSGFYTIV,2606,True,10,
12876,KSPSYLYNWG,2606,True,10,
12877,MHPLGFWSPH,2606,True,10,
12878,PSPHWMTGPL,2606,True,10,
12879,YAPRSYLSGS,2606,True,10,
12880,HNPSGMRYNH,2606,True,10,
12881,AAPYHWRSPG,2606,True,10,
12882,RPPQSWRTGA,2606,True,10,
12883,PQPHSYFGMY,2606,True,10,
12884,AMPSPFYGAR,2606,True,10,
12885,FGPSGFTASG,2606,True,10,
12886,TVPQPFHSTV,2606,True,10,
12887,GPVYGMRSEQ,2606,True,10,
12888,GCPQSWRTAS,2606,True,10,
12889,GFPRTVISWT,2606,True,10,
12890,VPPRPFWAQA,2606,True,10,
12891,YAPGSMYGSQ,2606,True,10,
12892,GVPSGWTASN,2606,True,10,
12893,MAPSGWTASG,2606,True,10,
12894,HMPRSFYTPA,2606,True,10,
12895,VAPRAFKSPS,2606,True,10,
12896,PRPLQYWANI,2606,True,10,
12897,NQPLGFWAGY,2606,True,10,
12898,KPPSGWTASG,2606,True,10,
12899,RVPSGVLTAS,2606,True,10,
12900,PHPSPFTASG,2606,True,10,
12901,RFPASFSGTS,2606,True,10,
12902,GIPRPYWGPW,2606,True,10,
12903,PGPSGFTASG,2606,True,10,
12904,GFPLGFVAQA,2606,True,10,
12905,ARPRSYTASG,2606,True,10,
12906,GLPRSWTASG,2606,True,10,
12907,VRPRTLYSMK,2606,True,10,
12908,APPLAFRNVH,2606,True,10,
12909,GHPSPFTAKG,2606,True,10,
12910,PGPSGFYALQ,2606,True,10,
12911,SGPIEFYATS,2606,True,10,
12912,PRPAQWRAKQ,2606,True,10,
12913,PRPMAFYGNY,2606,True,10,
12914,IYPASWRTVF,2606,True,10,
12915,PGEPNAYPRP,2606,True,10,
12916,YTPRAFIGSH,2606,True,10,
12917,VHPLGFMSPF,2606,True,10,
12918,RYVLGMRGPA,2606,True,10,
12919,GVPRAFYTAS,2606,True,10,
12920,RAHESTSASG,2606,True,10,
12921,GEPLSYRGPR,2606,True,10,
12922,TRPAQWRTLK,2606,True,10,
12923,NLPSAFYAIV,2606,True,10,
12924,RPPSSFMAPI,2606,True,10,
12925,MYPLGFRVTR,2606,True,10,
12926,PVPRAFSASY,2606,True,10,
12927,CYPAGYRSIL,2606,True,10,
12928,AGPSGWQATR,2606,True,10,
12929,YRPSGFHAPG,2606,True,10,
12930,MQPAQMHGPG,2606,True,10,
12931,SGPSGSTATA,2606,True,10,
12932,KAPLGYFNPL,2606,True,10,
12933,RGPSGYIAGQ,2606,True,10,
12934,EKPAPFRSVY,2606,True,10,
12935,EFPAGVHSPS,2606,True,10,
12936,NKPLGYHGQT,2606,True,10,
12937,NVPLNVISGH,2606,True,10,
12938,FAPSGRTASG,2606,True,10,
12939,GFPFQFITAS,2606,True,10,
12940,RMPSAFIARH,2606,True,10,
12941,GTPYALYGTQ,2606,True,10,
12942,GSPLGVSTAS,2606,True,10,
12943,KGPSGWIGKR,2606,True,10,
12944,PMPRSYWGIQ,2606,True,10,
12945,APVYAWRGAS,2606,True,10,
12946,GRPSPFWGTS,2606,True,10,
12947,YMPSAFHGLH,2606,True,10,
12948,PVPRASTGIY,2606,True,10,
12949,WHPSDLHYGF,2606,True,10,
12950,LPPLAFKGVR,2606,True,10,
12951,PAPLPFRSQH,2606,True,10,
12952,PNPSGWTASG,2606,True,10,
12953,GAPLGVRTAV,2606,True,10,
12954,FRPFAFWGKI,2606,True,10,
12955,MYPSGWRAQI,2606,True,10,
12956,KRPLGYHSRG,2606,True,10,
12957,PRPAGYTVHA,2606,True,10,
12958,STPYGQISGF,2606,True,10,
12959,KMPSGFHAHL,2606,True,10,
12960,MTPWGQTASG,2606,True,10,
12961,NAPAGFTSQR,2606,True,10,
12962,SLYRALWSQV,2606,True,10,
12963,DVPSWIHAGH,2606,True,10,
12964,VAPSGWTASG,2606,True,10,
12965,MYPSGHRATL,2606,True,10,
12966,FQPYQFRAPH,2606,True,10,
12967,KGPSGFYAVS,2606,True,10,
12968,PNPSGWTATQ,2606,True,10,
12969,TMPLGYRGTK,2606,True,10,
12970,SPPLAFYSIY,2606,True,10,
12971,ESPLGYHAQH,2606,True,10,
12972,GRPSPFWSTH,2606,True,10,
12973,GHPSPFIGMG,2606,True,10,
12974,PRPIEYTASG,2606,True,10,
12975,AGPSGWTASG,2606,True,10,
12976,MRPRSYHSAY,2606,True,10,
12977,TRPMDLHSQS,2606,True,10,
12978,PRPRPFSAPY,2606,True,10,
12979,QAPLGYTASG,2606,True,10,
12980,KEPSGVFAEL,2606,True,10,
12981,PSPRMLWGWW,2606,True,10,
12982,RAPLHMWSWK,2606,True,10,
12983,MVPSAFYAQF,2606,True,10,
12984,GAPSPFYANW,2606,True,10,
12985,AGPLGYTSTV,2606,True,10,
12986,KAPLGFHAPS,2606,True,10,
12987,PGPSGWTATF,2606,True,10,
12988,AGPAPFWSWA,2606,True,10,
12989,TRPSAYIATL,2606,True,10,
12990,RAPASVHYMQ,2606,True,10,
12991,QPPFAFSGSG,2606,True,10,
12992,SAPLGYTSNI,2606,True,10,
12993,VGPFGFYART,2606,True,10,
12994,KTPMGFVGLS,2606,True,10,
12995,MRPSAMHGPG,2606,True,10,
12996,CSPSGWTASG,2606,True,10,
12997,MKPSGFTASG,2606,True,10,
12998,MPPSGRFASW,2606,True,10,
12999,RTPSGWIGKA,2606,True,10,
13000,SCRVPRFPTA,2606,True,10,
13001,GQPMAYRGPL,2606,True,10,
13002,GRPLGYTASG,2606,True,10,
13003,IKHEAFYSNY,2606,True,10,
13004,RPPLAFIAMA,2606,True,10,
13005,AGPQPLISPA,2606,True,10,
13006,VRPSPFWANG,2606,True,10,
13007,SPPLAFHSWF,2606,True,10,
13008,PRPRSYTLRQ,2606,True,10,
13009,NFPIPFLGRF,2606,True,10,
13010,TPPSSFTASG,2606,True,10,
13011,IKPSGFTASG,2606,True,10,
13012,GFPLGFISPH,2606,True,10,
13013,YMPSGVHQSH,2606,True,10,
13014,SRPLGQFSYA,2606,True,10,
13015,RQPRSYIGGF,2606,True,10,
13016,AVPSGWYSPQ,2606,True,10,
13017,ADPYPMHGHI,2606,True,10,
13018,RAPSMFHSQS,2606,True,10,
13019,THPSPFIGPL,2606,True,10,
13020,GMPLGFQGAH,2606,True,10,
13021,KAPSGWTASG,2606,True,10,
13022,VAPAGFSTPS,2606,True,10,
13023,VQPSGFKSGA,2606,True,10,
13024,YRPSGMTASG,2606,True,10,
13025,FPVWAFWSTL,2606,True,10,
13026,VYPSGFYGTY,2606,True,10,
13027,PMPLQYHSPR,2606,True,10,
13028,MVPKLQSGKR,2606,True,10,
13029,TRPAQMHSIF,2606,True,10,
13030,VYPAGFRNTK,2606,True,10,
13031,KPPLGFWGAV,2606,True,10,
13032,RPPSAFTGIT,2606,True,10,
13033,HMPSGWTASG,2606,True,10,
13034,FRPAQMWGMY,2606,True,10,
13035,PGPLGYTSRT,2606,True,10,
13036,KGPSGWTASG,2606,True,10,
13037,PQPSPFWAPK,2606,True,10,
13038,QVPRAVHYPY,2606,True,10,
13039,QPPSSFTASG,2606,True,10,
13040,FAPAKFRGNK,2606,True,10,
13041,ARPKPFIGSV,2606,True,10,
13042,GRPAQMWNAG,2606,True,10,
13043,HQPLGYTNGV,2606,True,10,
13044,VFPSGWTASG,2606,True,10,
13045,HNPSGWTASG,2606,True,10,
13046,QFPLGFRSGI,2606,True,10,
13047,VSPSGYTASG,2606,True,10,
13048,VFPAGSTSRA,2606,True,10,
13049,LVPRAVFAPT,2606,True,10,
13050,GTPSPFWTAS,2606,True,10,
13051,PRPLQYMGTA,2606,True,10,
13052,PGPFSYRSTF,2606,True,10,
13053,TMPLGFSGLS,2606,True,10,
13054,IQPFSYWGPY,2606,True,10,
13055,PIPRPVWVQA,2606,True,10,
13056,AKPSGVTASG,2606,True,10,
13057,GAFRTLRAGM,2606,True,10,
13058,GIPLGFRSNG,2606,True,10,
13059,EVPLGVYSPV,2606,True,10,
13060,RPSWAMHSWS,2606,True,10,
13061,YSPMAFIGEY,2606,True,10,
13062,SQPLGWIGRI,2606,True,10,
13063,KDPSGWTASG,2606,True,10,
13064,KPPSGFWAPS,2606,True,10,
13065,VIPRPVIAWS,2606,True,10,
13066,ARPSPFWGTA,2606,True,10,
13067,PAPFPARWYD,2606,True,10,
13068,MAPSGWTASG,2606,True,10,
13069,NGPSGFMAHI,2606,True,10,
13070,MYPASWIGNS,2606,True,10,
13071,GRPASWRTAS,2606,True,10,
13072,SYPMGMHSPL,2606,True,10,
13073,MPVLHFSAPI,2606,True,10,
13074,VRPSAYKGPW,2606,True,10,
13075,MRPSGFYAPG,2606,True,10,
13076,FPPLAFHGIS,2606,True,10,
13077,KPPMAFWSEV,2606,True,10,
13078,LAPSPFWAPQ,2606,True,10,
13079,GNPLGFRTAS,2606,True,10,
13080,TVPYQMHGPG,2606,True,10,
13081,GRPRSYTSNL,2606,True,10,
13082,TMVLGNFGQF,2606,True,10,
13083,GKPLGYHTAS,2606,True,10,
13084,KHPSWIYSWL,2606,True,10,
13085,GVPSGFWAVA,2606,True,10,
13086,GIPRPFWAWA,2606,True,10,
13087,QMPLGYHSVL,2606,True,10,
13088,RQPAQMHSQV,2606,True,10,
13089,AGPRSVHSAG,2606,True,10,
13090,MFPFGFTASG,2606,True,10,
13091,ASVHQMYGRY,2606,True,10,
13092,SPMSWVFAPI,2606,True,10,
13093,KPPRSWYSMA,2606,True,10,
13094,RPPMDFYGSR,2606,True,10,
13095,YSPMDYRGVH,2606,True,10,
13096,RGPQPLRGTW,2606,True,10,
13097,KGPSGFTARS,2606,True,10,
13098,IVPSWMFNAF,2606,True,10,
13099,YHPLGFIVES,2606,True,10,
13100,GVPSAFTASG,2606,True,10,
13101,FPVGWMHGMS,2606,True,10,
13102,ISPATKRSNK,2606,True,10,
13103,PTPLQFYGQS,2606,True,10,
13104,FRPRSHMSGL,2606,True,10,
13105,RPPSSFWGIG,2606,True,10,
13106,RSPLMMQGSA,2606,True,10,
13107,KVPSGFFANL,2606,True,10,
13108,GSPRPFITAS,2606,True,10,
13109,VKPSGFYAWT,2606,True,10,
13110,GQPYAFWGIY,2606,True,10,
13111,TQPRAYRGQR,2606,True,10,
13112,GRPSPFSTAS,2606,True,10,
13113,GAPSGVFTAS,2606,True,10,
13114,GAPLGVTTAS,2606,True,10,
13115,VHPSPFIAPF,2606,True,10,
13116,RFPFSYRAIL,2606,True,10,
13117,GSPRMLWSAI,2606,True,10,
13118,VSPSQYHAPT,2606,True,10,
13119,MRPFGFQSRL,2606,True,10,
13120,MPPSAKHSIY,2606,True,10,
13121,ARPSGVFAKA,2606,True,10,
13122,RAPLHVIGRH,2606,True,10,
13123,GLPLSFHSNR,2606,True,10,
13124,KSPLGYQSEF,2606,True,10,
13125,FGPSGWTASG,2606,True,10,
13126,PRPMAFWGIW,2606,True,10,
13127,RKPAPWTASG,2606,True,10,known_sequence
13128,GFPFGFRTAS,2606,True,10,
13129,LIPRPVFSNH,2606,True,10,
13130,TIPQAFHSPH,2606,True,10,
13131,SKPAPFWSKH,2606,True,10,
13132,RTPSGFQSRT,2606,True,10,
13133,VGPSGWAGFW,2606,True,10,
13134,RGPSAYTGNF,2606,True,10,
13135,RMPIQLYGPL,2606,True,10,
13136,RPPASWTASG,2606,True,10,
13137,MPPQAFFAWY,2606,True,10,
13138,YMPLGYHSQS,2606,True,10,
13139,RCPTGFTASG,2606,True,10,
13140,APPLGFTASG,2606,True,10,
13141,MYPASWRSAL,2606,True,10,
13142,RPLSWVFSGK,2606,True,10,
13143,SRPQGFHASI,2606,True,10,
13144,RPPLAFWGWA,2606,True,10,
13145,PNPSGWRNRF,2606,True,10,
13146,SRPSAYHGMG,2606,True,10,
13147,VAPSGFYAQL,2606,True,10,
13148,TVPSWIHGKG,2606,True,10,
13149,EQPSPFWGLH,2606,True,10,
13150,SPPLAWHGMQ,2606,True,10,
13151,AWPREIYAPD,2606,True,10,
13152,MDPFGFRNHF,2606,True,10,
13153,GLPTAFYGVR,2606,True,10,
13154,AVPSGWIGTA,2606,True,10,
13155,GRAQAFWGNW,2606,True,10,
13156,GIPYEWRGRA,2606,True,10,
13157,VRPSGFHALS,2606,True,10,
13158,MPPLGFSVNG,2606,True,10,
13159,AVPSWMLGAS,2606,True,10,
13160,LVPRAVHSEA,2606,True,10,
13161,ANPSGWTAHS,2606,True,10,
13162,PAPRSYIAGI,2606,True,10,
13163,EKPGRLIGSH,2606,True,10,
13164,VMPLGFHSNL,2606,True,10,
13165,PGPEPRDATR,2606,True,10,
13166,GPPRSYTASG,2606,True,10,
13167,GSPSGVYATK,2606,True,10,
13168,PAPRSYISIL,2606,True,10,
13169,GMPSGFYALA,2606,True,10,
13170,ILVWNYAGPF,2606,True,10,
13171,AAPRSYFAWL,2606,True,10,
13172,KPAQDVMSNG,2606,True,10,
13173,QAPASWRGEQ,2606,True,10,
13174,TMPLGYHGPV,2606,True,10,
13175,GIPRAFRGMH,2606,True,10,
13176,VGPSGFYGRS,2606,True,10,
13177,TPPSSYTASG,2606,True,10,
13178,KGVPRSFYNA,2606,True,10,
13179,KFPSAYRGLG,2606,True,10,
13180,TGPSGWITAS,2606,True,10,
13181,RTPSAMYATF,2606,True,10,
13182,LMPWQYTGQH,2606,True,10,
13183,RGPFPFRGTL,2606,True,10,
13184,PFPLGQKGRH,2606,True,10,
13185,QRPAQMKGLH,2606,True,10,
13186,AIPASWTASG,2606,True,10,
13187,GRPSPFVAGQ,2606,True,10,
13188,PGPEPMWGQA,2606,True,10,
13189,QPPSAFWSQS,2606,True,10,
13190,RMPLGYFSAG,2606,True,10,
13191,GSPLGFTTAS,2606,True,10,
13192,LGPSGWTASG,2606,True,10,
13193,VPPRSFRQVQ,2606,True,10,
13194,QTPLGYIASK,2606,True,10,
13195,FGPSGFAGRT,2606,True,10,
13196,PRPSPFIARS,2606,True,10,
13197,KGPSGWTASG,2606,True,10,
13198,RIPRSFYGAF,2606,True,10,
13199,GPPYAFQASL,2606,True,10,
13200,VRPSGVRGEG,10238,True,10,
13201,HGPIPMWNTQ,10238,True,10,
13202,VNPSGWQATQ,10238,True,10,
13203,AYPAGLSGPQ,10238,True,10,
13204,APPSHYLGWK,10238,True,10,
13205,TGPYMLRGTR,10238,True,10,
13206,GVPLGQIGEG,10238,True,10,
13207,GSPVSLLGQG,10238,True,10,
13208,MEPRSWIGQY,10238,True,10,
13209,CPPLGMFNAR,10238,True,10,
13210,ANPASLTGVH,10238,True,10,
13211,GPPVSLWGSL,10238,True,10,
13212,DGPFPLINTG,10238,True,10,
13213,SDPAGIFYPY,10238,True,10,
13214,LRPSGWAVFY,10238,True,10,
13215,VIPRPVHGLS,10238,True,10,
13216,VPPEWLYGNY,10238,True,10,
13217,SGPSGWTATA,10238,True,10,
13218,GNPFMLWGRG,10238,True,10,
13219,WKPAPWLGWV,10238,True,10,
13220,AGPTHLIGPT,10238,True,10,
13221,GIPRPLWGPA,10238,True,10,
13222,VGPAPLWNQL,10238,True,10,
13223,GPPRSHKGNG,10238,True,10,
13224,DSPVAMYGPQ,10238,True,10,
13225,VTPKGMRNDY,10238,True,10,
13226,GYPSGMYGRS,10238,True,10,
13227,TQPVPMWGSF,10238,True,10,
13228,DPPSHWSTAS,10238,True,10,
13229,DSPFWLIGTG,10238,True,10,
13230,RSPVWMLGNG,10238,True,10,
13231,IAPAHWSGNG,10238,True,10,
13232,GMPRYMRGQG,10238,True,10,
13233,GKPSGVTDNG,10238,True,10,
13234,LTPRGQTGSG,10238,True,10,
13235,GPPLTFWGNA,10238,True,10,
13236,TCPTGLTGLT,10238,True,10,
13237,ESPAQMKGMR,10238,True,10,
13238,FPPASWRGLI,10238,True,10,
13239,GQPFPFYGNG,10238,True,10,
13240,SLPYHLMGSI,10238,True,10,
13241,VSPVMLMGNA,10238,True,10,
13242,NEPFSWRGEF,10238,True,10,
13243,DPPHWLSGTW,10238,True,10,
13244,RFPVNMYGMR,10238,True,10,
13245,CPPRFLWNPR,10238,True,10,
13246,MGPQHVIGEI,10238,True,10,
13247,GRPSWITGLA,10238,True,10,
13248,SVPSWLTSVI,10238,True,10,
13249,GDPIPMAGIG,10238,True,10,
13250,GQPVPMWGLH,10238,True,10,
13251,TSPVQLTGPG,10238,True,10,
13252,SVPSHWIGHG,10238,True,10,
13253,EMPSHWTASG,10238,True,10,
13254,QPPAHVWGVG,10238,True,10,
13255,TPPAWMSGPW,10238,True,10,
13256,SPPASLWGEL,10238,True,10,
13257,GIPFSYFNTR,10238,True,10,
13258,QRPRSWRGEH,10238,True,10,
13259,GSPSWLMQPA,10238,True,10,
13260,PIPTSLWSLA,10238,True,10,
13261,DWPSWMINPT,10238,True,10,
13262,WAPAWMTGIG,10238,True,10,
13263,GHPSPFQGQG,10238,True,10,
13264,RVPVWMTGTF,10238,True,10,
13265,CLPAGVFVQG,10238,True,10,
13266,QGPTGLFSPY,10238,True,10,
13267,GPPEWMYNEY,10238,True,10,
13268,EPPQWVINPH,10238,True,10,
13269,GMPLGVMDSG,10238,True,10,
13270,VQPSGVTASG,10238,True,10,
13271,SDPSGMTNQF,10238,True,10,
13272,GVPVPMRGSW,10238,True,10,
13273,NGPFYMTGWY,10238,True,10,
13274,NVPSWVTGST,10238,True,10,
13275,PLPRDQVSLR,10238,True,10,
13276,MVPQWVHGQG,10238,True,10,
13277,TCPIMLRGLW,10238,True,10,
13278,GVPSWVRTAS,10238,True,10,
13279,IPPWAWHGPG,10238,True,10,
13280,CYPQFLAGVT,10238,True,10,
13281,NPPYALQGLF,10238,True,10,
13282,DGPVPMWGPT,10238,True,10,
13283,EPFQHLWGMQ,10238,True,10,
13284,WGPLGYRNMV,10238,True,10,
13285,TPPVHMTSPS,10238,True,10,
13286,VWPNAFRGMF,10238,True,10,
13287,ASPVPMIGPW,10238,True,10,
13288,GSPVPMWGHG,10238,True,10,
13289,GPPSHWQTAS,10238,True,10,
13290,GVPVNMWGWF,10238,True,10,
13291,GTPMGMWGQS,10238,True,10,
13292,GSPVGQRGHG,10238,True,10,
13293,PRPTGLQGVA,10238,True,10,
13294,CGPSGWTGPA,10238,True,10,
13295,GIPLPRSQGK,10238,True,10,
13296,VQPSGWLVLS,10238,True,10,
13297,ELPVHMTGQL,10238,True,10,
13298,GEPLPQRGSG,10238,True,10,
13299,DHPAWMKGNI,10238,True,10,
13300,NVPVAVRGAY,10238,True,10,
13301,QGPYHWQGTW,10238,True,10,
13302,FLPRPVLGPR,10238,True,10,
13303,GVPIPMWGNR,10238,True,10,
13304,GSPLGVTGNG,10238,True,10,
13305,RSPLQIYGPS,10238,True,10,
13306,DPPSWIMNPY,10238,True,10,
13307,ESVHPLIGEA,10238,True,10,
13308,SGPSWIMGTA,10238,True,10,
13309,GWPSWLMGPY,10238,True,10,
13310,GTPKWLQGNQ,10238,True,10,
13311,GAPRYWMGPW,10238,True,10,
13312,SAPLGIFNPS,10238,True,10,
13313,IGPSWIRGNW,10238,True,10,
13314,QDPHWLIGPH,10238,True,10,
13315,AGPSGVYGNF,10238,True,10,
13316,EAPKWMRGPI,10238,True,10,
13317,GSPLSYRGWG,10238,True,10,
13318,GVPSWLHGNG,10238,True,10,
13319,LGPQHWIGEG,10238,True,10,
13320,AGPSHWIGVS,10238,True,10,
13321,GYPRVLAGWL,10238,True,10,
13322,GDPSGQMNLQ,10238,True,10,
13323,CGPSGYRSMH,10238,True,10,
13324,GKPSGWMGSQ,10238,True,10,
13325,GWPNAFLGVG,10238,True,10,
13326,CNPAWMYGSR,10238,True,10,
13327,GPPMHLSGTG,10238,True,10,
13328,GNPYAMRGVG,10238,True,10,
13329,PSPRYLYNLG,10238,True,10,
13330,FSPLPRHGPL,10238,True,10,
13331,GWPVNILGNS,10238,True,10,
13332,GQPFAMHNVF,10238,True,10,
13333,DQPSWLMGEG,10238,True,10,
13334,EGPYNLMGKV,10238,True,10,
13335,GPPEGNLGIA,10238,True,10,
13336,PMPLGQSGQG,10238,True,10,
13337,GGPSGFRGNL,10238,True,10,
13338,GDPSWITGNH,10238,True,10,
13339,PVPSWLWGKM,10238,True,10,
13340,HGPYNMWNPH,10238,True,10,
13341,QSPGWLAGVS,10238,True,10,
13342,MCPTGLTGPK,10238,True,10,
13343,GTPRAFWNGF,10238,True,10,
13344,TSPVQLWGSK,10238,True,10,
13345,VGPAGVYDNT,10238,True,10,
13346,EGPSWLWGQT,10238,True,10,
13347,DPPDFMRSTG,10238,True,10,
13348,PDPAGMHGIG,10238,True,10,
13349,RGPVFLYGIR,10238,True,10,
13350,WFPAGFQGTQ,10238,True,10,
13351,RSPLYLRGSK,10238,True,10,
13352,GRPSWLYGNY,10238,True,10,
13353,YQPRAVRGWG,10238,True,10,
13354,RGPAPLWGNG,10238,True,10,
13355,GIPHPLIGIT,10238,True,10,
13356,ATPSGMIGPQ,10238,True,10,
13357,GAPSGFTGIF,10238,True,10,
13358,YKPADLRGKT,10238,True,10,
13359,KDPVPMWGVW,10238,True,10,
13360,CPPVHLLGNA,10238,True,10,
13361,SVPSWIQDAS,10238,True,10,
13362,GAPMHMINAL,10238,True,10,
13363,HGPSGMYGPS,10238,True,10,
13364,SLPVAIWGTL,10238,True,10,
13365,GWPAGQMGPG,10238,True,10,
13366,GDPSGFRGLH,10238,True,10,
13367,TYPASWRTPY,10238,True,10,
13368,EGPQWLYNPY,10238,True,10,
13369,PGPEHLFGWL,10238,True,10,
13370,CEPASWRGTF,10238,True,10,
13371,MQPSWLAHSH,10238,True,10,
13372,MGPQDMWGIS,10238,True,10,
13373,AHPLGLSGNL,10238,True,10,
13374,GPPSWIQGPQ,10238,True,10,
13375,QLPIHLWGHQ,10238,True,10,
13376,GWPSGWTASG,10238,True,10,
13377,DTLSWMYGNG,10238,True,10,
13378,ETPVGLYNMG,10238,True,10,
13379,GTPIGMVGWA,10238,True,10,
13380,LDVFWMYGVA,10238,True,10,
13381,GSPVPMQGPL,10238,True,10,
13382,RDPSGMRGKQ,10238,True,10,
13383,GRPLGVFDIA,10238,True,10,
13384,NFPLGVTGQA,10238,True,10,
13385,GSPVPMRGNS,10238,True,10,
13386,NDPQWMRNLS,10238,True,10,
13387,HMPSGWRGPH,10238,True,10,
13388,SGPYHLITTA,10238,True,10,
13389,PGPFPLWGSG,10238,True,10,
13390,GRPLGYIGPF,10238,True,10,
13391,HGPSHWTASG,10238,True,10,
13392,PKPAPLWNVA,10238,True,10,
13393,NVPYGMRNSL,10238,True,10,
13394,TGPAPLYGPL,10238,True,10,
13395,GAPLSWRGPW,10238,True,10,
13396,WDPSYLHGWY,10238,True,10,
13397,TQPSPFLGHK,10238,True,10,
13398,YPYAWMRGPL,10238,True,10,
13399,PSPAYWRGIA,10238,True,10,
13400,GCPRFLYGMA,10238,True,10,
13401,KTPIELYGIK,10238,True,10,
13402,PCPQWMRGWF,10238,True,10,
13403,VGPAGMTGVS,10238,True,10,
13404,EGPQWMHGSW,10238,True,10,
13405,KRPSWIFGLV,10238,True,10,
13406,DHPAGFRNGT,10238,True,10,
13407,SGPAPLIGTA,10238,True,10,
13408,WEPLGIRGQY,10238,True,10,
13409,SGPAPMLGTA,10238,True,10,
13410,PAPAHLAGTG,10238,True,10,
13411,YIPTAFYNPF,10238,True,10,
13412,PGPEHLWGEG,10238,True,10,
13413,NQPFSWIGPY,10238,True,10,
13414,GCPMHLSTAS,10238,True,10,
13415,LPPEWMQGNG,10238,True,10,
13416,DAPNAIFGRQ,10238,True,10,
13417,GSPVPLLGPG,10238,True,10,
13418,NDPYNWRGNA,10238,True,10,
13419,EGPSAMHGIQ,10238,True,10,
13420,NTPRGQIGLK,10238,True,10,
13421,WPPAGMIGTG,10238,True,10,
13422,EYPFSLHDSG,10238,True,10,
13423,VGPQSYLGVD,10238,True,10,
13424,WIPTGLIGPY,10238,True,10,
13425,AGPQPLSNPQ,10238,True,10,
13426,QSPVQLWNLG,10238,True,10,
13427,YDPFYLRGSL,10238,True,10,
13428,RIPTGLYGIG,10238,True,10,
13429,TRPRQLSNNG,10238,True,10,
13430,QNPAGMHGPI,10238,True,10,
13431,QVPWAQSGMG,10238,True,10,
13432,GNPYGLAGRA,10238,True,10,
13433,GRPGWLSGNG,10238,True,10,
13434,RPPEWMYGIF,10238,True,10,
13435,AGPEHLIGPQ,10238,True,10,
13436,LGPAFLTGNI,10238,True,10,
13437,GAPRSMLGQH,10238,True,10,
13438,PIPAWMHGEA,10238,True,10,
13439,ATPESLAGVG,10238,True,10,
13440,WGPSGWTSQF,10238,True,10,
13441,GFPNPLITAS,10238,True,10,
13442,TGPSWIFGSG,10238,True,10,
13443,DPPNWMVNPI,10238,True,10,
13444,GNPAPMWGAG,10238,True,10,
13445,MEPSGWTGQF,10238,True,10,
13446,TAPAWLIGHL,10238,True,10,
13447,NPAQWMRGES,10238,True,10,
13448,GQPSWVFTAS,10238,True,10,
13449,GDPSHVLGSY,10238,True,10,
13450,LGPSHWYNEG,10238,True,10,
13451,PIPQWMRGNK,10238,True,10,
13452,GRPVNLRGPT,10238,True,10,
13453,EGPSWLVGEL,10238,True,10,
13454,FWPVNMAGPH,10238,True,10,
13455,GFPFPFITAS,10238,True,10,
13456,QTPSWLFGTI,10238,True,10,
13457,DTPNWMIDES,10238,True,10,
13458,AGPQPLTGRT,10238,True,10,
13459,GEPLGVHGPQ,10238,True,10,
13460,MGPSGWTGEI,10238,True,10,
13461,GEPRGVTGHS,10238,True,10,
13462,GLFQPVLGPC,10238,True,10,
13463,QLPAHIYDPI,10238,True,10,
13464,HTPNWLSGPH,10238,True,10,
13465,KPRGPRPVIV,10238,True,10,
13466,FEPQGMRNPY,10238,True,10,
13467,NHPSHWRTLH,10238,True,10,
13468,TGPRSIRGVG,10238,True,10,
13469,GQPAPFYGQL,10238,True,10,
13470,PCPYMLFGAR,10238,True,10,
13471,EPPSHWMGQL,10238,True,10,
13472,EMPSWILGMV,10238,True,10,
13473,FEPQWMLGPL,10238,True,10,
13474,TGPAPLTGVF,10238,True,10,
13475,PYPEGMRGQG,10238,True,10,
13476,QAPVWMLGIQ,10238,True,10,
13477,FPPSHWIGMQ,10238,True,10,
13478,PHPAGQMGPL,10238,True,10,
13479,GGPSNLWGRY,10238,True,10,
13480,MPPSGWQGNL,10238,True,10,
13481,DGPWSWRGIS,10238,True,10,
13482,PWPAGMHGWG,10238,True,10,
13483,EGPFHLIGPR,10238,True,10,
13484,GTPNWMYNGI,10238,True,10,
13485,GAPRFLTGWR,10238,True,10,
13486,SIPNPLMGEF,10238,True,10,
13487,GHPQWSQNGL,10238,True,10,
13488,FDPIPLWNPI,10238,True,10,
13489,PGPKGMRNIG,10238,True,10,
13490,QGPRSYIGAG,10238,True,10,
13491,GTPLGQLGPG,10238,True,10,
13492,GCPHGMTGTQ,10238,True,10,
13493,GIPFQLSGRL,10238,True,10,
13494,VDPQSWRTNH,10238,True,10,
13495,SEPQWMYGPK,10238,True,10,
13496,LPPSHWINWS,10238,True,10,
13497,ELPRWIYGPY,10238,True,10,
13498,IRPLNWAGIQ,10238,True,10,
13499,PAPSHWLGVG,10238,True,10,
13500,LWPYGMKNQT,10238,True,10,
13501,VGPENLVNKS,10238,True,10,
13502,GMPLGVMGPQ,10238,True,10,
13503,PKPAGVKGPY,10238,True,10,
13504,GAPSHWTGNF,10238,True,10,
13505,CRPYDQRGVT,10238,True,10,
13506,GDPYGMKGNG,10238,True,10,
13507,YWPVGMRNPQ,10238,True,10,
13508,PFPTGLWGWG,10238,True,10,
13509,NPPEWMTGFV,10238,True,10,
13510,NHPAWLSGIG,10238,True,10,
13511,EGPSWIMGIG,10238,True,10,
13512,GVPSWISGIW,10238,True,10,
13513,WDPAGMRGQF,10238,True,10,
13514,GQPSHWVGRT,10238,True,10,
13515,TEPQWMVGSY,10238,True,10,
13516,PFPLGQIGMW,10238,True,10,
13517,WPPSHYRGWF,10238,True,10,
13518,NAPGWMFGNG,10238,True,10,
13519,GIPRFIAGVW,10238,True,10,
13520,IVPSWLWNGS,10238,True,10,
13521,GNPYGMRNGW,10238,True,10,
13522,HGPASVFGRQ,10238,True,10,
13523,YGPSPMWGKH,10238,True,10,
13524,TSPSALLYVQ,10238,True,10,
13525,VSPVWLTGPQ,10238,True,10,
13526,GTPRMLYTAS,10238,True,10,
13527,GHPASLRGPY,10238,True,10,
13528,NAPQWILGMR,10238,True,10,
13529,VMPKWMYGSI,10238,True,10,
13530,HKPAGVHNLQ,10238,True,10,
13531,RKPSGWRTWA,10238,True,10,
13532,QYPRNLAGIG,10238,True,10,
13533,VPPEWLYNWR,10238,True,10,
13534,MPPSHWTASG,10238,True,10,
13535,ESPLAQIGLR,10238,True,10,
13536,ESPAWLTGQR,10238,True,10,
13537,GNPAHWFGLI,10238,True,10,
13538,MSPKWVMGNL,10238,True,10,
13539,QTPAQMRGQG,10238,True,10,
13540,HLPTALFGLK,10238,True,10,
13541,KCPRPLWGHG,10238,True,10,
13542,MTPLGQSTST,10238,True,10,
13543,YRPSGFIGPS,10238,True,10,
13544,TLPYDQIGPQ,10238,True,10,
13545,TGPSWITGWL,10238,True,10,
13546,KQPAPFWGQL,10238,True,10,
13547,TFPSGMHGLQ,10238,True,10,
13548,DIPYPLQGVG,10238,True,10,
13549,VDPQWVRNPW,10238,True,10,
13550,SDPNWLFGRI,10238,True,10,
13551,TAPAWMYGMW,10238,True,10,
13552,CGPVPMQGWM,10238,True,10,
13553,GTPSGMTGEF,10238,True,10,
13554,NGPYNLAGTA,10238,True,10,
13555,AFPNSLTGIF,10238,True,10,
13556,GTPVHMLGNG,10238,True,10,
13557,TEPVHMTGAI,10238,True,10,
13558,GDPYMLRGVS,10238,True,10,
13559,TNPAWMKGPF,10238,True,10,
13560,QGPTALHGTW,10238,True,10,
13561,SRPRMLFNTI,10238,True,10,
13562,YGPGWMRNGS,10238,True,10,
13563,EFPSGWRTPG,10238,True,10,
13564,ECPLGIMSGY,10238,True,10,
13565,GEPRPVLGET,10238,True,10,
13566,EVPQWMWGKG,10238,True,10,
13567,EKYMSLQGQL,10238,True,10,
13568,QRPASWRGPG,10238,True,10,
13569,LTPVSLHGWV,10238,True,10,
13570,DHPAWLYGHQ,10238,True,10,
13571,VGPSGQMSGY,10238,True,10,
13572,ETPYGMQTNF,10238,True,10,
13573,WGPTNFKGPQ,10238,True,10,
13574,YPPSGVWGVQ,10238,True,10,
13575,NGPSALYGEG,10238,True,10,
13576,QEPVPMLNKV,10238,True,10,
13577,TVPQSWRNLG,10238,True,10,
13578,RCPFAMRGAV,10238,True,10,
13579,PTPIPIWAWQ,10238,True,10,
13580,DGPVHMYGLG,10238,True,10,
13581,MVPSGVFGHW,10238,True,10,
13582,IYPRGLSGIR,10238,True,10,
13583,DTPVGMVGLG,10238,True,10,
13584,CTPLGQSGLA,10238,True,10,
13585,GTPSGWRGAS,10238,True,10,
13586,GFPLMWRNTR,10238,True,10,
13587,TEPLGIRGSW,10238,True,10,
13588,ADPSWIMGPI,10238,True,10,
13589,GGVPYEGGLA,10238,True,10,
13590,RTPKGMQGRL,10238,True,10,
13591,GSPKWIRGMG,10238,True,10,
13592,EGPSWLRGQH,10238,True,10,
13593,TFPQGMIGMI,10238,True,10,
13594,HTPSWLAGPG,10238,True,10,
13595,GRPRSMRGLY,10238,True,10,
13596,ESPSWLTAMG,10238,True,10,
13597,GEPFGMRGTG,10238,True,10,
13598,CMPVHMLGTV,10238,True,10,
13599,IYPSGWTASG,10238,True,10,
13600,YFPRSYSGVI,9448,True,10,
13601,TYPRGMATLK,9448,True,10,
13602,VEVRAMTASG,9448,True,10,
13603,VFPRGMSGRH,9448,True,10,
13604,YAPRFIQKWH,9448,True,10,
13605,NPGVPPRNIA,9448,True,10,
13606,PIPRPVIAMH,9448,True,10,
13607,VGVWPFDVWA,9448,True,10,
13608,FAPRAVTASG,9448,True,10,
13609,FPVRAHWGAQ,9448,True,10,
13610,HFPRGNLTQG,9448,True,10,
13611,MQPRSWHGVQ,9448,True,10,
13612,WIPRAFISTA,9448,True,10,
13613,WVPRGSMYWT,9448,True,10,
13614,FQPRGNTGQV,9448,True,10,
13615,KPPKWMVGPH,9448,True,10,
13616,FTPRGNHSQT,9448,True,10,
13617,FYPRGVTGQH,9448,True,10,
13618,SKPRSWSAKW,9448,True,10,
13619,WVPRGVTASG,9448,True,10,
13620,FVPRGNQVIQ,9448,True,10,
13621,MHVRAVRGWG,9448,True,10,
13622,PVPSWSTGQF,9448,True,10,
13623,MGPRGSFAVG,9448,True,10,
13624,HNPRSYSGLQ,9448,True,10,
13625,MVPRGVSASG,9448,True,10,
13626,GVPRGVRTAS,9448,True,10,known_sequence
13627,MRPRNVHKGA,9448,True,10,
13628,KVPRGVSVSG,9448,True,10,
13629,YTPRGNRGPW,9448,True,10,
13630,ARPRGVTASG,9448,True,10,
13631,SPYQGVFAQG,9448,True,10,
13632,CFPRAFRQNG,9448,True,10,
13633,EQPRSMIGPH,9448,True,10,
13634,STPLGQIDRH,9448,True,10,
13635,DGPRGVRTMS,9448,True,10,
13636,PRPVGQTSRW,9448,True,10,
13637,FQPRGKAVIT,9448,True,10,
13638,KNVRAVIAGA,9448,True,10,
13639,GVPRAVHTAS,9448,True,10,
13640,AYPRAMHMPW,9448,True,10,
13641,TAPRSWTDPF,9448,True,10,
13642,FQPRGQMTLS,9448,True,10,
13643,AGPASWKGHF,9448,True,10,
13644,AVPRGVYANG,9448,True,10,
13645,CFPRAIHTMA,9448,True,10,
13646,KGPRAISDWL,9448,True,10,
13647,GVPRGVTTAS,9448,True,10,
13648,NQPRGVKAPH,9448,True,10,
13649,VYPRASYGQI,9448,True,10,
13650,RGPSAFYRSA,9448,True,10,
13651,RVPRGWHVAQ,9448,True,10,
13652,WTPRGNASNH,9448,True,10,
13653,WIPRAWTGRT,9448,True,10,
13654,RSRVARSPVT,9448,True,10,
13655,SQPRGSTASG,9448,True,10,
13656,KGPRVYAGWG,9448,True,10,
13657,HFPRAFSDIK,9448,True,10,
13658,FYARAMYGRQ,9448,True,10,
13659,HGPSAMWSPG,9448,True,10,
13660,VMPQGVLGQI,9448,True,10,
13661,TAPRGVHGTV,9448,True,10,
13662,FKPRGMTVPF,9448,True,10,
13663,YDVRWMSGMH,9448,True,10,
13664,NWPFAMFSLF,9448,True,10,
13665,GVPRGVTASG,9448,True,10,
13666,AMVRGVHSNK,9448,True,10,
13667,NMPRQVLRSH,9448,True,10,
13668,AHPRGMKGNQ,9448,True,10,
13669,TFPRAFSGPH,9448,True,10,
13670,WSPRGMAVSW,9448,True,10,
13671,RAPVGVTASG,9448,True,10,
13672,AQVRGYWNQG,9448,True,10,
13673,VGPRPVKGPA,9448,True,10,
13674,WYPRAWTGHR,9448,True,10,
13675,FVPRGMSDRW,9448,True,10,
13676,FVPRSVKTLS,9448,True,10,
13677,MQPRAYHGTY,9448,True,10,
13678,SPYRWVTASG,9448,True,10,
13679,VTPRSYTMAT,9448,True,10,
13680,VMPRSYTGMA,9448,True,10,
13681,MSPKGVTASG,9448,True,10,known_sequence
13682,SYPRAYFSIQ,9448,True,10,
13683,VHLRSMQSWY,9448,True,10,
13684,RHPRGVLAER,9448,True,10,
13685,KGVFWMYGMY,9448,True,10,
13686,YWVRAVWSLR,9448,True,10,
13687,VWNSIGSLSY,9448,True,10,
13688,YKVKWMYSIG,9448,True,10,
13689,YSPRAFSGVA,9448,True,10,
13690,ASPRGSRAGI,9448,True,10,
13691,TVPRAWAGST,9448,True,10,
13692,VRPRPVVSWI,9448,True,10,
13693,TVPRAWYGNV,9448,True,10,
13694,FRPRGSTASG,9448,True,10,
13695,KVDEPAVSRG,9448,True,10,
13696,QNPRGMHGNV,9448,True,10,
13697,WIPRGVKSWG,9448,True,10,
13698,GRPRSYTASG,9448,True,10,
13699,TFPRAFQGAH,9448,True,10,
13700,CYGNYMVGST,9448,True,10,
13701,GFPRAFIAEA,9448,True,10,
13702,GVPRAVTGIK,9448,True,10,
13703,YWPVAMTSQS,9448,True,10,
13704,WMPSGMTASG,9448,True,10,
13705,NFPRNVWGMF,9448,True,10,
13706,FNPRAIFATG,9448,True,10,
13707,SDPRGVTASG,9448,True,10,
13708,GWPRGVFTAS,9448,True,10,
13709,GNWRALSAMF,9448,True,10,
13710,AHPSWFRSKY,9448,True,10,
13711,WSPVGMYNPI,9448,True,10,
13712,PVPRAVKNWL,9448,True,10,
13713,WFPLGMKNIY,9448,True,10,
13714,VFPRGNVAPH,9448,True,10,
13715,TWPRTIFANY,9448,True,10,
13716,PAVRAHWGSF,9448,True,10,
13717,RQPRSWYQTR,9448,True,10,
13718,MIPRSWQTAG,9448,True,10,
13719,YGPRAVSGEH,9448,True,10,
13720,DSPRSYMSPK,9448,True,10,
13721,RMPRSVFVQF,9448,True,10,
13722,NTPRQVWRQI,9448,True,10,
13723,LAPRYWYGWY,9448,True,10,
13724,PYPRAFSGER,9448,True,10,
13725,GLPYPWQAWG,9448,True,10,
13726,VMPRGVTGPY,9448,True,10,
13727,GIPRAVKTAS,9448,True,10,
13728,VTPRSNRGNY,9448,True,10,
13729,MWPRGQSAQK,9448,True,10,
13730,FVPRQVRVPF,9448,True,10,
13731,QAPRSNTNMT,9448,True,10,
13732,GVPRAVFTAS,9448,True,10,
13733,EFPRNVHSHG,9448,True,10,
13734,PTPKGYMDWL,9448,True,10,
13735,KVPRGVTASG,9448,True,10,
13736,QSPRMLSGPW,9448,True,10,
13737,FQPSGWTSEG,9448,True,10,
13738,RHPRGVTARF,9448,True,10,
13739,VYPRGVTVSG,9448,True,10,
13740,FMPRQVSNGF,9448,True,10,
13741,LNPRGVRVTQ,9448,True,10,
13742,TLPRAVSDPH,9448,True,10,
13743,WSPVSMSGWG,9448,True,10,
13744,QPMRAMSGTH,9448,True,10,
13745,FGPRPVTASG,9448,True,10,
13746,SWPLGKTGNS,9448,True,10,
13747,EMPRSHSNEV,9448,True,10,
13748,VVPRGVGVRA,9448,True,10,
13749,WPVYWMQGWF,9448,True,10,
13750,VAPRAFKGAH,9448,True,10,
13751,VFPRGSTSRG,9448,True,10,
13752,SAPASWTGTS,9448,True,10,
13753,NRPVAMQGIH,9448,True,10,
13754,HSPRWLSTHF,9448,True,10,
13755,SAPRSWYGNW,9448,True,10,
13756,FRPRGNVGHQ,9448,True,10,
13757,ITPRQVTVMY,9448,True,10,
13758,HAPRGSVAPG,9448,True,10,
13759,VFPSGWVGSI,9448,True,10,
13760,SDPSGMTSRH,9448,True,10,
13761,DPAQGMNTEY,9448,True,10,
13762,VSPRVLAGSQ,9448,True,10,
13763,HSPRSWYSNK,9448,True,10,
13764,QYPRAFKGSR,9448,True,10,
13765,QVPRGSTASG,9448,True,10,
13766,FGPRAFWGKA,9448,True,10,
13767,SHVRGMYSNH,9448,True,10,
13768,MTPRGMAVMF,9448,True,10,
13769,VPSRAWVGLR,9448,True,10,
13770,GWPRGMHTAS,9448,True,10,
13771,GWPRGMTGPG,9448,True,10,
13772,HWPRGQVTRS,9448,True,10,
13773,YFPRAFSGHK,9448,True,10,
13774,TFPRGQVGAR,9448,True,10,
13775,WMPRGVKVPW,9448,True,10,
13776,GVPRAVMGSW,9448,True,10,
13777,WPVYGMFNTH,9448,True,10,
13778,MGPWGMHNGT,9448,True,10,
13779,GSPRMLYDPY,9448,True,10,
13780,GHPRNVHTQS,9448,True,10,
13781,YVPRGVTDIW,9448,True,10,
13782,WFPRAMAGWF,9448,True,10,
13783,KNPFWMHGHS,9448,True,10,
13784,FQPRGQSASH,9448,True,10,
13785,TSPRDLSARL,9448,True,10,
13786,GVPRAWSAPQ,9448,True,10,
13787,VFPRGVIGKQ,9448,True,10,
13788,TVTRAWYGIQ,9448,True,10,
13789,FQPRGQTGWT,9448,True,10,
13790,IVPRAVWGWK,9448,True,10,
13791,WTPRGVTASG,9448,True,10,
13792,KGPVPWRSGY,9448,True,10,
13793,MFPRNVQRIY,9448,True,10,
13794,LPAFHMLARW,9448,True,10,
13795,FRPRGNQGWH,9448,True,10,
13796,IGVSWLKSEL,9448,True,10,
13797,HTPRGQAVKI,9448,True,10,
13798,GMVGVMHSGS,9448,True,10,
13799,EKVLHMRGMY,9448,True,10,
13800,TYPRGNTGHA,9448,True,10,
13801,AVPRGVTASG,9448,True,10,
13802,RIPRFMFSTG,9448,True,10,
13803,WGPVWMTSPA,9448,True,10,
13804,PFWSGMITWY,9448,True,10,
13805,APARQVFSGL,9448,True,10,
13806,EAPRSWMGHI,9448,True,10,
13807,HIPRGVTASG,9448,True,10,
13808,PSWRAIKSVI,9448,True,10,
13809,KVPVEMIGMW,9448,True,10,
13810,IFPVSMHSTQ,9448,True,10,
13811,IFPASWRGRK,9448,True,10,
13812,WAPRGSQAED,9448,True,10,
13813,QVPRGVHDLH,9448,True,10,
13814,YSPRAVYSPW,9448,True,10,
13815,GAPRAVFTAS,9448,True,10,
13816,YVPRGVKAWH,9448,True,10,
13817,PGWRAMYSPL,9448,True,10,
13818,CYPRGVHGSW,9448,True,10,
13819,FVPIMLKGMW,9448,True,10,
13820,YVPRAVHNPW,9448,True,10,
13821,QHPVGMTASG,9448,True,10,
13822,FSPRQYRGMF,9448,True,10,
13823,NMPRGVWNAI,9448,True,10,
13824,VGPQAVTGSW,9448,True,10,
13825,GTPRGSRTWK,9448,True,10,
13826,YHPRGSMGAW,9448,True,10,
13827,YCPRAVISHR,9448,True,10,
13828,QKPRSYVGPW,9448,True,10,
13829,MVPKGFRTGF,9448,True,10,
13830,HRPRGVTASG,9448,True,10,
13831,RTPVGMTDTY,9448,True,10,
13832,VFPAKFQGQA,9448,True,10,
13833,GFPRSHRTAS,9448,True,10,
13834,FIPRPVYAVH,9448,True,10,
13835,RWPRGSFGAL,9448,True,10,
13836,SWPRAYSGWA,9448,True,10,
13837,YWPRGMTTPI,9448,True,10,
13838,KVPRGVTASG,9448,True,10,
13839,TGPKATIAHT,9448,True,10,
13840,GWPRGQVTAS,9448,True,10,
13841,EQPRSWTNRY,9448,True,10,
13842,HFVRGLSGVF,9448,True,10,
13843,AWPRGMAGTA,9448,True,10,
13844,SLPRPVWGNA,9448,True,10,
13845,YTPRASFGTQ,9448,True,10,
13846,LFPRAVKGNG,9448,True,10,
13847,RTPLGQINWF,9448,True,10,
13848,VRVFGMQSPL,9448,True,10,
13849,YPYRAMSGTL,9448,True,10,
13850,LPRAIRPVTK,9448,True,10,
13851,QVPRGVTASG,9448,True,10,
13852,HLPRAVYGHR,9448,True,10,
13853,KGPRAFTGPT,9448,True,10,
13854,ACRLTRHYLF,9448,True,10,
13855,GTPRAFATAS,9448,True,10,
13856,VYPRGMGTMA,9448,True,10,
13857,GKPRSWIGKV,9448,True,10,
13858,YNPRGSQSEW,9448,True,10,
13859,HKPRNYLGHF,9448,True,10,
13860,FNPIHMYAGR,9448,True,10,
13861,MGVRAVIGIG,9448,True,10,
13862,TYPRAFAGTG,9448,True,10,
13863,EYPRNVHGIW,9448,True,10,
13864,GPVRAMKGQL,9448,True,10,
13865,YEPVAMAGAQ,9448,True,10,
13866,TKPAPWYDTY,9448,True,10,
13867,IFYFSMRKLY,9448,True,10,
13868,FPVRAHWSTY,9448,True,10,
13869,SYPRGMRTNS,9448,True,10,
13870,WVPRAVRGVT,9448,True,10,
13871,VSPVAIASTG,9448,True,10,
13872,GRPRAFRGTY,9448,True,10,
13873,YMPRSNMGAT,9448,True,10,
13874,GKPVNQTGIY,9448,True,10,
13875,YKPVYIAMRW,9448,True,10,
13876,IQPRGVHVWF,9448,True,10,
13877,DSVRGMHAQI,9448,True,10,
13878,VRPRSQYGSF,9448,True,10,
13879,TRPVAMYGVT,9448,True,10,
13880,YMPRAMFANF,9448,True,10,
13881,FYPRGNINTI,9448,True,10,
13882,MFPRGMRVQW,9448,True,10,
13883,IKPAGVHSRG,9448,True,10,
13884,SMPRMYTGQW,9448,True,10,
13885,IYPRAFSDWG,9448,True,10,
13886,VKPSGWTSKH,9448,True,10,
13887,FAPRSYFGPS,9448,True,10,
13888,VYPRAFSGWH,9448,True,10,
13889,VQPRGSRAQG,9448,True,10,
13890,HYPRAFTGKH,9448,True,10,
13891,YKPRAWIGPT,9448,True,10,
13892,PWPRGQVTPL,9448,True,10,
13893,FMPRSWTNMV,9448,True,10,
13894,VGPRAFYAIL,9448,True,10,
13895,EFPRNVHSPY,9448,True,10,
13896,IRPSGVTAWY,9448,True,10,
13897,CGPRAVTASG,9448,True,10,
13898,QAPRGSTGSF,9448,True,10,
13899,TWPVGMTSTF,9448,True,10,
13900,HFPRGVTASG,9448,True,10,
13901,RYPRSYRAQI,9448,True,10,
13902,FNVFWYMGNY,9448,True,10,
13903,HVPRGVQDEF,9448,True,10,
13904,ATPRAWIGLS,9448,True,10,
13905,TVSRGLTASG,9448,True,10,
13906,YSPRSYMAMQ,9448,True,10,
13907,FWPRGQISEG,9448,True,10,
13908,MPPRSVLNPH,9448,True,10,
13909,GKTWAGSAGP,9448,True,10,
13910,EVPRGSYGHY,9448,True,10,
13911,VMVWGVRATY,9448,True,10,
13912,SRPRGQSGHQ,9448,True,10,
13913,WDPKGMRTNL,9448,True,10,
13914,MVPRGFSGQG,9448,True,10,
13915,NQPRSWTNTF,9448,True,10,
13916,APRVRRSMAP,9448,True,10,
13917,IPVKGMYGTS,9448,True,10,
13918,YGPRSYTGPK,9448,True,10,
13919,AMPRYMSGWF,9448,True,10,
13920,AYNLPGNAIH,9448,True,10,
13921,QWPRGMTGQI,9448,True,10,
13922,YQPRSWTMSA,9448,True,10,
13923,AQPRSWVGID,9448,True,10,
13924,VRVRAVTASG,9448,True,10,
13925,LMPRFIYTEG,9448,True,10,
13926,SFGLNKGSLY,9448,True,10,
13927,YSPRATSASA,9448,True,10,
13928,FKPFPWRANL,9448,True,10,
13929,GAPRAVQTAS,9448,True,10,
13930,WYVRHLSGWG,9448,True,10,
13931,HYPRGQVGTG,9448,True,10,
13932,RGPSAVKSGW,9448,True,10,
13933,PTPRSWIGWT,9448,True,10,
13934,QAPAGVHGEV,9448,True,10,
13935,RAPAYWKGEG,9448,True,10,
13936,TVPRGVHAPG,9448,True,10,
13937,GSPRAFMAML,9448,True,10,
13938,IPVAWLIGEQ,9448,True,10,
13939,GYPRAFSGNK,9448,True,10,
13940,FVPRGNWSMF,9448,True,10,
13941,VAVRGMHNQA,9448,True,10,
13942,TDPRGMHGSG,9448,True,10,
13943,RWPRGQMTAG,9448,True,10,
13944,SAPRAVTASG,9448,True,10,
13945,VMVQGVRSNV,9448,True,10,
13946,WGPVGMTSEA,9448,True,10,
13947,GMPRGVTASG,9448,True,10,
13948,DFPRGMHGET,9448,True,10,
13949,PKWRAYTGPK,9448,True,10,
13950,RPPSHFQDIS,9448,True,10,
13951,FYPRGMRTNK,9448,True,10,
13952,YRPRGSWQNA,9448,True,10,
13953,FWPRGMSTNA,9448,True,10,
13954,GKPRAVTGMP,9448,True,10,
13955,MSPRMLWGQW,9448,True,10,
13956,VFPISWRTQH,9448,True,10,
13957,TAPRGSTASG,9448,True,10,
13958,VRPRGVKAGL,9448,True,10,
13959,MTPRGNKGIF,9448,True,10,
13960,FVPRGQAVPW,9448,True,10,
13961,HMPSGWTQQL,9448,True,10,
13962,EFPRNVISWI,9448,True,10,
13963,AGWRAIHSPK,9448,True,10,
13964,RTPRGQMSPY,9448,True,10,
13965,KFPRQLSGAF,9448,True,10,
13966,TAPRNVRGSQ,9448,True,10,
13967,NKPRGMTASG,9448,True,10,
13968,FGPKGMQDNQ,9448,True,10,
13969,MAPRSMTNIF,9448,True,10,
13970,SPRPRKTLPA,9448,True,10,
13971,SMPRAFWGTW,9448,True,10,
13972,GVPRAVTASG,9448,True,10,known_sequence
13973,YPRAPMFPID,9448,True,10,
13974,MLPRQVYDNH,9448,True,10,
13975,GRPRGSYGKF,9448,True,10,
13976,VAPRAFWGWT,9448,True,10,
13977,FKHRGYIAKR,9448,True,10,
13978,VRPRSWLGNQ,9448,True,10,
13979,SMPRSYTNGF,9448,True,10,
13980,GAVRAVRASG,9448,True,10,
13981,MPVLNMSGSH,9448,True,10,
13982,CFPRAFHGTF,9448,True,10,
13983,NWPRGQVTKL,9448,True,10,
13984,WHPRGMHVAG,9448,True,10,
13985,WMPRASTASG,9448,True,10,
13986,FVPRSVRGRH,9448,True,10,
13987,YQPRAVKALR,9448,True,10,
13988,MAPRGVLSEG,9448,True,10,
13989,AHPSWITGVF,9448,True,10,
13990,VTPRGMSVIG,9448,True,10,
13991,LKPRGVYVSH,9448,True,10,
13992,SVPRGVSDTY,9448,True,10,
13993,MNPVAMHKMA,9448,True,10,
13994,MYGRPLWSVR,9448,True,10,
13995,MKPVAYKSTQ,9448,True,10,
13996,HYPRAVISHS,9448,True,10,
13997,GSPYGMRAQR,9448,True,10,
13998,GQPIPFITAS,9448,True,10,
13999,QGPRSYRDLI,9448,True,10,
14000,RVPRGVRVLH,9614,True,10,
14001,AGPVGMRNAG,9614,True,10,
14002,GAPVGMTGRR,9614,True,10,
14003,MTPRGMKNKH,9614,True,10,
14004,VTPRGVRDPL,9614,True,10,
14005,PTPRGNRDRA,9614,True,10,
14006,MLPQGVKGMR,9614,True,10,
14007,GNVRGLASPG,9614,True,10,
14008,SKPRGMRGVF,9614,True,10,
14009,AGPSGNRGHG,9614,True,10,
14010,RGPVGITASG,9614,True,10,
14011,GPPHGSRGIG,9614,True,10,
14012,LIPVAIRGMS,9614,True,10,
14013,PMPRSFTSML,9614,True,10,
14014,AVPRGIYGAT,9614,True,10,
14015,KPPRGNRGNA,9614,True,10,
14016,ERPRGMRYVF,9614,True,10,
14017,PAPAGVRNRY,9614,True,10,
14018,VTPRGQLSEK,9614,True,10,
14019,NSPRWLSGAG,9614,True,10,
14020,WAPRGVKANA,9614,True,10,
14021,KSPRGVKASG,9614,True,10,
14022,LPRVPSLAVF,9614,True,10,
14023,MFPRGMAGSA,9614,True,10,
14024,TSVMGMRGPG,9614,True,10,
14025,PNPRGMRTGR,9614,True,10,
14026,GRPAGVKGRI,9614,True,10,
14027,PSPRGVITQF,9614,True,10,
14028,MPGHGMKNIR,9614,True,10,
14029,YKPRGMKGNT,9614,True,10,
14030,VTPRGVKAGF,9614,True,10,
14031,RGPSGWTASG,9614,True,10,
14032,PAPRGSMGTH,9614,True,10,
14033,GAPAGVKTAS,9614,True,10,
14034,HDVFGMRALS,9614,True,10,
14035,VGPKGMKGPY,9614,True,10,
14036,IGPAGMASGS,9614,True,10,
14037,AKPKGMKGHM,9614,True,10,
14038,GSYSGMRAIF,9614,True,10,
14039,MVPRGFRGQI,9614,True,10,
14040,RKPAGMRGMF,9614,True,10,
14041,EAPRGVKAKH,9614,True,10,
14042,TGPSGRSTRA,9614,True,10,
14043,QTPRGNRAVG,9614,True,10,
14044,SNPIHMRGQY,9614,True,10,
14045,SGPRGVKVTA,9614,True,10,
14046,NSPSGVRINL,9614,True,10,
14047,RLPRSWKARL,9614,True,10,
14048,LAPRGSTASG,9614,True,10,
14049,FVPRGVRAPT,9614,True,10,
14050,KAPMGMKNQF,9614,True,10,
14051,MRPRGVTASG,9614,True,10,
14052,RIPRGVLGIW,9614,True,10,
14053,SPPRGVKAER,9614,True,10,
14054,PMPRGVKATW,9614,True,10,
14055,YAPGWMAGKR,9614,True,10,
14056,AMPRGMRGNG,9614,True,10,
14057,GPPVGMRSPY,9614,True,10,
14058,PVLPRSANQR,9614,True,10,
14059,EGPGWMKGKY,9614,True,10,
14060,LFPRGMKTMR,9614,True,10,
14061,GKPFGMKGAF,9614,True,10,
14062,ATPIGMRSMI,9614,True,10,
14063,VSPVSLRGPT,9614,True,10,
14064,KVPRGVRDMY,9614,True,10,
14065,FDVAGMHSGV,9614,True,10,
14066,AAPAGVRTAR,9614,True,10,
14067,GWPRGSKTAS,9614,True,10,
14068,GTPVGMRSMG,9614,True,10,
14069,QFPRMLHGMR,9614,True,10,
14070,TDPKWMRGNA,9614,True,10,
14071,MFPRGMRTLG,9614,True,10,
14072,NGPAGMKGWV,9614,True,10,
14073,AMWRGLVDIY,9614,True,10,
14074,EPPMGMRSHK,9614,True,10,
14075,SAPRGSRTLV,9614,True,10,
14076,TVPRGMKVKA,9614,True,10,
14077,GAPRSWTASG,9614,True,10,
14078,GRPVGMKGWH,9614,True,10,
14079,GYPRGVRTAS,9614,True,10,
14080,GRPRSHRGKQ,9614,True,10,
14081,RTPRGMTAKR,9614,True,10,
14082,VGPSGWRAQG,9614,True,10,
14083,GQPRGSTASG,9614,True,10,
14084,GTPAGVHSKT,9614,True,10,
14085,QGPAGMHGMY,9614,True,10,
14086,PTPRGMKGKI,9614,True,10,
14087,ARPVGMRGMG,9614,True,10,
14088,GKVRGMHALG,9614,True,10,
14089,GTVHGMIGLP,9614,True,10,
14090,PHPGWLGSNG,9614,True,10,
14091,YKPAGMKTWH,9614,True,10,
14092,MIKIPARAIF,9614,True,10,
14093,MAPRGSRAGR,9614,True,10,
14094,GAPRGSISVR,9614,True,10,
14095,GVPRGVRTAS,9614,True,10,known_sequence
14096,AGPLGMRGQH,9614,True,10,
14097,GQVRGLRGKA,9614,True,10,
14098,GIPVAMRGPQ,9614,True,10,
14099,YGPGWMRSQF,9614,True,10,
14100,SMPRGMASRG,9614,True,10,
14101,MGPSGMKNRG,9614,True,10,
14102,TGPVGMRGQY,9614,True,10,
14103,QLPRAVKGSG,9614,True,10,
14104,AMVHGMRASG,9614,True,10,
14105,RVPVGVQAQS,9614,True,10,
14106,ADVRGVRSQL,9614,True,10,
14107,RAFGALMGPR,9614,True,10,
14108,MTPVGMRGRG,9614,True,10,
14109,RVPKGVRGNR,9614,True,10,
14110,SMPRGMKGNR,9614,True,10,
14111,MRPTGMRGQL,9614,True,10,
14112,GPPRGNTIKV,9614,True,10,
14113,GKPRGVKAIF,9614,True,10,
14114,RIVRAVIDVR,9614,True,10,
14115,VKPSGVFARI,9614,True,10,
14116,IGVRAVRSVH,9614,True,10,
14117,RQPRGVTASG,9614,True,10,
14118,VAPRGSMQPA,9614,True,10,
14119,VIPRGVRAIG,9614,True,10,
14120,VAPRGSMGKA,9614,True,10,
14121,RARVARAIPR,9614,True,10,
14122,GAPRSMTASG,9614,True,10,
14123,GQPRGVKRGF,9614,True,10,
14124,TRPRGMTASG,9614,True,10,
14125,SMVRAVYQPW,9614,True,10,
14126,EKPAGMKGKV,9614,True,10,
14127,MVPRGMTGHI,9614,True,10,
14128,PIPRGMRNTR,9614,True,10,
14129,QRPAGVHSQR,9614,True,10,
14130,KSPVGMRNKI,9614,True,10,
14131,MMPRGVRTST,9614,True,10,
14132,AVPVGSAGNA,9614,True,10,
14133,GSPRGVKYMR,9614,True,10,
14134,TVPREVRGAR,9614,True,10,
14135,ASVPRRSALA,9614,True,10,
14136,APVYGMRGRY,9614,True,10,
14137,EQPGWMHSAR,9614,True,10,
14138,SRPRGSVALR,9614,True,10,
14139,AERIPIGLAP,9614,True,10,
14140,SGPSGVTAMV,9614,True,10,
14141,EAPRGVKGPG,9614,True,10,
14142,QGPVGMRSGW,9614,True,10,
14143,EMPVGMRGWI,9614,True,10,
14144,PKPKGMKIKV,9614,True,10,
14145,SPMGSMGNMH,9614,True,10,
14146,SFPNAFIGNH,9614,True,10,
14147,YDIRGMSASH,9614,True,10,
14148,RGPVGMRSPK,9614,True,10,
14149,NPPRSHRVLG,9614,True,10,
14150,AVPRGVLGEQ,9614,True,10,
14151,ITPRGMKGKV,9614,True,10,
14152,PAPAGVNGRR,9614,True,10,
14153,PTPVGQMGIR,9614,True,10,
14154,PSPRVRSAPT,9614,True,10,
14155,GMVKGMRSPS,9614,True,10,
14156,TPPGWLYSRG,9614,True,10,
14157,VKPAGVKGNH,9614,True,10,
14158,MSPRGVRANK,9614,True,10,
14159,RGPSGVTASG,9614,True,10,
14160,QPVAGMKGPR,9614,True,10,
14161,GAPSGWTASG,9614,True,10,
14162,RLPVGMTASG,9614,True,10,
14163,GRPIGLKGHG,9614,True,10,
14164,GPPRGSQAPR,9614,True,10,
14165,PARPDRPVSG,9614,True,10,
14166,KPVMWMRGRK,9614,True,10,
14167,GQPRGVRTAS,9614,True,10,
14168,GVPRGVKGWH,9614,True,10,
14169,TPPVGMKGLF,9614,True,10,
14170,MSPRWLAGTA,9614,True,10,
14171,TSPSGMQGKV,9614,True,10,
14172,AGVWGIRSQG,9614,True,10,
14173,KMPRGMKGNI,9614,True,10,
14174,NAPRGVKSMR,9614,True,10,
14175,GLPVGMRGPR,9614,True,10,
14176,GMPRGVRTAS,9614,True,10,
14177,HGPGSMRGSG,9614,True,10,
14178,EAPMGMKGWR,9614,True,10,
14179,MPPRGVSARI,9614,True,10,
14180,MQPRGVTASG,9614,True,10,
14181,RGPSGWVAKI,9614,True,10,
14182,FYPRGMKAVA,9614,True,10,
14183,SGPGGVMGRT,9614,True,10,
14184,RAPVGQMGQG,9614,True,10,
14185,RAPSGVTASG,9614,True,10,
14186,DAPYGMRGSR,9614,True,10,
14187,GAPAGVHTAS,9614,True,10,
14188,MPVRGFTASG,9614,True,10,
14189,AVPRGMHALT,9614,True,10,
14190,SAPRGMKGQV,9614,True,10,
14191,MVPIGMRSKR,9614,True,10,
14192,GTVRGMSGKR,9614,True,10,
14193,IAPMGMKGAG,9614,True,10,
14194,GVPRGMRYKT,9614,True,10,
14195,PTPRGMKGMS,9614,True,10,
14196,KVPKGVRSMI,9614,True,10,
14197,RPPAGVKGPL,9614,True,10,
14198,ASTRMLFGHF,9614,True,10,
14199,YQPAGVKATG,9614,True,10,
14200,GAPRGVNTAS,9614,True,10,
14201,GRVRGVTASG,9614,True,10,
14202,LGPVGMVGSF,9614,True,10,
14203,ATPEGITGKA,9614,True,10,
14204,VPVGWMKGPH,9614,True,10,
14205,PGPRGRSGNA,9614,True,10,
14206,RNPAGMTGTH,9614,True,10,
14207,RLPVAIRGTL,9614,True,10,
14208,RSPKGMRGMR,9614,True,10,
14209,ASPWGVRSGV,9614,True,10,
14210,AVPSGVRNVG,9614,True,10,
14211,GRPRGVKTAS,9614,True,10,
14212,DAPAGMHTPR,9614,True,10,
14213,SGPAGVKGTA,9614,True,10,
14214,HAPAGMKSQT,9614,True,10,
14215,PGPGWMKGSN,9614,True,10,
14216,SHPRGMKVNG,9614,True,10,
14217,ADPRGMKGMS,9614,True,10,
14218,SVPRGVQAQV,9614,True,10,
14219,PSPRGVKAVG,9614,True,10,
14220,TPPKGMRSTQ,9614,True,10,
14221,GTPYGMRGMK,9614,True,10,
14222,SEPVGMRSAF,9614,True,10,
14223,AGPVGMRGNV,9614,True,10,
14224,SGPRGMRFTA,9614,True,10,
14225,SKPRGVRAPK,9614,True,10,
14226,GEVRGLSTAS,9614,True,10,
14227,QRPRGSGHPR,9614,True,10,
14228,GIPRAVLSNG,9614,True,10,
14229,VKPRGSTGQV,9614,True,10,
14230,DGPRSHRAIR,9614,True,10,
14231,TSPSGWRTWR,9614,True,10,
14232,VAPAGVRNQA,9614,True,10,
14233,EPPMGMTGTA,9614,True,10,
14234,MHPRGMRSNW,9614,True,10,
14235,VGPAGMHGMR,9614,True,10,
14236,VGPSGMRYMG,9614,True,10,
14237,MTPRGMKSPR,9614,True,10,
14238,DVPRGVRGSQ,9614,True,10,
14239,GPPGGSHSTG,9614,True,10,
14240,PQPRAIRALG,9614,True,10,
14241,GMPRGSKPMS,9614,True,10,
14242,SDPLGMRGQT,9614,True,10,
14243,VAPRGSMAPK,9614,True,10,
14244,QSPHGMTANQ,9614,True,10,
14245,MYPRGFRAMI,9614,True,10,
14246,IPPIHMKNHT,9614,True,10,
14247,GNPRGMRAQH,9614,True,10,
14248,QRPSGVTASG,9614,True,10,
14249,GKPVGFRAIW,9614,True,10,
14250,GQPRAVRGKT,9614,True,10,
14251,VAPVGLISHI,9614,True,10,
14252,ESPMGMHSRV,9614,True,10,
14253,VTVQGLHGNY,9614,True,10,
14254,SPRPRKASNV,9614,True,10,
14255,RKPAPMWGAY,9614,True,10,
14256,QWPTGLKSAL,9614,True,10,
14257,GAPRGMTNQK,9614,True,10,
14258,PGPEGMKDRF,9614,True,10,
14259,ATVRGMASNY,9614,True,10,
14260,QNPGWMKGHG,9614,True,10,
14261,MAPRAQRAFG,9614,True,10,
14262,MAPSGWTASG,9614,True,10,
14263,QEPAGMRGLV,9614,True,10,
14264,LEPRNVIAMG,9614,True,10,
14265,RAPGAMTASG,9614,True,10,
14266,STPRGIWSLH,9614,True,10,
14267,FRPAGVRSVK,9614,True,10,
14268,EGPGRVMARG,9614,True,10,
14269,SGPVGMRATA,9614,True,10,
14270,VGPRGVKAMK,9614,True,10,
14271,SGPRGNIVTA,9614,True,10,
14272,RSPVPMIGHY,9614,True,10,
14273,DSPRSFRSNG,9614,True,10,
14274,KAPKGMGRMG,9614,True,10,
14275,GRPLGQRGQA,9614,True,10,
14276,EAPRGSVASQ,9614,True,10,
14277,PQFRHLQANT,9614,True,10,
14278,KAPAGVKGSL,9614,True,10,
14279,GTPIGIRAPG,9614,True,10,
14280,GRPGWLTSHL,9614,True,10,
14281,PRPAGFKGVL,9614,True,10,
14282,MVPVGMRGQT,9614,True,10,
14283,GQVNSVRTAS,9614,True,10,
14284,EMPRGVKGPG,9614,True,10,
14285,GKPRGVKTAS,9614,True,10,
14286,GVPRGVRTAS,9614,True,10,known_sequence
14287,PLRAPMPRPL,9614,True,10,
14288,EAPRWVRAVQ,9614,True,10,
14289,IKVRGMRGLR,9614,True,10,
14290,SGPQGIKTTA,9614,True,10,
14291,VTPRGNHAIT,9614,True,10,
14292,RTPQGVRAPK,9614,True,10,
14293,SIPNWSTASG,9614,True,10,
14294,KFPRGMRGNS,9614,True,10,
14295,GQPRGVATAS,9614,True,10,
14296,GYPGGMRTAS,9614,True,10,
14297,GTPRGNKGFS,9614,True,10,
14298,QRPRGNSGRV,9614,True,10,
14299,SGPGGMHDIR,9614,True,10,
14300,TGARGMRSGR,9614,True,10,
14301,AEPRGVKAEK,9614,True,10,
14302,PARVGWTASG,9614,True,10,
14303,RAPAGVKSNY,9614,True,10,
14304,SPRAPRPTAP,9614,True,10,
14305,IAPAGSKGMI,9614,True,10,
14306,RVPVPMIGMG,9614,True,10,
14307,VGPRAVMAPT,9614,True,10,
14308,EMPSGVAGNT,9614,True,10,
14309,WAPRGMTGTV,9614,True,10,
14310,EGPAGVHVKA,9614,True,10,
14311,LGPRGMKGLG,9614,True,10,
14312,GSPKGVRTAS,9614,True,10,
14313,GMPSGNTASG,9614,True,10,
14314,RGPLGVKGVI,9614,True,10,
14315,GAPRGQVGSY,9614,True,10,
14316,MPRPSRSANP,9614,True,10,
14317,MLPVGVRSPH,9614,True,10,
14318,PGPTGMRDVS,9614,True,10,
14319,TGPAGVSARG,9614,True,10,
14320,EGPRGVMNIH,9614,True,10,
14321,GTPRGQTGKT,9614,True,10,
14322,KVPKGMRTKS,9614,True,10,
14323,VIPRPVMAIR,9614,True,10,
14324,TSPWGMTASG,9614,True,10,
14325,KAPSGWIAWS,9614,True,10,
14326,GTPSGMKGRG,9614,True,10,
14327,QPPSGWRSEK,9614,True,10,
14328,VKPSGVKTVQ,9614,True,10,
14329,SVPRGVHVGR,9614,True,10,
14330,VGPRGMRALF,9614,True,10,
14331,QRPAGVKGRA,9614,True,10,
14332,TKPRGVKGKI,9614,True,10,
14333,GQVFGMRGSR,9614,True,10,
14334,SWSRGLRSGQ,9614,True,10,
14335,FGPSGVRVTR,9614,True,10,
14336,ASISWMRGPK,9614,True,10,
14337,PVPRGVRTGR,9614,True,10,
14338,GSVAGLSGKH,9614,True,10,
14339,KPPSGVRARA,9614,True,10,
14340,GVPRGVRTAS,9614,True,10,known_sequence
14341,GVPRAVRAMG,9614,True,10,
14342,MVPRGVKNQR,9614,True,10,
14343,CEPRNVRSPR,9614,True,10,
14344,KAPRSMTSRG,9614,True,10,
14345,DMPRGMKGTH,9614,True,10,
14346,WSPRGMRIHS,9614,True,10,
14347,MVPRGMSTRG,9614,True,10,
14348,TAPIGMRHWI,9614,True,10,
14349,LGPRGVRAGK,9614,True,10,
14350,KVPRGVTASG,9614,True,10,
14351,GSPRGVRTAS,9614,True,10,
14352,AHPGPWMSGH,9614,True,10,
14353,TGPRSHTARI,9614,True,10,
14354,KGPRGVRSLG,9614,True,10,
14355,GAPRAVRTAS,9614,True,10,
14356,PVPVGRSTIK,9614,True,10,
14357,AIPRAVRSHL,9614,True,10,
14358,GSPKGVRTAS,9614,True,10,
14359,TMPKGMRGVY,9614,True,10,
14360,ARPQGMRNHR,9614,True,10,
14361,GVPRGVKTAS,9614,True,10,
14362,RHPVGMRGEA,9614,True,10,
14363,TQPRGVRAHR,9614,True,10,
14364,PSGISMGYMR,9614,True,10,
14365,RGPKGVRAGA,9614,True,10,
14366,AGPYGMRGPR,9614,True,10,
14367,QKPRGVAVLS,9614,True,10,
14368,MGVRGMHGRK,9614,True,10,
14369,FGPAGMHSPQ,9614,True,10,
14370,SKPVGMVGPQ,9614,True,10,
14371,MTPIGMRGPY,9614,True,10,
14372,PVPRGVRTAS,9614,True,10,
14373,EMPGWMKGWI,9614,True,10,
14374,HAPRGSTASG,9614,True,10,known_sequence
14375,TPMGWMKSMG,9614,True,10,
14376,APGHGMRGWS,9614,True,10,
14377,ARPHGQIGIG,9614,True,10,
14378,STPVGMRSAQ,9614,True,10,
14379,VMPRGMKSGY,9614,True,10,
14380,SKVWGIRSMQ,9614,True,10,
14381,SNPRGMAGIG,9614,True,10,
14382,MSPRWVMSEL,9614,True,10,
14383,PMPRAYRGAS,9614,True,10,
14384,QTPRGMVGHG,9614,True,10,
14385,GLPGWMISGV,9614,True,10,
14386,GRPRSLKGRY,9614,True,10,
14387,REPLGFSGQR,9614,True,10,
14388,SVPRGVTASG,9614,True,10,
14389,PGVRAVYGMF,9614,True,10,
14390,GAPRAVWTAS,9614,True,10,
14391,IPALGIDGIR,9614,True,10,
14392,QVPRGVYATG,9614,True,10,
14393,VTPRGNAGIH,9614,True,10,
14394,QSPKGMRGKY,9614,True,10,
14395,QPPSGVRTVI,9614,True,10,
14396,TKVSWMRGIA,9614,True,10,
14397,GAPAGMKGAY,9614,True,10,
14398,SAPRGMKGQI,9614,True,10,
14399,MEPRGVHAHT,9614,True,10,
14400,ITPRGNTGQG,5236,True,10,
14401,YQPTGLTASG,5236,True,10,
14402,WKPFGMRGPS,5236,True,10,
14403,TVPRGVTASG,5236,True,10,
14404,YSPRVITDHG,5236,True,10,
14405,YQPFGYTSRQ,5236,True,10,
14406,RYPRSWHVGQ,5236,True,10,
14407,MTPHLGYAPT,5236,True,10,
14408,CSPRGVKGIQ,5236,True,10,
14409,WCPRGNTASG,5236,True,10,
14410,YIPRPVWSQH,5236,True,10,
14411,GKPYPLIGSK,5236,True,10,
14412,GDPRAFKGKG,5236,True,10,
14413,SDPRGVHGWH,5236,True,10,
14414,SLPRNVFYKM,5236,True,10,
14415,AMPKGTFKET,5236,True,10,
14416,FMPRYMWGSF,5236,True,10,
14417,YSPKGIVSVA,5236,True,10,
14418,RVPKGVRSAF,5236,True,10,
14419,DYPRAFTGHF,5236,True,10,
14420,FWPLGWRTAS,5236,True,10,
14421,QSPRDVYDRG,5236,True,10,
14422,SDPRGVTASG,5236,True,10,
14423,LHPRSWLGTR,5236,True,10,
14424,REPRNVFAGV,5236,True,10,
14425,WSPRGSRVST,5236,True,10,
14426,HFPRAFRGPT,5236,True,10,
14427,GYPRSYAGIR,5236,True,10,
14428,VRVSWFWARV,5236,True,10,
14429,KFPRAVRTPQ,5236,True,10,
14430,YRSFPVWASV,5236,True,10,
14431,CSPTGLKGVI,5236,True,10,
14432,FAPRSWIGPK,5236,True,10,
14433,SCPRWLYGMT,5236,True,10,
14434,CPVRAHLGYK,5236,True,10,
14435,TSPRLPNAMH,5236,True,10,
14436,NEPRNVRGSK,5236,True,10,
14437,GRPRGVTGSA,5236,True,10,
14438,VWPRGSHGIG,5236,True,10,
14439,SIPRPVIVQL,5236,True,10,
14440,WMPRGVLGHY,5236,True,10,
14441,PHYPWPMVSR,5236,True,10,
14442,ATPRGVAVPG,5236,True,10,
14443,GIVRGVTSPF,5236,True,10,
14444,YIPRNYTGVY,5236,True,10,
14445,HFPRASWTLG,5236,True,10,
14446,RQPRGVTASG,5236,True,10,
14447,GWPRGSMGNF,5236,True,10,
14448,GAPRAFSNTI,5236,True,10,
14449,PQPRSWTASG,5236,True,10,
14450,NAPSWIKARS,5236,True,10,
14451,VDPRWISGQY,5236,True,10,
14452,FHPSAVRSQL,5236,True,10,
14453,QHPRGQVGVQ,5236,True,10,
14454,SDIRGMHQKL,5236,True,10,
14455,DLPRYWHGHA,5236,True,10,
14456,AFPRAFTGAY,5236,True,10,
14457,ISPRTLYSNF,5236,True,10,
14458,MYPRGNTGMR,5236,True,10,
14459,ANPAYWRSQH,5236,True,10,
14460,EYPRSWRSTW,5236,True,10,
14461,NTPRGNTGGR,5236,True,10,
14462,QMPRAFTGMY,5236,True,10,
14463,QSPRGVTVET,5236,True,10,
14464,NAPRGSTASG,5236,True,10,
14465,LWIRGLFSNQ,5236,True,10,
14466,PRPRGNTGAV,5236,True,10,
14467,WNPRGMGSPL,5236,True,10,
14468,STVRGMTASG,5236,True,10,
14469,VHPSPFSGLW,5236,True,10,
14470,TYPRSWRVGY,5236,True,10,
14471,VNPRAVHSVG,5236,True,10,
14472,TKPRGNVASA,5236,True,10,
14473,SNPIHMLDWH,5236,True,10,
14474,PAVRGMTSNL,5236,True,10,
14475,TIPRAWKGEG,5236,True,10,
14476,CAPRPVIGMA,5236,True,10,
14477,VWPRGMKGMR,5236,True,10,
14478,VSPRVLWNSW,5236,True,10,
14479,MSPRGVYNSG,5236,True,10,
14480,YDPRGMKGLV,5236,True,10,
14481,YIPRSWTSMS,5236,True,10,
14482,NWPAGVRGWV,5236,True,10,
14483,LSPRWLYGMK,5236,True,10,
14484,RSTRGLIGIG,5236,True,10,
14485,TPPRGLYGPT,5236,True,10,
14486,LHPRGSYGEG,5236,True,10,
14487,TSPVQMWGQG,5236,True,10,
14488,PMPRYLYGVQ,5236,True,10,
14489,MGPEGVKGAG,5236,True,10,
14490,DGPKGVRGTL,5236,True,10,
14491,GYVRGMRTAS,5236,True,10,
14492,VGPRGSKYAY,5236,True,10,
14493,PHPRGVRQGF,5236,True,10,
14494,CKWRAITASG,5236,True,10,
14495,EYPAGFHSHR,5236,True,10,
14496,LVPRAVLAEG,5236,True,10,
14497,RCPRWRTAWG,5236,True,10,
14498,AYVRGMHGQH,5236,True,10,
14499,PQPRSWRDPT,5236,True,10,
14500,PAVRGVWAIH,5236,True,10,
14501,RAPKGVKSNI,5236,True,10,
14502,STPRGNHGIK,5236,True,10,
14503,WYPRGLGTRA,5236,True,10,
14504,SARKQRLKGP,5236,True,10,
14505,VFPKGMRSPV,5236,True,10,
14506,SIVRAVHSAR,5236,True,10,
14507,TGPSWIVDIQ,5236,True,10,
14508,LVPRAVHNGK,5236,True,10,
14509,SGVRAVYATA,5236,True,10,
14510,WIVRAVQSMG,5236,True,10,
14511,IQFLHWIGVQ,5236,True,10,
14512,QTPRSYKGPF,5236,True,10,
14513,SMPRNVRSNL,5236,True,10,
14514,SNPRTLVARG,5236,True,10,
14515,VCPIPMFGNT,5236,True,10,
14516,TLPVHYWDWK,5236,True,10,
14517,PLPKWILGVI,5236,True,10,
14518,NVPSWIFGTQ,5236,True,10,
14519,LSTRNLTGMG,5236,True,10,
14520,MTPRGNRGPG,5236,True,10,
14521,WTPKSVRGSY,5236,True,10,
14522,LCPQWMRGQY,5236,True,10,
14523,SMPRQVLGPH,5236,True,10,
14524,ILPRAWTGHA,5236,True,10,
14525,SGPFGMTATA,5236,True,10,
14526,YIPRPNIGHR,5236,True,10,
14527,WSPRGMKGSK,5236,True,10,
14528,RYPRAVFNVA,5236,True,10,
14529,SYPRAFRGWI,5236,True,10,
14530,GSVRGVTASG,5236,True,10,
14531,RWLRAWYGWS,5236,True,10,
14532,TSPRVLIAVG,5236,True,10,
14533,RVPVQLFGER,5236,True,10,
14534,YAPRGSYDIT,5236,True,10,
14535,KYPRAFIGSQ,5236,True,10,
14536,NTVYWQLGKL,5236,True,10,
14537,PYNLPQYGWQ,5236,True,10,
14538,FHVRAVYGRH,5236,True,10,
14539,MSPRKFIGRI,5236,True,10,
14540,TGVAWLISGS,5236,True,10,
14541,TVPRAWYSQG,5236,True,10,
14542,QPAYHMRASY,5236,True,10,
14543,WYPRGLTSRG,5236,True,10,
14544,CQVRAVYGQG,5236,True,10,
14545,LNPRSYIGMH,5236,True,10,
14546,CIPRGQTSQP,5236,True,10,
14547,QFPRAMLGPG,5236,True,10,
14548,PQVRGQTSHF,5236,True,10,
14549,WSWASMRSHY,5236,True,10,
14550,KMPRGVTASG,5236,True,10,
14551,IPARGLYGLR,5236,True,10,
14552,AWPRAVYGMR,5236,True,10,
14553,LWPRGVRDTG,5236,True,10,
14554,WSPRGNTGQG,5236,True,10,
14555,TAPRSWTGPY,5236,True,10,
14556,TPWSGMARPG,5236,True,10,
14557,VSPRAYFNMR,5236,True,10,
14558,RWPVGMTGEQ,5236,True,10,
14559,GLVRAVYSTV,5236,True,10,
14560,EVIRHLTASG,5236,True,10,
14561,HVPRGVTASG,5236,True,10,
14562,AQPRSWTASG,5236,True,10,
14563,EIPRNVHSMK,5236,True,10,
14564,YNCEYWRPYG,5236,True,10,
14565,YSPRAMWSLV,5236,True,10,
14566,SWPKGMRHVT,5236,True,10,
14567,TSPRMLIGPF,5236,True,10,
14568,AWHRALWGMY,5236,True,10,
14569,AVPVSVRGQG,5236,True,10,
14570,KLPRYIFANH,5236,True,10,
14571,GLVRGMHGPI,5236,True,10,
14572,YWPINMVNWL,5236,True,10,
14573,DGPRGVHGWL,5236,True,10,
14574,YQPRAVYGWY,5236,True,10,
14575,WIPRPVSGRY,5236,True,10,
14576,SYPRGMHTVT,5236,True,10,
14577,PHPRGQTGAW,5236,True,10,
14578,LWYASMRGHF,5236,True,10,
14579,ATPRGNRGVG,5236,True,10,
14580,IGPKGVHGWT,5236,True,10,
14581,LVPKGVHGVA,5236,True,10,
14582,FSPVSLHVES,5236,True,10,
14583,LGVRGVHATH,5236,True,10,
14584,SAPRTLTSKR,5236,True,10,
14585,TSPRSYKGGA,5236,True,10,
14586,YNPRGMHDAG,5236,True,10,
14587,YAPRGVQAKG,5236,True,10,
14588,NRPSWVYTIT,5236,True,10,
14589,AYPRGQTASG,5236,True,10,
14590,ATPIGIYGRG,5236,True,10,
14591,KHRNPRGSFG,5236,True,10,
14592,LHVRGLADAH,5236,True,10,
14593,ADPRGQTSEG,5236,True,10,
14594,DSVRGMWSEA,5236,True,10,
14595,SGPKWIHSTA,5236,True,10,
14596,GPPRSNTASG,5236,True,10,
14597,SWCPQYLNLF,5236,True,10,
14598,QWYSGMADMT,5236,True,10,
14599,HPPRFMIGAG,5236,True,10,
14600,APVRAVYDMI,5236,True,10,
14601,PWPRGVHAMG,5236,True,10,
14602,DGPRSYWGAV,5236,True,10,
14603,YEPRNVIGWF,5236,True,10,
14604,ASPVGQTGER,5236,True,10,
14605,DTPRSQRGLQ,5236,True,10,
14606,YHPRQVTASG,5236,True,10,
14607,MAPKGMTGPH,5236,True,10,
14608,VTPRGNTGHY,5236,True,10,
14609,TSPKLQKGPA,5236,True,10,
14610,WQPRGNYGAT,5236,True,10,
14611,SYPRKYVAPH,5236,True,10,
14612,YSPRGVHAHG,5236,True,10,
14613,EHVRGVYSEG,5236,True,10,
14614,HPYMSLWGTH,5236,True,10,
14615,GDPRGLATAS,5236,True,10,
14616,PRPRGQTGWK,5236,True,10,
14617,HCPRWIYGPF,5236,True,10,
14618,SGPRPLVGTA,5236,True,10,
14619,EYPRAWVAPG,5236,True,10,
14620,RQPRGVRTPF,5236,True,10,
14621,QDPKIITASG,5236,True,10,
14622,YHPVHMLSTR,5236,True,10,
14623,QWPRGQISPH,5236,True,10,
14624,SWPRGNRSLY,5236,True,10,
14625,VSPRGVYRSG,5236,True,10,
14626,NSPVQMWDPW,5236,True,10,
14627,LVPRGVYSHA,5236,True,10,
14628,MWVRGVFAGQ,5236,True,10,
14629,SYPRAYKGQV,5236,True,10,
14630,APVRAVHSGY,5236,True,10,
14631,TRPRSWIGLV,5236,True,10,
14632,AHPRGSWSHI,5236,True,10,
14633,TCPRGYTGVH,5236,True,10,
14634,HGPRSYIAWH,5236,True,10,
14635,PTPRAYFGSL,5236,True,10,
14636,WAVRGMHGPW,5236,True,10,
14637,LTPVGIRGPR,5236,True,10,
14638,SYVRGMHGRH,5236,True,10,
14639,KSPRYLYTPR,5236,True,10,
14640,WVPRGVKVAL,5236,True,10,
14641,QLPRAVKGSR,5236,True,10,
14642,VGVRGLWDMV,5236,True,10,
14643,SPAHGMVGAH,5236,True,10,
14644,LKVRGMYGAT,5236,True,10,
14645,EQPRSWRGQR,5236,True,10,
14646,NFPKGMRGEQ,5236,True,10,
14647,RYPRGVKATR,5236,True,10,
14648,LWPRAFYGQW,5236,True,10,
14649,GTPRYWYSGT,5236,True,10,
14650,AFPLGSWGWY,5236,True,10,
14651,WYPRAWFGMR,5236,True,10,
14652,YMVRGMFGRF,5236,True,10,
14653,TIPRPVMGIG,5236,True,10,
14654,TQPVPFHSNK,5236,True,10,
14655,TYPRAWHGMG,5236,True,10,
14656,NTPRGQTGSR,5236,True,10,
14657,TGPRSWIGIF,5236,True,10,
14658,NYPVSMYSVR,5236,True,10,
14659,SKPRGLWSGQ,5236,True,10,
14660,LSVGAVRGTS,5236,True,10,
14661,TAYRSMYAMG,5236,True,10,
14662,DTPRGNHSQT,5236,True,10,
14663,TGVYWMRAWK,5236,True,10,
14664,YTPRNVQGLA,5236,True,10,
14665,TAPRGSYIPK,5236,True,10,
14666,THPRGVRGMH,5236,True,10,
14667,TYPRAQAGPT,5236,True,10,
14668,HWPRGMKGVK,5236,True,10,
14669,EPYFSLRVRQ,5236,True,10,
14670,NSPRWVIAHG,5236,True,10,
14671,YSPRGMHYEY,5236,True,10,
14672,MVPKGVRDPG,5236,True,10,
14673,YPRGCRSPSP,5236,True,10,
14674,ALPRSWYSQK,5236,True,10,
14675,FRPRSVSAPY,5236,True,10,
14676,KRPRGYTGHH,5236,True,10,
14677,PSRPRRTAPR,5236,True,10,
14678,WVPRGQIAST,5236,True,10,
14679,WYARGMVGPV,5236,True,10,
14680,YMPRGMSGVH,5236,True,10,
14681,SAPRSLWAVT,5236,True,10,
14682,ANPRGLTASG,5236,True,10,
14683,LFPRGMAGPG,5236,True,10,
14684,VGPRGVTNAI,5236,True,10,
14685,WMPRSYQGHT,5236,True,10,
14686,EHVRGMTASG,5236,True,10,
14687,NGVRGMHGWV,5236,True,10,
14688,MSVRGVTASG,5236,True,10,
14689,YNPLGFTSPR,5236,True,10,
14690,NQPQAVFKTS,5236,True,10,
14691,VGPRSKDYRF,5236,True,10,
14692,FTPRSYQGPW,5236,True,10,
14693,MSPKGVRTAG,5236,True,10,
14694,SMPRNVAYTK,5236,True,10,
14695,TFPRMLIGTR,5236,True,10,
14696,STPKAWQGHT,5236,True,10,
14697,ITPRGVKSMR,5236,True,10,
14698,RVPRAVFVVK,5236,True,10,
14699,ATPRGVHGMG,5236,True,10,
14700,HLVRAHWGNW,5236,True,10,
14701,VIPRPVYGWY,5236,True,10,
14702,NCPRWLSGSK,5236,True,10,
14703,AEPRNYSGMA,5236,True,10,
14704,VHPRGSYGVG,5236,True,10,
14705,TKWRGIFSWA,5236,True,10,
14706,MLPKGSYDGK,5236,True,10,
14707,LMPRTLRATF,5236,True,10,
14708,MEPFGMTGMK,5236,True,10,
14709,WQPRGLSGVG,5236,True,10,
14710,KPAGGLYGNL,5236,True,10,
14711,IVPRAVLAGI,5236,True,10,
14712,YRVRGVHGMF,5236,True,10,
14713,RQPKGVRGVG,5236,True,10,
14714,PDVRGMKGAQ,5236,True,10,
14715,SAPRGVTGEY,5236,True,10,
14716,GVPRGVTVHL,5236,True,10,
14717,NGPRAVKGQA,5236,True,10,
14718,HGPRSWRTWG,5236,True,10,
14719,WPTRWLMGQG,5236,True,10,
14720,RTPKGMKNVW,5236,True,10,
14721,LKPRAVLGML,5236,True,10,
14722,FGPKSMLSKH,5236,True,10,
14723,DRPRGVHARV,5236,True,10,
14724,FTPRGSTGEG,5236,True,10,
14725,GSPRGVRTAS,5236,True,10,
14726,SAPRSWTNIG,5236,True,10,
14727,MFPRGMTGIY,5236,True,10,
14728,SIPNAFTGNK,5236,True,10,
14729,NHPRGLGSKG,5236,True,10,
14730,NIPLVSWSIQ,5236,True,10,
14731,MVPRGVTSPY,5236,True,10,
14732,FYPRFLRYPT,5236,True,10,
14733,STPRGNAANG,5236,True,10,
14734,VSPKNYSQRH,5236,True,10,
14735,FWPRGVRVLH,5236,True,10,
14736,QNPRGNVGWT,5236,True,10,
14737,SVPRKYQGMY,5236,True,10,
14738,WKPAGVHTMR,5236,True,10,
14739,ANPRGQITWH,5236,True,10,
14740,LQPRGWISQW,5236,True,10,
14741,GWPRAFRGTG,5236,True,10,
14742,TAPRGVTAEG,5236,True,10,
14743,EYPRNVKGWF,5236,True,10,
14744,VGPRNVTASG,5236,True,10,
14745,AVPVPMWANQ,5236,True,10,
14746,SQPVQMYNPT,5236,True,10,
14747,GSPRPVLGVL,5236,True,10,
14748,SVPRGVHDRT,5236,True,10,
14749,NAPVGMRDEA,5236,True,10,
14750,IHVRGMRGQH,5236,True,10,
14751,ISPRSWTASG,5236,True,10,
14752,DSPRGVHSPR,5236,True,10,
14753,VPVYGMRSTG,5236,True,10,
14754,SEPRSWTNPG,5236,True,10,
14755,TYPRAFSGKG,5236,True,10,
14756,PQVRAVTASG,5236,True,10,
14757,MQPRGVTGSW,5236,True,10,
14758,QSPRWVKGTS,5236,True,10,
14759,ETVRGVWSRH,5236,True,10,
14760,RYPRGWTASG,5236,True,10,
14761,SYARSMLSPH,5236,True,10,
14762,GRPRGVTGIY,5236,True,10,
14763,RYPKSVMANW,5236,True,10,
14764,SYPRAWTASG,5236,True,10,
14765,QWKNRPALNP,5236,True,10,
14766,AWPVGMQSPK,5236,True,10,
14767,LTPRGNTAVS,5236,True,10,
14768,YRPRGLVGTG,5236,True,10,
14769,WSPRLYIGHY,5236,True,10,
14770,TALRSWFGLY,5236,True,10,
14771,FQPRYMHGPK,5236,True,10,
14772,NEPRNVAAQH,5236,True,10,
14773,AQPRSWTASG,5236,True,10,
14774,EDPRNVTGPI,5236,True,10,
14775,VTPRGSTASG,5236,True,10,
14776,DSPYGMRGRG,5236,True,10,
14777,VHPSGWISEQ,5236,True,10,
14778,SATWGLTASG,5236,True,10,
14779,VCPRWMIGWR,5236,True,10,
14780,YRPRGSTASG,5236,True,10,
14781,YGPRSWTGQK,5236,True,10,
14782,GTPRSWASGY,5236,True,10,
14783,KNPRSVRAWR,5236,True,10,
14784,QAPRLYAGQG,5236,True,10,
14785,IAPRNVKATG,5236,True,10,
14786,TGPRSWIGPF,5236,True,10,
14787,SYARGLYGWG,5236,True,10,
14788,AFPRAFKGAK,5236,True,10,
14789,SDPRGMTGVS,5236,True,10,
14790,ETPRGQTARW,5236,True,10,
14791,FAPRNVQSWG,5236,True,10,
14792,SVPRGMHGNV,5236,True,10,
14793,SWPRGNTSPS,5236,True,10,
14794,DRPRSVTANG,5236,True,10,
14795,THPYSWQGMH,5236,True,10,
14796,TWPRGVKDSF,5236,True,10,
14797,HLPRSWTGPL,5236,True,10,
14798,SWVGALYGAH,5236,True,10,
14799,FPYKHLQSRY,5236,True,10,
14800,HLPTAFWLHK,12744,True,10,
14801,TYPRSYSGNG,12744,True,10,
14802,MIPQWPHGNY,12744,True,10,
14803,TTPYWSYGPL,12744,True,10,
14804,FVPRAVRSGQ,12744,True,10,
14805,RQPRNVISHG,12744,True,10,
14806,KIARAFMGQG,12744,True,10,
14807,TRPRGQIAHG,12744,True,10,
14808,HTVRGVTASG,12744,True,10,
14809,YRPSHYSGPK,12744,True,10,
14810,RGPGSFYSGT,12744,True,10,
14811,GTKRFIVWIS,12744,True,10,
14812,SWPRGVTASG,12744,True,10,
14813,DTPIELTGQY,12744,True,10,
14814,GCPHAFTGHT,12744,True,10,
14815,NRPSAYQGMF,12744,True,10,
14816,YQPRSYRGPT,12744,True,10,
14817,CGPSGWTASG,12744,True,10,
14818,PYPRAWTGMH,12744,True,10,
14819,PLPKSWRGYV,12744,True,10,
14820,TPVYGMRSGY,12744,True,10,
14821,AFCHWTPQMF,12744,True,10,
14822,CLPRAVYGNG,12744,True,10,
14823,HPVYGMRATY,12744,True,10,
14824,VAPAKVTGHT,12744,True,10,
14825,HKPRSYRGGV,12744,True,10,
14826,RPHQHLWSMR,12744,True,10,
14827,VQPRSYHGHG,12744,True,10,
14828,SVPRGVHGYG,12744,True,10,
14829,RVGCYRHLSD,12744,True,10,
14830,WWFAHMHSLT,12744,True,10,
14831,SHPRQYIGWK,12744,True,10,
14832,QHPRGSTGTH,12744,True,10,
14833,RIPRPVMAMG,12744,True,10,
14834,YAPRSHTASG,12744,True,10,
14835,AVPRGVSAWY,12744,True,10,
14836,GPTRWYTSRT,12744,True,10,
14837,HGPNFMQGQY,12744,True,10,
14838,KHPVWYKSPG,12744,True,10,
14839,MFPRAFTASG,12744,True,10,
14840,QAPRSTKSTI,12744,True,10,
14841,RAPSLYLARG,12744,True,10,
14842,VYPRAFSGPV,12744,True,10,
14843,DRPAGVHAER,12744,True,10,
14844,DGPRSYTGGR,12744,True,10,
14845,NMPRMVHGVT,12744,True,10,
14846,NYPAGVKGYI,12744,True,10,
14847,RSPSGVYGSA,12744,True,10,
14848,PHTLRHVGEH,12744,True,10,
14849,MFPRGFTASG,12744,True,10,
14850,SGPSGWTGTA,12744,True,10,
14851,QSPRLYIGRT,12744,True,10,
14852,QRPSAYTGAS,12744,True,10,
14853,GEPRAVHGVH,12744,True,10,
14854,RSRTLRSAIG,12744,True,10,
14855,VIPRPVMAKS,12744,True,10,
14856,YMPKGMHGIS,12744,True,10,
14857,RTPVGMTGMS,12744,True,10,
14858,HIPRAVHSVT,12744,True,10,
14859,VGPRVLYGHG,12744,True,10,
14860,ETPYGNRGRA,12744,True,10,
14861,VIPRPVMNQG,12744,True,10,
14862,LGYPGRYKCG,12744,True,10,
14863,GVPRAVHGGS,12744,True,10,
14864,NSPHGFHGLV,12744,True,10,
14865,ERPRGVKGPY,12744,True,10,
14866,SFHNSLRNWH,12744,True,10,
14867,TAPGWIHYTL,12744,True,10,
14868,YVPRGVRAEH,12744,True,10,
14869,VYARGNAGYI,12744,True,10,
14870,TGPKLIWGTH,12744,True,10,
14871,VTPRGNVNPG,12744,True,10,
14872,KRPRAYIGTR,12744,True,10,
14873,QVPRGVTGVH,12744,True,10,
14874,SFCLPFQGVI,12744,True,10,
14875,PRVAGVTSNG,12744,True,10,
14876,VHPRGVTASG,12744,True,10,
14877,LTPKGNRGHG,12744,True,10,
14878,KSPRGVHGNW,12744,True,10,
14879,RIPRPVTASG,12744,True,10,
14880,STPVGAVGAT,12744,True,10,
14881,ASPVYMRGPR,12744,True,10,
14882,SPYSHLTAEL,12744,True,10,
14883,MPYFHMWGTY,12744,True,10,
14884,HPVYAFWANV,12744,True,10,
14885,KWPRFVTASG,12744,True,10,
14886,CHPKGMRGNG,12744,True,10,
14887,GKGVPRSVPA,12744,True,10,
14888,FQPRNYTGPS,12744,True,10,
14889,VFPVNYHGVK,12744,True,10,
14890,WTPRGNVDPT,12744,True,10,
14891,SRPRGVTASG,12744,True,10,
14892,HTVNWMTGAV,12744,True,10,
14893,RHPYGFHGVH,12744,True,10,
14894,NSPWSYIGSR,12744,True,10,
14895,VRWSWLMGPR,12744,True,10,
14896,VNPIHRSSPF,12744,True,10,
14897,RAPVAFYGPI,12744,True,10,
14898,EVRKRRYSIL,12744,True,10,
14899,MVPWAVTSKH,12744,True,10,
14900,WRPSGVFATG,12744,True,10,
14901,TGPSWSTASG,12744,True,10,
14902,FARNYRFYPH,12744,True,10,
14903,ALYRAYFGMK,12744,True,10,
14904,VYPRGQTFNH,12744,True,10,
14905,VSPKQVTASG,12744,True,10,
14906,RRPRGNVGSA,12744,True,10,
14907,GHPRAFSGTG,12744,True,10,
14908,DALSHWSGAQ,12744,True,10,
14909,PMPRQVFNPG,12744,True,10,
14910,TMPRYMYSQY,12744,True,10,
14911,RNPKGVTGVF,12744,True,10,
14912,VTPRGVTGWR,12744,True,10,
14913,CGPHGSNAYK,12744,True,10,
14914,GYPRAFWAIV,12744,True,10,
14915,MTPRQYHGVG,12744,True,10,
14916,VGPEGSRGNG,12744,True,10,
14917,KQPSGWIGAK,12744,True,10,
14918,PNPRQVRGAQ,12744,True,10,
14919,EYVRAFHGNI,12744,True,10,
14920,WTPRGNTGVQ,12744,True,10,
14921,RNPRGVHRKG,12744,True,10,
14922,RSPRSYTGQA,12744,True,10,
14923,VEPGVMSGNY,12744,True,10,
14924,HAPRFMKHGF,12744,True,10,
14925,GIPRVVLSGI,12744,True,10,
14926,IKPAGVHANA,12744,True,10,
14927,TRVRSVLVLF,12744,True,10,
14928,YDPRGSPSLS,12744,True,10,
14929,KTPRSHTMPI,12744,True,10,
14930,QKPRNYTGPG,12744,True,10,
14931,SRPKGYRGEA,12744,True,10,
14932,CSPRAFFGTA,12744,True,10,
14933,SHPYGMRAGR,12744,True,10,
14934,MTPRGNFSKG,12744,True,10,
14935,YGPRSYRDGW,12744,True,10,
14936,NVPSWVIGPT,12744,True,10,
14937,TQAHGIFSNM,12744,True,10,
14938,PQHMPQAPVD,12744,True,10,
14939,FSWASMVAPT,12744,True,10,
14940,GYPDAHRGVV,12744,True,10,
14941,SGPRAFTGTA,12744,True,10,
14942,PFARGVTASG,12744,True,10,
14943,TGPRAYHGTH,12744,True,10,
14944,HVPRQVRSGS,12744,True,10,
14945,IWPRGVTSMQ,12744,True,10,
14946,WTGQWLTGVT,12744,True,10,
14947,HTPRGQVSGW,12744,True,10,
14948,PQRVRRVPHG,12744,True,10,
14949,HGPYHWRGTV,12744,True,10,
14950,RLYMNYWGDF,12744,True,10,
14951,GFARWMYGLT,12744,True,10,
14952,YSPGSMRGSW,12744,True,10,
14953,TMPRSYWGWY,12744,True,10,
14954,QTPRGNTASG,12744,True,10,
14955,QHPRGVTASG,12744,True,10,
14956,HRPRGSWSHR,12744,True,10,
14957,GYPRGVHTAS,12744,True,10,
14958,AMVRGYHGLR,12744,True,10,
14959,WTPSGWTGWH,12744,True,10,
14960,CIPHCFFAGV,12744,True,10,
14961,QIYGAMTGQT,12744,True,10,
14962,MAYPHWLYSH,12744,True,10,
14963,VSPRAYHGLH,12744,True,10,
14964,GRPRGVTASG,12744,True,10,
14965,SQPTGFHAMT,12744,True,10,
14966,PWVHGMHGMT,12744,True,10,
14967,YQPRAVWGVG,12744,True,10,
14968,LYPRSYTGSG,12744,True,10,
14969,RGPVPGSASG,12744,True,10,
14970,GRPRGVRDGF,12744,True,10,
14971,PGPSGWTASG,12744,True,10,
14972,HKPSGVTGYG,12744,True,10,
14973,VPVFGFSGTK,12744,True,10,
14974,ANYLHWYSMV,12744,True,10,
14975,YQPRSYSGAF,12744,True,10,
14976,GKPRGVHSNG,12744,True,10,
14977,YQPRGVTASG,12744,True,10,
14978,GTPRAFVGRL,12744,True,10,
14979,TVSYAWKGMI,12744,True,10,
14980,DHPRGVAGLS,12744,True,10,
14981,VFPMGMFGWH,12744,True,10,
14982,RGPSGVTASG,12744,True,10,
14983,PFWSGMFALV,12744,True,10,
14984,YRKRPQAFCA,12744,True,10,
14985,DTPRKYRGSG,12744,True,10,
14986,KVPVQMAGEI,12744,True,10,
14987,SPVFAFYAMT,12744,True,10,
14988,TYPRGVGVHA,12744,True,10,
14989,RGPVFMLGNT,12744,True,10,
14990,TYPRAFSGHA,12744,True,10,
14991,SGPRAVVGTA,12744,True,10,
14992,YWARWYQGTG,12744,True,10,
14993,GTPIMWRGWG,12744,True,10,
14994,SVDRFRFVSG,12744,True,10,
14995,VLPRAVSGWK,12744,True,10,
14996,TPTHWMTGAS,12744,True,10,
14997,MSPRLYSGPK,12744,True,10,
14998,TEPQGMTGPY,12744,True,10,
14999,MGPRGVGAMH,12744,True,10,
15000,NPYWFLRANA,12744,True,10,
15001,MFPRAHLGWR,12744,True,10,
15002,KMPRSYTGPI,12744,True,10,
15003,GNPSPFVGHG,12744,True,10,
15004,QHPRSYSGPG,12744,True,10,
15005,GIPRAFWGMG,12744,True,10,
15006,KSPRGVTASG,12744,True,10,
15007,TKARGMYSMI,12744,True,10,
15008,VYPRAFHGHA,12744,True,10,
15009,VQPRGYIGPF,12744,True,10,
15010,LSYQGLWSPV,12744,True,10,
15011,HTPRGNMGRH,12744,True,10,
15012,HGPRFILGNI,12744,True,10,
15013,QGVKGMYGPS,12744,True,10,
15014,WFPRGSHGMG,12744,True,10,
15015,ARHRGPVSPF,12744,True,10,
15016,YIPRGVHAQS,12744,True,10,
15017,KYPRSYQGIQ,12744,True,10,
15018,HAPRGATASG,12744,True,10,
15019,ARPRGVTSHG,12744,True,10,
15020,MEVFGQVGVG,12744,True,10,
15021,RKPAPWVAKG,12744,True,10,
15022,MSPRAVTASG,12744,True,10,
15023,EMPRSFYGLH,12744,True,10,
15024,GLGRAVTSYH,12744,True,10,
15025,QAPVEVIGSR,12744,True,10,
15026,WFPKWIRGMG,12744,True,10,
15027,YSTRGVTASG,12744,True,10,
15028,YMPRSHYGWG,12744,True,10,
15029,HRVSNWAGST,12744,True,10,
15030,NPQPASPWAS,12744,True,10,
15031,FAPRGVMNGA,12744,True,10,
15032,EMPRQVTGHQ,12744,True,10,
15033,PFPRSHRGRV,12744,True,10,
15034,TGPSWIHGAH,12744,True,10,
15035,HQPRGVHGMS,12744,True,10,
15036,QRVRGVTASG,12744,True,10,known_sequence
15037,GMPKYMRGLA,12744,True,10,
15038,PTPRSYWGVQ,12744,True,10,
15039,LAYPPRPVDE,12744,True,10,
15040,VKPRGVISPA,12744,True,10,
15041,QWYHYFGYQV,12744,True,10,
15042,EDPGWMHGAT,12744,True,10,
15043,FAPRSMYGLH,12744,True,10,
15044,VSPRGVTSPT,12744,True,10,
15045,CVPRGVRAQY,12744,True,10,
15046,IMPRQVAYPI,12744,True,10,
15047,APYNHLFSWV,12744,True,10,
15048,KYPRGQTSKH,12744,True,10,
15049,IAPRSWLGAI,12744,True,10,
15050,KMPSWVHGVR,12744,True,10,
15051,LHPRGYTSVA,12744,True,10,
15052,VHPRGNHGVA,12744,True,10,
15053,AYPRGNTGWV,12744,True,10,
15054,WMYRSLVGTG,12744,True,10,
15055,EGPRSVTASG,12744,True,10,
15056,MTVRGVTGLQ,12744,True,10,
15057,RNVAWLHGIA,12744,True,10,
15058,WTPRGNIAVR,12744,True,10,
15059,IRVRGVWSIG,12744,True,10,
15060,HQPRGHTASG,12744,True,10,
15061,RFYFVFQGIH,12744,True,10,
15062,ILATGSQNVK,12744,True,10,
15063,MVPRAQVGTY,12744,True,10,
15064,HRPRSVTASG,12744,True,10,
15065,AKPRNVFGWL,12744,True,10,
15066,QTPRYNTGNA,12744,True,10,
15067,IGPSGVTASG,12744,True,10,
15068,KERVFRDPGW,12744,True,10,
15069,GSGTRLVGVT,12744,True,10,
15070,IMPRSYQGAQ,12744,True,10,
15071,VRPRGVTASG,12744,True,10,
15072,NGPSGVTASG,12744,True,10,
15073,FYPRAFTGSY,12744,True,10,
15074,SWPRGVTSVQ,12744,True,10,
15075,FKPAPWLGHT,12744,True,10,
15076,QSPRNVTGGV,12744,True,10,
15077,TRPSWILSWF,12744,True,10,
15078,KTPRMYHGNA,12744,True,10,
15079,KFPRPYRGAQ,12744,True,10,
15080,CKAVGCRVHP,12744,True,10,
15081,MSPYGVHGNT,12744,True,10,
15082,RQPRGVYGQL,12744,True,10,
15083,VKPRGVTASG,12744,True,10,
15084,SGPRAVTASG,12744,True,10,
15085,MPRFPRAVRT,12744,True,10,
15086,GLWYGMVGAK,12744,True,10,
15087,GTVNRFYGFR,12744,True,10,
15088,RVPRGVTASG,12744,True,10,
15089,YRVAYIFGQH,12744,True,10,
15090,VHPRGSTASG,12744,True,10,
15091,PVPRGVRVQG,12744,True,10,
15092,MIPAWSIGPH,12744,True,10,
15093,VQPRGVHDSY,12744,True,10,
15094,YKWFAYVGMG,12744,True,10,
15095,KYHQWQMGKF,12744,True,10,
15096,MFPLGVRGPG,12744,True,10,
15097,QHPSPFWSGQ,12744,True,10,
15098,DNPSYLWGVS,12744,True,10,
15099,QVARAWAGVG,12744,True,10,
15100,IVPRPVTGVY,12744,True,10,
15101,RHPSHFYSIG,12744,True,10,
15102,PSYRSLYGIQ,12744,True,10,
15103,PHPRAYKGQA,12744,True,10,
15104,KHPAGVHSVT,12744,True,10,
15105,PSPRAYQGEW,12744,True,10,
15106,LSHSGRPLGW,12744,True,10,
15107,QRPAGFAGHR,12744,True,10,
15108,SMPRMYSGQV,12744,True,10,
15109,NTPRGSTGIY,12744,True,10,
15110,MWPRGMHGTV,12744,True,10,
15111,FRPRGSHAIR,12744,True,10,
15112,FHPRSKDGIY,12744,True,10,
15113,LTGELPNARN,12744,True,10,
15114,GFGQANWNGY,12744,True,10,
15115,QPYFHMTASG,12744,True,10,
15116,HPAQGMTGPR,12744,True,10,
15117,HAPRSYHGAG,12744,True,10,
15118,ETPKQMRGQI,12744,True,10,
15119,ENTLPLGAVL,12744,True,10,
15120,YSPRAFMGTG,12744,True,10,
15121,GEAYHMWGKY,12744,True,10,
15122,HAVRGVTASG,12744,True,10,
15123,MTPRGNHGVH,12744,True,10,
15124,LRPRFLYGTR,12744,True,10,
15125,HGVRAVYAHS,12744,True,10,
15126,MPLSWVYTHV,12744,True,10,
15127,VPTWAYKGIG,12744,True,10,
15128,NTVHGFHSNW,12744,True,10,
15129,RIPRPVLGNH,12744,True,10,
15130,WVRSIKSFAL,12744,True,10,
15131,AMWRAFWSAG,12744,True,10,
15132,YIGTVFPAPT,12744,True,10,
15133,MRPRGVTASG,12744,True,10,
15134,YAPRSYTGPH,12744,True,10,
15135,TIPRAVRGNL,12744,True,10,
15136,MVPRGSYGMG,12744,True,10,
15137,IFPASWLGMV,12744,True,10,
15138,PRPRSYRGMS,12744,True,10,
15139,WTPWGMTGKG,12744,True,10,
15140,KSPRQYLGAR,12744,True,10,
15141,WHPRAFRGSY,12744,True,10,
15142,HVPRGVTASG,12744,True,10,
15143,QNPVAMYSPY,12744,True,10,
15144,HTPRGNVALG,12744,True,10,
15145,RAPVHMYGAG,12744,True,10,
15146,FRPRGLHGNS,12744,True,10,
15147,STPDQMYNHI,12744,True,10,
15148,QHAVGRYHKH,12744,True,10,
15149,YAPRSYHGIH,12744,True,10,
15150,PWPRGYRGAG,12744,True,10,
15151,YVPVTLIGHL,12744,True,10,
15152,TRPSGVYAMY,12744,True,10,
15153,SPYWSLYALT,12744,True,10,
15154,KMPRYMSGAQ,12744,True,10,
15155,GTVHQMLGPG,12744,True,10,
15156,PKHYGLYVPY,12744,True,10,
15157,VLPRGYSGTA,12744,True,10,
15158,MVPVHMAGKH,12744,True,10,
15159,RGPVHYWALF,12744,True,10,
15160,FRPRGSHDPG,12744,True,10,
15161,MQIFPTGIAF,12744,True,10,
15162,KGWEYVAVWS,12744,True,10,
15163,YCPRGVTASG,12744,True,10,
15164,KNPRGNVGSW,12744,True,10,
15165,HTVRGVTASG,12744,True,10,
15166,LHSRGLAGLR,12744,True,10,
15167,PKVRAVYGVS,12744,True,10,
15168,PEVFGMHGHG,12744,True,10,
15169,STVRSLFSPG,12744,True,10,
15170,ESPRGVKSWA,12744,True,10,
15171,EYPRAFYGPR,12744,True,10,
15172,SNPRNYIGAG,12744,True,10,
15173,TLPRAVSAQT,12744,True,10,
15174,TAPRGSWGIT,12744,True,10,
15175,PLVHYLYAQG,12744,True,10,
15176,WIPKGNYGVT,12744,True,10,
15177,RARGSNKYVP,12744,True,10,
15178,NRVRGVRLTG,12744,True,10,
15179,PQPRAVYYTS,12744,True,10,
15180,MPYHSLMYVQ,12744,True,10,
15181,TKPSGVTGTV,12744,True,10,
15182,AQGPIFPVQG,12744,True,10,
15183,QTPRSYTGGS,12744,True,10,
15184,QTPRQVIAKT,12744,True,10,
15185,CRPRGVTASG,12744,True,10,
15186,TQPRAVYGHG,12744,True,10,
15187,EGPRSYWGIS,12744,True,10,
15188,HLPRAVMGHA,12744,True,10,
15189,TRVYAWTASG,12744,True,10,
15190,HCARGITSMT,12744,True,10,
15191,MSPRWLWGTF,12744,True,10,
15192,QSPRMLMGLH,12744,True,10,
15193,WPYSNYTGIY,12744,True,10,
15194,VLFQTIASIG,12744,True,10,
15195,WHPRSYRSPF,12744,True,10,
15196,WTSRGIWGRT,12744,True,10,
15197,SHGRGLHATT,12744,True,10,
15198,RWPNAFRSMT,12744,True,10,
15199,YPGKLLYALR,12744,True,10,
15200,QIPRNYHAMS,11326,True,10,
15201,GHMRHMYANK,11326,True,10,
15202,IGVRAIWSWA,11326,True,10,
15203,VRPRPVMSWA,11326,True,10,
15204,QNPIHMRDQH,11326,True,10,
15205,GTPYGMKGVY,11326,True,10,
15206,PSPRWLTASG,11326,True,10,
15207,GWPHGMRTAS,11326,True,10,
15208,QSPVWMHGVH,11326,True,10,
15209,QKWHGMIAPI,11326,True,10,
15210,GAPRWMKGAK,11326,True,10,
15211,ITPSWIQAQG,11326,True,10,
15212,GQPRSWTASG,11326,True,10,
15213,TRPSWMKGLH,11326,True,10,
15214,QPAQWVYSQR,11326,True,10,
15215,WQPRWVKSGH,11326,True,10,
15216,PIPRWMAGAG,11326,True,10,
15217,EVARAWKGNY,11326,True,10,
15218,TPPRWKTASG,11326,True,10,
15219,KTPSWIRGPV,11326,True,10,
15220,CHPRGMGAWG,11326,True,10,
15221,MDPRWMSGAY,11326,True,10,
15222,FTPSWMIGHS,11326,True,10,
15223,PSPRWLTASG,11326,True,10,
15224,TFPQWMDNWR,11326,True,10,
15225,RMLRWMSGMH,11326,True,10,
15226,PTPRSWRSMG,11326,True,10,
15227,AQPRWMTASG,11326,True,10,
15228,EIAGNMYGAS,11326,True,10,
15229,VSPRWIYGIH,11326,True,10,
15230,TFPYGMKGVT,11326,True,10,
15231,TSPSWMKTAS,11326,True,10,
15232,NVPSWIHGES,11326,True,10,
15233,IMPRWIMGMK,11326,True,10,
15234,IEYRQYAVPR,11326,True,10,
15235,GVPRAVKGAS,11326,True,10,
15236,RAPRWMHGVW,11326,True,10,
15237,YNPRWIFGRK,11326,True,10,
15238,QSPRWLYAGH,11326,True,10,
15239,GHPSWFHGKL,11326,True,10,
15240,SKPVWMLGKV,11326,True,10,
15241,PMPRSWMSGR,11326,True,10,
15242,QRPLGMRNQG,11326,True,10,
15243,MVPRNVIGPR,11326,True,10,
15244,GTPRWMSGHG,11326,True,10,
15245,GVPRAVYTAS,11326,True,10,
15246,SQPRWIRGNT,11326,True,10,
15247,ATPRWMTGPA,11326,True,10,
15248,GMPRSWTASG,11326,True,10,
15249,WSPMWMSGMY,11326,True,10,
15250,TRPSWVSAQT,11326,True,10,
15251,GYPAWMKGQK,11326,True,10,
15252,GNPHWMKGMH,11326,True,10,
15253,VGPSWIHGNY,11326,True,10,
15254,SMCYDHYSMS,11326,True,10,
15255,QTPRWYHAPH,11326,True,10,
15256,RPPRWVTASG,11326,True,10,
15257,HMPRWIANMR,11326,True,10,
15258,GMPRWIHGML,11326,True,10,
15259,ASPRWYSANW,11326,True,10,
15260,PKPRNIYGWL,11326,True,10,
15261,NMPRWIQSTR,11326,True,10,
15262,FQPRNYKNHG,11326,True,10,
15263,TEPRNWASRQ,11326,True,10,
15264,KWPRWIYSMF,11326,True,10,
15265,ATPRWFIGTR,11326,True,10,
15266,VQPRWVMAVH,11326,True,10,
15267,SRPRNYASAK,11326,True,10,
15268,DPPWGMRTMQ,11326,True,10,
15269,QVPRNIHGPI,11326,True,10,
15270,IFPRNVRNAI,11326,True,10,
15271,TPPRSWRNEG,11326,True,10,
15272,GNPRNIRAEQ,11326,True,10,
15273,RGPRWITASG,11326,True,10,
15274,SGPSWIMDTA,11326,True,10,
15275,PRPRWIWGSL,11326,True,10,
15276,TRPSWVRAMG,11326,True,10,
15277,ETVRWLSAQS,11326,True,10,
15278,DAPRWMQSVR,11326,True,10,
15279,SMVWGIYNPR,11326,True,10,
15280,ADPRWLSANH,11326,True,10,
15281,VRPRGVHAVG,11326,True,10,
15282,EQPRWVKGTA,11326,True,10,
15283,GTPSWLSTAS,11326,True,10,
15284,PARVRRLATV,11326,True,10,
15285,SGPRWYAGTA,11326,True,10,
15286,IGPAWMRGNL,11326,True,10,
15287,VAVRSMHGSG,11326,True,10,
15288,GVPRNMSTAS,11326,True,10,
15289,NGPRWLNGMY,11326,True,10,
15290,QRPAGMKNPT,11326,True,10,
15291,GTPRWLNGHQ,11326,True,10,
15292,LGPSWMRGNR,11326,True,10,
15293,NAPRWIKNRA,11326,True,10,
15294,YQPRNIHSAR,11326,True,10,
15295,NRPRWVKSMG,11326,True,10,
15296,FAPRPVFAGG,11326,True,10,
15297,AIPGWMANRS,11326,True,10,
15298,PVPRWLHAMG,11326,True,10,
15299,TSPRSYKGIS,11326,True,10,
15300,FKPVWMHASG,11326,True,10,
15301,SVPRWMHGEI,11326,True,10,
15302,GYPGWMRTFG,11326,True,10,
15303,STPNWLHGPG,11326,True,10,
15304,TGPKWMANKG,11326,True,10,
15305,EGPRWIKGSY,11326,True,10,
15306,SVPRGVASVG,11326,True,10,
15307,TMPRQVTASG,11326,True,10,
15308,KDPRWIHAKA,11326,True,10,
15309,ETPGWMRGPG,11326,True,10,
15310,GRARWLNTAS,11326,True,10,
15311,NYPRNIQAVR,11326,True,10,
15312,TEPAWMKAMS,11326,True,10,
15313,TGPKVMVGPG,11326,True,10,
15314,PVPRWVRSMS,11326,True,10,
15315,YSPMWMRNKH,11326,True,10,
15316,ANPIHMRGPH,11326,True,10,
15317,ETPRWLFGLG,11326,True,10,
15318,GAPRWVKTAS,11326,True,10,
15319,GRPSWIMAQG,11326,True,10,
15320,GSVAWLRGPH,11326,True,10,
15321,GSPRWIRGWK,11326,True,10,
15322,GLPRWLYAHG,11326,True,10,
15323,QGPRSWRANH,11326,True,10,
15324,SDVRWMHGRH,11326,True,10,
15325,VPWGWMKGQG,11326,True,10,
15326,CGPRAYRGAG,11326,True,10,
15327,MQPRNVSGMG,11326,True,10,
15328,QKPAGVNGRT,11326,True,10,
15329,GKPRNYMTAS,11326,True,10,
15330,QDVYWLMSPG,11326,True,10,
15331,SEPRNIWGHR,11326,True,10,
15332,SLPRPVHAVT,11326,True,10,
15333,QSPVWMRGPR,11326,True,10,
15334,VPPRWIHGWI,11326,True,10,
15335,PNPSWIMGRT,11326,True,10,
15336,EKWRAMLGRT,11326,True,10,
15337,LVPRGVTDVG,11326,True,10,
15338,DVPHWMSGGR,11326,True,10,
15339,QNPFWMTGVY,11326,True,10,
15340,VPPRNVFSHG,11326,True,10,
15341,RMPEWMHSNH,11326,True,10,
15342,GGPRSMTSHK,11326,True,10,
15343,SAPLHMKGWG,11326,True,10,
15344,MRPRNMKHQY,11326,True,10,
15345,QTPRQIRAWG,11326,True,10,
15346,VCPQWMTNLG,11326,True,10,
15347,NAPGWMSGKT,11326,True,10,
15348,DSVHWMLSHA,11326,True,10,
15349,GFPRNVRAGV,11326,True,10,
15350,STPRWMHSGV,11326,True,10,
15351,QQPAWMRNAH,11326,True,10,
15352,EKPAPWRAQT,11326,True,10,
15353,YGPGWMKGNS,11326,True,10,
15354,GSPRWVYTAS,11326,True,10,
15355,HAPRFMKGKW,11326,True,10,
15356,PGPRWILGTG,11326,True,10,
15357,NKPSWVTASG,11326,True,10,
15358,VMPSWFHGRK,11326,True,10,
15359,SAVYWMTGWG,11326,True,10,
15360,VPYGWMKGVY,11326,True,10,
15361,SMPRWITASG,11326,True,10,
15362,KMPQWMRTHA,11326,True,10,
15363,KCPSWITASG,11326,True,10,
15364,LQPRNYRGVH,11326,True,10,
15365,QSPLAVISLG,11326,True,10,
15366,GRPSWLVSPG,11326,True,10,
15367,DPPAWMKHNH,11326,True,10,
15368,GIPFWMRGMW,11326,True,10,
15369,HGPRWLSAMG,11326,True,10,
15370,VGPAWMKGHG,11326,True,10,
15371,QWVSWMAGQG,11326,True,10,
15372,LSPRWLMNQV,11326,True,10,
15373,EGPQWIKGHK,11326,True,10,
15374,NFPRNVRAWV,11326,True,10,
15375,MRPSWVHAIG,11326,True,10,
15376,GVPRAQRGIK,11326,True,10,
15377,GTPVWMLTAS,11326,True,10,
15378,ELVRWMYGPH,11326,True,10,
15379,HEPRSWRGHV,11326,True,10,
15380,AGPSWIMSPI,11326,True,10,
15381,GPGRAMTASG,11326,True,10,
15382,ASPRWLVSGT,11326,True,10,
15383,GAPRWSMTAS,11326,True,10,
15384,YGPRSIGLNF,11326,True,10,
15385,GPPRNVTASG,11326,True,10,
15386,PQPRNVKAGV,11326,True,10,
15387,GQPQWIHQHR,11326,True,10,
15388,HMVRWYMGIF,11326,True,10,
15389,SVPRWFQGAR,11326,True,10,
15390,GKPRNMRGRS,11326,True,10,
15391,TAPRWIQGWR,11326,True,10,
15392,DTPRWMASPQ,11326,True,10,
15393,QSPKWMRHPA,11326,True,10,
15394,GAPRWMHSQH,11326,True,10,
15395,GRPRAMHSGH,11326,True,10,
15396,GVPRGMAGMH,11326,True,10,
15397,SLARAMTASG,11326,True,10,
15398,ASPRWIHDGK,11326,True,10,
15399,NVPRWYSGWR,11326,True,10,
15400,LPVRWMRSVR,11326,True,10,
15401,TGVIGMWGRY,11326,True,10,
15402,GQPRNMVGSA,11326,True,10,
15403,TQVFGMRTPK,11326,True,10,
15404,DQPAWMRNHG,11326,True,10,
15405,GAPRGNLTAS,11326,True,10,
15406,LSPRWMKGAQ,11326,True,10,
15407,QGPAWMHGQS,11326,True,10,
15408,TIPTGMLSPH,11326,True,10,
15409,GPASGWTAPG,11326,True,10,
15410,GSPRWMTASG,11326,True,10,
15411,SAPRNVKVQR,11326,True,10,
15412,EGPSWIRSRL,11326,True,10,
15413,LDLRHITDHG,11326,True,10,
15414,GEVRAVRGHH,11326,True,10,
15415,NDPRWMKYNG,11326,True,10,
15416,NGPSWMTAHR,11326,True,10,
15417,MGPSWQTAHG,11326,True,10,
15418,GKPVPMAGAR,11326,True,10,
15419,QSPRWIKVPG,11326,True,10,
15420,AFPRNMHVHG,11326,True,10,
15421,HGPQWMHGTA,11326,True,10,
15422,KQPRWIRGTV,11326,True,10,
15423,GIPRWVHRKH,11326,True,10,
15424,TSPGWMHVTV,11326,True,10,
15425,SRPRWLVDPW,11326,True,10,
15426,TPPAWMKGMG,11326,True,10,
15427,ETPYGMHSHS,11326,True,10,
15428,LIPAWMKGNV,11326,True,10,
15429,NAPGWMTNIL,11326,True,10,
15430,QGPTWMSNWG,11326,True,10,
15431,WEPRNYHGPA,11326,True,10,
15432,KAPRWLNGIH,11326,True,10,
15433,SPPRSWLGKG,11326,True,10,
15434,RIPRNVTGNH,11326,True,10,
15435,YAWRAYSGMG,11326,True,10,
15436,VSPRWIWGHG,11326,True,10,
15437,TGPSWISAMH,11326,True,10,
15438,GSPRWLITAS,11326,True,10,
15439,FVPRWVHVPG,11326,True,10,
15440,TGPGSMAGWF,11326,True,10,
15441,MGPGWMKGPA,11326,True,10,
15442,VNPRNVHSAG,11326,True,10,
15443,ARPSWVTASG,11326,True,10,
15444,RGPRAVHGWK,11326,True,10,
15445,MDPQWMKGIR,11326,True,10,
15446,GCPRWIMTAS,11326,True,10,
15447,MVPRNIHSPV,11326,True,10,
15448,TQPHWMHSLI,11326,True,10,
15449,PQPRNYHDLH,11326,True,10,
15450,PIVRWMVGTQ,11326,True,10,
15451,SEPFGMQATR,11326,True,10,
15452,ASPVWMRGHG,11326,True,10,
15453,ADPRWIKGSK,11326,True,10,
15454,FGPSWIYSTH,11326,True,10,
15455,DSPRWLMGST,11326,True,10,
15456,GHPSWFTSEA,11326,True,10,
15457,TGRLNRSNSG,11326,True,10,
15458,SMPRWIMAQT,11326,True,10,
15459,TPVRWMHGWR,11326,True,10,
15460,EAPRWIAGTY,11326,True,10,
15461,GWPVWMRSWG,11326,True,10,
15462,EGPRWLTASG,11326,True,10,
15463,GQPANMRNSK,11326,True,10,
15464,PRPRNIHNPT,11326,True,10,
15465,PQPRNYSAGH,11326,True,10,
15466,VIPAWMHSAR,11326,True,10,
15467,SKPNWIHSQA,11326,True,10,
15468,TPAHGMKSGA,11326,True,10,
15469,QTPRQMTRHQ,11326,True,10,
15470,AHPVSMLNPQ,11326,True,10,
15471,GYARSMRAQH,11326,True,10,
15472,GPVRWMSVMG,11326,True,10,
15473,NSPRWLASPG,11326,True,10,
15474,AMPMHMVAMG,11326,True,10,
15475,AGPRAILGRQ,11326,True,10,
15476,DSPRWVRGQW,11326,True,10,
15477,VTPRWLTASG,11326,True,10,
15478,GIPKWMRGMG,11326,True,10,
15479,NSPRWVMANY,11326,True,10,
15480,NSPMWVRSPS,11326,True,10,
15481,KQVRWYAGSG,11326,True,10,
15482,TPAQDMRSIS,11326,True,10,
15483,TLPHCQMATV,11326,True,10,
15484,QTPRNQMGLA,11326,True,10,
15485,AMPRNVKGHK,11326,True,10,
15486,TQPSWLTASG,11326,True,10,
15487,GTPKWMTASG,11326,True,10,
15488,GTPRWLKGHK,11326,True,10,
15489,AMPRAYRGQA,11326,True,10,
15490,GHPSWMRTAS,11326,True,10,
15491,GPPGWMHSVY,11326,True,10,
15492,GVPRAVMTAS,11326,True,10,
15493,QDPKWMRSPG,11326,True,10,
15494,CNPRGMRDTH,11326,True,10,
15495,NGPYWMHGTH,11326,True,10,
15496,VMARWLSAWG,11326,True,10,
15497,ARPRDIQGRG,11326,True,10,
15498,AGPRSWIAHQ,11326,True,10,
15499,TIPRSWHGNW,11326,True,10,
15500,QPYHWGKAHT,11326,True,10,
15501,TGPRSYKGSV,11326,True,10,
15502,IVPRNHRGSW,11326,True,10,
15503,QRPRWVALAG,11326,True,10,
15504,MAPRYWLSTR,11326,True,10,
15505,GSPRWIRTAS,11326,True,10,
15506,ALVRGMTAGF,11326,True,10,
15507,SNPRWMTASG,11326,True,10,
15508,SFPNWMKGPH,11326,True,10,
15509,GKARWMIGWG,11326,True,10,
15510,PSPRWVTASG,11326,True,10,
15511,FVPRWSWGPR,11326,True,10,
15512,SQPVSMRAVI,11326,True,10,
15513,TGPSWIKTPG,11326,True,10,
15514,KEPAWMKGWG,11326,True,10,
15515,LPRAVSKWSG,11326,True,10,
15516,EGPRSWTASG,11326,True,10,
15517,LSPRGVRAWN,11326,True,10,
15518,SFPRWMHAPS,11326,True,10,
15519,QFGASEYSIL,11326,True,10,
15520,SQPMWMRDGI,11326,True,10,
15521,VGPRSLFVRG,11326,True,10,
15522,RMPRWIYSIF,11326,True,10,
15523,RMPRSYIGAQ,11326,True,10,
15524,SRGLAGPGQT,11326,True,10,
15525,EKPRNWRGRS,11326,True,10,
15526,GSIQGMRTAS,11326,True,10,
15527,ITPRNTAGIG,11326,True,10,
15528,GDPIHMRGMK,11326,True,10,
15529,DPFQGITASG,11326,True,10,
15530,PGPRPLSAGA,11326,True,10,
15531,GTPRSWTGAA,11326,True,10,
15532,GHPRWLVGPV,11326,True,10,
15533,KAPRGNASGW,11326,True,10,
15534,ATPQWMRGRA,11326,True,10,
15535,SPVSWMKHWH,11326,True,10,
15536,TVPSWIASPH,11326,True,10,
15537,QVPRGVHAHI,11326,True,10,
15538,TVLRSWRGKA,11326,True,10,
15539,PTPRSWTASG,11326,True,10,
15540,TPPMHWSGPA,11326,True,10,
15541,VIPRVWSGPQ,11326,True,10,
15542,SGPRWMTSTA,11326,True,10,
15543,MGPWGMQSTW,11326,True,10,
15544,RKPRNVRGTY,11326,True,10,
15545,KVPRWMKGSG,11326,True,10,
15546,QGPAWMKGMK,11326,True,10,
15547,LSPRWVTASG,11326,True,10,
15548,ITPRWQHGEG,11326,True,10,
15549,GLPRMLHTAS,11326,True,10,
15550,MPPRNVHGPF,11326,True,10,
15551,GSPRWIKSPR,11326,True,10,
15552,RGPAPVISRG,11326,True,10,
15553,QSPKWMRGQH,11326,True,10,
15554,DSPRGMRTGH,11326,True,10,
15555,RTPRGNKGRG,11326,True,10,
15556,VGPSGWRTNR,11326,True,10,
15557,TNPRNYSGHA,11326,True,10,
15558,GSTRWLIGPL,11326,True,10,
15559,IVPRWLKANH,11326,True,10,
15560,GAPAHWSGQA,11326,True,10,
15561,QGPRQVIGMA,11326,True,10,
15562,KFPRWIKARG,11326,True,10,
15563,ATPRWLQGHF,11326,True,10,
15564,YSPRWMKGQY,11326,True,10,
15565,PIYWDQFGPR,11326,True,10,
15566,SPPRWLRSLG,11326,True,10,
15567,QGPAWMHGMG,11326,True,10,
15568,RSPRWVWAMG,11326,True,10,
15569,PEFRGLWAPI,11326,True,10,
15570,AGPSHWTARV,11326,True,10,
15571,GMPRWIMAHR,11326,True,10,
15572,TQPRSWTNRH,11326,True,10,
15573,MQPMWMLGKY,11326,True,10,
15574,VAPRWIMGTG,11326,True,10,
15575,GLPRWLTGAG,11326,True,10,
15576,QVPRWRNALS,11326,True,10,
15577,LSPRWVHALQ,11326,True,10,
15578,GSPRWMKGWG,11326,True,10,
15579,RVPRGVHASH,11326,True,10,
15580,AEPRSWRAPS,11326,True,10,
15581,HGPGWMKSHR,11326,True,10,
15582,PIYTIYGPQA,11326,True,10,
15583,MQPRSWRDWG,11326,True,10,
15584,GPVKWMHSAH,11326,True,10,
15585,TRPSWVFSEY,11326,True,10,
15586,HGPSWMKGHI,11326,True,10,
15587,GTPRGQTGHG,11326,True,10,
15588,VPPRNVRGPF,11326,True,10,
15589,SEPWGMHAGH,11326,True,10,
15590,GTPRWMKGNY,11326,True,10,
15591,GNPSWVRGMG,11326,True,10,
15592,NTPRWLYSVS,11326,True,10,
15593,FTPNWMAGVT,11326,True,10,
15594,SIPRPVQAWR,11326,True,10,
15595,GSPKWMRTAS,11326,True,10,
15596,NVPVWMQAER,11326,True,10,
15597,GGSVPMRGAG,11326,True,10,
15598,GTPRGMKTAS,11326,True,10,
15599,QDPYAWKGTS,11326,True,10,
15600,GKPYKFRGPF,8535,True,10,
15601,TAPASVHGER,8535,True,10,
15602,VRPRTLSAPH,8535,True,10,
15603,MVARPLWTGR,8535,True,10,
15604,HRPRQVLGKI,8535,True,10,
15605,TAPRDISGAG,8535,True,10,
15606,RSPSDMYGEY,8535,True,10,
15607,AHPSHGVGWA,8535,True,10,
15608,VGPFPFQGVK,8535,True,10,
15609,MHPRPVLSGV,8535,True,10,
15610,SRPRTLSATF,8535,True,10,
15611,GAPRQVFTAS,8535,True,10,
15612,FRPSTLVGGA,8535,True,10,
15613,KTPGPFYQPK,8535,True,10,
15614,IAPRSYIGVI,8535,True,10,
15615,P,8535,True,1,length
15616,LGPSHFWGEF,8535,True,10,
15617,MQPRAVWGAG,8535,True,10,
15618,GTPRAFYGPQ,8535,True,10,
15619,GQPRAVHGAF,8535,True,10,
15620,RTPRQVWDPL,8535,True,10,
15621,PAVYGQLSNH,8535,True,10,
15622,TPPRAFWGWG,8535,True,10,
15623,TRPRQVFSEH,8535,True,10,
15624,FEPAFMIGSR,8535,True,10,
15625,VPIYNVRGAY,8535,True,10,
15626,KTPRQVSDMV,8535,True,10,
15627,TGPGAFPGPI,8535,True,10,
15628,SMPRQVSAHF,8535,True,10,
15629,IPFPKSPMRA,8535,True,10,
15630,MPPRQVSSTS,8535,True,10,
15631,RGPKVLITVR,8535,True,10,
15632,GAPRAVSAWG,8535,True,10,
15633,AHPYGMRGQI,8535,True,10,
15634,PRPRQVTSKI,8535,True,10,
15635,RPASGWRGPL,8535,True,10,
15636,KWPSHVTASG,8535,True,10,
15637,LHVSWVRGQW,8535,True,10,
15638,CPPHAFHSGW,8535,True,10,
15639,TRVLGLTASG,8535,True,10,
15640,APRNARAVNS,8535,True,10,
15641,SIPNAFSDQR,8535,True,10,
15642,HKPRSHRVAF,8535,True,10,
15643,MAFYELQSVK,8535,True,10,
15644,AAPRAVFGFR,8535,True,10,
15645,AMPASFHSVA,8535,True,10,
15646,VRPSPFRSVR,8535,True,10,
15647,GMVYGVYAMA,8535,True,10,
15648,MRPHAFHSKR,8535,True,10,
15649,ASPRGVRAMY,8535,True,10,
15650,TFVKGMYSWA,8535,True,10,
15651,NAPSAVTGRH,8535,True,10,
15652,RHPYKFIGAR,8535,True,10,
15653,SMPRQVSKVY,8535,True,10,
15654,MAPAFVHSHF,8535,True,10,
15655,DPPLEVRGTG,8535,True,10,
15656,ARVYLLQGIF,8535,True,10,
15657,TGPKQITASG,8535,True,10,
15658,KAPSGVYGKT,8535,True,10,
15659,TPPSAFWGWS,8535,True,10,
15660,FRPRQVKGEG,8535,True,10,
15661,RQPVQMTADY,8535,True,10,
15662,GRPSAMTGMF,8535,True,10,
15663,RMVFSVIAIH,8535,True,10,
15664,GSPSTLFPRG,8535,True,10,
15665,GRPSRFVTAS,8535,True,10,
15666,TAPKLVISVR,8535,True,10,
15667,HRPRSYTGKV,8535,True,10,
15668,APVHYSAVRG,8535,True,10,
15669,NQPSWVTASG,8535,True,10,
15670,IPPRAVFYQA,8535,True,10,
15671,LAPRAVTASG,8535,True,10,
15672,RMPRAVHGIG,8535,True,10,
15673,VRPRSVWSAQ,8535,True,10,
15674,KGPFRLYSGL,8535,True,10,
15675,ARPKILFGEH,8535,True,10,
15676,INPTRLMAHG,8535,True,10,
15677,MIPRAVWSPH,8535,True,10,
15678,IPPLASTSHW,8535,True,10,
15679,RDPQWIMAPV,8535,True,10,
15680,GLGLNPLNWT,8535,True,10,
15681,LQPRTIYGWH,8535,True,10,
15682,FRPAQFKSGF,8535,True,10,
15683,TVPYQVLSWI,8535,True,10,
15684,RPPSSFWGVR,8535,True,10,
15685,PRAYGLTSWI,8535,True,10,
15686,GALDFLSGPF,8535,True,10,
15687,GQPSPFWQSI,8535,True,10,
15688,VAPSGNTGMR,8535,True,10,
15689,DTPRQVFSPI,8535,True,10,
15690,PVPKVFYSEH,8535,True,10,
15691,GRPSRFRSTF,8535,True,10,
15692,RMPARFINQR,8535,True,10,
15693,VAPRSWTGPS,8535,True,10,
15694,VQPRSVKGKI,8535,True,10,
15695,VMPSAIDGLS,8535,True,10,
15696,TMPYRLFSNS,8535,True,10,
15697,VWPSTLVGPK,8535,True,10,
15698,QPPRNVTASG,8535,True,10,
15699,GSPFLFRSAH,8535,True,10,
15700,EMPKQVRSLR,8535,True,10,
15701,RGPRAVTASG,8535,True,10,
15702,VTPSAFTGTL,8535,True,10,
15703,HTPVGLYSNT,8535,True,10,
15704,RAPVAMWSPR,8535,True,10,
15705,RGAQALRGMK,8535,True,10,
15706,TVPYQVTGHV,8535,True,10,
15707,TQPKQVIAKG,8535,True,10,
15708,MRPKGVKGVH,8535,True,10,
15709,GFPKQSYVTR,8535,True,10,
15710,PDVASVHGKH,8535,True,10,
15711,HMVYSHYANV,8535,True,10,
15712,PWPAEVRGPG,8535,True,10,
15713,PAKGFRFLQD,8535,True,10,
15714,RVPVPMWGRF,8535,True,10,
15715,PGVSWSRGNF,8535,True,10,
15716,ASISVWSFVG,8535,True,10,
15717,VSPLQVHDIG,8535,True,10,
15718,GTPRGVKSWI,8535,True,10,
15719,GRPRQVFRQV,8535,True,10,
15720,TPPKQVKSGH,8535,True,10,
15721,AVPSAVPGSI,8535,True,10,
15722,QIPASVRAGH,8535,True,10,
15723,RAPVAFLGQY,8535,True,10,
15724,PSPRQVHSKV,8535,True,10,
15725,QLSMTCIAPS,8535,True,10,
15726,GPVKGSMSPI,8535,True,10,
15727,KRVSYLHSGH,8535,True,10,
15728,VHPLGVSSKR,8535,True,10,
15729,GAPSAVHTAS,8535,True,10,
15730,TTPSHWLAHF,8535,True,10,
15731,VRPRAFAGTH,8535,True,10,
15732,MHPARFSGWF,8535,True,10,
15733,SLAMRMHGTH,8535,True,10,
15734,IPPSDLHGPV,8535,True,10,
15735,VRTMAMWKNG,8535,True,10,
15736,MRPSRMWYPA,8535,True,10,
15737,IQPMRLWSIL,8535,True,10,
15738,MTPIEVYSQG,8535,True,10,
15739,PEVQGAPARG,8535,True,10,
15740,RGPVAVTASG,8535,True,10,
15741,RARPGPIAQP,8535,True,10,
15742,GMPRSFSGMV,8535,True,10,
15743,KVPSTLHSMI,8535,True,10,
15744,KAPSMRGVYA,8535,True,10,
15745,VLPRSVSKWV,8535,True,10,
15746,ATPIELWSVA,8535,True,10,
15747,KGPMRMYGMT,8535,True,10,
15748,REPFAYHGNY,8535,True,10,
15749,GHPRAVKATS,8535,True,10,
15750,EGPSPFWGVG,8535,True,10,
15751,QHPRSHLSAW,8535,True,10,
15752,VRPRDFTASG,8535,True,10,
15753,TKPFQMARGF,8535,True,10,
15754,RPVAKFTSNH,8535,True,10,
15755,TVPRAVWGLT,8535,True,10,
15756,PAPRGVQARL,8535,True,10,
15757,RPPESWTSNK,8535,True,10,
15758,DVPRGVTDRH,8535,True,10,
15759,MPPRQVASPV,8535,True,10,
15760,SRPAQVFATI,8535,True,10,
15761,RVRMKRPTDP,8535,True,10,
15762,RIPRPVAGPV,8535,True,10,
15763,AQPAQMRGTV,8535,True,10,
15764,SAPRAVTASG,8535,True,10,
15765,PHRPEAPIMA,8535,True,10,
15766,VGPFGVWSPL,8535,True,10,
15767,ATPKQTRSRL,8535,True,10,
15768,PRPRQVQAES,8535,True,10,
15769,GTPFRQITAS,8535,True,10,
15770,ARPEAFHGWI,8535,True,10,
15771,KLPRPVFGVY,8535,True,10,
15772,PPYRNLSSPY,8535,True,10,
15773,VTPKQMKDPA,8535,True,10,
15774,ETVHGFSVLF,8535,True,10,
15775,WTPKGMRHSF,8535,True,10,
15776,LSPAQVFAML,8535,True,10,
15777,VLARVKSAEG,8535,True,10,
15778,VQPHQMLSEY,8535,True,10,
15779,GKPARFSNQI,8535,True,10,
15780,RKPAPWVGNI,8535,True,10,
15781,RKPAPFYGNI,8535,True,10,
15782,AMRFSRPLPP,8535,True,10,
15783,RFPRAVTGQA,8535,True,10,
15784,KAPSLYAGPF,8535,True,10,
15785,MPVMRMSGQI,8535,True,10,
15786,KFPVQMLSRG,8535,True,10,
15787,RTPVGQVAPA,8535,True,10,
15788,RVPVPMFGNK,8535,True,10,
15789,DIPFAFWVNK,8535,True,10,
15790,MGPGAFRGPA,8535,True,10,
15791,GAPRSVFGPV,8535,True,10,
15792,KTPRQLSSPF,8535,True,10,
15793,RPPAGVHYEV,8535,True,10,
15794,TAPKLIRSVY,8535,True,10,
15795,QAPVQVRGPT,8535,True,10,
15796,ERSIRAVAET,8535,True,10,
15797,FIPRPVWGHG,8535,True,10,
15798,PTPRQVTASG,8535,True,10,
15799,GHVFALWGVM,8535,True,10,
15800,AGPGVMHGMH,8535,True,10,
15801,PGVSPFSGNP,8535,True,10,
15802,QPPHAFTGAG,8535,True,10,
15803,ATPAGVKYST,8535,True,10,
15804,TQPARVTASG,8535,True,10,
15805,VKVSAVSGVS,8535,True,10,
15806,AYWGSMYSRI,8535,True,10,
15807,ACPRAVAMQY,8535,True,10,
15808,HMPKGVKNMH,8535,True,10,
15809,ARPGAFMGHF,8535,True,10,
15810,ANPFAFISVF,8535,True,10,
15811,LRPRSVLGNI,8535,True,10,
15812,GKVLNFHGNS,8535,True,10,
15813,RSPVQMTGHA,8535,True,10,
15814,GFRLPRSGPQ,8535,True,10,
15815,QRAFEFRAGF,8535,True,10,
15816,TFPAGVHALG,8535,True,10,
15817,RKPLTLSGTA,8535,True,10,
15818,PGPSGSGVQG,8535,True,10,
15819,QNPAQVFDPF,8535,True,10,
15820,TRPSAMSGEW,8535,True,10,
15821,QTPRQVHGFV,8535,True,10,
15822,GSPASVRSMG,8535,True,10,
15823,RPPSSFTAHK,8535,True,10,
15824,TKPSPFWARG,8535,True,10,
15825,LGPSTLFSVI,8535,True,10,
15826,IRVWTVAVER,8535,True,10,
15827,TMPRQVSAER,8535,True,10,
15828,ATPVGNSGHG,8535,True,10,
15829,RHPAAVHGKT,8535,True,10,
15830,TKPSAMWSPK,8535,True,10,
15831,SRVLAVHGVS,8535,True,10,
15832,FQPLAVTQHW,8535,True,10,
15833,TRPHAFTASG,8535,True,10,
15834,AVPSGVRDSG,8535,True,10,
15835,GPYVGAVGPH,8535,True,10,
15836,IAPAKRSVTR,8535,True,10,
15837,RMVYLLHGPW,8535,True,10,
15838,RAPLAVQGGH,8535,True,10,
15839,AIPFPFYGPH,8535,True,10,
15840,GRPGVFTASG,8535,True,10,
15841,KMPRAVARLI,8535,True,10,
15842,HTPRQVSGSK,8535,True,10,
15843,TKPLAVHAGH,8535,True,10,
15844,GVPRAVASWL,8535,True,10,
15845,ESGLARPLHT,8535,True,10,
15846,PVPRAVLSPS,8535,True,10,
15847,GPRVYRQFEQ,8535,True,10,
15848,RTPKQIQGAT,8535,True,10,
15849,ITPIEIKGSV,8535,True,10,
15850,MRPRGSTASG,8535,True,10,
15851,SPAHGLHSQT,8535,True,10,
15852,HPPGSMQGLR,8535,True,10,
15853,VSPKQVTAKH,8535,True,10,
15854,VRPSAITGMH,8535,True,10,
15855,DFTRAFARNI,8535,True,10,
15856,SQPFQMHGIH,8535,True,10,
15857,TRPRSVTASG,8535,True,10,
15858,PQVFALWAKI,8535,True,10,
15859,NAPLKVRGQH,8535,True,10,
15860,PRVEAVFSGW,8535,True,10,
15861,AVPRGVTVQW,8535,True,10,
15862,VHPSGVSGRA,8535,True,10,
15863,PGPRLYSAPR,8535,True,10,
15864,PGPVPFRQNF,8535,True,10,
15865,RMPRQVFSWS,8535,True,10,
15866,TVPVQVRTGQ,8535,True,10,
15867,PARLPRATGA,8535,True,10,
15868,KPSKERGPKL,8535,True,10,
15869,NHPKLYVGPF,8535,True,10,
15870,AMFEAQLGTR,8535,True,10,
15871,QPPSAVIVQL,8535,True,10,
15872,SGPRAVFATA,8535,True,10,
15873,VRPRSYHVGH,8535,True,10,
15874,GPPRGVTASG,8535,True,10,
15875,LIPTSLHGNH,8535,True,10,
15876,RAPVAFLGWT,8535,True,10,
15877,IRPSAMFAGF,8535,True,10,
15878,LNPRQVRGWA,8535,True,10,
15879,GAPSAIHTAS,8535,True,10,
15880,YVPRQVTASG,8535,True,10,
15881,QAPRSWIGEH,8535,True,10,
15882,MEVSAVYGIR,8535,True,10,
15883,PVPRAVWGRT,8535,True,10,
15884,RSPLSILGTG,8535,True,10,
15885,FQPIPMWGVG,8535,True,10,
15886,KRPSPFWGTL,8535,True,10,
15887,PSPRQVFTGG,8535,True,10,
15888,SIPFPFMGTR,8535,True,10,
15889,ANPLGVTSHW,8535,True,10,
15890,QVPRAVWGIK,8535,True,10,
15891,HAPSAVFGVF,8535,True,10,
15892,FNPSAVMGNF,8535,True,10,
15893,AVPSAVYSWL,8535,True,10,
15894,SNVFGRTSTS,8535,True,10,
15895,ESPKDVKSPH,8535,True,10,
15896,VVPKLVRGVH,8535,True,10,
15897,TGPGLITGMW,8535,True,10,
15898,FRHASLWLQY,8535,True,10,
15899,AHPSAFANPL,8535,True,10,
15900,RWPREVKGVK,8535,True,10,
15901,GPVYALRAVY,8535,True,10,
15902,GRPAQFWGQP,8535,True,10,
15903,ARPRPFSATH,8535,True,10,
15904,KGPSMLQGEV,8535,True,10,
15905,TMPRQVRAHR,8535,True,10,
15906,SAPRSYAVAQ,8535,True,10,
15907,ENPARVRAKY,8535,True,10,
15908,GHPSPFTGPH,8535,True,10,
15909,PQPTAFMGEA,8535,True,10,
15910,GLRAVRSVTP,8535,True,10,
15911,VAPRAVWARQ,8535,True,10,
15912,VGPAIHVGVF,8535,True,10,
15913,VRPKTMSNKG,8535,True,10,
15914,MAPARVITWL,8535,True,10,
15915,HTPRQVTASG,8535,True,10,
15916,PNPSAVHGWV,8535,True,10,
15917,MRPSAVYARW,8535,True,10,
15918,GSPLSVWTAS,8535,True,10,
15919,RRPFRLNGPS,8535,True,10,
15920,APALGVFAPM,8535,True,10,
15921,PQPRSHLGNY,8535,True,10,
15922,GVPRVFHAPA,8535,True,10,
15923,PRPRQVHGAL,8535,True,10,
15924,GSPRQVATAS,8535,True,10,
15925,EGPMRLSTTF,8535,True,10,
15926,PVPRAVWGSH,8535,True,10,
15927,KQPRTLVSAH,8535,True,10,
15928,PHPIEVRGQF,8535,True,10,
15929,TRPSAMLGPF,8535,True,10,
15930,PVPRAVYVES,8535,True,10,
15931,QGPRAVTASG,8535,True,10,
15932,AKPMAYHGNW,8535,True,10,
15933,PQPRQVRSMG,8535,True,10,
15934,ALPRLYTGLH,8535,True,10,
15935,ASPRAVSGSF,8535,True,10,
15936,AHPSPFLSWQ,8535,True,10,
15937,GAPAGVHTAS,8535,True,10,
15938,ATPGQFHAEQ,8535,True,10,
15939,RGPLKVRSQW,8535,True,10,
15940,DRPSGQTASG,8535,True,10,
15941,ESPLRIKDLG,8535,True,10,
15942,VFPQGSRTRS,8535,True,10,
15943,QDPMAITGHG,8535,True,10,
15944,TGPKVIFAVQ,8535,True,10,
15945,GPRARRPVSG,8535,True,10,
15946,TIPSWSRGKG,8535,True,10,
15947,VKPSGVTASG,8535,True,10,known_sequence
15948,FSWASMRSIR,8535,True,10,
15949,VRPAQFLGRV,8535,True,10,
15950,PAPRQVIGGR,8535,True,10,
15951,RSPVQMTSPG,8535,True,10,
15952,NFPRSHRAEG,8535,True,10,
15953,DAPEHLVGPQ,8535,True,10,
15954,APYFSMSAPQ,8535,True,10,
15955,ASRPVRWAGI,8535,True,10,
15956,ATPIQLSSTQ,8535,True,10,
15957,VMPSGFWSMG,8535,True,10,
15958,LPAFHMWSGF,8535,True,10,
15959,QANVGVGVLW,8535,True,10,
15960,GRPGAFWGPY,8535,True,10,
15961,AGWALQRDIL,8535,True,10,
15962,APRLNRTSYG,8535,True,10,
15963,LRVRAVWSPK,8535,True,10,
15964,GKPFAFWSNT,8535,True,10,
15965,LAPRQVIAGS,8535,True,10,
15966,FPARSMLGPH,8535,True,10,
15967,IVPRGVTASG,8535,True,10,
15968,MGPQPWVYAT,8535,True,10,
15969,VIPRPVMALH,8535,True,10,
15970,SQPLGTFSNG,8535,True,10,
15971,RGPVAVWGIK,8535,True,10,
15972,MHPLTFVASH,8535,True,10,
15973,YQPHGFTASG,8535,True,10,
15974,MTPRGNKGLF,8535,True,10,
15975,PVPRAVLGQI,8535,True,10,
15976,EAPHSMFGAW,8535,True,10,
15977,GAPRSVTASG,8535,True,10,
15978,RSAIGMRSVF,8535,True,10,
15979,KTPVGAVSQV,8535,True,10,
15980,KVPKQVFYQW,8535,True,10,
15981,KVPSRVHAYR,8535,True,10,
15982,ATPYGQNGIR,8535,True,10,
15983,KTPLGQVSWG,8535,True,10,
15984,VRPAQVKGEG,8535,True,10,
15985,PLPRPVLGTW,8535,True,10,
15986,MRPRTISGIF,8535,True,10,
15987,MPPLGVKSEF,8535,True,10,
15988,HPPRSLTASG,8535,True,10,
15989,KSPRTVFSVK,8535,True,10,
15990,TPRPETASIH,8535,True,10,
15991,KQPFSNVGKQ,8535,True,10,
15992,SPAFASAGQG,8535,True,10,
15993,TAPLNVRAIW,8535,True,10,
15994,VAPRAVRGWG,8535,True,10,
15995,PVPRQVHAVH,8535,True,10,
15996,QVPRGVASPG,8535,True,10,
15997,FRPFGVTASG,8535,True,10,
15998,APVKAFYGTK,8535,True,10,
15999,QAPAPVWRMF,8535,True,10,
16000,RFPRAFYAPI,9638,True,10,
16001,SWPIAWISLK,9638,True,10,
16002,YAPRNSAVSI,9638,True,10,
16003,PHVRGVLNMT,9638,True,10,
16004,DLPKAVYSVW,9638,True,10,
16005,NGPRAFLGNF,9638,True,10,
16006,MRWFAFWSRW,9638,True,10,
16007,AYPRGSKGQG,9638,True,10,
16008,GPPRGVTGRW,9638,True,10,
16009,VMPRGFTDCF,9638,True,10,
16010,SVARAWTGMT,9638,True,10,
16011,TMPRAYHGWS,9638,True,10,
16012,YAPRPVLGAL,9638,True,10,
16013,MVPKGQMSQH,9638,True,10,
16014,GTPRAVQGPQ,9638,True,10,
16015,ELPRYWSANI,9638,True,10,
16016,WKPRGNAGQG,9638,True,10,
16017,YPWRAMYAPQ,9638,True,10,
16018,RPRPYRSPSP,9638,True,10,
16019,NKVNLYSGIA,9638,True,10,
16020,IVPVPFRGAK,9638,True,10,
16021,QTPRGNIGWH,9638,True,10,
16022,KVPRGVSAGK,9638,True,10,
16023,MSPRKFADVT,9638,True,10,
16024,SAPRNVFVKY,9638,True,10,
16025,WYPRGMLSNK,9638,True,10,
16026,HTPSGWTASG,9638,True,10,
16027,KWPRGSLYGV,9638,True,10,
16028,KVPRGVTGIW,9638,True,10,
16029,VQPRSWTASG,9638,True,10,
16030,MWPRQMLGIQ,9638,True,10,
16031,SKVLAWADPI,9638,True,10,
16032,KYVRAYIGWS,9638,True,10,
16033,TGPKLIHAMG,9638,True,10,
16034,PSPRKVIAQY,9638,True,10,
16035,FTPRGQWSGQ,9638,True,10,
16036,SPGRAMFGTI,9638,True,10,
16037,KMPRSYTNMY,9638,True,10,
16038,MAPRFILGTS,9638,True,10,
16039,CVPRGQVSGA,9638,True,10,
16040,DYVRAVRGIS,9638,True,10,
16041,DSPRWVRDWI,9638,True,10,
16042,YMPRGYRGMK,9638,True,10,
16043,KNPRSYVGQF,9638,True,10,
16044,WSPRAMYGST,9638,True,10,
16045,GEPRNVAGVG,9638,True,10,
16046,WVPRGVTASG,9638,True,10,
16047,QTPRQVWDRG,9638,True,10,
16048,SAPRVLIDRK,9638,True,10,
16049,FLPRAVLKRY,9638,True,10,
16050,HTPRGNTASG,9638,True,10,
16051,KPFLSMYSAF,9638,True,10,
16052,YLVRAHFGSA,9638,True,10,
16053,LTPRTIFAKF,9638,True,10,
16054,VSTRNLIATQ,9638,True,10,
16055,YIPRAVTASG,9638,True,10,
16056,NYPRAFRGNR,9638,True,10,
16057,YVPRGVTNHF,9638,True,10,
16058,CQPRPVTASG,9638,True,10,
16059,GQPRAYIAWL,9638,True,10,
16060,GQPRAYHGAQ,9638,True,10,
16061,YTPRGLKTLI,9638,True,10,
16062,GIPRPVWAKF,9638,True,10,
16063,YGPAGWKGWT,9638,True,10,
16064,WIPRAVFSMA,9638,True,10,
16065,VSPRGVTASG,9638,True,10,
16066,FVPVGMHSGF,9638,True,10,
16067,WHPRGNTGNW,9638,True,10,
16068,RTPRGNTASG,9638,True,10,
16069,MRPRGYHSHK,9638,True,10,
16070,KIPRSYIGWS,9638,True,10,
16071,KTPIEMWGQS,9638,True,10,
16072,KVPRAVWGNW,9638,True,10,
16073,CMPRQVFGQF,9638,True,10,
16074,QYARAFIAQK,9638,True,10,
16075,DFPRQVSTQI,9638,True,10,
16076,MTPRSWYGQY,9638,True,10,
16077,CHPRAFKGPH,9638,True,10,
16078,MSPRKFQNSG,9638,True,10,
16079,VQPRNYVGPT,9638,True,10,
16080,VWPREVKSHQ,9638,True,10,
16081,SMPRAFHLPF,9638,True,10,
16082,TVYFSMWNVS,9638,True,10,
16083,QAPRQVTASG,9638,True,10,
16084,PGVRAVYARV,9638,True,10,
16085,VHPYGFKGSI,9638,True,10,
16086,AVPRGNRGMK,9638,True,10,
16087,MVPRGVTASG,9638,True,10,
16088,AVPSWIMSVS,9638,True,10,
16089,REPRNVIGWF,9638,True,10,
16090,STVRNYTGAK,9638,True,10,
16091,SPVHAFHAEG,9638,True,10,
16092,FDPGSVKVAS,9638,True,10,
16093,EQPKQVRAPR,9638,True,10,
16094,AQVRHLIGWW,9638,True,10,
16095,QMWRAFTASG,9638,True,10,
16096,MGPSGWTASG,9638,True,10,
16097,KFARSLWSRG,9638,True,10,
16098,WSPLSWRSMQ,9638,True,10,
16099,VIPRPVWSAL,9638,True,10,
16100,TPPYELWGVH,9638,True,10,
16101,NVPRGVYVGQ,9638,True,10,
16102,LYPKGMFTAS,9638,True,10,
16103,FTPRYWMAIY,9638,True,10,
16104,MWPREVTASG,9638,True,10,
16105,TMPSGWTASG,9638,True,10,
16106,WFPRGSWDPF,9638,True,10,
16107,AWPRGMSTNS,9638,True,10,
16108,TQPKGMRSWS,9638,True,10,
16109,ALVRAWIGTS,9638,True,10,
16110,FDPRPLWVPG,9638,True,10,
16111,GRPRGVASTA,9638,True,10,
16112,KHPVGQKSNA,9638,True,10,
16113,WTPRQWVSAF,9638,True,10,
16114,YHPRGVKAPV,9638,True,10,
16115,GCVRAVTASG,9638,True,10,
16116,PSPRGPKAPT,9638,True,10,
16117,GHLASFRTAS,9638,True,10,
16118,IYPRGNVSNF,9638,True,10,
16119,GIPRAVWTAS,9638,True,10,
16120,SVPSWLHGIK,9638,True,10,
16121,SCPTGLTASG,9638,True,10,
16122,YGPRAFSGMK,9638,True,10,
16123,AEPRNYAGHY,9638,True,10,
16124,YVPRAVKSWY,9638,True,10,
16125,LQPRGSWYGI,9638,True,10,
16126,WLPRAVTASG,9638,True,10,known_sequence
16127,GMPLGFTASG,9638,True,10,
16128,VSVNSLYSPC,9638,True,10,
16129,EHVRGVFAPR,9638,True,10,
16130,TQPKGNISNH,9638,True,10,
16131,KAPSGWTASG,9638,True,10,
16132,HVPRQVASIY,9638,True,10,
16133,RPTWALFSWQ,9638,True,10,
16134,YPARAMKGLF,9638,True,10,
16135,FLPRVWFYGL,9638,True,10,
16136,TWPVGVTASG,9638,True,10,
16137,SCVRAVYALQ,9638,True,10,
16138,VGPRAYMGPY,9638,True,10,
16139,VHESPLFLKN,9638,True,10,
16140,VRPRTLVAEW,9638,True,10,
16141,GTPRSYQGTW,9638,True,10,
16142,GFPRAFHAPA,9638,True,10,
16143,MVPYGQRSNL,9638,True,10,
16144,WVPKGQISWS,9638,True,10,
16145,FNPVMLRSGW,9638,True,10,
16146,EGWMRLVGPY,9638,True,10,
16147,GTPRSWSGQF,9638,True,10,
16148,YAPRGVHGGH,9638,True,10,
16149,PQVRAVYSGS,9638,True,10,
16150,YIPRAVFDPG,9638,True,10,
16151,WQPRGATSPR,9638,True,10,
16152,TVPKWMYGLF,9638,True,10,
16153,FSPKQVYSNH,9638,True,10,
16154,PVPRAVASRF,9638,True,10,
16155,FVPVWMIGWF,9638,True,10,
16156,MTPRAQAGAY,9638,True,10,
16157,QNPRGQVASG,9638,True,10,
16158,QVPRGVTASG,9638,True,10,
16159,YPWSGMTSRY,9638,True,10,
16160,YKPFGMSTWG,9638,True,10,
16161,GAPRAVTASG,9638,True,10,
16162,AVNRPLTASG,9638,True,10,
16163,FYPRAFVASH,9638,True,10,
16164,YKPRGVTASG,9638,True,10,
16165,GSVWAVRTAS,9638,True,10,
16166,ACVKGMYSEL,9638,True,10,
16167,STPRQITASG,9638,True,10,
16168,MLPRAVKAWF,9638,True,10,
16169,CTPVELWGHQ,9638,True,10,
16170,ADVRGMTGAP,9638,True,10,
16171,KQPRSNSGPH,9638,True,10,
16172,KVPRGVHVLF,9638,True,10,
16173,EHTPYGHSIY,9638,True,10,
16174,SYVRAVHANY,9638,True,10,
16175,FSVRGVYGEY,9638,True,10,
16176,WTPRGQTVNY,9638,True,10,
16177,SAPRTLVSMF,9638,True,10,
16178,FYPRAFWAIA,9638,True,10,
16179,GVPRSWRTAS,9638,True,10,
16180,KAYNHLWSWH,9638,True,10,
16181,AYPRAFLSAH,9638,True,10,
16182,GVPRAVWGIH,9638,True,10,
16183,FYPRKTKGPW,9638,True,10,
16184,HGPSGSTARV,9638,True,10,
16185,AQVRSLHSGK,9638,True,10,
16186,IAPRSLWYSH,9638,True,10,
16187,NYPERFRGIK,9638,True,10,
16188,YMPRAFRGHY,9638,True,10,
16189,SLTRALYGPV,9638,True,10,
16190,SLVRAVTASG,9638,True,10,
16191,AWPRGMSTHS,9638,True,10,
16192,MTPRSWISGV,9638,True,10,
16193,DSPRSYTGIF,9638,True,10,
16194,VRPAGVHAVR,9638,True,10,
16195,FTPYGQVGHR,9638,True,10,
16196,SAPRAIYGEH,9638,True,10,
16197,FNPRGNVAIH,9638,True,10,
16198,MYPRGYTASG,9638,True,10,
16199,APYNHMLSFT,9638,True,10,
16200,SCPTGLTAHT,9638,True,10,
16201,CYGRALYGIQ,9638,True,10,
16202,WQPAGVHGMW,9638,True,10,
16203,GYPRGVGTAS,9638,True,10,
16204,GWPRGVTTAS,9638,True,10,
16205,SFPTGLTASG,9638,True,10,
16206,NFPRAFRSVI,9638,True,10,
16207,NMPRVLHALW,9638,True,10,
16208,TLPFHYHDNQ,9638,True,10,
16209,CKPYAYRGSW,9638,True,10,
16210,RQPRNVINER,9638,True,10,
16211,RMPRQVTASG,9638,True,10,
16212,FPPRPVYAWS,9638,True,10,
16213,VFPKLQVSKW,9638,True,10,
16214,GVPRAVIGQR,9638,True,10,
16215,PAVRGLYAQT,9638,True,10,
16216,FIPRNVLDNV,9638,True,10,
16217,KSPAYWYGQF,9638,True,10,
16218,TVPRGVFSRG,9638,True,10,
16219,FGPSGWTASG,9638,True,10,
16220,YKPAGVYAGL,9638,True,10,
16221,YWPRGSINQV,9638,True,10,
16222,PKVRPYIGPH,9638,True,10,
16223,NSPVQLYSGY,9638,True,10,
16224,DIRQARYVTR,9638,True,10,
16225,MRVYGLWSNR,9638,True,10,
16226,WALRSLFAHF,9638,True,10,
16227,YVPVWMKGWG,9638,True,10,
16228,ENPRNVLGWS,9638,True,10,
16229,VGPAYKRSWT,9638,True,10,
16230,MGPRGMSGWR,9638,True,10,
16231,PRPRQVYSKQ,9638,True,10,
16232,SRPRTLISWF,9638,True,10,
16233,ARPRGSWAGY,9638,True,10,
16234,SKPRNYLGPT,9638,True,10,
16235,MQPRSYSGTK,9638,True,10,
16236,GSPRGVHTAS,9638,True,10,
16237,SGPRAMLSTA,9638,True,10,
16238,WYPRGNTSHY,9638,True,10,
16239,EVARAWTASG,9638,True,10,known_sequence
16240,YGPRAVTSGI,9638,True,10,
16241,FDPRAVTASG,9638,True,10,
16242,MKPAGVHAQY,9638,True,10,
16243,WRPKGNRVLT,9638,True,10,
16244,NTPVGLWSWQ,9638,True,10,
16245,VYGRAMWAEY,9638,True,10,
16246,CMPRQVRGSW,9638,True,10,
16247,TSPVALYGAY,9638,True,10,
16248,YVPRGVTASG,9638,True,10,
16249,PRPRSYASLH,9638,True,10,
16250,DTPRGSMTPR,9638,True,10,
16251,FSMRGLYATL,9638,True,10,
16252,KWPRGVTASG,9638,True,10,
16253,TMARWLWAQG,9638,True,10,
16254,YHWRAYSQWV,9638,True,10,
16255,YSPRGQSTGW,9638,True,10,
16256,WTPRGNTGLG,9638,True,10,
16257,PVPRAVFAPS,9638,True,10,
16258,SQPVPMFSPI,9638,True,10,
16259,GNPSGWTASG,9638,True,10,
16260,PWPREVRALS,9638,True,10,
16261,RVPYGQMGLF,9638,True,10,
16262,SVPRGVWANQ,9638,True,10,
16263,SGPRAFQGTA,9638,True,10,
16264,DFPRAFKGAK,9638,True,10,
16265,NWVKSRMAPK,9638,True,10,
16266,SLPRVLTARF,9638,True,10,
16267,ISPIELRGWS,9638,True,10,
16268,WCPYVAKAQT,9638,True,10,
16269,YTPRGNRAPQ,9638,True,10,
16270,CGPRPIMGIT,9638,True,10,
16271,GMPKGVTASG,9638,True,10,
16272,FPARQWKGIT,9638,True,10,
16273,FCPRVIKSQY,9638,True,10,
16274,FTPRGNRGLS,9638,True,10,
16275,TEPRSWTASG,9638,True,10,
16276,YGPRAIYAPG,9638,True,10,
16277,RSPRLYIAVS,9638,True,10,
16278,GFPRAFRGIQ,9638,True,10,
16279,TAPKGVRTIW,9638,True,10,
16280,VQPRSWSAMR,9638,True,10,
16281,QLPRAVTASG,9638,True,10,
16282,YMPKGQRGMV,9638,True,10,
16283,FGPEMLVAPF,9638,True,10,
16284,EYPRAWAKPT,9638,True,10,
16285,NRVRGVHANG,9638,True,10,
16286,FRVAGVYTET,9638,True,10,
16287,DQPRGVADVY,9638,True,10,
16288,GTPRSWQTAS,9638,True,10,
16289,MDPRGNTGPY,9638,True,10,
16290,ATPRAMYSWQ,9638,True,10,
16291,TMPRQVLGAG,9638,True,10,
16292,IAPRGVWAWV,9638,True,10,
16293,QFPKSYRAIL,9638,True,10,
16294,YWPRGVTGVW,9638,True,10,
16295,GNVFWMRGAF,9638,True,10,
16296,KSPRYLKGLI,9638,True,10,
16297,SQPRGVTGNT,9638,True,10,
16298,WRPRQYTASG,9638,True,10,
16299,IQPRNVSAGH,9638,True,10,
16300,WVPRGVFASQ,9638,True,10,
16301,IPALGVYSTW,9638,True,10,
16302,VPVRGMKGPA,9638,True,10,
16303,TWPRGMGSTG,9638,True,10,
16304,KTPRGNIGAG,9638,True,10,
16305,YGSLPLADTG,9638,True,10,
16306,MYPRAFSASF,9638,True,10,
16307,FSYRAMYAWH,9638,True,10,
16308,PMPRQVLGVH,9638,True,10,
16309,ASPRVYFAGS,9638,True,10,
16310,CTPKGNRSIK,9638,True,10,
16311,ADPRGWTASG,9638,True,10,
16312,QTPKGVRTMR,9638,True,10,
16313,GYPRAFYSGI,9638,True,10,
16314,RMPRQVIGHQ,9638,True,10,
16315,LVPRAVHDHF,9638,True,10,
16316,TWPRGRTASG,9638,True,10,
16317,WDPRGMAGMI,9638,True,10,
16318,PTPRGNKGAF,9638,True,10,
16319,NYPRAFSGWA,9638,True,10,
16320,YFARAMWGPY,9638,True,10,
16321,WCPVAMHGVK,9638,True,10,
16322,TPVRGMYSNS,9638,True,10,
16323,HMPRSYSAAG,9638,True,10,
16324,AQPRAVHAGY,9638,True,10,
16325,VDPRSNYSEW,9638,True,10,
16326,TPPVEFKSPQ,9638,True,10,
16327,QGPRDVASKV,9638,True,10,
16328,WSVRGMHGPL,9638,True,10,
16329,SMPRQVRTNW,9638,True,10,
16330,GNPRGSTASG,9638,True,10,
16331,VCPRSWTNHQ,9638,True,10,
16332,YGVRAVTNST,9638,True,10,
16333,WMPRSYRSGK,9638,True,10,
16334,QVPRAVHGSG,9638,True,10,
16335,HPVYGLRGHF,9638,True,10,
16336,YPVGWMYSNW,9638,True,10,
16337,WTPVGNRVPG,9638,True,10,
16338,MSLGALYGEQ,9638,True,10,
16339,NIPRAVFAYS,9638,True,10,
16340,GMPRGVTASG,9638,True,10,
16341,GVPRAVIAHL,9638,True,10,
16342,RTPKQMQGNW,9638,True,10,
16343,TQPQWVTASG,9638,True,10,
16344,APRSMRFADA,9638,True,10,
16345,STPMGVYNQH,9638,True,10,
16346,PQLRNYSGPQ,9638,True,10,
16347,TSPRGVWAGW,9638,True,10,
16348,QPYRAMHNPT,9638,True,10,
16349,QYGYGMFSMW,9638,True,10,
16350,VKPRGVHSAV,9638,True,10,
16351,VSPRGVTASG,9638,True,10,
16352,DGPKGMRTPY,9638,True,10,
16353,PNPRGKTASG,9638,True,10,
16354,MFPLGQHTPY,9638,True,10,
16355,SQPTGLWSAY,9638,True,10,
16356,FSPRSYIGEH,9638,True,10,
16357,PGVRAVTASG,9638,True,10,
16358,YFPRGVKDPR,9638,True,10,
16359,HTPRGNKGVI,9638,True,10,
16360,QTPRSWFTGK,9638,True,10,
16361,WSPRGSTASG,9638,True,10,
16362,RNPKNYLGPA,9638,True,10,
16363,GTPKGMRGPV,9638,True,10,
16364,QTPRGQTFHK,9638,True,10,
16365,VYGRALSGWL,9638,True,10,
16366,LVPRAVHSMH,9638,True,10,
16367,QRPSPFWGVR,9638,True,10,
16368,KQPKGMRGLG,9638,True,10,
16369,MCHAGVFAGV,9638,True,10,
16370,VYPRAFIGNF,9638,True,10,
16371,ITPRQVLDEG,9638,True,10,
16372,TPPRSWLAGI,9638,True,10,
16373,YHPRAFSGAK,9638,True,10,
16374,VDPQMIHAET,9638,True,10,
16375,VGPWAFRSWG,9638,True,10,
16376,AYPKGMRGPK,9638,True,10,
16377,YGPRAIYAHK,9638,True,10,
16378,TLPVAIFYHR,9638,True,10,
16379,TTPNSWIGRQ,9638,True,10,
16380,VSHRALYSGA,9638,True,10,
16381,WQPRAYTGSH,9638,True,10,
16382,SYPRAFSGPR,9638,True,10,
16383,DPPRGVTDVW,9638,True,10,
16384,GVPRAVWDWS,9638,True,10,
16385,VAPRSWTASG,9638,True,10,
16386,AGPRSYTDQH,9638,True,10,
16387,LKPRAVIGPW,9638,True,10,
16388,GVPRAVRSPH,9638,True,10,
16389,RARSPRDALS,9638,True,10,
16390,TWPRGMKTEY,9638,True,10,
16391,IGVRAVTGHW,9638,True,10,
16392,VSVDQMYGQY,9638,True,10,
16393,YGPRAVWSGS,9638,True,10,
16394,YSPRVLWGWG,9638,True,10,
16395,ACVRALHGAH,9638,True,10,
16396,NQPRGVKTPY,9638,True,10,
16397,GHGWSYTVST,9638,True,10,
16398,SGPRAYWGTA,9638,True,10,
16399,IQARGLWSVF,9638,True,10,
16400,HFPRGVTASG,4353,True,10,
16401,TRPFGMQNEA,4353,True,10,
16402,SHPFGMHDGI,4353,True,10,
16403,ILVRAYSGWI,4353,True,10,
16404,ESPRSHTASG,4353,True,10,
16405,HVPFMIHYKS,4353,True,10,
16406,SEPFGMANMW,4353,True,10,
16407,SERPWRSVIA,4353,True,10,
16408,QFPRPQTASG,4353,True,10,
16409,PPMLIPAQRA,4353,True,10,
16410,IVPAGVINVA,4353,True,10,
16411,RPPSSFKGIY,4353,True,10,
16412,HIPVAVYGIW,4353,True,10,
16413,CLPRMLYGAH,4353,True,10,
16414,SVPSAVSAHF,4353,True,10,
16415,GRVAAVTGHQ,4353,True,10,
16416,YMPSGVKSLI,4353,True,10,
16417,LVPKLVLAIY,4353,True,10,
16418,GRPSPFWGWQ,4353,True,10,
16419,APPRGSAHPF,4353,True,10,
16420,FAPRSHIGNQ,4353,True,10,
16421,CDPRAVTASG,4353,True,10,
16422,RGPVAVGSPF,4353,True,10,
16423,KGPAPMAGHF,4353,True,10,
16424,SFPNPLWGNW,4353,True,10,
16425,AQVRALYTGQ,4353,True,10,
16426,FDPRSNTASG,4353,True,10,
16427,RPPLAFFSPY,4353,True,10,
16428,KIPFPFIASA,4353,True,10,
16429,HRPAGVTQAR,4353,True,10,
16430,YRPAPFWGSQ,4353,True,10,
16431,VSPVAFWNSH,4353,True,10,
16432,VAPKVGSGWA,4353,True,10,
16433,DCPSGSARWL,4353,True,10,
16434,FSPRPYWSMF,4353,True,10,
16435,KSPRLYSGQL,4353,True,10,
16436,YLPASWSNAY,4353,True,10,
16437,RNPEAYMAGQ,4353,True,10,
16438,TMPSGFRGSG,4353,True,10,
16439,KPPAGLHGQY,4353,True,10,
16440,SPALAFYSNT,4353,True,10,
16441,NKPFGFTSQH,4353,True,10,
16442,DAPYSWRNGA,4353,True,10,
16443,FSPRGSNGPT,4353,True,10,
16444,PVPRGVRSVG,4353,True,10,
16445,PLPRAVHTHI,4353,True,10,
16446,TMPRNVISAV,4353,True,10,
16447,WFPRAFWGFA,4353,True,10,
16448,FDPSGQSAIL,4353,True,10,
16449,FLPRAVKTSW,4353,True,10,
16450,TQPFGMAGAV,4353,True,10,
16451,TPPKGSYSPT,4353,True,10,
16452,VKPSGVYSVH,4353,True,10,
16453,RYPRAFIGPF,4353,True,10,
16454,QKPRPYIGQF,4353,True,10,
16455,FDILHMHGNH,4353,True,10,
16456,FAPRSWTASG,4353,True,10,
16457,KMPRVYRSPA,4353,True,10,
16458,GKPFPFWGAF,4353,True,10,
16459,VAPRAVSKPT,4353,True,10,
16460,SAPRSNTASG,4353,True,10,
16461,IPAFSFYAQG,4353,True,10,
16462,PGPGSYRGAS,4353,True,10,
16463,AFPSGPRYIS,4353,True,10,
16464,QWPFGMTVKY,4353,True,10,
16465,VWYGHMLGTS,4353,True,10,
16466,ATPVGMYGRS,4353,True,10,
16467,FNPFGMTVPS,4353,True,10,
16468,WMPRAYWGMF,4353,True,10,
16469,VSPRQVSLWH,4353,True,10,
16470,ATPSGQTVPF,4353,True,10,
16471,SPVYGLTSKH,4353,True,10,
16472,ATPIELYSEQ,4353,True,10,
16473,VTPASVFANH,4353,True,10,
16474,CGPSGWTASG,4353,True,10,
16475,ARPRSYGNFQ,4353,True,10,
16476,SYPRAFSNQI,4353,True,10,
16477,SGPRVLHSTA,4353,True,10,
16478,LEPTPRAIAT,4353,True,10,
16479,SKPRAYFGEL,4353,True,10,
16480,LPSTWGFVGR,4353,True,10,
16481,MVPSGVFAQG,4353,True,10,
16482,GSPRAFRGTR,4353,True,10,
16483,KVPSAVYSWH,4353,True,10,
16484,SDVFARGSPL,4353,True,10,
16485,VGPKSLVGHA,4353,True,10,
16486,KPPSGWTAAT,4353,True,10,
16487,SGVAPRSTAS,4353,True,10,
16488,EIPFSYSGAV,4353,True,10,
16489,MSPRKFIGTS,4353,True,10,
16490,NMPRSVFSHY,4353,True,10,
16491,RMPRQVTSGR,4353,True,10,
16492,GKPASFYTAS,4353,True,10,
16493,CVPVEVKVRW,4353,True,10,
16494,SYPRGVFNAH,4353,True,10,
16495,SIPNAFYAKI,4353,True,10,
16496,QLPVAIWYSF,4353,True,10,
16497,DQPFGMTRMH,4353,True,10,
16498,IQPRAVKGIS,4353,True,10,
16499,QWPLSWYTGS,4353,True,10,
16500,GLPVAIWDWA,4353,True,10,
16501,PSPRAFRGAF,4353,True,10,
16502,YFPVSYRGSG,4353,True,10,
16503,QSPRSYQVSH,4353,True,10,
16504,KVPRAVYSQL,4353,True,10,
16505,QAPRSVTASG,4353,True,10,
16506,QPAQGMYSIF,4353,True,10,
16507,SAPRSHSLQG,4353,True,10,
16508,ESPLAFHGSI,4353,True,10,
16509,FYPRFITAGS,4353,True,10,
16510,QMPRQVWNQG,4353,True,10,
16511,AYPLGFASPA,4353,True,10,
16512,YGPSMLFGIF,4353,True,10,
16513,RSPLMWSGWS,4353,True,10,
16514,NHVSFLWSEL,4353,True,10,
16515,LAPRFVHGTF,4353,True,10,
16516,KHPSGVTASG,4353,True,10,
16517,FWPRSVSYTG,4353,True,10,
16518,CFAFSLMNQH,4353,True,10,
16519,FSRKPRSVHG,4353,True,10,
16520,PGPSHYLSGY,4353,True,10,
16521,SIPMGMHGNK,4353,True,10,
16522,APAQAVTVLV,4353,True,10,
16523,GSPAFLWGVG,4353,True,10,
16524,FSPRGMHGTQ,4353,True,10,
16525,TAPRSYFGNW,4353,True,10,
16526,SRPRSYTNVR,4353,True,10,
16527,PRPFMLYGLF,4353,True,10,
16528,GHPRSWTSWF,4353,True,10,
16529,SPVFAFRGSG,4353,True,10,
16530,LRPAGVSDTA,4353,True,10,
16531,HEVFSLIGPS,4353,True,10,
16532,RFPLKVINPS,4353,True,10,
16533,HTPRSTMSNF,4353,True,10,
16534,QHVFWMYGTQ,4353,True,10,
16535,ANPSGWTASG,4353,True,10,
16536,GVPVPMLGEF,4353,True,10,
16537,GSRPYRDNGQ,4353,True,10,
16538,YSPVFMLGLH,4353,True,10,
16539,FAPAEVTGQF,4353,True,10,
16540,VTPMGFYGPF,4353,True,10,
16541,VWPRWFSAGF,4353,True,10,
16542,CYPVNMVDSR,4353,True,10,
16543,PDPRWSTSEL,4353,True,10,
16544,MTPRGVFAPA,4353,True,10,
16545,KPRPKRVNGV,4353,True,10,
16546,PGPGPMWVPR,4353,True,10,
16547,VPPGNFFNPQ,4353,True,10,
16548,YVPQMVYDPG,4353,True,10,
16549,PSPRAYWGHM,4353,True,10,
16550,MVPIPFYSRF,4353,True,10,
16551,FHPMSLKSHK,4353,True,10,
16552,WTPRGAWSIV,4353,True,10,
16553,HFPRTIVGVI,4353,True,10,
16554,ARPRSYHGVI,4353,True,10,
16555,TYTPGWLAGA,4353,True,10,
16556,YTRPARSVNV,4353,True,10,
16557,RFPRAFTSWG,4353,True,10,
16558,GFPRAFSDPF,4353,True,10,
16559,QYPRAFRGMS,4353,True,10,
16560,LTPRQIHSNR,4353,True,10,
16561,ARPEGVFALH,4353,True,10,
16562,ARPRSYSGPL,4353,True,10,
16563,HPPRSHAVQG,4353,True,10,
16564,AHPIPFWGPF,4353,True,10,
16565,PASYIYLPNH,4353,True,10,
16566,AFPYDNMGMA,4353,True,10,
16567,YHIRSLFYNL,4353,True,10,
16568,SAPLGVRYPI,4353,True,10,
16569,GNPRGVTVQL,4353,True,10,
16570,GPVYGLYGNG,4353,True,10,
16571,PWPRAFRTMG,4353,True,10,
16572,SAPRGVTASG,4353,True,10,
16573,HLPRAVHVMY,4353,True,10,
16574,MDVWGIFSQG,4353,True,10,
16575,EFPLGVFVQF,4353,True,10,
16576,TPPSHVNSWS,4353,True,10,
16577,RVPRGVTASG,4353,True,10,
16578,PRVRAHQGNW,4353,True,10,
16579,RLPVAYWDSR,4353,True,10,
16580,TPRSRRGFYG,4353,True,10,
16581,AIPVAFIGTI,4353,True,10,
16582,RMPRQVFGST,4353,True,10,
16583,YFPVWMRTEF,4353,True,10,
16584,PSPRAYIGPG,4353,True,10,
16585,PTVHAFSGPF,4353,True,10,
16586,YRPVAYILAI,4353,True,10,
16587,FRPAGVSYTI,4353,True,10,
16588,HMPRSTHSQV,4353,True,10,
16589,VNPAFMHTWF,4353,True,10,
16590,VTPRAQTASG,4353,True,10,
16591,KFPVAVHNWQ,4353,True,10,
16592,GVPRAVHYNF,4353,True,10,
16593,GLPDFLSTAS,4353,True,10,
16594,PLRPIHPYFV,4353,True,10,
16595,SMPSPFMGSM,4353,True,10,
16596,PVPRAVANHR,4353,True,10,
16597,SAPRSSMGRF,4353,True,10,
16598,QYPFAFWGMT,4353,True,10,
16599,GVPRGVSTAS,4353,True,10,
16600,DSPMSYQGLS,4353,True,10,
16601,FMPAGFSGIY,4353,True,10,
16602,SRPRTLVGQS,4353,True,10,
16603,RGPSSHRGMH,4353,True,10,
16604,VAVAWLWGTF,4353,True,10,
16605,RSPVAFYGPF,4353,True,10,
16606,FSPVGVRGWA,4353,True,10,
16607,GAPRAVSTAS,4353,True,10,
16608,FGPSLYINEQ,4353,True,10,
16609,ERPSAQSNMW,4353,True,10,
16610,PQVLGLHGPF,4353,True,10,
16611,QAWHLVYDGL,4353,True,10,
16612,STVFHMRGPL,4353,True,10,
16613,QMPRQVHVPS,4353,True,10,
16614,MKPSGFYSAG,4353,True,10,
16615,VAPSGVFAHS,4353,True,10,
16616,KRPFSYFGQI,4353,True,10,
16617,YLPRAVHDHG,4353,True,10,
16618,LTPRGIHDGY,4353,True,10,
16619,SGPYGMRNTA,4353,True,10,
16620,DMPKGFRSAQ,4353,True,10,
16621,VYPGAMYGRF,4353,True,10,
16622,TMPRGVFAWL,4353,True,10,
16623,KGPRSYKGSG,4353,True,10,
16624,RSPKMWTGNS,4353,True,10,
16625,MDPKWIQNWV,4353,True,10,
16626,PNPQSWSKTV,4353,True,10,
16627,IPPASVFGNL,4353,True,10,
16628,NDPLGFRVRA,4353,True,10,
16629,FCIYPGSQVG,4353,True,10,
16630,RYPRAVSGMG,4353,True,10,
16631,SDPLAFTGMT,4353,True,10,
16632,FTPRAFRAPM,4353,True,10,
16633,VPVNPAPNLG,4353,True,10,
16634,LAPRYWYGSF,4353,True,10,
16635,GQPRAYHTAS,4353,True,10,
16636,HTPVGMAGPA,4353,True,10,
16637,EWPYGMHTMA,4353,True,10,
16638,VAPSGVFYGH,4353,True,10,
16639,PEPARVTASG,4353,True,10,
16640,GLPTALSNWY,4353,True,10,
16641,HVPRQVHSAK,4353,True,10,
16642,GPPSGVRNAL,4353,True,10,
16643,ESPVQMWGPF,4353,True,10,
16644,SCVFNLYGPF,4353,True,10,
16645,MYWVQSNLKY,4353,True,10,
16646,FHPSRFSGWH,4353,True,10,
16647,RAPVAFHARK,4353,True,10,
16648,SRPRSYTASG,4353,True,10,
16649,WVPSGVRTQF,4353,True,10,
16650,GPPRTLVNHI,4353,True,10,
16651,MEVWGIKVWY,4353,True,10,
16652,GTPFGFTGEM,4353,True,10,
16653,LQPASWTCPF,4353,True,10,
16654,NAPFAFRGIH,4353,True,10,
16655,SDPRSWYAGY,4353,True,10,
16656,YAPRSRAGSA,4353,True,10,
16657,GTVFNLSAPA,4353,True,10,
16658,RPPSHFYSAH,4353,True,10,
16659,VKPSGVFSKG,4353,True,10,
16660,FIPMWSTASG,4353,True,10,known_sequence
16661,HGPSGWLSMI,4353,True,10,
16662,MLPSAVTGWH,4353,True,10,
16663,PGCKPNPWCY,4353,True,10,
16664,MRPASYVYSI,4353,True,10,
16665,KSPRTLAPSF,4353,True,10,
16666,SNPLAVSNEL,4353,True,10,
16667,LRPRSVLALG,4353,True,10,
16668,SMPSAFTGPK,4353,True,10,
16669,IYPRGMSGNW,4353,True,10,
16670,VFPSGKQVPY,4353,True,10,
16671,WPPSGNTGLA,4353,True,10,
16672,AIPRPVMGSG,4353,True,10,
16673,CDPFGMTGIV,4353,True,10,
16674,SLPVAIRDSH,4353,True,10,
16675,LMPRAVFASH,4353,True,10,
16676,QYPRGVSVET,4353,True,10,
16677,SAPSGWTAVY,4353,True,10,
16678,PRGSKRILSL,4353,True,10,
16679,LHPFQFYSRT,4353,True,10,
16680,FLPRPFRGGH,4353,True,10,
16681,WFPRLYKGHA,4353,True,10,
16682,SIPSWSLGRG,4353,True,10,
16683,YRVYLLFGAG,4353,True,10,
16684,AEPLFYHSIY,4353,True,10,
16685,NQFEALIRPG,4353,True,10,
16686,VAPRAFWGNF,4353,True,10,
16687,ARPASWSVIK,4353,True,10,
16688,NAPNAFYSES,4353,True,10,
16689,GNPSGWTASG,4353,True,10,
16690,SAPRGVWYSG,4353,True,10,
16691,LVPVPMTGLV,4353,True,10,
16692,VTPRGNTGSV,4353,True,10,
16693,YSPRSFTASG,4353,True,10,
16694,EHPSWVTASG,4353,True,10,
16695,FVPSWVMGVG,4353,True,10,
16696,HTPRSYTLVG,4353,True,10,
16697,KRVRAVYNPI,4353,True,10,
16698,YPVFSFRSPH,4353,True,10,
16699,HSPRGVFGSI,4353,True,10,
16700,QYVASFYGAF,4353,True,10,
16701,LMPRSHIGNW,4353,True,10,
16702,ASPVQVRGVS,4353,True,10,
16703,RSPLQVRNMI,4353,True,10,
16704,EDPTGMVGAR,4353,True,10,
16705,ASPVQYTGRH,4353,True,10,
16706,RMPSAQTGHV,4353,True,10,
16707,YQLFGMWGIQ,4353,True,10,
16708,DSPRQVIAIV,4353,True,10,
16709,RDPRWSYNDY,4353,True,10,
16710,SFPNPFWGPS,4353,True,10,
16711,GRPFGNQTAS,4353,True,10,
16712,GMVSWSRGEG,4353,True,10,
16713,PTPRGNRDQT,4353,True,10,
16714,QKPAPWSGEG,4353,True,10,
16715,FRPAQVLGQG,4353,True,10,
16716,SVPSAVFAWV,4353,True,10,
16717,NWAKPTGYIG,4353,True,10,
16718,EAPRSWTASG,4353,True,10,
16719,PTPMQIFGTR,4353,True,10,
16720,FPVSALYSPA,4353,True,10,
16721,SPPLAVSYKQ,4353,True,10,
16722,FDPSGWTAVL,4353,True,10,
16723,GPPRAFKGNF,4353,True,10,
16724,NVPFQMYGVK,4353,True,10,
16725,IERPSRSASN,4353,True,10,
16726,SFPSGWSTGY,4353,True,10,
16727,EFPWGVKSWY,4353,True,10,
16728,RKPAPWYGLY,4353,True,10,
16729,PGPAPMSGPA,4353,True,10,
16730,PHPLGVSNTA,4353,True,10,
16731,GSPGFLSTAS,4353,True,10,
16732,NHVAPLYGVY,4353,True,10,
16733,DHPYAFTASG,4353,True,10,
16734,RPAQDLTASG,4353,True,10,known_sequence
16735,ADPASVRNAW,4353,True,10,
16736,RTPASMLGNL,4353,True,10,
16737,RVPVPMWAPF,4353,True,10,
16738,PSPSWITASG,4353,True,10,
16739,KSPRVYIAWT,4353,True,10,
16740,ARPRTLAYVT,4353,True,10,
16741,RPPSRFYGNS,4353,True,10,
16742,RAPVAFIAPG,4353,True,10,
16743,WAPRGNTSEK,4353,True,10,
16744,CGPVPMYGAW,4353,True,10,
16745,PAPRPVTDQH,4353,True,10,
16746,MGPWGVHYIQ,4353,True,10,
16747,GAPVPFRGIK,4353,True,10,
16748,VEPRGVSGAV,4353,True,10,
16749,IFPRPLWDVI,4353,True,10,
16750,FQPASVHNHK,4353,True,10,
16751,SFPRPIVNPY,4353,True,10,
16752,GTPRSWFGAV,4353,True,10,
16753,SAPVAFTGNF,4353,True,10,
16754,AKPFGQSYSI,4353,True,10,
16755,YFCPTRSVYQ,4353,True,10,
16756,RLPKLVTASG,4353,True,10,
16757,VAPRTVSATW,4353,True,10,
16758,INPRPGNYGF,4353,True,10,
16759,MSPRMLTASG,4353,True,10,
16760,QVPKGVYSAY,4353,True,10,
16761,AQPRGQLSTY,4353,True,10,
16762,GLPAHVWTAS,4353,True,10,
16763,FMPRNVSNAK,4353,True,10,
16764,PDPFAFLGPL,4353,True,10,
16765,REPRSHYGNF,4353,True,10,
16766,PLNPYPLAPD,4353,True,10,
16767,DARYPRPVFV,4353,True,10,
16768,FGPRSVFTSG,4353,True,10,
16769,PSPLAVFDLA,4353,True,10,
16770,EMPLGVRGML,4353,True,10,
16771,VDPSGNFSNG,4353,True,10,
16772,VAPAGVIYPG,4353,True,10,
16773,DPPRSVTASG,4353,True,10,
16774,YPWRALTASG,4353,True,10,
16775,VAPRTLVNGW,4353,True,10,
16776,TVPFAFYAPS,4353,True,10,
16777,PIPRFIFGSV,4353,True,10,
16778,PLVRAVWGWH,4353,True,10,
16779,YVPRAVSYPF,4353,True,10,
16780,AGPWSVWNGI,4353,True,10,
16781,SWPFGFYSNQ,4353,True,10,
16782,TPPGSFPALY,4353,True,10,
16783,FLPRPNWLSR,4353,True,10,
16784,TRPSATASGR,4353,True,10,
16785,QSWRAFTDEG,4353,True,10,
16786,KLPRPVMVPT,4353,True,10,
16787,FVPSWITGVY,4353,True,10,
16788,YSPTGLHGMG,4353,True,10,
16789,FALSGWYDPF,4353,True,10,
16790,HRPRSVLNHQ,4353,True,10,
16791,GRPRSVFTAS,4353,True,10,
16792,PSPAKVYAHI,4353,True,10,
16793,DVGKPRSHLD,4353,True,10,
16794,PIYEHNGQRP,4353,True,10,
16795,APYNHMYGVT,4353,True,10,
16796,RGPSGWTAQK,4353,True,10,
16797,NIVAPWMNVF,4353,True,10,
16798,GLPRSYWSTA,4353,True,10,
16799,QVAQSWFDGQ,4353,True,10,
16800,VIPRVVTASG,10659,True,10,
16801,VAPRSHRDGS,10659,True,10,
16802,KMPRSTWYQG,10659,True,10,
16803,INVRGMYSIT,10659,True,10,
16804,PVPRGVQTPT,10659,True,10,
16805,EIYLPIRQRG,10659,True,10,
16806,KWPNFLRDIK,10659,True,10,
16807,MQPHSFKDPR,10659,True,10,
16808,YMPRSFYDKT,10659,True,10,
16809,LISMYLASQK,10659,True,10,
16810,LRPAGVQDGI,10659,True,10,
16811,VMPRAVIDQV,10659,True,10,
16812,NSPRGVTDAH,10659,True,10,
16813,WTPKGMRDQG,10659,True,10,
16814,TRPASMRDGS,10659,True,10,
16815,PWVRYLRAGI,10659,True,10,
16816,INPRFVSARL,10659,True,10,
16817,GYPRGVRTAS,10659,True,10,
16818,MYHQWMTASG,10659,True,10,
16819,IAPRFIKDVH,10659,True,10,
16820,QVPRAHVGKV,10659,True,10,
16821,VMPKGVRDSW,10659,True,10,
16822,ERPRSIFDTG,10659,True,10,
16823,ATPEWMKGPS,10659,True,10,
16824,SAPRGVTASG,10659,True,10,
16825,PEKFPYPVGS,10659,True,10,
16826,TDPRWVSVRG,10659,True,10,
16827,NAPRAVTDEG,10659,True,10,
16828,SATLPLHGAH,10659,True,10,
16829,VLGRALMAMY,10659,True,10,
16830,WQPLGLSDPI,10659,True,10,
16831,NMPRNVSDPG,10659,True,10,
16832,RTPRYMAGSI,10659,True,10,
16833,AGPRSVTASG,10659,True,10,
16834,ANPVPMTASG,10659,True,10,
16835,MPRPRRLYDA,10659,True,10,
16836,ATGRALKARG,10659,True,10,
16837,RTPKWMIGPR,10659,True,10,
16838,YKPRAIRDMS,10659,True,10,
16839,WKPQWIMSQV,10659,True,10,
16840,SQVRAVTASG,10659,True,10,
16841,MRPAGVHDGL,10659,True,10,
16842,DIPRFVLDGV,10659,True,10,
16843,NQLAWIADPY,10659,True,10,
16844,GWPRSMRGVG,10659,True,10,
16845,TGVRAVWNWK,10659,True,10,
16846,TDFGALTATG,10659,True,10,
16847,WDPRMLSDHW,10659,True,10,
16848,WLYMGLKSRH,10659,True,10,
16849,LRAYHMLDHA,10659,True,10,
16850,RFPRAVKDGR,10659,True,10,
16851,VLPRSVIDPL,10659,True,10,
16852,QLPRAVTASG,10659,True,10,
16853,PQVRAVTASG,10659,True,10,
16854,TQPAYHADTR,10659,True,10,
16855,RWPRFVHDRL,10659,True,10,
16856,KIPRMVTASG,10659,True,10,
16857,DTPRWIMNMG,10659,True,10,
16858,ELYSSMRAGQ,10659,True,10,
16859,LMVRGVTASG,10659,True,10,
16860,FRPRAVHDWI,10659,True,10,
16861,MPRVLRSIRD,10659,True,10,
16862,PAMRHMRAPG,10659,True,10,
16863,TIPYNWRDKV,10659,True,10,
16864,QDPRSQRDTG,10659,True,10,
16865,IWPVGIRDEG,10659,True,10,
16866,HVPRAVTASG,10659,True,10,
16867,AKLRYWQSMI,10659,True,10,
16868,ADPRWILGMV,10659,True,10,
16869,ETPRQVTDRH,10659,True,10,
16870,LFWKHLMVGH,10659,True,10,
16871,LRHFSLWSAW,10659,True,10,
16872,MVPRSVYDSR,10659,True,10,
16873,IAVRAWKSAK,10659,True,10,
16874,LRPRVYQDAQ,10659,True,10,
16875,VAPRPVTGQV,10659,True,10,
16876,SVPRGVKANS,10659,True,10,
16877,TEWRAITASG,10659,True,10,
16878,VSPHGFTDKS,10659,True,10,
16879,RTPKGVRDHK,10659,True,10,
16880,QGPGAVGAPG,10659,True,10,
16881,MKPVNVTGGW,10659,True,10,
16882,QAPRAVTASG,10659,True,10,
16883,RMPLGVLDGH,10659,True,10,
16884,GPVRAVYSGR,10659,True,10,
16885,KTVRGVTDVG,10659,True,10,
16886,TSPVQITASG,10659,True,10,
16887,RTPKSNMDNI,10659,True,10,
16888,YWPKGMRDAG,10659,True,10,
16889,RSVRGVRSTG,10659,True,10,
16890,LRWASMVAPV,10659,True,10,
16891,RLAVAIHDAR,10659,True,10,
16892,IGPRVLVAMG,10659,True,10,
16893,GQVRAVSTAS,10659,True,10,
16894,QNPRSVLDGR,10659,True,10,
16895,GEPASQRDKV,10659,True,10,
16896,FWPRSMRDIA,10659,True,10,
16897,WRPRSYTSGS,10659,True,10,
16898,GYTRWLATAS,10659,True,10,
16899,SRYLPMWVST,10659,True,10,
16900,FTSRAMTDMG,10659,True,10,
16901,TMPRSNRDIG,10659,True,10,
16902,TIPFYFLSAG,10659,True,10,
16903,NWPRGVKTGI,10659,True,10,
16904,QVPRGVTDGI,10659,True,10,
16905,ANPATMRGSG,10659,True,10,
16906,ERTLHLADTR,10659,True,10,
16907,PNPASWSDNG,10659,True,10,
16908,VRPRPVTGGG,10659,True,10,
16909,MMPRYMWGTG,10659,True,10,
16910,FGPSWSTASG,10659,True,10,
16911,LRPRGVRDNG,10659,True,10,
16912,LHPRSLSAVL,10659,True,10,
16913,MWYTAYRAQI,10659,True,10,
16914,KPVRAVRDMT,10659,True,10,
16915,DIPASVRDTG,10659,True,10,
16916,FTPRSHIDPW,10659,True,10,
16917,ILPRPVLDQW,10659,True,10,
16918,NTPVHYIDKV,10659,True,10,
16919,ATVRAVSATR,10659,True,10,
16920,LYPRSHTASG,10659,True,10,
16921,LYVRAHGSNS,10659,True,10,
16922,SWPRGSMDPR,10659,True,10,
16923,LSNPKRPIDS,10659,True,10,
16924,VFPRAFSDWI,10659,True,10,
16925,SGPRPLTSTA,10659,True,10,
16926,RTPKGMTDIR,10659,True,10,
16927,NPAFHMLAMV,10659,True,10,
16928,NVPRGVTASG,10659,True,10,
16929,GLPRAVTDVM,10659,True,10,
16930,DRPRSVTASG,10659,True,10,
16931,RGPLPVTASG,10659,True,10,
16932,YSVRGMHGWL,10659,True,10,
16933,KTPRNVIGPV,10659,True,10,
16934,RFWFVRSVPV,10659,True,10,
16935,LVPRAVWTAK,10659,True,10,
16936,LNPRQVADEV,10659,True,10,
16937,KYPRGVRYKR,10659,True,10,
16938,YPVRAVRAMR,10659,True,10,
16939,LPTRWLMDVG,10659,True,10,
16940,YPVRWMHSML,10659,True,10,
16941,ATPRGQVDTL,10659,True,10,
16942,NIYFGMRDRS,10659,True,10,
16943,ERPRSWRDPV,10659,True,10,
16944,NVPVWMIGVF,10659,True,10,
16945,STPRNVHDNL,10659,True,10,
16946,YTPRGVKDQG,10659,True,10,
16947,IQPRGVRDIV,10659,True,10,
16948,HLPTAFRAMK,10659,True,10,
16949,RAPRPVLDVR,10659,True,10,
16950,KRPEWMTDTA,10659,True,10,
16951,SCPKWMRHTG,10659,True,10,
16952,YEVRSMIAPF,10659,True,10,
16953,QLIRAFYGAV,10659,True,10,
16954,PWVRAVRAQS,10659,True,10,
16955,RQPRSWRVQS,10659,True,10,
16956,RGPAVMVGMF,10659,True,10,
16957,LHPRGVHDLA,10659,True,10,
16958,MVPRNIVDSI,10659,True,10,
16959,VSPRVIRDQG,10659,True,10,
16960,KTVKGMRDLH,10659,True,10,
16961,WGPAPGNVHG,10659,True,10,
16962,MRPLSVRDNR,10659,True,10,
16963,VAPRGVQTQI,10659,True,10,
16964,YRPVYMIAVY,10659,True,10,
16965,DFVRAVITLA,10659,True,10,
16966,PWARELKGPA,10659,True,10,
16967,SGSRALTAHG,10659,True,10,
16968,MSPRWVMDLA,10659,True,10,
16969,MAPRSVTDLF,10659,True,10,
16970,GHVRAVYSLG,10659,True,10,
16971,KSPRYMWDHT,10659,True,10,
16972,IFARSMVAWA,10659,True,10,
16973,MHMRAFTASG,10659,True,10,
16974,RSVRGVTASG,10659,True,10,
16975,VSVSWIQSAV,10659,True,10,
16976,IKPRNVHTAS,10659,True,10,
16977,QHVYWMRSVG,10659,True,10,
16978,MIPRVVTASG,10659,True,10,
16979,TTDRMLYDLA,10659,True,10,
16980,IVPVWMLDKS,10659,True,10,
16981,NDPIHMTDWH,10659,True,10,
16982,GSPRAVWDAI,10659,True,10,
16983,QGMWGMVARA,10659,True,10,
16984,TQPIPIRGNR,10659,True,10,
16985,AVPRVLMAPH,10659,True,10,
16986,DLPRDFYDGR,10659,True,10,
16987,TIPLWSTGWR,10659,True,10,
16988,IDPRNVHDGL,10659,True,10,
16989,WTPRGVTDIS,10659,True,10,
16990,AHPSGVADIG,10659,True,10,
16991,YGPASVKDHA,10659,True,10,
16992,GAPRSVLDAY,10659,True,10,
16993,RAPLGVTASG,10659,True,10,
16994,DGPKSVRDPK,10659,True,10,
16995,VWPGMMRSMS,10659,True,10,
16996,GDIRHITASG,10659,True,10,
16997,GYRVGRAVAP,10659,True,10,
16998,IGPVPMYGVG,10659,True,10,
16999,LGVRAVTASG,10659,True,10,
17000,RPVHGILSTF,10659,True,10,
17001,NTPRGVADHT,10659,True,10,
17002,DVPKGVKAGY,10659,True,10,
17003,TRPAGVKDIY,10659,True,10,
17004,IRPRGVLDLV,10659,True,10,
17005,IPVRAHDDGV,10659,True,10,
17006,PIPRVMVDEG,10659,True,10,
17007,GLVRAVHAMI,10659,True,10,
17008,YPARGISVQS,10659,True,10,
17009,IGPRSVTASG,10659,True,10,
17010,LNPRGSTDIH,10659,True,10,
17011,CNPAGVKDHI,10659,True,10,
17012,QVPRQVRVIG,10659,True,10,
17013,YAPRGVKDVI,10659,True,10,
17014,RMPRSVFVMV,10659,True,10,
17015,KSPSLYQSNH,10659,True,10,
17016,SLYRAMTASG,10659,True,10,
17017,IMPRYMLAMV,10659,True,10,
17018,LGPRMIVDQG,10659,True,10,
17019,TAPRYWKGHY,10659,True,10,
17020,GMWRAFYARG,10659,True,10,
17021,SGPRVYTASG,10659,True,10,
17022,TWAKMLYGPI,10659,True,10,
17023,WVPRQVTASG,10659,True,10,
17024,FYPRGNRDIT,10659,True,10,
17025,PTRLPRTPSP,10659,True,10,
17026,SAVRAVSGQF,10659,True,10,
17027,MQPRNVHDGI,10659,True,10,
17028,SAPRYWTASG,10659,True,10,
17029,KFPSGVRAGQ,10659,True,10,
17030,LYRVPRAIQK,10659,True,10,
17031,RNPLKVTASG,10659,True,10,
17032,SEPFGIRSMA,10659,True,10,
17033,TSVFWMRATA,10659,True,10,
17034,DVPRAVHDIH,10659,True,10,
17035,LIVRAWTASG,10659,True,10,
17036,PHTAWLQAKG,10659,True,10,
17037,KSPRPYMDMR,10659,True,10,
17038,KSPRPYSDIA,10659,True,10,
17039,RMPRNVHDLA,10659,True,10,
17040,EYARAMTASG,10659,True,10,
17041,HPVRAFTGSG,10659,True,10,
17042,LQPRSMIDVA,10659,True,10,
17043,MTPRSMKDIG,10659,True,10,
17044,NPLFHMAGTV,10659,True,10,
17045,RYPRAVRDMS,10659,True,10,
17046,SRPRVYTSNI,10659,True,10,
17047,LFSFALHAIT,10659,True,10,
17048,WTPKGQIDIG,10659,True,10,
17049,QSTRNLIDEG,10659,True,10,
17050,TMPIHVISIY,10659,True,10,
17051,IQPHSMKDGF,10659,True,10,
17052,VPVRGMHSLS,10659,True,10,
17053,MSPRGVTASG,10659,True,10,
17054,ERPGWISDMT,10659,True,10,
17055,AMVRAVTASG,10659,True,10,
17056,PVPRSVLDLY,10659,True,10,
17057,LQPRNVFDSV,10659,True,10,
17058,RMPKWIRGHT,10659,True,10,
17059,SAVRAVRDVF,10659,True,10,
17060,RMSAYLHGSY,10659,True,10,
17061,YRPRGVTAGR,10659,True,10,
17062,DVTRALHGIL,10659,True,10,
17063,RQPRPVMDTG,10659,True,10,
17064,GLPRNVFDTG,10659,True,10,
17065,AQWRALRGNH,10659,True,10,
17066,KMPRNVHDMA,10659,True,10,
17067,TMPRGVADET,10659,True,10,
17068,VSFRAMTDPY,10659,True,10,
17069,MQPRNVSAMH,10659,True,10,
17070,MTPKWILASA,10659,True,10,
17071,QVPVWMTASG,10659,True,10,
17072,SQPIPMLGWV,10659,True,10,
17073,HVPRQVKDPA,10659,True,10,
17074,IEWRAYTASG,10659,True,10,
17075,QNRPRRIVDY,10659,True,10,
17076,PAPRGVTASG,10659,True,10,
17077,FQPRNVTGQA,10659,True,10,
17078,QSPRGVYDEQ,10659,True,10,
17079,WAVRAVISNW,10659,True,10,
17080,DFPSGVTAHG,10659,True,10,
17081,LAPRYWTASG,10659,True,10,known_sequence
17082,AKPVYMRSHR,10659,True,10,
17083,LPARAISDQG,10659,True,10,
17084,TALGYLHDIK,10659,True,10,
17085,ARPRNVKDHM,10659,True,10,
17086,TNPVMLQDWH,10659,True,10,
17087,ANPFHMVGAW,10659,True,10,
17088,WNPFPMASTI,10659,True,10,
17089,KEPRNVTASG,10659,True,10,
17090,ALQAPRDPYG,10659,True,10,
17091,WFPRGVHDER,10659,True,10,
17092,DNPRSHRDIG,10659,True,10,
17093,NHPRGVKDPS,10659,True,10,
17094,TAPRPVIDGL,10659,True,10,
17095,FTPRQVTASG,10659,True,10,
17096,YVYRASVMPW,10659,True,10,
17097,TPYSNIRDKA,10659,True,10,
17098,GLARAVAKTF,10659,True,10,
17099,PKPRNVHDSG,10659,True,10,
17100,TEPRNVIYGY,10659,True,10,
17101,QVPAWVRDMS,10659,True,10,
17102,QLYRAMTASG,10659,True,10,
17103,GQPRSHTDKG,10659,True,10,
17104,TRVLWMSAHV,10659,True,10,
17105,YTPRSVTASG,10659,True,10,
17106,PGVRYLIDIY,10659,True,10,
17107,RQPRNVRASQ,10659,True,10,
17108,KGPRAVKQLG,10659,True,10,
17109,EYPRSVHDSG,10659,True,10,
17110,ALPRYWIDAI,10659,True,10,
17111,ATPKWIVATG,10659,True,10,
17112,ITPRQVWSTW,10659,True,10,
17113,SLYRAMILRA,10659,True,10,
17114,NFPRAFRDTG,10659,True,10,
17115,FWPRFSDVPR,10659,True,10,
17116,CAPRWVMTRA,10659,True,10,
17117,GVPRAVATAS,10659,True,10,
17118,QTPRGVKDAS,10659,True,10,
17119,SKPRGQTDAI,10659,True,10,
17120,TVLGNFSGKH,10659,True,10,
17121,INPRNVTASG,10659,True,10,
17122,GTPRGSRDSG,10659,True,10,
17123,VRGQGIGHKT,10659,True,10,
17124,MTPRWSAGVF,10659,True,10,
17125,MIPYHVRVPT,10659,True,10,
17126,AAPRYWTASG,10659,True,10,
17127,LSPRWFIDQR,10659,True,10,
17128,EAGFRLMAVT,10659,True,10,
17129,GKVRNVMSVY,10659,True,10,
17130,VIPRPVWAPG,10659,True,10,
17131,FRPAGVTDHF,10659,True,10,
17132,IVARPLMGNS,10659,True,10,
17133,MWYVSMRDMK,10659,True,10,
17134,CTPRQVAGPR,10659,True,10,
17135,DMPRYIFSIA,10659,True,10,
17136,KDPRPIMASL,10659,True,10,
17137,EVPRVITASG,10659,True,10,
17138,GIPRAVATAS,10659,True,10,
17139,HWVRAVRDPG,10659,True,10,
17140,VFARSMADMA,10659,True,10,
17141,TVWRAWTASG,10659,True,10,
17142,TKVKWMRGIW,10659,True,10,
17143,FQPRNVKDWI,10659,True,10,
17144,QIPRFIQDWV,10659,True,10,
17145,GNVRWSTGSQ,10659,True,10,
17146,RFPRSYIGAV,10659,True,10,
17147,FQPVYMTASG,10659,True,10,
17148,MRPASVSDMG,10659,True,10,
17149,IGPAVGPSLT,10659,True,10,
17150,TYPKGMRDAT,10659,True,10,
17151,MFPKWVKGNG,10659,True,10,
17152,KAVRAVTASG,10659,True,10,
17153,NIPRSVTASG,10659,True,10,
17154,SYPRDITASG,10659,True,10,
17155,RAPRSFTGRG,10659,True,10,
17156,RAPAGVADTR,10659,True,10,
17157,ITPRYWAGIS,10659,True,10,
17158,QAVRWSTASG,10659,True,10,
17159,GQPRAVIAMF,10659,True,10,
17160,FDAKPLWGKG,10659,True,10,
17161,NIPRNVTASG,10659,True,10,
17162,SVPSGVTASG,10659,True,10,
17163,AEVRSILDRS,10659,True,10,
17164,TMPRQVLDPI,10659,True,10,
17165,KEPRNVIVLG,10659,True,10,
17166,WRPKGMRGMS,10659,True,10,
17167,NLPRAVIDWS,10659,True,10,
17168,WNPRPHADAS,10659,True,10,
17169,VHPSWIHAPK,10659,True,10,
17170,EAPRYWKDIL,10659,True,10,
17171,SKPVNMVDSI,10659,True,10,
17172,AGPSWITSHA,10659,True,10,
17173,DVPRAVKAGK,10659,True,10,
17174,YQPRNVLGNA,10659,True,10,
17175,FEVRAVYAMQ,10659,True,10,
17176,TPRPYRAAVP,10659,True,10,
17177,KWPASHRDTA,10659,True,10,
17178,MIPASVRDAL,10659,True,10,
17179,SAPRSYTASG,10659,True,10,
17180,IAYPANEDPS,10659,True,10,
17181,VQPRSHRQNH,10659,True,10,
17182,WSPRSHQVAG,10659,True,10,
17183,TWPRSVHARF,10659,True,10,
17184,WEPRNVMSQY,10659,True,10,
17185,SMPFSYQDIS,10659,True,10,
17186,PNWIGLIDMF,10659,True,10,
17187,SDVRGIADIR,10659,True,10,
17188,VTPRQVTASG,10659,True,10,
17189,GSYAGLRIAW,10659,True,10,
17190,GYPRAFRVGS,10659,True,10,
17191,NEPRNVADPQ,10659,True,10,
17192,NSPRMLSDMH,10659,True,10,
17193,IAPRGVTDGG,10659,True,10,
17194,TYPRSWRTGS,10659,True,10,
17195,GKPRSVTASG,10659,True,10,
17196,WMPGSMQDMR,10659,True,10,
17197,YVPRGVHAII,10659,True,10,
17198,QAPIHMAGEV,10659,True,10,
17199,VIPRPVMAVT,10659,True,10,
17200,MTPRSLVNGK,2141,True,10,
17201,GFPRAFRGMG,2141,True,10,
17202,MTPRGWIGWI,2141,True,10,
17203,AYAYGMRGPG,2141,True,10,
17204,KFPVAMLGMY,2141,True,10,
17205,PFPRGMKTVA,2141,True,10,
17206,VRPRSDYAMQ,2141,True,10,
17207,HGPRGVRVGH,2141,True,10,
17208,RMPRSWSGNV,2141,True,10,
17209,QRPRSWTVPT,2141,True,10,
17210,VQPRGSTSMI,2141,True,10,
17211,DMPKGMRNIL,2141,True,10,
17212,WDPRAMRGKF,2141,True,10,
17213,MPPRAFTGPG,2141,True,10,
17214,QMPRSVHQGQ,2141,True,10,
17215,WFPRPMRHPI,2141,True,10,
17216,VRPRSVMNGS,2141,True,10,
17217,KYPRGVSQPG,2141,True,10,
17218,GQPAGVQTAS,2141,True,10,
17219,HAPSGWTGPR,2141,True,10,
17220,YLPKSLFQPI,2141,True,10,
17221,VWPRGMRNGQ,2141,True,10,
17222,PTVSWFKGNL,2141,True,10,
17223,NGPSGVMQSW,2141,True,10,
17224,TPVGWMRGTL,2141,True,10,
17225,YPPRSWRNAI,2141,True,10,
17226,KGPSGVRQPL,2141,True,10,
17227,PVPRAVLNRI,2141,True,10,
17228,WAPRFMQNPA,2141,True,10,
17229,QVPRAVFTKF,2141,True,10,
17230,VDPRGMRTGW,2141,True,10,
17231,TGPRASHNTR,2141,True,10,
17232,IEPRNVWTRQ,2141,True,10,
17233,YVPRSQIVKT,2141,True,10,
17234,ATPRGNRVHY,2141,True,10,
17235,ERASGLYSQG,2141,True,10,
17236,MAPRSFRGKG,2141,True,10,
17237,VTPRGWTASG,2141,True,10,
17238,EGPSWLSNQF,2141,True,10,
17239,HSPRSYIGVF,2141,True,10,
17240,PMPRYMKGMS,2141,True,10,
17241,GSPRGVRTQS,2141,True,10,
17242,IWPRGMKTSL,2141,True,10,
17243,DMPRAIRNVF,2141,True,10,
17244,CSPRAYMGWA,2141,True,10,
17245,AHPSGWRTIL,2141,True,10,
17246,YAPRSMLGAR,2141,True,10,
17247,AFVRGMYNQI,2141,True,10,
17248,CSPQGSTASG,2141,True,10,
17249,IYPRNVWSAL,2141,True,10,
17250,GWPRGMKVTV,2141,True,10,
17251,GVPRAVSTAS,2141,True,10,
17252,WYPVGMANWT,2141,True,10,
17253,GRPRSVYTAS,2141,True,10,
17254,RYPRASWDWQ,2141,True,10,
17255,GGPRSIVTAS,2141,True,10,
17256,HKPRSNRSEG,2141,True,10,
17257,TYPRSWFGVL,2141,True,10,
17258,ERPMGMRKQS,2141,True,10,
17259,FRVLAVIGPI,2141,True,10,
17260,GKVRAVHGPW,2141,True,10,
17261,AMPRSMLGIV,2141,True,10,
17262,SPPRAFLNPK,2141,True,10,
17263,WFPVGMRNLQ,2141,True,10,
17264,QMPRSVRNGQ,2141,True,10,
17265,SRPRQIVTAS,2141,True,10,
17266,PTPRSYINVG,2141,True,10,
17267,SWPLGMRNPG,2141,True,10,
17268,HMPRMLANQY,2141,True,10,
17269,YVPRGVHDKR,2141,True,10,
17270,LGPRSVTASG,2141,True,10,
17271,RKPLGQINSI,2141,True,10,
17272,KSPRDIRGPL,2141,True,10,
17273,GMPRYMHNGR,2141,True,10,
17274,GNPRAIMTAS,2141,True,10,
17275,KVPKPMSQVR,2141,True,10,
17276,REPRNVLNTQ,2141,True,10,
17277,TAPSHWTASG,2141,True,10,
17278,SMPRMLRGEK,2141,True,10,
17279,IRPKGMRNRS,2141,True,10,
17280,SIPRAFKNMA,2141,True,10,
17281,KSPMGMRNAI,2141,True,10,
17282,SGPRSMRTTA,2141,True,10,
17283,ASPRSVFTMI,2141,True,10,
17284,GTPRGIVTAS,2141,True,10,
17285,RMVRGVTASG,2141,True,10,
17286,YRPRPIYSNV,2141,True,10,
17287,VFPSGFRNTI,2141,True,10,
17288,TWPRVLRTIA,2141,True,10,
17289,YQPRNATGWG,2141,True,10,
17290,YDPRGMTNTQ,2141,True,10,
17291,SYPRMLRGQT,2141,True,10,
17292,TFPRAFWNIG,2141,True,10,
17293,PHEFPFDQKP,2141,True,10,
17294,LYPRAVAYWG,2141,True,10,
17295,ALPRPQIGQG,2141,True,10,
17296,GKPRSLLTAS,2141,True,10,
17297,PHRPPRSFLP,2141,True,10,
17298,RMPRSQMNEL,2141,True,10,
17299,RSPLAVLAPL,2141,True,10,
17300,GTPRSMRNML,2141,True,10,
17301,YGPRAVHAMS,2141,True,10,
17302,RPPSGMKNSV,2141,True,10,
17303,NIPRAVRGLG,2141,True,10,
17304,FRPRSFRNQL,2141,True,10,
17305,WAPRGMKSPT,2141,True,10,
17306,KRPRSFADIL,2141,True,10,
17307,YAPAGVRVEG,2141,True,10,
17308,SQPVAMYNGL,2141,True,10,
17309,FAPRSMLNWA,2141,True,10,
17310,YGPRAILNPT,2141,True,10,
17311,FAPRSLFVTR,2141,True,10,
17312,EKPRPIVGNI,2141,True,10,
17313,YSPRSWLNTA,2141,True,10,
17314,GFPRSMLNVG,2141,True,10,
17315,VPPRAWRGPL,2141,True,10,
17316,RWPRGMKNEQ,2141,True,10,
17317,VQPRSWTNPL,2141,True,10,
17318,HIPRSFRVPT,2141,True,10,
17319,GAPRSWRTAS,2141,True,10,
17320,RIPASWTSNT,2141,True,10,
17321,IHPRPVMYGL,2141,True,10,
17322,WAPVGMRGSI,2141,True,10,
17323,DVPRAVIQES,2141,True,10,
17324,MGPRSMTNVQ,2141,True,10,
17325,VQPRSVFYER,2141,True,10,
17326,VTPRMQTGAL,2141,True,10,
17327,VGPRSWRDEQ,2141,True,10,
17328,RAPVGVRSPF,2141,True,10,
17329,LYPAGVFNGL,2141,True,10,
17330,RTPVGMINER,2141,True,10,
17331,GMPRYMLTAS,2141,True,10,
17332,FVPRGVRQPY,2141,True,10,
17333,TQPRGVRNSF,2141,True,10,
17334,PLRVARSVWF,2141,True,10,
17335,GQPRAVLTAS,2141,True,10,
17336,WFPRAFRNQI,2141,True,10,
17337,LNPVGIRSAQ,2141,True,10,
17338,GAPVASDVST,2141,True,10,
17339,WPPRAFWKQG,2141,True,10,
17340,AGPYAMRNMG,2141,True,10,
17341,NFPRSMLNMA,2141,True,10,
17342,QGPRSMLGMI,2141,True,10,
17343,TYPRSWRGHL,2141,True,10,
17344,GFPRAFRGTL,2141,True,10,
17345,ARVRGMHVTQ,2141,True,10,
17346,GMPRSYINWG,2141,True,10,
17347,NGPRAITNIL,2141,True,10,
17348,LEPRYWTASG,2141,True,10,
17349,NYPRSVLNAS,2141,True,10,
17350,CAPVGMRNAF,2141,True,10,
17351,VGPRSWVNQT,2141,True,10,
17352,FRALHLSGSG,2141,True,10,
17353,PGPIAMWGMQ,2141,True,10,
17354,IDPRMLYKIR,2141,True,10,
17355,KFPRGSRSGA,2141,True,10,
17356,TPPRGVINIY,2141,True,10,
17357,FMPRMLRGQS,2141,True,10,
17358,RAPRYWRTVQ,2141,True,10,
17359,RFPRAFIGQA,2141,True,10,
17360,AQPRSWINLT,2141,True,10,
17361,RQPRSWVQTI,2141,True,10,
17362,AWPRAFIGKL,2141,True,10,
17363,QVPRAVWNPL,2141,True,10,
17364,HRVRAVINES,2141,True,10,
17365,RYPRAFQGTW,2141,True,10,
17366,QDPKGMRNPS,2141,True,10,
17367,QTPRMWSAMF,2141,True,10,
17368,QGPRSYQGMI,2141,True,10,
17369,MPPSGVTASG,2141,True,10,
17370,DAPRSMLTRG,2141,True,10,
17371,MGPLGVFTER,2141,True,10,
17372,GRPRSYSYQI,2141,True,10,
17373,TKVRGMWNWF,2141,True,10,
17374,KDPRMLYNRY,2141,True,10,
17375,RVPRGVQGIQ,2141,True,10,
17376,SIPKGMRNGQ,2141,True,10,
17377,LGPRSMIQMV,2141,True,10,
17378,KVPSGVRVNK,2141,True,10,
17379,HIPRAVKGIQ,2141,True,10,
17380,YVPRGVRTLF,2141,True,10,
17381,VMPRSFRNEA,2141,True,10,
17382,ARPVGMTNSK,2141,True,10,
17383,VTPRGSRVPR,2141,True,10,
17384,VMPRYMWNLG,2141,True,10,
17385,RVPKGMYNAL,2141,True,10,
17386,MMPRSWLNGL,2141,True,10,
17387,LEPRNVIGNG,2141,True,10,
17388,YWPRPIRGPL,2141,True,10,
17389,PFPRGFLGRS,2141,True,10,
17390,MFPRSWIDAK,2141,True,10,
17391,YVPRGVANPT,2141,True,10,
17392,TNPAGMRNPF,2141,True,10,
17393,KPPRGSVNHS,2141,True,10,
17394,HMPRWIRNMT,2141,True,10,
17395,MNPRGMRSVF,2141,True,10,
17396,GAPRAFRTAS,2141,True,10,
17397,QAPRSYIMVI,2141,True,10,
17398,IWPRPVIQIL,2141,True,10,
17399,FWPRFMLGRL,2141,True,10,
17400,GAPRGVTTSL,2141,True,10,
17401,SVPRAVMTVG,2141,True,10,
17402,IMPRSWRTPI,2141,True,10,
17403,ALPRAVSGPV,2141,True,10,
17404,FIPRAVRGEH,2141,True,10,
17405,QHPSWTMSLW,2141,True,10,
17406,RGPYGMRNEY,2141,True,10,
17407,PMPRMLVGQL,2141,True,10,
17408,QMPRQVINRI,2141,True,10,
17409,VGPRSYRQNS,2141,True,10,
17410,VGPRPITGAI,2141,True,10,
17411,KFPRWIMGPG,2141,True,10,
17412,VGPRSWINLF,2141,True,10,
17413,KWPRGMKRKS,2141,True,10,
17414,MKPVNYVNPS,2141,True,10,
17415,WFPRGNTGHL,2141,True,10,
17416,RMPFGMINLG,2141,True,10,
17417,VAPRSLVNRI,2141,True,10,
17418,FHPIAFAGRS,2141,True,10,
17419,VHPRSQLNGF,2141,True,10,
17420,KEPRNVINGL,2141,True,10,
17421,DLPRAVLGAV,2141,True,10,
17422,HKPRPVTVAQ,2141,True,10,
17423,LIPRYWYVSI,2141,True,10,
17424,STPRYLTGHV,2141,True,10,
17425,HFPSGWTASG,2141,True,10,
17426,ARPRSMLNGT,2141,True,10,
17427,VGPQGVTVTF,2141,True,10,
17428,SGPRAVRTTA,2141,True,10,
17429,RQPRSWINPF,2141,True,10,
17430,FGPVGMHNVW,2141,True,10,
17431,CKPRGVFNAG,2141,True,10,
17432,RMPRSWYDRT,2141,True,10,
17433,KVPVPMRNPR,2141,True,10,
17434,IVPKGQIVPS,2141,True,10,
17435,PMPRQVRTIQ,2141,True,10,
17436,IAPRTVLNEV,2141,True,10,
17437,NAPRSMVQML,2141,True,10,
17438,IVPRAVLSIF,2141,True,10,
17439,MGPAGVTNPR,2141,True,10,
17440,TVPRGWTGKQ,2141,True,10,
17441,ARPRSMLNPR,2141,True,10,
17442,GMPRYMRGTW,2141,True,10,
17443,GMPRAFRNMG,2141,True,10,
17444,KVPRGVSYRG,2141,True,10,
17445,WGPRSFRQEW,2141,True,10,
17446,KQPRPVTGPK,2141,True,10,
17447,KAPRSWLNVI,2141,True,10,
17448,KFPAGVMSEQ,2141,True,10,
17449,RYPRAMTGPR,2141,True,10,
17450,GFPKGMQNAV,2141,True,10,
17451,QMPAGVRNHG,2141,True,10,
17452,GPPRSWINQT,2141,True,10,
17453,AAPRSYTGPG,2141,True,10,
17454,YMPRAFKGNQ,2141,True,10,
17455,GRPRSWTNWS,2141,True,10,
17456,FVPRAVTNTS,2141,True,10,
17457,HGPSGWTASG,2141,True,10,
17458,RAPRSMQKMG,2141,True,10,
17459,VTPRSWIGEH,2141,True,10,
17460,FLPRSWLGHL,2141,True,10,
17461,WHPVGMRNGT,2141,True,10,
17462,GTPRGSTSTG,2141,True,10,
17463,TVLGNRGSTF,2141,True,10,
17464,GRPSGFSNKL,2141,True,10,
17465,SAPRWLIGMI,2141,True,10,
17466,VGPSWIQNST,2141,True,10,
17467,NRPRTLQGIQ,2141,True,10,
17468,MFPRGNRGSQ,2141,True,10,
17469,YSPRSLIGAY,2141,True,10,
17470,RFPRMLRSMT,2141,True,10,
17471,NPPRSMLRTR,2141,True,10,
17472,GAPRAVRTAS,2141,True,10,
17473,GKPFGMRPTL,2141,True,10,
17474,VSPRPFIGAQ,2141,True,10,
17475,DGPKSLVNPR,2141,True,10,
17476,ATPMSWYNIG,2141,True,10,
17477,TRPAGVKNVW,2141,True,10,
17478,AVPVPMWGEI,2141,True,10,
17479,GMPRSMINLL,2141,True,10,
17480,LRPRSYINMI,2141,True,10,
17481,YIPRAVMGKF,2141,True,10,
17482,GYPRAFRGVT,2141,True,10,
17483,IYPRSWMATL,2141,True,10,
17484,QTPRGMRNQF,2141,True,10,
17485,QIPRPVTNIH,2141,True,10,
17486,PFPRPIMVMG,2141,True,10,
17487,GYPRAFQGIV,2141,True,10,
17488,PVPRAVWNKF,2141,True,10,
17489,VRPRPISNSF,2141,True,10,
17490,QGPVHYANAV,2141,True,10,
17491,MGPWGMRNVA,2141,True,10,
17492,HVPRQVKTPF,2141,True,10,
17493,AGPRSMTNPK,2141,True,10,
17494,TPPRGIKNAI,2141,True,10,
17495,RNPAGVHNRQ,2141,True,10,
17496,GMPRSFWYVW,2141,True,10,
17497,YVPVGMRDSK,2141,True,10,
17498,AVPRAVTGVK,2141,True,10,
17499,MAPRSMLGLW,2141,True,10,
17500,RLPVAIANWK,2141,True,10,
17501,YWPRGMRNMG,2141,True,10,
17502,VQPRSWIGPY,2141,True,10,
17503,QRPLGVATWL,2141,True,10,
17504,NKPSGMTGQG,2141,True,10,
17505,TRPQSWINWI,2141,True,10,
17506,FAPGWLSNWK,2141,True,10,
17507,TAVRAWIGMI,2141,True,10,
17508,GMPRSLAGQH,2141,True,10,
17509,THPVGMTGWT,2141,True,10,
17510,AGPVGMTNPF,2141,True,10,
17511,VNPRSKMGNT,2141,True,10,
17512,KGPSGVRVRG,2141,True,10,
17513,MVPRGVTGPI,2141,True,10,
17514,RGPVGVYAEQ,2141,True,10,
17515,IGPRAVKQGK,2141,True,10,
17516,WFPRAFKGKS,2141,True,10,
17517,ILPRAVTASG,2141,True,10,
17518,MKPVNMINQV,2141,True,10,
17519,RPPRSLSNPV,2141,True,10,
17520,YWPLGQINPI,2141,True,10,
17521,VFPRAFRSNL,2141,True,10,
17522,ETPRGMSNPV,2141,True,10,
17523,MQPRSQRNGH,2141,True,10,
17524,RMPRMLYGIR,2141,True,10,
17525,YRPMGMRNGT,2141,True,10,
17526,YAPRSYISPF,2141,True,10,
17527,FKPSGWYTNK,2141,True,10,
17528,EMPMGMKNPF,2141,True,10,
17529,RVPKGMINQG,2141,True,10,
17530,NTPLGIRTEV,2141,True,10,
17531,KTPRSYIGER,2141,True,10,
17532,RNPSGWINLK,2141,True,10,
17533,YAPRASNVLG,2141,True,10,
17534,YCPRNVMVTR,2141,True,10,
17535,QRPRSVRVGT,2141,True,10,
17536,QIPRSFSQNL,2141,True,10,
17537,RWPRSNHGSG,2141,True,10,
17538,KGPRSLAGAR,2141,True,10,
17539,RAPLPVMNIA,2141,True,10,
17540,VAPRFLASPL,2141,True,10,
17541,PGPAGVRNWH,2141,True,10,
17542,MIPFWMKGPV,2141,True,10,
17543,RIPASWTGIF,2141,True,10,
17544,TCPRSWMRKL,2141,True,10,
17545,VPPRAFHGQG,2141,True,10,
17546,SGPRSTMATA,2141,True,10,
17547,EVPRSQTNPF,2141,True,10,
17548,SWPAGMHNII,2141,True,10,
17549,YTPRSLYTPQ,2141,True,10,
17550,MSPKGVRNPW,2141,True,10,
17551,MVPRAVRNVH,2141,True,10,
17552,KTPRGVMAQT,2141,True,10,
17553,RAFYGLIGWT,2141,True,10,
17554,LMPLGMTVAF,2141,True,10,
17555,TKPAPMSGNS,2141,True,10,
17556,WHPQWMRNGR,2141,True,10,
17557,LQPRSWRTGI,2141,True,10,
17558,IMVRAVHNKG,2141,True,10,
17559,EQPRSGSQKG,2141,True,10,
17560,RQPRSYINPF,2141,True,10,
17561,GNPVPMRGSQ,2141,True,10,
17562,YVPRGVKQKH,2141,True,10,
17563,HNPAGMRNER,2141,True,10,
17564,WMPRGIFNNF,2141,True,10,
17565,SIPRPIHSRI,2141,True,10,
17566,QGPKGMRNWS,2141,True,10,
17567,YGPRNIYNWL,2141,True,10,
17568,AMPRGMVGLG,2141,True,10,
17569,EAPQNVLGWG,2141,True,10,
17570,VSPRGQATSG,2141,True,10,
17571,QGPRSWRTMF,2141,True,10,
17572,QPPRAFWNAG,2141,True,10,
17573,QPPRSWRTMQ,2141,True,10,
17574,YAPRAFHNPT,2141,True,10,
17575,KTPRGSMGTA,2141,True,10,
17576,GFPRAFSDQT,2141,True,10,
17577,FRPRGVTSEF,2141,True,10,
17578,IQPRGVKTAS,2141,True,10,
17579,VMPRSVANIR,2141,True,10,
17580,GWPRGSITAS,2141,True,10,
17581,DFPRWLSHQT,2141,True,10,
17582,IYPRSWMGPI,2141,True,10,
17583,RYPRSMLGKW,2141,True,10,
17584,PWPAGMRNEK,2141,True,10,
17585,GIPRPVLYTI,2141,True,10,
17586,SIVRAVWGVF,2141,True,10,
17587,NRPRSWINGK,2141,True,10,
17588,RIPRPVWDVS,2141,True,10,
17589,VKPQGVRNAY,2141,True,10,
17590,VFPRMLFGTY,2141,True,10,
17591,GYPRSQTNSG,2141,True,10,
17592,TRPRSLANMI,2141,True,10,
17593,MAPRSSYQEQ,2141,True,10,
17594,HTPKGMRNGT,2141,True,10,
17595,MAPRKVFAGS,2141,True,10,
17596,YPVAWMKGKI,2141,True,10,
17597,GSPRMLTGPR,2141,True,10,
17598,HTPKGEKGMR,2141,True,10,
17599,RVPVPMIGAY,2141,True,10,
17600,GAPKSMRSNG,4675,True,10,
17601,GAPSGFHALW,4675,True,10,
17602,RAPVNFHSTG,4675,True,10,
17603,PFPSGVISEL,4675,True,10,
17604,TSPGRFRGPH,4675,True,10,
17605,VMPSGFYSPT,4675,True,10,
17606,TAPKGMRSQI,4675,True,10,
17607,VGPSGFTASG,4675,True,10,
17608,GPPAGFKGTY,4675,True,10,
17609,TAPSGWIGAT,4675,True,10,
17610,MTPSGWTASG,4675,True,10,
17611,AAPSGNFSGF,4675,True,10,
17612,SIPHGFFGNA,4675,True,10,
17613,GAPRQVLGPY,4675,True,10,
17614,FPPMGFSANT,4675,True,10,
17615,SVPSGVFGAH,4675,True,10,
17616,SLPLGYFGVK,4675,True,10,
17617,SGPGMMLGTA,4675,True,10,
17618,AHPSGFTASG,4675,True,10,
17619,FMPGAFRGMG,4675,True,10,
17620,DSPLGIFSER,4675,True,10,
17621,KSPRPYIGNS,4675,True,10,
17622,IGPSGVRAGH,4675,True,10,
17623,TAPVGVYSVH,4675,True,10,
17624,NGPLGMSGPA,4675,True,10,
17625,QMPLGFIGTS,4675,True,10,
17626,GFPRAFWGPG,4675,True,10,
17627,PRVWHVTASG,4675,True,10,
17628,GVPWGVRTAS,4675,True,10,
17629,AFPQGPVGPI,4675,True,10,
17630,PRPMGNRASW,4675,True,10,
17631,GPPSAFWGTH,4675,True,10,
17632,IAPSGSRART,4675,True,10,
17633,VGPSGFTASG,4675,True,10,
17634,TKPSGVTASG,4675,True,10,
17635,FSAMSMFGMV,4675,True,10,
17636,GFPQGFHAHA,4675,True,10,
17637,AMVSAVYSTV,4675,True,10,
17638,GFPLGFRGVA,4675,True,10,
17639,GSPRSYTGMH,4675,True,10,
17640,GAPRSYMGMS,4675,True,10,
17641,VAPSGFRGRQ,4675,True,10,
17642,GTPSGWTASG,4675,True,10,
17643,SAPAGFRGNW,4675,True,10,
17644,PTPLGQISTF,4675,True,10,
17645,ATPLGQISHG,4675,True,10,
17646,GRPAGVRALS,4675,True,10,
17647,VPPEAILSGK,4675,True,10,
17648,TSPSGWTASG,4675,True,10,
17649,WPVYGMYAIS,4675,True,10,
17650,MAPLGQRNVG,4675,True,10,
17651,GFPMAFSGPV,4675,True,10,
17652,RMPSGFRGPL,4675,True,10,
17653,GPPLGFTASG,4675,True,10,
17654,LVPRAFRGNI,4675,True,10,
17655,FMPSGWTAGF,4675,True,10,
17656,GHPSGFRGLR,4675,True,10,
17657,MPPLGFHGRS,4675,True,10,
17658,PMPLGFRSLQ,4675,True,10,
17659,LAPRDFRGPH,4675,True,10,
17660,LMPAGFTASG,4675,True,10,
17661,YAPSGWRASA,4675,True,10,
17662,TKPRGSYSNA,4675,True,10,
17663,AMPSGFRGQH,4675,True,10,
17664,AGPLGFRTAS,4675,True,10,
17665,TFPSGWRSMQ,4675,True,10,
17666,GPPLGFINMG,4675,True,10,
17667,VTPLGQRGKL,4675,True,10,
17668,EGARSLWTAS,4675,True,10,
17669,GKPSGVRGRP,4675,True,10,
17670,VQPSGWRSPI,4675,True,10,
17671,GVPSGFWGVA,4675,True,10,
17672,PGPTGLRSLF,4675,True,10,
17673,QMPSGRVGAL,4675,True,10,
17674,TPPSSWIGAW,4675,True,10,
17675,GMPSGVISMF,4675,True,10,
17676,APPEALYGKF,4675,True,10,
17677,APAQDLYGSL,4675,True,10,
17678,PMPYGMRGMA,4675,True,10,
17679,QGPMAMYGMS,4675,True,10,
17680,WLPSELWGTA,4675,True,10,
17681,KRPFGYTGPV,4675,True,10,
17682,WSPLGQRGIF,4675,True,10,
17683,WIPSGVTASG,4675,True,10,
17684,STPSGNFSAK,4675,True,10,
17685,GPAGGFQSPR,4675,True,10,
17686,GVPSGVYANW,4675,True,10,
17687,TAPKSLFSIG,4675,True,10,
17688,SHPVAFRGAF,4675,True,10,
17689,RPPLAFKGNA,4675,True,10,
17690,MVPSGFWAPI,4675,True,10,
17691,VPPAGQRSEF,4675,True,10,
17692,PVPIPFYGWH,4675,True,10,
17693,AMAVPAWSHG,4675,True,10,
17694,ASPLGQISIY,4675,True,10,
17695,MGPSGWTASG,4675,True,10,
17696,EWPSGMHGPR,4675,True,10,
17697,IAPAKLWGNV,4675,True,10,
17698,GSLPMWYGMA,4675,True,10,
17699,PSPLGLYGAY,4675,True,10,
17700,MSPRKFRGLR,4675,True,10,
17701,GPPLGFRGGL,4675,True,10,
17702,GKPSGWTASG,4675,True,10,
17703,FGPSGMRAGK,4675,True,10,
17704,AVPAGVRAVA,4675,True,10,
17705,TMPSGFRSMS,4675,True,10,
17706,IRPASWTASG,4675,True,10,
17707,GSPSGVTSWS,4675,True,10,
17708,GTPSGWTIRS,4675,True,10,
17709,GRPRSYISAY,4675,True,10,
17710,RAPASWRSHI,4675,True,10,
17711,MKPVGFRGQL,4675,True,10,
17712,QRPSAMFGWF,4675,True,10,
17713,MAPLGVIGSH,4675,True,10,
17714,AKPSGVYGMV,4675,True,10,
17715,ASPLGVQAPG,4675,True,10,
17716,AYPYGPFSGI,4675,True,10,
17717,TGPIPIWGSR,4675,True,10,
17718,RNPYGMRGVQ,4675,True,10,
17719,VFPSGVTGWH,4675,True,10,
17720,EKPSGQRARI,4675,True,10,
17721,KTPSGWTASG,4675,True,10,
17722,ACIVAMQSLT,4675,True,10,
17723,KIPRAYRGMT,4675,True,10,
17724,PTPKGQTGLS,4675,True,10,
17725,YGPSGWTASG,4675,True,10,
17726,TMPSGFVSQK,4675,True,10,
17727,SQPVPMISWH,4675,True,10,
17728,PMPSGWTASG,4675,True,10,
17729,AVPSGVTGPQ,4675,True,10,
17730,GLPDAFLSML,4675,True,10,
17731,RAPVAFTGPV,4675,True,10,
17732,VMPSGFRGLA,4675,True,10,
17733,RTPSGWSAWV,4675,True,10,
17734,PGPSGFTASG,4675,True,10,
17735,MGPYGMFNIK,4675,True,10,
17736,HRPSGVWSPH,4675,True,10,
17737,GCPMGMRSQL,4675,True,10,
17738,GRPSGFTGQG,4675,True,10,
17739,ERPSWLYSLS,4675,True,10,
17740,APVYGMRGIR,4675,True,10,
17741,MVPSGVYSWI,4675,True,10,
17742,SPPHGVTASG,4675,True,10,
17743,GSARSLYQTK,4675,True,10,
17744,KEPMGFYSAS,4675,True,10,
17745,RVPSGVTASG,4675,True,10,
17746,GQPRAFRGWF,4675,True,10,
17747,EVPLGVHSMI,4675,True,10,
17748,TQPFGMKGLH,4675,True,10,
17749,TPPSSLASQL,4675,True,10,
17750,VPPSGFSAVQ,4675,True,10,
17751,IAPLGVSGWH,4675,True,10,
17752,EVPSGVTASG,4675,True,10,
17753,RMPSGWRALF,4675,True,10,
17754,VMPSGFASGL,4675,True,10,
17755,TGPSGWTASG,4675,True,10,
17756,VNPSGFQGSI,4675,True,10,
17757,AIPASVMNSH,4675,True,10,
17758,GTPLGQINIH,4675,True,10,
17759,APPLGFIGMI,4675,True,10,
17760,SMPSGFTATG,4675,True,10,
17761,MVPSGQTASG,4675,True,10,
17762,GMPLGFHGPG,4675,True,10,
17763,ATPSGWTGMS,4675,True,10,
17764,GSPVEVRGPL,4675,True,10,
17765,GVPFGQWSMI,4675,True,10,
17766,GMPSGFMSWL,4675,True,10,
17767,LPAYGLFSGS,4675,True,10,
17768,QGPSGWTASG,4675,True,10,
17769,AMAQGLWGPY,4675,True,10,
17770,VSPRAFQGTY,4675,True,10,
17771,YTPSGWRTAV,4675,True,10,
17772,PLPTGLTASG,4675,True,10,
17773,TMPSGVTASG,4675,True,10,
17774,TSPSGFYGIY,4675,True,10,
17775,GTPRAQITAS,4675,True,10,
17776,PKPAGVRTPF,4675,True,10,
17777,MAPMSMLGPI,4675,True,10,
17778,QPPSGLFSNQ,4675,True,10,
17779,PGVSGRSAVL,4675,True,10,
17780,EAPLGQTGRG,4675,True,10,
17781,GRPTALYSGL,4675,True,10,
17782,PGPSGWTASG,4675,True,10,
17783,AAVMGRGTRF,4675,True,10,
17784,GVPAGVYSPT,4675,True,10,
17785,APLSSWYGYP,4675,True,10,
17786,KGPSGYRGPQ,4675,True,10,
17787,GTPRGVLTAS,4675,True,10,
17788,FPPSGVWAGK,4675,True,10,
17789,QSPLGVFGLF,4675,True,10,
17790,SLPRAVFAST,4675,True,10,
17791,RQPFQMAGTI,4675,True,10,
17792,RVPKGLRSMS,4675,True,10,
17793,RGPVQMTASG,4675,True,10,
17794,GPPLGFQGIP,4675,True,10,
17795,TMPSAQIGQF,4675,True,10,
17796,YVPQGVTGWG,4675,True,10,
17797,SAPSGWTASG,4675,True,10,
17798,EIPAGVHAQF,4675,True,10,
17799,GPVYGMRGPL,4675,True,10,
17800,PSPLGFRAMR,4675,True,10,
17801,TSPSGWHGAT,4675,True,10,
17802,QPPLAFAGSF,4675,True,10,
17803,PAPRSYIGAH,4675,True,10,
17804,TGPSGWTASG,4675,True,10,
17805,EMPSGVTASG,4675,True,10,
17806,DPPSGFRGTR,4675,True,10,
17807,SNPLGQFGEL,4675,True,10,
17808,QAPGAMIAPH,4675,True,10,
17809,PGPLGQTNTY,4675,True,10,
17810,ASRSPRASDL,4675,True,10,
17811,LGPAGFHGMA,4675,True,10,
17812,KAPSGVFGAR,4675,True,10,
17813,VNPAGFSGKV,4675,True,10,
17814,PMPVQVHSNY,4675,True,10,
17815,VIPAGVRGNR,4675,True,10,
17816,PGPLGVTNEW,4675,True,10,
17817,RSPVGRISKG,4675,True,10,
17818,RVPSGVTASG,4675,True,10,
17819,VMPSGFTSGY,4675,True,10,
17820,VTPSGFRGDG,4675,True,10,
17821,GSVFGMRSNI,4675,True,10,
17822,QKPSGFRAIT,4675,True,10,
17823,GVPRAVYSGI,4675,True,10,
17824,QWPAGFTSAI,4675,True,10,
17825,TPPSGWLASV,4675,True,10,
17826,VMPSGFSATL,4675,True,10,
17827,KGPSGWTGQR,4675,True,10,
17828,QGPAGFKGAF,4675,True,10,
17829,PIPSAVFAHG,4675,True,10,
17830,GAPAGFRGIV,4675,True,10,
17831,LMPSGFRAMH,4675,True,10,
17832,SVPSGFRAGY,4675,True,10,
17833,GMPSGFRALA,4675,True,10,
17834,SMPSGMYGLH,4675,True,10,
17835,ASPVALYGSF,4675,True,10,
17836,GPPSGWKANH,4675,True,10,
17837,KTAPEWIGVT,4675,True,10,
17838,WHPSGFVGPA,4675,True,10,
17839,ETPLGQIGPH,4675,True,10,
17840,LAPAGSQGEF,4675,True,10,
17841,VTPSGFYAGV,4675,True,10,
17842,SALGQMFGIL,4675,True,10,
17843,MPPSGFRGPL,4675,True,10,
17844,YMPWGQSAQW,4675,True,10,
17845,RVPKLLYSTA,4675,True,10,
17846,VAPSGWVANS,4675,True,10,
17847,MKPSGFWSQA,4675,True,10,
17848,AMPLGFISEK,4675,True,10,
17849,EVPSGWRSGR,4675,True,10,
17850,FMPLGFRGSR,4675,True,10,
17851,SKPSGVYAVY,4675,True,10,
17852,SNPIPRMAIS,4675,True,10,
17853,VSPSGVTASG,4675,True,10,
17854,GVPRGVYSAY,4675,True,10,
17855,GMPSGFVGWV,4675,True,10,
17856,GSPRAFRGPF,4675,True,10,
17857,PAPSGWTASG,4675,True,10,
17858,RFPLGSRSIF,4675,True,10,
17859,GIPLGFRGTF,4675,True,10,
17860,QPPLGFKGET,4675,True,10,
17861,MRVLGLQSIG,4675,True,10,
17862,VPPSGFRSIL,4675,True,10,
17863,RMPYGMRSGY,4675,True,10,
17864,GLPDFMQGTV,4675,True,10,
17865,GTPFGQSSHT,4675,True,10,
17866,RQPSGFYGLY,4675,True,10,
17867,RAPLGLYSRK,4675,True,10,
17868,MIPRFLAGQH,4675,True,10,
17869,GVPSGVFGLR,4675,True,10,
17870,MAPDQMIGLV,4675,True,10,
17871,ALPTALYAPF,4675,True,10,
17872,TGPSGWTASG,4675,True,10,
17873,VGPSGFRANH,4675,True,10,
17874,GPPLGFQTAS,4675,True,10,
17875,VTPSGWTASG,4675,True,10,
17876,TMPSGWYNGL,4675,True,10,
17877,TIPSWSTSSH,4675,True,10,
17878,SGPSGWTATA,4675,True,10,
17879,GTPRGYQTAS,4675,True,10,
17880,SQPMGVYGQL,4675,True,10,
17881,APAQDLQGLG,4675,True,10,
17882,MPPLGQSTVT,4675,True,10,
17883,PGPSGWTASQ,4675,True,10,
17884,IPVFAMYAVG,4675,True,10,
17885,GAPLGIFTAS,4675,True,10,
17886,GRPRSYTASG,4675,True,10,
17887,TSPRAYSAMV,4675,True,10,
17888,NAPSGTTSGL,4675,True,10,
17889,GTPSGFLSNL,4675,True,10,
17890,APPLGQITIG,4675,True,10,
17891,LAPRQVFAWV,4675,True,10,
17892,LAPTGLQSPT,4675,True,10,
17893,TGPSGWTASG,4675,True,10,
17894,SVAFSLYAPL,4675,True,10,
17895,VSPLGLVGSK,4675,True,10,
17896,GLPDFLFGWS,4675,True,10,
17897,TGPSGWTASG,4675,True,10,
17898,AKPSGVHSQR,4675,True,10,
17899,KTPSGWISPY,4675,True,10,
17900,QPPMGFWSML,4675,True,10,
17901,GRPSGWSAGT,4675,True,10,
17902,RGPYGMFGKI,4675,True,10,
17903,PRVAHLYGMS,4675,True,10,
17904,GTPRGQISGA,4675,True,10,
17905,TAPSGFTASG,4675,True,10,
17906,RPPSSLSVTY,4675,True,10,
17907,KTPSGWAGVI,4675,True,10,
17908,GMPLGFWGIF,4675,True,10,
17909,GPPSGLFAHV,4675,True,10,
17910,MAPSGVTGNR,4675,True,10,
17911,GAPRMLAGKL,4675,True,10,
17912,AGPQGWRTMS,4675,True,10,
17913,TMPSGWTASQ,4675,True,10,
17914,PFPAGFRGAG,4675,True,10,
17915,TPPSHWIAVA,4675,True,10,
17916,TVPQAVIGLT,4675,True,10,
17917,PFPLGMTGTA,4675,True,10,
17918,ARPSGFRGWA,4675,True,10,
17919,SPPLGLFSMV,4675,True,10,
17920,SVPSGVYGMQ,4675,True,10,
17921,ATPSGNRAEL,4675,True,10,
17922,GLPTALRGAR,4675,True,10,
17923,KVPSGFTASG,4675,True,10,
17924,KPPSGFTGMS,4675,True,10,
17925,AGPVGPRGQL,4675,True,10,
17926,AKPAGWRNIQ,4675,True,10,
17927,SPPLGVHGKH,4675,True,10,
17928,VQPHGFFSPV,4675,True,10,
17929,HPPSGWIANY,4675,True,10,
17930,GAPSGWRTAS,4675,True,10,
17931,TVPWGQSGIQ,4675,True,10,
17932,AVPSGVYATS,4675,True,10,
17933,VSPKGFTSVF,4675,True,10,
17934,FTPKGMRDQV,4675,True,10,
17935,GAPAGVTASG,4675,True,10,
17936,GVPLGQSGIL,4675,True,10,
17937,AMARPLYREY,4675,True,10,
17938,TSPLGFSGPS,4675,True,10,
17939,PNPSGFRALT,4675,True,10,
17940,VGPSGVHSNF,4675,True,10,
17941,TMPLGQVGMS,4675,True,10,
17942,HPPLGFRGSF,4675,True,10,
17943,GVPRGVTASG,4675,True,10,
17944,VMPSGVLGSY,4675,True,10,
17945,TEPAQMRGPS,4675,True,10,
17946,GVPSGVYGIS,4675,True,10,
17947,TSVGALYGLI,4675,True,10,
17948,VAPAGVHGNF,4675,True,10,
17949,NVPIQIWGHT,4675,True,10,
17950,PSLGQFRGNL,4675,True,10,
17951,GHPSGWTSLG,4675,True,10,
17952,ATPSGNAGMF,4675,True,10,
17953,MGPSGFQGQF,4675,True,10,
17954,PGPSGVFYGR,4675,True,10,
17955,DGPKGQRSIK,4675,True,10,
17956,SMPWGMRGEG,4675,True,10,
17957,VSPLGVTSMH,4675,True,10,
17958,RPAQDLTASG,4675,True,10,known_sequence
17959,RMPRLQRSMF,4675,True,10,
17960,AGPAGFQGNI,4675,True,10,
17961,NAPINVKGLK,4675,True,10,
17962,RMPSGVTASG,4675,True,10,
17963,SAPLGITGNH,4675,True,10,
17964,MKPSGNYGTG,4675,True,10,
17965,AVPSGVYASG,4675,True,10,
17966,LDWQGMHSNS,4675,True,10,
17967,MSPWSVIALI,4675,True,10,
17968,GPPTGLFSTF,4675,True,10,
17969,GHPYGMRSTK,4675,True,10,
17970,TGALGLFGIR,4675,True,10,
17971,AVPSGWTASG,4675,True,10,
17972,IGPSGFRGGV,4675,True,10,
17973,TPPSHFLSTI,4675,True,10,
17974,EPVYAQRGLS,4675,True,10,
17975,TGPYGMRGSF,4675,True,10,
17976,MGPSGFTASG,4675,True,10,
17977,PVPAGVYGLQ,4675,True,10,
17978,PAPSGWRTNY,4675,True,10,
17979,ALPRAVMAMA,4675,True,10,
17980,PSPLGFHGNY,4675,True,10,
17981,GKPFGMRTAS,4675,True,10,
17982,NMPSEVRVPF,4675,True,10,
17983,YAPAGVRGRR,4675,True,10,
17984,KSPAGVTGVI,4675,True,10,
17985,GTPSAMQGTF,4675,True,10,
17986,YSPFGMTASG,4675,True,10,
17987,DPPSGWTASG,4675,True,10,
17988,GVPSGVRSWG,4675,True,10,
17989,KGPSGFRGVT,4675,True,10,
17990,LVPSGVFAPV,4675,True,10,
17991,REPFGMRGSV,4675,True,10,
17992,KIPSGFTASG,4675,True,10,
17993,KVPSGVYAWQ,4675,True,10,
17994,FMPLGQKGWV,4675,True,10,
17995,SAPMGVFGIQ,4675,True,10,
17996,GVPSGVYANW,4675,True,10,
17997,RMPRQVMAQF,4675,True,10,
17998,GAISPYSVMS,4675,True,10,
17999,GVPLGVYSQF,4675,True,10,
18000,ASPRKFRARQ,993,True,10,
18001,RSPKGWRAPA,993,True,10,
18002,MRPRKFWGMS,993,True,10,
18003,DMWRAFIAEG,993,True,10,
18004,KMVRAVRSHQ,993,True,10,
18005,RMPRQVFAET,993,True,10,
18006,PTVRGMHVER,993,True,10,
18007,GAPRAFYDIH,993,True,10,
18008,GKPVWMLSVS,993,True,10,
18009,TGPKLIKSIA,993,True,10,
18010,RGPQSLWGQS,993,True,10,
18011,AVPQWIQGIH,993,True,10,
18012,GPPVPMAGKA,993,True,10,
18013,GLPTALFTAS,993,True,10,
18014,MYPRKMSGTW,993,True,10,
18015,SRPRNVKSIF,993,True,10,
18016,FRPRPVIAPL,993,True,10,
18017,EWILRFYSML,993,True,10,
18018,VYPLGVIGWH,993,True,10,
18019,AFVGARYSWY,993,True,10,
18020,MVPRGVHSAI,993,True,10,
18021,REPAVYSGWI,993,True,10,
18022,IWLREYIKPT,993,True,10,
18023,HLPTALKSGY,993,True,10,
18024,AVPRAVTASG,993,True,10,
18025,RLPINLKAGY,993,True,10,
18026,YMVMRMHGNW,993,True,10,
18027,QARPRRSLIP,993,True,10,
18028,FTPRQMTSWG,993,True,10,
18029,AMPKGMRINI,993,True,10,
18030,ADPRSNTMPG,993,True,10,
18031,KRPTGLTSLS,993,True,10,
18032,CKPSKLWAGF,993,True,10,
18033,KNPKGMRSMF,993,True,10,
18034,AYPQAFRGAG,993,True,10,
18035,AQPRSWYGMW,993,True,10,
18036,PKPIGMFNVR,993,True,10,
18037,IPVVAGYSGS,993,True,10,
18038,HPPKSNRGVT,993,True,10,
18039,WCPGSMTASG,993,True,10,
18040,AIVRAVRSPW,993,True,10,
18041,FMPRAFTASG,993,True,10,
18042,IAPKGVKDRF,993,True,10,
18043,LMPRQVIGPF,993,True,10,
18044,PAWTPLPEYQ,993,True,10,
18045,VQPSGWVTSG,993,True,10,
18046,SPVKALYGWQ,993,True,10,
18047,PWRTARSVHR,993,True,10,
18048,AMVKEQAGQI,993,True,10,
18049,VIPRPVWSKA,993,True,10,
18050,GSRTLRSVPI,993,True,10,
18051,MNPRQVTVEA,993,True,10,
18052,PGPRAIKFEF,993,True,10,
18053,GDPKGMTTAS,993,True,10,
18054,TIPQWARGLA,993,True,10,
18055,ARPRSWFAHF,993,True,10,
18056,AGVSWLTASG,993,True,10,
18057,STVRGLWSTV,993,True,10,
18058,FMPRQVFSIA,993,True,10,
18059,PTPRSKASHI,993,True,10,
18060,ATWSAWIAVW,993,True,10,
18061,GVPRAWRAIY,993,True,10,
18062,MSVRGVRAWT,993,True,10,
18063,VRPRSYTGWI,993,True,10,
18064,PTARAWIAPQ,993,True,10,
18065,FHPRAFSGNV,993,True,10,
18066,DTPKLSKNIV,993,True,10,
18067,AMPKGMRYEY,993,True,10,
18068,KAVKGMWMWG,993,True,10,
18069,SLARAMIAMH,993,True,10,
18070,TSPVSLKSEG,993,True,10,
18071,ISPRQVLGNF,993,True,10,
18072,MGPRMLFAWF,993,True,10,
18073,RMPRQVHAMF,993,True,10,
18074,SIPQPMWNWG,993,True,10,
18075,HKPSNTASGW,993,True,10,
18076,IKPAPVWYPF,993,True,10,
18077,VVPSWLYALG,993,True,10,
18078,GIPRAFRTAS,993,True,10,
18079,VLPRVLMAPH,993,True,10,
18080,GDPKGMVTAS,993,True,10,
18081,GVPRGVKTAS,993,True,10,
18082,TFPIPMVSPF,993,True,10,
18083,VPVFWMTGIV,993,True,10,
18084,EPIWKLHSIF,993,True,10,
18085,PMPRQVYAIT,993,True,10,
18086,LMPKGNMAQI,993,True,10,
18087,IWPRGVKSMV,993,True,10,
18088,LGVSGLSVIW,993,True,10,
18089,PGVRAIYSVT,993,True,10,
18090,VMPKQVFAGI,993,True,10,
18091,YFYSSMWAMV,993,True,10,
18092,DTPKQMTSPA,993,True,10,
18093,FTPRGNISGF,993,True,10,
18094,KGPRAYSATG,993,True,10,
18095,HPPRSFHAGS,993,True,10,
18096,FGPRMLTASG,993,True,10,
18097,TPPRGVTASG,993,True,10,
18098,QEPRNVTASG,993,True,10,
18099,TMPRYLYSIQ,993,True,10,
18100,DVPRGVTAKG,993,True,10,
18101,GKPRAVSANT,993,True,10,
18102,ATPKGQISIG,993,True,10,
18103,SLYRAMYSIV,993,True,10,
18104,PQPRAVKGSF,993,True,10,
18105,VWGRALRGRT,993,True,10,
18106,DFVRAVLANW,993,True,10,
18107,GWPRQVTASG,993,True,10,
18108,PRPLYQKGSK,993,True,10,
18109,GPPRSYVNPH,993,True,10,
18110,PNGRAMVNEA,993,True,10,
18111,KSPSGWTAVT,993,True,10,
18112,GPVRAVIANL,993,True,10,
18113,KMPRSYKGPK,993,True,10,
18114,SPRYKRVSQL,993,True,10,
18115,ETIRGLWSMA,993,True,10,
18116,FAPRGSMVNR,993,True,10,
18117,FNPVAMYGKA,993,True,10,
18118,GHPRFMKVKG,993,True,10,
18119,MTPRGNTKGK,993,True,10,
18120,QAVRGMHGTH,993,True,10,
18121,QWAIHMRGWV,993,True,10,
18122,SGPKLLYSTA,993,True,10,
18123,PIPAWMWDLS,993,True,10,
18124,AVPKGVFAPQ,993,True,10,
18125,EVPRSHTGPQ,993,True,10,
18126,GYVRAHTATH,993,True,10,
18127,LPYNKYSQRG,993,True,10,
18128,TLPIAIWSEY,993,True,10,
18129,VKARGLWSIS,993,True,10,
18130,MVGRALMSWL,993,True,10,
18131,TPVGWMRSWV,993,True,10,
18132,DQPRSWTNPY,993,True,10,
18133,SAPLGMISAQ,993,True,10,
18134,KGPRQVPARP,993,True,10,
18135,WEARAMAGHW,993,True,10,
18136,ELVRGMTSNF,993,True,10,
18137,YPVGWMGTGY,993,True,10,
18138,EAPRMLSGAQ,993,True,10,
18139,YSPRGVTASG,993,True,10,
18140,LAPRYWMGQR,993,True,10,
18141,PVPRAVSVMG,993,True,10,
18142,RSPKLMISWG,993,True,10,
18143,RFPASLHSMY,993,True,10,
18144,AVPVQLRGGT,993,True,10,
18145,IVPSWVTGHR,993,True,10,
18146,AHPVSMINPV,993,True,10,
18147,DYPSGMTVIS,993,True,10,
18148,VGPVFLYGQG,993,True,10,
18149,TMPRQVTASG,993,True,10,
18150,GVPSGVTASG,993,True,10,
18151,FTPRKMAGKW,993,True,10,
18152,SIPRPVLSWY,993,True,10,
18153,WGPRGVHAWI,993,True,10,
18154,AQPRAWTASG,993,True,10,
18155,RAGRALKSAF,993,True,10,
18156,TYPKGMSVRA,993,True,10,
18157,LRSPEKALYT,993,True,10,
18158,KTPKGNTSNF,993,True,10,
18159,TAPAWIYSQR,993,True,10,
18160,GPPRSWTASG,993,True,10,
18161,GVPRAVKSNT,993,True,10,
18162,AGPRTIVART,993,True,10,
18163,PIWSSLPGPS,993,True,10,
18164,APRPSRSVTV,993,True,10,
18165,RPVAWLKGHW,993,True,10,
18166,RKVRNRTASG,993,True,10,
18167,NMWRAFRDSA,993,True,10,
18168,CLPRAVRSVS,993,True,10,
18169,VAPKGSKSEI,993,True,10,
18170,GPVAWFVSAI,993,True,10,
18171,GTPRSWAGMY,993,True,10,
18172,DGPRAMYTAS,993,True,10,
18173,ALPKLIWSVA,993,True,10,
18174,PKPVQMQSAK,993,True,10,
18175,APTRWLTASG,993,True,10,
18176,SWPRIMSALH,993,True,10,
18177,LKPLRTSSTK,993,True,10,
18178,GMPKRVTASG,993,True,10,
18179,RSPRAITASG,993,True,10,
18180,EPGLALYSWT,993,True,10,
18181,RKPAPMIGMW,993,True,10,
18182,GTPRGVKSWQ,993,True,10,
18183,PRVRAVTASG,993,True,10,
18184,PYVRGMRANL,993,True,10,
18185,TRPSWVHGIY,993,True,10,
18186,MLPRAVFGEG,993,True,10,
18187,VFPRGSGTAY,993,True,10,
18188,FAPRSMTASG,993,True,10,
18189,GHVYWMRSNA,993,True,10,
18190,MSPRQVTSPL,993,True,10,
18191,ATPAGWKGQW,993,True,10,
18192,PQARAMYGVT,993,True,10,
18193,VMPRSFSGPA,993,True,10,
18194,VYWGNMRSRF,993,True,10,
18195,YAPRGSMSVW,993,True,10,
18196,AAVAGQMSNI,993,True,10,
18197,SVPVWMTASG,993,True,10,
18198,RIPVGIRSNL,993,True,10,
18199,ELYRSMISPK,993,True,10,
18200,AVPIPIHGRI,993,True,10,
18201,MTRPRRPARP,993,True,10,
18202,RAPVAFTGKL,993,True,10,
18203,VWPVGMKSTF,993,True,10,
18204,GVPVAVLGPH,993,True,10,
18205,YNVRGMHATF,993,True,10,
18206,VTPRGNAYQW,993,True,10,
18207,PSMHSLKGPI,993,True,10,
18208,VWPREVKGHY,993,True,10,
18209,KEPRNYIVTQ,993,True,10,
18210,VSVQGIHVQG,993,True,10,
18211,SRPRAMHGNW,993,True,10,
18212,SGPKNYSVTA,993,True,10,
18213,ITPKGMRGPK,993,True,10,
18214,TWPREVAGPG,993,True,10,
18215,RVPRGVTVLG,993,True,10,
18216,YPVYWMRSQG,993,True,10,
18217,AEMRAMHAQP,993,True,10,
18218,PDPRQVTASG,993,True,10,
18219,VLPRTLMSPQ,993,True,10,
18220,KRPKGVMSKF,993,True,10,
18221,MDPSGMTVPT,993,True,10,
18222,IRPRSWRGLL,993,True,10,
18223,QPVKGMYSTG,993,True,10,
18224,TRPRGVKTYI,993,True,10,
18225,AVPRAVKGAQ,993,True,10,
18226,QPTRSLASHS,993,True,10,
18227,VRPRAMTASG,993,True,10,
18228,NQPMAFKAHL,993,True,10,
18229,APNMPRSVPI,993,True,10,
18230,WVPKGVRMQW,993,True,10,
18231,AFPASWSGWL,993,True,10,
18232,VPVRGLYGAH,993,True,10,
18233,SPFLHMRYRK,993,True,10,
18234,RQPRLYASPK,993,True,10,
18235,TGSPWMTASG,993,True,10,
18236,VTPRGVQSPS,993,True,10,
18237,KVPRQVQASK,993,True,10,
18238,RVPKSVFANW,993,True,10,
18239,GMPRAYHAIS,993,True,10,
18240,GVPRAVMSPF,993,True,10,
18241,MTPRSWRDAG,993,True,10,
18242,KSPVQLHSHV,993,True,10,
18243,VTPRYKYGNI,993,True,10,
18244,QVPVWMTGWL,993,True,10,
18245,TSPVAMIAWG,993,True,10,
18246,GQVFWMYSML,993,True,10,
18247,SCVFEFTASG,993,True,10,
18248,KTPKQMTVKS,993,True,10,
18249,AQPTGFTASG,993,True,10,
18250,RSPVQMRSHL,993,True,10,
18251,MLGRALTASG,993,True,10,
18252,RGPASLYSPI,993,True,10,
18253,WPVAWLKSNG,993,True,10,
18254,NLPRAVSDVK,993,True,10,
18255,VIPRPVSMEK,993,True,10,
18256,HPGRAMHSHW,993,True,10,
18257,PTPVENRGQH,993,True,10,
18258,PNAVGAPGIP,993,True,10,
18259,MQPVQMRNAF,993,True,10,
18260,DLVRAFYGRF,993,True,10,
18261,ANPKSLVSPG,993,True,10,
18262,CIPYALAGQV,993,True,10,
18263,EHPKLIRSVL,993,True,10,
18264,YKPVYYRAPQ,993,True,10,
18265,VRPKMYHGLV,993,True,10,
18266,PKPIGQNGIS,993,True,10,
18267,TWPVEGRSPG,993,True,10,
18268,TFPRAFISGV,993,True,10,
18269,CWPRGQVTPR,993,True,10,
18270,GNPAGFKSNR,993,True,10,
18271,KRPKSLYSVW,993,True,10,
18272,GKPRAVWSKA,993,True,10,
18273,GMVRGVTASG,993,True,10,known_sequence
18274,IPVRAVSANW,993,True,10,
18275,IGPRAIKGPH,993,True,10,
18276,SNPFGMKGQS,993,True,10,
18277,YIPRQVISEL,993,True,10,
18278,YVPSGWRTAT,993,True,10,
18279,SRPRTLKSHW,993,True,10,
18280,PIVRAVRSPK,993,True,10,
18281,GPYASMVSGV,993,True,10,
18282,ERPYSWRAQA,993,True,10,
18283,NMVYMLIAWK,993,True,10,
18284,RIPVHMQDLF,993,True,10,
18285,IARVGRGTEY,993,True,10,
18286,SAPAGVIVWG,993,True,10,
18287,VMPKQMSDQG,993,True,10,
18288,GRPRDILSWV,993,True,10,
18289,IFVRAHISHG,993,True,10,
18290,KQPAGVKGVS,993,True,10,
18291,RYPRSYTVHQ,993,True,10,
18292,VGPRTLVSEH,993,True,10,
18293,GTQRGMYTAS,993,True,10,
18294,LQPFGVKTPF,993,True,10,
18295,VPVMGFQANI,993,True,10,
18296,GTPRQVRTAS,993,True,10,
18297,LMPRAVTASG,993,True,10,
18298,FTPKGMVNQK,993,True,10,
18299,GEIRAMYSWK,993,True,10,
18300,GTPIELYGPY,993,True,10,
18301,VDPSGQTVGT,993,True,10,
18302,FRPMDQRSAW,993,True,10,
18303,NFPRGVTASG,993,True,10,
18304,YTRVMRLAMQ,993,True,10,
18305,GLPRAVFGKL,993,True,10,
18306,TPPRGVFSTH,993,True,10,
18307,KYPRAFSATI,993,True,10,
18308,FQPRAVRAQL,993,True,10,
18309,VSPRGYTASG,993,True,10,
18310,WGPRSYIAYT,993,True,10,
18311,GSPVAFYATA,993,True,10,
18312,GQPVPMYAPT,993,True,10,
18313,MIPRQVTASG,993,True,10,
18314,FAPRAFHVQK,993,True,10,
18315,HGMRAMYSPH,993,True,10,
18316,PYVAGMYSWV,993,True,10,
18317,LRPRSWSTVT,993,True,10,
18318,IGPAKLWSWF,993,True,10,
18319,AIPRPVMAPG,993,True,10,
18320,SMWRAFTASG,993,True,10,
18321,ARPRPITGVG,993,True,10,
18322,GPIYAWVAIK,993,True,10,
18323,GMPRKVATAS,993,True,10,
18324,YPVMAMSGNH,993,True,10,
18325,GVPRAVLSGR,993,True,10,
18326,MIPAWLYSPQ,993,True,10,
18327,MARPKRSVPI,993,True,10,
18328,QVPKGVTVTW,993,True,10,
18329,AKPVWMRSRL,993,True,10,
18330,GFPRAFATAS,993,True,10,
18331,KPVRAVYARH,993,True,10,
18332,AKPVGLISGF,993,True,10,
18333,AKPRQVIAVF,993,True,10,
18334,NAPAKMLGTW,993,True,10,
18335,IVPVWMLGPG,993,True,10,
18336,GNPAGVFTAS,993,True,10,
18337,GRPRSYTASG,993,True,10,
18338,LMVRGVQRHF,993,True,10,
18339,PVPRLWKGKH,993,True,10,
18340,KIPVGRDVNS,993,True,10,
18341,TEPRNVFYNV,993,True,10,
18342,ARPRSYTKPW,993,True,10,
18343,IGPRFIQSPG,993,True,10,
18344,GQPRTLATAS,993,True,10,
18345,VDPKGMVYNY,993,True,10,
18346,QLVAWLKSNY,993,True,10,
18347,LVPRATWSAK,993,True,10,
18348,TGPKSMVYWR,993,True,10,
18349,PAGIALFSKR,993,True,10,
18350,VNPSWITSHY,993,True,10,
18351,KDPRAVAVNM,993,True,10,
18352,STPRAWMALS,993,True,10,
18353,VAVSWQTSRL,993,True,10,
18354,GRPRSYRSGA,993,True,10,
18355,GPRSPRSPVP,993,True,10,
18356,YGPRAFHDTS,993,True,10,
18357,YVPRAVTASG,993,True,10,
18358,KAPRGQLVEY,993,True,10,
18359,VQPRTLVAHG,993,True,10,
18360,KSPRKYQNPV,993,True,10,
18361,MAPRAVQANA,993,True,10,
18362,WIPYQLHGNL,993,True,10,
18363,FVPRGVRSNS,993,True,10,
18364,PKPAPWVAWA,993,True,10,
18365,KMPSGWTATW,993,True,10,
18366,RVPRGVTASG,993,True,10,
18367,AFPLGYQSGI,993,True,10,
18368,LMPRSYASGF,993,True,10,
18369,EQPAQMKGHV,993,True,10,
18370,KTPRQVFSMY,993,True,10,
18371,PRPQWYADHG,993,True,10,
18372,VGVGHMLATW,993,True,10,
18373,PSPRKVIGPF,993,True,10,
18374,MYVAGMASPY,993,True,10,
18375,KSPRGYTASG,993,True,10,
18376,RKPVNYISWS,993,True,10,
18377,FKPRNYIAGF,993,True,10,
18378,PAVRAVISVT,993,True,10,
18379,TRVMLMIGPL,993,True,10,
18380,KIPTSLSAIS,993,True,10,
18381,RAPSGVFAEG,993,True,10,
18382,ICPRSWTNLG,993,True,10,
18383,GAPRAVYTAS,993,True,10,
18384,MVPKGVTASG,993,True,10,
18385,RGPVGNRGMF,993,True,10,
18386,PAPRGNASYT,993,True,10,
18387,YEPRNYVGPA,993,True,10,
18388,GTPRSRTVEI,993,True,10,
18389,KGPRLYQSWR,993,True,10,
18390,KYGRALYGTS,993,True,10,
18391,YRPRDILGLS,993,True,10,
18392,KRPVYLHAIV,993,True,10,
18393,PNPAKMIGQW,993,True,10,
18394,TRPKLVHSMS,993,True,10,
18395,AKPSGWTASG,993,True,10,
18396,NVPRGYKTMF,993,True,10,
18397,SNPIMLTGRS,993,True,10,
18398,GIPRAVKSWH,993,True,10,
18399,PNPRQYRGIW,993,True,10,
18400,CAPHLLQDRY,1898,True,10,
18401,WMGEPGRVGP,1898,True,10,
18402,DALGEMYDEV,1898,True,10,
18403,VTPMAFVDSA,1898,True,10,
18404,FYTPFYIYKM,1898,True,10,
18405,VKPAPWLDES,1898,True,10,
18406,VKPSEYTASG,1898,True,10,
18407,AKTASLWDTV,1898,True,10,
18408,RGPSLYADNA,1898,True,10,
18409,PWPAPFWDNA,1898,True,10,
18410,LKPLSQSTQF,1898,True,10,
18411,YTPLQYTDSQ,1898,True,10,
18412,RGPSMLWDPF,1898,True,10,
18413,YAPASFSDES,1898,True,10,
18414,PSPRAYTASG,1898,True,10,
18415,TAPIPFTDNQ,1898,True,10,
18416,WPFAELWSHA,1898,True,10,
18417,NHPMAYWDPV,1898,True,10,
18418,PMARPLWDSG,1898,True,10,
18419,TYPMAFIDGQ,1898,True,10,
18420,HRYMSMWDSL,1898,True,10,
18421,YDPLPQYVTG,1898,True,10,
18422,LEAPDIMDEA,1898,True,10,
18423,AVPSASVDQS,1898,True,10,
18424,GNPRSHTASG,1898,True,10,
18425,CRPSPFTDEK,1898,True,10,
18426,VGPSKYTDEA,1898,True,10,
18427,NMPRNVWDKG,1898,True,10,
18428,RAPVAFYDEF,1898,True,10,
18429,WKPAPWILEF,1898,True,10,
18430,IRPAQMKDSV,1898,True,10,
18431,MTPLEVADWR,1898,True,10,
18432,ESGRALHAGT,1898,True,10,
18433,RQPASWVDIW,1898,True,10,
18434,PMAWQMRDHW,1898,True,10,
18435,WYPKLMSDAG,1898,True,10,
18436,KMPAPFWDQF,1898,True,10,
18437,KFPLPSHDLQ,1898,True,10,
18438,QAPSPFYDPI,1898,True,10,
18439,PMPSAYHDTQ,1898,True,10,
18440,KYPADMRDWG,1898,True,10,
18441,DYPMAFTDEG,1898,True,10,
18442,MRPFAFTDKW,1898,True,10,
18443,WPYFELRGHA,1898,True,10,
18444,PIALHWSDGY,1898,True,10,
18445,WVGPIGQLPE,1898,True,10,
18446,RIPASFTDAF,1898,True,10,
18447,ADPLNFADTY,1898,True,10,
18448,PIVAWFTDSV,1898,True,10,
18449,LFNIPSKFIL,1898,True,10,
18450,PKGYAMHDWF,1898,True,10,
18451,RKVMAYTDET,1898,True,10,
18452,WVPLNREDVT,1898,True,10,
18453,LYPGPFQMPI,1898,True,10,
18454,KLFALPADIF,1898,True,10,
18455,SRPLNYADIY,1898,True,10,
18456,FGPSRFSDPA,1898,True,10,
18457,RPPEPMYDGF,1898,True,10,
18458,KGPHLMHTSR,1898,True,10,
18459,GWPMNQHTAS,1898,True,10,
18460,RYVFELYDPI,1898,True,10,
18461,TDAYAMYDVA,1898,True,10,
18462,LQPSAFTAQI,1898,True,10,
18463,ESFRALTDWY,1898,True,10,
18464,INPISFRAVY,1898,True,10,
18465,DRPASFSDTI,1898,True,10,
18466,SGPRAVFTTA,1898,True,10,
18467,PCPAPLWDWF,1898,True,10,
18468,WFPLAFTASG,1898,True,10,
18469,YAPRTISDSW,1898,True,10,
18470,YHPSASMDHV,1898,True,10,
18471,VPPKLITDSL,1898,True,10,
18472,ITPLEVRDAA,1898,True,10,
18473,AERPYRSTGS,1898,True,10,
18474,YSPASWTDQT,1898,True,10,
18475,MFPQSWTASG,1898,True,10,
18476,SRPLNYSDEG,1898,True,10,
18477,SCPTGLADWI,1898,True,10,
18478,SIPTAFTDEF,1898,True,10,
18479,TRPIELYDST,1898,True,10,
18480,SFPDSYTDGT,1898,True,10,
18481,GIPVPFLDIS,1898,True,10,
18482,PNFETMAFGF,1898,True,10,
18483,MWPSEVRVGY,1898,True,10,
18484,EGVSWMWSGV,1898,True,10,
18485,HPYASMVAEG,1898,True,10,
18486,YGPASYQDKA,1898,True,10,
18487,EGPKLIADTI,1898,True,10,
18488,GQPRSHTLKY,1898,True,10,
18489,PLPTAFVDGT,1898,True,10,
18490,DAPYTLWDTI,1898,True,10,
18491,WFRTPKSKEP,1898,True,10,
18492,YGPFPMWDGA,1898,True,10,
18493,VNPSRFTASG,1898,True,10,
18494,WHPLPFRDHR,1898,True,10,
18495,RLARPLWNPI,1898,True,10,
18496,TPYGELRAGH,1898,True,10,
18497,CPTRALTDAL,1898,True,10,
18498,YVPSWVTASG,1898,True,10,
18499,FEPRAYRDHA,1898,True,10,
18500,YRPLEYRDNQ,1898,True,10,
18501,MAPSAFSDEL,1898,True,10,
18502,LWTRPCEVTF,1898,True,10,
18503,LGPAPFWDPH,1898,True,10,
18504,FPALNFRDHF,1898,True,10,
18505,LSRQKGSWIP,1898,True,10,
18506,HWPIELYDNT,1898,True,10,
18507,LTPVELYDGH,1898,True,10,
18508,QKPSEVTDQS,1898,True,10,
18509,GRPMAFSDTH,1898,True,10,
18510,IMPLQYKDNF,1898,True,10,
18511,DRPASMQDWV,1898,True,10,
18512,SPYLAYTVTF,1898,True,10,
18513,VFYGELRATV,1898,True,10,
18514,GHPYSWRTAS,1898,True,10,
18515,LSPLAQSDSG,1898,True,10,
18516,KEPNRYTDEA,1898,True,10,
18517,RCPTAFRDGV,1898,True,10,
18518,KYVYPLQDTV,1898,True,10,
18519,GKGMPMWDRQ,1898,True,10,
18520,DFPVPFHDTF,1898,True,10,
18521,AYPWAFSDNR,1898,True,10,
18522,KCQPFEVFPY,1898,True,10,
18523,NFALHFVDIG,1898,True,10,
18524,SGPLPFTDTA,1898,True,10,
18525,GGPMPMAVPH,1898,True,10,
18526,CGPQPFWDGA,1898,True,10,
18527,DAPYPLWDAV,1898,True,10,
18528,RFPLKVTASG,1898,True,10,
18529,RKPLPYVDQL,1898,True,10,
18530,WRAYNFADVT,1898,True,10,
18531,EGPYPMWDGV,1898,True,10,
18532,SWALAFADES,1898,True,10,
18533,LRPAQMKDPL,1898,True,10,
18534,RNPLKYMDRA,1898,True,10,
18535,AIPNPLWAQF,1898,True,10,
18536,WSPQSWTDLG,1898,True,10,
18537,LKPASVIDPK,1898,True,10,
18538,LRPLAFSDEA,1898,True,10,
18539,RLPINYADEL,1898,True,10,
18540,FPPLNSTDPS,1898,True,10,
18541,TLPYAFHDIS,1898,True,10,
18542,RHPAKFTDKA,1898,True,10,
18543,GPAYNFYDNQ,1898,True,10,
18544,LPCPLQRGPV,1898,True,10,
18545,YGPIPMWDEA,1898,True,10,
18546,VYPASFLDVW,1898,True,10,
18547,AMPSALDAIL,1898,True,10,
18548,YEPGLMRDEY,1898,True,10,
18549,DAPTAFLDHF,1898,True,10,
18550,LSPLTMYTAS,1898,True,10,
18551,KRPLQYRDTI,1898,True,10,
18552,KGPLPFWDQS,1898,True,10,
18553,TMPYQLIDET,1898,True,10,
18554,IGPFSNADTV,1898,True,10,
18555,VRPASYTDEA,1898,True,10,
18556,RPPLAFYDEV,1898,True,10,
18557,YNTLPAWYGL,1898,True,10,
18558,KEPLTAQESG,1898,True,10,
18559,NVPLNSHDMK,1898,True,10,
18560,GAPSDFVTAS,1898,True,10,
18561,SQPLAFIDGW,1898,True,10,
18562,FVPSAIFYKF,1898,True,10,
18563,ACHPVAGFRA,1898,True,10,
18564,ARVLPLWLHP,1898,True,10,
18565,RHPYKSGYIY,1898,True,10,
18566,LVPVSQHDAV,1898,True,10,
18567,WSPAEFKDSH,1898,True,10,
18568,FRPHAFTDGS,1898,True,10,
18569,YEPSAYDRSV,1898,True,10,
18570,GSPTAFIDEF,1898,True,10,
18571,MVPRGVQVEG,1898,True,10,
18572,QHPYQSIDTA,1898,True,10,
18573,HRPAPFTDAL,1898,True,10,
18574,RIPVPYMDWI,1898,True,10,
18575,LMPRSYFDWL,1898,True,10,
18576,RFALNFYDEI,1898,True,10,
18577,HGPLPVYTVA,1898,True,10,
18578,IMPLNYHDPT,1898,True,10,
18579,CQPRAFALAA,1898,True,10,
18580,KRPSAYKDHG,1898,True,10,
18581,CSPFRFLGPL,1898,True,10,
18582,LVTRAMADSH,1898,True,10,
18583,HRPSPFADNS,1898,True,10,
18584,YMPRVLHALV,1898,True,10,
18585,VMCEPNIVGF,1898,True,10,
18586,RAPVAFQDPV,1898,True,10,
18587,RYPRAFYDPR,1898,True,10,
18588,KSPSTLYDNV,1898,True,10,
18589,WYPLTIVDGS,1898,True,10,
18590,PGALPFWDEY,1898,True,10,
18591,YKAYAQVVKG,1898,True,10,
18592,VEPARFYAVA,1898,True,10,
18593,QDPIEFRDNF,1898,True,10,
18594,SELFTLSVPG,1898,True,10,
18595,TGPKAFTDTH,1898,True,10,
18596,FRPEAYTDIQ,1898,True,10,
18597,MHPSAYADVI,1898,True,10,
18598,RAPAFMLDAH,1898,True,10,
18599,VRPSAFADHI,1898,True,10,
18600,QYPVPFWDQV,1898,True,10,
18601,KGRTYRLPLF,1898,True,10,
18602,RSPLMMSDSY,1898,True,10,
18603,WVEFAPYSHG,1898,True,10,
18604,VMPRQVRDEH,1898,True,10,
18605,KAPLPVTDQW,1898,True,10,
18606,DGVFELVDGI,1898,True,10,
18607,KPWRSLYDWF,1898,True,10,
18608,PNPLEYRDNW,1898,True,10,
18609,VPGEPFPDLK,1898,True,10,
18610,PWAQELRDQA,1898,True,10,
18611,HGPSMLFDAG,1898,True,10,
18612,RFPLMYLDES,1898,True,10,
18613,YWPSKMADSH,1898,True,10,
18614,KRPAPVHNGV,1898,True,10,
18615,RWAQAFYDPI,1898,True,10,
18616,GFPLESRDGL,1898,True,10,
18617,YSHRQMRAEV,1898,True,10,
18618,PGPLPVAYNI,1898,True,10,
18619,VGPSTLVAQG,1898,True,10,
18620,YSPMDYSDGY,1898,True,10,
18621,WKPKLTRTVF,1898,True,10,
18622,IGVPGSPMEI,1898,True,10,
18623,MIPARFSDPY,1898,True,10,
18624,RTPVAFHDEI,1898,True,10,
18625,MKPVNYRDET,1898,True,10,
18626,YLPSAIWDET,1898,True,10,
18627,IYVFPLGDAW,1898,True,10,
18628,ATEVSAKLPR,1898,True,10,
18629,AYPLPFHDQI,1898,True,10,
18630,FRSPAYAYQL,1898,True,10,
18631,KYPLPSTVTA,1898,True,10,
18632,LFARAMSDTS,1898,True,10,
18633,KFPASFTDTA,1898,True,10,
18634,MYAIPTVDPV,1898,True,10,
18635,VRPEPFQANT,1898,True,10,
18636,ENPRQVADPG,1898,True,10,
18637,HMYGPLVAQF,1898,True,10,
18638,RKPLAYVDTV,1898,True,10,
18639,PKWVPMLSQI,1898,True,10,
18640,DETFPSPDGP,1898,True,10,
18641,GTPSKVTDPG,1898,True,10,
18642,HKPAHVSDAG,1898,True,10,
18643,AFYSELWDEL,1898,True,10,
18644,DGPYKMRDGF,1898,True,10,
18645,GWPAEFTDSA,1898,True,10,
18646,LMPFYQRDSA,1898,True,10,
18647,TIPFPFWDAL,1898,True,10,
18648,KWDGPPWRTP,1898,True,10,
18649,WKPSEYHDAF,1898,True,10,
18650,WMPRQVTDGT,1898,True,10,
18651,KAPLNVADNR,1898,True,10,
18652,WLAFAMTAGH,1898,True,10,
18653,GSPVPFWDSL,1898,True,10,
18654,NKPAPWYQEI,1898,True,10,
18655,VHPSAQGDVR,1898,True,10,
18656,MKPVNMLSGS,1898,True,10,
18657,WSPMSYQDSV,1898,True,10,
18658,GSPLPFTDIL,1898,True,10,
18659,RRPASMYDTV,1898,True,10,
18660,FPWGSMRAPG,1898,True,10,
18661,DFPLDFTASG,1898,True,10,
18662,HIPMAYTDHY,1898,True,10,
18663,KAPLPSVDRF,1898,True,10,
18664,YRPRTYFDGF,1898,True,10,
18665,IRPWAFYDAS,1898,True,10,
18666,MYPFSYTAGA,1898,True,10,
18667,PKPSELWDNA,1898,True,10,
18668,NVPYQVQSEG,1898,True,10,
18669,WKPSAQTDSI,1898,True,10,
18670,GFCPLWRSQL,1898,True,10,
18671,HDAFNMTASG,1898,True,10,
18672,AKPLPFADSF,1898,True,10,
18673,PIPLHFHDAG,1898,True,10,
18674,GTPLEVHTAS,1898,True,10,
18675,WSPSAYTDIG,1898,True,10,
18676,WHIA,1898,True,4,length
18677,KRAIPMWDTF,1898,True,10,
18678,RGPVAYTDAG,1898,True,10,
18679,SGPLPWQDTA,1898,True,10,
18680,TVPRAWQSNG,1898,True,10,
18681,YTPLPFADGA,1898,True,10,
18682,VRPEAFLDEG,1898,True,10,
18683,GFPLERTASG,1898,True,10,
18684,YHPASFTDET,1898,True,10,
18685,RPPLAFIDGV,1898,True,10,
18686,MWYIPQFLQA,1898,True,10,
18687,VGPLPFWDEF,1898,True,10,
18688,KPPLAYTDHK,1898,True,10,
18689,EWPASWTASG,1898,True,10,
18690,RGPSAYTDMI,1898,True,10,
18691,RFPLMYTDGA,1898,True,10,
18692,SPALDMRYSQ,1898,True,10,
18693,KVPARQIDEH,1898,True,10,
18694,SAPLYFLDPW,1898,True,10,
18695,PLYMFLFDSA,1898,True,10,
18696,VFPFAFQDNY,1898,True,10,
18697,NYPRSFSDTI,1898,True,10,
18698,KPPLNYDANL,1898,True,10,
18699,HQPLGYTDGS,1898,True,10,
18700,AWSLPLWQVK,1898,True,10,
18701,MHWLPFYAPV,1898,True,10,
18702,YIWLPADLFW,1898,True,10,
18703,RPPSSFQDEL,1898,True,10,
18704,TPCEIALHQG,1898,True,10,
18705,WAPLKFSDRK,1898,True,10,
18706,GVPRAVHDIF,1898,True,10,
18707,RILRAVMVQA,1898,True,10,
18708,FAPRSYVTRL,1898,True,10,
18709,WVPVELQDEW,1898,True,10,
18710,RIPYKYADEV,1898,True,10,
18711,FYPLSYQDEY,1898,True,10,
18712,IYPVPFWDRG,1898,True,10,
18713,DEPLEVHDHK,1898,True,10,
18714,FTAYPMTASG,1898,True,10,
18715,RHPLVYLDQH,1898,True,10,
18716,EMPLPQYDEW,1898,True,10,
18717,RLPVAITDPF,1898,True,10,
18718,ELPTAFYDAW,1898,True,10,
18719,KAPLGVRDIA,1898,True,10,
18720,WVPSDLHDPG,1898,True,10,
18721,EFDPVADQMP,1898,True,10,
18722,KFPQPFSDWV,1898,True,10,
18723,LPPLAFTDGS,1898,True,10,
18724,IASLPLEDGV,1898,True,10,
18725,YWSRAMYVML,1898,True,10,
18726,HIPSAVTDSV,1898,True,10,
18727,WTARQMTSWG,1898,True,10,
18728,IRPEAYADRK,1898,True,10,
18729,ARPLQYTDEK,1898,True,10,
18730,AWPSEVQDHG,1898,True,10,
18731,GVPLNVFTAS,1898,True,10,
18732,RYPLNSQVEA,1898,True,10,
18733,HSPWFYMDVI,1898,True,10,
18734,SYPRAYSDSA,1898,True,10,
18735,YWHPTVGQPS,1898,True,10,
18736,WGPSTLHDQG,1898,True,10,
18737,RLILNWTASG,1898,True,10,
18738,TWPLEVRTHG,1898,True,10,
18739,RGPSVFTDVG,1898,True,10,
18740,LFPFEVIDWA,1898,True,10,
18741,VWPSEFIDEG,1898,True,10,
18742,KWPARFSDPA,1898,True,10,
18743,ESPLEVHDGK,1898,True,10,
18744,GRPFSYRDMT,1898,True,10,
18745,RYPWAQSDTI,1898,True,10,
18746,YFPLAFIDGR,1898,True,10,
18747,SRPLNSADEG,1898,True,10,
18748,LRPEFYFDAS,1898,True,10,
18749,MNPASMRDHV,1898,True,10,
18750,GIPFPFMDGY,1898,True,10,
18751,GIQPFPLDEG,1898,True,10,
18752,WTPSAMTDGS,1898,True,10,
18753,MKPLNSHDQG,1898,True,10,
18754,RFPLKYAYQL,1898,True,10,
18755,WIPSAISDEL,1898,True,10,
18756,KIAFPLFDVR,1898,True,10,
18757,QGPFPMWDNS,1898,True,10,
18758,LYPASFSDTK,1898,True,10,
18759,AERSVRYDYS,1898,True,10,
18760,GLVAEVPGSY,1898,True,10,
18761,WPAQDMFDGH,1898,True,10,
18762,RIPFPFWDGS,1898,True,10,
18763,GGPFPFWDES,1898,True,10,
18764,GRPRTVWDEF,1898,True,10,
18765,WKPSELWVHS,1898,True,10,
18766,AEPRNYLDSF,1898,True,10,
18767,DWPSPFWDGA,1898,True,10,
18768,EVFGAMTAKA,1898,True,10,
18769,RDPLSITASG,1898,True,10,
18770,MEPLGYEMRA,1898,True,10,
18771,WSPAKMADGF,1898,True,10,
18772,HGPFAMSDEG,1898,True,10,
18773,LEAWPMYATI,1898,True,10,
18774,YIPFPFDARA,1898,True,10,
18775,RMPFQFWDKY,1898,True,10,
18776,YQGSELHDPS,1898,True,10,
18777,MHPLPFRDTA,1898,True,10,
18778,KRPLTYADHT,1898,True,10,
18779,RVPAQVIDHI,1898,True,10,
18780,DIPRPVMDEW,1898,True,10,
18781,MPPSAFSDGV,1898,True,10,
18782,SFPSAYWDQV,1898,True,10,
18783,EWGPFPLGVW,1898,True,10,
18784,GIPLPAVDTR,1898,True,10,
18785,AFPLMYTDNH,1898,True,10,
18786,SKPAPWIDRV,1898,True,10,
18787,IRPVAYSDNY,1898,True,10,
18788,VFPHMLWDSI,1898,True,10,
18789,RLWRALSDES,1898,True,10,
18790,WRPAQMRDPL,1898,True,10,
18791,EYPLESRDPY,1898,True,10,
18792,QMWRAYTDTL,1898,True,10,
18793,IPEPLSHIGQ,1898,True,10,
18794,FYPWASTDVA,1898,True,10,
18795,VFPLNFMDGH,1898,True,10,
18796,LSPVQMTASG,1898,True,10,
18797,VIPMSVRTGG,1898,True,10,
18798,GYFPTQEIRG,1898,True,10,
18799,KYPLNSTDEG,1898,True,10,
18800,RVPRGVTYAI,2376,True,10,
18801,KYPRAFRGNY,2376,True,10,
18802,PAHFAMRGNW,2376,True,10,
18803,KQPRAVWGPS,2376,True,10,
18804,QAPRYWAYQI,2376,True,10,
18805,QIPRPVIYSR,2376,True,10,
18806,FEPRNVIGPA,2376,True,10,
18807,TGPVPMWMNY,2376,True,10,
18808,QGPRSWISWI,2376,True,10,
18809,YMPRVYSNEQ,2376,True,10,
18810,HLPRAVWDHL,2376,True,10,
18811,VQPRGLSDKF,2376,True,10,
18812,TQPRAMFDGW,2376,True,10,
18813,GSPRWLMTAS,2376,True,10,
18814,SFPKGMRTNK,2376,True,10,
18815,WNPRGMVNPI,2376,True,10,
18816,NAPRGVKDQL,2376,True,10,
18817,KTPRGNTGKI,2376,True,10,
18818,MVPRAVMAPW,2376,True,10,
18819,LTPRYWQNAL,2376,True,10,
18820,HLPRAVWGAI,2376,True,10,
18821,AVPRGNRGRV,2376,True,10,
18822,RKPAPWRGRG,2376,True,10,
18823,QDPRSWRTNR,2376,True,10,
18824,KTPRNVAGWA,2376,True,10,
18825,PSPRFLRGNR,2376,True,10,
18826,GNPRGMLSTV,2376,True,10,
18827,VEPRNVQGRS,2376,True,10,
18828,ANPRGQMSWG,2376,True,10,
18829,RGPRSYRDWV,2376,True,10,
18830,LKPRYWTASG,2376,True,10,
18831,CAPRNISGPS,2376,True,10,
18832,EDKPSRWVPS,2376,True,10,
18833,ATPRGNRGPT,2376,True,10,
18834,LVPRGVLSGW,2376,True,10,
18835,GSPRGVRTAS,2376,True,10,
18836,LHVRAVYSGI,2376,True,10,
18837,LGPRYWRTGK,2376,True,10,
18838,PIPRAVRDNT,2376,True,10,
18839,TSPRAFRDSW,2376,True,10,
18840,WSPRGSYSIF,2376,True,10,
18841,ASPSGWRTAS,2376,True,10,
18842,WMPRQVMDRI,2376,True,10,
18843,KIVRAVIGPW,2376,True,10,
18844,SLARAVIAPG,2376,True,10,
18845,GSPRMLYTAS,2376,True,10,
18846,WAVKWMRGVA,2376,True,10,
18847,VQPRGVQNER,2376,True,10,
18848,TMPRQVFSEQ,2376,True,10,
18849,TRPRSHIALG,2376,True,10,
18850,KIPRKVLALF,2376,True,10,
18851,ESTRNLIGLY,2376,True,10,
18852,SKPRGNTASG,2376,True,10,
18853,SPYRGLFANR,2376,True,10,
18854,FMPRGVTNGQ,2376,True,10,
18855,KVPRGVTASG,2376,True,10,
18856,RTPRGNIGQL,2376,True,10,
18857,HRPRGVTAPL,2376,True,10,
18858,WQPRGLGQMV,2376,True,10,
18859,WRPIGIRDIF,2376,True,10,
18860,GAPRFITGLI,2376,True,10,
18861,QTPRGQFTPF,2376,True,10,
18862,AHPRQVRTGA,2376,True,10,
18863,AGPRSLYNPS,2376,True,10,
18864,KDPRGMHDMG,2376,True,10,
18865,IWPRVLWSPW,2376,True,10,
18866,CWPRGMKVSR,2376,True,10,
18867,NIPRPVRSHF,2376,True,10,
18868,HQPRNVLGIG,2376,True,10,
18869,KVYRAMRGQS,2376,True,10,
18870,RMPRYWIGVL,2376,True,10,
18871,SQPRGVHAWY,2376,True,10,
18872,WIPRPYMYVT,2376,True,10,
18873,LSPRAFRDLN,2376,True,10,
18874,QSPRGVKALV,2376,True,10,
18875,PGPRSLIGTK,2376,True,10,
18876,RHPRGNVGEK,2376,True,10,
18877,GVPRAVMAQW,2376,True,10,
18878,PTWRALFANG,2376,True,10,
18879,GAPRSWLTAS,2376,True,10,
18880,MFPRQVWNGH,2376,True,10,
18881,TGYAGMTAHF,2376,True,10,
18882,IFPRGLSNPI,2376,True,10,
18883,AVPRGVISNI,2376,True,10,
18884,LGVRAIRGNY,2376,True,10,
18885,TAPRSWQGTQ,2376,True,10,
18886,KYVKGMRSGH,2376,True,10,
18887,MDPRGVKSAW,2376,True,10,
18888,NSPRNVTASG,2376,True,10,
18889,VRPVNMKGHK,2376,True,10,
18890,WHPRGNTASG,2376,True,10,
18891,VRPRTLFANK,2376,True,10,
18892,QKPRFIRGPW,2376,True,10,
18893,NQPRGVTQLW,2376,True,10,
18894,AKPVWMASPF,2376,True,10,
18895,TPVGWMYGMT,2376,True,10,
18896,VGPSGVQVIT,2376,True,10,
18897,YQPYGMKNEA,2376,True,10,
18898,PWPRGMKDIG,2376,True,10,
18899,RWPKGMVGWL,2376,True,10,
18900,KSPRGQVGIR,2376,True,10,
18901,ASPRNVYALK,2376,True,10,
18902,AVPRAVSNGV,2376,True,10,
18903,INPAGVKNQW,2376,True,10,
18904,QTPRKVIAQF,2376,True,10,
18905,LWYGHLPDIL,2376,True,10,
18906,NMPRWIASLF,2376,True,10,
18907,TMPRAYIATI,2376,True,10,
18908,IKVRGVYSQL,2376,True,10,
18909,MQPRGVHYVF,2376,True,10,
18910,KLPRAVWDMY,2376,True,10,
18911,GIPRNARTAS,2376,True,10,
18912,YIPRAVHGTA,2376,True,10,
18913,ASPRWIYTMF,2376,True,10,
18914,TAPRSWYDIS,2376,True,10,
18915,IPYNSLRTGS,2376,True,10,
18916,VMPKGMRTVK,2376,True,10,
18917,GTPRGQAGQH,2376,True,10,
18918,VKPRGVHAKW,2376,True,10,
18919,LDPRWIKGAL,2376,True,10,
18920,KVPRGSTASG,2376,True,10,
18921,CPGRANTGMA,2376,True,10,
18922,FRPRGVKNQA,2376,True,10,
18923,HEPRNVIGPI,2376,True,10,
18924,AFPRAFSDLA,2376,True,10,
18925,LHPRGNTGML,2376,True,10,
18926,AFPRGVTASG,2376,True,10,
18927,DQPRGVKDAR,2376,True,10,
18928,ASLRAWIANW,2376,True,10,
18929,GTVRAVRGTI,2376,True,10,
18930,LSPRGVHNWK,2376,True,10,
18931,RGPAPLTSVS,2376,True,10,
18932,AQPRNVHTSA,2376,True,10,
18933,QAPRGVKYAI,2376,True,10,
18934,YCPRGVLSGT,2376,True,10,
18935,MVPRGVWNMW,2376,True,10,
18936,LWVRAVTSIA,2376,True,10,
18937,YAPRGVKNPK,2376,True,10,
18938,VHPKWMTGSW,2376,True,10,
18939,NQPRQVTASG,2376,True,10,
18940,LEARGLTASG,2376,True,10,
18941,SGPRAVHTTA,2376,True,10,
18942,QTPRAVIGTA,2376,True,10,
18943,IPPRAVHTQL,2376,True,10,
18944,WNPRGVTVEY,2376,True,10,
18945,QYPRGVKTSI,2376,True,10,
18946,GLARAMFTAP,2376,True,10,
18947,TAVKGMYSHF,2376,True,10,
18948,ALARAWRGIV,2376,True,10,
18949,IMPRYVQSAI,2376,True,10,
18950,SVPRAVWSTW,2376,True,10,
18951,AHVRGVTGSI,2376,True,10,
18952,VQPRSYQTGY,2376,True,10,
18953,HGPRFILSGK,2376,True,10,
18954,ETVRAWIGWT,2376,True,10,
18955,WGPRSNRSMG,2376,True,10,
18956,RVPVAIWDLG,2376,True,10,
18957,MSPRWLHGQI,2376,True,10,
18958,RAPVHMYGQR,2376,True,10,
18959,CRPRNIQGTG,2376,True,10,
18960,MDVRGVWAEA,2376,True,10,
18961,MLPRAVKNIH,2376,True,10,
18962,WGPRFIWSNF,2376,True,10,
18963,RSPRGVHNEG,2376,True,10,
18964,DVPRGVYAEF,2376,True,10,
18965,MYPRGNSVNL,2376,True,10,
18966,LPYNHLWGTK,2376,True,10,
18967,MLVRAVRGPS,2376,True,10,
18968,DHPRGMTASG,2376,True,10,
18969,YQPRSWSVNT,2376,True,10,
18970,NPVRAWSADI,2376,True,10,
18971,VYPRGMYSMA,2376,True,10,
18972,DWPRGMKDQR,2376,True,10,
18973,TVWHGLKSRH,2376,True,10,
18974,LYVRAHQGAT,2376,True,10,
18975,GPPRGVGTML,2376,True,10,
18976,PWGRALTASG,2376,True,10,
18977,MWVRAHTASG,2376,True,10,
18978,TYPRGMIVLF,2376,True,10,
18979,SIPNALFING,2376,True,10,
18980,PLPRYWSGEV,2376,True,10,
18981,FPVRAWHDHF,2376,True,10,
18982,NGPKLIKNGY,2376,True,10,
18983,VHPSGWTASG,2376,True,10,
18984,VHPRGWISGQ,2376,True,10,
18985,GSVGALNSHT,2376,True,10,
18986,WYVRAVTASG,2376,True,10,
18987,KTPRGQVTGV,2376,True,10,
18988,MRPRSWIGAK,2376,True,10,
18989,FSPRMLWDIT,2376,True,10,
18990,PHPRSWYNHR,2376,True,10,
18991,LKPVWMKGAV,2376,True,10,
18992,RAPRSLFANA,2376,True,10,
18993,VNPRSWLTPY,2376,True,10,
18994,ALYRAMTGAV,2376,True,10,
18995,ASVRGLWVIG,2376,True,10,
18996,ESVRGLISEG,2376,True,10,
18997,EVAVAIWGVK,2376,True,10,
18998,VSVRNVRGAT,2376,True,10,
18999,LIPRPWVTVG,2376,True,10,
19000,TRPRGVKSVQ,2376,True,10,
19001,RMPRAYRGIQ,2376,True,10,
19002,PIARAWTSVR,2376,True,10,
19003,VRPRPIAGEV,2376,True,10,
19004,VPVYWMWGEI,2376,True,10,
19005,TYPRSWRTYL,2376,True,10,
19006,SAPKGMRYKG,2376,True,10,
19007,MSPRWLTSMH,2376,True,10,
19008,FGPRQMYSMA,2376,True,10,
19009,FGPRSMRYMY,2376,True,10,
19010,TQPRSWIAQS,2376,True,10,
19011,WVPRGVKTEY,2376,True,10,
19012,YAPRAWIGKY,2376,True,10,
19013,PGAKGLYNWI,2376,True,10,
19014,GHPRGVTTAS,2376,True,10,
19015,VAPRSWTNKF,2376,True,10,
19016,DVPRGMTNPI,2376,True,10,
19017,YIPRAYRGWK,2376,True,10,
19018,ANPAWMRGWK,2376,True,10,
19019,ESPVGIQNHA,2376,True,10,
19020,CYPRGMRTPF,2376,True,10,
19021,YVPVWMRSGT,2376,True,10,
19022,PKPHGMWNQL,2376,True,10,
19023,LKPRGVTVMG,2376,True,10,
19024,NLPRAVKGTG,2376,True,10,
19025,KAVRGVTASG,2376,True,10,
19026,EIPRWILSQI,2376,True,10,
19027,ARVRGYTGKT,2376,True,10,
19028,TSPRMLANPA,2376,True,10,
19029,KWPRGLGVAG,2376,True,10,
19030,KMPRAYHVTA,2376,True,10,
19031,KSPRSLGTHI,2376,True,10,
19032,YVNYPAPLGP,2376,True,10,
19033,DPAKGMLSIF,2376,True,10,
19034,SVPRAVLDQF,2376,True,10,
19035,VMPRSTWSGA,2376,True,10,
19036,ADPRGMKNVW,2376,True,10,
19037,FHPRAYIGNY,2376,True,10,
19038,VTPRMLYGAG,2376,True,10,
19039,TIPRYWASNR,2376,True,10,
19040,FVPRAWASQF,2376,True,10,
19041,HGPRAFVGVG,2376,True,10,
19042,FMPRNYVGPR,2376,True,10,
19043,LPTRWLIAGI,2376,True,10,
19044,VIPRPVIAGT,2376,True,10,
19045,RVPRSWTSMT,2376,True,10,
19046,YQPRPVTSIQ,2376,True,10,
19047,AEPRNVIAHW,2376,True,10,
19048,KGPSGWTASG,2376,True,10,
19049,SHPRAWVDSG,2376,True,10,
19050,TNWKPQKAPL,2376,True,10,
19051,MGPRGMKDPH,2376,True,10,
19052,QSASGWTASG,2376,True,10,
19053,WAWRAMYNWF,2376,True,10,
19054,KRPSGVTASG,2376,True,10,
19055,EYVRAWRGSR,2376,True,10,
19056,FRARGLYSWG,2376,True,10,
19057,THPRGLTAGL,2376,True,10,
19058,GPVRYLIGAK,2376,True,10,
19059,VWPRGMFTNT,2376,True,10,
19060,WSPKWIRTVG,2376,True,10,
19061,NTPNWLVGEF,2376,True,10,
19062,GPEYCPLRGR,2376,True,10,
19063,HMPRYWRAIG,2376,True,10,
19064,QHVRAVTGSQ,2376,True,10,
19065,WMPKGVRTNH,2376,True,10,
19066,NAPAGVKTWG,2376,True,10,
19067,HKPRGVTASG,2376,True,10,
19068,WMPRGVIVAL,2376,True,10,
19069,YLPRAVSATL,2376,True,10,
19070,CPVRGMRSTL,2376,True,10,
19071,KWPRNVITNK,2376,True,10,
19072,HYPRGLWTEH,2376,True,10,
19073,VTPRGNTGWY,2376,True,10,
19074,HQPRSLYGEG,2376,True,10,
19075,TGPRGMTVGW,2376,True,10,
19076,QAPRNVINEF,2376,True,10,
19077,TFVRAVRSNT,2376,True,10,
19078,HQPRGQMTGQ,2376,True,10,
19079,VSPRTLSTAR,2376,True,10,
19080,IWPRGVTSQI,2376,True,10,
19081,WKPRSMRTSN,2376,True,10,
19082,ERPSWILGLI,2376,True,10,
19083,TGVSWQTASG,2376,True,10,
19084,DFPMGMRNES,2376,True,10,
19085,EGVWGIRSNF,2376,True,10,
19086,TWPRSYIAMT,2376,True,10,
19087,NHPRGNTSEL,2376,True,10,
19088,AVPKGNRSGL,2376,True,10,
19089,TWPRGMKGWI,2376,True,10,
19090,WTVRGVYANK,2376,True,10,
19091,PMARYLSGPK,2376,True,10,
19092,AQARGLQSEH,2376,True,10,
19093,YTPRGNTVGK,2376,True,10,
19094,YVPRGVSVSF,2376,True,10,
19095,VAPRGNTGPG,2376,True,10,
19096,YVPRGVKNMY,2376,True,10,
19097,IRPRSYTNPT,2376,True,10,
19098,WMPRAFISMG,2376,True,10,
19099,AKVRGVYGKR,2376,True,10,
19100,GAPRNVITAS,2376,True,10,
19101,TSPKWMVSEI,2376,True,10,
19102,NHPRGQVGLN,2376,True,10,
19103,PWPRGMTTGH,2376,True,10,
19104,QMPRGMSVGA,2376,True,10,
19105,WPVYWMHNAK,2376,True,10,
19106,MAPRYWTAGW,2376,True,10,
19107,TQVRAWIGPF,2376,True,10,
19108,EAPRSWTNMS,2376,True,10,
19109,CRVYSLMATH,2376,True,10,
19110,NQPRGVFAIF,2376,True,10,
19111,VRPRGVTASG,2376,True,10,
19112,WEVRGMQGSW,2376,True,10,
19113,KAPRGYIGSK,2376,True,10,
19114,YVPRGVHQPF,2376,True,10,
19115,DAVKGMFSNG,2376,True,10,
19116,DAPRGVKNET,2376,True,10,
19117,TLVRSLAGMA,2376,True,10,
19118,VDPVAMKGMF,2376,True,10,
19119,RTPKGMRIAF,2376,True,10,
19120,QLVRAVYGAY,2376,True,10,
19121,KEVRAIRGWY,2376,True,10,
19122,FGPRGSTAST,2376,True,10,
19123,KVPRGQATVF,2376,True,10,
19124,TMPRQVIMGI,2376,True,10,
19125,WLIRAFTASG,2376,True,10,
19126,VNPKGMTASG,2376,True,10,
19127,VMVWGITASG,2376,True,10,
19128,KSPRWIRGNI,2376,True,10,
19129,MRAVAMYGTI,2376,True,10,
19130,QKPRNWISPI,2376,True,10,
19131,PLREPRYLKP,2376,True,10,
19132,RWPRGELTPI,2376,True,10,
19133,TMPRAYKGNH,2376,True,10,
19134,GWPKGMRNMH,2376,True,10,
19135,EWPRSHRDIK,2376,True,10,
19136,SEPNGMVGAI,2376,True,10,
19137,YGPRGSMATQ,2376,True,10,
19138,VKPKGMVNPI,2376,True,10,
19139,SVPRGVMYKI,2376,True,10,
19140,RDPRWLSHDS,2376,True,10,
19141,DNPRGMRTWF,2376,True,10,
19142,GPVRAIFGRQ,2376,True,10,
19143,GWVKGMYTAS,2376,True,10,
19144,VMPRYMKGEA,2376,True,10,
19145,TAPRSWISEV,2376,True,10,
19146,SAPRGVTVKL,2376,True,10,
19147,PKPRGQVGLH,2376,True,10,
19148,HMPRAVKGPY,2376,True,10,
19149,EPVRALISQG,2376,True,10,
19150,TEVRSLISYG,2376,True,10,
19151,VGPSGVWNWT,2376,True,10,
19152,MFPRNIASAS,2376,True,10,
19153,TPPRGVIDSK,2376,True,10,
19154,ETPRGVKTET,2376,True,10,
19155,RPVRAVWSVY,2376,True,10,
19156,FTPEWMQSDQ,2376,True,10,
19157,WPARGIKDWR,2376,True,10,
19158,MYPRSLKGVI,2376,True,10,
19159,VWLRPMSNRW,2376,True,10,
19160,SVPKWIAGVW,2376,True,10,
19161,RSPRWLKTMY,2376,True,10,
19162,YAPRGVHSIG,2376,True,10,
19163,MWPRGQINQG,2376,True,10,
19164,VIPRPVMDIV,2376,True,10,
19165,WVPRGVAVET,2376,True,10,
19166,NLPRAVTGSH,2376,True,10,
19167,RLAKPRLAFP,2376,True,10,
19168,YSPKSVRTSY,2376,True,10,
19169,SGPRSLWSTA,2376,True,10,
19170,TQPRNILTQG,2376,True,10,
19171,SWGRALWAVF,2376,True,10,
19172,WSPVGMRSGR,2376,True,10,
19173,WSPKGMKNPA,2376,True,10,
19174,ENPRGMTDMY,2376,True,10,
19175,DTPRGVYDGK,2376,True,10,
19176,VAPKGVWGPL,2376,True,10,
19177,MPPKGVHNAG,2376,True,10,
19178,ALWRAFTASG,2376,True,10,
19179,VTPRSWRSPV,2376,True,10,
19180,WCPRGMKNSF,2376,True,10,
19181,GLPRASWTAS,2376,True,10,
19182,KVPRGVFSIK,2376,True,10,
19183,NIPTGMKDWK,2376,True,10,
19184,YSPRGLHTQT,2376,True,10,
19185,FSPRGSRDMH,2376,True,10,
19186,EMPGWMKHAS,2376,True,10,
19187,LIPRNVYSGH,2376,True,10,
19188,GWVRGVYTAS,2376,True,10,
19189,SYPRAWIVMT,2376,True,10,
19190,GRGDNLMTAS,2376,True,10,
19191,TKVRWMRGEK,2376,True,10,
19192,GMPRFITGNF,2376,True,10,
19193,VFPRGNTASG,2376,True,10,
19194,MDPRWIMYQG,2376,True,10,
19195,HTPRGQTGMG,2376,True,10,
19196,RPVRAWVSAG,2376,True,10,
19197,NYPRAFRGLS,2376,True,10,
19198,MNPKGIRYWG,2376,True,10,
19199,AVPRYWKGPT,2376,True,10,
19200,RSRPKRGMPI,3757,True,10,
19201,YHPVGMTASG,3757,True,10,
19202,ATPRGNKSPR,3757,True,10,
19203,FQPQAQWNTF,3757,True,10,
19204,SMPRQVLGQH,3757,True,10,
19205,VVPRAVSGIQ,3757,True,10,
19206,GTPRGNTGWT,3757,True,10,
19207,YQPRNYSGTH,3757,True,10,
19208,TWPREVRGSY,3757,True,10,
19209,RVPKGVTASG,3757,True,10,
19210,FYPRGNTSGI,3757,True,10,
19211,KVPVMYQGKQ,3757,True,10,
19212,PHLRSMFGVY,3757,True,10,
19213,WYPRAFSGHF,3757,True,10,
19214,FTARSMSGNW,3757,True,10,
19215,WTPRGNTASG,3757,True,10,
19216,VLPRKFYGSI,3757,True,10,
19217,VGPRAFSGHS,3757,True,10,
19218,YTVRGVTASG,3757,True,10,
19219,RQWSAFASPL,3757,True,10,
19220,SRPRSMTASG,3757,True,10,
19221,TGPKLITASG,3757,True,10,
19222,GSVFWLQAGI,3757,True,10,
19223,HWPRGSTSKA,3757,True,10,
19224,GCPRMMTGVI,3757,True,10,
19225,KHPRGQTASG,3757,True,10,
19226,PVARAWTGPH,3757,True,10,
19227,IMVMGMWSTF,3757,True,10,
19228,SAVKGMYSPQ,3757,True,10,
19229,MNPRDIKSWG,3757,True,10,
19230,EAVRGMFSGY,3757,True,10,
19231,VTPIELYAGA,3757,True,10,
19232,WTVKGMYSMR,3757,True,10,
19233,VMPSGWTAYG,3757,True,10,
19234,PAVRAVYGAV,3757,True,10,
19235,RMPKQYRGMG,3757,True,10,
19236,VGWELYSMSA,3757,True,10,
19237,AQPAPFWSHS,3757,True,10,
19238,LSPSGWTASG,3757,True,10,
19239,HPVFWMRGPS,3757,True,10,
19240,TSVYWMYGML,3757,True,10,
19241,HMPRQVTASG,3757,True,10,
19242,IWPRAFRGIH,3757,True,10,
19243,TPVHGMFSTF,3757,True,10,
19244,TWPREFRGMH,3757,True,10,
19245,TMPRSWYGMF,3757,True,10,
19246,THVRGMHGNH,3757,True,10,
19247,RGPSSLFGMF,3757,True,10,
19248,YPAFAMWGNW,3757,True,10,
19249,SAPRAVWGNG,3757,True,10,
19250,PVPVPMWSTK,3757,True,10,
19251,SCPFGMTASG,3757,True,10,
19252,VIPRPVTGPH,3757,True,10,
19253,PQPRAYTGSF,3757,True,10,
19254,MSPRNVQAFR,3757,True,10,
19255,VPPRNVFGWR,3757,True,10,
19256,WQPRAHTGMA,3757,True,10,
19257,QAYRSMRGIT,3757,True,10,
19258,VFPRAFTGPG,3757,True,10,
19259,RTPVGITGPT,3757,True,10,
19260,GWPRFMYGPF,3757,True,10,
19261,TMGMNMHGIQ,3757,True,10,
19262,NLRFYRGTKH,3757,True,10,
19263,FTPRGNRATG,3757,True,10,
19264,IWPREVKGMA,3757,True,10,
19265,VAPRLQFGTK,3757,True,10,
19266,MRPRQVFAQF,3757,True,10,
19267,VTPRSQTASG,3757,True,10,
19268,RTPIGEIAVK,3757,True,10,
19269,VMPRGVISQL,3757,True,10,
19270,AGPYGMTVQY,3757,True,10,
19271,TLPRAVWSQL,3757,True,10,
19272,RFPRAFASQF,3757,True,10,
19273,GQPRAVHGST,3757,True,10,
19274,GWGRALSAEY,3757,True,10,
19275,VMPSGFIGRA,3757,True,10,
19276,RYFQPVMSHI,3757,True,10,
19277,VTPLGQTSPH,3757,True,10,
19278,HTPRGVKVNT,3757,True,10,
19279,RNPYGMHNST,3757,True,10,
19280,TRPVAYWSIL,3757,True,10,
19281,SHPIEFRSTY,3757,True,10,
19282,YAPGSMSGQV,3757,True,10,
19283,MTPRGNTGIF,3757,True,10,
19284,TVTQNLYSTY,3757,True,10,
19285,GFPRGNTASG,3757,True,10,
19286,LFPYGMRGNK,3757,True,10,
19287,PKVAWMFGNF,3757,True,10,
19288,KVPKGVFGNY,3757,True,10,
19289,YVPKGQTGVT,3757,True,10,
19290,IAPRAFTASG,3757,True,10,
19291,FMPRGVTASG,3757,True,10,
19292,MIPAWIRGWY,3757,True,10,
19293,WSPRGMTASG,3757,True,10,
19294,FGPRSRAVWA,3757,True,10,
19295,WVPRGVTASG,3757,True,10,
19296,ESIYGMRGVF,3757,True,10,
19297,MSPRDIRANY,3757,True,10,
19298,YSIPSMGGMY,3757,True,10,
19299,YPIASFHSPF,3757,True,10,
19300,TFPFAFYGTA,3757,True,10,
19301,HQPRGVTASG,3757,True,10,
19302,FVPRGVTASG,3757,True,10,
19303,GPRIPRSPIN,3757,True,10,
19304,YGPRAVHGQA,3757,True,10,
19305,VAPRAFHGVS,3757,True,10,
19306,RVPVPMWSGH,3757,True,10,
19307,KAPAHWTSHT,3757,True,10,
19308,WPVYSLQGEF,3757,True,10,
19309,PAPRAHIDAG,3757,True,10,
19310,SAVLGLHGNY,3757,True,10,
19311,SHPRGNTASG,3757,True,10,
19312,VRPSGVTASG,3757,True,10,
19313,AGVRAHTGMH,3757,True,10,
19314,PLVGQMYSSL,3757,True,10,
19315,NPPSHWLSVY,3757,True,10,
19316,NYGASLTAQT,3757,True,10,
19317,RYPRAFSGNV,3757,True,10,
19318,AGVRAWLGHR,3757,True,10,
19319,VWLKWMYTGT,3757,True,10,
19320,ESPVQLSGIQ,3757,True,10,
19321,TKPFWLISAH,3757,True,10,
19322,DKPVAYTGTF,3757,True,10,
19323,NKFSAMIGPI,3757,True,10,
19324,PFAKAFYSQG,3757,True,10,
19325,LVPRGVTASG,3757,True,10,
19326,MRAVAMYGTQ,3757,True,10,
19327,PDPRGSMSKH,3757,True,10,
19328,AGVKGMYGAG,3757,True,10,
19329,TLPVAVTASG,3757,True,10,
19330,PLARAWSAHY,3757,True,10,
19331,AYPRGMYGMI,3757,True,10,
19332,TFPIGIHSET,3757,True,10,
19333,VHPRGVTASG,3757,True,10,
19334,TMPRQVFSPI,3757,True,10,
19335,SGVSWSMSTA,3757,True,10,
19336,RGPRAVYSAG,3757,True,10,
19337,VKPSGFAGKF,3757,True,10,
19338,HVPRQVTGGA,3757,True,10,
19339,YPHGSLFAIG,3757,True,10,
19340,SAPRSLWGQF,3757,True,10,
19341,WVPRGVTASG,3757,True,10,
19342,KLISFMSGMG,3757,True,10,
19343,YGPSGMHGQY,3757,True,10,
19344,FHPRGQTGIG,3757,True,10,
19345,VYPRGMGGKQ,3757,True,10,
19346,TMPRYMRGIY,3757,True,10,
19347,INPVPMWSIL,3757,True,10,
19348,WSVKGMYGKW,3757,True,10,
19349,SQPVPMWGMA,3757,True,10,
19350,PYPRGNTGIG,3757,True,10,
19351,KVPLNVIRVG,3757,True,10,
19352,PNPKGMRVVS,3757,True,10,
19353,LGVRAVSGWH,3757,True,10,
19354,GRAFHLLSWR,3757,True,10,
19355,YAPSGWTAIG,3757,True,10,
19356,AFVFSMYGPI,3757,True,10,
19357,KFPSGMTGWL,3757,True,10,
19358,FGPIPWRTNK,3757,True,10,
19359,SFPRAFHGSF,3757,True,10,
19360,MKWRGLIAEH,3757,True,10,
19361,YTVRGLWSTV,3757,True,10,
19362,RPVHKMYAIV,3757,True,10,
19363,GSTRNLIANW,3757,True,10,
19364,FHPKWMRGPV,3757,True,10,
19365,TYGPALFSTK,3757,True,10,
19366,GTPRGQVTAS,3757,True,10,
19367,DAPRFMIGKW,3757,True,10,
19368,SVPSAIMSTW,3757,True,10,
19369,SFPMGMRNHF,3757,True,10,
19370,RGPSGWTAQI,3757,True,10,
19371,RFPLKVSANG,3757,True,10,
19372,GTPIELYGNY,3757,True,10,
19373,GTPSGWTASG,3757,True,10,
19374,FMPRGQASRG,3757,True,10,
19375,AVPSWIFGNL,3757,True,10,
19376,TGPRAFIGVA,3757,True,10,
19377,SYPRAWTASG,3757,True,10,
19378,RQPRQVFATA,3757,True,10,
19379,VAPRGSTASG,3757,True,10,
19380,YVPRAVFLST,3757,True,10,
19381,MTPRGNTGMY,3757,True,10,
19382,FYPRGVKSNI,3757,True,10,
19383,SYPRAQLPNF,3757,True,10,
19384,SIPSWSTASG,3757,True,10,
19385,PSVSWGTASG,3757,True,10,
19386,SMVRGVRANL,3757,True,10,
19387,VTVRAVHAMQ,3757,True,10,
19388,QGPRGQVSKG,3757,True,10,
19389,HPARSMSGIL,3757,True,10,
19390,GYPRSWLQVH,3757,True,10,
19391,NKPVWMRGAH,3757,True,10,
19392,WAPRSYFGMG,3757,True,10,
19393,FNPGAVFGNA,3757,True,10,
19394,TIPSWSISAK,3757,True,10,
19395,GWPRGSTDLS,3757,True,10,
19396,NAPRGFVGSW,3757,True,10,
19397,VMPSGWTASG,3757,True,10,
19398,KGPSGWTASG,3757,True,10,
19399,RQPSGWKAHF,3757,True,10,
19400,TGVRAYHGWF,3757,True,10,
19401,PVPRAVMASG,3757,True,10,
19402,LQPYAWSAIY,3757,True,10,
19403,HSWMGIHSVI,3757,True,10,
19404,KSPRDIVGWI,3757,True,10,
19405,QAPVEMTAWY,3757,True,10,
19406,EPVWHVYASY,3757,True,10,
19407,AKPAGVHSNI,3757,True,10,
19408,YTVRGMVSER,3757,True,10,
19409,IAPRGNSGHI,3757,True,10,
19410,PVPRGVTASG,3757,True,10,
19411,MAIRGMKSPF,3757,True,10,
19412,TRPRSYIGPY,3757,True,10,
19413,YPARGMTSNW,3757,True,10,
19414,NYGRHMLGIF,3757,True,10,
19415,NVPRVLSGPL,3757,True,10,
19416,GFVRGVTASG,3757,True,10,
19417,FRPRQILGDR,3757,True,10,
19418,NMPKSYRSKF,3757,True,10,
19419,RSPRMLYGMY,3757,True,10,
19420,ITPHGIFQTW,3757,True,10,
19421,FIPRAVSGIQ,3757,True,10,
19422,SRPRTLSGMI,3757,True,10,
19423,YTPRGNHGEI,3757,True,10,
19424,MVPRGQVGPG,3757,True,10,
19425,QHPAQMVGVS,3757,True,10,
19426,MVPVEVHSVI,3757,True,10,
19427,MGPWGMSGWH,3757,True,10,
19428,HYVAGIYSVH,3757,True,10,
19429,VPVYGMRSMT,3757,True,10,
19430,VYPFGMFSPK,3757,True,10,
19431,ADVRSMYSPA,3757,True,10,
19432,NKPSGYTGNY,3757,True,10,
19433,QSPVWLIGVF,3757,True,10,
19434,RSPLPVRGQL,3757,True,10,
19435,HLVNWMYGAV,3757,True,10,
19436,YKPAGVWSLT,3757,True,10,
19437,MKVRGMSNGH,3757,True,10,
19438,AHPRGSYGNS,3757,True,10,
19439,AKPVYRSAWF,3757,True,10,
19440,GNPFGFTRGS,3757,True,10,
19441,VAWRGLFSEF,3757,True,10,
19442,QFRYTRPHGS,3757,True,10,
19443,KRPRGSIGTY,3757,True,10,
19444,SYPRAYSGNR,3757,True,10,
19445,SIPRPVWGSG,3757,True,10,
19446,FVPVWMLSLW,3757,True,10,
19447,FIPMWSTGPG,3757,True,10,
19448,TPPVGMLSLF,3757,True,10,
19449,KQVAWLTASG,3757,True,10,
19450,TFPRSWINPF,3757,True,10,
19451,MWRLKRYFSP,3757,True,10,
19452,QFARGIASVW,3757,True,10,
19453,FNPIHLTANW,3757,True,10,
19454,TMVRAVTASG,3757,True,10,
19455,WAPKGQISGV,3757,True,10,
19456,FTPRGNTSHG,3757,True,10,
19457,VMPRFLSGSY,3757,True,10,
19458,DVPRSVLGEF,3757,True,10,
19459,NFPRSYIGNA,3757,True,10,
19460,VGPRSTVSAL,3757,True,10,
19461,GLPRTVHAPV,3757,True,10,
19462,TKVLWMVGVI,3757,True,10,
19463,TAGIVYQSMN,3757,True,10,
19464,VAPRLYAGPI,3757,True,10,
19465,AGPRAIFAGI,3757,True,10,
19466,QTPRGNLGVF,3757,True,10,
19467,DAVRAVYSEF,3757,True,10,
19468,YVPVFMYSMR,3757,True,10,
19469,AGPRAVSTVF,3757,True,10,
19470,AQPRSWVGTQ,3757,True,10,
19471,GRPRSWRTAS,3757,True,10,
19472,YGPRQITSWK,3757,True,10,
19473,LVPKQVWSGH,3757,True,10,
19474,GFPRAIAGTF,3757,True,10,
19475,QPFYSLISLS,3757,True,10,
19476,VTPRSWRGES,3757,True,10,
19477,FAPRFLSASW,3757,True,10,
19478,VFPRGVTASG,3757,True,10,
19479,GTVRSLWGSL,3757,True,10,
19480,WRPSGWTASG,3757,True,10,
19481,TYPRAFSAVT,3757,True,10,
19482,KNVRGMWSWS,3757,True,10,
19483,MVPRGNFAPL,3757,True,10,
19484,TAPRDIVYAY,3757,True,10,
19485,TRVRGVWSPG,3757,True,10,
19486,PWPREVSGTI,3757,True,10,
19487,MRVLHLTGPW,3757,True,10,
19488,QIPRDYTGVI,3757,True,10,
19489,PFPRAFAGNI,3757,True,10,
19490,NMPRQVTASG,3757,True,10,
19491,KFPRGMSLGS,3757,True,10,
19492,MGPWGVHVIT,3757,True,10,
19493,AVPRAVRNAF,3757,True,10,
19494,NMWRAFISLG,3757,True,10,
19495,WSPKGMRHGQ,3757,True,10,
19496,MMVRGVTASG,3757,True,10,
19497,YVPRAVYSVR,3757,True,10,
19498,VSPRLYTGAL,3757,True,10,
19499,VRVLWFQGVH,3757,True,10,
19500,KPVAWLWGWY,3757,True,10,
19501,AVPRGVFAGQ,3757,True,10,
19502,GAPRSMYTAS,3757,True,10,
19503,VTPRSNVGKF,3757,True,10,
19504,GIPRAFSGIL,3757,True,10,
19505,GMVRGVYNTH,3757,True,10,
19506,GMPRSFIGIV,3757,True,10,
19507,WSPRAYSGSG,3757,True,10,
19508,WFPRSWLSVQ,3757,True,10,
19509,KFPLGQSTTR,3757,True,10,
19510,VMVRGVTASG,3757,True,10,
19511,VFPRAWTASG,3757,True,10,
19512,KGPSGWVAGA,3757,True,10,
19513,IAVRSVFAGY,3757,True,10,
19514,VAPRAFIGKR,3757,True,10,
19515,MAPRQVRSPY,3757,True,10,
19516,QWPSEWRVIG,3757,True,10,
19517,KVPVPFIASG,3757,True,10,
19518,TGPSWITASG,3757,True,10,
19519,KYPRGVIGRV,3757,True,10,
19520,MYPKQMTGAI,3757,True,10,
19521,GRPRPISTAS,3757,True,10,
19522,TAPKLILSVF,3757,True,10,
19523,NGPKLILSTG,3757,True,10,
19524,CKPASMTGPW,3757,True,10,
19525,TQVPRTFSQL,3757,True,10,
19526,VLVAGVYSGY,3757,True,10,
19527,GVLQGLHTAS,3757,True,10,
19528,AGPRDIYAWF,3757,True,10,
19529,QMVRQVFNLG,3757,True,10,
19530,SEPFGMKSAQ,3757,True,10,
19531,TKVYWMHSAW,3757,True,10,
19532,STPKGVFAGY,3757,True,10,
19533,LHPRGNFGQS,3757,True,10,
19534,TIPASWYGMQ,3757,True,10,
19535,NFPRGLTASG,3757,True,10,
19536,GFPRGNRTAS,3757,True,10,
19537,PFVRGMFANV,3757,True,10,
19538,IQPRAVWAIQ,3757,True,10,
19539,YAPRGDVATI,3757,True,10,
19540,NIPRAFRGWL,3757,True,10,
19541,VSVDQLYSNW,3757,True,10,
19542,THPRGNVGPF,3757,True,10,
19543,HNPKWIIGKV,3757,True,10,
19544,FTPRGNIGPH,3757,True,10,
19545,TVPRGLWSHS,3757,True,10,
19546,QPAQAWYGPT,3757,True,10,
19547,LVPRYWMGTW,3757,True,10,
19548,STPRQIHSTF,3757,True,10,
19549,MVPRGVYSET,3757,True,10,
19550,DAVYGMYSLH,3757,True,10,
19551,VTPRSNTASG,3757,True,10,
19552,MPRRSRSPAY,3757,True,10,
19553,WFPRQVTGTS,3757,True,10,
19554,MSPRWLHGEW,3757,True,10,
19555,SAPRAVHGLF,3757,True,10,
19556,TSVRGLHGEY,3757,True,10,
19557,GVPRAFRGNG,3757,True,10,
19558,YWPEGNEFGF,3757,True,10,
19559,SWPVQLHSIL,3757,True,10,
19560,SFPRAFISVY,3757,True,10,
19561,NGPSGWTASG,3757,True,10,
19562,SQPRGVFVEK,3757,True,10,
19563,GAVRAVQGAQ,3757,True,10,
19564,VSPKQMIGQS,3757,True,10,
19565,KVPSWILGTK,3757,True,10,
19566,PQPRSWIGWF,3757,True,10,
19567,GFPRNYAGNS,3757,True,10,
19568,RAPVGVYATW,3757,True,10,
19569,TKWYGQMYIR,3757,True,10,
19570,GRPRSFRSRS,3757,True,10,
19571,SEPRNIAGPW,3757,True,10,
19572,AVPRGVHVNL,3757,True,10,
19573,QIPRGVTASG,3757,True,10,
19574,QAGFNLTSRS,3757,True,10,
19575,ISPRGQVGMT,3757,True,10,
19576,EVPRGVHAMI,3757,True,10,
19577,GRPRSYTNPT,3757,True,10,
19578,VMPRQVKGHF,3757,True,10,
19579,YSFRGLTASG,3757,True,10,
19580,SFPNAFQGQL,3757,True,10,
19581,FGPSGWTASG,3757,True,10,
19582,KAPRSMRGNS,3757,True,10,
19583,APYNHLQVTQ,3757,True,10,
19584,SVPRGMTASG,3757,True,10,
19585,GTPRGNTASG,3757,True,10,
19586,GEPRNVTASG,3757,True,10,
19587,RQPRSWFSGF,3757,True,10,
19588,LQPRFIKGPT,3757,True,10,
19589,HRASAMYSDG,3757,True,10,
19590,FPYFSLKGMK,3757,True,10,
19591,PAKVSPSNGQ,3757,True,10,
19592,VYPRGMGSQF,3757,True,10,
19593,KTPRQMIGKF,3757,True,10,
19594,VMPLGFQSWL,3757,True,10,
19595,RKPVNMSGMF,3757,True,10,
19596,VLPRVHASML,3757,True,10,
19597,DTPSWLSGIT,3757,True,10,
19598,MTPRGNKGPF,3757,True,10,
19599,AGPAPGSKAF,3757,True,10,
19600,QGPRSWTASG,11977,True,10,
19601,YGPLNFAGNT,11977,True,10,
19602,NGPYKMWGSR,11977,True,10,
19603,WTPRGNMSPY,11977,True,10,
19604,TIPRSWTASG,11977,True,10,
19605,YPWRAYSAML,11977,True,10,
19606,TKWLAWAVLA,11977,True,10,
19607,LDIRSLYGPL,11977,True,10,
19608,DWPRGVTASG,11977,True,10,
19609,ECAQDLYGWI,11977,True,10,
19610,QRPRSQTNMF,11977,True,10,
19611,SPVLAVQSNY,11977,True,10,
19612,TQPRSWYGVL,11977,True,10,
19613,NGVRAVYALY,11977,True,10,
19614,AWPVELWNVF,11977,True,10,
19615,YWPSGWTASG,11977,True,10,
19616,YLPRAIYGNW,11977,True,10,
19617,SWGKDQANMY,11977,True,10,
19618,AQPRNYHGWQ,11977,True,10,
19619,TAPRSWQAPF,11977,True,10,
19620,DWAVWMQGEK,11977,True,10,
19621,PGPRPIWGMG,11977,True,10,
19622,SFPNPLWGTI,11977,True,10,
19623,NTPRGNRAQN,11977,True,10,
19624,PAYFPLWALF,11977,True,10,
19625,LNPRAVKNKW,11977,True,10,
19626,QHAKPTDLWP,11977,True,10,
19627,QKPSNLWGEH,11977,True,10,
19628,WQPRNVISIA,11977,True,10,
19629,LAPRYWWSAL,11977,True,10,
19630,PVPRAVWNWL,11977,True,10,
19631,YSPRVMKGLY,11977,True,10,
19632,YKPAGVKVSA,11977,True,10,
19633,MIPRPVKSAS,11977,True,10,
19634,EIPKWITSTW,11977,True,10,
19635,RMPRQVINGY,11977,True,10,
19636,SQPTGWTASG,11977,True,10,
19637,KNPAGVKSQT,11977,True,10,
19638,HQPRNVWNQA,11977,True,10,
19639,GMPRAFTGWQ,11977,True,10,
19640,VPVQWSRGWS,11977,True,10,
19641,PQPRNVWDPH,11977,True,10,
19642,MQPRGVWSWG,11977,True,10,
19643,CQPRGQTGPR,11977,True,10,
19644,NGPKLIRGAW,11977,True,10,
19645,LAWAHITSRW,11977,True,10,
19646,FHFLHMSGNS,11977,True,10,
19647,WYPRAYAGHW,11977,True,10,
19648,GIPRAVHTAS,11977,True,10,
19649,HLYAWLTASG,11977,True,10,
19650,AMPKGSYGPQ,11977,True,10,
19651,GYPRGQTFHV,11977,True,10,
19652,AWPAGMHVAG,11977,True,10,
19653,WLPRAVMAHL,11977,True,10,
19654,VSPKQYRGWS,11977,True,10,
19655,GAPSGVRTAS,11977,True,10,
19656,TLPRYWRATF,11977,True,10,
19657,LTPRYWYGNW,11977,True,10,
19658,KQPRNVWGNS,11977,True,10,
19659,SAPRGVWSIQ,11977,True,10,
19660,HEYAGFRGRQ,11977,True,10,
19661,LNPRNYIVMV,11977,True,10,
19662,QLPVAIWNGY,11977,True,10,
19663,QRPSGWKSQI,11977,True,10,
19664,WNPRYMAGPW,11977,True,10,
19665,TVAKPFAGPW,11977,True,10,
19666,NQPRQVYTQT,11977,True,10,
19667,SLVRAHSANQ,11977,True,10,
19668,TSPMYLWAQT,11977,True,10,
19669,PHWRAFIGTS,11977,True,10,
19670,WHIRAMVSWQ,11977,True,10,
19671,LKIRAFYGPL,11977,True,10,
19672,HNPRAWTASG,11977,True,10,
19673,HKPRGVTQWT,11977,True,10,
19674,VFPAWLWGTY,11977,True,10,
19675,VTPKQWTSPQ,11977,True,10,
19676,LDPRWLSSQT,11977,True,10,
19677,IPTRNLVGEL,11977,True,10,
19678,PTPRQNRGPK,11977,True,10,
19679,WPRTIYSANG,11977,True,10,
19680,TKPVEWYSVG,11977,True,10,
19681,EYPRGWRTKF,11977,True,10,
19682,WVPKMWSTGA,11977,True,10,
19683,NQPRNYIGLY,11977,True,10,
19684,YPVRAWIGVQ,11977,True,10,
19685,IGFQRLISEL,11977,True,10,
19686,TPPRNVTSPH,11977,True,10,
19687,DWPRGNTASG,11977,True,10,
19688,QPVHGMRSTY,11977,True,10,
19689,NWPREYKSTK,11977,True,10,
19690,FPPLAWKSWG,11977,True,10,
19691,QGPRLYSGPS,11977,True,10,
19692,MHPRSWTGES,11977,True,10,
19693,GTPRGNTAPF,11977,True,10,
19694,VGPRPFWDPR,11977,True,10,
19695,IQARELWGNY,11977,True,10,
19696,QYPRGVKVAR,11977,True,10,
19697,QMARQLYSNG,11977,True,10,
19698,KFPRGLSAEH,11977,True,10,
19699,MWPREVMSNW,11977,True,10,
19700,WYPKGMRSPW,11977,True,10,
19701,HDIRALWSWS,11977,True,10,
19702,HQVRAWIGWV,11977,True,10,
19703,SVPRQVWSKV,11977,True,10,
19704,YQPVAYTGQG,11977,True,10,
19705,NWPRGVAVEG,11977,True,10,
19706,VAPRSWAGPW,11977,True,10,
19707,YYPRAFRGPK,11977,True,10,
19708,GFKVIPYKNW,11977,True,10,
19709,GAVRGVFASV,11977,True,10,
19710,TFPKQLQVPY,11977,True,10,
19711,QWARAMSNWI,11977,True,10,
19712,AEPQKYIGAL,11977,True,10,
19713,VAPVAFWSPW,11977,True,10,
19714,STPRAWINGK,11977,True,10,
19715,KGPRPYWGTF,11977,True,10,
19716,GQPRSWRTNQ,11977,True,10,
19717,WNPRGMAQRV,11977,True,10,
19718,GQPRFIRSWR,11977,True,10,
19719,MLVRAHTGVR,11977,True,10,
19720,TGPKSWRTAS,11977,True,10,
19721,VWPRGQVGHQ,11977,True,10,
19722,IMPRNVHYLA,11977,True,10,
19723,TIPSWSQAKY,11977,True,10,
19724,VIPRPVMAMT,11977,True,10,
19725,HMPKQMANWQ,11977,True,10,
19726,HSPRFLFGHY,11977,True,10,
19727,GSLAWMTASG,11977,True,10,
19728,FDISYMRGPQ,11977,True,10,
19729,APNLPLWMNI,11977,True,10,
19730,NTPRQYMSLK,11977,True,10,
19731,GAPRSWRTAS,11977,True,10,
19732,CKPAWLKGIA,11977,True,10,
19733,SDPRWLYTMS,11977,True,10,
19734,SQPIHMWGLG,11977,True,10,
19735,RTPKGWVSGL,11977,True,10,
19736,MPARAGYDVY,11977,True,10,
19737,GQPKGQTTAS,11977,True,10,
19738,GVPRAVWSMW,11977,True,10,
19739,NDPRNMYAPG,11977,True,10,
19740,CGPRAYRGKT,11977,True,10,
19741,DPVYNMKGVH,11977,True,10,
19742,QTPRQVIFSI,11977,True,10,
19743,LSPRWLISPG,11977,True,10,
19744,CVPRAWRAPG,11977,True,10,
19745,VHRFVRQPIE,11977,True,10,
19746,RVPRLWRGNW,11977,True,10,
19747,NWPREVWAPS,11977,True,10,
19748,LMPRGVHGAW,11977,True,10,
19749,TGPVPGQGWL,11977,True,10,
19750,VRWHGMWSKY,11977,True,10,
19751,NRPKGSWDKI,11977,True,10,
19752,TVPRAWIAGQ,11977,True,10,
19753,WQTMSLWSWF,11977,True,10,
19754,VFPRKFVATW,11977,True,10,
19755,NGPSWIYAWA,11977,True,10,
19756,WMPVGYRSTQ,11977,True,10,
19757,SGVKWLMSTA,11977,True,10,known_sequence
19758,YHPRASTRGR,11977,True,10,
19759,KSPRLYWGPY,11977,True,10,
19760,LTPKGQLVMQ,11977,True,10,
19761,PWPRPVINAQ,11977,True,10,
19762,ECPRWLKSTV,11977,True,10,
19763,HIPRWILGNI,11977,True,10,
19764,AWPVAYIANY,11977,True,10,
19765,NSPLSWRNAF,11977,True,10,
19766,ADPRSWRTAS,11977,True,10,
19767,TWPQAWRVAI,11977,True,10,
19768,EKVRGMHSRV,11977,True,10,
19769,FIPTGLYSEQ,11977,True,10,
19770,GAPRAVYTAS,11977,True,10,
19771,SLPRAVWGEW,11977,True,10,
19772,STPRSYFDGI,11977,True,10,
19773,QTPRSWFTWF,11977,True,10,
19774,WTPKGQMDVF,11977,True,10,
19775,KQRPKRSYQT,11977,True,10,
19776,PVQRPHPVAT,11977,True,10,
19777,RIPASWRSTS,11977,True,10,
19778,SGVLWLHSTA,11977,True,10,
19779,DNPVNMISRW,11977,True,10,
19780,LGWQRLMGTF,11977,True,10,
19781,LIPLPARVWF,11977,True,10,
19782,WTPRGQTKSH,11977,True,10,
19783,WHPRGQISHT,11977,True,10,
19784,FWPKGMRTHS,11977,True,10,
19785,DWPRGMVQEW,11977,True,10,
19786,YQPRNVTASG,11977,True,10,
19787,EWPRNVHGPH,11977,True,10,
19788,VLWRAWVSHG,11977,True,10,
19789,MWARAFYGKW,11977,True,10,
19790,SAPAGWRTIL,11977,True,10,
19791,WHPRGNTASG,11977,True,10,
19792,PIVRAWIGMT,11977,True,10,
19793,QHPRSWRTGI,11977,True,10,
19794,WHPSGWTAML,11977,True,10,
19795,NQARGIRDLW,11977,True,10,
19796,HIPRVQISWF,11977,True,10,
19797,STPRGNAVQF,11977,True,10,
19798,FMPRDPHGIY,11977,True,10,
19799,ATPRAWKGAF,11977,True,10,
19800,SIPNALTASG,11977,True,10,known_sequence
19801,SMPRNYIGWK,11977,True,10,
19802,GTPRGNTGPS,11977,True,10,
19803,MAWRSMKSMS,11977,True,10,
19804,NAPSWIRGAG,11977,True,10,
19805,ILPRAVWNGF,11977,True,10,
19806,GLPRSWLAPV,11977,True,10,
19807,PVPRAVWGWQ,11977,True,10,
19808,LRWLAFYSPR,11977,True,10,
19809,KMPRYLQDLK,11977,True,10,
19810,KYPRGQIARL,11977,True,10,
19811,YPWRAWYVMT,11977,True,10,
19812,PRPRNVFAPL,11977,True,10,
19813,IPVKWMLSKG,11977,True,10,
19814,PMPRYWKSAY,11977,True,10,
19815,MQPRGVIAPY,11977,True,10,
19816,TQPRNYFNWL,11977,True,10,
19817,NDPRGQVSMF,11977,True,10,
19818,QRPRSWTNEF,11977,True,10,
19819,WDYRSLTMPY,11977,True,10,
19820,RQPRAWRGNQ,11977,True,10,
19821,IQPRNVKSPW,11977,True,10,
19822,KQPSGVRQRV,11977,True,10,
19823,QVPRQVQAVR,11977,True,10,
19824,NVPVWMLSPL,11977,True,10,
19825,KVPRAWTASG,11977,True,10,
19826,TAPKWMRAPL,11977,True,10,
19827,WNPKWMRSNG,11977,True,10,
19828,GWTRNLIGTG,11977,True,10,
19829,ILPRQVKAQT,11977,True,10,
19830,KDPRWIWSAK,11977,True,10,
19831,AHVRGLYIYG,11977,True,10,
19832,DKPRWIMSNW,11977,True,10,
19833,QLPAYWRSIV,11977,True,10,
19834,YNPAKWKGRT,11977,True,10,
19835,DTPRNMRSWG,11977,True,10,
19836,VSPKGVTASG,11977,True,10,
19837,TNPKWMRGTI,11977,True,10,
19838,FSPRNYIGAV,11977,True,10,
19839,KYPRAYIGTW,11977,True,10,
19840,KTPMWMLSHY,11977,True,10,
19841,SRGLALWGHW,11977,True,10,
19842,HKPRNYVGNL,11977,True,10,
19843,KLPVAIMGQG,11977,True,10,
19844,FTPRQWRSEF,11977,True,10,
19845,WEPRNYKAEA,11977,True,10,
19846,NQARAMFGEI,11977,True,10,
19847,QMPRQVTASG,11977,True,10,
19848,IVPKWMQSMW,11977,True,10,
19849,VIPRPVWSQW,11977,True,10,
19850,GSPRSYFTAS,11977,True,10,
19851,IPAKPLWSGS,11977,True,10,
19852,WTPKGYRTQV,11977,True,10,
19853,CDPAGMKVEY,11977,True,10,
19854,PFVRGMWSTI,11977,True,10,
19855,NGPSHWLSNT,11977,True,10,
19856,WQPVPMWSGK,11977,True,10,
19857,WGPRAYKGTK,11977,True,10,
19858,TPVKWMRGMY,11977,True,10,
19859,WQPRQVHGVF,11977,True,10,
19860,GSVMGLYTAS,11977,True,10,
19861,MLPRMYIGMW,11977,True,10,
19862,VGPSHWIAQH,11977,True,10,
19863,GQPLGQKTAS,11977,True,10,
19864,TIPRPVMSAW,11977,True,10,
19865,VWPRGMKNEQ,11977,True,10,
19866,RLPKAIFNEW,11977,True,10,
19867,PWPKGMRTHY,11977,True,10,
19868,PSHVPGSELQ,11977,True,10,
19869,FVPKNQYNPW,11977,True,10,
19870,IHPRGQTNIY,11977,True,10,
19871,KYPRAFRGTK,11977,True,10,
19872,RYPRGQTVMG,11977,True,10,
19873,WPAQGWTASG,11977,True,10,
19874,YVPRAQHNGS,11977,True,10,
19875,GAPRFMRTAS,11977,True,10,
19876,ESPRSWTNWV,11977,True,10,
19877,VRPRNIYSQI,11977,True,10,
19878,AMVRAHTSGF,11977,True,10,
19879,YAPRAYTASG,11977,True,10,
19880,QSWYGMRSPT,11977,True,10,
19881,PGVRAWRSIK,11977,True,10,
19882,WKPVNYHGTF,11977,True,10,
19883,GYPRAFYDRF,11977,True,10,
19884,EWPKGNRDNL,11977,True,10,
19885,SPLMNFRGLY,11977,True,10,
19886,TFPRKYIGRW,11977,True,10,
19887,TPVGWMHGTI,11977,True,10,
19888,IQPRNRTNPI,11977,True,10,
19889,VTPRYWLNLQ,11977,True,10,
19890,FHPVKFWGMQ,11977,True,10,
19891,RSVRGVTASG,11977,True,10,
19892,IQPRGNWSGY,11977,True,10,
19893,TWPRGVKTRT,11977,True,10,
19894,LVPRAWTASG,11977,True,10,
19895,VRPRSWQAIV,11977,True,10,
19896,LTPRDIYSTA,11977,True,10,
19897,NKPNWLKGEF,11977,True,10,
19898,WQPRKWYANF,11977,True,10,
19899,KSPRSYSALI,11977,True,10,
19900,RWPAWLMSPK,11977,True,10,
19901,TRPRSWTNWY,11977,True,10,
19902,HSPRWLRGWF,11977,True,10,
19903,FWPVQMVGQY,11977,True,10,
19904,MQPRGMKGWQ,11977,True,10,
19905,LHPRGVTASG,11977,True,10,
19906,IMPRQVFAWI,11977,True,10,
19907,QYPRSWAVLR,11977,True,10,
19908,FYARWLAGPF,11977,True,10,
19909,YLPRAIWYLH,11977,True,10,
19910,QTVRLYIGEY,11977,True,10,
19911,TLPVWMTVKA,11977,True,10,
19912,RPPRNVMSNS,11977,True,10,
19913,PWVRAHIGPI,11977,True,10,
19914,MGPSGWTASG,11977,True,10,
19915,RTPKGFRTRF,11977,True,10,
19916,QLPRYWATIR,11977,True,10,
19917,WPYQSLWAQS,11977,True,10,
19918,TCPKGMVNQH,11977,True,10,
19919,FAPRPWIDRH,11977,True,10,
19920,GFDVPHYLYG,11977,True,10,
19921,RDPKGMTASG,11977,True,10,
19922,QGPRSWIAQW,11977,True,10,
19923,QVPRVYKGEL,11977,True,10,
19924,QVPRQVIGST,11977,True,10,
19925,INPVWMRGIT,11977,True,10,
19926,DSPRAFRGVY,11977,True,10,
19927,AFHRALYGPV,11977,True,10,
19928,WVPKNQWGLW,11977,True,10,
19929,IPRPLWYNSK,11977,True,10,
19930,GYPRSWTASG,11977,True,10,
19931,AHARAMYGPV,11977,True,10,
19932,ADPRGNTGSN,11977,True,10,
19933,WNPRGSQGWF,11977,True,10,
19934,SVPKGNAGHS,11977,True,10,
19935,YMPRNVWGWQ,11977,True,10,
19936,DTPRSWRAQG,11977,True,10,
19937,WPALGRNAIV,11977,True,10,
19938,HWPRGMTDKT,11977,True,10,
19939,EYPRAVWTPQ,11977,True,10,
19940,FQPMRFTSNI,11977,True,10,
19941,GTASGLYTAS,11977,True,10,
19942,LIPAWLYGHY,11977,True,10,
19943,QDPKWMRHMR,11977,True,10,
19944,QIPRNVFDSL,11977,True,10,
19945,RQPRNVHGIV,11977,True,10,
19946,IQARAWYANG,11977,True,10,
19947,NHPRGNTGPY,11977,True,10,
19948,GSPRSWLSHK,11977,True,10,
19949,DSPRWVTASG,11977,True,10,
19950,AVPQWIKGPF,11977,True,10,
19951,ALPRGALSNW,11977,True,10,
19952,MKQYSMWSWA,11977,True,10,
19953,HYPRAFSNHT,11977,True,10,
19954,WMPRYMRGNI,11977,True,10,
19955,DSPRGVKDSH,11977,True,10,
19956,DTPKGNRGPG,11977,True,10,
19957,GHPRSWTNPQ,11977,True,10,
19958,DTPRGNRAQA,11977,True,10,
19959,EDVAGMYGPW,11977,True,10,
19960,FHPRQIKGRW,11977,True,10,
19961,YNPRSYAVPK,11977,True,10,
19962,MFPRAWRTRG,11977,True,10,
19963,SVPRQLAGKG,11977,True,10,
19964,EGPSWITAQF,11977,True,10,
19965,TVTQNLISVR,11977,True,10,
19966,MGPKGVRSPG,11977,True,10,
19967,HWPRFVTASG,11977,True,10,
19968,CVPRVLHGAY,11977,True,10,
19969,GTPRGNRTAS,11977,True,10,
19970,KSPRSYIAPK,11977,True,10,
19971,PSVRGVHTWG,11977,True,10,
19972,SWPAWLYSNG,11977,True,10,
19973,KNPRWIHGML,11977,True,10,
19974,HLVAWLYSPT,11977,True,10,
19975,TLNPTPRPAH,11977,True,10,
19976,NAVRAVRAKT,11977,True,10,
19977,TGPRSWRMGT,11977,True,10,
19978,WQPRGNVSWY,11977,True,10,
19979,AVPKGVQTWL,11977,True,10,
19980,QPGRALYGTR,11977,True,10,
19981,AVPRAWYSGW,11977,True,10,
19982,WGWRAMLGLF,11977,True,10,
19983,QVPVPMWGWY,11977,True,10,
19984,HSPRGVRTNR,11977,True,10,
19985,TRPADLKSQT,11977,True,10,
19986,KGPVWYTGLW,11977,True,10,
19987,TKPRNYVGMG,11977,True,10,
19988,ISPRDILARG,11977,True,10,
19989,MQPRGQSGMF,11977,True,10,
19990,FDPKWMVGAY,11977,True,10,
19991,NQPTAFQGPV,11977,True,10,
19992,KYPLNWQGVK,11977,True,10,
19993,QVPRQVIGAY,11977,True,10,
19994,TFPRKVMSAS,11977,True,10,
19995,QTPRGNYTMR,11977,True,10,
19996,AKVRAWVGKI,11977,True,10,
19997,WPVHGMIAGK,11977,True,10,
19998,MQRPRRHPSA,11977,True,10,
19999,WQPRNVKVEG,11977,True,10,
