sample_id,sequence,condition_train_index,stopped_normally,raw_length,filter_reason
0,YGPAGSWGSG,5788,True,10,
1,MNPLGQLGHW,5788,True,10,
2,SMPSGMTGMA,5788,True,10,
3,MAPWGMHGHG,5788,True,10,
4,MAPSGSYGLT,5788,True,10,
5,LWPSGWRGSQ,5788,True,10,
6,YFPLGFHGWG,5788,True,10,
7,TYPWAFRGAH,5788,True,10,
8,RTPLGVRGNQ,5788,True,10,
9,MAPSGVHAIQ,5788,True,10,
10,QNPLGYRGQS,5788,True,10,
11,MNPSGVRGTG,5788,True,10,
12,QMPLGFRGVI,5788,True,10,
13,LMPSGFIGIT,5788,True,10,
14,PTPSGYTGMF,5788,True,10,
15,GLPLGVRGTR,5788,True,10,
16,GMPSGFTASG,5788,True,10,
17,MWPHGFTGPS,5788,True,10,
18,YMPSGVRGTH,5788,True,10,
19,QMPSGMFGVY,5788,True,10,
20,SAPLGYAGIF,5788,True,10,
21,MTPLGQRGTR,5788,True,10,
22,YPPWGMTSTG,5788,True,10,
23,MNPSGQLGSG,5788,True,10,
24,TRPLGYTGIA,5788,True,10,
25,RMPSGFKGSG,5788,True,10,
26,LTPLGFRGMY,5788,True,10,
27,PMPLGFMGWS,5788,True,10,
28,QTPSGQRGPT,5788,True,10,
29,KQPSGYRGWT,5788,True,10,
30,TAPSGFYSIY,5788,True,10,
31,MTPLGYRGSG,5788,True,10,
32,IVPSGVHGIY,5788,True,10,
33,RGPLGFRGVG,5788,True,10,
34,STPSGQMGAT,5788,True,10,
35,RLPIGYMGPT,5788,True,10,
36,YMPSGQRGER,5788,True,10,
37,TMPWSMHSRG,5788,True,10,
38,RQPSGFRGLY,5788,True,10,
39,FPPRAFTGNG,5788,True,10,
40,TQPSGMRGEG,5788,True,10,
41,SQPRGMTGST,5788,True,10,
42,REPLGMWGVG,5788,True,10,
43,YMPLGWRGTG,5788,True,10,
44,TMPSGPFGMG,5788,True,10,
45,YPPFGFTVHG,5788,True,10,
46,LYPWGMTSPA,5788,True,10,
47,RHPLGYRGQH,5788,True,10,
48,KMPSGMRGNF,5788,True,10,
49,GLPTPFQGHL,5788,True,10,
50,RFPSGMLAGH,5788,True,10,
51,GIPFPFLGWS,5788,True,10,
52,PMPSGFQGIA,5788,True,10,
53,ANPFGMTGLG,5788,True,10,
54,RVPWGVMAPK,5788,True,10,
55,YQPAGMQGLT,5788,True,10,
56,YMPSGFTGNG,5788,True,10,
57,RMPLGSRGTR,5788,True,10,
58,FQPLGQTGRT,5788,True,10,
59,YNPSGFLGTS,5788,True,10,
60,GNPSGFTGAQ,5788,True,10,
61,FAPQPFTGRQ,5788,True,10,
62,MWPSGMRGIV,5788,True,10,
63,GLPYGMRGMK,5788,True,10,
64,TFPYGMAGPY,5788,True,10,
65,VQPWGMIGIG,5788,True,10,
66,TVPQGVYGNG,5788,True,10,
67,LMPSGFLGNG,5788,True,10,
68,GMPSGFWATR,5788,True,10,
69,TAPSGWIGIT,5788,True,10,
70,ATISGYFGIQ,5788,True,10,
71,TMPLGQKGMT,5788,True,10,
72,MVPSGVRGIG,5788,True,10,
73,AGPQWIRGSH,5788,True,10,
74,EFPSGMTASG,5788,True,10,
75,NVPSGMAGIS,5788,True,10,
76,GPPLGFTGAK,5788,True,10,
77,TMPYGFGGKG,5788,True,10,
78,FPPLGFRGNI,5788,True,10,
79,RQPLGFTASG,5788,True,10,
80,PTPRGMTGMY,5788,True,10,
81,KTPSGMRGNG,5788,True,10,
82,MFPLGFTASG,5788,True,10,
83,WVPSGVRGTA,5788,True,10,
84,NVPW,5788,True,4,length
85,NAPSGFASTG,5788,True,10,
86,HYPLGYFGLV,5788,True,10,
87,MVPRAFLGNF,5788,True,10,
88,MMPSGMRGSH,5788,True,10,
89,MGPWGMFSEG,5788,True,10,
90,SMPLGFRGQS,5788,True,10,
91,TMPLGYFGTG,5788,True,10,
92,MWPFGMRGPQ,5788,True,10,
93,VLPSGFTASG,5788,True,10,
94,QVPSAVWGGA,5788,True,10,
95,KAPSGVQGVS,5788,True,10,
96,SMPSGFYGTA,5788,True,10,
97,GWPAGFRGTG,5788,True,10,
98,IMPSGFIGNH,5788,True,10,
99,TMPLGWRGPS,5788,True,10,
100,VTPSGLTGMT,5788,True,10,
101,MIPWSMRGVT,5788,True,10,
102,YMPSGFYAGQ,5788,True,10,
103,NTPEGMWGPG,5788,True,10,
104,PVPFGFHGVQ,5788,True,10,
105,YMPRSWMGNG,5788,True,10,
106,QNPLGQFGPT,5788,True,10,
107,FMPSGFTGQS,5788,True,10,
108,VLPEPLWGNG,5788,True,10,
109,KMPSGATASG,5788,True,10,
110,GMPWSVRGTH,5788,True,10,
111,IMPSGFTGAY,5788,True,10,
112,RMPSGVRGTG,5788,True,10,
113,QSPLGFFGIA,5788,True,10,
114,GMPQGMLGQV,5788,True,10,
115,TMPSGMRGQY,5788,True,10,
116,FGPWSMRGHG,5788,True,10,
117,MSPLGWTSNF,5788,True,10,
118,FMPSGSGVIT,5788,True,10,
119,NRPSAMRGPG,5788,True,10,
120,WSPLGFHTQG,5788,True,10,
121,LMPSGFQGTW,5788,True,10,
122,RPPSGFYGIA,5788,True,10,
123,QHPFGNRGHG,5788,True,10,
124,VRPSAQVGTH,5788,True,10,
125,SNPFGYTWVQ,5788,True,10,
126,MMPSGFYGQA,5788,True,10,
127,QMPLGSTGVK,5788,True,10,
128,DAPSGMRGPG,5788,True,10,
129,MSPGGMYGHL,5788,True,10,
130,QIPLGYRGIT,5788,True,10,
131,RMPSGFRGQL,5788,True,10,
132,QIPRGMTGPF,5788,True,10,
133,MTPFGFIGNQ,5788,True,10,
134,MTPSGFYGTQ,5788,True,10,
135,GTPRAFKGTM,5788,True,10,
136,TRPFGMYGIS,5788,True,10,
137,QGPFGMFGIY,5788,True,10,
138,MAPSGVGSGV,5788,True,10,
139,APPSGFTGNR,5788,True,10,
140,VAPEPYWGWV,5788,True,10,
141,PMPSGFASIG,5788,True,10,
142,TFPLGFRGIL,5788,True,10,
143,HVPVAFYGIR,5788,True,10,
144,VMPSGFRGMR,5788,True,10,
145,YMPSGFRGEG,5788,True,10,
146,VPPWSVWGNG,5788,True,10,
147,TMPSGFRGNK,5788,True,10,
148,LMPLGFRGSR,5788,True,10,
149,MHPSGMYSGA,5788,True,10,
150,PGPLGFTGNW,5788,True,10,
151,RTPLGVEGMQ,5788,True,10,
152,KMPSGFRGAT,5788,True,10,
153,ATPSGYRGPQ,5788,True,10,
154,GMPRSYIGMQ,5788,True,10,
155,GQPSGYIGVG,5788,True,10,
156,LVPSGFTASG,5788,True,10,
157,GYPQGMRGPY,5788,True,10,
158,QMPSGFTSPY,5788,True,10,
159,SMPLGYHGVY,5788,True,10,
160,MMPLGFRGSY,5788,True,10,
161,QAPSGFHGMS,5788,True,10,
162,GMPWSVYGIY,5788,True,10,
163,SLPTGLTGLT,5788,True,10,
164,LSPTGMQGIG,5788,True,10,
165,VTPSGQWGVG,5788,True,10,
166,YAPGSMYGTI,5788,True,10,
167,MSPSGFRGQW,5788,True,10,
168,YQPSGFRGPA,5788,True,10,
169,LTPVGMRGNK,5788,True,10,
170,RMPSGFRGRQ,5788,True,10,
171,MTPYGMYGHG,5788,True,10,
172,QIPFGMRGMG,5788,True,10,
173,HAPLGFTSIA,5788,True,10,
174,TMPSGWTASG,5788,True,10,
175,HMPLGSTGPG,5788,True,10,
176,VMPSGFMSGR,5788,True,10,
177,TMPQGVRGLH,5788,True,10,
178,TVPWSVYGNV,5788,True,10,
179,VRPSGFTGHI,5788,True,10,
180,MRPLGYRGQR,5788,True,10,
181,MRPSGMIGSA,5788,True,10,
182,RSPLGFRGPG,5788,True,10,
183,QRPSGFVGMS,5788,True,10,
184,ATPSGQIGTG,5788,True,10,
185,IRPASMQGQL,5788,True,10,
186,RMPSGFYGVK,5788,True,10,
187,MRPSGFRGSL,5788,True,10,
188,RQPLGFVGKS,5788,True,10,
189,MAPWGVRGTY,5788,True,10,
190,REPLGMRGHG,5788,True,10,
191,HMPLGFTGIL,5788,True,10,
192,DVPGPFWGTG,5788,True,10,
193,MNPFGMWGMG,5788,True,10,
194,MHPSGFMGVY,5788,True,10,
195,VMPEPFWGMT,5788,True,10,
196,VGPTNLRGMS,5788,True,10,
197,VMPSGFVGTG,5788,True,10,
198,RFPQGQTASG,5788,True,10,
199,MTPLGIHGWY,5788,True,10,
200,YMPSGFWGTK,5788,True,10,
201,MNPSGMYGNS,5788,True,10,
202,TVPQGQRGSG,5788,True,10,
203,STPMGYTGML,5788,True,10,
204,HMPSGFWGNA,5788,True,10,
205,TMPYGMTGMY,5788,True,10,
206,AGPQWISPTA,5788,True,10,
207,GMPSGFRGLG,5788,True,10,
208,MTPSGQYGNT,5788,True,10,
209,HKGFRFTGTY,5788,True,10,
210,ARPQAVWGTY,5788,True,10,
211,LQPRGYTASG,5788,True,10,
212,NMPSGFIGIG,5788,True,10,
213,QPPSGMTGRG,5788,True,10,
214,RMPLGFTGMR,5788,True,10,
215,RTPLGVRGHG,5788,True,10,
216,TGPQAVLGQI,5788,True,10,
217,NGPWSYMGPS,5788,True,10,
218,HTPYGMYGVH,5788,True,10,
219,MVPRSVYGAR,5788,True,10,
220,TPPSGFYGMG,5788,True,10,
221,MQPFGMRGIG,5788,True,10,
222,MPPSGFTSAH,5788,True,10,
223,AQPSGMTGMI,5788,True,10,
224,FTPAGFHGWG,5788,True,10,
225,MWPSGFQGVG,5788,True,10,
226,GYPLGMRGPG,5788,True,10,
227,MQPSGMRGSQ,5788,True,10,
228,YAPLGFYGYH,5788,True,10,
229,TWPRELMGGF,5788,True,10,
230,TVPQGVTGMS,5788,True,10,
231,GMPLTFRGAG,5788,True,10,
232,QWPSGFRGAT,5788,True,10,
233,QGPWQIRGSR,5788,True,10,
234,YMPSGFRGMQ,5788,True,10,
235,RAPLGFTGHL,5788,True,10,
236,GMPSGFRGTY,5788,True,10,
237,QVPYGMHGHA,5788,True,10,
238,MWPFGMRNMK,5788,True,10,
239,IGPQGVQGNA,5788,True,10,
240,MFPYGMTGMQ,5788,True,10,
241,VMPSGFRGVY,5788,True,10,
242,RAPSGFKGTG,5788,True,10,
243,NWPSGMLGNG,5788,True,10,
244,QMPRSYTGIG,5788,True,10,
245,WGPSGFTASG,5788,True,10,
246,GMPSGFRGMK,5788,True,10,
247,MHPWGMTSPQ,5788,True,10,
248,FQPSAQYGNR,5788,True,10,
249,MTPMGYRGPG,5788,True,10,
250,VMPSGFRGIR,5788,True,10,
251,TVPWGVHGMS,5788,True,10,
252,FMPAQFTGQA,5788,True,10,
253,TRPSGMPGVA,5788,True,10,
254,TEPSGWTASG,5788,True,10,
255,LMPSGFRGHQ,5788,True,10,
256,HMPLGSIGAY,5788,True,10,
257,DYPSGFMSIV,5788,True,10,
258,NRPFGMANTQ,5788,True,10,
259,PPPSGFYGIG,5788,True,10,
260,HGPLGFMGMG,5788,True,10,
261,MVPSGVYGPA,5788,True,10,
262,MGPWGMRGNK,5788,True,10,
263,PWPSGFTGSG,5788,True,10,
264,QMPSGVFGAG,5788,True,10,
265,FGPQSYRGNT,5788,True,10,
266,PMPSGFTASG,5788,True,10,
267,LTPLGFRSMG,5788,True,10,
268,PWPEGFSGTF,5788,True,10,
269,MSPSGWRGNY,5788,True,10,
270,HQPSGFMGVA,5788,True,10,
271,MSPSGFTASG,5788,True,10,
272,YMPGTMLGTG,5788,True,10,
273,TLPQAVYGPG,5788,True,10,
274,LMPSGFRGTR,5788,True,10,
275,TFPLGFRAMT,5788,True,10,
276,EMPGSFYGTY,5788,True,10,
277,AMPSGMHGRQ,5788,True,10,
278,VRPSAWIGEH,5788,True,10,
279,HMPQGFTATS,5788,True,10,
280,HTPLGQIGQG,5788,True,10,
281,MTPLGFRGTG,5788,True,10,
282,HQPSGVTASG,5788,True,10,
283,PMPLGFHGHS,5788,True,10,
284,ITPLGNTGNT,5788,True,10,
285,RIPAGMQGPQ,5788,True,10,
286,YMPSGFRGIG,5788,True,10,
287,TMPFGQMGMI,5788,True,10,
288,GMPLGMRGQA,5788,True,10,
289,TMWSNMAGLA,5788,True,10,
290,SRPSAYTGPT,5788,True,10,
291,NGPYGMRGMT,5788,True,10,
292,MVPSAVYGWI,5788,True,10,
293,TRPMGMIGTY,5788,True,10,
294,MQPSGQFGTS,5788,True,10,
295,QVPSGVFSQR,5788,True,10,
296,ATPSGFTGQG,5788,True,10,
297,QNPMGMFNLY,5788,True,10,
298,TQPAGYFGMG,5788,True,10,
299,VMPSGFTASG,5788,True,10,known_sequence
300,ASPSGFMGIG,5788,True,10,
301,FQPSGMHGTG,5788,True,10,
302,PIPSGMRGIQ,5788,True,10,
303,ITPSGMHGTF,5788,True,10,
304,TRPLGYTASG,5788,True,10,
305,MLPMGFRGMH,5788,True,10,
306,VYPSGWYGMS,5788,True,10,
307,LAPSGFQNSL,5788,True,10,
308,GTPLGQYGNG,5788,True,10,
309,QVPWAVMGAG,5788,True,10,
310,MMPSGMRGHV,5788,True,10,
311,VIPSGVYGSY,5788,True,10,
312,LMPSGFRGMR,5788,True,10,
313,VRPSHWTGNI,5788,True,10,
314,TVPYGMRGNF,5788,True,10,
315,QRPSGMFGMR,5788,True,10,
316,LMPLGFRGNT,5788,True,10,
317,QPPQGMTGWH,5788,True,10,
318,TMPSGVIGAF,5788,True,10,
319,TAPSGFTASG,5788,True,10,
320,HMPLGQTGHG,5788,True,10,
321,MWPSGMRGMS,5788,True,10,
322,FLPYGMHGPG,5788,True,10,
323,TSPMGMRGTA,5788,True,10,
324,PMPLGFSGWG,5788,True,10,
325,MYPQGMVGSM,5788,True,10,
326,VTPRSWIGTG,5788,True,10,
327,SRPHGFQGRY,5788,True,10,
328,MAPLGFYGPS,5788,True,10,
329,NVPQGVAGNY,5788,True,10,
330,RMPLGQVGMA,5788,True,10,
331,GWPSGMRNMQ,5788,True,10,
332,MGPWGMRGIR,5788,True,10,
333,LNPAGFTASG,5788,True,10,
334,TMPLGYTGIS,5788,True,10,
335,LGPSGRTASG,5788,True,10,
336,LMPSGFRAEG,5788,True,10,
337,VMPSGYMGPL,5788,True,10,
338,QMPFGFMGNS,5788,True,10,
339,TMPSGWYGQH,5788,True,10,
340,TRPSGVMGAR,5788,True,10,
341,VFPSGMYGNG,5788,True,10,
342,MTPVGFWGMT,5788,True,10,
343,FTPSGFQGPA,5788,True,10,
344,TGPYQVRGAG,5788,True,10,
345,RTPLGQRGTS,5788,True,10,
346,SMPSGFTSNR,5788,True,10,
347,RMPSGFTGVL,5788,True,10,
348,TMPSGFQGPF,5788,True,10,
349,FMPSGFRGVG,5788,True,10,
350,GTPLGSTAHY,5788,True,10,
351,MIPRGMHGPL,5788,True,10,
352,QSPLGFTGMK,5788,True,10,
353,NVPSGFTASG,5788,True,10,
354,RWPSAFIGPS,5788,True,10,
355,QRPSGMRGLT,5788,True,10,
356,RTPSGFRGNG,5788,True,10,
357,MMPQGVRSGL,5788,True,10,
358,YRPAGMRGSG,5788,True,10,
359,VMPSGFWSAS,5788,True,10,
360,FPPWAFYAMS,5788,True,10,
361,VTPTGFLGAI,5788,True,10,
362,MQPWGLIGQT,5788,True,10,
363,MGPWGMLGQS,5788,True,10,
364,ATPLGVYGEK,5788,True,10,
365,MRPSGVYGIH,5788,True,10,
366,KSPSGFRGVL,5788,True,10,
367,VMPWGFWGQI,5788,True,10,
368,TMPWGVMGEG,5788,True,10,
369,RSPLGFHGPF,5788,True,10,
370,MQPSGVRGTA,5788,True,10,
371,TQPSGVTSHG,5788,True,10,
372,NQPSGFMGVH,5788,True,10,
373,GYPWSNRGTS,5788,True,10,
374,AFPGSFRGSK,5788,True,10,
375,GMPSGFTGNW,5788,True,10,
376,MNPSGFTNGY,5788,True,10,
377,LRPSPFYGQR,5788,True,10,
378,MAPAGWLGTI,5788,True,10,
379,HKPFGSLGAH,5788,True,10,
380,IPPEGFTGIF,5788,True,10,
381,WTPAGMFGTT,5788,True,10,
382,GMPSGFTSWR,5788,True,10,
383,QTPLGQKGRT,5788,True,10,
384,FDPSGMRGNL,5788,True,10,
385,GTPVGFMGST,5788,True,10,
386,YVPLGVRGIT,5788,True,10,
387,AKPSGVFGPT,5788,True,10,
388,PMPLGFAGIK,5788,True,10,
389,PTPAGFTGQV,5788,True,10,
390,TMPSWILGIS,5788,True,10,
391,TPPMGMTGNF,5788,True,10,
392,GPPSGFLGTG,5788,True,10,
393,MKPSGSIGTI,5788,True,10,
394,HVPLGVMGQG,5788,True,10,
395,LQPSGFYGPG,5788,True,10,
396,YTPSGQRGTA,5788,True,10,
397,QGPQGMTGMG,5788,True,10,
398,FVPSGFTGTQ,5788,True,10,
399,TMPQGMTGNH,5788,True,10,
400,RDPRGQVAVI,4301,True,10,
401,AWPRGVRTVK,4301,True,10,
402,WNPRGQVTGK,4301,True,10,
403,NVPRAVRTGK,4301,True,10,
404,YKPRGLSTGK,4301,True,10,
405,WVPVGMHNIS,4301,True,10,
406,WPRPLREAGA,4301,True,10,
407,IAPRGYTVGF,4301,True,10,
408,KTPRGNQDAY,4301,True,10,
409,MVPRGVHYPV,4301,True,10,
410,GIPRPVRTAS,4301,True,10,
411,VRPVGMQDGQ,4301,True,10,
412,RPVAGLYSNA,4301,True,10,
413,ACPRGVQVRG,4301,True,10,
414,RQPRGVRAWG,4301,True,10,
415,WRPRGFGDTR,4301,True,10,
416,SGWRALHTAT,4301,True,10,
417,VAPAQVWTVG,4301,True,10,
418,WYPRGLRDNG,4301,True,10,
419,PHPRGNTVGW,4301,True,10,
420,CIPRAFHDTI,4301,True,10,
421,GVPRGVRTWY,4301,True,10,
422,RMPRGMTYSH,4301,True,10,
423,KGPRGVASNG,4301,True,10,
424,WGPRGFYSNG,4301,True,10,
425,YMPRGMRTWF,4301,True,10,
426,VQPRGVKSAG,4301,True,10,
427,CHPRGSAVQT,4301,True,10,
428,WVPRGSGVPG,4301,True,10,
429,FTPRGNTVSR,4301,True,10,
430,RAPRGFRTWK,4301,True,10,
431,HYPRGLTQGY,4301,True,10,
432,AWPRGNKSPS,4301,True,10,
433,RSPRGTASEG,4301,True,10,
434,RWPRGQGYER,4301,True,10,
435,TGPRQMRDGY,4301,True,10,
436,RWPSGMYTNK,4301,True,10,
437,HEPRGMYTVY,4301,True,10,
438,SGPKGMRTAS,4301,True,10,
439,QWPWGMFDPQ,4301,True,10,
440,EAPRSWRGRH,4301,True,10,
441,MAPKGMKSTY,4301,True,10,
442,VTPVGFWSTG,4301,True,10,
443,ESPRGVRSGQ,4301,True,10,
444,NPPRGWRAGT,4301,True,10,
445,TIPRAVTASG,4301,True,10,
446,KQPRGVIVNW,4301,True,10,
447,TFPRGVRTNG,4301,True,10,
448,QWPAGVLTVG,4301,True,10,
449,YQPRGSRAKR,4301,True,10,
450,YNPRGVKTGV,4301,True,10,
451,HQPRGNSTAS,4301,True,10,
452,WHPSGWRART,4301,True,10,
453,RGPKGMHTAS,4301,True,10,
454,PCPRGMKTGW,4301,True,10,
455,IDPRGQVTAS,4301,True,10,
456,GSPRGFVANI,4301,True,10,
457,SCPVGMLDTG,4301,True,10,
458,KQPIHMHDVG,4301,True,10,
459,WFPVGMGVKA,4301,True,10,
460,MGPRAVKDSG,4301,True,10,
461,VGPRAVKAGY,4301,True,10,
462,GQPRGVRTAS,4301,True,10,
463,TGPRSMWTAS,4301,True,10,
464,VGPRQVRVRG,4301,True,10,
465,VHPRAWVTAS,4301,True,10,
466,QWPRGFRTAH,4301,True,10,
467,ATPRGNSTGL,4301,True,10,
468,RVPVGMYTGS,4301,True,10,
469,MQPRGMKTVY,4301,True,10,
470,MSPRGQTASG,4301,True,10,
471,LGPRPVIDGW,4301,True,10,
472,RDVRGMYTWR,4301,True,10,
473,NHPRAVYTAS,4301,True,10,
474,TQPVGMWDPG,4301,True,10,
475,WTPRGNRVKR,4301,True,10,
476,GRPRGVRSPT,4301,True,10,
477,MAPRGMTVRH,4301,True,10,
478,SGPRGMAVTA,4301,True,10,
479,KGPRSMWGRG,4301,True,10,
480,QTPRGNGVHR,4301,True,10,
481,QPPKGFTGMK,4301,True,10,
482,KMPRGVKGMH,4301,True,10,
483,GSPRSWRGWI,4301,True,10,
484,HRPRGNADIL,4301,True,10,
485,HVPRGVRTGA,4301,True,10,
486,FAPRGFKSEH,4301,True,10,
487,WQPRGVRGES,4301,True,10,
488,GDPRGMTVGR,4301,True,10,
489,NVPRGQVTAG,4301,True,10,
490,QVPRAVIGPR,4301,True,10,
491,WQPSGWRTMR,4301,True,10,
492,TYPRGMGVEQ,4301,True,10,
493,KWPVGMTDTY,4301,True,10,
494,VIPRPFLDST,4301,True,10,
495,YVPSGVTASG,4301,True,10,
496,QFPRGQTASG,4301,True,10,
497,FQPRGVGTAV,4301,True,10,
498,RGPKGMRDHY,4301,True,10,
499,YVPRGVRASG,4301,True,10,
500,QWPRGSTASG,4301,True,10,
501,TAPRPVTASG,4301,True,10,
502,MGPRGNRSEV,4301,True,10,
503,WHPRGMHSPG,4301,True,10,
504,DYPRAFWAPQ,4301,True,10,
505,WAPRGVKSGH,4301,True,10,
506,NRPFGMATNV,4301,True,10,
507,RVPRGVRAGR,4301,True,10,
508,PTPGAMYANG,4301,True,10,
509,RVPRGMHDHI,4301,True,10,
510,SMPRGMKVAK,4301,True,10,
511,WTPVGMRNPY,4301,True,10,
512,SLPGAHMGES,4301,True,10,
513,MAPRGVRTGT,4301,True,10,
514,WTPLGQRVNK,4301,True,10,
515,RHPRGVIDER,4301,True,10,
516,HGPRGSQDMG,4301,True,10,
517,ASPRGQWTAK,4301,True,10,
518,IRPRGNWVKF,4301,True,10,
519,QMPRGSQDGS,4301,True,10,
520,MPREPATNKV,4301,True,10,
521,HSPRGFRTAR,4301,True,10,
522,ATPRGNRDQT,4301,True,10,
523,RHPLGFKGAS,4301,True,10,
524,RPLQNWHSAF,4301,True,10,
525,VTPRGMKAPI,4301,True,10,
526,PRPRGQRSGW,4301,True,10,
527,TAPRGVKVQF,4301,True,10,
528,SGPRGVRGTA,4301,True,10,
529,RDPRGTKVIT,4301,True,10,
530,MGSWGWRVMG,4301,True,10,
531,GQPRGSWSPG,4301,True,10,
532,LAPRPVIGHF,4301,True,10,
533,QAPRGFTASG,4301,True,10,
534,RQPRGTALGK,4301,True,10,
535,PQPRSWRGEH,4301,True,10,
536,TSPRASIDNY,4301,True,10,
537,NWPRGYFVGK,4301,True,10,
538,SAPRGSIDEA,4301,True,10,
539,MQPRGQTASG,4301,True,10,
540,GDPRGVQVSH,4301,True,10,
541,SKPRGWHGQK,4301,True,10,
542,REPRNVKSAS,4301,True,10,
543,VQPKGMRGWT,4301,True,10,
544,KHPRGVKDET,4301,True,10,
545,VIPRPVRDVY,4301,True,10,
546,PEPRGVRTAS,4301,True,10,
547,WKPRGWRTAG,4301,True,10,
548,CPPKGMQDPR,4301,True,10,
549,MSPRGVGAWR,4301,True,10,
550,CAPRGYKDFI,4301,True,10,
551,MGPRAVAGAH,4301,True,10,
552,GQPRGMKTAS,4301,True,10,
553,GKPRWMKTAS,4301,True,10,
554,MARPLRPVTQ,4301,True,10,
555,GYPRGVLDGA,4301,True,10,
556,WYPRGMHTAV,4301,True,10,
557,HPPRGQGSGV,4301,True,10,
558,GKPSGWRVKY,4301,True,10,
559,RAPRGMKGPH,4301,True,10,
560,LTPRGNKDGF,4301,True,10,
561,GYPRPVTASG,4301,True,10,
562,RWPRGFKNGI,4301,True,10,
563,HGPRGSYTAQ,4301,True,10,
564,KASPAMYDVF,4301,True,10,
565,IQPRGSLDAH,4301,True,10,
566,RNPRGVRTVK,4301,True,10,
567,IHPRGMGDPG,4301,True,10,
568,QRPRGVYTAG,4301,True,10,
569,SDPRGMTVGH,4301,True,10,
570,KDPKGMTASG,4301,True,10,
571,HYPRGMKSHL,4301,True,10,
572,WFPVGMTVGA,4301,True,10,
573,KDPRGVAVNR,4301,True,10,
574,FAPRGFRAQV,4301,True,10,
575,WLPRGVSTEG,4301,True,10,
576,PVPRPVWDWQ,4301,True,10,
577,WYPRGLIVGT,4301,True,10,
578,RHPIGIYTAS,4301,True,10,
579,YSPRGMRTGS,4301,True,10,
580,FAPRGWIDHQ,4301,True,10,
581,SRPRGVGVFQ,4301,True,10,
582,KMPRGVRVTK,4301,True,10,
583,WSPRGMRTWY,4301,True,10,
584,GWPRGMLVPG,4301,True,10,
585,NMVKGMYSPS,4301,True,10,
586,AYPRGMRTSG,4301,True,10,
587,QPPRGQVTPQ,4301,True,10,
588,ISPVQMKSPV,4301,True,10,
589,QAPRGFASAY,4301,True,10,
590,TQPRGLKDGI,4301,True,10,
591,FNPFGMRSGK,4301,True,10,
592,QNPRGNVDEK,4301,True,10,
593,GAPYGMRTAS,4301,True,10,
594,RLPVGMWSPY,4301,True,10,
595,SLPRPVRTAS,4301,True,10,
596,HTPRGLSDWH,4301,True,10,
597,WTPRGNATPS,4301,True,10,
598,QGPRGVTVSK,4301,True,10,
599,RTPRGNWDNI,4301,True,10,
600,EPPRGWRTWY,4301,True,10,
601,WIPKGMRTWG,4301,True,10,
602,SRPRGMTASG,4301,True,10,
603,QYPRGMRTWA,4301,True,10,
604,LSPVGMRVHG,4301,True,10,
605,FTPVGMYTWI,4301,True,10,
606,YNPAGVRTKG,4301,True,10,
607,WTPRGQVTIG,4301,True,10,
608,KFPRGQVTGI,4301,True,10,
609,RYPRAMHDGS,4301,True,10,
610,SNPVGMWDWL,4301,True,10,
611,YVPRSVTASG,4301,True,10,
612,STPRGTATAS,4301,True,10,
613,WGPRPVWANF,4301,True,10,
614,PNPRGMRDEQ,4301,True,10,
615,RGPRPVADGY,4301,True,10,
616,RHPRGFRTAK,4301,True,10,
617,WGPRGMTVAG,4301,True,10,
618,QTPRGMWAGI,4301,True,10,
619,PVPRVLVGNR,4301,True,10,
620,YGPRGFGDWF,4301,True,10,
621,TAPRGVRDIL,4301,True,10,
622,SQPRGLFTVK,4301,True,10,
623,TQPRGVRTNH,4301,True,10,
624,HMPRGSTASG,4301,True,10,
625,RPPRGFTASG,4301,True,10,
626,KTPRGQTASG,4301,True,10,
627,RGPLGQIDRL,4301,True,10,
628,PDVRGMTASG,4301,True,10,
629,WSPVGMTASG,4301,True,10,
630,QAPRGMKYMG,4301,True,10,
631,WSPKGMRTKF,4301,True,10,
632,RSPVGMTASG,4301,True,10,
633,PFPTGMRVRG,4301,True,10,
634,IYPRAMRDGR,4301,True,10,
635,HIPRAMKSTY,4301,True,10,
636,DMPRGMTVRA,4301,True,10,
637,TGVRAMQDSI,4301,True,10,
638,RTPRGNKDEW,4301,True,10,
639,MVPRGVGAEG,4301,True,10,
640,QFPRGVRGVA,4301,True,10,
641,NTPRGNHDPW,4301,True,10,
642,RHPVWMIGEY,4301,True,10,
643,WKPRGVKSER,4301,True,10,
644,SRPRGSFVGY,4301,True,10,
645,KLPRAVKAGT,4301,True,10,
646,VHPRSNAVPK,4301,True,10,
647,HQPRGWVTAS,4301,True,10,
648,SAPKGVRDTS,4301,True,10,
649,WGPRGMRTGQ,4301,True,10,
650,DMPRGMSTAS,4301,True,10,
651,GWPRGMRTAS,4301,True,10,
652,WNPLASRGAY,4301,True,10,
653,FWPRGSKSKV,4301,True,10,
654,MLPRVLKGVY,4301,True,10,
655,RYPRGLSDPT,4301,True,10,
656,QRPRGQYAIK,4301,True,10,
657,GRPRSWKGQA,4301,True,10,
658,GHPRGSRTAS,4301,True,10,
659,VQPRSWTGKH,4301,True,10,
660,KMPRGSTVIT,4301,True,10,
661,WGPRGVTVQL,4301,True,10,
662,YGPRGQVAMG,4301,True,10,
663,CWPRGWHVKT,4301,True,10,
664,LMPRSMRDIF,4301,True,10,
665,EPPRGFIVMK,4301,True,10,
666,DLPRAWIVYF,4301,True,10,
667,RYPRGLFTVG,4301,True,10,
668,VAPRSMRGEG,4301,True,10,
669,TQPRGVRDGT,4301,True,10,
670,AGPRSMVAEK,4301,True,10,
671,LIPHGFFVGQ,4301,True,10,
672,VRPRGSTASG,4301,True,10,
673,KLPRAVMTGS,4301,True,10,
674,TDPRGMRAGY,4301,True,10,
675,TIPRGNRAIT,4301,True,10,
676,KYPRGVTVWR,4301,True,10,
677,KEPRGMRTAY,4301,True,10,
678,AQPRGVRDAG,4301,True,10,
679,TRPRGMRTIT,4301,True,10,
680,WRPRGFHGEH,4301,True,10,
681,TEPRGVRYQH,4301,True,10,
682,RSPRGYHANT,4301,True,10,
683,FTPRGQVARG,4301,True,10,
684,WHPRGMYTGW,4301,True,10,
685,YFPRGNRAIT,4301,True,10,
686,WRPRGSKDQG,4301,True,10,
687,ITVRGMRTAS,4301,True,10,
688,PGPRSMWDWG,4301,True,10,
689,PVPRGLVTGS,4301,True,10,
690,GSPRGWKSTY,4301,True,10,
691,RGPKGMRTAS,4301,True,10,
692,QAPRGVREQY,4301,True,10,
693,PFPRAFATHG,4301,True,10,
694,AVPRGVSVEK,4301,True,10,
695,HQPRGVRYNG,4301,True,10,
696,GRPRGSAGNV,4301,True,10,
697,CWPRGQVGPK,4301,True,10,
698,PLPRWMWGNG,4301,True,10,
699,PRPRGMRTPY,4301,True,10,
700,TAPRGFWDPG,4301,True,10,
701,MGPRGMLTEK,4301,True,10,
702,QKPRGWVTNK,4301,True,10,
703,YQPKGMRTGI,4301,True,10,
704,MTPRGNITWV,4301,True,10,
705,TWPRGMRDPG,4301,True,10,
706,ATPRGFQDHG,4301,True,10,
707,KLPRAWTASG,4301,True,10,
708,KPPRGASNTW,4301,True,10,
709,ERPAGMKDGQ,4301,True,10,
710,SAPRWLGDGV,4301,True,10,
711,PKPRGNRNTG,4301,True,10,
712,KWPVGMRTAG,4301,True,10,
713,FPPRGSQATK,4301,True,10,
714,PQPKGMRTWG,4301,True,10,
715,RGPRPVWDKG,4301,True,10,
716,PNPRGQYVIT,4301,True,10,
717,VLPRPFIDQG,4301,True,10,
718,WPPRGWGWTG,4301,True,10,
719,GWPRGFITAS,4301,True,10,
720,RPPTGMRDTS,4301,True,10,
721,GLPRPVWATQ,4301,True,10,
722,WKPRGMHTEK,4301,True,10,
723,SKPRGVRTAS,4301,True,10,
724,GYPRGSKTAS,4301,True,10,
725,KGPRSYIGIY,4301,True,10,
726,KGPRGSVDHT,4301,True,10,
727,MGPRAVKDGK,4301,True,10,
728,TGVYGMWGHG,4301,True,10,
729,RVPKGMRVGR,4301,True,10,
730,MTPRGMKTQA,4301,True,10,
731,YRPVGMRTAS,4301,True,10,
732,RGPVGMAVNG,4301,True,10,
733,GWPRGLVDTY,4301,True,10,
734,CPPRGSAVNW,4301,True,10,
735,HPLRSLRDGW,4301,True,10,
736,VAPRGVKSEW,4301,True,10,
737,VRPRGQIGVK,4301,True,10,
738,WVPKGMRHSK,4301,True,10,
739,PAPRPLADPA,4301,True,10,
740,TPPLGFKDIQ,4301,True,10,
741,LAPRGQVTWV,4301,True,10,
742,LWPVGMRTAR,4301,True,10,
743,PAPRGQVDWR,4301,True,10,
744,SVPRGQVVVG,4301,True,10,
745,GWPVGMRTAS,4301,True,10,
746,RDPRGLTVTG,4301,True,10,
747,QSPRGVRDGY,4301,True,10,
748,WGPRGSYTEK,4301,True,10,
749,AMPRGVKDIG,4301,True,10,
750,AGPRSWAGIR,4301,True,10,
751,RAPRGFQDTI,4301,True,10,
752,HYPRAMWHAL,4301,True,10,
753,INPRQVFAWY,4301,True,10,
754,DPRPKRPVGQ,4301,True,10,
755,LTPIGMYTRT,4301,True,10,
756,CMPRGMFVAK,4301,True,10,
757,NTPVGMYTPF,4301,True,10,
758,KMPRGVTDGT,4301,True,10,
759,GHPRAMRTAS,4301,True,10,
760,RSPKGMRDAG,4301,True,10,
761,IGPYGMYTAK,4301,True,10,
762,PRPTGMRDGY,4301,True,10,
763,VDPRGYRTWY,4301,True,10,
764,QNPSGWRTPK,4301,True,10,
765,QVPRGVYVTS,4301,True,10,
766,KQPRGQLDEV,4301,True,10,
767,RTPRGQITGW,4301,True,10,
768,HTPRGNIDHK,4301,True,10,
769,KWPVGMTASG,4301,True,10,
770,ERPGWMKHGT,4301,True,10,
771,VWPMGMFVWK,4301,True,10,
772,GWPRGVRYPI,4301,True,10,
773,PWPRSWYTNG,4301,True,10,
774,PAPRGFKSGH,4301,True,10,
775,MAPKGMRDNV,4301,True,10,
776,RVPSGWQGES,4301,True,10,
777,WAPRGSAGNS,4301,True,10,
778,QWPVGMYSTR,4301,True,10,
779,PKGRPLRATG,4301,True,10,
780,FPPRGMRDPW,4301,True,10,
781,WTPRGNTASG,4301,True,10,
782,WRPRGLSYKA,4301,True,10,
783,SNPRGMKTGF,4301,True,10,
784,QMPRGFRDEF,4301,True,10,
785,YVLRGLRTAS,4301,True,10,
786,GTPRGSRTAS,4301,True,10,
787,GEPRNVKTAS,4301,True,10,
788,KGPRPVITAS,4301,True,10,
789,MGPRSMLGNF,4301,True,10,
790,RAPRSMWDKG,4301,True,10,
791,ETPRGWKGWR,4301,True,10,
792,PGPRSRGISP,4301,True,10,
793,AQPIGMRTIT,4301,True,10,
794,MGLRSLQSGK,4301,True,10,
795,LGPLGFRSNW,4301,True,10,
796,RTPRGNVSGH,4301,True,10,
797,WPVRSMRSGS,4301,True,10,
798,GQPIGMYTAS,4301,True,10,
799,IGPRAVAVHA,4301,True,10,
800,KVPVWMRGSG,3389,True,10,
801,HAPRNVTGGQ,3389,True,10,
802,VNPRWLRSGA,3389,True,10,
803,FSQVPMWGHQ,3389,True,10,
804,GVPRQVIAWT,3389,True,10,
805,EKPAWMKGPS,3389,True,10,
806,SNPRWMAGNQ,3389,True,10,
807,QMPRGQKGKL,3389,True,10,
808,YHPVGMTSHT,3389,True,10,
809,MQPRGVRGVK,3389,True,10,
810,VDVQGMRGST,3389,True,10,
811,AGPVWMVGTG,3389,True,10,
812,NDGRPLIGNW,3389,True,10,
813,QPPVHMFGQG,3389,True,10,
814,YSPRWMSTWV,3389,True,10,
815,AWPRWMIGTG,3389,True,10,
816,TVPKNSWGVS,3389,True,10,
817,WQPTGRSVTA,3389,True,10,
818,TGPRSLKGER,3389,True,10,
819,AEPVWYTGKQ,3389,True,10,
820,MRPRGQWGRG,3389,True,10,
821,VRPSWLSGRT,3389,True,10,
822,STPRGVYGSH,3389,True,10,
823,QNPFGMRGKI,3389,True,10,
824,VMPRNVKGPS,3389,True,10,
825,AGVWGIRGMG,3389,True,10,
826,MGKGYTSAVP,3389,True,10,
827,SGPGWMSTGT,3389,True,10,
828,EWPSWMYGTS,3389,True,10,
829,GAPRSMHGVA,3389,True,10,
830,SLPRFTDGIS,3389,True,10,
831,GVPVQMTGPL,3389,True,10,
832,FIPAWMRGIK,3389,True,10,
833,GVPSGVTASG,3389,True,10,
834,SQSMWLFGSI,3389,True,10,
835,SIPVWMTGPT,3389,True,10,
836,MPWSGMCGQT,3389,True,10,
837,MQPRNVYGNY,3389,True,10,
838,ATPRGQIGRS,3389,True,10,
839,AMPKWMRGQT,3389,True,10,
840,DTPVWMKGKY,3389,True,10,
841,GQPVPMWGLG,3389,True,10,
842,GTPRGNVGRQ,3389,True,10,
843,NYPVWMRGTH,3389,True,10,
844,GTPRSVMGSG,3389,True,10,
845,VSPRWMKGNK,3389,True,10,
846,GAPSGMAGQK,3389,True,10,
847,NPPSGMTNSL,3389,True,10,
848,GSPSGWRGVG,3389,True,10,
849,IVPKWMHGEG,3389,True,10,
850,PGPVWMQSLR,3389,True,10,
851,AQWASMSGVG,3389,True,10,
852,KAPRWIMGEY,3389,True,10,
853,STPVQMRGSY,3389,True,10,
854,KAPAWVRGQG,3389,True,10,
855,DHPVSMYGSR,3389,True,10,
856,NGPYGMTSQI,3389,True,10,
857,DVPVWMHGQG,3389,True,10,
858,EYPRWITGEF,3389,True,10,
859,VGPSWIRGQY,3389,True,10,
860,PFPRSMSGPL,3389,True,10,
861,GEPSGWRGTF,3389,True,10,
862,ADPKWMRGHS,3389,True,10,
863,YEPVGMRGTV,3389,True,10,
864,FNPSWTAGTG,3389,True,10,
865,PSPKWMIGNV,3389,True,10,
866,NVPSWMVGNR,3389,True,10,
867,DQEWPMAGPW,3389,True,10,
868,YTPVWMTGTA,3389,True,10,
869,FIPFWSTGHK,3389,True,10,
870,GVPRNVTASG,3389,True,10,
871,FVPVGMHGEY,3389,True,10,
872,EVPRWMSGTG,3389,True,10,
873,VDPSWSYGTK,3389,True,10,
874,YPPSWLIGMW,3389,True,10,
875,YDVSWMYGVG,3389,True,10,
876,GPAFHIYGNG,3389,True,10,
877,IAPSWMRGAS,3389,True,10,
878,VSPVWLRGRG,3389,True,10,
879,EGPSGLVGKS,3389,True,10,
880,AFWESMIGLG,3389,True,10,
881,FIWMGMTASG,3389,True,10,
882,TQPKGMYGIG,3389,True,10,
883,GYPRGFHSNH,3389,True,10,
884,AGSWPMRGIG,3389,True,10,
885,IYPSGMFGPF,3389,True,10,
886,DAPRNVAGVT,3389,True,10,
887,DIPAWMHSIQ,3389,True,10,
888,NVPQWITGPH,3389,True,10,
889,AWPRWMRSNG,3389,True,10,
890,AMPRFIWGQL,3389,True,10,
891,TGPKGMTNIV,3389,True,10,
892,DTPRWMVGAS,3389,True,10,
893,GRPRWLMNIS,3389,True,10,
894,AKPDWMIGIG,3389,True,10,
895,ISPVWMRGQR,3389,True,10,
896,TVPRWLYGAY,3389,True,10,
897,SGVSWLASGL,3389,True,10,
898,EIPRPVMGAA,3389,True,10,
899,EYPVWMIGQR,3389,True,10,
900,TVPVWMVGEG,3389,True,10,
901,REPVWMHGHG,3389,True,10,
902,VQPVALWGIG,3389,True,10,
903,TGPSWIQGPV,3389,True,10,
904,QTPRAVIGTQ,3389,True,10,
905,KDPKGMKGWT,3389,True,10,
906,VHPFGMKGLF,3389,True,10,
907,GSPRNVRGPK,3389,True,10,
908,TVPFWMRGWA,3389,True,10,
909,DAPKGVAGAW,3389,True,10,
910,FAPKSMINQT,3389,True,10,
911,PVPSWIKGMS,3389,True,10,
912,GAPRSWYSGA,3389,True,10,
913,AFVKGMTSPG,3389,True,10,
914,HNVFWMWGLG,3389,True,10,
915,TPVQWMYGEG,3389,True,10,
916,GPPRGMWSAL,3389,True,10,
917,ATPSWMKGIS,3389,True,10,
918,KQPFGMHGTR,3389,True,10,
919,GSPVWLMGIW,3389,True,10,
920,SRVRGVYGMA,3389,True,10,
921,PSPRYMWGIS,3389,True,10,
922,GAPRSWINWI,3389,True,10,
923,PIPVWMHGVG,3389,True,10,
924,FQPRNVLGHT,3389,True,10,
925,RAVWGIRSAR,3389,True,10,
926,VWPTGMRGMQ,3389,True,10,
927,MVPKWMSGAH,3389,True,10,
928,LVPSWLVGTH,3389,True,10,
929,SNPAWMVGAQ,3389,True,10,
930,GVPRNVGTAS,3389,True,10,
931,NTVKGMTASG,3389,True,10,
932,KWPVGMTNHS,3389,True,10,
933,EHPIGMYGVG,3389,True,10,
934,GSVRGVRGIR,3389,True,10,
935,FVPRGLGSVQ,3389,True,10,
936,VWPVGMTSGT,3389,True,10,
937,DSPRWMHGWT,3389,True,10,
938,RMPRQVMTVF,3389,True,10,
939,NAPKWMRGLG,3389,True,10,
940,NPVWGIRSVV,3389,True,10,
941,KWPSGMYGTK,3389,True,10,
942,WTPSGWRGQG,3389,True,10,
943,FSVRGMRGVH,3389,True,10,
944,ASPIWTASGI,3389,True,10,
945,GSPRWLTGAS,3389,True,10,
946,FSPRWMTSTG,3389,True,10,
947,AKPVGMYGKG,3389,True,10,
948,ISPVWMIGPR,3389,True,10,
949,VKPSGVLGHT,3389,True,10,
950,AVYRWMMGPG,3389,True,10,
951,TWPRGMRGWG,3389,True,10,
952,QTPLGVKANG,3389,True,10,
953,VTPVGMIGTR,3389,True,10,
954,TVPKWMRGSG,3389,True,10,
955,VKVRGMYGTS,3389,True,10,
956,LSPVPFIGWG,3389,True,10,
957,MSGRWLRGIG,3389,True,10,
958,GVPRAVANTR,3389,True,10,
959,TMPRGVHGPG,3389,True,10,
960,SGPKWMRGTA,3389,True,10,
961,GWPRWMRGNS,3389,True,10,
962,GVPRWITGSG,3389,True,10,
963,TNPVWMRGVF,3389,True,10,
964,DPRDQREITF,3389,True,10,
965,ASPSWLRSIG,3389,True,10,
966,VGPFWMKGNT,3389,True,10,
967,DGPVGMYVGA,3389,True,10,
968,TSPRGVRVWQ,3389,True,10,
969,TWPFGMKNWI,3389,True,10,
970,QEPVWMRGTS,3389,True,10,
971,GAPRNVTGSK,3389,True,10,
972,MGPRSLYGIA,3389,True,10,
973,DMPFGMYTPY,3389,True,10,
974,MGPKWMVGMG,3389,True,10,
975,GTPVGMYGTL,3389,True,10,
976,AVPSWSMGSH,3389,True,10,
977,DAPRWMIGNW,3389,True,10,
978,VERTNRSVHQ,3389,True,10,
979,VAPAWMIGNS,3389,True,10,
980,YVPVGMRGIG,3389,True,10,
981,TGPVWMIGNL,3389,True,10,
982,KDPRWMWGPF,3389,True,10,
983,YFPRWMHVMT,3389,True,10,
984,EQPRGMTGMH,3389,True,10,
985,TIPWHIVGQS,3389,True,10,
986,SEPRGMTGQG,3389,True,10,
987,GPVRGMSGVR,3389,True,10,
988,KRPSWVMGEK,3389,True,10,
989,VQPRSLHSIT,3389,True,10,
990,ERPSWLMGVG,3389,True,10,
991,LVPKWMIGNG,3389,True,10,
992,AVPVWMTGAG,3389,True,10,
993,NSPAWMKGMR,3389,True,10,
994,PHPVGMTGIG,3389,True,10,
995,TMPVGMVGYW,3389,True,10,
996,NMPSWSMATG,3389,True,10,
997,RSPRWMIGSG,3389,True,10,
998,DSPRWLGGVG,3389,True,10,
999,TVPKWMVGIY,3389,True,10,
1000,WEPSGMYNMG,3389,True,10,
1001,TAPKWMHGRK,3389,True,10,
1002,VGPVWMYGSG,3389,True,10,
1003,TVPQWIHGVA,3389,True,10,
1004,GFPVGMYSIL,3389,True,10,
1005,QEVRGVRSLF,3389,True,10,
1006,IWPRWMVGNG,3389,True,10,
1007,NTVWGMRGTS,3389,True,10,
1008,PTPRGWTGIF,3389,True,10,
1009,LWPRGVTDVA,3389,True,10,
1010,NMVWGIYGPF,3389,True,10,
1011,GLPAWMKGLR,3389,True,10,
1012,DKPRGMRGNF,3389,True,10,
1013,STVRGMHGNL,3389,True,10,
1014,STPVGMWGTS,3389,True,10,
1015,DAWSAMRGPA,3389,True,10,
1016,DMGRPMWGAG,3389,True,10,
1017,QAPKWMRGQA,3389,True,10,
1018,GMPRAFLGTR,3389,True,10,
1019,EQPVWMTGQH,3389,True,10,
1020,VGPAWMRGAK,3389,True,10,
1021,DVPRGVTGIG,3389,True,10,
1022,TQPRGVTGLG,3389,True,10,
1023,TNPSWLTGTG,3389,True,10,
1024,EMPRQMIGTI,3389,True,10,
1025,TMPRSMQGQA,3389,True,10,
1026,SGPSWMVGTA,3389,True,10,
1027,GTPSWGRTAS,3389,True,10,
1028,VPVKWMYGMG,3389,True,10,
1029,GWPFGMFTAS,3389,True,10,
1030,GSPRWLTGHG,3389,True,10,
1031,IEPRGMKQGH,3389,True,10,
1032,LSVMWVYGAH,3389,True,10,
1033,QMPSWIFSPA,3389,True,10,
1034,SDPVGMFGAG,3389,True,10,
1035,RWPVAMTGAF,3389,True,10,
1036,GQPVWMRGNS,3389,True,10,
1037,GTVYWMRGSG,3389,True,10,
1038,ETPRSWTNMA,3389,True,10,
1039,VQPVWMIGMF,3389,True,10,
1040,ETPRGYTGIY,3389,True,10,
1041,TELVWTPSIG,3389,True,10,
1042,SVPKWIMGQY,3389,True,10,
1043,RSPSHWTASG,3389,True,10,
1044,TVPIWLTGTR,3389,True,10,
1045,GQPVWMTGQH,3389,True,10,
1046,HDVWGIYGGK,3389,True,10,
1047,ETPKWMHSVY,3389,True,10,
1048,VGPFGMWNMH,3389,True,10,
1049,ANPKWMRGMH,3389,True,10,
1050,HGWSNMRGNF,3389,True,10,
1051,VDPRWMIGNG,3389,True,10,
1052,GFPRAMAGNH,3389,True,10,
1053,PMKARWTASG,3389,True,10,
1054,QVPVWMHGRY,3389,True,10,
1055,YTPRGNRSMT,3389,True,10,
1056,SVPSWIMGLH,3389,True,10,
1057,SAPVGMTGHG,3389,True,10,
1058,YVPSWITGRV,3389,True,10,
1059,MAPRNVAGRG,3389,True,10,
1060,GYPSWVRNWH,3389,True,10,
1061,WGPKGMIGTG,3389,True,10,
1062,GPPSGMTGEG,3389,True,10,
1063,CDPRGMRGTG,3389,True,10,
1064,QPPSHWAGMY,3389,True,10,
1065,AGPSWIRGPG,3389,True,10,
1066,NSPAWMRGIG,3389,True,10,
1067,MIVWGIRSGF,3389,True,10,
1068,LGVRAMHGPG,3389,True,10,
1069,TVPAWMFGVK,3389,True,10,
1070,DSPAWMKGNT,3389,True,10,
1071,RAPVWMQGSG,3389,True,10,
1072,VNPSHLVGSW,3389,True,10,
1073,ADVRGVTASG,3389,True,10,
1074,GTPRWVIGSA,3389,True,10,
1075,GAPRGSFGNQ,3389,True,10,
1076,GVPFWMAGQG,3389,True,10,
1077,MVPVAMTGTG,3389,True,10,
1078,TAEVPAHRWQ,3389,True,10,
1079,GVPKVMIGNV,3389,True,10,
1080,GTPSGMLSWG,3389,True,10,
1081,GMVRGVYTAS,3389,True,10,
1082,NQPSWRTASG,3389,True,10,
1083,AFPLGIFGHG,3389,True,10,
1084,SVPRWLSGIQ,3389,True,10,
1085,AGPGWMKGLN,3389,True,10,
1086,QVPKWMRGQG,3389,True,10,
1087,PKVRGMYSGA,3389,True,10,
1088,GMPRSLIGTA,3389,True,10,
1089,DYPSWLYVMG,3389,True,10,
1090,GTPRSWSQHY,3389,True,10,
1091,MVPRAMHGPK,3389,True,10,
1092,QNPVWMRGEF,3389,True,10,
1093,VGPAWMKGGA,3389,True,10,
1094,NVPVWMSATG,3389,True,10,
1095,QFPLGVRSAG,3389,True,10,
1096,NQPKGMLQWG,3389,True,10,
1097,IMPRWSIGNQ,3389,True,10,
1098,PWPAWMTGHL,3389,True,10,
1099,VSPKGMGNPH,3389,True,10,
1100,EAPVWMKGVF,3389,True,10,
1101,EKPRGVKGNG,3389,True,10,
1102,PSPKGVRGTA,3389,True,10,
1103,YWPVGMTSTW,3389,True,10,
1104,HTVRGMYSTY,3389,True,10,
1105,VNPASVRGMQ,3389,True,10,
1106,NVAVSMWGPH,3389,True,10,
1107,PIWQSMYGMG,3389,True,10,
1108,NDPYGMQGTG,3389,True,10,
1109,VRPSWVKNGF,3389,True,10,
1110,SRPSWVMGVH,3389,True,10,
1111,MTPRGVFGVA,3389,True,10,
1112,GPPEWMYGWT,3389,True,10,
1113,HMGFRASGTW,3389,True,10,
1114,IGVRAMQGIG,3389,True,10,
1115,ADPSWLSGTF,3389,True,10,
1116,QMPRGVKGSG,3389,True,10,
1117,IYPSGMRGNG,3389,True,10,
1118,MTPRSMTGIH,3389,True,10,
1119,MAVRWSYSSG,3389,True,10,
1120,NVPRWMSGNG,3389,True,10,
1121,NTPAGMHGVG,3389,True,10,
1122,SVPRGMHGNI,3389,True,10,
1123,SIPVGMTGVS,3389,True,10,
1124,GFPRGMQGEF,3389,True,10,
1125,WGPVGMTGSG,3389,True,10,
1126,GDPRWMRGQT,3389,True,10,
1127,HGVEWMRGHT,3389,True,10,
1128,YSPVWMTGRG,3389,True,10,
1129,TTPVWMTGIT,3389,True,10,
1130,FMPSWMRGWG,3389,True,10,
1131,GDPRWMIGMK,3389,True,10,
1132,ALPAWMIGMQ,3389,True,10,
1133,GTPVWMIGNG,3389,True,10,
1134,IVPSWLMGQT,3389,True,10,
1135,QGPVWMYGRG,3389,True,10,
1136,ANPAWMRGLA,3389,True,10,
1137,NGVFGITASG,3389,True,10,
1138,EAPRGMHDMG,3389,True,10,
1139,YTPSGMRGWA,3389,True,10,
1140,WSMSWMRGKY,3389,True,10,
1141,RAVGWMTGNY,3389,True,10,
1142,YSPVWMRGHF,3389,True,10,
1143,GTPRAFTGMR,3389,True,10,
1144,NTPSWLMGPV,3389,True,10,
1145,VWPRWIFGLA,3389,True,10,
1146,DVPVWMIGNG,3389,True,10,
1147,IVPVWMHGPG,3389,True,10,
1148,VQPAWMRGTW,3389,True,10,
1149,NIPSWSRGIG,3389,True,10,
1150,DTPRGVKANG,3389,True,10,
1151,DGPSGMRGMG,3389,True,10,
1152,VTPSWLHGSG,3389,True,10,
1153,VGPFGMTGIF,3389,True,10,
1154,GTPRSMWGMG,3389,True,10,
1155,RMPFPVFGHT,3389,True,10,
1156,ATPRGMTGNG,3389,True,10,
1157,PSWYGMRNVA,3389,True,10,
1158,VPIKSLWGVA,3389,True,10,
1159,SAPTWMTGVK,3389,True,10,
1160,SGPVWMRGTA,3389,True,10,
1161,GTPRSMHGTF,3389,True,10,
1162,VAPVWMHGIQ,3389,True,10,
1163,EAPRWMWGIG,3389,True,10,
1164,GKPVPMHGRG,3389,True,10,
1165,IMPFGMKGPL,3389,True,10,
1166,VTPVWMRGLW,3389,True,10,
1167,DVPSWLYTAS,3389,True,10,
1168,TLPVWMYGWT,3389,True,10,
1169,PYPVWMKGHG,3389,True,10,
1170,FVPVWMRSGT,3389,True,10,
1171,ADPKWMYGTR,3389,True,10,
1172,DSPQWIMANQ,3389,True,10,
1173,GYPKWMRGSF,3389,True,10,
1174,WTPFGMFGEI,3389,True,10,
1175,WSPASMRGNG,3389,True,10,
1176,IGPVGMVGRF,3389,True,10,
1177,VGPAWMIGVG,3389,True,10,
1178,VQPSWMHGIF,3389,True,10,
1179,DTVRGMTGNQ,3389,True,10,
1180,ETPRSLKGAK,3389,True,10,
1181,ETPVGMHGNG,3389,True,10,
1182,DIPFWMKGIS,3389,True,10,
1183,VPPVWMHGMR,3389,True,10,
1184,TGPKWMRGQG,3389,True,10,
1185,SQPVWMIGSK,3389,True,10,
1186,VAPAWMRGLG,3389,True,10,
1187,MIPVWMWGGK,3389,True,10,
1188,WKPSGMRGTY,3389,True,10,
1189,FLPVWMIGPK,3389,True,10,
1190,QMVKGMHGIW,3389,True,10,
1191,TQPRWMHGQW,3389,True,10,
1192,AKPSGWAGEK,3389,True,10,
1193,GTPVWMISKA,3389,True,10,
1194,FKPQWIRGSK,3389,True,10,
1195,AGPVWIYGNT,3389,True,10,
1196,KQPVWMRGHV,3389,True,10,
1197,HVYMGMQGRW,3389,True,10,
1198,STPKGMQGAY,3389,True,10,
1199,VSPKGMHNHG,3389,True,10,
1200,WVPRGVGVIG,5830,True,10,
1201,WTPRGSWDKG,5830,True,10,
1202,HYPRGVRTAP,5830,True,10,
1203,ELPRGVGDHQ,5830,True,10,
1204,ADPLGIQACT,5830,True,10,
1205,TLPKGMTDHG,5830,True,10,
1206,TDPRGVRTAI,5830,True,10,
1207,YQPTGLYDKS,5830,True,10,
1208,LDPRGWFGPI,5830,True,10,
1209,MWPRGMHDTF,5830,True,10,
1210,RDPKGMTASG,5830,True,10,
1211,MDPKGVLDLQ,5830,True,10,
1212,WDPKGVRDQY,5830,True,10,
1213,MPWGALYDVI,5830,True,10,
1214,LTVRGMHGWA,5830,True,10,
1215,KWPRGMSDKG,5830,True,10,
1216,TAPKGVIDTG,5830,True,10,
1217,EHWRSLYSNA,5830,True,10,
1218,LIPRPVISNT,5830,True,10,
1219,YRPLGVRSNL,5830,True,10,
1220,WNPRAIWDRA,5830,True,10,
1221,GQPRPILSKF,5830,True,10,
1222,MTPRGNHDTR,5830,True,10,
1223,VHPVGMLDET,5830,True,10,
1224,LIPRPVGDHI,5830,True,10,
1225,HYPLGIRDEW,5830,True,10,
1226,EWPRGVGDVT,5830,True,10,
1227,TEPRGVTAQG,5830,True,10,
1228,ENPLGIYDGH,5830,True,10,
1229,IKPRGVIDTV,5830,True,10,
1230,QNPRGAMDPW,5830,True,10,
1231,GTPRGSYGKG,5830,True,10,
1232,CPARGIIGHW,5830,True,10,
1233,EPGRALHSPT,5830,True,10,
1234,NWPVGMTASG,5830,True,10,
1235,QKPRGVYDGK,5830,True,10,
1236,MWPRGWTDIT,5830,True,10,
1237,TEVRGMHDPK,5830,True,10,
1238,GYPRGVRTAS,5830,True,10,
1239,TQPRGIATIG,5830,True,10,
1240,YWPRGLTASG,5830,True,10,
1241,HDPYGMRDIR,5830,True,10,
1242,LIPRPVRDNQ,5830,True,10,
1243,LYPRPFIDIQ,5830,True,10,
1244,TDPRGMSDLS,5830,True,10,
1245,IMPRGVIDGK,5830,True,10,
1246,TNPRGVTVHV,5830,True,10,
1247,DLPRPLMGIF,5830,True,10,
1248,LQPAGVHDIT,5830,True,10,
1249,MAPLGIFDVH,5830,True,10,
1250,QTPRGVTASG,5830,True,10,
1251,LGPKGMADIL,5830,True,10,
1252,TYPRPFLDNH,5830,True,10,
1253,GFPRPVRTAT,5830,True,10,
1254,KLPRPIHDTR,5830,True,10,
1255,YWPIGIKGPG,5830,True,10,
1256,TDPYGMVNPA,5830,True,10,
1257,WKPRGLIDAH,5830,True,10,
1258,PHVRGIRSLF,5830,True,10,
1259,HAVKGMTGVY,5830,True,10,
1260,LDPLGIADVQ,5830,True,10,
1261,MNPRGVSTAS,5830,True,10,
1262,EWPRGMRGLK,5830,True,10,
1263,VDPRGMFAWG,5830,True,10,
1264,YMPFGMSTRG,5830,True,10,
1265,TEPRNIKGNG,5830,True,10,
1266,MGPFGMYTKG,5830,True,10,
1267,WVPRGVGDER,5830,True,10,
1268,MNPRGVTNTY,5830,True,10,
1269,SPVYGLRDQG,5830,True,10,
1270,QLPRPVLAGV,5830,True,10,
1271,GWPRAVIDHT,5830,True,10,
1272,SLPRLILGPM,5830,True,10,
1273,KFPRGVTSIT,5830,True,10,
1274,SMIYGMRDKT,5830,True,10,
1275,YRPRGVADRW,5830,True,10,
1276,VLPRPVHDNW,5830,True,10,
1277,TIPRPVTASG,5830,True,10,
1278,GMPRAFYDQI,5830,True,10,
1279,AQPVAIFDAG,5830,True,10,
1280,FRPRSWIDGH,5830,True,10,
1281,GSPRGIRDIT,5830,True,10,
1282,VIPRPVMDEH,5830,True,10,
1283,ETPRGQVDPL,5830,True,10,
1284,WTPRGVKDGA,5830,True,10,
1285,YAHIVLMGES,5830,True,10,
1286,SQPRGVFTNI,5830,True,10,
1287,HGVRGLFDPG,5830,True,10,
1288,WMPRAVAGKT,5830,True,10,
1289,CRPRDILDNF,5830,True,10,
1290,HNPVGMFDGT,5830,True,10,
1291,YAPRGVLDET,5830,True,10,
1292,WGPRPVLDLG,5830,True,10,
1293,DTPRGLKGNQ,5830,True,10,
1294,DFPRGVKDGR,5830,True,10,
1295,IDPKGMTASG,5830,True,10,
1296,PWPRGWTDTF,5830,True,10,
1297,TIPRPVDNKW,5830,True,10,
1298,TYPRGLHGIH,5830,True,10,
1299,TMPYGMLDTY,5830,True,10,
1300,MDPRGMIDPG,5830,True,10,
1301,VWPRGVKDGK,5830,True,10,
1302,NFPRGVSDWF,5830,True,10,
1303,QIPRAIKGPA,5830,True,10,
1304,STPIGIFDIY,5830,True,10,
1305,FDPLGITVAG,5830,True,10,
1306,YHVRAIFGSA,5830,True,10,
1307,NTPRGQIGLS,5830,True,10,
1308,SIPRPVLGKI,5830,True,10,
1309,IFPSGVYSLG,5830,True,10,
1310,NLPRAVYDMG,5830,True,10,
1311,VHPRPVLTVT,5830,True,10,
1312,IQPRGVSTNR,5830,True,10,
1313,HTPVGIRDTV,5830,True,10,
1314,MEPRGVSDQG,5830,True,10,
1315,ICPRSWTGAV,5830,True,10,
1316,WQPRGVGDIY,5830,True,10,
1317,GQPRAVTASG,5830,True,10,
1318,LDPHGFLGVR,5830,True,10,
1319,WNPRSLIDIG,5830,True,10,
1320,SQPRGVGEIK,5830,True,10,
1321,SFPLGQIDMG,5830,True,10,
1322,WDPTGLKDAG,5830,True,10,
1323,LDPYGMLDWH,5830,True,10,
1324,GLKSPPYNQA,5830,True,10,
1325,TMPRGVLHGL,5830,True,10,
1326,INPRGVTQKQ,5830,True,10,
1327,WMPRPFTGIH,5830,True,10,
1328,TGVWGIYTAS,5830,True,10,
1329,CTPRGQVGPG,5830,True,10,
1330,NDPRGLIGGH,5830,True,10,
1331,SLPRPVLDPT,5830,True,10,
1332,ERPRGVKTPK,5830,True,10,
1333,WPVRAMWGIH,5830,True,10,
1334,MKPRGVADKR,5830,True,10,
1335,SDPYGMTASG,5830,True,10,
1336,DGVWGIRDQT,5830,True,10,
1337,MSPLGIFDVQ,5830,True,10,
1338,GWPAGVFTAS,5830,True,10,
1339,IHPIGIKSHG,5830,True,10,
1340,EDPRGVYDNW,5830,True,10,
1341,GVPRAVKGER,5830,True,10,
1342,STPRGQISLA,5830,True,10,
1343,TMPIGITASG,5830,True,10,
1344,QDPRGVTDIT,5830,True,10,
1345,TEPRGYKGLV,5830,True,10,
1346,YLPRAIYDIA,5830,True,10,
1347,YHPSWIMGWI,5830,True,10,
1348,FWPIGIFGSR,5830,True,10,
1349,TFPLGYKGMG,5830,True,10,
1350,LEPRNVSDGW,5830,True,10,
1351,KMPKGMTDGR,5830,True,10,
1352,QVPRAVANKH,5830,True,10,
1353,GMPWGIFTAS,5830,True,10,
1354,EMPRGVAGVR,5830,True,10,
1355,QNPRGVTDHI,5830,True,10,
1356,YFARAMLGHK,5830,True,10,
1357,KVPRNVLDWG,5830,True,10,
1358,MTPSGVKGEG,5830,True,10,
1359,AIPRPVFAWT,5830,True,10,
1360,LMPRGVRTHT,5830,True,10,
1361,TMPKGVRDIG,5830,True,10,
1362,SHVRAIYGPA,5830,True,10,
1363,LWPRPVMDKV,5830,True,10,
1364,VGPAGMYAKY,5830,True,10,
1365,SLPRPVWDLG,5830,True,10,
1366,QRPAGVSDMG,5830,True,10,
1367,KTPRGVKDPA,5830,True,10,
1368,PVPRNVKGHS,5830,True,10,
1369,WNPLGIRDQR,5830,True,10,
1370,GNVRGMWGHG,5830,True,10,
1371,GWPRPVIAMR,5830,True,10,
1372,RWPLGITVTG,5830,True,10,
1373,WTPRGVGDIG,5830,True,10,
1374,LNPVGMTGQT,5830,True,10,
1375,TFPRGVTASG,5830,True,10,
1376,MLVKGMYSGS,5830,True,10,
1377,TDPRGSTGTK,5830,True,10,
1378,LFPRWLAGTF,5830,True,10,
1379,EHPRGMKGHG,5830,True,10,
1380,TWVLGLRDEG,5830,True,10,
1381,GWPRGQIDLP,5830,True,10,
1382,WYPRPFWDNI,5830,True,10,
1383,NLPRAIGNWI,5830,True,10,
1384,FTPRGVKDGW,5830,True,10,
1385,TWPRGMSNQG,5830,True,10,
1386,TYPRMLVGHF,5830,True,10,
1387,VTPRGVKDQY,5830,True,10,
1388,TDPRGVYDEK,5830,True,10,
1389,NHPIGIWDMI,5830,True,10,
1390,MEPRGVKDMG,5830,True,10,
1391,VMPRYILGGH,5830,True,10,
1392,QWPRDLIGQY,5830,True,10,
1393,HTYFGLMGLK,5830,True,10,
1394,YPTLAMKAGQ,5830,True,10,
1395,NFPIGIFDQK,5830,True,10,
1396,TGPKGMRHLI,5830,True,10,
1397,TKPRGSVGKF,5830,True,10,
1398,MTPRGLTDMG,5830,True,10,
1399,SVPVPMTDLI,5830,True,10,
1400,FMPSGFKDMW,5830,True,10,
1401,ELPRAVYDEH,5830,True,10,
1402,DKPRGVSDLG,5830,True,10,
1403,RGPVGMTDMG,5830,True,10,
1404,YDPKGMRDGK,5830,True,10,
1405,VQPRGVSDNT,5830,True,10,
1406,SNPLGIRQRA,5830,True,10,
1407,TFPRGQIDLG,5830,True,10,
1408,TRPRGVHDQY,5830,True,10,
1409,SPIYGMRDMH,5830,True,10,
1410,SWPVGMWGNF,5830,True,10,
1411,DLPAGVTASG,5830,True,10,
1412,NIPTWIMDAG,5830,True,10,
1413,LTPRQLTGRK,5830,True,10,
1414,YTPVGMTASG,5830,True,10,
1415,ATPRGLSTVG,5830,True,10,
1416,DIPRGVKDLA,5830,True,10,
1417,PSPRGLGDEG,5830,True,10,
1418,DYPRAVKDNG,5830,True,10,
1419,DAPRGVSTAS,5830,True,10,
1420,GKPRAITGMG,5830,True,10,
1421,TLPRAVYTGY,5830,True,10,
1422,LWPRGMTGIK,5830,True,10,
1423,LHPRGVRTNH,5830,True,10,
1424,KSPRGTASTW,5830,True,10,
1425,TVPRAVSDEI,5830,True,10,
1426,GYPRAFRGAR,5830,True,10,
1427,SGPLGITASR,5830,True,10,
1428,ELPRPVLAGR,5830,True,10,
1429,LMPRGVIDWT,5830,True,10,
1430,NTPRGLVDWH,5830,True,10,
1431,TLPRAFLDPT,5830,True,10,
1432,MVPKGVRDGW,5830,True,10,
1433,IAPRGLKGAG,5830,True,10,
1434,LYPAGVMDKT,5830,True,10,
1435,TMPRGVFTGT,5830,True,10,
1436,YWPIPIRGQV,5830,True,10,
1437,ETPRGPFTKW,5830,True,10,
1438,YGPRGMVGHL,5830,True,10,
1439,QPPSGWTDGY,5830,True,10,
1440,VLPRPVTGRG,5830,True,10,
1441,VSPKGVTASG,5830,True,10,
1442,GNPLGIRTAS,5830,True,10,known_sequence
1443,WAPRGNLDQA,5830,True,10,
1444,SWPRGLYDAR,5830,True,10,
1445,EMVRGIRDHI,5830,True,10,
1446,SMPKGVIDIG,5830,True,10,
1447,NIPTGLHDMG,5830,True,10,
1448,YTPRGSWDPY,5830,True,10,
1449,LFPRGMHDNR,5830,True,10,
1450,CYPRGLSDEK,5830,True,10,
1451,GYPRGLKQNG,5830,True,10,
1452,TLPRAIVSKR,5830,True,10,
1453,MNPRGLGTAT,5830,True,10,
1454,KTPKGVRGGI,5830,True,10,
1455,FWPRGWIDLV,5830,True,10,
1456,EYPLGITVPR,5830,True,10,
1457,GYPRASTSKT,5830,True,10,
1458,LGPLGIRDSK,5830,True,10,
1459,WQPLGIRDTA,5830,True,10,
1460,LDPRGMSGEK,5830,True,10,
1461,TQPRGVRTIH,5830,True,10,
1462,AVARAWYDKI,5830,True,10,
1463,FVWMGMFGNY,5830,True,10,
1464,NMPRGVLDLT,5830,True,10,
1465,YNPLGIFTRG,5830,True,10,
1466,LTPRQMAGRA,5830,True,10,
1467,YAPRGFGDET,5830,True,10,
1468,TLPRPVLGPR,5830,True,10,
1469,SFPRPVLDVT,5830,True,10,
1470,LTPRGNRSIQ,5830,True,10,
1471,PEPRNVLDRY,5830,True,10,
1472,GTPRGMWTAS,5830,True,10,
1473,GRPRGLYDQG,5830,True,10,
1474,MQPRGVQDSH,5830,True,10,
1475,LVPKGVIDIK,5830,True,10,
1476,GWPRGLTDSH,5830,True,10,
1477,YNPIHMIDRG,5830,True,10,
1478,SMPRGVTGAG,5830,True,10,
1479,NTPLGIKDPQ,5830,True,10,
1480,FMPRGVQTAS,5830,True,10,
1481,LMPRGVKDEV,5830,True,10,
1482,RQPRGVTDHG,5830,True,10,
1483,QVPRPVLGQR,5830,True,10,
1484,KQPRNVMDMF,5830,True,10,
1485,YTPRGLVDHV,5830,True,10,
1486,TMPRGVADIF,5830,True,10,
1487,DTPVGMTDMT,5830,True,10,
1488,GPAYNMTGNA,5830,True,10,
1489,VYPRPFYSWT,5830,True,10,
1490,RTPLGQIDLV,5830,True,10,
1491,ANPAGMYTSK,5830,True,10,
1492,QTPRGLFDEK,5830,True,10,
1493,MWPRGVTAIG,5830,True,10,
1494,RLPKGMWDLR,5830,True,10,
1495,HFPLGIFDRG,5830,True,10,
1496,NWPVGMTASG,5830,True,10,
1497,FIPRPVSYTQ,5830,True,10,
1498,GQPRGVTDNG,5830,True,10,
1499,TDPRGVYDQV,5830,True,10,
1500,GMVRGVRGKV,5830,True,10,
1501,GLPRAVSTAR,5830,True,10,
1502,QYPRGVTASG,5830,True,10,
1503,GIPRPVTDRG,5830,True,10,
1504,WTPRGVYDTG,5830,True,10,
1505,ITPRGIHDIV,5830,True,10,
1506,AVPRGVTVAY,5830,True,10,
1507,TVPRAWTDTH,5830,True,10,
1508,MNPIHLRDTK,5830,True,10,
1509,EHPKGMVGIA,5830,True,10,
1510,FTPRGQIGLQ,5830,True,10,
1511,EMPRSWHAPI,5830,True,10,
1512,TGVWGIYSMG,5830,True,10,
1513,WMPRGFKGQG,5830,True,10,
1514,AYPRALSDPI,5830,True,10,
1515,WTPRGYKGTL,5830,True,10,
1516,DLPRPVLDIF,5830,True,10,
1517,HAPVGLTDQA,5830,True,10,
1518,YCPRGVTDIQ,5830,True,10,
1519,TNPVGMLDKT,5830,True,10,
1520,SLPA$CKGKR,5830,True,10,special_token
1521,QVPRPVMTSA,5830,True,10,
1522,EQPRGVFDNV,5830,True,10,
1523,TRPRGVFDGH,5830,True,10,
1524,LMPRGVFGEF,5830,True,10,
1525,FYPRGVTASG,5830,True,10,
1526,QWPRGQITLG,5830,True,10,
1527,QFPLGITASG,5830,True,10,
1528,DVPRGVADTL,5830,True,10,
1529,DMPRGVTASG,5830,True,10,
1530,NFPRGVSDVR,5830,True,10,
1531,NLPLGILDIK,5830,True,10,
1532,HMPRGIKEPL,5830,True,10,
1533,WQPRGVTDSF,5830,True,10,
1534,DTPRGVYDHG,5830,True,10,
1535,YWPKGMRNGF,5830,True,10,
1536,AYPRAFYDIW,5830,True,10,
1537,HTVRGLWSIG,5830,True,10,
1538,VTPVGMLGIR,5830,True,10,
1539,MDIRGMTASG,5830,True,10,
1540,ISPRGLTGIH,5830,True,10,
1541,TQPVGMRDVK,5830,True,10,
1542,WTPLGQIDQG,5830,True,10,
1543,HLPRQILDGY,5830,True,10,
1544,LIPRPVLGML,5830,True,10,
1545,YMPRPVMDSR,5830,True,10,
1546,TAPKGIRDIG,5830,True,10,
1547,ISPKGMTDHA,5830,True,10,
1548,WTPRGQVFMA,5830,True,10,
1549,DIPRPVMDPR,5830,True,10,
1550,TDPRGVKDTG,5830,True,10,
1551,PLPMGVTDTI,5830,True,10,
1552,LMPRGSTNQI,5830,True,10,
1553,MTPRGQRDLS,5830,True,10,
1554,TDPRGVSTVG,5830,True,10,
1555,MWPLGITSQY,5830,True,10,
1556,EWPRGVTDHR,5830,True,10,
1557,NQPRGVKTGT,5830,True,10,
1558,PDPRGVSTRA,5830,True,10,
1559,ATPKGMQDIK,5830,True,10,
1560,VTPWGVLDNR,5830,True,10,
1561,DYPLGIRDTG,5830,True,10,
1562,DGPLGILGTG,5830,True,10,
1563,PMPRGVRDLI,5830,True,10,
1564,DFPLGIKTNK,5830,True,10,
1565,SLDRALYSMG,5830,True,10,
1566,ELPRPVTGHR,5830,True,10,
1567,STPVGMADGK,5830,True,10,
1568,WVPRGVKGQI,5830,True,10,
1569,TPVRGVQDTG,5830,True,10,
1570,WNPLGISDAI,5830,True,10,
1571,YMPRGVWDHA,5830,True,10,
1572,LPPRGVKSHR,5830,True,10,
1573,SAPRPVIDSQ,5830,True,10,
1574,YMPRGVQEQG,5830,True,10,
1575,ELPRPVMDPA,5830,True,10,
1576,CGPRPVLAHR,5830,True,10,
1577,TYPRGLTDTH,5830,True,10,
1578,ETPRGVTASG,5830,True,10,
1579,LYPRGMSTIH,5830,True,10,
1580,PDPRGMATRI,5830,True,10,
1581,MYPRGYIGIR,5830,True,10,
1582,QWPRGMRDGY,5830,True,10,
1583,MGPRPVTASG,5830,True,10,
1584,NYPRALIDIR,5830,True,10,
1585,DGPLGIRDEV,5830,True,10,
1586,SVPRGVTDIR,5830,True,10,
1587,NIPRWISGGS,5830,True,10,
1588,HEPRGVADRL,5830,True,10,
1589,NTPRGVKDGL,5830,True,10,
1590,SHPSGVITLT,5830,True,10,
1591,QTPRGQYTMR,5830,True,10,
1592,YMPRAVRDMQ,5830,True,10,
1593,WMPRGVQDVK,5830,True,10,
1594,WIPRPVLDLA,5830,True,10,
1595,TLVWGIYSVQ,5830,True,10,
1596,MIPRNVLDWV,5830,True,10,
1597,YVPRGVLDWR,5830,True,10,
1598,YLPRPVSDSH,5830,True,10,
1599,DTPRGLRTIT,5830,True,10,
1600,VRPVGYQGNS,2484,True,10,
1601,YAPSGMRTQL,2484,True,10,
1602,HPPRSLSGHY,2484,True,10,
1603,RVPIPVWSPT,2484,True,10,
1604,SIPRPVQSNG,2484,True,10,
1605,IQPVWMRGWG,2484,True,10,
1606,LMPRGNQDGH,2484,True,10,
1607,STPRGNVSIF,2484,True,10,
1608,NAPIGMFGHK,2484,True,10,
1609,NTPLGLTARS,2484,True,10,
1610,VARVTRSVEY,2484,True,10,
1611,GPAWGMFTAS,2484,True,10,
1612,VEPRGWIGPK,2484,True,10,
1613,LTPRSWMAEY,2484,True,10,
1614,NTPRGNFSQF,2484,True,10,
1615,QIPRAFSGPA,2484,True,10,
1616,YVPSGQVTVG,2484,True,10,
1617,VGPRAVQGAY,2484,True,10,
1618,PNPRGQVSNY,2484,True,10,
1619,KMPRGNSGPR,2484,True,10,
1620,NYPRGQVGSH,2484,True,10,
1621,GRPRDVAATG,2484,True,10,
1622,ATPVGMYDIF,2484,True,10,
1623,QSPKGVIASG,2484,True,10,
1624,PVPRQVAGPW,2484,True,10,
1625,MQRDLRTVGA,2484,True,10,
1626,SAPRAMSGNG,2484,True,10,
1627,VWPSGFYGTG,2484,True,10,
1628,PAPRAFTAGV,2484,True,10,
1629,YAPRNVLASG,2484,True,10,
1630,PDPVGMYGVG,2484,True,10,
1631,QKPLGNASMR,2484,True,10,
1632,WTPFGMSNGK,2484,True,10,
1633,GVPRAVYTAS,2484,True,10,
1634,IPGRALFANG,2484,True,10,
1635,AQPRSWIGDW,2484,True,10,
1636,AVPTGQSDHV,2484,True,10,
1637,HFPRGSTSWV,2484,True,10,
1638,LWPRGQSAVA,2484,True,10,
1639,HPVRGMVGTH,2484,True,10,
1640,KLRTPVYLTV,2484,True,10,
1641,DIPRPVIANK,2484,True,10,
1642,SQPRSWKGIR,2484,True,10,
1643,ASPRGVFSQW,2484,True,10,
1644,GSPRSMRTAS,2484,True,10,
1645,GWPRELGTAS,2484,True,10,
1646,TAPKGVYTAG,2484,True,10,
1647,TFPYGMQGNT,2484,True,10,
1648,FPVRAVIGPK,2484,True,10,
1649,MGPKGWRGTQ,2484,True,10,
1650,WYPSGWTASG,2484,True,10,
1651,HLPINSHAIF,2484,True,10,
1652,GMPRQVYTAS,2484,True,10,
1653,RWPRPQDKNV,2484,True,10,
1654,MNPYGMRAMI,2484,True,10,
1655,TVPRAWSGQY,2484,True,10,
1656,TIPRPVMAIW,2484,True,10,
1657,AIPRPVMDVW,2484,True,10,
1658,TMPRGVTDGH,2484,True,10,
1659,AIPRPVMSGY,2484,True,10,
1660,YPPRDVRGAR,2484,True,10,
1661,NWPRGQIAIF,2484,True,10,
1662,PFPRGNQAEG,2484,True,10,
1663,APPRSWINIA,2484,True,10,
1664,AGPVPMWGPG,2484,True,10,
1665,ARIDGMYSPG,2484,True,10,
1666,WCPRGMVGNG,2484,True,10,
1667,FDPSAYTGRA,2484,True,10,
1668,HWPRGMKSAY,2484,True,10,
1669,HVPRAVIGKR,2484,True,10,
1670,RAPRAFKAWT,2484,True,10,
1671,RWPRWLSGIA,2484,True,10,
1672,VWPSGWIQAT,2484,True,10,
1673,PQPRGVIAMG,2484,True,10,
1674,PHRPARTWIP,2484,True,10,
1675,FQPRSWQGQG,2484,True,10,
1676,LYPRAFWGEQ,2484,True,10,
1677,GYPRSMVGQY,2484,True,10,
1678,TRPRGTVFQK,2484,True,10,
1679,KDPRSWTASG,2484,True,10,
1680,KRVRAVYGQA,2484,True,10,
1681,WMPSGFHAKS,2484,True,10,
1682,TYPRAFMGQY,2484,True,10,
1683,YEPRNWQGQA,2484,True,10,
1684,CRPSGMLNSW,2484,True,10,
1685,LAVRAFWGLQ,2484,True,10,
1686,MFWSHMQSGV,2484,True,10,
1687,PLPAGVHSWV,2484,True,10,
1688,FYPSGMQDPH,2484,True,10,
1689,WVPRGNHDPV,2484,True,10,
1690,NTPRGNVAEA,2484,True,10,
1691,YRPTGLYTIG,2484,True,10,
1692,WSPRGYRGLV,2484,True,10,
1693,AIPRPVYDTL,2484,True,10,
1694,EQPRGVFTGF,2484,True,10,
1695,WTPRGNSAIT,2484,True,10,
1696,FQPRGNVNMV,2484,True,10,
1697,HQPRGNVAPG,2484,True,10,
1698,APPRVMLAPD,2484,True,10,
1699,GDPRPMLSNS,2484,True,10,
1700,QGPLGIRTAS,2484,True,10,
1701,FIPMGFRSPR,2484,True,10,
1702,QTPRQVLGWI,2484,True,10,
1703,QWPREVYAIY,2484,True,10,
1704,NLPRAVLDWS,2484,True,10,
1705,CAIGSLASNR,2484,True,10,
1706,WVPRPQMSGI,2484,True,10,
1707,KAPRGTVTAS,2484,True,10,
1708,QSPRGLTASG,2484,True,10,
1709,FQPRGQYNIY,2484,True,10,
1710,DRPAGVTSKG,2484,True,10,
1711,YDPRGMHAGK,2484,True,10,
1712,YQPVSMRGWF,2484,True,10,
1713,SIPRAVRAEY,2484,True,10,
1714,VSPTGLYSWV,2484,True,10,
1715,RQPRGNASPG,2484,True,10,
1716,TNPVGMTGMT,2484,True,10,
1717,QIPRPVLDHV,2484,True,10,
1718,WMPRAFVGPG,2484,True,10,
1719,SDPRGMKGVA,2484,True,10,
1720,HQPRGVTASG,2484,True,10,
1721,TDPKQMVNPH,2484,True,10,
1722,SVPRGVRATY,2484,True,10,
1723,PMPRSWVNQS,2484,True,10,
1724,TAPSWIMVPL,2484,True,10,
1725,PTPRGNQSGK,2484,True,10,
1726,HDPWGMFGNK,2484,True,10,
1727,TMPRTMSGVR,2484,True,10,
1728,SWPRGMQDQI,2484,True,10,
1729,RIPKSMAGSW,2484,True,10,
1730,QCPKGLRSNT,2484,True,10,
1731,AKPRGVLDTK,2484,True,10,
1732,GCPRSWKGTY,2484,True,10,
1733,PEPRYWRGEG,2484,True,10,
1734,LNPRGRSVTI,2484,True,10,
1735,SGPRAVLDTA,2484,True,10,
1736,MRPRNFIGPI,2484,True,10,
1737,HAPRQVTASG,2484,True,10,
1738,KMPRGSTASG,2484,True,10,
1739,AWPRGQVNGA,2484,True,10,
1740,YSRPKRPTGA,2484,True,10,
1741,PMPRGMSGHG,2484,True,10,
1742,AEPRGVTASG,2484,True,10,
1743,MLPIPVWAGY,2484,True,10,
1744,GVPRGVRTAS,2484,True,10,known_sequence
1745,KVPRGVRSWA,2484,True,10,
1746,SMPLGVFGWL,2484,True,10,
1747,HQPRGTASEW,2484,True,10,
1748,IPRCGPVTGF,2484,True,10,
1749,NFGRPLWGLF,2484,True,10,
1750,DPPRGNSAIH,2484,True,10,
1751,NWPRGQIGHF,2484,True,10,
1752,ITPRQLKGSH,2484,True,10,
1753,LMPRQVYGMQ,2484,True,10,
1754,WIPRGMATMF,2484,True,10,
1755,YTPRGNTGSG,2484,True,10,
1756,SNPIHMRSAY,2484,True,10,
1757,AWPRELYSPR,2484,True,10,
1758,NTPRGQMVGF,2484,True,10,
1759,TFPRGARSLF,2484,True,10,
1760,AVPRAVTGEG,2484,True,10,
1761,SVPRGQYAKG,2484,True,10,
1762,NLPRAVWTIH,2484,True,10,
1763,YVPAGMHSMV,2484,True,10,
1764,GAPRPVRGWT,2484,True,10,
1765,IQPRGLYGEG,2484,True,10,
1766,GWPRAFTSHK,2484,True,10,
1767,KTPRGNMGRQ,2484,True,10,
1768,RNPVGMWVIW,2484,True,10,
1769,VMPRGSLAMV,2484,True,10,
1770,IGPFGMRAGY,2484,True,10,
1771,HMPRGVTASG,2484,True,10,
1772,MIPQWMYGRH,2484,True,10,
1773,ACPRGSQDIT,2484,True,10,
1774,GYPRGVTASG,2484,True,10,
1775,NPVRGLRGVP,2484,True,10,
1776,QQPRSWKGTY,2484,True,10,
1777,IDPKGMYAMH,2484,True,10,
1778,SIPNPFIAQY,2484,True,10,
1779,RDPRGSFDGY,2484,True,10,
1780,SEPRGNRSNG,2484,True,10,
1781,YTPSGQRTKI,2484,True,10,
1782,KEPRGPYARA,2484,True,10,
1783,KVPRGVQDKG,2484,True,10,
1784,TDPKGMHGVQ,2484,True,10,
1785,VYPRGQISPW,2484,True,10,
1786,GPPKSWTGHV,2484,True,10,
1787,GQPRGVYTAS,2484,True,10,
1788,WTPRAMHNPR,2484,True,10,
1789,FRPRWYAGVF,2484,True,10,
1790,STPVGMFGIT,2484,True,10,
1791,GYPRASMDLV,2484,True,10,
1792,FWPRAFRSEG,2484,True,10,
1793,CMPRGSRTPG,2484,True,10,
1794,RTPRGNHALT,2484,True,10,
1795,ALPRAWTSHG,2484,True,10,
1796,RDPRGVFDHG,2484,True,10,
1797,YIPRPVIDWQ,2484,True,10,
1798,VYPRAFAGQI,2484,True,10,
1799,YLVRGMSGPH,2484,True,10,
1800,EAPRGVHAKF,2484,True,10,
1801,MYPRGLSTNS,2484,True,10,
1802,GVPRAVHAVQ,2484,True,10,
1803,MTPRGQYGIF,2484,True,10,
1804,SDPKGMIGIY,2484,True,10,
1805,IAPRYWRAVG,2484,True,10,
1806,LWPRGSKSTG,2484,True,10,
1807,ILYAPFRATF,2484,True,10,
1808,WGPVGMFGQT,2484,True,10,
1809,YDVRGMFAHF,2484,True,10,
1810,QGPWGMRTPV,2484,True,10,
1811,FLPRAVGDIH,2484,True,10,
1812,RPPRAFYGIT,2484,True,10,
1813,MDPRGKASQV,2484,True,10,
1814,MNPKGMGSET,2484,True,10,
1815,QPRPVREVDA,2484,True,10,
1816,VAPVPFWDKF,2484,True,10,
1817,MVPVAYRSAQ,2484,True,10,
1818,LAPRSMLGEF,2484,True,10,
1819,CSPRPVMGGS,2484,True,10,
1820,RFPRGSFAWV,2484,True,10,
1821,GNPRGWTSWR,2484,True,10,
1822,ILPKGVTASG,2484,True,10,
1823,ERPSGWQSGI,2484,True,10,
1824,GMPRYMSTAS,2484,True,10,
1825,PVPRGSTVGS,2484,True,10,
1826,GVPRGVASQY,2484,True,10,
1827,YSPRSMKGRY,2484,True,10,
1828,KWPREVKGNV,2484,True,10,
1829,SWPVGMYGQY,2484,True,10,
1830,KSPVGMYGTA,2484,True,10,
1831,MQPSGWRGRW,2484,True,10,
1832,KAPRSMIGHF,2484,True,10,
1833,QRPRSMLGTH,2484,True,10,
1834,YRPRAFAGNS,2484,True,10,
1835,QGPRAVMAPY,2484,True,10,
1836,RNPLGIRSGA,2484,True,10,
1837,WTPVGMYGQA,2484,True,10,
1838,TMPRGVRGHG,2484,True,10,
1839,ATPRSWYGWF,2484,True,10,
1840,YSPIGIYSQK,2484,True,10,
1841,HNPIPSMAPG,2484,True,10,
1842,GPPRVLSATI,2484,True,10,
1843,TAPFGFSDWA,2484,True,10,
1844,HSPRAVLAEA,2484,True,10,
1845,EGAPYWRTAS,2484,True,10,
1846,PSPRGYTASG,2484,True,10,
1847,LEPRGMQGNR,2484,True,10,
1848,VSVRGVTASG,2484,True,10,
1849,DVPRGVKART,2484,True,10,
1850,YGPRNVLAKG,2484,True,10,
1851,CLPRAVQSIK,2484,True,10,
1852,TGPKGMTSLK,2484,True,10,
1853,LTPRGWTASG,2484,True,10,
1854,CVPKGFRGIS,2484,True,10,
1855,SAPRNVRAHF,2484,True,10,
1856,NDPLGIRVPH,2484,True,10,
1857,EWPSGWRATK,2484,True,10,
1858,KPPAGVQTEF,2484,True,10,
1859,FRDPQADIGV,2484,True,10,
1860,TDPRGQVGPY,2484,True,10,
1861,VRPRPFTGRG,2484,True,10,
1862,NTPRGNGANH,2484,True,10,
1863,CQPRWLSTQY,2484,True,10,
1864,WAPRAFSGNY,2484,True,10,
1865,VYPRGVRAAR,2484,True,10,
1866,AGPSGWVGHI,2484,True,10,
1867,LRPLGYQGAF,2484,True,10,
1868,MQPRGMTGLK,2484,True,10,
1869,WYPRGMSTPG,2484,True,10,
1870,STPRGNTGHW,2484,True,10,
1871,LSPRSWTASG,2484,True,10,
1872,ADPLGQYATA,2484,True,10,
1873,FWPLGQRSAE,2484,True,10,
1874,FQPRGQVTPK,2484,True,10,
1875,GRPAQMWGSY,2484,True,10,
1876,YMPRGVHVQG,2484,True,10,
1877,RAPLGQRTSF,2484,True,10,
1878,ARPRGHWYIY,2484,True,10,
1879,ETPRGQYTVQ,2484,True,10,
1880,EMVRGVTASG,2484,True,10,
1881,GSPRGFTASG,2484,True,10,
1882,IQPRGVSAMT,2484,True,10,
1883,SAPRSWIAGQ,2484,True,10,
1884,YLPRAVTASG,2484,True,10,
1885,NQPRAYIGPR,2484,True,10,
1886,FGPSGFYDEG,2484,True,10,
1887,FGPASWRSGW,2484,True,10,
1888,TNPKGVAGTH,2484,True,10,
1889,HYPRGQVATA,2484,True,10,
1890,SYPRAFRDHQ,2484,True,10,
1891,FNPKQSVARV,2484,True,10,
1892,HRPRGQVGVY,2484,True,10,
1893,WPGLAFRGWQ,2484,True,10,
1894,GWPRGSTASG,2484,True,10,
1895,HPPRGFSGTF,2484,True,10,
1896,LAPRSWAGIG,2484,True,10,
1897,MVPKGVKSWG,2484,True,10,
1898,VGPRSMQSEG,2484,True,10,
1899,PVPRQVWSAY,2484,True,10,
1900,KMPRGSWSHY,2484,True,10,
1901,WQPRGMIGIY,2484,True,10,
1902,GTPRGYIGSF,2484,True,10,
1903,EAPRGVRDTH,2484,True,10,
1904,LEPRGVADAF,2484,True,10,
1905,KVPRGQVGPG,2484,True,10,
1906,LVPRAVKATY,2484,True,10,
1907,TNPRGSIAPG,2484,True,10,
1908,YLPVAFTDSG,2484,True,10,
1909,RAPRSFVGEV,2484,True,10,
1910,NAPRGVKAMK,2484,True,10,
1911,SAPRSWSGPA,2484,True,10,
1912,FQPRGSRDNH,2484,True,10,
1913,KGPRGSTASG,2484,True,10,
1914,ESPRGVYAHA,2484,True,10,
1915,KSPVAFLAQY,2484,True,10,
1916,QFPRAFIGTR,2484,True,10,
1917,PVPRNVTASG,2484,True,10,
1918,YSPGPMWGQF,2484,True,10,
1919,YQPRAVSTNK,2484,True,10,
1920,TLPVGMTASG,2484,True,10,
1921,EVPRGVRSAY,2484,True,10,
1922,VQPVGMRGPT,2484,True,10,
1923,WMPMGMYSEH,2484,True,10,
1924,ALPVAFWGWK,2484,True,10,
1925,EYPRGVTASG,2484,True,10,
1926,QAPRGQWGLG,2484,True,10,
1927,SWPRGWFSWQ,2484,True,10,
1928,YSPVGMYAHS,2484,True,10,
1929,TKVRGVHAGA,2484,True,10,
1930,DSPRGWGAGT,2484,True,10,
1931,NMPRAQLGNL,2484,True,10,
1932,HVPRPFLGWI,2484,True,10,
1933,IWPRGQIQPY,2484,True,10,
1934,SVPRGVIDAT,2484,True,10,
1935,AMPRSWRGHR,2484,True,10,
1936,IQPRGNYSIY,2484,True,10,
1937,SAPRSWLGPH,2484,True,10,
1938,GQPVPMWGHA,2484,True,10,
1939,HIPFGFLSTS,2484,True,10,
1940,RVPRGVRSTG,2484,True,10,
1941,YPPRGWTGLV,2484,True,10,
1942,TVPRAWYAGV,2484,True,10,
1943,NWPSGWTASG,2484,True,10,
1944,WDPRGQISMW,2484,True,10,
1945,FTPRGNSAIG,2484,True,10,
1946,VCPSGQAYPS,2484,True,10,
1947,NPPRGVGDWG,2484,True,10,
1948,GSPRGLIAIH,2484,True,10,
1949,TPPVSYTGNF,2484,True,10,
1950,FAPRSMRGQG,2484,True,10,
1951,TAPVGMWVAI,2484,True,10,
1952,VNPQPVHSHA,2484,True,10,
1953,TGPRAIKGRH,2484,True,10,
1954,MPVRWYVSAR,2484,True,10,
1955,FWPRAFTASG,2484,True,10,
1956,DAPRGSWSQT,2484,True,10,
1957,QDPRGMKTHG,2484,True,10,
1958,PVPRAVSGQA,2484,True,10,
1959,SAPRAFQAIF,2484,True,10,
1960,RAPRSHINLW,2484,True,10,
1961,YQPRNVYANY,2484,True,10,
1962,SFPRGMRTVM,2484,True,10,
1963,GQPRGVGVAL,2484,True,10,
1964,TRPSGWTSMI,2484,True,10,
1965,NLPAGVLDKG,2484,True,10,
1966,AMPRGMKGPL,2484,True,10,
1967,DAPRGQYAGY,2484,True,10,
1968,GAPRSMLGPW,2484,True,10,
1969,SAPRSWKGVW,2484,True,10,
1970,YSPMHMWGMA,2484,True,10,
1971,YFPFAVLAHG,2484,True,10,
1972,PVPRAVTGFK,2484,True,10,
1973,PYPRAFWDPY,2484,True,10,
1974,KGPRGVRTAS,2484,True,10,
1975,TSPVGMQNWI,2484,True,10,
1976,YHPVGMAGTH,2484,True,10,
1977,WDPKGWTASG,2484,True,10,
1978,NMPSGWHAVG,2484,True,10,
1979,MLPMGMTASG,2484,True,10,
1980,SVPRGVLAEY,2484,True,10,
1981,HKPRGVRSPH,2484,True,10,
1982,QAPRGVYSGV,2484,True,10,
1983,VAPRSWAGHG,2484,True,10,
1984,SAPSGWQGWF,2484,True,10,
1985,LTPVGFMGTR,2484,True,10,
1986,LHPRGNWSGR,2484,True,10,
1987,RLPVGMYGIH,2484,True,10,
1988,ARPRGMSDWI,2484,True,10,
1989,QAPRSMKGSF,2484,True,10,
1990,QSPKGMAGNG,2484,True,10,
1991,ITPVEMYSPG,2484,True,10,
1992,NQPRGNRTAS,2484,True,10,
1993,WHPRPITASG,2484,True,10,
1994,ADPYGMRGWI,2484,True,10,
1995,WPVRGVTASG,2484,True,10,
1996,ARPRSWYTVK,2484,True,10,
1997,EYPRGMQTFV,2484,True,10,
1998,WDPRGQVSMG,2484,True,10,
1999,VQPRTFVAKR,2484,True,10,
2000,AYPRGTATWH,7446,True,10,
2001,RVYRGLRSNT,7446,True,10,
2002,TMPRGVSYGK,7446,True,10,
2003,VIPSRMQSHK,7446,True,10,
2004,LQPRGMKDMS,7446,True,10,
2005,NPVRAVYAVY,7446,True,10,
2006,TRWFGMADIS,7446,True,10,
2007,SGPFGMTVTA,7446,True,10,
2008,VYPKGMHGHK,7446,True,10,
2009,GPVRGVYGHS,7446,True,10,
2010,SVPRWMKGQH,7446,True,10,
2011,RSPRSYIVGH,7446,True,10,
2012,SAYMWMFGAW,7446,True,10,
2013,VTPRSYRGHG,7446,True,10,
2014,STPKGMTQGI,7446,True,10,
2015,AMVRGVTGNK,7446,True,10,
2016,DMPRGMSTAS,7446,True,10,
2017,WMHRAMHAMH,7446,True,10,
2018,ATGRPLSVNV,7446,True,10,
2019,TKPRGSFVGI,7446,True,10,
2020,FMWTPMAPEQ,7446,True,10,
2021,YWYKGMRSIG,7446,True,10,
2022,GAPRVMTSRY,7446,True,10,
2023,ATYRSWTASG,7446,True,10,
2024,WFPAWMFGTG,7446,True,10,
2025,PIPVWMTASG,7446,True,10,
2026,SVPRGVKSVT,7446,True,10,
2027,FWPRGMSGWY,7446,True,10,
2028,TQPAGMYTNV,7446,True,10,
2029,VMPRAMKGAK,7446,True,10,
2030,TMPKGVTASG,7446,True,10,
2031,TVTHWMTDHV,7446,True,10,
2032,PTPRGQMVHG,7446,True,10,
2033,MAPRSWIATG,7446,True,10,
2034,KTPRGQTGAY,7446,True,10,
2035,TGVWGITASG,7446,True,10,
2036,TKPVWMWNSG,7446,True,10,
2037,SYVRAMRGWG,7446,True,10,
2038,GFDYAYTASG,7446,True,10,
2039,IGPRSYTGRA,7446,True,10,
2040,RIPRWMGGNL,7446,True,10,
2041,GLPVWMTDQG,7446,True,10,
2042,MNPRGMRSPG,7446,True,10,
2043,RKPRGVADWI,7446,True,10,
2044,WQPVGMTASG,7446,True,10,
2045,LPARWMKVNQ,7446,True,10,
2046,LEPRNVRDWA,7446,True,10,
2047,MSPKGVTVNS,7446,True,10,
2048,PNGRPLWGRG,7446,True,10,
2049,YATRWYTASG,7446,True,10,
2050,IDPRGWTASG,7446,True,10,
2051,TSYRAMWGWY,7446,True,10,
2052,EVLRAMTGHL,7446,True,10,
2053,WGPVSMTASG,7446,True,10,
2054,KSMAGVKGQY,7446,True,10,
2055,KAPKGMTDKG,7446,True,10,
2056,WGWYGMVAQG,7446,True,10,
2057,CLRPRSDVKG,7446,True,10,
2058,SWPTGMKDVT,7446,True,10,
2059,GRYQGMRAVT,7446,True,10,
2060,IYPRGWHDSG,7446,True,10,
2061,TAPRWMSVGG,7446,True,10,
2062,VTPRQVIDGR,7446,True,10,
2063,KLPRPVYGVA,7446,True,10,
2064,MDPVGMWSEG,7446,True,10,
2065,DGEPMGAPTG,7446,True,10,
2066,GAPRGVRTAS,7446,True,10,
2067,KIPRWITSAG,7446,True,10,
2068,KLARAMYGNH,7446,True,10,
2069,QFPRWMWTGS,7446,True,10,
2070,VQPRSWIVIG,7446,True,10,
2071,KVPVGMRANW,7446,True,10,
2072,GNPSGMWGKN,7446,True,10,
2073,SEPRNVRDNA,7446,True,10,
2074,GWPVGMLGGA,7446,True,10,
2075,FGPVWMRGNT,7446,True,10,
2076,GRVRGVYATG,7446,True,10,
2077,MVPVGMTASG,7446,True,10,
2078,VRPVWMRVQS,7446,True,10,
2079,ETPRGMHAQI,7446,True,10,
2080,FRPRWTTGWV,7446,True,10,
2081,DPIRGMHGNF,7446,True,10,
2082,GVPVWMTASG,7446,True,10,
2083,PLWRALKAWG,7446,True,10,
2084,YTPRGVISIH,7446,True,10,
2085,KRPRGVRVIG,7446,True,10,
2086,IHVRGVTASG,7446,True,10,
2087,IAPRGVGTAS,7446,True,10,
2088,RSPVWMRGVR,7446,True,10,
2089,ENPSGMHAPK,7446,True,10,
2090,SLPRPVITAS,7446,True,10,
2091,TMPRSMSTGA,7446,True,10,
2092,GWAIGMTSTV,7446,True,10,
2093,WAPAWMTASG,7446,True,10,
2094,VFPVGMLDIH,7446,True,10,
2095,MVARGMRSGA,7446,True,10,
2096,KIPAKWKGWG,7446,True,10,
2097,LQPRLFIGHI,7446,True,10,
2098,GVPRAWTASG,7446,True,10,
2099,GNPRGSTASG,7446,True,10,
2100,EVARAMYAQG,7446,True,10,
2101,RTIRGMTDGV,7446,True,10,
2102,GQPRAVTDNG,7446,True,10,
2103,KVWRAFYGSG,7446,True,10,
2104,VTPKGVIDVG,7446,True,10,
2105,VRWAWMTASG,7446,True,10,
2106,VNPRGMKSIV,7446,True,10,
2107,ETVRWSHSGH,7446,True,10,
2108,GLPRWITSEG,7446,True,10,
2109,LVPRVKGMWG,7446,True,10,
2110,VKPVWMFGPG,7446,True,10,
2111,MVTRNVTASG,7446,True,10,
2112,VFYRSMRGGS,7446,True,10,
2113,QGPVPMTASG,7446,True,10,
2114,MKPRWMIGTF,7446,True,10,
2115,WYPKWMRGAF,7446,True,10,
2116,VAPRGVRTAS,7446,True,10,
2117,NQPVWMTASG,7446,True,10,
2118,GVPVWMVFMY,7446,True,10,
2119,DAPRGMFSTK,7446,True,10,
2120,SVPRKVTASG,7446,True,10,
2121,MNWAYGISEQ,7446,True,10,
2122,GAPRSMFTAS,7446,True,10,
2123,WQWRALMAGH,7446,True,10,
2124,NPVRGMKGTF,7446,True,10,
2125,EQPVWMIGSG,7446,True,10,
2126,TGSWRVTASG,7446,True,10,
2127,RSWRAMIGIG,7446,True,10,
2128,TMPRGVFDNL,7446,True,10,
2129,NLIRAMTASG,7446,True,10,
2130,YQCAPVFNEV,7446,True,10,
2131,PNRDYRPRVL,7446,True,10,
2132,PVPRGVTVAG,7446,True,10,
2133,WVPRAVSVRT,7446,True,10,
2134,VRWRWLIGKV,7446,True,10,
2135,KGPVGMTASG,7446,True,10,
2136,VPPAGMWGQG,7446,True,10,
2137,EGQPAEVYRK,7446,True,10,
2138,WVPRGAMAVA,7446,True,10,
2139,VAPRSMGTAS,7446,True,10,
2140,GFPRGVMDHY,7446,True,10,
2141,YIVKGMYGMR,7446,True,10,
2142,VNVKGMYGNH,7446,True,10,
2143,TLPVWSWGEG,7446,True,10,
2144,MLPVWMQSWK,7446,True,10,
2145,RGPSGMWGTW,7446,True,10,
2146,GQPRGVTDNG,7446,True,10,
2147,TMPRWMKDQG,7446,True,10,
2148,TFPRWMKGWG,7446,True,10,
2149,AYPRVMRGPV,7446,True,10,
2150,GTVRGMTGEK,7446,True,10,
2151,ANRWKRLHLH,7446,True,10,
2152,EMPRGVRDGY,7446,True,10,
2153,TMPRGWIGTG,7446,True,10,
2154,MWGRWMTDIG,7446,True,10,
2155,LSRWTRSPAR,7446,True,10,
2156,RQPVWMYGNR,7446,True,10,
2157,AWPRGVRTAS,7446,True,10,
2158,EMPRGVTVTG,7446,True,10,
2159,MVPRGVKVAG,7446,True,10,
2160,KYVRGMTASG,7446,True,10,
2161,MTPRWYTASG,7446,True,10,
2162,RVPVTMHAGK,7446,True,10,
2163,VYPRGMWTAS,7446,True,10,
2164,PYPVHMRVPR,7446,True,10,
2165,IVRPGVRAQI,7446,True,10,
2166,FNPAWMPSPG,7446,True,10,
2167,IVPKGKAVMD,7446,True,10,
2168,GQPVPMTASG,7446,True,10,
2169,VYPRGMTSPW,7446,True,10,
2170,TGPRSMRGHA,7446,True,10,
2171,NRPRNYRAGW,7446,True,10,
2172,YRPVWMRHGF,7446,True,10,
2173,FVPKNWRTAS,7446,True,10,
2174,FGPRNVTASG,7446,True,10,
2175,SMWRGMHVTH,7446,True,10,
2176,KDPLGQVTAS,7446,True,10,
2177,RAPVWMQGER,7446,True,10,
2178,GMVRGVRSWY,7446,True,10,
2179,YGRVPAIEAK,7446,True,10,
2180,ADPRGVTVEG,7446,True,10,
2181,NQPRGNTASG,7446,True,10,
2182,ERPGWMTARG,7446,True,10,
2183,WTPRGNTASG,7446,True,10,
2184,EPWRWNRGNY,7446,True,10,
2185,SWVRGMYGLV,7446,True,10,
2186,KIPVMSWDPA,7446,True,10,
2187,WQGRPLSTHS,7446,True,10,
2188,RSPVWMRGAS,7446,True,10,
2189,GAPRGTATAS,7446,True,10,
2190,VDPKGVRSNG,7446,True,10,
2191,SWPAWMHSVG,7446,True,10,
2192,YMEPLPGEHC,7446,True,10,
2193,ISPRGQKGSG,7446,True,10,
2194,FNPRGMYGRL,7446,True,10,
2195,ESVKGMYSIT,7446,True,10,
2196,PVWYGMRGSI,7446,True,10,
2197,TGVRGMWNPG,7446,True,10,
2198,AYPRPFVAVT,7446,True,10,
2199,DAWHGMLSGW,7446,True,10,
2200,YVPVWMRTGA,7446,True,10,
2201,SFPSGMRVGV,7446,True,10,
2202,SYPVSMIGVH,7446,True,10,
2203,YGRLEVTASG,7446,True,10,
2204,AYHLPIMTFV,7446,True,10,
2205,HMRHKRTALK,7446,True,10,
2206,NDVRAMTASG,7446,True,10,
2207,VNWLWTLGMG,7446,True,10,
2208,AHRVPKGIYK,7446,True,10,
2209,WMPRNVMSGR,7446,True,10,
2210,ASVRAMVGHG,7446,True,10,
2211,MTWMWMIAGF,7446,True,10,
2212,KISRGMTVIG,7446,True,10,
2213,GVPVPMAGTR,7446,True,10,
2214,EKPRGMFSKR,7446,True,10,
2215,TRVRGVTASG,7446,True,10,
2216,GLPAGVATAS,7446,True,10,
2217,GTPRGNITAS,7446,True,10,
2218,HLPRWMTSNT,7446,True,10,
2219,VKPVWMTGNS,7446,True,10,
2220,RMPKGVTASG,7446,True,10,
2221,VPPRGSTASG,7446,True,10,
2222,IVGRAMYGWF,7446,True,10,
2223,QRPRPFIGTG,7446,True,10,
2224,GIWRWLVTAS,7446,True,10,
2225,ASTRWYTASG,7446,True,10,
2226,MGPRGNKGTG,7446,True,10,
2227,FAPRGSTDNV,7446,True,10,
2228,VLPRSWKGHW,7446,True,10,
2229,VTPRSWIGMS,7446,True,10,
2230,WGPRGAHVTL,7446,True,10,
2231,VVPVWMVGMR,7446,True,10,
2232,RIVRGMKGHG,7446,True,10,
2233,IAPVWVIASG,7446,True,10,
2234,HDPKGMRSGY,7446,True,10,
2235,FEPVGMTSDH,7446,True,10,
2236,NTPRGNQVEI,7446,True,10,
2237,TNVFWMRGAG,7446,True,10,
2238,GSPRGSYGQK,7446,True,10,
2239,GTPRGSWTGT,7446,True,10,
2240,TNLRSLIATI,7446,True,10,
2241,TWPRGWTASG,7446,True,10,
2242,MAWIPMVSGV,7446,True,10,
2243,MGPRSWKGNR,7446,True,10,
2244,PWPRSWISGQ,7446,True,10,
2245,VAWGSMVGPG,7446,True,10,
2246,SFRPTRSPGP,7446,True,10,
2247,ANPVWMRGVS,7446,True,10,
2248,QWPVGMYHIH,7446,True,10,
2249,PVWVPMWAHT,7446,True,10,
2250,MFTRWATASG,7446,True,10,
2251,MWGRPNWSWA,7446,True,10,
2252,VDVRGMHDHF,7446,True,10,
2253,SKPVWMTGNG,7446,True,10,
2254,MIPRWLIGEA,7446,True,10,
2255,FMPRAYRGHT,7446,True,10,
2256,QDPRGMHTIG,7446,True,10,
2257,YVPRGVHSEL,7446,True,10,
2258,GIKALQHAWA,7446,True,10,
2259,NTPVWMRGWG,7446,True,10,
2260,ADPRGMHSGT,7446,True,10,
2261,GRPRAWTGTA,7446,True,10,
2262,MGPVWMRATG,7446,True,10,
2263,GSPVGMTSAV,7446,True,10,
2264,EKPRGMTDVQ,7446,True,10,
2265,SRYRWLIASI,7446,True,10,
2266,MIPKWMHGTG,7446,True,10,
2267,EKPRWMHAQG,7446,True,10,
2268,AYPRWMAGSA,7446,True,10,
2269,IPRTRPAQSP,7446,True,10,
2270,PNWHGMTASG,7446,True,10,
2271,VWPRGQLGAI,7446,True,10,
2272,YMPRSMRGNG,7446,True,10,
2273,SMPRGMGTAS,7446,True,10,
2274,DTPRGSQSVF,7446,True,10,
2275,GAVRALIGKG,7446,True,10,
2276,TVTRWYIGEY,7446,True,10,
2277,FMHKWMRHVR,7446,True,10,
2278,HLPVGMRDRT,7446,True,10,
2279,ASPVAVQDMH,7446,True,10,
2280,QVPRAVHATY,7446,True,10,
2281,EPWPMGARTF,7446,True,10,
2282,DEPRGVTVSA,7446,True,10,
2283,YVGRGMRTAR,7446,True,10,
2284,ETPRSWLATY,7446,True,10,
2285,VTPRGMKAGV,7446,True,10,
2286,NYPVGMYTPH,7446,True,10,
2287,EGPRWMRDGA,7446,True,10,
2288,WMPRGFYAGL,7446,True,10,
2289,HQPFGMHTVT,7446,True,10,
2290,DIPRGQFTAS,7446,True,10,
2291,TPVRWFMSQI,7446,True,10,
2292,AMPRWVIGEG,7446,True,10,
2293,GTVRGVYDQT,7446,True,10,
2294,YTVRGMYDGR,7446,True,10,
2295,VLVRQMTASG,7446,True,10,
2296,AVTVRAMGNV,7446,True,10,
2297,KVPRGVRSGR,7446,True,10,
2298,HQPRWMLDTL,7446,True,10,
2299,IKPRWMITAS,7446,True,10,
2300,PTPRGQISTG,7446,True,10,
2301,PVPRWIVGRT,7446,True,10,
2302,HQPRGVTASG,7446,True,10,
2303,EKPSGMYVTA,7446,True,10,
2304,NGPRSWIGVG,7446,True,10,
2305,ELVRWMTASG,7446,True,10,
2306,AKWRGMHSQA,7446,True,10,
2307,LGPAPFADRG,7446,True,10,
2308,ILPRVMRTAS,7446,True,10,
2309,ATPRSWHSQR,7446,True,10,
2310,QYPRGMGTAY,7446,True,10,
2311,PVYFPMVAYW,7446,True,10,
2312,TVPKWMRGQY,7446,True,10,
2313,FTPRGQVSIG,7446,True,10,
2314,VPWKHWFAIL,7446,True,10,
2315,SAVRAMHGPG,7446,True,10,
2316,DYPRGMLVLG,7446,True,10,
2317,MYPRSWQDVS,7446,True,10,
2318,VLPKWMLDNG,7446,True,10,
2319,YNPRWLQGEH,7446,True,10,
2320,RLPKWMYDGY,7446,True,10,
2321,FAWRAMHAPG,7446,True,10,
2322,MIPRWMTDIT,7446,True,10,
2323,AIPKGMYTAW,7446,True,10,
2324,RVPVGVTASG,7446,True,10,
2325,ARPVWMQSTG,7446,True,10,
2326,SAPGWMTAVQ,7446,True,10,
2327,WVPRGVTVTF,7446,True,10,
2328,LTPRGWADMG,7446,True,10,
2329,AWRVQRWANL,7446,True,10,
2330,YLPRAVRDMA,7446,True,10,
2331,RFPRGMADEG,7446,True,10,
2332,VKPRWITASG,7446,True,10,
2333,ANPRWMAGPY,7446,True,10,
2334,VWPVGMWAKA,7446,True,10,
2335,LYPAGMRGTG,7446,True,10,
2336,GVPRGKTASG,7446,True,10,
2337,GSPVSMTASG,7446,True,10,
2338,RKPRWMITGY,7446,True,10,
2339,HWPVGMFSGH,7446,True,10,
2340,ITWRGMTASG,7446,True,10,
2341,WMVRGMYGSG,7446,True,10,
2342,RSPKGMTASG,7446,True,10,
2343,MQPRGSTDMG,7446,True,10,
2344,WVYAGMRSVG,7446,True,10,
2345,DFVRGVIYEQ,7446,True,10,
2346,TIPRWMHGIY,7446,True,10,
2347,TQVRSVTASG,7446,True,10,
2348,GVPRGVTASG,7446,True,10,
2349,AKRQARYLHG,7446,True,10,
2350,MNFEHMTASG,7446,True,10,
2351,QWSRGLTVGW,7446,True,10,
2352,ATPRSWHGRV,7446,True,10,
2353,TQPRGQTASG,7446,True,10,
2354,AMWRGMSAIG,7446,True,10,
2355,LPIRWMSGTG,7446,True,10,
2356,YAPVWMHCVM,7446,True,10,
2357,KNPVWMYSGS,7446,True,10,
2358,TVPVWMHVHG,7446,True,10,
2359,PGYRWMAGIS,7446,True,10,
2360,ISPRPYIGTL,7446,True,10,
2361,FMPRGVTDNR,7446,True,10,
2362,ENGRAMTASG,7446,True,10,
2363,VQPRGVMVQV,7446,True,10,
2364,ANVRWSVAGQ,7446,True,10,
2365,GTPRGQYGWF,7446,True,10,
2366,TSPVWMTGIA,7446,True,10,
2367,WKPSWVTASG,7446,True,10,
2368,VKMRPNFGPI,7446,True,10,
2369,EPVRGMHGEY,7446,True,10,
2370,VVPKWMWAIA,7446,True,10,
2371,RQPIHMTGKD,7446,True,10,
2372,GMPRSMTASG,7446,True,10,
2373,PQPVPMRTAS,7446,True,10,
2374,DFPVPMVAIK,7446,True,10,
2375,YRPRGMTASG,7446,True,10,
2376,NPRSIRQVSI,7446,True,10,
2377,WGPSGMTVRG,7446,True,10,
2378,WTPRGNYAEG,7446,True,10,
2379,ERPRWLTNVY,7446,True,10,
2380,GKPRWMRSWS,7446,True,10,
2381,STPRGNKTSG,7446,True,10,
2382,FGPRSYIGGH,7446,True,10,
2383,VIPSWSTGNG,7446,True,10,
2384,KDVRWMRGWY,7446,True,10,
2385,QMPRVMHAGT,7446,True,10,
2386,KRPGWMKDTV,7446,True,10,
2387,NGPSGVTVRV,7446,True,10,
2388,AMPLGNVAHA,7446,True,10,
2389,GIPRGVTASG,7446,True,10,
2390,LKPRGNMDVR,7446,True,10,
2391,ELPRGVQVSK,7446,True,10,
2392,YTPVGMFSRG,7446,True,10,
2393,TVTRWYGAET,7446,True,10,
2394,NAPRGMVGPK,7446,True,10,
2395,YIYQGMRGTV,7446,True,10,
2396,SKPVNMRGWK,7446,True,10,
2397,YVPRGVTASG,7446,True,10,
2398,FTVRGMTGAG,7446,True,10,
2399,WFVRGVRSIK,7446,True,10,
2400,AMPLGVQGWF,6676,True,10,
2401,WAPAGVMSEG,6676,True,10,
2402,GMPRSWRSTW,6676,True,10,
2403,AKPSGVRGHG,6676,True,10,
2404,DGPMHVMGAQ,6676,True,10,
2405,GRPRQVKGKF,6676,True,10,
2406,RAPLGFQSKA,6676,True,10,
2407,GTPRSWKTAS,6676,True,10,
2408,AQPRGVKGET,6676,True,10,
2409,NMPKGVRSGL,6676,True,10,
2410,VLPRPFMGQY,6676,True,10,
2411,TGPKFMKGAK,6676,True,10,
2412,ISPMGMRATR,6676,True,10,
2413,NTPRGSYQTH,6676,True,10,
2414,TDPSGWQGKL,6676,True,10,
2415,KVPKGQRGNK,6676,True,10,
2416,GRPKGVRSAV,6676,True,10,
2417,RAPSGFHNKT,6676,True,10,
2418,RAPLHFRSLK,6676,True,10,
2419,HMPFGMFAVF,6676,True,10,
2420,KTPAGVTASG,6676,True,10,
2421,MVPSGHSASG,6676,True,10,
2422,PMPLGMLGIH,6676,True,10,
2423,NMPRGVSGIG,6676,True,10,
2424,PAPRPVLGTK,6676,True,10,
2425,GMPVHVRGMT,6676,True,10,
2426,HAPINFVAYS,6676,True,10,
2427,VKPRPVWGHL,6676,True,10,
2428,WVPRQVHAVF,6676,True,10,
2429,VSPVQMWVAG,6676,True,10,
2430,HAPRGFVGTY,6676,True,10,
2431,TSPLGTATSG,6676,True,10,
2432,RMPRQVWAPH,6676,True,10,
2433,TMPSGWHGQR,6676,True,10,
2434,WTPLGQITVH,6676,True,10,
2435,VLPRSVRSAY,6676,True,10,
2436,RTPRGQVAHI,6676,True,10,
2437,KSPRSWVGVH,6676,True,10,
2438,RDPKGMWSGS,6676,True,10,
2439,MRPRGVKAMH,6676,True,10,
2440,SRPRMLWGPI,6676,True,10,
2441,GNPAPFHSRS,6676,True,10,
2442,FNPSGMRGPA,6676,True,10,
2443,SRPAQMRGLS,6676,True,10,
2444,TRPRQMLAIS,6676,True,10,
2445,RIPAWMRGTA,6676,True,10,
2446,SMPRAYWGMQ,6676,True,10,
2447,DMPRSWHGQG,6676,True,10,
2448,HQPYGMWAVY,6676,True,10,
2449,DRPSGVTASG,6676,True,10,
2450,TAPRAVRGQG,6676,True,10,
2451,PKPARFRGAG,6676,True,10,
2452,PVPRYWVSMK,6676,True,10,
2453,MQPRGVKANA,6676,True,10,
2454,VQPRSWVALF,6676,True,10,
2455,YNPSGVMVNH,6676,True,10,
2456,PRPASWTASG,6676,True,10,
2457,QAPRPFLAIV,6676,True,10,
2458,TSPRQVTGWT,6676,True,10,
2459,PIPTSKMSKH,6676,True,10,
2460,TYPARFTGNQ,6676,True,10,
2461,GQPRSWKTAS,6676,True,10,
2462,RFPAHMIGKH,6676,True,10,
2463,RIPASFRGGI,6676,True,10,
2464,ATPSPFYGHR,6676,True,10,
2465,GVPRAVLGEY,6676,True,10,
2466,IQPRSWRGWF,6676,True,10,
2467,VAPRSHRGAT,6676,True,10,
2468,QGPKSFWAVA,6676,True,10,
2469,RMPRSWIGVR,6676,True,10,
2470,REPLGFRGRI,6676,True,10,
2471,RHPVAFLGEW,6676,True,10,
2472,NGPYGMRAWY,6676,True,10,
2473,IMPSGFHAWR,6676,True,10,
2474,RSPRSWRGTG,6676,True,10,
2475,WTPYGMRGNG,6676,True,10,
2476,ERPAPMWGTA,6676,True,10,
2477,RVPRGVTASG,6676,True,10,
2478,KVPSWLWGKQ,6676,True,10,
2479,RSPMGMHGRA,6676,True,10,
2480,GISQGLQGTA,6676,True,10,
2481,GQPRSWAGAH,6676,True,10,
2482,TPPSGVLGQA,6676,True,10,
2483,AKTWAMTSAG,6676,True,10,
2484,QAPRAFQAMG,6676,True,10,
2485,VAPRVMKGEK,6676,True,10,
2486,RGPRSMFAHS,6676,True,10,
2487,NPPSHMIAMH,6676,True,10,
2488,RNPSGMRTAS,6676,True,10,
2489,PVPRAVSGPG,6676,True,10,
2490,FAPGQFWSMI,6676,True,10,
2491,ASPVQMYSGK,6676,True,10,
2492,GPPRAFTASG,6676,True,10,
2493,FRPASWRGAF,6676,True,10,
2494,PAPSWVMSGA,6676,True,10,
2495,GPPRVMTGHK,6676,True,10,
2496,GFPASMRGIR,6676,True,10,
2497,VGPAPMWGVG,6676,True,10,
2498,IGPLGQIQAY,6676,True,10,
2499,PGPRPVTASG,6676,True,10,
2500,PNPRVLYGTV,6676,True,10,
2501,QIPVAFHGVH,6676,True,10,
2502,AMPRQVWGQH,6676,True,10,
2503,AHVRSMRAGH,6676,True,10,
2504,PDPYGMRNGV,6676,True,10,
2505,AMPLGFYGTQ,6676,True,10,
2506,QAPRAVWSQH,6676,True,10,
2507,MYPSGWSAPY,6676,True,10,
2508,IMPSGFRGSF,6676,True,10,
2509,GNPAQMRGQH,6676,True,10,
2510,QVPWAWRSGW,6676,True,10,
2511,EQPMGMHGQR,6676,True,10,
2512,QVPRAVSGEH,6676,True,10,
2513,WKWRAFTASG,6676,True,10,
2514,RVPVGMYNHQ,6676,True,10,
2515,LSPLGIHSRY,6676,True,10,
2516,MRPRQVYSHY,6676,True,10,
2517,TPPSGFYAVG,6676,True,10,
2518,GQPRSWMGQW,6676,True,10,
2519,RAPRSWYSAR,6676,True,10,
2520,MTPRGQYAIG,6676,True,10,
2521,GMPRSWMGMR,6676,True,10,
2522,TRPSGVRGWT,6676,True,10,
2523,QTPLGQSIRG,6676,True,10,
2524,GTPRSWTGSY,6676,True,10,
2525,NRPSGWHSIG,6676,True,10,
2526,SMPRQVIAQH,6676,True,10,
2527,ARPSWVWANY,6676,True,10,
2528,IMPSGVFGMH,6676,True,10,
2529,TQPRGVSATG,6676,True,10,
2530,MTPRVMLGHR,6676,True,10,
2531,ASPRSYLAGA,6676,True,10,
2532,RAPSGMWSNT,6676,True,10,
2533,AMPRGVRDTY,6676,True,10,
2534,WNPSGVRSTH,6676,True,10,
2535,MRPRGSHGMS,6676,True,10,
2536,PVPVNWIGQF,6676,True,10,
2537,PCVWGIRGIG,6676,True,10,
2538,HQPSGVRGLQ,6676,True,10,
2539,VYPRGKWGVA,6676,True,10,
2540,YRPRGQVSRW,6676,True,10,
2541,RGPKGMYGTV,6676,True,10,
2542,GVPRAVSVNG,6676,True,10,
2543,WGPYGMRNPH,6676,True,10,
2544,PVPRAVWGKF,6676,True,10,
2545,ASPVAYWGWG,6676,True,10,
2546,MPPSGWHSQK,6676,True,10,
2547,AMPRSFRGQV,6676,True,10,
2548,KTPRGQVGDG,6676,True,10,
2549,TAPRNVMSMG,6676,True,10,
2550,YVPKGVRGSR,6676,True,10,
2551,RPPSGNWAMY,6676,True,10,
2552,SPPSGWTASG,6676,True,10,
2553,HTPLGQRGHG,6676,True,10,
2554,HVPSGVTASG,6676,True,10,
2555,GRPRGMGTAS,6676,True,10,
2556,MQPRGVKGTY,6676,True,10,
2557,GMPRQVRGAT,6676,True,10,
2558,GAPRPGTGKV,6676,True,10,
2559,EIPFWMRGIK,6676,True,10,
2560,MGPSGMYSWA,6676,True,10,
2561,MRSYGMTSTG,6676,True,10,
2562,PKPADMYGHG,6676,True,10,
2563,KVPKGNYGIG,6676,True,10,
2564,YVPSWQIGIT,6676,True,10,
2565,GAPRAVHAGH,6676,True,10,
2566,HAPRGFRAYS,6676,True,10,
2567,HVARAVLGHL,6676,True,10,
2568,ETPYGMLSHG,6676,True,10,
2569,ARPRGVTASG,6676,True,10,
2570,QAPVNFWGIK,6676,True,10,
2571,TMPRGVYGKR,6676,True,10,
2572,KPPSGMWGML,6676,True,10,
2573,PEPRGVYAKF,6676,True,10,
2574,NEPRGVRSHR,6676,True,10,
2575,RQPSPFWGQV,6676,True,10,
2576,TMPRSYIGAT,6676,True,10,
2577,QTPRSARGVT,6676,True,10,
2578,YSPSGFRAMG,6676,True,10,
2579,AYPWAYIGER,6676,True,10,
2580,WVPSGVQSET,6676,True,10,
2581,AHPISLMGWR,6676,True,10,
2582,FRPAWMWGPT,6676,True,10,
2583,HWPLGQHGAH,6676,True,10,
2584,PMVWGVRSGF,6676,True,10,
2585,APPLAVQGSA,6676,True,10,
2586,MAPWGVHAEG,6676,True,10,
2587,MQPFGMTASG,6676,True,10,
2588,APPFHMHAGW,6676,True,10,
2589,SVPVGVTASG,6676,True,10,
2590,ASPARFWGNW,6676,True,10,
2591,NSPLGSGSGA,6676,True,10,
2592,TAPKGVSAHT,6676,True,10,
2593,GPRPAPLQSE,6676,True,10,
2594,KGPSGYKGTI,6676,True,10,
2595,PYPSGFRAGD,6676,True,10,
2596,NMPSGWQGRA,6676,True,10,
2597,ANPLGIRSHW,6676,True,10,
2598,HVPRQVAGKG,6676,True,10,
2599,GVPRAVRTAS,6676,True,10,
2600,RAPSGWTASG,6676,True,10,
2601,PLPKSVYGTL,6676,True,10,
2602,RGPSGMQGQR,6676,True,10,
2603,GAPRGVTGKA,6676,True,10,
2604,ARPSAVMGQK,6676,True,10,
2605,AIPRPVMAVK,6676,True,10,
2606,GQPRSWIATH,6676,True,10,
2607,GVPRAVYAGF,6676,True,10,
2608,KAPRGSRGVK,6676,True,10,
2609,RKPAGVYSWA,6676,True,10,
2610,VDPYGMRGAH,6676,True,10,
2611,PAPRAVWGIT,6676,True,10,
2612,PTPRAFKGTY,6676,True,10,
2613,RPTQGMRGAQ,6676,True,10,
2614,SRPSAWQANA,6676,True,10,
2615,RRPSAFTASG,6676,True,10,
2616,RMPRQVRGIS,6676,True,10,
2617,TAPHKFQGSH,6676,True,10,
2618,HFPHGSYTMS,6676,True,10,
2619,NMPSGWHALH,6676,True,10,
2620,LAPRYWHAEI,6676,True,10,
2621,QPPSAFHSHG,6676,True,10,
2622,RAPSAFYGIG,6676,True,10,
2623,SRPRPVMAQL,6676,True,10,
2624,PKPSGVHATR,6676,True,10,
2625,WAPRPFKGLQ,6676,True,10,
2626,PQPSGWMGTV,6676,True,10,
2627,GRPRSRSALG,6676,True,10,
2628,GQPLGQWALH,6676,True,10,
2629,SRPRDSKSVR,6676,True,10,
2630,HQPRGQVGVP,6676,True,10,
2631,AQPSGWTVGH,6676,True,10,
2632,REPRGVKGVS,6676,True,10,
2633,TVPKGSTASG,6676,True,10,
2634,AAPRQMVGKG,6676,True,10,
2635,QMPYGMYGAR,6676,True,10,
2636,RMPTGFRGMG,6676,True,10,
2637,YDVTGMSGRI,6676,True,10,
2638,GMPKGVTGMG,6676,True,10,
2639,PGPSPFHGMH,6676,True,10,
2640,TAPINFSGWR,6676,True,10,
2641,RNPASWRGAG,6676,True,10,
2642,RGPVAFRSNG,6676,True,10,
2643,GRPLGQRAPF,6676,True,10,
2644,AVPSGVRGMH,6676,True,10,
2645,VTPRSWKPMH,6676,True,10,
2646,PQPRGVTASG,6676,True,10,
2647,ICPFGFRTIT,6676,True,10,
2648,KPPLGVQSEW,6676,True,10,
2649,RDPLGFTASG,6676,True,10,
2650,ITPSGMTASG,6676,True,10,
2651,TSPVQMHNRK,6676,True,10,
2652,FMPFGMKSGH,6676,True,10,
2653,PTPKGNMSNG,6676,True,10,
2654,PMPRQVMGNV,6676,True,10,
2655,RDPRGMQGSW,6676,True,10,
2656,RSPRSWIGHG,6676,True,10,
2657,TAPKWMRGEA,6676,True,10,
2658,QRPAQMRGAF,6676,True,10,
2659,QAEHPFTGAH,6676,True,10,
2660,VNPLGQYSVI,6676,True,10,
2661,DAPRSWIGMK,6676,True,10,
2662,QVPVGMTNPG,6676,True,10,
2663,MKPSGWTAMY,6676,True,10,
2664,NIWQGMRSQH,6676,True,10,
2665,SFPRAFTGMG,6676,True,10,
2666,TDPYGMRTMR,6676,True,10,
2667,PQPRSWTASG,6676,True,10,
2668,TAPKWMIGNF,6676,True,10,
2669,VAPRSMWSIF,6676,True,10,
2670,RSPLPFMGWL,6676,True,10,
2671,RTPVSYINWH,6676,True,10,
2672,TVPRAWQGHR,6676,True,10,
2673,VPPRTLMGQF,6676,True,10,
2674,GRPRGVFAML,6676,True,10,
2675,RGPVAMYSQI,6676,True,10,
2676,RFPRPVWAMA,6676,True,10,
2677,PAPLGFFVLR,6676,True,10,
2678,TSPAGVWASF,6676,True,10,
2679,APPRAVTGNF,6676,True,10,
2680,SMPSGMHGQL,6676,True,10,
2681,VMPTGFKGRS,6676,True,10,
2682,SVPQGVKAKV,6676,True,10,
2683,SQPVGMTGKR,6676,True,10,
2684,IGPWFMRTAS,6676,True,10,
2685,RAPLHFAGPH,6676,True,10,
2686,TAPKWMWGRK,6676,True,10,
2687,IAPSGFHGNQ,6676,True,10,
2688,KMPFGFWSHS,6676,True,10,
2689,MAPHSFMGLT,6676,True,10,
2690,QSPKGMTGAG,6676,True,10,
2691,RGPRSYHGLG,6676,True,10,
2692,MKPRQVIGIW,6676,True,10,
2693,LTPRYMRSWH,6676,True,10,
2694,QSPRGVAGNH,6676,True,10,
2695,PARMVREVHR,6676,True,10,
2696,PMPRSVHAGH,6676,True,10,
2697,HFPAWMKGHG,6676,True,10,
2698,VMPSGFQSLA,6676,True,10,
2699,VSPVGMHGAY,6676,True,10,
2700,TYPSKFLAIV,6676,True,10,
2701,EAPGPMWGTL,6676,True,10,
2702,IAPDQMYGKY,6676,True,10,
2703,STPRSWIGLA,6676,True,10,
2704,GTPRQVYGIG,6676,True,10,
2705,IAPSGVTASG,6676,True,10,
2706,TRPRSWKGIV,6676,True,10,
2707,GHPRSWVGAQ,6676,True,10,
2708,NAPRSMRGGH,6676,True,10,
2709,YWPREVKGAS,6676,True,10,
2710,KAPRSWRALH,6676,True,10,
2711,LPPRQVMANT,6676,True,10,
2712,VRPLDSRGMG,6676,True,10,
2713,GRPRQVTGEY,6676,True,10,
2714,TIPFPFTASG,6676,True,10,
2715,QWPREVRAMG,6676,True,10,
2716,ASPVAFTASG,6676,True,10,
2717,VAPQVKAGPL,6676,True,10,
2718,GVPRAVFVPR,6676,True,10,
2719,SRPRTMTGVW,6676,True,10,
2720,PRPAQMFSIH,6676,True,10,
2721,THPVSMWGNQ,6676,True,10,
2722,RSPATIYANS,6676,True,10,
2723,VRPAQMLGPT,6676,True,10,
2724,AQPRAVLGQK,6676,True,10,
2725,RIPRPVLGMG,6676,True,10,
2726,YSPMGMYSHG,6676,True,10,
2727,PHPSWFMAPH,6676,True,10,
2728,GIPRGWSTAS,6676,True,10,
2729,RHPRSFRGNT,6676,True,10,
2730,SAPRSWHGHV,6676,True,10,
2731,AQPRGVLGMA,6676,True,10,
2732,NQPFGFRGVI,6676,True,10,
2733,QGPRQVLGAG,6676,True,10,
2734,GHPVHMWGTH,6676,True,10,
2735,TAPKGVHAVG,6676,True,10,
2736,QAPRHWHAHG,6676,True,10,
2737,QAPRSMVGHT,6676,True,10,
2738,SMPRAVRGNR,6676,True,10,
2739,MTPRQWRAIF,6676,True,10,
2740,DQPRSWRAVK,6676,True,10,
2741,MQPRAWTASG,6676,True,10,
2742,GQPRNVRAIF,6676,True,10,
2743,RPPLGFTGHY,6676,True,10,
2744,SAVGAMHGIY,6676,True,10,
2745,VRPVAYWGMW,6676,True,10,
2746,SVPRGVKAVY,6676,True,10,
2747,RAPLGFHQVR,6676,True,10,
2748,RAPRSWRGYK,6676,True,10,
2749,NPPQHMIAKW,6676,True,10,
2750,MGPWHVHGEW,6676,True,10,
2751,PQPYGMHASA,6676,True,10,
2752,GFPASFYSTS,6676,True,10,
2753,RNPSGMVSTR,6676,True,10,
2754,YQPSWVMGNG,6676,True,10,
2755,TPPYGMKGGR,6676,True,10,
2756,HKPRGNGSTY,6676,True,10,
2757,WPPQGMLDQS,6676,True,10,
2758,GIPRPVYGAS,6676,True,10,
2759,MHGRAMKGHK,6676,True,10,
2760,GSPSGVMAEK,6676,True,10,
2761,GAPVPFWGQR,6676,True,10,
2762,GAPRAVHGSF,6676,True,10,
2763,TMPWGMHSIG,6676,True,10,
2764,MSPKGVQSHW,6676,True,10,
2765,MAPRASWGMF,6676,True,10,
2766,HVPRSVRGQT,6676,True,10,
2767,QKPAGVYSTS,6676,True,10,
2768,GRPLGVWAWG,6676,True,10,
2769,VQPRAVAGHA,6676,True,10,
2770,PAPAPVWAHS,6676,True,10,
2771,QTPRSWIGHF,6676,True,10,
2772,STPRSLTGEI,6676,True,10,
2773,GKPAPFWSVK,6676,True,10,
2774,QRPSAMKGTH,6676,True,10,
2775,RQPLGIKGST,6676,True,10,
2776,VTPRQVRGEG,6676,True,10,
2777,VRPSGYHGHV,6676,True,10,
2778,PDPYGMRSAG,6676,True,10,
2779,PSPSGVFAWP,6676,True,10,
2780,MGPWGMRSMG,6676,True,10,
2781,AQPRAVYAKG,6676,True,10,
2782,RVPARMTGSV,6676,True,10,
2783,SRPRTMKGAW,6676,True,10,
2784,ARPSGWTASG,6676,True,10,
2785,NAPYGMWAPS,6676,True,10,
2786,QLPAGVQSQG,6676,True,10,
2787,ARPYGMRTNR,6676,True,10,
2788,IRPAGVTASG,6676,True,10,
2789,RAPSGMRGNY,6676,True,10,
2790,MGPRQVFGAH,6676,True,10,
2791,TPPSGVSGSG,6676,True,10,
2792,GVPSGWRGRI,6676,True,10,
2793,YPPRGMWVIG,6676,True,10,
2794,HNPLGQKSGW,6676,True,10,
2795,YRVEPFWGLG,6676,True,10,
2796,AKPSGWTASG,6676,True,10,
2797,KQPRGVWSWA,6676,True,10,
2798,TVAYAWTGHY,6676,True,10,
2799,YTPRGQISQG,6676,True,10,
2800,VGPRSMRGIF,824,True,10,
2801,YFPRWMSGMR,824,True,10,
2802,FAPRGVQSNT,824,True,10,
2803,YIPRPVGGNW,824,True,10,
2804,PAPRGFRGPR,824,True,10,
2805,GRPRSVSGHQ,824,True,10,
2806,SLPRPVMGHL,824,True,10,
2807,ANPRGVQDWG,824,True,10,
2808,SDPRGVKGTG,824,True,10,
2809,KFPRGVRGNG,824,True,10,
2810,IWPVGMRGWS,824,True,10,
2811,VDPKGMYGLH,824,True,10,
2812,NTPRGMRGMV,824,True,10,
2813,WRIRGLFGVK,824,True,10,
2814,VSPRGVGAIT,824,True,10,
2815,HGPRSLVSRQ,824,True,10,
2816,PVPVGMVNQL,824,True,10,
2817,TGPVSMWGIR,824,True,10,
2818,LQPKGMRSEG,824,True,10,
2819,KVPSGVRGQG,824,True,10,
2820,YVPRGVQGIQ,824,True,10,
2821,EQPRGMAGVK,824,True,10,
2822,VGPRVMQGHT,824,True,10,
2823,LPPKGMHGKT,824,True,10,
2824,KHPSGVMGIK,824,True,10,
2825,TVPRGVKSIY,824,True,10,
2826,QPVKGVRGMF,824,True,10,
2827,AKPRPMYGVH,824,True,10,
2828,LAPRGVRAHY,824,True,10,
2829,HQPRGVAQVK,824,True,10,
2830,KFPKGMRSPQ,824,True,10,
2831,RQPIGIRGHG,824,True,10,
2832,HVPRGVRSNG,824,True,10,
2833,MTVRGMTSRG,824,True,10,
2834,FRPGAMLGPI,824,True,10,
2835,NTPVGMFGTY,824,True,10,
2836,EAPRGMKGVG,824,True,10,
2837,FRPFGMRGSG,824,True,10,
2838,MWPRGMVGWI,824,True,10,
2839,RGPRGMFGIT,824,True,10,
2840,LSPRSMHGRF,824,True,10,
2841,VVPSGVRGER,824,True,10,
2842,FGPFGMFNGH,824,True,10,
2843,TRPRGVIGAS,824,True,10,
2844,DGPRGVTGVG,824,True,10,
2845,TGPVGVTASG,824,True,10,
2846,PVWMGMRGKY,824,True,10,
2847,GQPRSWRGIY,824,True,10,
2848,CGPRGVTASG,824,True,10,
2849,AGVFGMRSTL,824,True,10,
2850,CYPRGMKGAP,824,True,10,
2851,RVPVGMLGTK,824,True,10,
2852,QWPAGVKGEG,824,True,10,
2853,GVPRPVTGTR,824,True,10,
2854,TPPVPMWGVR,824,True,10,
2855,TVPRGVTGQI,824,True,10,
2856,MSPVGMRGNH,824,True,10,
2857,TAPVGMYGTG,824,True,10,
2858,TAPRGVRGTG,824,True,10,
2859,CVPKGVRGVG,824,True,10,
2860,EAPRGSQSTK,824,True,10,
2861,GVPRGVQSTY,824,True,10,
2862,HAPYGMRAMH,824,True,10,
2863,AGPRSMQGVY,824,True,10,
2864,MDPRGQIGIK,824,True,10,
2865,RAPRGVRGLG,824,True,10,
2866,WAPRAVMGKR,824,True,10,
2867,NIPSGVRATQ,824,True,10,
2868,WTPRGNRGSA,824,True,10,
2869,VSPAGVTGPH,824,True,10,
2870,FGPVSMRGMG,824,True,10,
2871,VRPRGVTGPK,824,True,10,
2872,AHPRQVLGRF,824,True,10,
2873,VRPRGVRGAY,824,True,10,
2874,HVPRGVRTAS,824,True,10,
2875,RPPVGMHGHT,824,True,10,
2876,GTPRGNKTAS,824,True,10,
2877,WKPMGMTGLA,824,True,10,
2878,RGPVAIMGLQ,824,True,10,
2879,SAPRGVTASG,824,True,10,
2880,QHPRGQVGQT,824,True,10,
2881,GAPRAVKGTA,824,True,10,
2882,GYPRPFMGEK,824,True,10,
2883,RMPRGVRGIS,824,True,10,
2884,TAPIGIRNAH,824,True,10,
2885,PQPRGVRGNW,824,True,10,
2886,RAPVGMWSQV,824,True,10,
2887,SIPTAFHGVK,824,True,10,
2888,VPPRGVRSTG,824,True,10,
2889,QGPRPIMGTY,824,True,10,
2890,GSPRSVRGTK,824,True,10,
2891,NAPRGLSSKG,824,True,10,
2892,GQPRGVRSLI,824,True,10,
2893,THPRGVISNF,824,True,10,
2894,ANPRGMRGKT,824,True,10,
2895,AEPRGAFSWG,824,True,10,
2896,ITPRGNVGRS,824,True,10,
2897,VWPSGWRGTG,824,True,10,
2898,TGPVGMRNGY,824,True,10,
2899,RMPRGVMSRG,824,True,10,
2900,RMPRGVKGAG,824,True,10,
2901,RLPVGMFGER,824,True,10,
2902,GYPAGMRGEY,824,True,10,
2903,YVPRGVRGQG,824,True,10,
2904,GHPSGVHGPH,824,True,10,
2905,QKPRGMKGNR,824,True,10,
2906,RTPVGMVGQY,824,True,10,
2907,YAPRGVRAMY,824,True,10,
2908,QVPRGMRGNH,824,True,10,
2909,VFPRGQIGEG,824,True,10,
2910,VRPRGVSGHG,824,True,10,
2911,FKPAGVRGGH,824,True,10,
2912,QKPASWTGIW,824,True,10,
2913,HVPRGVKSIY,824,True,10,
2914,VEPRGVRGSY,824,True,10,
2915,GSPVGMSTAS,824,True,10,
2916,GAPRSLAPTI,824,True,10,
2917,NVPRGMSGNG,824,True,10,
2918,VMPRGVSGRV,824,True,10,
2919,GRPRGVISIA,824,True,10,
2920,GQPRGVRSLG,824,True,10,
2921,SEPRGVVAKV,824,True,10,
2922,FYPSGMRGHR,824,True,10,
2923,RAPRSMRGNL,824,True,10,
2924,LNPRGMVNGH,824,True,10,
2925,GEPLGYFGQA,824,True,10,
2926,RLPVGMSGRQ,824,True,10,
2927,NVPRGVRANI,824,True,10,
2928,RFPVGMLGTH,824,True,10,
2929,VLPRVLSGLG,824,True,10,
2930,AFPRAFHAGR,824,True,10,
2931,GAPRSVTASG,824,True,10,
2932,SVPRGVRGPG,824,True,10,
2933,RYPVGMTASG,824,True,10,
2934,SAPRGVGTWY,824,True,10,
2935,ARPRGVRGSG,824,True,10,
2936,GWPSGWRGMG,824,True,10,
2937,QVPVGFKGSL,824,True,10,
2938,RYPRGVSVNQ,824,True,10,
2939,KAPRGVRGFS,824,True,10,
2940,WGPRGVRTGA,824,True,10,
2941,GRPRSMHGIG,824,True,10,
2942,FGPQGMKGIQ,824,True,10,
2943,LAPRGVRAVY,824,True,10,
2944,FTPRGNTGIA,824,True,10,
2945,KPPRGVRALF,824,True,10,
2946,QQPRGVKDGR,824,True,10,
2947,QAPRGVRGTH,824,True,10,
2948,NHPSGMRGTK,824,True,10,
2949,RAPKGVRNAS,824,True,10,
2950,RAPVGMAGQR,824,True,10,
2951,GAPRSMSGAG,824,True,10,
2952,QSPVQMTGAS,824,True,10,
2953,WGPWGINAWS,824,True,10,
2954,VTPRGSTGIS,824,True,10,
2955,FAPRGVLGQK,824,True,10,
2956,QAPLGIRGSH,824,True,10,
2957,PVPRGVQGAG,824,True,10,
2958,AYPRGVRGWS,824,True,10,
2959,PSPVGMRGQA,824,True,10,
2960,SGPRAVRGTA,824,True,10,
2961,TIPRAVFGTQ,824,True,10,
2962,WTPRGNFGWS,824,True,10,
2963,MPPRGVRAGK,824,True,10,
2964,QAPRAVQGNH,824,True,10,
2965,TVPRGVRSLQ,824,True,10,
2966,YGPRGVRGKI,824,True,10,
2967,TVPRGVRAEH,824,True,10,
2968,SRPRGVRGAW,824,True,10,
2969,SGPRGMTATA,824,True,10,
2970,VWPRGMHGPG,824,True,10,
2971,MRPSGVIGWR,824,True,10,
2972,SAPRGPFRMA,824,True,10,
2973,GVPRAVTGPS,824,True,10,
2974,NAPRGVAGLA,824,True,10,
2975,YQPRGVKAIS,824,True,10,
2976,HQPRGVSAQT,824,True,10,
2977,GYPRGVKGIH,824,True,10,
2978,AFPRAFQAVS,824,True,10,
2979,FSPRGVIGQY,824,True,10,
2980,LWPRGQKSIF,824,True,10,
2981,HKPRGVMGET,824,True,10,
2982,QVPVGMWNEG,824,True,10,
2983,GAPRSMHGLV,824,True,10,
2984,AWPSGWTASG,824,True,10,
2985,ITPRGNIGAG,824,True,10,
2986,MWPRGQSGMG,824,True,10,
2987,GYPSGMRSWQ,824,True,10,
2988,SQPRGWAVGL,824,True,10,
2989,TKPFGMRGHS,824,True,10,
2990,VGPAGVTASG,824,True,10,
2991,HKPRGMTGMT,824,True,10,
2992,SHPVGMLGAK,824,True,10,
2993,VGPSGWYGHI,824,True,10,
2994,QAPKGVRGNS,824,True,10,
2995,QNPRGVTASG,824,True,10,
2996,NAPRGVIGPS,824,True,10,
2997,WYPRAMIGLH,824,True,10,
2998,RIPRSVSNVT,824,True,10,
2999,NPVRSVRGNI,824,True,10,
3000,EIPRGVTGPS,824,True,10,
3001,HRVRGVRGNG,824,True,10,
3002,HFPSGVQGNK,824,True,10,
3003,MQPRGMKGVG,824,True,10,
3004,TQPRGVSGAI,824,True,10,
3005,YAPGAMRAIG,824,True,10,
3006,KRPSGWRDTR,824,True,10,
3007,DLPRAVQGHR,824,True,10,
3008,FTPRGQIGKS,824,True,10,
3009,TLPRGVRGTS,824,True,10,
3010,NFPRPVYAKF,824,True,10,
3011,TQPVGMHGIK,824,True,10,
3012,WLPVGMFSEQ,824,True,10,
3013,KGPSGVFTQF,824,True,10,
3014,HVPRGVKGHG,824,True,10,
3015,LTPRGASDTV,824,True,10,
3016,HQPRGVLGEQ,824,True,10,
3017,VTPRGVKGWQ,824,True,10,
3018,TTPSGVKGQY,824,True,10,
3019,GTPRGNYSAK,824,True,10,
3020,VRPRAVAGNK,824,True,10,
3021,AQPVGMKGEG,824,True,10,
3022,HSPRQILGPR,824,True,10,
3023,YVPRGVRSGR,824,True,10,
3024,NVPRGVIGQF,824,True,10,
3025,WYPRGLSNHF,824,True,10,
3026,FVPRAVKSIG,824,True,10,
3027,SWASGMYGRV,824,True,10,
3028,PEPRQVRGAV,824,True,10,
3029,GVPRGSTGRT,824,True,10,
3030,WPPRGFMGNS,824,True,10,
3031,TAPVGMRGIG,824,True,10,
3032,QVPRGVRGHW,824,True,10,
3033,PVPVGMTGVG,824,True,10,
3034,AQPRGFGNHK,824,True,10,
3035,WMPSGMRGTI,824,True,10,
3036,GRPSGVTASG,824,True,10,
3037,YGPRGVSGHG,824,True,10,
3038,GFPRGSQTAS,824,True,10,
3039,SSPVQRSGTR,824,True,10,
3040,PGPRSMFVRI,824,True,10,
3041,QAPRGMAGAQ,824,True,10,
3042,LSPVQMTGTY,824,True,10,
3043,EAPRGSTGHG,824,True,10,
3044,MKPRGVRGAK,824,True,10,
3045,AFPAGVMAHF,824,True,10,
3046,ARPVGMLGEG,824,True,10,
3047,GVPRAVRGHI,824,True,10,
3048,GAPRSVLGTR,824,True,10,
3049,VQPRPIRGPG,824,True,10,
3050,STPRGQTVMG,824,True,10,
3051,TKPVGMLGTG,824,True,10,
3052,NPPRGVKGTR,824,True,10,
3053,TNPSAWMALN,824,True,10,
3054,GEPRNVSGWY,824,True,10,
3055,GAPRGVGGAF,824,True,10,
3056,ARPGPMLNWG,824,True,10,
3057,LAPRGVRGIA,824,True,10,
3058,VNPRGVRSMG,824,True,10,
3059,RDPKGMRNIV,824,True,10,
3060,AQPVGMLGRH,824,True,10,
3061,TRPRGVRGIG,824,True,10,
3062,GPVRGMYSWG,824,True,10,
3063,TQPSGFLGPR,824,True,10,
3064,GAPRSKGVTV,824,True,10,
3065,HAPRGFRSPK,824,True,10,
3066,VGPRSLRGVG,824,True,10,
3067,NDPVGMRNGL,824,True,10,
3068,MVPRGVKGNA,824,True,10,
3069,YGPQGMRNVQ,824,True,10,
3070,QMPRGVSGQG,824,True,10,
3071,TAPVGMKGPG,824,True,10,
3072,YWPRGMRGMY,824,True,10,
3073,ESPVGMWGQG,824,True,10,
3074,HTPLGQISVG,824,True,10,
3075,RTPRGMRGPI,824,True,10,
3076,ETPRGQKSRG,824,True,10,
3077,SAPRGVIAPI,824,True,10,
3078,NSPVGMYGQG,824,True,10,
3079,GIPRAVAGLG,824,True,10,
3080,RDPRGVRGVG,824,True,10,
3081,GMPRAVSGNY,824,True,10,
3082,YSPRGVRGNA,824,True,10,
3083,GQPKGMRSVG,824,True,10,
3084,YGPRPVYGTQ,824,True,10,
3085,QMPRGVKGEF,824,True,10,
3086,QVPRGVAGEG,824,True,10,
3087,GRPRGVYAIA,824,True,10,
3088,VDTAPYWGIR,824,True,10,
3089,IRPRGVLNRA,824,True,10,
3090,ASPVPMRGLG,824,True,10,
3091,GMPRAVMGSA,824,True,10,
3092,KLPRPVTGAL,824,True,10,
3093,ARPTGLKGMK,824,True,10,
3094,CGPRPVMGWY,824,True,10,
3095,ARPQGMRGVL,824,True,10,
3096,VGPRAVLGEY,824,True,10,
3097,STPRGQIGRV,824,True,10,
3098,IGPAGMSGWG,824,True,10,
3099,SAPRSMLAMR,824,True,10,
3100,TWPFGMKGPG,824,True,10,
3101,MVPRGMHSNR,824,True,10,
3102,TPPRGSMSTR,824,True,10,
3103,HQPRAMRGNT,824,True,10,
3104,FRPRGMQNER,824,True,10,
3105,GQPRSVRGEG,824,True,10,
3106,KQPRGMYGVW,824,True,10,
3107,RPLARQVGAS,824,True,10,
3108,KPVYGMRGVI,824,True,10,
3109,WQPRGVTASG,824,True,10,
3110,AVPKGVRSNF,824,True,10,
3111,SGPRGVRTRS,824,True,10,
3112,GYPRGVSGNY,824,True,10,
3113,RFPRPVIVPK,824,True,10,
3114,WVPRAVQGIL,824,True,10,
3115,YRPRGMRNQV,824,True,10,
3116,YRPRGVKGHF,824,True,10,
3117,GLPRSLLGTR,824,True,10,
3118,AHPAGVHGQR,824,True,10,
3119,KAPRGFTASG,824,True,10,
3120,RTPVGMRGIR,824,True,10,
3121,RQPRGVTASG,824,True,10,
3122,VYPKGVRAGY,824,True,10,
3123,FPPRGMFSTK,824,True,10,
3124,FGPFGMRTAK,824,True,10,
3125,NQPAGQTSTF,824,True,10,
3126,GNPRGVSGTF,824,True,10,
3127,YAPRGMHSQG,824,True,10,
3128,SYPRGLTGPF,824,True,10,
3129,RTPVGMYGIG,824,True,10,
3130,WRPSGWRGER,824,True,10,
3131,GSPRGMTGWY,824,True,10,
3132,GHPRGMLNIK,824,True,10,
3133,GPVWGIRGHA,824,True,10,
3134,WNPRGMKSVG,824,True,10,
3135,PVPRAVSGVG,824,True,10,
3136,TAPKGVRGSL,824,True,10,
3137,SGPRAVRGTG,824,True,10,
3138,WRPSGVRGWI,824,True,10,
3139,YVPSGVRGLG,824,True,10,
3140,RNCTPSWHRP,824,True,10,
3141,VRPRGVAGQT,824,True,10,
3142,VLPRSWVGWK,824,True,10,
3143,GRPRSVMSTR,824,True,10,
3144,HAPRGSQGPG,824,True,10,
3145,ATPRGQTASG,824,True,10,
3146,PSWTGMTASG,824,True,10,
3147,PRPRGVMSGI,824,True,10,
3148,VAPRSVQGNQ,824,True,10,
3149,VSPVPFVGSA,824,True,10,
3150,SQPTGVYSNT,824,True,10,
3151,ARPRGMRPTQ,824,True,10,
3152,ATPRGQIGHG,824,True,10,
3153,RMPRGVRSGI,824,True,10,
3154,VEPRQVTASG,824,True,10,
3155,RTPVGMLGPT,824,True,10,
3156,TMPRQLTGHG,824,True,10,
3157,DAPIGMHASG,824,True,10,
3158,VSPVQLMSRG,824,True,10,
3159,SIVAGVRGAT,824,True,10,
3160,MHPSGVKGQY,824,True,10,
3161,VQPRAVKGSI,824,True,10,
3162,AKPFGMRNNG,824,True,10,
3163,ARPRGVLGIH,824,True,10,
3164,MYPRGVINSG,824,True,10,
3165,QMPRAVSGPY,824,True,10,
3166,VIPRAVYSTG,824,True,10,
3167,KWPAGKQSIY,824,True,10,
3168,SVPRGVGGSG,824,True,10,
3169,WGPRGVWGWR,824,True,10,
3170,SRPSDYRGHY,824,True,10,
3171,MVPRGVRAQA,824,True,10,
3172,ASIRGVRSLW,824,True,10,
3173,HRIRGVRAVQ,824,True,10,
3174,TQPVPFWGNT,824,True,10,
3175,MVPRGVKGRT,824,True,10,
3176,FGPRAMLGTW,824,True,10,
3177,RMPRGVLNLK,824,True,10,
3178,RKPAGVKGVF,824,True,10,
3179,WQPRGVRGVA,824,True,10,
3180,RGPVAFRGSR,824,True,10,
3181,RAPVGMRGQG,824,True,10,
3182,WAPRGSIGTF,824,True,10,
3183,GWPRGFRGHS,824,True,10,
3184,AWPRGMTGVT,824,True,10,
3185,MSPRGVQGQG,824,True,10,
3186,MNPRGVKGAY,824,True,10,
3187,TVPQGVTASG,824,True,10,
3188,SDPRGVRGPS,824,True,10,
3189,RLPVGMRGKH,824,True,10,
3190,YHPSGMQGRK,824,True,10,
3191,WNPRGVKSNT,824,True,10,
3192,WGPRGMSGKT,824,True,10,
3193,YMPRWMKSWY,824,True,10,
3194,ATPRGNVGLT,824,True,10,
3195,VWPKGMRGPF,824,True,10,
3196,AYPRAVQGHK,824,True,10,
3197,RQPVGMQSVG,824,True,10,
3198,YQPRGVYAGA,824,True,10,
3199,FVPVGMYGSG,824,True,10,
3200,NMPRWITGWY,8287,True,10,
3201,LVPRPFWATV,8287,True,10,
3202,TGPYHWRTAS,8287,True,10,
3203,QDPIHMWGIS,8287,True,10,
3204,MKPKWMRGSG,8287,True,10,
3205,WHPRGMTNRS,8287,True,10,
3206,HWPRDQIAWY,8287,True,10,
3207,DVGYPLWDLK,8287,True,10,
3208,SMPRWIAVTH,8287,True,10,
3209,WEPRWITNMS,8287,True,10,
3210,PRPLQWVAHT,8287,True,10,
3211,MTPRQWITPG,8287,True,10,
3212,CTPRGNINVA,8287,True,10,
3213,EGPYHWTGEI,8287,True,10,
3214,VRPRYWTASG,8287,True,10,
3215,YTPRSMYTEK,8287,True,10,
3216,WQPRGVRDLI,8287,True,10,
3217,ALPRSWADMG,8287,True,10,
3218,HYPRAFLDIH,8287,True,10,
3219,PVPRGVYTWG,8287,True,10,
3220,VIPRWIVSEG,8287,True,10,
3221,VAPACSWGVS,8287,True,10,
3222,DMPRGWGTHS,8287,True,10,
3223,YQPRNVSDRV,8287,True,10,
3224,PMDWTILYPI,8287,True,10,
3225,TIPRPVYAQY,8287,True,10,
3226,SDPLGIFNQG,8287,True,10,
3227,YFPRDVTDPK,8287,True,10,
3228,SAPVHMWDTI,8287,True,10,
3229,PSPRYWFTWI,8287,True,10,
3230,TAPVWMYGPG,8287,True,10,
3231,PQWYGMGASF,8287,True,10,
3232,ELPRWWATWS,8287,True,10,
3233,ETPRSWRGQH,8287,True,10,
3234,DWPRFIYVEF,8287,True,10,
3235,VMPRYWQGQT,8287,True,10,
3236,QFPRCFTASG,8287,True,10,
3237,INPKWMRTSY,8287,True,10,
3238,DIPRPFKDQG,8287,True,10,
3239,MTPRYWIGLT,8287,True,10,
3240,NQPRGVFDPG,8287,True,10,
3241,TVPRAWIGHI,8287,True,10,
3242,WNPRSWIGQH,8287,True,10,
3243,LPAMGFWASW,8287,True,10,
3244,VTPLGYLTEH,8287,True,10,
3245,LDIRWYGAQI,8287,True,10,
3246,YWPRDIRVTS,8287,True,10,
3247,PIPRVLHDWS,8287,True,10,
3248,VPWGNLWGHF,8287,True,10,
3249,YMPKWMRGPF,8287,True,10,
3250,NWPRSWGVTY,8287,True,10,
3251,FGPVPMAGAG,8287,True,10,
3252,KQPRNYKDEI,8287,True,10,
3253,NSPRDYLGEI,8287,True,10,
3254,RTPRGWIDLG,8287,True,10,
3255,WTPSHWYGPT,8287,True,10,
3256,YIPRWILDIT,8287,True,10,
3257,MIPYHMTHVA,8287,True,10,
3258,HLVRWYHDSW,8287,True,10,
3259,DRPRSWYSNS,8287,True,10,
3260,WKPRSWLDQL,8287,True,10,
3261,YMPRWITASG,8287,True,10,
3262,RNPSWIISGV,8287,True,10,
3263,MAPKHVTGQK,8287,True,10,
3264,FTPRYWADLR,8287,True,10,
3265,KWPRGYRDTG,8287,True,10,
3266,VGPRSYIVEF,8287,True,10,
3267,SWPVGMWNLV,8287,True,10,
3268,MWPRQMLDHG,8287,True,10,
3269,HDPRSWIGQT,8287,True,10,
3270,DFPRPVKATG,8287,True,10,
3271,MQIHGMWDGI,8287,True,10,
3272,GMPRYWRTAS,8287,True,10,
3273,SYPRAYKGTA,8287,True,10,
3274,PNPRGVRDGA,8287,True,10,
3275,NMPRWIHNKA,8287,True,10,
3276,NFPRGQVDMH,8287,True,10,
3277,LMPRYWMDGA,8287,True,10,
3278,PVPRVVANEI,8287,True,10,
3279,WMPRYMTNGI,8287,True,10,
3280,INPRGWQVRA,8287,True,10,
3281,GIPIHWLTAS,8287,True,10,
3282,FTPRGQWSTS,8287,True,10,
3283,TDPKWMYSAY,8287,True,10,
3284,RWPHWMIGQH,8287,True,10,
3285,PYPRGLWTKA,8287,True,10,
3286,SGPSWIYTAS,8287,True,10,
3287,GMPRYMATAS,8287,True,10,
3288,PAPAYWRDGR,8287,True,10,
3289,TSPVMLWDPY,8287,True,10,
3290,QSPRWLLDEW,8287,True,10,
3291,RLPVHYQDNQ,8287,True,10,
3292,YTPRGQVSRQ,8287,True,10,
3293,SVPSWIMGNR,8287,True,10,
3294,TVPRPVLDVT,8287,True,10,
3295,PSWYGMTASG,8287,True,10,
3296,MWPREVFTQY,8287,True,10,
3297,QWPRWLYDNG,8287,True,10,
3298,FIPRWLRHPA,8287,True,10,
3299,FMPRPFWDWG,8287,True,10,
3300,SMPRWLWHNA,8287,True,10,
3301,SYPRWIQGMW,8287,True,10,
3302,QYPRPFVDEG,8287,True,10,
3303,TGVWGITSLH,8287,True,10,
3304,TAPKWIKGTH,8287,True,10,
3305,PTPVGMTSET,8287,True,10,
3306,ERPRGQIGNG,8287,True,10,
3307,PAYSWVKAWI,8287,True,10,
3308,HMPRGQGTMG,8287,True,10,
3309,WAPRDIYTKH,8287,True,10,
3310,YWPRGFYSGV,8287,True,10,
3311,WIPRPVTASG,8287,True,10,
3312,SVPRWLTGPF,8287,True,10,
3313,THPRSWVGTK,8287,True,10,
3314,YIPKWIMGWY,8287,True,10,
3315,TAPKQMLNWV,8287,True,10,
3316,TNPKWMHGVI,8287,True,10,
3317,LTPRYWYTIT,8287,True,10,
3318,HMPRQVQTVG,8287,True,10,
3319,TQPRGVSTGA,8287,True,10,
3320,GAPRSWTGPT,8287,True,10,
3321,TEPRSWIDEW,8287,True,10,
3322,MPVRQVFVRA,8287,True,10,
3323,TWPRGLWDTF,8287,True,10,
3324,SGPKGVTMTA,8287,True,10,
3325,YDPRWITGIG,8287,True,10,
3326,MTPRYWTASG,8287,True,10,
3327,EMPRNVTASG,8287,True,10,
3328,MQPRGQYSGW,8287,True,10,
3329,GVPRYMHDGK,8287,True,10,
3330,SWPVGMWSEL,8287,True,10,
3331,VNPKWIRGVH,8287,True,10,
3332,FYPRDFIGMH,8287,True,10,
3333,MVPRYWMDIS,8287,True,10,
3334,SEPRQVTNIT,8287,True,10,
3335,QMPRFMIGTG,8287,True,10,
3336,GVPRYWRGQR,8287,True,10,
3337,IMPRWVRDIR,8287,True,10,
3338,NAPRSWYTPA,8287,True,10,
3339,VNPRWMTGIT,8287,True,10,
3340,MNPRWMQNGI,8287,True,10,
3341,GMPRYMKNGF,8287,True,10,
3342,GMPRYWITAS,8287,True,10,
3343,QDPRDIMVPY,8287,True,10,
3344,NLPRPVMGMA,8287,True,10,
3345,LSPRWMRGQW,8287,True,10,
3346,VYPGWMRGIG,8287,True,10,
3347,VGPRSWTSGT,8287,True,10,
3348,LPPRGFIDMY,8287,True,10,
3349,THPVWMRDAY,8287,True,10,
3350,YWPRDYTASG,8287,True,10,
3351,NKPLGEYTRI,8287,True,10,
3352,TIHAWMRVIA,8287,True,10,
3353,VWPRDVYPLT,8287,True,10,
3354,IFPRGSMSVK,8287,True,10,
3355,SYPRDIMSHW,8287,True,10,
3356,PYPRAFTDTF,8287,True,10,
3357,TAVIWLIGPH,8287,True,10,
3358,NMPRWMIGIA,8287,True,10,
3359,QRYFPRSVMG,8287,True,10,
3360,LHPVGMQSAH,8287,True,10,
3361,YPPRPVMTAS,8287,True,10,
3362,MYPRWIRGEH,8287,True,10,
3363,RTPRGLSTPH,8287,True,10,
3364,MWPRGTISEA,8287,True,10,
3365,IQPRYWYGQK,8287,True,10,
3366,RSPVQMANGL,8287,True,10,
3367,MDPRWMWDET,8287,True,10,
3368,MTPRYWMGPV,8287,True,10,
3369,HMPRPVMDPT,8287,True,10,
3370,YMPRSYWGHW,8287,True,10,
3371,IRPRYWTNIY,8287,True,10,
3372,GLPRPVLTAS,8287,True,10,
3373,HMPRYWMGQY,8287,True,10,
3374,TDPYGMTVTG,8287,True,10,
3375,VNPRGVAVTL,8287,True,10,
3376,NIPTWIRGNQ,8287,True,10,
3377,INPRNVTSGH,8287,True,10,
3378,TQPRNVFTQG,8287,True,10,
3379,PRPRNIYSIG,8287,True,10,
3380,DQPVWMYGRV,8287,True,10,
3381,RTPIGIWYIV,8287,True,10,
3382,VTPRSWLAGW,8287,True,10,
3383,NMPRAFTASG,8287,True,10,
3384,MKVRGVFNET,8287,True,10,
3385,VPPRAWFDQL,8287,True,10,
3386,NIPRWIQDGT,8287,True,10,
3387,WSPLPFRTWA,8287,True,10,
3388,YLPRAVKDVG,8287,True,10,
3389,RVPRGVRDLY,8287,True,10,
3390,EWPRSWTDIK,8287,True,10,
3391,NYPLGYHGPR,8287,True,10,
3392,TIPRPVWDNG,8287,True,10,
3393,TIPRSWHDEW,8287,True,10,
3394,NTPRSWLGGF,8287,True,10,
3395,WMPLGHTVTT,8287,True,10,
3396,GWPVNMYTAS,8287,True,10,
3397,LTPRYWTASG,8287,True,10,known_sequence
3398,TMPRAYIGQG,8287,True,10,
3399,HLPRWLASAV,8287,True,10,
3400,KGPSGWMGPL,8287,True,10,
3401,FVPRGARTGI,8287,True,10,
3402,WPARDLRGEY,8287,True,10,
3403,WSPRAVWGMY,8287,True,10,
3404,GRPRGMQTAS,8287,True,10,
3405,NMPRSWIGNH,8287,True,10,
3406,VGPRYWQDQI,8287,True,10,
3407,STPRAMVNVR,8287,True,10,
3408,HPVLGMHGKY,8287,True,10,
3409,PWPRPVLTAS,8287,True,10,
3410,LVPRWLSGEG,8287,True,10,
3411,SIPRPVINHG,8287,True,10,
3412,SRPRWLVSIK,8287,True,10,
3413,NHPRSMIGHT,8287,True,10,
3414,VRPRWLSDEH,8287,True,10,
3415,VGPRSYTNHG,8287,True,10,
3416,LRPRDFHGWQ,8287,True,10,
3417,IMPRGQVTAS,8287,True,10,
3418,RQPRNVGNTG,8287,True,10,
3419,EMPRWMVGIY,8287,True,10,
3420,DFPISMRGRQ,8287,True,10,
3421,ETPRAYSGIT,8287,True,10,
3422,QMPRYWKAIH,8287,True,10,
3423,PRPIHMIDQG,8287,True,10,
3424,SWPNWISTHY,8287,True,10,
3425,LPPRHWQADI,8287,True,10,
3426,VKVRDLYSPH,8287,True,10,
3427,YMYRSMWGLF,8287,True,10,
3428,GNPRPIANIT,8287,True,10,
3429,TDPKWMRGNY,8287,True,10,
3430,YNPRGSYYTG,8287,True,10,
3431,WDPRWMKGWI,8287,True,10,
3432,WFVLHLRDQR,8287,True,10,
3433,TVPRWLTGSR,8287,True,10,
3434,GDPRSMQTAS,8287,True,10,
3435,TDPRSWVAEW,8287,True,10,
3436,NPRPVAGLNY,8287,True,10,
3437,NTPAWMYGPA,8287,True,10,
3438,THPVGMHGPS,8287,True,10,
3439,WRPRSWLGKT,8287,True,10,
3440,LTVYGLYGNW,8287,True,10,
3441,VAPRYWADMQ,8287,True,10,
3442,GRPIHMHDNW,8287,True,10,
3443,AIPRPVMDRT,8287,True,10,
3444,VGVNYLRTNR,8287,True,10,
3445,HYPRAFINPA,8287,True,10,
3446,YQPRNVRGLH,8287,True,10,
3447,YDPRWLMDWG,8287,True,10,
3448,CPARAMYGPV,8287,True,10,
3449,FDPYGMYDGY,8287,True,10,
3450,SWPRVLIATW,8287,True,10,
3451,GYPAWMKSNY,8287,True,10,
3452,RMPRAFSGWT,8287,True,10,
3453,VNPKWIRASA,8287,True,10,
3454,LFPRGFLDTA,8287,True,10,
3455,LMPRYWIDNG,8287,True,10,
3456,ALPRPSLDWF,8287,True,10,
3457,TKPVWMLGEV,8287,True,10,
3458,QWPTGLRGLR,8287,True,10,
3459,QYPRPSYDQG,8287,True,10,
3460,TPVYGLIDHT,8287,True,10,
3461,SRPRWLSDIT,8287,True,10,
3462,ETPRQWKAMV,8287,True,10,
3463,MLPLNWTGWQ,8287,True,10,
3464,TLPAGVQDSH,8287,True,10,
3465,SWPVGMRDGY,8287,True,10,
3466,GLPRPHVDIA,8287,True,10,
3467,TNPRGVIDWA,8287,True,10,
3468,VIPRPVTNSR,8287,True,10,
3469,RPAQDIWAPA,8287,True,10,
3470,GTPRDIVGWQ,8287,True,10,
3471,IGPQFKSGSA,8287,True,10,
3472,TMPRQVKDWK,8287,True,10,
3473,FNPVGMTNTF,8287,True,10,
3474,ERPLGWSTQT,8287,True,10,
3475,QGPRSWTASG,8287,True,10,
3476,NPPAGVHAWA,8287,True,10,
3477,GRPVWMRHNF,8287,True,10,
3478,NGPSWIRTAS,8287,True,10,
3479,NYPDWIQAGY,8287,True,10,
3480,QTPIPIRVNY,8287,True,10,
3481,VAPRSWTGTG,8287,True,10,
3482,DIPRWIWGRG,8287,True,10,
3483,GQTWAWPTAS,8287,True,10,
3484,WEPRNVYTIG,8287,True,10,
3485,VMPRYWQAPT,8287,True,10,
3486,YPPRAFSDQG,8287,True,10,
3487,YLPRAVWDSA,8287,True,10,
3488,ANPRWILDAR,8287,True,10,
3489,WNPRGQYGMA,8287,True,10,
3490,LQCYHQHTPT,8287,True,10,
3491,NIPRWITASG,8287,True,10,
3492,GAPRYWRTAS,8287,True,10,
3493,LWPRPFVYAK,8287,True,10,
3494,FAPRSWQDHV,8287,True,10,
3495,QTPAGMYGVS,8287,True,10,
3496,TSPRYITGPH,8287,True,10,
3497,FIPRWMVNPG,8287,True,10,
3498,QMPRYWIDQA,8287,True,10,
3499,WSPRWLWAEQ,8287,True,10,
3500,NSVRWYTASG,8287,True,10,
3501,IVPRPVLDWF,8287,True,10,
3502,FGPFHMIDHQ,8287,True,10,
3503,GYPRNVYTAS,8287,True,10,
3504,ITPRQVADAG,8287,True,10,
3505,RMPRWVMDER,8287,True,10,
3506,GAPRAVKDIF,8287,True,10,
3507,LSPRPFTASG,8287,True,10,
3508,NIPRWLYGTQ,8287,True,10,
3509,MVPKWMWHWY,8287,True,10,
3510,KTPRGLFDTG,8287,True,10,
3511,RTPVWMLGEL,8287,True,10,
3512,MTPRWMRGNQ,8287,True,10,
3513,KGPVPMWNEG,8287,True,10,
3514,DEPRNFGNAG,8287,True,10,
3515,WTPRQVYTIS,8287,True,10,
3516,KYPRWMRNVI,8287,True,10,
3517,ATPKWMRGVA,8287,True,10,
3518,GKPRQVFTAS,8287,True,10,
3519,SIVRPVPMIG,8287,True,10,
3520,EVARAWAGMV,8287,True,10,
3521,TLPRSYTATV,8287,True,10,
3522,ISPLGQITSG,8287,True,10,
3523,HMPRGQLSPA,8287,True,10,
3524,TVPVPMWDNG,8287,True,10,
3525,GMPRYMLGNR,8287,True,10,
3526,ATPRAWISGH,8287,True,10,
3527,GQPRNVLDQG,8287,True,10,
3528,YTPLGVMVPW,8287,True,10,
3529,YLPRVMWNEM,8287,True,10,
3530,PMPRWVTGET,8287,True,10,
3531,YAPRAFWGTG,8287,True,10,
3532,HVPRPVMTAS,8287,True,10,
3533,IVPKWMGTQS,8287,True,10,
3534,YTPRYMINRH,8287,True,10,
3535,HQAYGMWTNG,8287,True,10,
3536,KMPRWIHAWT,8287,True,10,
3537,FLPQWILNQK,8287,True,10,
3538,QHPRAFMNWG,8287,True,10,
3539,MGPWSVMAHQ,8287,True,10,
3540,WYPRAFYSQF,8287,True,10,
3541,VMPYGFRDVQ,8287,True,10,
3542,MWPRDFYGVF,8287,True,10,
3543,EMPRFITASG,8287,True,10,
3544,FRPRWMIGHV,8287,True,10,
3545,GMPRSWIAKG,8287,True,10,
3546,LDPRWYTGAG,8287,True,10,
3547,QGPRYWIAPY,8287,True,10,
3548,LDPRGMTDTK,8287,True,10,
3549,WRPRGMYHIF,8287,True,10,
3550,YQPRNVMDIT,8287,True,10,
3551,TKPVWMLGNS,8287,True,10,
3552,ETPLGQITAS,8287,True,10,
3553,YWPWGVTVWY,8287,True,10,
3554,SWPVGMRDTG,8287,True,10,
3555,MRPKGVTDAY,8287,True,10,
3556,QMPRQVSDGR,8287,True,10,
3557,SRPRSWIRVI,8287,True,10,
3558,TIPRWITASG,8287,True,10,
3559,PYPRGLQDNY,8287,True,10,
3560,NTPRSWVAEK,8287,True,10,
3561,EGPRSWQVHY,8287,True,10,
3562,QVPRGVYDPA,8287,True,10,
3563,SMPRWIRDER,8287,True,10,
3564,WSPRSWYSMQ,8287,True,10,
3565,ESPRNYMGQI,8287,True,10,
3566,YWPLHIQTAS,8287,True,10,
3567,AMPKGFTGWY,8287,True,10,
3568,VRPRHYIAKQ,8287,True,10,
3569,PDPRGVAVSA,8287,True,10,
3570,VPPRVLWNEK,8287,True,10,
3571,WPVRGMSGQL,8287,True,10,
3572,SDPKWLRDIG,8287,True,10,
3573,SQPRGVKTAS,8287,True,10,
3574,RFPINLRDTR,8287,True,10,
3575,DAPRYWTVLG,8287,True,10,
3576,TKPVWMRDAY,8287,True,10,
3577,DTPRGVRDTR,8287,True,10,
3578,GVPRYMWDTF,8287,True,10,
3579,SYPRAVMTHR,8287,True,10,
3580,VTPRSWQGHY,8287,True,10,
3581,MPHGSMYDMK,8287,True,10,
3582,GQPRWQHDHF,8287,True,10,
3583,SNPVWFRDRT,8287,True,10,
3584,APRPLKNSNY,8287,True,10,
3585,NAPVWMRDVA,8287,True,10,
3586,YLPRAWLAQY,8287,True,10,
3587,APYAWMGSQR,8287,True,10,
3588,TSPRPYHDQW,8287,True,10,
3589,CSPRSWLGAK,8287,True,10,
3590,MIPRWITASG,8287,True,10,
3591,PHPRSWRVGY,8287,True,10,
3592,NSPRSWTNGW,8287,True,10,
3593,THVIPMWGNT,8287,True,10,
3594,GDPRSWRTAS,8287,True,10,
3595,HRPRPVLTGW,8287,True,10,
3596,WMPRGYTNMF,8287,True,10,
3597,EFPRNWTASG,8287,True,10,
3598,DQPRGFSTIY,8287,True,10,
3599,PWPVGMVNGT,8287,True,10,
3600,QYPRWIVARS,4698,True,10,
3601,ATPSWIMAMW,4698,True,10,
3602,DVPSWMKGHR,4698,True,10,
3603,SFPLGITASG,4698,True,10,
3604,TSPVWMKTAS,4698,True,10,
3605,ITPVAMHDHK,4698,True,10,
3606,NDPVWMRGSG,4698,True,10,
3607,PGYASMVGTF,4698,True,10,
3608,VGPAWMQTAS,4698,True,10,
3609,GEPRNIASTK,4698,True,10,
3610,FHPIHMISGK,4698,True,10,
3611,LKPVWMISGS,4698,True,10,
3612,AQPVHMWGIF,4698,True,10,
3613,MLPTSLYSRF,4698,True,10,
3614,GYPSKMIAQP,4698,True,10,
3615,DSPVWMLGAW,4698,True,10,
3616,LKPRNIISQG,4698,True,10,
3617,ERPFGMKGRY,4698,True,10,
3618,SFPKWMHSNL,4698,True,10,
3619,DVPVWMKGVW,4698,True,10,
3620,SEPRNIHVWV,4698,True,10,
3621,NMPRDILGHR,4698,True,10,
3622,RGPVWMLNVA,4698,True,10,
3623,DGPRSMYGTG,4698,True,10,
3624,EPPSWMVATS,4698,True,10,
3625,MEPVWMRGEG,4698,True,10,
3626,SEPVWMVGKG,4698,True,10,
3627,AVPVWMRGMY,4698,True,10,
3628,TAPKWMYGQH,4698,True,10,
3629,SDPKWMISVY,4698,True,10,
3630,NAPSWVKTNA,4698,True,10,
3631,HNPLGIMAWA,4698,True,10,
3632,VTPVWMKTAS,4698,True,10,
3633,EYPVWMQGIS,4698,True,10,
3634,SYPAWMKGNQ,4698,True,10,
3635,RNPRSMQGLW,4698,True,10,
3636,SNWLNLRASG,4698,True,10,
3637,EVAKPMWSVY,4698,True,10,
3638,GVPRWLASMH,4698,True,10,
3639,SDPKWMRDKL,4698,True,10,
3640,CFPMSLYASG,4698,True,10,
3641,LYPVHMWSHG,4698,True,10,
3642,QAPAHMTASG,4698,True,10,
3643,MSPKWMRGNG,4698,True,10,
3644,GWPVHMTSNH,4698,True,10,
3645,AFPAWMTHTS,4698,True,10,
3646,LPWHGMTASG,4698,True,10,
3647,AYPKWMRGLI,4698,True,10,
3648,RFPVGMTAYQ,4698,True,10,
3649,PSPVWMAGMG,4698,True,10,
3650,HTPVWMKGSF,4698,True,10,
3651,QLPTGLHSTV,4698,True,10,
3652,NAPSWMRGSG,4698,True,10,
3653,ALPMHIKAPY,4698,True,10,
3654,ALPVHMHAMA,4698,True,10,
3655,LENRAIQAGA,4698,True,10,
3656,NSPVWMRSGS,4698,True,10,
3657,ENPKWMRGRW,4698,True,10,
3658,EVPKWMVSIY,4698,True,10,
3659,SYPLHMRTVI,4698,True,10,
3660,FSPAWMKGSQ,4698,True,10,
3661,VQPVWMTASG,4698,True,10,
3662,KVPVWMHGQA,4698,True,10,
3663,SWPRWLIDAI,4698,True,10,
3664,GWPRWLTASG,4698,True,10,
3665,CEPRNIKSGS,4698,True,10,
3666,FPPVAMWGPF,4698,True,10,
3667,NTPSWMRSPG,4698,True,10,
3668,GTPRSLADQT,4698,True,10,
3669,VGPKWMIGWV,4698,True,10,
3670,DSPVWMRGWH,4698,True,10,
3671,FSPVWMAGHG,4698,True,10,
3672,WVPKWMRHLG,4698,True,10,
3673,DTPKWMRGHG,4698,True,10,
3674,ALPDWLATNG,4698,True,10,
3675,IDPVWMASIG,4698,True,10,
3676,TRPAGVKVPT,4698,True,10,
3677,GYPVWMTASG,4698,True,10,
3678,NSPVWMTASG,4698,True,10,
3679,VDPKWMYAGK,4698,True,10,
3680,GLPVWMKGTG,4698,True,10,
3681,VGPAWMSTAS,4698,True,10,
3682,GVPAHVTGNY,4698,True,10,
3683,WGPSWMRGVG,4698,True,10,
3684,GFPVWMYGVG,4698,True,10,
3685,KDPKWMTASG,4698,True,10,
3686,SWVRWMAGMH,4698,True,10,
3687,PFPRWMTGNH,4698,True,10,
3688,VAPAWMKSIG,4698,True,10,
3689,SWPRWMHGVL,4698,True,10,
3690,CAPVGMWSGT,4698,True,10,
3691,ELPVWMTSQF,4698,True,10,
3692,NMPSWIMAEY,4698,True,10,
3693,ASPSWMRASG,4698,True,10,
3694,YNPVWMRHNL,4698,True,10,
3695,IGVSWMRGAF,4698,True,10,
3696,LYGRWMYGEA,4698,True,10,
3697,QTPRNVTASG,4698,True,10,
3698,TQPRSLHDGT,4698,True,10,
3699,DTPRGLRGIG,4698,True,10,
3700,SRPVHMTGEF,4698,True,10,
3701,MRCGPVYQSG,4698,True,10,
3702,DQPRGMYTHG,4698,True,10,
3703,GVPRYMQGIG,4698,True,10,
3704,QVPVWMRGHG,4698,True,10,
3705,VWEKSKANGA,4698,True,10,
3706,WLPVAMFDEG,4698,True,10,
3707,NVPVWMTASG,4698,True,10,known_sequence
3708,NTPVWMAGVH,4698,True,10,
3709,QYPRWIWTEW,4698,True,10,
3710,NWVEWMRGNA,4698,True,10,
3711,YTPRSLKSWG,4698,True,10,
3712,MTPVWMQTGV,4698,True,10,
3713,PVPRWMYAMH,4698,True,10,
3714,DHPRWMVSGL,4698,True,10,
3715,VYTYGMRTAS,4698,True,10,
3716,MCPVWMQHNK,4698,True,10,
3717,DPVLGLTASG,4698,True,10,
3718,MVPKWMRAGA,4698,True,10,
3719,LNWESLTASG,4698,True,10,
3720,GDPVWMTTAS,4698,True,10,
3721,IHPVWMIAVT,4698,True,10,
3722,AEPRNIVNRG,4698,True,10,
3723,QRPRNMATWA,4698,True,10,
3724,SNPVWMIAGY,4698,True,10,
3725,IMPRNMHGIW,4698,True,10,
3726,TRPVWMRGNG,4698,True,10,
3727,YQPRNVLDIT,4698,True,10,
3728,VTPFWMKTAS,4698,True,10,
3729,DTPLGQYSHL,4698,True,10,
3730,DFPAGMHVTH,4698,True,10,
3731,TFPRWMKDES,4698,True,10,
3732,KFPRWLSANT,4698,True,10,
3733,TRPGWMTASG,4698,True,10,
3734,DMPVSMADMT,4698,True,10,
3735,SFPVWMTVMG,4698,True,10,
3736,MAPSWMRGLV,4698,True,10,
3737,MNPVWMRGAT,4698,True,10,
3738,YAPVWMIGEF,4698,True,10,
3739,VRPRWMAGPG,4698,True,10,
3740,SMPRNLQDVI,4698,True,10,
3741,MRVAWVSGVY,4698,True,10,
3742,TSPVWMTDMK,4698,True,10,
3743,SGPRWITASG,4698,True,10,
3744,GVPRAVKGTK,4698,True,10,
3745,LDPRWLTASG,4698,True,10,
3746,QSPVQMIAPL,4698,True,10,
3747,LTPVWMKGNK,4698,True,10,
3748,WSPRSMSDNW,4698,True,10,
3749,SNPRDIFAVY,4698,True,10,
3750,NSPVWMRSIW,4698,True,10,
3751,GSPVWMRTAS,4698,True,10,
3752,TNAKWMRGPF,4698,True,10,
3753,ASVFSMHAMV,4698,True,10,
3754,VAHAWMTGRS,4698,True,10,
3755,DMPVPMWDWG,4698,True,10,
3756,CDPRWLSGNV,4698,True,10,
3757,SLPRYMRTAS,4698,True,10,
3758,SMPRWLSTAS,4698,True,10,
3759,GVPSWIKSPS,4698,True,10,
3760,GRPVWMRGEK,4698,True,10,
3761,KGPRWLIGMT,4698,True,10,
3762,IEPVWMRTAS,4698,True,10,
3763,SFPRWLVGTR,4698,True,10,
3764,DAVNSMRGEG,4698,True,10,
3765,YSPVAMFGEL,4698,True,10,
3766,SFPNPMYDEG,4698,True,10,
3767,MFVKWMRANY,4698,True,10,
3768,ENPVWMRGEH,4698,True,10,
3769,TGPVFMYNMY,4698,True,10,
3770,NFPRWMSTAS,4698,True,10,
3771,SKPVWLTASG,4698,True,10,
3772,VFPRWLMALG,4698,True,10,
3773,SGPKWMQSTA,4698,True,10,
3774,MNPRWITSVS,4698,True,10,
3775,SNPVWMQTPV,4698,True,10,
3776,NTPVNMLGAG,4698,True,10,
3777,ETPVWMYGKQ,4698,True,10,
3778,TAPVWMTASG,4698,True,10,
3779,IGPSWILGTI,4698,True,10,
3780,QTPIELYGPF,4698,True,10,
3781,NFPAWMKAPY,4698,True,10,
3782,GRPLNWRTAS,4698,True,10,
3783,SQPVWMHGWI,4698,True,10,
3784,HMPVWMQGWF,4698,True,10,
3785,MNPVHMGVNG,4698,True,10,
3786,MKPVHMWDVQ,4698,True,10,
3787,DGPNWTVAGR,4698,True,10,
3788,NMPSWRVAGK,4698,True,10,
3789,NYPKSMTASG,4698,True,10,
3790,NDPVWMRGMG,4698,True,10,
3791,WSPLSWKGWG,4698,True,10,
3792,SQPVWLKGMT,4698,True,10,
3793,YQPSYMWGAT,4698,True,10,
3794,RVPKWLKGEW,4698,True,10,
3795,VGPAWMIAQH,4698,True,10,
3796,YGPVWMRGHT,4698,True,10,
3797,WNPRGLITAS,4698,True,10,
3798,SEPRNIRGAT,4698,True,10,
3799,ACPVWMRGMK,4698,True,10,
3800,ISPVWMTASG,4698,True,10,
3801,QGPSWLFTAS,4698,True,10,
3802,WNWSNLTASG,4698,True,10,
3803,FYPSWMRGQK,4698,True,10,
3804,SNPVWMYGMY,4698,True,10,
3805,GMPVWMRTAS,4698,True,10,
3806,DIPAWMKGNT,4698,True,10,
3807,TYPVHMQSHL,4698,True,10,
3808,SYPSWMMAVS,4698,True,10,
3809,IFPRGMRSEF,4698,True,10,
3810,SVPSWLYANI,4698,True,10,
3811,NLPIPIWDGL,4698,True,10,
3812,SDPWGMTASG,4698,True,10,
3813,YRPVWMRTAG,4698,True,10,
3814,WVPRNVHDGT,4698,True,10,
3815,MDPLSIKGGV,4698,True,10,
3816,FKVKGMYSNG,4698,True,10,
3817,PNPVWMAGAY,4698,True,10,
3818,WFPVSMLSMG,4698,True,10,
3819,GPADWMRGTY,4698,True,10,
3820,SIPVWMTASG,4698,True,10,
3821,VNPAWMKGLV,4698,True,10,
3822,VGPAPWATAS,4698,True,10,
3823,VHPRNIWDGQ,4698,True,10,
3824,EWPVSMRGPK,4698,True,10,
3825,TAPKWMRGNT,4698,True,10,
3826,MMPRWMHGIR,4698,True,10,
3827,SDPVWMIGLK,4698,True,10,
3828,LSPVHMTGTH,4698,True,10,
3829,MGPLWISGSY,4698,True,10,
3830,DEPRNIKSHT,4698,True,10,
3831,SGPVWMASTA,4698,True,10,
3832,VLPAWMHGLP,4698,True,10,
3833,FKPSHLASVF,4698,True,10,
3834,WLPVHYTASG,4698,True,10,
3835,LRPKWMAGML,4698,True,10,
3836,VAPNWMQAGY,4698,True,10,
3837,RWPAWMKGTL,4698,True,10,
3838,SKPAPWVAHG,4698,True,10,
3839,TLSYALQSPA,4698,True,10,
3840,VSVAWLIAIV,4698,True,10,
3841,SPVYWMAGWG,4698,True,10,
3842,DMPRNVKGVR,4698,True,10,
3843,DSPVWMRGTK,4698,True,10,
3844,MEPVWMIGQT,4698,True,10,
3845,LEPLDKTGQS,4698,True,10,
3846,VEPLKMKGVY,4698,True,10,
3847,QIPSWSMAQG,4698,True,10,
3848,GVPKWMRGQA,4698,True,10,
3849,GTPRNKATAS,4698,True,10,
3850,GLPTAMTASG,4698,True,10,
3851,EVPRWLSGPY,4698,True,10,
3852,QDPRWMTGVY,4698,True,10,
3853,ISPLGYQSMG,4698,True,10,
3854,ASPVWMTASG,4698,True,10,
3855,TKPKWMRGQH,4698,True,10,
3856,GMPSGMRTAS,4698,True,10,
3857,GVPRNVTASG,4698,True,10,
3858,TAPKWMTSNI,4698,True,10,
3859,TNPKWMRGPF,4698,True,10,
3860,QMPRQVMASH,4698,True,10,
3861,ESPVWMTASG,4698,True,10,
3862,WLPRAVTASG,4698,True,10,known_sequence
3863,DMPRWVKVEF,4698,True,10,
3864,WQPAWMSQVG,4698,True,10,
3865,FSQRSMRNLR,4698,True,10,
3866,YRPRWMTASG,4698,True,10,
3867,DGPSWITASG,4698,True,10,
3868,FNPRNIPAIK,4698,True,10,
3869,FIPAWMTASG,4698,True,10,
3870,PLPVWMSDKG,4698,True,10,
3871,YEPAHMKGNW,4698,True,10,
3872,MVPKWMYTAS,4698,True,10,
3873,MKPVNMKGAK,4698,True,10,
3874,YSPLPFTDRQ,4698,True,10,
3875,FGPVNMVASG,4698,True,10,
3876,NFPMWIYGMV,4698,True,10,
3877,NFPLDMKGNH,4698,True,10,
3878,SFPSGMWSWA,4698,True,10,
3879,VIPVWMTGKG,4698,True,10,
3880,AMPLHMHGQW,4698,True,10,
3881,YFPAWMTASG,4698,True,10,
3882,ASPVWMQGHW,4698,True,10,
3883,KMPAWMKGQV,4698,True,10,
3884,EMPRSWRSPI,4698,True,10,
3885,NRPNWMKGHY,4698,True,10,
3886,YVPKWLASAG,4698,True,10,
3887,TQVFWMRGPG,4698,True,10,
3888,QGPVWMKGMA,4698,True,10,
3889,DMPRNMTASG,4698,True,10,
3890,ESPVWMTGTV,4698,True,10,
3891,VFPASMTGWH,4698,True,10,
3892,GMPRNIMASG,4698,True,10,
3893,VLPVWMTGRY,4698,True,10,
3894,QVPLNVKVWG,4698,True,10,
3895,MGPVWMRGAY,4698,True,10,
3896,EFPRWMIGHY,4698,True,10,
3897,MDPKWMVARF,4698,True,10,
3898,GFPVWMAGMT,4698,True,10,
3899,WAPSWTGTAS,4698,True,10,
3900,TDPHWLNGIG,4698,True,10,
3901,RTPLMQIGSI,4698,True,10,
3902,TVPVWMVTSG,4698,True,10,
3903,MVPKWMAGHL,4698,True,10,
3904,GTPRSMWAWS,4698,True,10,
3905,TYPRWMSGHG,4698,True,10,
3906,EWPRWMIGTF,4698,True,10,
3907,FPGRSMTASG,4698,True,10,
3908,AQPRNIVAGS,4698,True,10,
3909,KLPINMHGTK,4698,True,10,
3910,KAPRAMVDPA,4698,True,10,
3911,EQPRSMVGWV,4698,True,10,
3912,TAPKWMFAVG,4698,True,10,
3913,EMPRNMRTAS,4698,True,10,
3914,GFPVNMHSWR,4698,True,10,
3915,GTPRSMVTAS,4698,True,10,
3916,TTPVWMHGEA,4698,True,10,
3917,TWPVWMRTAS,4698,True,10,
3918,KIPAWMHGSG,4698,True,10,
3919,WEPAYMKGPY,4698,True,10,
3920,GDPRNMATAS,4698,True,10,
3921,SCPQWIKGKT,4698,True,10,
3922,TFPRWMKGHR,4698,True,10,
3923,ESPVWMTASG,4698,True,10,
3924,EHGRNLRDGK,4698,True,10,
3925,WDPKWMRASV,4698,True,10,
3926,SGPVWMVDTA,4698,True,10,
3927,EMPRWLTASG,4698,True,10,
3928,NTPVWMKSMH,4698,True,10,
3929,SPAHGMTSEL,4698,True,10,
3930,VDPAWMAGHG,4698,True,10,
3931,ESALAMISRH,4698,True,10,
3932,NPVFWMRGWH,4698,True,10,
3933,LRPAWMKNTH,4698,True,10,
3934,VFPKNMAGQG,4698,True,10,
3935,PWVEWMRGSG,4698,True,10,
3936,TKPKWMRGNY,4698,True,10,
3937,GSPVQLVGHG,4698,True,10,
3938,YAPAWMTDNL,4698,True,10,
3939,YVPVWMGGHV,4698,True,10,
3940,SLPAHWSTNY,4698,True,10,
3941,GNPFGMHAGK,4698,True,10,
3942,TRPVWMQSTS,4698,True,10,
3943,PDPVWKGVLT,4698,True,10,
3944,DLPAWMTASG,4698,True,10,
3945,NKPSGMWGQW,4698,True,10,
3946,VNVRWLRSWT,4698,True,10,
3947,QNPVWMKHGF,4698,True,10,
3948,DPPSWVIQNH,4698,True,10,
3949,TKPASQDAMQ,4698,True,10,
3950,DMPFWMIGQK,4698,True,10,
3951,GYPKWMRHMG,4698,True,10,
3952,IQPKWMRGLR,4698,True,10,
3953,LGPVHMLGPI,4698,True,10,
3954,SDPKGMRTVR,4698,True,10,
3955,SDPKWMTASG,4698,True,10,
3956,QRPRWMIGTY,4698,True,10,
3957,LEPRNITASG,4698,True,10,
3958,YMPRNVTASG,4698,True,10,
3959,DQPVWMYGNI,4698,True,10,
3960,MVPSWLMDRV,4698,True,10,
3961,ISPGWLNGPA,4698,True,10,
3962,ENPRWIKGSY,4698,True,10,
3963,DWPSWIRAIR,4698,True,10,
3964,NAPVWMIGNG,4698,True,10,
3965,LKPRWMVSNH,4698,True,10,
3966,WTPRNIKVGH,4698,True,10,
3967,FSPLNWRSMY,4698,True,10,
3968,SMPFHMTSGW,4698,True,10,
3969,FDVEWMRTAK,4698,True,10,
3970,FTPREVYAHS,4698,True,10,
3971,GQPAWMRGIF,4698,True,10,
3972,INPAWMKGVG,4698,True,10,
3973,WSPEWMKGIH,4698,True,10,
3974,FIPAWMVAPH,4698,True,10,
3975,MNGPVFTASG,4698,True,10,
3976,SYPVHMLGPT,4698,True,10,
3977,TWPRWIKGHQ,4698,True,10,
3978,GYPVWMYGWG,4698,True,10,
3979,SDPVWMTASG,4698,True,10,
3980,GSPKWMQGTS,4698,True,10,
3981,AQPRWMTDTV,4698,True,10,
3982,GSPVQMTGSY,4698,True,10,
3983,SNVRWMRGQV,4698,True,10,
3984,NVPKWMRHAV,4698,True,10,
3985,KTPIWMTGMH,4698,True,10,
3986,WSPVWMTASG,4698,True,10,
3987,QVPRWLMAPG,4698,True,10,
3988,IDPRWIVAIG,4698,True,10,
3989,APPFGMHGWT,4698,True,10,
3990,TNPVWMTASG,4698,True,10,
3991,SEPSWMHGSQ,4698,True,10,
3992,ENPRWMSVNI,4698,True,10,
3993,QTPINMWGSY,4698,True,10,
3994,EKPRNQTASG,4698,True,10,
3995,KVPVWMTASG,4698,True,10,
3996,GYPFSMTAGF,4698,True,10,
3997,IDPLGMKGMV,4698,True,10,
3998,FDPVWMYAAQ,4698,True,10,
3999,PYPRWLSDKW,4698,True,10,
4000,DMPRGVTQAF,1880,True,10,
4001,PFPRAFKGEG,1880,True,10,
4002,SEPRGIKSIA,1880,True,10,
4003,TPVRWFSAGW,1880,True,10,
4004,NQPTGMHDEF,1880,True,10,
4005,DTPRGNTANW,1880,True,10,
4006,PWPAGVYAMG,1880,True,10,
4007,RHVRAVKGNH,1880,True,10,
4008,FLPRAVTASG,1880,True,10,
4009,NMVRGVRSWF,1880,True,10,
4010,RNVRNIHSAV,1880,True,10,
4011,PQYKGMTASG,1880,True,10,
4012,SVPKGVYSNR,1880,True,10,
4013,PKPLGYTSMQ,1880,True,10,
4014,LNPRQVYGNV,1880,True,10,
4015,PTPRAVSTET,1880,True,10,
4016,FHPVGMIAES,1880,True,10,
4017,RWPAGVDATW,1880,True,10,
4018,GMPKGVTASG,1880,True,10,
4019,TAVFGIYSNG,1880,True,10,
4020,PDPRQVIDTA,1880,True,10,
4021,WVPRGVFTAS,1880,True,10,
4022,HTVSWMWGAK,1880,True,10,
4023,TFPRGSTASG,1880,True,10,
4024,GNPSGVRGIK,1880,True,10,
4025,LQPRSWVAEH,1880,True,10,
4026,HNGMRMVSTH,1880,True,10,
4027,SFPAGVFSTW,1880,True,10,
4028,FTPKGQVAMA,1880,True,10,
4029,YFARAFQSAG,1880,True,10,
4030,SIPRPVWAWI,1880,True,10,
4031,SRPRTLSGNV,1880,True,10,
4032,LAPRQVASGV,1880,True,10,
4033,NVPSAWLVGH,1880,True,10,
4034,WYPRDIRSHA,1880,True,10,
4035,VTPRSWYTAH,1880,True,10,
4036,LWGRALWGAG,1880,True,10,
4037,PDPRPVMAMG,1880,True,10,
4038,AHPRQVYAEQ,1880,True,10,
4039,APALNYTSQA,1880,True,10,
4040,SLPRPVKAHG,1880,True,10,
4041,TSPRSWRDIS,1880,True,10,
4042,FVPRKVMSGV,1880,True,10,
4043,DPVLGIYAHG,1880,True,10,
4044,FTPRGQYMIT,1880,True,10,
4045,MDVKGINSVL,1880,True,10,
4046,SYPRAFAGEH,1880,True,10,
4047,WRPRSYINAY,1880,True,10,
4048,VGPVQMWGPF,1880,True,10,
4049,GKWMPLFTAS,1880,True,10,
4050,WVPKNGPADI,1880,True,10,
4051,SDPRPVMSGS,1880,True,10,
4052,RSPSWISANF,1880,True,10,
4053,WSPLGFSVGT,1880,True,10,
4054,WVPRQVSAVG,1880,True,10,
4055,VAPYKFTSAW,1880,True,10,
4056,HDPKGAMSVW,1880,True,10,
4057,IFHVNLISGI,1880,True,10,
4058,VAPKWIIGAK,1880,True,10,
4059,FSRYGRSHTA,1880,True,10,
4060,EPVYGIRAIH,1880,True,10,
4061,RTPVGMLSKW,1880,True,10,
4062,PERPLADFSE,1880,True,10,
4063,MVEHPTPLLM,1880,True,10,
4064,YVPSWLWAEI,1880,True,10,
4065,VTPRVGTASG,1880,True,10,
4066,SVPRTLSDTG,1880,True,10,
4067,VYPRQVSATH,1880,True,10,
4068,VSPRTLDSTL,1880,True,10,
4069,MIVRGVTASG,1880,True,10,
4070,KRPRGQVGIF,1880,True,10,
4071,QPWKLMYGTS,1880,True,10,
4072,NQPRGVTASG,1880,True,10,
4073,RVPRGVSTAS,1880,True,10,
4074,VAPGQMYSVG,1880,True,10,
4075,YIPRVYWDWQ,1880,True,10,
4076,YVPRTVFAMA,1880,True,10,
4077,GMPKQVYSGW,1880,True,10,
4078,WPHGRMTDIS,1880,True,10,
4079,RHPSAVTASG,1880,True,10,
4080,AVTYAVMAPI,1880,True,10,
4081,VGVRAIFGKY,1880,True,10,
4082,GAPVPMWSGW,1880,True,10,
4083,MWMKELMGAH,1880,True,10,
4084,VKVSGVSVKA,1880,True,10,
4085,YAGRPLHTWA,1880,True,10,
4086,NRPRSMTASG,1880,True,10,
4087,TAYMVQSSHM,1880,True,10,
4088,FYPRPVKTVH,1880,True,10,
4089,ADPRAVRDEW,1880,True,10,
4090,YEPRSWANPT,1880,True,10,
4091,SYARKLTASG,1880,True,10,
4092,FPPRSWQGAH,1880,True,10,
4093,YTPRQVYDGY,1880,True,10,
4094,VRPRTVLAHA,1880,True,10,
4095,MQPRSWTASG,1880,True,10,
4096,PGPRPVMGAI,1880,True,10,
4097,CTPLAVIDVH,1880,True,10,
4098,TMPFRIVGPG,1880,True,10,
4099,GTPRGNSTAS,1880,True,10,
4100,MQPKWMLGMT,1880,True,10,
4101,DTPRGQRTWY,1880,True,10,
4102,RAPSAFTASG,1880,True,10,
4103,WAPAQVKGWR,1880,True,10,
4104,WAGRPLWGEG,1880,True,10,
4105,HVPRGSVSKV,1880,True,10,
4106,FMPRAFSVGA,1880,True,10,
4107,YPPKGMGDQF,1880,True,10,
4108,VSPVQVWGPY,1880,True,10,
4109,TIPRNVFAEF,1880,True,10,
4110,VSPRWLFSPV,1880,True,10,
4111,MFGTPLWDAY,1880,True,10,
4112,TVSYAWQAIH,1880,True,10,
4113,PAPKSVRGAH,1880,True,10,
4114,HKPKGVDGLV,1880,True,10,
4115,TSPRGVTASG,1880,True,10,
4116,MDPRGMTSGF,1880,True,10,
4117,PLPRKVQSMQ,1880,True,10,
4118,TRVLPSISQT,1880,True,10,
4119,KRARSMWSML,1880,True,10,
4120,TMPAQVWSLW,1880,True,10,
4121,TRPRQVTDIS,1880,True,10,
4122,SPVYGLHGIR,1880,True,10,
4123,GNPLGQITAS,1880,True,10,
4124,NIPRPVADWV,1880,True,10,
4125,GTVWGIYSET,1880,True,10,
4126,NLPLGITASG,1880,True,10,
4127,GYPRAWMATR,1880,True,10,
4128,CQVLGIRSGT,1880,True,10,
4129,RTPRGLTGVA,1880,True,10,
4130,YPWTRPRMNL,1880,True,10,
4131,GPVLGILSVS,1880,True,10,
4132,VTPRSWQGVW,1880,True,10,
4133,PTVRGWIAHG,1880,True,10,
4134,VWPREKSANS,1880,True,10,
4135,GTPRGLRSKV,1880,True,10,
4136,SRPRTLADTA,1880,True,10,
4137,FLGPYLWSHR,1880,True,10,
4138,DMPRQVFNTG,1880,True,10,
4139,TSPRPVTVAG,1880,True,10,
4140,TVPRVVMSGT,1880,True,10,
4141,MWPVGMRSGH,1880,True,10,
4142,LPRLARFIAP,1880,True,10,
4143,PVWYGMASPF,1880,True,10,
4144,MGPRAVATAS,1880,True,10,
4145,WQPRVTALHW,1880,True,10,
4146,QGPRSWTASG,1880,True,10,
4147,IFPKQVRDWH,1880,True,10,
4148,GMPRQVLVHR,1880,True,10,
4149,TGPKLIQSEQ,1880,True,10,
4150,WGPRAVWGMY,1880,True,10,
4151,TIVFALIGQV,1880,True,10,
4152,TAPKAVRSAS,1880,True,10,
4153,YGPSKVYGQS,1880,True,10,
4154,TQPRGNSVMQ,1880,True,10,
4155,WLPRAVMGAQ,1880,True,10,
4156,KLTRPLISPR,1880,True,10,
4157,HRPRGVAGHS,1880,True,10,
4158,TGPKLIHGPY,1880,True,10,
4159,WTPRSYRGQG,1880,True,10,
4160,FLPRVYTASG,1880,True,10,
4161,SKPRQVLGSV,1880,True,10,
4162,VTPRPFLGTA,1880,True,10,
4163,TWPVGMTGNG,1880,True,10,
4164,VKPSGQVSMH,1880,True,10,
4165,PAVRAVLGNS,1880,True,10,
4166,SMPRTLVGSG,1880,True,10,
4167,TVPRAVLGLH,1880,True,10,
4168,PKPNGMFSPV,1880,True,10,
4169,YDPRQVTGSF,1880,True,10,
4170,IGPVNFSGAI,1880,True,10,
4171,GAPRSVMAIT,1880,True,10,
4172,KQPRGVTGKQ,1880,True,10,
4173,VDPRWLTGTF,1880,True,10,
4174,SYPRGQIVIV,1880,True,10,
4175,QFPRGVGQPG,1880,True,10,
4176,MYPWSVRDNW,1880,True,10,
4177,TKPVAYKGMH,1880,True,10,
4178,FTPRSVMGKS,1880,True,10,
4179,VPEGYDYIVT,1880,True,10,
4180,NIPRGVKGHK,1880,True,10,
4181,FAPRQVHAVF,1880,True,10,
4182,KQWRAYTASG,1880,True,10,
4183,VPPRVLYDNG,1880,True,10,
4184,KDPRPISGVL,1880,True,10,
4185,KTPKGQVTAG,1880,True,10,
4186,EVTFAMVGPT,1880,True,10,
4187,TMPKQVTASG,1880,True,10,
4188,TVPRAWTASG,1880,True,10,
4189,IDPRPQMSNF,1880,True,10,
4190,SRVLPVWAWT,1880,True,10,
4191,GQPARFTASG,1880,True,10,
4192,DFPLGFWDQI,1880,True,10,
4193,GTPRQVMAWF,1880,True,10,
4194,VQPRGVSAGW,1880,True,10,
4195,SPPRQVLTPW,1880,True,10,
4196,GVPRQVSTVS,1880,True,10,
4197,WMPRGQVSTF,1880,True,10,
4198,FTIVMLWGRA,1880,True,10,
4199,VRPRQMHGTF,1880,True,10,
4200,PLPAKVAGEF,1880,True,10,
4201,GQPRGLQTAS,1880,True,10,
4202,HFPRQVLGIW,1880,True,10,
4203,PLPAEVISGY,1880,True,10,
4204,TTPRSYIGNG,1880,True,10,
4205,YEPRNVISVH,1880,True,10,
4206,NGPRSVWSGI,1880,True,10,
4207,TMPRQVFSGR,1880,True,10,
4208,IRPLGYTDVG,1880,True,10,
4209,NVPVWMWSPA,1880,True,10,
4210,RSPVPMHGKY,1880,True,10,
4211,TAPKWMVGPA,1880,True,10,
4212,YWVKGMYATH,1880,True,10,
4213,TYPRVMIAPV,1880,True,10,
4214,FTPRGNIAEV,1880,True,10,
4215,GVPRAVMGFT,1880,True,10,
4216,TRPLGYKGQA,1880,True,10,
4217,RTPVGMTASG,1880,True,10,
4218,MRPRQVSTPF,1880,True,10,
4219,CNPATMWAPS,1880,True,10,
4220,PQPRAVLHVI,1880,True,10,
4221,AVTYAGISEF,1880,True,10,
4222,WQPRGVTASG,1880,True,10,
4223,PVPRQVKGEG,1880,True,10,
4224,EVTRWYSGMY,1880,True,10,
4225,SNPRKFAGMV,1880,True,10,
4226,HLPKFLYAMG,1880,True,10,
4227,YVPRAVSGQS,1880,True,10,
4228,NEPRNVTSWT,1880,True,10,
4229,NWPRQVLDVR,1880,True,10,
4230,AMGRAYWGAG,1880,True,10,
4231,MGPKFLHAMI,1880,True,10,
4232,GVPRAVATAS,1880,True,10,
4233,STPSKWKGPR,1880,True,10,
4234,NKPRDYTASG,1880,True,10,
4235,PQPRHVLAEY,1880,True,10,
4236,HNPRGSVGEA,1880,True,10,
4237,GTPIELYDNV,1880,True,10,
4238,NDVRAVPGEH,1880,True,10,
4239,AKPRYMYTAS,1880,True,10,
4240,GMPRGVKSEV,1880,True,10,
4241,PSPKGVISTG,1880,True,10,
4242,VNPWAVKGQT,1880,True,10,
4243,YVPRGVLSGF,1880,True,10,
4244,YGPRSWFAMG,1880,True,10,
4245,GLPRSWTGAW,1880,True,10,
4246,VQPRVVTASG,1880,True,10,
4247,HVPRGVFAGG,1880,True,10,
4248,TPIRWLMSNY,1880,True,10,
4249,PWPREVYGNF,1880,True,10,
4250,GIPRVQDAIQ,1880,True,10,
4251,WPVSASWSAH,1880,True,10,
4252,TNPRQMATIV,1880,True,10,
4253,YSWSAMANVV,1880,True,10,
4254,QWPQHMSDGW,1880,True,10,
4255,VLPRVVSVMT,1880,True,10,
4256,TVLWGVYAQT,1880,True,10,
4257,VLPSWIMGEV,1880,True,10,
4258,LNPRTLIGEF,1880,True,10,
4259,RGPLGIQSEF,1880,True,10,
4260,WAEKNPVAPF,1880,True,10,
4261,WIVRAVHGIY,1880,True,10,
4262,VMPKGVRSGH,1880,True,10,
4263,PRPVPVADMK,1880,True,10,
4264,NTPRSWTASG,1880,True,10,
4265,KVPKGVTSEG,1880,True,10,
4266,MVPRGVRAPG,1880,True,10,
4267,RTVRNVTGHF,1880,True,10,
4268,GVPRQVTASG,1880,True,10,
4269,KGPVYMYGNV,1880,True,10,
4270,IFPAGVKDGA,1880,True,10,
4271,KMPRQVTASG,1880,True,10,
4272,NKVRGVRANI,1880,True,10,
4273,TWPRELKSKF,1880,True,10,
4274,GKPFPYWGWI,1880,True,10,
4275,VKPRNVSAGH,1880,True,10,
4276,PVPRVVSAGW,1880,True,10,
4277,TVPRAWHSPS,1880,True,10,
4278,AVTRAWSGWL,1880,True,10,
4279,MIPWAVHAMT,1880,True,10,
4280,PNPAQMYGET,1880,True,10,
4281,FDPRGWVDGF,1880,True,10,
4282,RTPRGNTSPG,1880,True,10,
4283,IKPIPIWVTF,1880,True,10,
4284,ANPRNVLGSY,1880,True,10,
4285,TGPVEMWGHF,1880,True,10,
4286,MQPLSHIGNQ,1880,True,10,
4287,FMYASMRSIQ,1880,True,10,
4288,LSVSWLHSWV,1880,True,10,
4289,GAPLGIRSNS,1880,True,10,
4290,PLWACFSAKL,1880,True,10,
4291,VTPSDVTASG,1880,True,10,
4292,WKPVYMLGLG,1880,True,10,
4293,PTPRSHLAVK,1880,True,10,
4294,HSVRAVWANR,1880,True,10,
4295,TAVRSITASG,1880,True,10,
4296,SDPINMTASG,1880,True,10,
4297,EHVRSITASG,1880,True,10,
4298,VFPKGVSTQG,1880,True,10,
4299,GVPRGVQTAS,1880,True,10,
4300,EYPLGMSTPH,1880,True,10,
4301,FGARSMVSWA,1880,True,10,
4302,IQPRGVAYPW,1880,True,10,
4303,TRPLGVFTAS,1880,True,10,
4304,MVPRGVKDKG,1880,True,10,
4305,SDPKGVTASG,1880,True,10,
4306,LHPRSWTASG,1880,True,10,
4307,PGPVPKINGF,1880,True,10,
4308,YQPRAVTASG,1880,True,10,
4309,CWPVGMTSEG,1880,True,10,
4310,TMPRYMVGRG,1880,True,10,
4311,AVTHSFMGEY,1880,True,10,
4312,WMYLPMIAPL,1880,True,10,
4313,QCPLQIKGHF,1880,True,10,
4314,SVPSMIQATS,1880,True,10,
4315,GHPVAWTASG,1880,True,10,
4316,MQPRSKWDEF,1880,True,10,
4317,KYISAYTASG,1880,True,10,
4318,GTVRGMHSTI,1880,True,10,
4319,YVARAVISQT,1880,True,10,
4320,MVPRGVTASG,1880,True,10,
4321,TAVRSLYSPW,1880,True,10,
4322,SPPRPFTASG,1880,True,10,
4323,NVPRQVLGPY,1880,True,10,
4324,YVPKTLWSRS,1880,True,10,
4325,LNVRGVYGTV,1880,True,10,
4326,MQPRGQYTPI,1880,True,10,
4327,MSPRKFTASG,1880,True,10,known_sequence
4328,IKPARGVAGS,1880,True,10,
4329,WCVFGLVAWH,1880,True,10,
4330,TKPRSWIGSG,1880,True,10,
4331,RLPVAINGTG,1880,True,10,
4332,MFPRKFIGVF,1880,True,10,
4333,TWPRELRAWF,1880,True,10,
4334,DSWYGMQSPG,1880,True,10,
4335,TQPIEMYGMI,1880,True,10,
4336,HYPSGWTASG,1880,True,10,
4337,HKPRQVAGKA,1880,True,10,
4338,NQPRGVSDAF,1880,True,10,
4339,YGPVNMYATW,1880,True,10,
4340,GRPVDLYSER,1880,True,10,
4341,WYPVGMTGVF,1880,True,10,
4342,SHPVGMYSGF,1880,True,10,
4343,AVPKLLVGSG,1880,True,10,
4344,GRPRGVTASG,1880,True,10,
4345,LTWAPFMSGS,1880,True,10,
4346,PSPRAVTASG,1880,True,10,
4347,YPPRVLFAEV,1880,True,10,
4348,GLPRAVSDKS,1880,True,10,
4349,EWPMWSRGEV,1880,True,10,
4350,HGPLSQYGNR,1880,True,10,
4351,KPVSGVWGTL,1880,True,10,
4352,HEPRNVQAPS,1880,True,10,
4353,ATPRSYRASG,1880,True,10,
4354,QSPRWLWGQF,1880,True,10,
4355,SKVRGVRAVY,1880,True,10,
4356,NVPRAVISNR,1880,True,10,
4357,YGPVAFSGMG,1880,True,10,
4358,YQPRGVTASG,1880,True,10,
4359,NQPVPMIAGV,1880,True,10,
4360,TKPRNYFGLF,1880,True,10,
4361,KDPKGVIAVT,1880,True,10,
4362,KNPATVWAQS,1880,True,10,
4363,TVPRLYSAGW,1880,True,10,
4364,HVPRGVTASG,1880,True,10,
4365,TVPRAVQGWY,1880,True,10,
4366,YAPRPVWANW,1880,True,10,
4367,STVRGVYDSR,1880,True,10,
4368,VTPIEVRGEW,1880,True,10,
4369,IGPRTLWGSR,1880,True,10,
4370,VMPRAVSANI,1880,True,10,
4371,GTPRGQVTAS,1880,True,10,
4372,SQPRGVTGVY,1880,True,10,
4373,YIAFQITASG,1880,True,10,
4374,VMWSTAGSTG,1880,True,10,
4375,KFPSGFYDQG,1880,True,10,
4376,WGPKGAMSQT,1880,True,10,
4377,TWPREIKGPA,1880,True,10,
4378,GTVFGMTSGY,1880,True,10,
4379,MAPRQVLGPQ,1880,True,10,
4380,MNPKQVMGNL,1880,True,10,
4381,VWGRAFWANQ,1880,True,10,
4382,EGPRSQVAPG,1880,True,10,
4383,EAPKFLTASG,1880,True,10,
4384,MPVSAMQGIS,1880,True,10,
4385,TVPRQVRDQF,1880,True,10,
4386,VPPKGVIATW,1880,True,10,
4387,CTPVGMYSGH,1880,True,10,
4388,MGPKGVQAQF,1880,True,10,
4389,YPPRPFLGHR,1880,True,10,
4390,NMPRQVMAGS,1880,True,10,
4391,FQPRGNQDEH,1880,True,10,
4392,VIWSAMTASG,1880,True,10,
4393,IPPRLYKGWI,1880,True,10,
4394,GYPRAFLGQF,1880,True,10,
4395,SAPRTLYANA,1880,True,10,
4396,VNPMGMKGIR,1880,True,10,
4397,ISPRAVTASG,1880,True,10,
4398,FAPRVMRDHA,1880,True,10,
4399,ETPRTLYTSG,1880,True,10,
4400,WTPRSWKGMW,1451,True,10,
4401,ENPKWMYGNG,1451,True,10,
4402,AMPSGWTASG,1451,True,10,
4403,QTPRQLWGNQ,1451,True,10,
4404,PDPYGMTASG,1451,True,10,
4405,WIPRWFMGLY,1451,True,10,
4406,CHPSPFLNMG,1451,True,10,
4407,DHNRWIRGLY,1451,True,10,
4408,WIPRGMTDPK,1451,True,10,
4409,LIPAWFIGVL,1451,True,10,
4410,ASPLSWKGGT,1451,True,10,
4411,VFPQWMYGMH,1451,True,10,
4412,WMPFGFRGHG,1451,True,10,
4413,PQWYGMQGIF,1451,True,10,
4414,EMPRSFAGPR,1451,True,10,
4415,WGPQGMINVH,1451,True,10,
4416,RHPSAMYGNG,1451,True,10,
4417,QLPAHWRGTW,1451,True,10,
4418,QAPRGFIGHI,1451,True,10,
4419,KDPYGMLNPT,1451,True,10,
4420,FTPSGQYTAI,1451,True,10,
4421,DMPSGMFGTS,1451,True,10,
4422,ENPVWYISQR,1451,True,10,
4423,EQPRSWTGHY,1451,True,10,
4424,VNPRSWHTGR,1451,True,10,
4425,TGPKLYKGAG,1451,True,10,
4426,PYPRWLNSVL,1451,True,10,
4427,SNPSWVRGYF,1451,True,10,
4428,MYPRQWIGWG,1451,True,10,
4429,NWPRAFQGMG,1451,True,10,
4430,RAPRSWTGTG,1451,True,10,
4431,NYPSGWISQL,1451,True,10,
4432,SKPYGMFGAT,1451,True,10,
4433,IDPYGWLNAR,1451,True,10,
4434,KHPVGMYNQW,1451,True,10,
4435,SWPKWLYGWR,1451,True,10,
4436,EWPVGMRGRG,1451,True,10,
4437,WSPRSYLGMH,1451,True,10,
4438,HMPRQVMGQL,1451,True,10,
4439,QGPWHIRTQH,1451,True,10,
4440,FLPMWSWSNG,1451,True,10,
4441,WTPLGQIVNF,1451,True,10,
4442,SDPYGMRDQF,1451,True,10,
4443,YDPKWMYGKQ,1451,True,10,
4444,MWPWAWRTPG,1451,True,10,
4445,TDPSWIMGRG,1451,True,10,
4446,LWVKGMYSVG,1451,True,10,
4447,LTPVQMWGPT,1451,True,10,
4448,SWPRWLYGKG,1451,True,10,
4449,LSPLHWIGNG,1451,True,10,
4450,PHPRGFTSTR,1451,True,10,
4451,WRPSWRGYLK,1451,True,10,
4452,MNPKWIMAPK,1451,True,10,
4453,RTPRSWTALH,1451,True,10,
4454,SPTYHLIAQR,1451,True,10,
4455,HQPRSWFGRK,1451,True,10,
4456,LTPRYWTGHF,1451,True,10,
4457,HRPVGSWSGA,1451,True,10,
4458,SAPVPFYGMI,1451,True,10,
4459,QHPRGFGTWG,1451,True,10,
4460,TWPSPFWNER,1451,True,10,
4461,WAPSPMFTNT,1451,True,10,
4462,CYPRAFINPR,1451,True,10,
4463,AQPEAWRGPS,1451,True,10,
4464,NPPSHWVGAY,1451,True,10,
4465,KRPSHFWGIV,1451,True,10,
4466,WYPRPFWGLA,1451,True,10,
4467,DHPISMWGIL,1451,True,10,
4468,GYPRGLIGQH,1451,True,10,
4469,HNPSGWAVSA,1451,True,10,
4470,TAPRQVWTHG,1451,True,10,
4471,KTPRGQFTGI,1451,True,10,
4472,ATPLGQWNQT,1451,True,10,
4473,QGPRSMHGVR,1451,True,10,
4474,TGPKWIYATK,1451,True,10,
4475,ETPSWLWGMW,1451,True,10,
4476,YRPSGWLDHG,1451,True,10,
4477,STPLGQRNGQ,1451,True,10,
4478,PKPLPYWGLG,1451,True,10,
4479,WYPSGWRGMQ,1451,True,10,
4480,TSPRGWTGQG,1451,True,10,
4481,ESPRGSVGNY,1451,True,10,
4482,PYPRAYRGNW,1451,True,10,
4483,DSPRGFRTPG,1451,True,10,
4484,VYPRAFRNMH,1451,True,10,
4485,TFPYGMRNSF,1451,True,10,
4486,LKPSGWHNGR,1451,True,10,
4487,TGPRQVTASG,1451,True,10,
4488,GYPRAFQGWG,1451,True,10,
4489,ETPLGQWNPQ,1451,True,10,
4490,YAPSGWYAIS,1451,True,10,
4491,PGPVSWQGPH,1451,True,10,
4492,GWPAWMIGVK,1451,True,10,
4493,YEPWGMHSGA,1451,True,10,
4494,VTPMNWRGQF,1451,True,10,
4495,IRPSGWATPH,1451,True,10,
4496,PACPCMRGYT,1451,True,10,
4497,YPPSHWAGPK,1451,True,10,
4498,DIPTSWHGSA,1451,True,10,
4499,FQYYPWAVNQ,1451,True,10,
4500,FMPRQWRGQS,1451,True,10,
4501,GLPRAYHGWG,1451,True,10,
4502,LVPSWSQGTK,1451,True,10,
4503,GLPRPWRGTG,1451,True,10,
4504,APYFHMQGSF,1451,True,10,
4505,QWPVGMTGMY,1451,True,10,
4506,KSPVQLYSES,1451,True,10,
4507,SKPFGMRNHY,1451,True,10,
4508,YAPRSWYSTI,1451,True,10,
4509,TSPRGQWGWG,1451,True,10,
4510,YSPRSWTASG,1451,True,10,
4511,CTPRSWRGLT,1451,True,10,
4512,QYPSPWYGWI,1451,True,10,
4513,SYPNPFWANQ,1451,True,10,
4514,MEPRGYRSVG,1451,True,10,
4515,CMPRQVRNTY,1451,True,10,
4516,HGPFGMRGML,1451,True,10,
4517,QGRPMLWGPY,1451,True,10,
4518,MQPRQVYAIV,1451,True,10,
4519,VRPRSWTDWH,1451,True,10,
4520,FTPSPFYGSY,1451,True,10,
4521,LNPKPFWGTR,1451,True,10,
4522,TYPRAFIVMA,1451,True,10,
4523,NAPAQMRSET,1451,True,10,
4524,HVPRQVRGHY,1451,True,10,
4525,TKPSGWFAVK,1451,True,10,
4526,HGPVSWYTAS,1451,True,10,
4527,YAPAHWRGVS,1451,True,10,
4528,SYPLHWLTAS,1451,True,10,
4529,LQPKAWLGNS,1451,True,10,
4530,SAVRALHGWP,1451,True,10,
4531,WNPRGSTASG,1451,True,10,
4532,CRPQDWRTGI,1451,True,10,
4533,NSPVPMWNGA,1451,True,10,
4534,SWPTGWRGWV,1451,True,10,
4535,SGPSGWSQTA,1451,True,10,
4536,GVPRSVWGEA,1451,True,10,
4537,EDPFGMRTPG,1451,True,10,
4538,HQPRAHWAHL,1451,True,10,
4539,WGPSGFLAPQ,1451,True,10,
4540,MRPRWLTGRY,1451,True,10,
4541,MNPSGWTASG,1451,True,10,
4542,YWPSHWRSWG,1451,True,10,
4543,FDPKWMRGWG,1451,True,10,
4544,GWPQWMKGRI,1451,True,10,
4545,TGVSWLYGFW,1451,True,10,
4546,QEPRNIYSVF,1451,True,10,
4547,MNPSGWTVQG,1451,True,10,
4548,PGPAGMYGRS,1451,True,10,
4549,AGPQPMWTNY,1451,True,10,
4550,KPPRSWIAEQ,1451,True,10,
4551,HPPLVFIGGT,1451,True,10,
4552,GAPYGWPAQT,1451,True,10,
4553,YNPSWIRGET,1451,True,10,
4554,GEPRNYLGPW,1451,True,10,
4555,MGPQGWKTLQ,1451,True,10,
4556,HWPSEMRGMG,1451,True,10,
4557,YMPSGWQGTG,1451,True,10,
4558,TIPRWLMTNL,1451,True,10,
4559,CTPNWIHGVY,1451,True,10,
4560,LYPRAWTGHS,1451,True,10,
4561,WMPRSYIAPR,1451,True,10,
4562,YTPFGFGYTF,1451,True,10,
4563,IFPFGFWNEW,1451,True,10,
4564,KVPRWLIGIQ,1451,True,10,
4565,TRPIPFLGWG,1451,True,10,
4566,TRPRSWHDGW,1451,True,10,
4567,TSDEPWQNVK,1451,True,10,
4568,LMPRYWHGMG,1451,True,10,
4569,MSPRAWHGVQ,1451,True,10,
4570,YNPVPWLTVF,1451,True,10,
4571,WTPRGQAFTW,1451,True,10,
4572,MWPAGSQSGG,1451,True,10,
4573,RWPRWLTGGY,1451,True,10,
4574,WHPRSWHGMT,1451,True,10,
4575,ERPSAWTGWG,1451,True,10,
4576,GTPLGQIDGI,1451,True,10,
4577,AYPWSWRAGR,1451,True,10,
4578,TKPRWMSGEY,1451,True,10,
4579,IVPRAVKNWV,1451,True,10,
4580,WSPLSQRGMW,1451,True,10,
4581,DYPSGWTVLG,1451,True,10,
4582,DPPAHWAGST,1451,True,10,
4583,SYPWAWQGVF,1451,True,10,
4584,FWPVGMFTAS,1451,True,10,
4585,LKPRWWITAS,1451,True,10,
4586,PWPRAYKGML,1451,True,10,
4587,HWPYSWRTMV,1451,True,10,
4588,VTPRYWTVMR,1451,True,10,
4589,FYPRPFIAWV,1451,True,10,
4590,HSPLSYHGWR,1451,True,10,
4591,EPPSAMSGPY,1451,True,10,
4592,NHPLSQITVH,1451,True,10,
4593,VYPRQMYGNT,1451,True,10,
4594,WGPQSWQTQY,1451,True,10,
4595,WTPLGQVGPY,1451,True,10,
4596,YDPSGVMVKH,1451,True,10,
4597,WFPRGWRGQS,1451,True,10,
4598,RDPRGMHQST,1451,True,10,
4599,LHIQWSTGQH,1451,True,10,
4600,WSPLGFRGRW,1451,True,10,
4601,ITPLGQITEW,1451,True,10,
4602,QRPRSWQNWQ,1451,True,10,
4603,LSPLTYHGHI,1451,True,10,
4604,MGPWHIYSHF,1451,True,10,
4605,THPIPFRGNY,1451,True,10,
4606,GRPSPFTATI,1451,True,10,
4607,EQPRNWQGKS,1451,True,10,
4608,WLPRAVWGWG,1451,True,10,
4609,EPPYNWRTGA,1451,True,10,
4610,EQPRGMWNPQ,1451,True,10,
4611,QTPSGWQGEY,1451,True,10,
4612,TQPSGWTASG,1451,True,10,
4613,SYPSGFYAVR,1451,True,10,
4614,GTPRSWIATG,1451,True,10,
4615,WVPSWSTNPG,1451,True,10,
4616,IMPSNYIGNR,1451,True,10,
4617,HQPKWMYGPG,1451,True,10,
4618,YFPSGWIGWA,1451,True,10,
4619,ALPRSWINGH,1451,True,10,
4620,YLPRPWYNAG,1451,True,10,
4621,ALPVGFSATV,1451,True,10,
4622,EFPYNFWNTV,1451,True,10,
4623,WVPKWMQGHS,1451,True,10,
4624,ERPFHYIGMG,1451,True,10,
4625,RLPVPVWNPL,1451,True,10,
4626,YQPVHMWALG,1451,True,10,
4627,GTPRSWQGNQ,1451,True,10,
4628,KMPWGVMSTQ,1451,True,10,
4629,REPRNYRGNS,1451,True,10,
4630,GYVRGLWSMS,1451,True,10,
4631,RMPRQVRGEG,1451,True,10,
4632,EPPYGWAGNG,1451,True,10,
4633,TWPRGVYTVT,1451,True,10,
4634,EAPKWMRGHS,1451,True,10,
4635,GPPGHMTNQG,1451,True,10,
4636,YNPRGQSGRH,1451,True,10,
4637,HPPSHWRGTQ,1451,True,10,
4638,EYPSGWQGTP,1451,True,10,
4639,SFPRGQTDIS,1451,True,10,
4640,EVPRGTASMI,1451,True,10,
4641,DEPRGNTNTR,1451,True,10,
4642,YGPKSMYNIH,1451,True,10,
4643,PTPRGVKNVK,1451,True,10,
4644,ARPLGYWDNH,1451,True,10,
4645,YTPRGSTGPG,1451,True,10,
4646,ELPRSWRGTQ,1451,True,10,
4647,SRPRSWKTGT,1451,True,10,
4648,NMPSGWRGHW,1451,True,10,
4649,YLPRPVISTR,1451,True,10,
4650,SYPRAFTASG,1451,True,10,
4651,AYPRGYRNQG,1451,True,10,
4652,WPPRSWIGKG,1451,True,10,
4653,HAPRGSTASG,1451,True,10,known_sequence
4654,TDPYGLWGPW,1451,True,10,
4655,QLPRSWTGQS,1451,True,10,
4656,RQPRNYHGKF,1451,True,10,
4657,YKPAGMVNTG,1451,True,10,
4658,VWPLPQLGPH,1451,True,10,
4659,TYPSGWTASG,1451,True,10,
4660,HRPRPYIGWG,1451,True,10,
4661,PHPAHWRAGA,1451,True,10,
4662,ITPAGWTASG,1451,True,10,
4663,LSPLPFTSGQ,1451,True,10,
4664,YDPSGWRSVQ,1451,True,10,
4665,EMPRGVRNEH,1451,True,10,
4666,DLPRPYTGAM,1451,True,10,
4667,WYPSWRQGHT,1451,True,10,
4668,LYPWGMHGWA,1451,True,10,
4669,GSPRGFQTAS,1451,True,10,
4670,YHPSNMWGNA,1451,True,10,
4671,GCPAGMYTAS,1451,True,10,
4672,SCPGPWMGMK,1451,True,10,
4673,WPPVHMYGNV,1451,True,10,
4674,GCPVPFTSIK,1451,True,10,
4675,LIPSWARTVQ,1451,True,10,
4676,ITPRYWLGTH,1451,True,10,
4677,YAPGYMWNVF,1451,True,10,
4678,CTPRSWMAGH,1451,True,10,
4679,GRPSGWLSVG,1451,True,10,
4680,EQPRGQLTVT,1451,True,10,
4681,MTPRQNTGVH,1451,True,10,
4682,RWPVGMHSTF,1451,True,10,
4683,VGPSWIQGNG,1451,True,10,
4684,TLPWHWRTAS,1451,True,10,
4685,VWPGWMWGWG,1451,True,10,
4686,WMPSWSRGPT,1451,True,10,
4687,NRPSAMQNWI,1451,True,10,
4688,YQPVHMIGVT,1451,True,10,
4689,VYPRSWTGNQ,1451,True,10,
4690,WHPVGMYSQK,1451,True,10,
4691,GVPRGVKTAS,1451,True,10,
4692,DAPYNWRSMY,1451,True,10,
4693,GMPRVMRGHY,1451,True,10,
4694,RWPSGWTGTQ,1451,True,10,
4695,QMPRQWRTNT,1451,True,10,
4696,YDPRGQMSTQ,1451,True,10,
4697,DIPYPWLSPR,1451,True,10,
4698,KSPRGWTSGH,1451,True,10,
4699,MAPSGWYNMH,1451,True,10,
4700,KYPAWMYGNF,1451,True,10,
4701,SWPRSWLGQH,1451,True,10,
4702,MSPRWLMANA,1451,True,10,
4703,VNPLGQWSEG,1451,True,10,
4704,TGPYHWQTWM,1451,True,10,
4705,RNPSAWRGNF,1451,True,10,
4706,PVPRAVINPW,1451,True,10,
4707,WLPRPQMGTG,1451,True,10,
4708,IWPKWITASG,1451,True,10,
4709,WIPRNVHGIS,1451,True,10,
4710,HYVRGVFDWG,1451,True,10,
4711,SPPRSWTASG,1451,True,10,
4712,FCPSGWIGTQ,1451,True,10,
4713,SGPYGWRAVG,1451,True,10,
4714,SWPRPFIDAT,1451,True,10,
4715,FWPRGQTNGV,1451,True,10,
4716,QNPRPFLAPK,1451,True,10,
4717,TQPRSWYGTW,1451,True,10,
4718,GMPRSFVGQR,1451,True,10,
4719,ILPLGYRNEL,1451,True,10,
4720,HNPAWMQGWF,1451,True,10,
4721,LNPYGMFGQG,1451,True,10,
4722,MQPRGQWANG,1451,True,10,
4723,MCPSGWRGTH,1451,True,10,
4724,RNPVSWIGKS,1451,True,10,
4725,GVPRYWIGQG,1451,True,10,
4726,RIPKWMRGIR,1451,True,10,
4727,WYPSNWRGAV,1451,True,10,
4728,QWPRWILGHY,1451,True,10,
4729,GTPRSWYTAS,1451,True,10,
4730,YAPRSWRGWS,1451,True,10,
4731,DWPSGWIAQV,1451,True,10,
4732,FGVWPEQVQG,1451,True,10,
4733,SYPRGFQSGV,1451,True,10,
4734,SLPRPYAGPT,1451,True,10,
4735,YWPRAWQGEL,1451,True,10,
4736,ASPVPFYNHR,1451,True,10,
4737,TFPRGSYNGH,1451,True,10,
4738,MNPRQVTGIA,1451,True,10,
4739,TGPYHWMSKG,1451,True,10,
4740,MQPRWMLGRW,1451,True,10,
4741,RGPKWIRGPY,1451,True,10,
4742,QYFGALTGRM,1451,True,10,
4743,MSPRWMYGPH,1451,True,10,
4744,GKPRSWTGQH,1451,True,10,
4745,RSPSWIWGER,1451,True,10,
4746,FSPLGQITVG,1451,True,10,
4747,GFPQAFRGPV,1451,True,10,
4748,WLPTGFWAST,1451,True,10,
4749,GLPRPVLDTW,1451,True,10,
4750,QFGRPLWSGW,1451,True,10,
4751,VQPRPYIGLG,1451,True,10,
4752,RQPVAFTNTH,1451,True,10,
4753,LQPRGQVALW,1451,True,10,
4754,DQPRGQYTFW,1451,True,10,
4755,DQPYGWRTPH,1451,True,10,
4756,TTPYGMQDAW,1451,True,10,
4757,VWPRGWFVMG,1451,True,10,
4758,THPSGWFGTQ,1451,True,10,
4759,YVPSAWTVRG,1451,True,10,
4760,HYPAWMQGQA,1451,True,10,
4761,WTPRGNYDHF,1451,True,10,
4762,QRPASWRGMY,1451,True,10,
4763,KSPLGQIGVW,1451,True,10,
4764,YTPRQSWNTY,1451,True,10,
4765,NKPAPWTASG,1451,True,10,
4766,NQPTGMYGTH,1451,True,10,
4767,TPPKWMVGNH,1451,True,10,
4768,STPKGMRTIY,1451,True,10,
4769,WCPKGMHGNG,1451,True,10,
4770,PEPLSWRGN,1451,True,9,length
4771,TMPWAWRSQG,1451,True,10,
4772,VYPRPYIGRT,1451,True,10,
4773,FVPRPFLGRG,1451,True,10,
4774,PDPVGMTGHG,1451,True,10,
4775,NVPHYMRTWG,1451,True,10,
4776,PDPYGWRTWA,1451,True,10,
4777,TWPAGWTASG,1451,True,10,
4778,SGPKWMRNTA,1451,True,10,
4779,AGPQHWYGWG,1451,True,10,
4780,NSPRGFYVSG,1451,True,10,
4781,GQPRNYTSGS,1451,True,10,
4782,EWPSGWTASG,1451,True,10,
4783,CAPSWSIGWR,1451,True,10,
4784,NHPSWARGRG,1451,True,10,
4785,HWPVDMRSWG,1451,True,10,
4786,FLPRAWSTIY,1451,True,10,
4787,FQPRNVHGPF,1451,True,10,
4788,WAPSGWIGIR,1451,True,10,
4789,RVPRYWYAMQ,1451,True,10,
4790,TLPRWIFDWG,1451,True,10,
4791,VWPVGMYGHT,1451,True,10,
4792,NFPLGQISHS,1451,True,10,
4793,TGPKSMYGMG,1451,True,10,
4794,MRPRPYWNWG,1451,True,10,
4795,YEPRWMLSVT,1451,True,10,
4796,YQPYWQWSPG,1451,True,10,
4797,SYPVGMWNTG,1451,True,10,
4798,NKPAGTPSCK,1451,True,10,
4799,FRPAGQWFIG,1451,True,10,
4800,TSPMGMRDWF,13513,True,10,
4801,NGPRSWRANL,13513,True,10,
4802,TMPRQVLASL,13513,True,10,
4803,PYVRGMYSGY,13513,True,10,
4804,TKPFGMTVAY,13513,True,10,
4805,VQPRGSTSQI,13513,True,10,
4806,RNPSWRSAIF,13513,True,10,
4807,NTPRGNRGNT,13513,True,10,
4808,WTPVPMWTKT,13513,True,10,
4809,CGPSGMTVRQ,13513,True,10,
4810,QYPRGMSKQV,13513,True,10,
4811,GSPRGQTVGK,13513,True,10,
4812,GSPRSMLNWV,13513,True,10,
4813,KQPSGVQNIF,13513,True,10,
4814,SQPRGSYAGH,13513,True,10,
4815,FVPRAVMVSG,13513,True,10,
4816,NPPRSWLARF,13513,True,10,
4817,KPKAWLMGAS,13513,True,10,
4818,FSPAGMTASG,13513,True,10,
4819,KQPVAYRGKR,13513,True,10,
4820,EIPRWSIGHF,13513,True,10,
4821,VGPRYMSGQG,13513,True,10,
4822,VAPRSWSGTQ,13513,True,10,
4823,HRQYGMANGW,13513,True,10,
4824,RSPVAMWNKQ,13513,True,10,
4825,YKGRPMYDGK,13513,True,10,
4826,GYPRSWMGRY,13513,True,10,
4827,GRPRGQVGTG,13513,True,10,
4828,FTPRGNASAT,13513,True,10,
4829,NSPAPFWGGY,13513,True,10,
4830,YVPRAVKVGP,13513,True,10,
4831,AVPRAVMGVT,13513,True,10,
4832,KMPRSWTDHL,13513,True,10,
4833,WVPRAVFGES,13513,True,10,
4834,MMPRQYTNQR,13513,True,10,
4835,KTFRGMRGRF,13513,True,10,
4836,SDPKGMTASG,13513,True,10,
4837,YNPAPMWNWV,13513,True,10,
4838,LSPRGQYANR,13513,True,10,
4839,RTPRGQIPGW,13513,True,10,
4840,NVPRGVLAQY,13513,True,10,
4841,SFPRGLWNAG,13513,True,10,
4842,KPPRGFRGNH,13513,True,10,
4843,QIPRGMGNEK,13513,True,10,
4844,GTPRSMANAF,13513,True,10,
4845,YAPGAMKGVA,13513,True,10,
4846,YVPRGVWTPK,13513,True,10,
4847,THPRSWVGQH,13513,True,10,
4848,VWPRGKAVSG,13513,True,10,
4849,MAPAGVKAVW,13513,True,10,
4850,RSRSTRQYPS,13513,True,10,
4851,YAPRASWNWG,13513,True,10,
4852,TFPRPFTASG,13513,True,10,
4853,VLPRSWLGEA,13513,True,10,
4854,KVPVPMHASW,13513,True,10,
4855,QPPRQVFVMI,13513,True,10,
4856,AQPRAVIGRK,13513,True,10,
4857,ALSWGATYMA,13513,True,10,
4858,RVPRGVTVAY,13513,True,10,
4859,GGPRAMQGTY,13513,True,10,
4860,GRPAWMFTAS,13513,True,10,
4861,ETPRSYVGPK,13513,True,10,
4862,KVPVWMTGVG,13513,True,10,
4863,NVPRQVFVNA,13513,True,10,
4864,RYPRAYTSGT,13513,True,10,
4865,EHGRALYGKF,13513,True,10,
4866,TPPISWTGHI,13513,True,10,
4867,NRPARMVGEW,13513,True,10,
4868,TQPRGVTASG,13513,True,10,
4869,VSPVQMRDHG,13513,True,10,
4870,GMPRPVTASG,13513,True,10,
4871,KSPRGMTGEY,13513,True,10,
4872,RQPRGSAGIF,13513,True,10,
4873,PRPSAWISWA,13513,True,10,
4874,SNPRAWRSRG,13513,True,10,
4875,FMPRGVTASG,13513,True,10,
4876,RQPRGNWDIS,13513,True,10,
4877,FWPAWMWGGW,13513,True,10,
4878,EVPRAWLGTG,13513,True,10,
4879,VGQEPNYQPD,13513,True,10,
4880,DLWRPFHAKY,13513,True,10,
4881,PVPRAVLVGA,13513,True,10,
4882,GTPRGNFSWF,13513,True,10,
4883,AYPWAWRSLY,13513,True,10,
4884,RPRTGRIVDI,13513,True,10,
4885,QAPRAFSYNR,13513,True,10,
4886,NGYTASLAMT,13513,True,10,
4887,SMPRGVTASG,13513,True,10,
4888,TYWVPLVKHL,13513,True,10,
4889,LRWAPVFYSL,13513,True,10,
4890,HSRIGVYSQA,13513,True,10,
4891,AWPAGMKNIQ,13513,True,10,
4892,LVPRQVQDGK,13513,True,10,
4893,KRPVAYKGVI,13513,True,10,
4894,MAPRAWSGHA,13513,True,10,
4895,RGPVPMQNGR,13513,True,10,
4896,RDPKGMTASG,13513,True,10,
4897,KWPRWLASVI,13513,True,10,
4898,TEPRGVKSQS,13513,True,10,
4899,LFPAGMSVKH,13513,True,10,
4900,QLPRSWRTAK,13513,True,10,
4901,PVPVPMTVAL,13513,True,10,
4902,PGPFQWRAER,13513,True,10,
4903,STPKGMANHG,13513,True,10,
4904,IPRVGRTDFR,13513,True,10,
4905,VCPQGMIAIG,13513,True,10,
4906,TRPVAMLGIG,13513,True,10,
4907,MFPRNYIANY,13513,True,10,
4908,RILWSIWSIW,13513,True,10,
4909,MFPKGMTGKY,13513,True,10,
4910,VFPRSWGSTY,13513,True,10,
4911,PAPVNMYTPS,13513,True,10,
4912,KRPAGQIGPQ,13513,True,10,
4913,GFPHWMTGTI,13513,True,10,
4914,QGPKGVRTGS,13513,True,10,
4915,PSRKRRNVRV,13513,True,10,
4916,RQPRNVMGNG,13513,True,10,
4917,NSPAWMHGAW,13513,True,10,
4918,NGPSAMHGVK,13513,True,10,
4919,VAPRVMHSEA,13513,True,10,
4920,PMPRAHRGAT,13513,True,10,
4921,VGPRSYQVWH,13513,True,10,
4922,KMPRNVRAEW,13513,True,10,
4923,VGPKWMRHSG,13513,True,10,
4924,ATPRSWIGWL,13513,True,10,
4925,WRPSAQYSIH,13513,True,10,
4926,SQPRNVMATL,13513,True,10,
4927,FPTRWYSGQG,13513,True,10,
4928,PWRHVRSVNE,13513,True,10,
4929,FEPQGVTVER,13513,True,10,
4930,VQPRQCVGVR,13513,True,10,
4931,CVPRSVRASR,13513,True,10,
4932,ARPRSWIAMA,13513,True,10,
4933,YTLGYMYGMG,13513,True,10,
4934,TWPRPFIDIW,13513,True,10,
4935,MTPVWMRGPG,13513,True,10,
4936,INPAWMIAGH,13513,True,10,
4937,LWPVAFRSQG,13513,True,10,
4938,TLPRAWKGKL,13513,True,10,
4939,GNPRSMRTAS,13513,True,10,
4940,TMPYGMKTAG,13513,True,10,
4941,SHPRGMSAGA,13513,True,10,
4942,FNPAGMQGQY,13513,True,10,
4943,ERPFRSWAEV,13513,True,10,
4944,DEPRGQVFPG,13513,True,10,
4945,VIPVWMISAR,13513,True,10,
4946,SRWFAMRGEF,13513,True,10,
4947,TYPRGQVSTY,13513,True,10,
4948,EVPRSLHSIT,13513,True,10,
4949,KVPSAWTGTV,13513,True,10,
4950,TLPVSWTASG,13513,True,10,
4951,VNPSWITASG,13513,True,10,
4952,WDPFGMRTHR,13513,True,10,
4953,GWPRSMYSPW,13513,True,10,
4954,SWPRGMKVAS,13513,True,10,
4955,HWPSGFRVVA,13513,True,10,
4956,LRPGWSFYAT,13513,True,10,
4957,VDPRGSWVGQ,13513,True,10,
4958,YRAIPVRAEI,13513,True,10,
4959,ANPSGWTSWG,13513,True,10,
4960,YMPRGQAGTQ,13513,True,10,
4961,RQPRGSTASG,13513,True,10,
4962,NHPVAFHVWF,13513,True,10,
4963,RPPSGWTGWL,13513,True,10,
4964,YQPRGQVYPI,13513,True,10,
4965,QYPRGMSNWG,13513,True,10,
4966,PTPRSHSGMR,13513,True,10,
4967,TNPIPIWNHG,13513,True,10,
4968,MHPSGVYSQF,13513,True,10,
4969,QRPAQMKGHY,13513,True,10,
4970,NSPRAFTGIG,13513,True,10,
4971,YAPAGVPVIG,13513,True,10,
4972,ANPRSMRGWY,13513,True,10,
4973,MVAPRGVPVG,13513,True,10,
4974,CAPRSWADNF,13513,True,10,
4975,NRPGWMYVAR,13513,True,10,
4976,TEPRGFANMS,13513,True,10,
4977,MHPVSMRSES,13513,True,10,
4978,YSPSGMRYGT,13513,True,10,
4979,LEPRGYAVPW,13513,True,10,
4980,AAPRVYWGWA,13513,True,10,
4981,KRPLGQVDTV,13513,True,10,
4982,QRPRGNRSTL,13513,True,10,
4983,YIPAWSQSEG,13513,True,10,
4984,LMRKPRSAMT,13513,True,10,
4985,MHPSGVTASG,13513,True,10,
4986,QGPRGSMSGY,13513,True,10,
4987,TMPRGFIQPY,13513,True,10,
4988,RSPVAFHAIG,13513,True,10,
4989,QWVAGMHGKG,13513,True,10,
4990,IGPRPVTASG,13513,True,10,
4991,FMPSGWTASG,13513,True,10,
4992,SNPRSWQDGL,13513,True,10,
4993,KMPRGAMVPY,13513,True,10,
4994,MNPRWMLGWA,13513,True,10,
4995,WYPRGMGTAK,13513,True,10,
4996,LTPRYWTASG,13513,True,10,known_sequence
4997,ETPRVQMSPY,13513,True,10,
4998,DVPRGQVSPM,13513,True,10,
4999,AQPRQVRGWR,13513,True,10,
5000,SWPRWMSNEV,13513,True,10,
5001,GPPRSWLGHA,13513,True,10,
5002,TWPRGVQDGY,13513,True,10,
5003,SMPRAVGSAR,13513,True,10,
5004,PMPRQVFVWT,13513,True,10,
5005,FQPRQVSAPW,13513,True,10,
5006,TNPVSMRSMG,13513,True,10,
5007,KGFEPYTASG,13513,True,10,
5008,ERPAQMRGWG,13513,True,10,
5009,GNPRGQVSGV,13513,True,10,
5010,YKPRSWTASG,13513,True,10,
5011,YKPRGVDGSA,13513,True,10,
5012,TEPVWMSYWY,13513,True,10,
5013,GMPRSWVATG,13513,True,10,
5014,SKPRWIHGWG,13513,True,10,
5015,GSPRGVRGAF,13513,True,10,
5016,PRPRSWTASG,13513,True,10,
5017,WSPVWMRGTS,13513,True,10,
5018,RHPRGSTVRK,13513,True,10,
5019,VQPRGVTVRF,13513,True,10,
5020,AEPRGSTSTQ,13513,True,10,
5021,FSPVEMYGNA,13513,True,10,
5022,RAPRAFWVNH,13513,True,10,
5023,QRPLQVYAPQ,13513,True,10,
5024,WQPRGVAVGK,13513,True,10,
5025,KVPRGVWAPG,13513,True,10,
5026,VTPVWMHGVG,13513,True,10,
5027,GAPRSWTASG,13513,True,10,
5028,PNPVHVWSVQ,13513,True,10,
5029,YIPTGMSVGR,13513,True,10,
5030,ERPGWSVAVS,13513,True,10,
5031,GLPRVMKTAS,13513,True,10,
5032,SAPVPMWNVG,13513,True,10,
5033,MGPSGVTVNG,13513,True,10,
5034,LPRQSRSVET,13513,True,10,
5035,TWPRGSISVG,13513,True,10,
5036,KYPKGVTASG,13513,True,10,
5037,SFPVGMRNRA,13513,True,10,
5038,ERPSGWLGSA,13513,True,10,
5039,KPPRGQVNEG,13513,True,10,
5040,VAPRVMISGK,13513,True,10,
5041,WYPRGVWAGH,13513,True,10,
5042,RWPRGSTNGV,13513,True,10,
5043,PAPRSMLGPG,13513,True,10,
5044,NTPRNWTASG,13513,True,10,
5045,LAPRSWTNGR,13513,True,10,
5046,TAPVWMQGPK,13513,True,10,
5047,QHPRGSANIL,13513,True,10,
5048,KYPRPFSARH,13513,True,10,
5049,KTPRGNSAVA,13513,True,10,
5050,SKPVNMIGPG,13513,True,10,
5051,NRPRGSYGST,13513,True,10,
5052,TEPLGQISPY,13513,True,10,
5053,RPRPRSPYFP,13513,True,10,
5054,EGPRTMKGHY,13513,True,10,
5055,VRPSWVMGWI,13513,True,10,
5056,EAPRAWKVGR,13513,True,10,
5057,YRPRGMRVPV,13513,True,10,
5058,STWAPIAKMA,13513,True,10,
5059,HQPRGSFPAG,13513,True,10,
5060,TVPRAWTNTV,13513,True,10,
5061,TIPRSWTASG,13513,True,10,
5062,GWPVASYGWM,13513,True,10,
5063,LGPSGMANWK,13513,True,10,
5064,KGPRSYKGVG,13513,True,10,
5065,MQPRGQTMVA,13513,True,10,
5066,TGPRSYQGWA,13513,True,10,
5067,TAPRVLMARG,13513,True,10,
5068,LHPYSWMGPA,13513,True,10,
5069,THPRAVRNIA,13513,True,10,
5070,TMPRGVHGVR,13513,True,10,
5071,RSPKGVRTQG,13513,True,10,
5072,LSPLWSWRMI,13513,True,10,
5073,PMPRAMTGRH,13513,True,10,
5074,RIPREVTASG,13513,True,10,
5075,QVPRAVLGTW,13513,True,10,
5076,RYPVGMFVLY,13513,True,10,
5077,YAPRAFAGNK,13513,True,10,
5078,VRVRGMHDWV,13513,True,10,
5079,SQPRGVQVNH,13513,True,10,
5080,GSPRSYTASG,13513,True,10,
5081,TKPVWMINGT,13513,True,10,
5082,TRPRSWQGQA,13513,True,10,
5083,FYPKGMSVGW,13513,True,10,
5084,QWPAGVYSIG,13513,True,10,
5085,EAPRSWTSAF,13513,True,10,
5086,NMARWMMSRV,13513,True,10,
5087,FLPRWMQSWF,13513,True,10,
5088,AQPRVQAHPA,13513,True,10,
5089,IRPRNYSGPQ,13513,True,10,
5090,VIPRPVYAGW,13513,True,10,
5091,LHPSWVTASG,13513,True,10,
5092,TNPAGVKSLI,13513,True,10,
5093,QVPRGVQSEF,13513,True,10,
5094,NWPRGQVTQT,13513,True,10,
5095,MAPRGSYGVY,13513,True,10,
5096,MSPRGVYANG,13513,True,10,
5097,GVPRGVKTAS,13513,True,10,
5098,YQPRGQIGIG,13513,True,10,
5099,NGPSGWAVSW,13513,True,10,
5100,TVPRAWMSIM,13513,True,10,
5101,VSPRQMRNHS,13513,True,10,
5102,WRPASWFGTG,13513,True,10,
5103,WGRWSRAPMK,13513,True,10,
5104,IDPRAFTGVY,13513,True,10,
5105,NGPRPVKDNY,13513,True,10,
5106,YQPAGMFGWS,13513,True,10,
5107,IQARPFMDNK,13513,True,10,
5108,FVPRGQVALR,13513,True,10,
5109,QAPRSMHGNL,13513,True,10,
5110,WVPRGWTYIV,13513,True,10,
5111,HMPRGQYATY,13513,True,10,
5112,AWPRGQVDSV,13513,True,10,
5113,MWPRWLMSQG,13513,True,10,
5114,EKPSAVWARQ,13513,True,10,
5115,WPPRSWSGML,13513,True,10,
5116,GQPRGQVFPT,13513,True,10,
5117,NTPRGQVFTV,13513,True,10,
5118,GFPRGSAVTF,13513,True,10,
5119,NTPRGQSGRI,13513,True,10,
5120,EQPRAVSTWQ,13513,True,10,
5121,SVPRGVTASG,13513,True,10,
5122,FVPGWMYGQG,13513,True,10,
5123,WVPRQVKNAR,13513,True,10,
5124,CEPVSMVNPW,13513,True,10,
5125,IVPKWMRTAS,13513,True,10,
5126,TQPVWMRNSV,13513,True,10,
5127,VLPRPVIAIS,13513,True,10,
5128,GKPRSWTGLG,13513,True,10,
5129,NYPRAFWGNI,13513,True,10,
5130,SHPRSMRGTF,13513,True,10,
5131,AHPAPFAVPG,13513,True,10,
5132,ITPRGQYSRI,13513,True,10,
5133,TGPKSMVGPI,13513,True,10,
5134,TAPRGVFDGF,13513,True,10,
5135,VWPREVRSAR,13513,True,10,
5136,SAPQWIHVNV,13513,True,10,
5137,ERPRGMHGQL,13513,True,10,
5138,TMPRAVTQPV,13513,True,10,
5139,QHPRSWIAQV,13513,True,10,
5140,QTPRQVYAPR,13513,True,10,
5141,EQPRLYHGVW,13513,True,10,
5142,IDPAGKGFGW,13513,True,10,
5143,EPRPYRNVGP,13513,True,10,
5144,QTPRGNVAFA,13513,True,10,
5145,ANPAWMQSVY,13513,True,10,
5146,GNPAPSWATL,13513,True,10,
5147,VMPKGQVAIF,13513,True,10,
5148,SKPRWVKSAG,13513,True,10,
5149,PKPRGVLGWG,13513,True,10,
5150,NVPRQVYGIG,13513,True,10,
5151,STPVGMVSHK,13513,True,10,
5152,SPRPARGTPG,13513,True,10,
5153,SIPVSMAGPF,13513,True,10,
5154,TPVRSVWSWV,13513,True,10,
5155,FNPVWMRGTS,13513,True,10,
5156,LAPRGMHSRF,13513,True,10,
5157,AVPRAYHGQR,13513,True,10,
5158,FGPSRFHGAG,13513,True,10,
5159,PVPRVVKSEL,13513,True,10,
5160,RAVRGMRGWS,13513,True,10,
5161,VIPREVLSGH,13513,True,10,
5162,AVPVGMVRVF,13513,True,10,
5163,YVPKSMVSAT,13513,True,10,
5164,VRPRPFVGRY,13513,True,10,
5165,VAPRSMTGVR,13513,True,10,
5166,MKPSGVTSRT,13513,True,10,
5167,ATVRGMHGMH,13513,True,10,
5168,IMPAQWHGGW,13513,True,10,
5169,TPPRVLTASG,13513,True,10,
5170,ALPWHVIDWH,13513,True,10,
5171,KPWLAAFWRI,13513,True,10,
5172,RLVNWMWVQG,13513,True,10,
5173,KAPRSWRDTL,13513,True,10,
5174,IGPRGQMLQK,13513,True,10,
5175,RDPRGVTVRF,13513,True,10,
5176,HRPRGQTGTH,13513,True,10,
5177,TQPKWMRGNR,13513,True,10,
5178,FKPAPWQDKG,13513,True,10,
5179,RNPSGWQTMA,13513,True,10,
5180,PQPRAVSGKF,13513,True,10,
5181,ANPVPMWNSA,13513,True,10,
5182,FSPQGMVNMG,13513,True,10,
5183,RIRIKRSPMT,13513,True,10,
5184,WSPSGNFYAT,13513,True,10,
5185,VEPRSWIDNV,13513,True,10,
5186,NQPRGMGNWI,13513,True,10,
5187,CVPRGSIDGS,13513,True,10,
5188,HPYAIFWAGY,13513,True,10,
5189,WYPRGVRTPK,13513,True,10,
5190,ANRPVGFVEK,13513,True,10,
5191,VNPRPVMSVG,13513,True,10,
5192,WMPRGQIAKF,13513,True,10,
5193,VFPVNMTGHW,13513,True,10,
5194,CHPRAYKGTV,13513,True,10,
5195,YRPRGVGTAK,13513,True,10,
5196,WRPFGMKTVK,13513,True,10,
5197,IAPVHMWTSH,13513,True,10,
5198,QSPRWILGKI,13513,True,10,
5199,GLPRPVYTGK,13513,True,10,
5200,GVPWKVTASG,10158,True,10,
5201,GVPKQMRGWF,10158,True,10,
5202,VGPSKLNSRG,10158,True,10,
5203,LWPRGWIVPW,10158,True,10,
5204,KLPVPLWGPY,10158,True,10,
5205,SEPRKYRAML,10158,True,10,
5206,PVPRGVYTEH,10158,True,10,
5207,NGPRVLMSPQ,10158,True,10,
5208,MYPRQVPGAR,10158,True,10,
5209,RKPAPWHSFW,10158,True,10,
5210,PMPRQVMGSG,10158,True,10,
5211,WKPRQVYGRV,10158,True,10,
5212,MPIEYMKGQK,10158,True,10,
5213,TNPIMLWGHR,10158,True,10,
5214,KIPRPVMDPG,10158,True,10,
5215,KRPRGVDVHI,10158,True,10,
5216,IRPRGSWGPK,10158,True,10,
5217,KPPKQLYGHY,10158,True,10,
5218,PKPARFWGVV,10158,True,10,
5219,KQPVPMWGSR,10158,True,10,
5220,PAGDAYARNW,10158,True,10,
5221,QGTPRSLSNF,10158,True,10,
5222,HEPRQVADVF,10158,True,10,
5223,IPNKQIVIGS,10158,True,10,
5224,RPKWVWSTSW,10158,True,10,
5225,RGPKLLVSKH,10158,True,10,
5226,GQPIHFKSPT,10158,True,10,
5227,VGHRAMRTAS,10158,True,10,
5228,FQPFDAQAGY,10158,True,10,
5229,TMPKQVTGQW,10158,True,10,
5230,VEPRKYVGLS,10158,True,10,
5231,RQPLPWKGRH,10158,True,10,
5232,GPPSKLTVAK,10158,True,10,
5233,MAPSGWRALG,10158,True,10,
5234,RKPAPWTASG,10158,True,10,known_sequence
5235,FGPSTLWNIS,10158,True,10,
5236,PIPKQLSDQG,10158,True,10,
5237,PRPRNSGATG,10158,True,10,
5238,SGPKGVITAS,10158,True,10,
5239,RGPVAFKGDH,10158,True,10,
5240,TGLSWLFAIF,10158,True,10,
5241,RVPKWLWGVQ,10158,True,10,
5242,EGPKLMHGPK,10158,True,10,
5243,GSPVAFRTAS,10158,True,10,
5244,IGPQFLRTNK,10158,True,10,
5245,ERPSWKSAES,10158,True,10,
5246,GWPREFRGTR,10158,True,10,
5247,RPPKLLVGAL,10158,True,10,
5248,WSPAKYWGPH,10158,True,10,
5249,GTPRQVYATG,10158,True,10,
5250,KVPSKLTGPG,10158,True,10,
5251,TKPKGMRGPW,10158,True,10,
5252,RFPRQVVGQG,10158,True,10,
5253,MAIWGMHGSA,10158,True,10,
5254,GMPRQVRTAS,10158,True,10,
5255,PMPRKVLGQV,10158,True,10,
5256,PTPKGMRTWI,10158,True,10,
5257,PRDSKREPFP,10158,True,10,
5258,GPPHRFSGTV,10158,True,10,
5259,GRPRQVKTAS,10158,True,10,
5260,RKPFKYHAWN,10158,True,10,
5261,AGPSKFTGMW,10158,True,10,
5262,IDPRKFTAPL,10158,True,10,
5263,GAPRSKWSAF,10158,True,10,
5264,FSPLGQAVAG,10158,True,10,
5265,KVPKGRNVIG,10158,True,10,
5266,KRPSASWGQF,10158,True,10,
5267,VGPKFLQGEL,10158,True,10,
5268,KGPYKYSGTY,10158,True,10,
5269,GEPRGVRTAS,10158,True,10,
5270,THPKQLYAIS,10158,True,10,
5271,MVPKGVLNRT,10158,True,10,
5272,STPSGLVGAY,10158,True,10,
5273,IGPAKLVSTA,10158,True,10,
5274,VRPVQFTASG,10158,True,10,
5275,VDPKWMRGWV,10158,True,10,
5276,LPPKLLWGAI,10158,True,10,
5277,RKPRGNKAPG,10158,True,10,
5278,VKIRSLKGKQ,10158,True,10,
5279,GFPFKLQGKA,10158,True,10,
5280,LMPRGFQGPY,10158,True,10,
5281,APPKRLVAYK,10158,True,10,
5282,RPVYWMSDVY,10158,True,10,
5283,MPPKQRGPFP,10158,True,10,
5284,PGPRSVLSVG,10158,True,10,
5285,AIPRPVISPV,10158,True,10,
5286,APPKFLKGET,10158,True,10,
5287,QKPSWLMGPY,10158,True,10,
5288,GVPKQVRGHR,10158,True,10,
5289,HGPVWMISGF,10158,True,10,
5290,AGPIEMHGHG,10158,True,10,
5291,FRPRQVKGRV,10158,True,10,
5292,GSKLARTVSL,10158,True,10,
5293,VGPRQVTNHK,10158,True,10,
5294,WMWYSTRDGL,10158,True,10,
5295,GKPRNVKTAS,10158,True,10,
5296,APGMRLRANW,10158,True,10,
5297,TSTPFRILSG,10158,True,10,
5298,QGPRVLVGEY,10158,True,10,
5299,NRPAQMWGEG,10158,True,10,
5300,SVPSTLIGQY,10158,True,10,
5301,PAPREVKGAY,10158,True,10,
5302,ERPGQMRTPY,10158,True,10,
5303,KQPRGVKGSP,10158,True,10,
5304,SNPKGMTASG,10158,True,10,
5305,KRVRGVFSPV,10158,True,10,
5306,PEPREVQGVS,10158,True,10,
5307,KGRPSRYWAP,10158,True,10,
5308,PKVMGMHGAL,10158,True,10,
5309,VSVQGIYQVW,10158,True,10,
5310,TKPSPWTASG,10158,True,10,
5311,RVPKLLWGLF,10158,True,10,
5312,NRPSWIQSWQ,10158,True,10,
5313,RMPRGVTASG,10158,True,10,
5314,LTPRQKYASW,10158,True,10,
5315,QGPRQVKGQF,10158,True,10,
5316,EQPRQVITNF,10158,True,10,
5317,GPPRKLSTPK,10158,True,10,
5318,NAPSRFTSMI,10158,True,10,
5319,GVPRTLTSAV,10158,True,10,
5320,AMYGPMAGNF,10158,True,10,
5321,YKPRGVHVTY,10158,True,10,
5322,IMPRSYVGPF,10158,True,10,
5323,MGPKFLTASG,10158,True,10,
5324,KPRVQRPKAG,10158,True,10,
5325,RKPAPWWANL,10158,True,10,
5326,AVPKWLSAVH,10158,True,10,
5327,NHPINFISGV,10158,True,10,
5328,PIPRSQVGKH,10158,True,10,
5329,GAPRQVRTAS,10158,True,10,
5330,GNPKSLMTAS,10158,True,10,
5331,RGPKLLKGLF,10158,True,10,
5332,PKPKQLVGRL,10158,True,10,
5333,ATPRQWVAGT,10158,True,10,
5334,PAPGRFIGEH,10158,True,10,
5335,RPPSSLTGVH,10158,True,10,
5336,QFPVGMTGLR,10158,True,10,
5337,PTPRGQIGPQ,10158,True,10,
5338,RFPLKVTSWF,10158,True,10,
5339,VGPGQMAGVR,10158,True,10,
5340,SKPRKIYGVG,10158,True,10,
5341,EVARAMVGEG,10158,True,10,
5342,AGPAPVWGNY,10158,True,10,
5343,ISMIDPTGAY,10158,True,10,
5344,VPPKLLWSRL,10158,True,10,
5345,STPRQVTAQG,10158,True,10,
5346,PGPKSLWGTL,10158,True,10,
5347,MPPLGFHARG,10158,True,10,
5348,QKPSQVMGLF,10158,True,10,
5349,FGPSRFTGPT,10158,True,10,
5350,TPPSWIWGVH,10158,True,10,
5351,MTPRQVRVSV,10158,True,10,
5352,FRPSKWQSRI,10158,True,10,
5353,VPPRQVSAWG,10158,True,10,
5354,KPRPERGAPV,10158,True,10,
5355,KVPSTLWGIT,10158,True,10,
5356,MVPMWLWSPF,10158,True,10,
5357,GIPSWSKGRF,10158,True,10,
5358,DIPRGFHNWV,10158,True,10,
5359,VDPRGQVFPS,10158,True,10,
5360,KGPKLLYGTI,10158,True,10,
5361,VTPKSMRGNW,10158,True,10,
5362,GKPARMTGTL,10158,True,10,
5363,DRPRQVSALQ,10158,True,10,
5364,VSKPVYWGTY,10158,True,10,
5365,MAPVAFWNWQ,10158,True,10,
5366,EKPLRIHGWK,10158,True,10,
5367,PKPRNVSAEG,10158,True,10,
5368,GVPRQVSAGF,10158,True,10,
5369,KAPFKYWGRT,10158,True,10,
5370,SRPLQYKGPR,10158,True,10,
5371,ATPKGMRSET,10158,True,10,
5372,FSPQKRGVPF,10158,True,10,
5373,LGPGRFNGMY,10158,True,10,
5374,SRPRGWTASG,10158,True,10,
5375,PSPKGVRGSG,10158,True,10,
5376,HAPKLLFANA,10158,True,10,
5377,KEPRMLWGEY,10158,True,10,
5378,YIPRGQISDG,10158,True,10,
5379,EKPFKYRGIF,10158,True,10,
5380,NVPSWLSGTG,10158,True,10,
5381,WKPIELHEPQ,10158,True,10,
5382,KRPRGQWGEG,10158,True,10,
5383,KVPKWLVGVF,10158,True,10,
5384,RGPKLLFGRY,10158,True,10,
5385,AQPRLKTRLW,10158,True,10,
5386,QTPRQNGNIW,10158,True,10,
5387,PVTWTLTGNW,10158,True,10,
5388,FGPQGVISGQ,10158,True,10,
5389,NEPRQLTASG,10158,True,10,
5390,HYPRGSVATL,10158,True,10,
5391,VYWGNMWAQT,10158,True,10,
5392,MDPKGMGSTW,10158,True,10,
5393,PWPRELFAPK,10158,True,10,
5394,VTPKQLYGTG,10158,True,10,
5395,GPPRQVKGTF,10158,True,10,
5396,GVPRSVLTAS,10158,True,10,
5397,GPPRVLWGAW,10158,True,10,
5398,DTPRGNFSLR,10158,True,10,
5399,RGPKLLKGPV,10158,True,10,
5400,EVPKGVAGEW,10158,True,10,
5401,APPRQVRTGH,10158,True,10,
5402,VPVKGMVGIA,10158,True,10,
5403,AIWQSLWGPG,10158,True,10,
5404,SPPGRLKGNF,10158,True,10,
5405,VGWSGMLGHQ,10158,True,10,
5406,GAPRYMAGKG,10158,True,10,
5407,RTPKGLIDGF,10158,True,10,
5408,FAPAKWINTW,10158,True,10,
5409,TPPKLLQSGW,10158,True,10,
5410,YTPLGFYGEH,10158,True,10,
5411,NQPRQVTASG,10158,True,10,
5412,HALGWRGSVT,10158,True,10,
5413,VPPKGVKGQI,10158,True,10,
5414,RGVKGMQGVI,10158,True,10,
5415,TQPSWIFAEY,10158,True,10,
5416,AGPGQMFDAK,10158,True,10,
5417,TSPRTLFVLS,10158,True,10,
5418,WFPRVLWDPL,10158,True,10,
5419,TSVRKLWGPF,10158,True,10,
5420,EYPKQLWGPA,10158,True,10,
5421,RKPAPWLDWY,10158,True,10,
5422,GAGRPLTASG,10158,True,10,
5423,KGPKQVAGLG,10158,True,10,
5424,GMVRGVYSWV,10158,True,10,
5425,PKPARMRGIF,10158,True,10,
5426,RKPRWKSGTA,10158,True,10,
5427,MAREKRPLVD,10158,True,10,
5428,WPPRKFRGAH,10158,True,10,
5429,FAPRSFKGRW,10158,True,10,
5430,KAPARFAGET,10158,True,10,
5431,YQPKWMAGIA,10158,True,10,
5432,QHPRQVLVNR,10158,True,10,
5433,QPPRVLTSAY,10158,True,10,
5434,VILRNIRGEW,10158,True,10,
5435,RWPRWLSGQG,10158,True,10,
5436,VGWRAMSGVA,10158,True,10,
5437,MRVGVLYGQV,10158,True,10,
5438,KFVKGMYGTA,10158,True,10,
5439,GDPKGMLTAS,10158,True,10,
5440,DKPRGQVFQA,10158,True,10,
5441,GTPRSNRGPG,10158,True,10,
5442,SKPRKWIGGK,10158,True,10,
5443,PGPEWRVPMY,10158,True,10,
5444,QWPRTLNGNF,10158,True,10,
5445,TPPKQLHSKR,10158,True,10,
5446,VPPRVLSGET,10158,True,10,
5447,VPVMGMRGQW,10158,True,10,
5448,VHPKSMWSTF,10158,True,10,
5449,IAPAKLYGPL,10158,True,10,
5450,SDPKQLVGMG,10158,True,10,
5451,LAPKQVYGWY,10158,True,10,
5452,QNPRKFRGVK,10158,True,10,
5453,WRPFRAMTLW,10158,True,10,
5454,VPPKLLYARF,10158,True,10,
5455,KVRHRRVTGI,10158,True,10,
5456,GQPRGVRTAS,10158,True,10,
5457,PAPRVLMSKY,10158,True,10,
5458,PGPRPVHAGI,10158,True,10,
5459,GVPRYMWTAS,10158,True,10,
5460,LVPKGQVSQG,10158,True,10,
5461,PVPVEVKGWL,10158,True,10,
5462,KPRIKRPASY,10158,True,10,
5463,MGPKFLWGEY,10158,True,10,
5464,KDPRGQVFLP,10158,True,10,
5465,QYPRKVWNMY,10158,True,10,
5466,EPIYGMRAQW,10158,True,10,
5467,AKPSKFQAWF,10158,True,10,
5468,GSPVQMRSKW,10158,True,10,
5469,MVPRQVRGTY,10158,True,10,
5470,EDLSTLVAWV,10158,True,10,
5471,PRPVQLRSEA,10158,True,10,
5472,PAPRESRGEY,10158,True,10,
5473,PMPRQVIAEW,10158,True,10,
5474,KVPK,10158,True,4,length
5475,RDVRNLIGEW,10158,True,10,
5476,MPPRDVSGVF,10158,True,10,
5477,GDPRQVSTVT,10158,True,10,
5478,VGPSFLWAKH,10158,True,10,
5479,ERPFRIMSGY,10158,True,10,
5480,EMPRGVSARK,10158,True,10,
5481,KRPRDIHDKG,10158,True,10,
5482,MEPRPVSVMH,10158,True,10,
5483,FWPSRKAGPW,10158,True,10,
5484,WAPKWMTSQF,10158,True,10,
5485,VQPKQLYGVG,10158,True,10,
5486,RGPKLLYASH,10158,True,10,
5487,TMPRQVYGMW,10158,True,10,
5488,TGPKLIKGWA,10158,True,10,
5489,PSWSALWGWL,10158,True,10,
5490,GMWSALGGLY,10158,True,10,
5491,GMPRQVRSVF,10158,True,10,
5492,RSPMWSWGWK,10158,True,10,
5493,GRPSWVRTAF,10158,True,10,
5494,NPPRSVMSGF,10158,True,10,
5495,MVPRGVHQHS,10158,True,10,
5496,ARPRGAKGMF,10158,True,10,
5497,TYPVSMWSPG,10158,True,10,
5498,TAPKQLRGHY,10158,True,10,
5499,TNVSAPKAIY,10158,True,10,
5500,SLVRAVHGIY,10158,True,10,
5501,KVPKGVTASG,10158,True,10,
5502,HPPRVLSVGH,10158,True,10,
5503,PSWFALFDNA,10158,True,10,
5504,TMPKGVYTIK,10158,True,10,
5505,LQPRGLIGWT,10158,True,10,
5506,KAPREISGET,10158,True,10,
5507,GKPSKLYGPW,10158,True,10,
5508,SKPRDITGKL,10158,True,10,
5509,ATPKWMSTAS,10158,True,10,
5510,PVPKLLQGNV,10158,True,10,
5511,FTPRGNFVWT,10158,True,10,
5512,ESRHPRDRPL,10158,True,10,
5513,RHPVELWGAQ,10158,True,10,
5514,RKPAGVHGLH,10158,True,10,
5515,PVRADVSAGP,10158,True,10,
5516,ARPAQMRGAH,10158,True,10,
5517,PKPREVRAEF,10158,True,10,
5518,GAPRTLYGRW,10158,True,10,
5519,VRPRVLMGPS,10158,True,10,
5520,YQPRQVRGVF,10158,True,10,
5521,NTPRNVKSMW,10158,True,10,
5522,GGPSTLHGEA,10158,True,10,
5523,LNPRKFVGKG,10158,True,10,
5524,QPPRGQTKGW,10158,True,10,
5525,WVPKSVYGWK,10158,True,10,
5526,KQPRGQVTVP,10158,True,10,
5527,EKPRGVYAHY,10158,True,10,
5528,RDPKGVRAIW,10158,True,10,
5529,SPPRKLRSVS,10158,True,10,
5530,KSPVWLWGNG,10158,True,10,
5531,VGPAKMFGKF,10158,True,10,
5532,KTPKGMYTIY,10158,True,10,
5533,TGVSWLMGKY,10158,True,10,
5534,RKPRQVFAGL,10158,True,10,
5535,TPPVELWDGH,10158,True,10,
5536,GEPRQVRTNG,10158,True,10,
5537,PTPKGYHDVG,10158,True,10,
5538,MSPRQVLSAY,10158,True,10,
5539,ATPKGQGSLH,10158,True,10,
5540,MAPHAFHGIF,10158,True,10,
5541,NPPVQLWSIF,10158,True,10,
5542,GDPREVTGIV,10158,True,10,
5543,NDIYQLRVHR,10158,True,10,
5544,RVPKLLWGHG,10158,True,10,
5545,QRPSLYWGQG,10158,True,10,
5546,SWPRELRGEV,10158,True,10,
5547,ESVRGLTNKS,10158,True,10,
5548,SVPRPVTGMY,10158,True,10,
5549,FKPVMYWGLW,10158,True,10,
5550,KAVRGVRGPW,10158,True,10,
5551,GAPGRLVAGF,10158,True,10,
5552,RVPKLLWGIS,10158,True,10,
5553,AKPAPWQAPK,10158,True,10,
5554,TNPSWIMGWY,10158,True,10,
5555,PYPKWMQAVW,10158,True,10,
5556,IQPKQLYDPF,10158,True,10,
5557,GRPSTLHGIH,10158,True,10,
5558,TRIAYFYGAR,10158,True,10,
5559,GTPLSWVTAS,10158,True,10,
5560,CVPVELRGPQ,10158,True,10,
5561,STVRGLTSLF,10158,True,10,
5562,VKPAKMIGRW,10158,True,10,
5563,KPPKQLKGNK,10158,True,10,
5564,NAPKQLRGVH,10158,True,10,
5565,NQPRGQYTVR,10158,True,10,
5566,WPPRGQTFGW,10158,True,10,
5567,RGPVWQRSGY,10158,True,10,
5568,RTPKGQLDPW,10158,True,10,
5569,NAPRPVWVGF,10158,True,10,
5570,PAPRVLSDRG,10158,True,10,
5571,VKIWRKHGWA,10158,True,10,
5572,VGPAWMKTPI,10158,True,10,
5573,NKPVNLISRW,10158,True,10,
5574,CPKQAMYHFS,10158,True,10,
5575,PGPRPVTASG,10158,True,10,
5576,RTPVELWGMV,10158,True,10,
5577,IGPSKLVGWK,10158,True,10,
5578,QVPRQVKGHR,10158,True,10,
5579,VMPRQVIGIY,10158,True,10,
5580,GAPRKYWGVW,10158,True,10,
5581,TVPKQLFAPQ,10158,True,10,
5582,GQPRGVSTAS,10158,True,10,
5583,WQPRGNTASG,10158,True,10,
5584,SKGPQVTASG,10158,True,10,
5585,DWPKWMRGWI,10158,True,10,
5586,RWGRPLPSGW,10158,True,10,
5587,MPVLNSKGPS,10158,True,10,
5588,TVPRLVYGPQ,10158,True,10,
5589,FNPREVRGLW,10158,True,10,
5590,HWPREVKSMS,10158,True,10,
5591,WFPRAVRGEK,10158,True,10,
5592,WKPFKYFGPV,10158,True,10,
5593,NPGPLGIAPK,10158,True,10,
5594,TAPRVLWGWF,10158,True,10,
5595,VLWSATGSWI,10158,True,10,
5596,MDPRQVIATR,10158,True,10,
5597,NVPKWMVGIH,10158,True,10,
5598,MKPRKFHGWA,10158,True,10,
5599,SGPRKFWGTA,10158,True,10,
5600,TMPLGVYTSY,8834,True,10,
5601,PNPLSWRTPL,8834,True,10,
5602,MIPRPVMDPT,8834,True,10,
5603,LEPRNYTDHQ,8834,True,10,
5604,ATPRSYADPV,8834,True,10,
5605,HSVWGIYDQL,8834,True,10,
5606,EMYRSMRGLV,8834,True,10,
5607,LAPDQIHNPY,8834,True,10,
5608,NRPRNVLDFW,8834,True,10,
5609,DWPIPIRYAI,8834,True,10,
5610,TVPRYWIDGS,8834,True,10,
5611,NMRPSREVTD,8834,True,10,
5612,GDPRVIRTAS,8834,True,10,
5613,YPPRVYVDGI,8834,True,10,
5614,EAPAWFWDPA,8834,True,10,
5615,MSPVQMRDVF,8834,True,10,
5616,EPPSAWRDPV,8834,True,10,
5617,QLPINWTDVH,8834,True,10,
5618,NMPKVSMDEL,8834,True,10,
5619,EGPLGNWDPF,8834,True,10,
5620,PAPRVNWDVK,8834,True,10,
5621,QFEPSWRSIY,8834,True,10,
5622,NSPLSWRTWH,8834,True,10,
5623,THPRQVIDEG,8834,True,10,
5624,FNPVAHANHI,8834,True,10,
5625,YGPVHMWDML,8834,True,10,
5626,YVPRAVRDIR,8834,True,10,
5627,WKIVAYRGHG,8834,True,10,
5628,HAPVFMLDNI,8834,True,10,
5629,CQPRSWQTNQ,8834,True,10,
5630,WNPASWVDRT,8834,True,10,
5631,SDPYNAWKTI,8834,True,10,
5632,NVPRNVTDSW,8834,True,10,
5633,RQPVAYADSG,8834,True,10,
5634,LRPRPVMAEF,8834,True,10,
5635,FMPRQVIDVT,8834,True,10,
5636,NAPIPYADPI,8834,True,10,
5637,VMPRSVTASG,8834,True,10,
5638,KPRVPRTLKQ,8834,True,10,
5639,VNPQWIHDGH,8834,True,10,
5640,MNPVAFTASG,8834,True,10,
5641,TFPRAYWDEF,8834,True,10,
5642,WTPRGSYDLI,8834,True,10,
5643,VTPLPQWDQI,8834,True,10,
5644,YAPRYWRDMI,8834,True,10,
5645,YMPRSYRDMR,8834,True,10,
5646,GPVYAMLDAS,8834,True,10,
5647,SHPRAYVDGH,8834,True,10,
5648,AKPRSWIAQT,8834,True,10,
5649,NVPIWIRQTQ,8834,True,10,
5650,GWPTGMYNVQ,8834,True,10,
5651,WMPRSYIDEW,8834,True,10,
5652,GMPRGVKTAS,8834,True,10,
5653,MVPRWMYQPT,8834,True,10,
5654,HLPINMHGPR,8834,True,10,
5655,EIPRWIHSPR,8834,True,10,
5656,NPPSHWTASG,8834,True,10,
5657,RAPRSFVDLS,8834,True,10,
5658,MLPRAVTVPG,8834,True,10,
5659,WPRQLRQDME,8834,True,10,
5660,NVPRQVTNTS,8834,True,10,
5661,GPVRAVTASG,8834,True,10,
5662,PVPRYWRDIL,8834,True,10,
5663,LTPYHNWDPL,8834,True,10,
5664,AGPVFMYDNI,8834,True,10,
5665,YMPRAVMDGR,8834,True,10,
5666,WGARAWIGEG,8834,True,10,
5667,WPIRSWTDHI,8834,True,10,
5668,HWPRSWLDWR,8834,True,10,
5669,YNPVHMTNGQ,8834,True,10,
5670,EMPVPMLDNR,8834,True,10,
5671,IKVRWYIDTF,8834,True,10,
5672,AFPRAFRDEF,8834,True,10,
5673,VMPRAFHDTV,8834,True,10,
5674,GTPLPVIDWY,8834,True,10,
5675,IMPRSHIDNV,8834,True,10,
5676,FLPLNWGNGR,8834,True,10,
5677,YFPLGVIVQK,8834,True,10,
5678,NWVEPLYGQS,8834,True,10,
5679,KTPMQMKDIA,8834,True,10,
5680,WGPYHVSDPV,8834,True,10,
5681,RHIASWANGS,8834,True,10,
5682,FGPVHMTDTI,8834,True,10,
5683,PFPLNVKDPQ,8834,True,10,
5684,YMPSGFANPG,8834,True,10,
5685,RAPVAFMDVI,8834,True,10,
5686,WFPLGFRDKW,8834,True,10,
5687,ACPTAFVDPQ,8834,True,10,
5688,TEPRSWRDGT,8834,True,10,
5689,SVPVPMQDWG,8834,True,10,
5690,QFPRAFINTH,8834,True,10,
5691,KWPEAIRNKV,8834,True,10,
5692,VAPRYWINGI,8834,True,10,
5693,QPPRFMSDEA,8834,True,10,
5694,WTPLGQITQG,8834,True,10,
5695,MDPHTLVDMR,8834,True,10,
5696,LHPRSWRDMI,8834,True,10,
5697,ICPLGQFNDL,8834,True,10,
5698,NWPRAFKDPI,8834,True,10,
5699,LQPVFMQDGY,8834,True,10,
5700,KWPVAWRNFI,8834,True,10,
5701,KRPAYMRDEA,8834,True,10,
5702,YQPRAVYDIH,8834,True,10,
5703,TPPVSWQRQW,8834,True,10,
5704,SVPRNVMQNS,8834,True,10,
5705,WLPRVYVNSV,8834,True,10,
5706,YPYQSWRGAT,8834,True,10,
5707,IAPRYWQGVA,8834,True,10,
5708,IAPEWYMAPK,8834,True,10,
5709,NWPVSMWNPA,8834,True,10,
5710,IMPRSYIDRL,8834,True,10,
5711,GYPWHNRTAS,8834,True,10,
5712,KQPLPVTVGQ,8834,True,10,
5713,NEPVWYRDIL,8834,True,10,
5714,EMPLGQTVEM,8834,True,10,
5715,IHVRPLNDPT,8834,True,10,
5716,EIPRAQFTQI,8834,True,10,
5717,DLPRPVTDET,8834,True,10,
5718,IAPRYWRDSG,8834,True,10,
5719,WSPVSMWNPG,8834,True,10,
5720,YMPRSWQVWT,8834,True,10,
5721,QWPVPMWDWS,8834,True,10,
5722,MKPVWYADPQ,8834,True,10,
5723,RVPRTISDLK,8834,True,10,
5724,YTPRQNYHGA,8834,True,10,
5725,TFPRPVMDGI,8834,True,10,
5726,NIPRPVTDVG,8834,True,10,
5727,IMPRFVMDAK,8834,True,10,
5728,MTPRQVATEG,8834,True,10,
5729,EMPRSMYDGI,8834,True,10,
5730,LMPRSWQDGK,8834,True,10,
5731,WPTRGLIDKW,8834,True,10,
5732,RFWRAFMDPW,8834,True,10,
5733,QPPRPFSNWV,8834,True,10,
5734,RAPRYWTNTV,8834,True,10,
5735,KAYSPLRDLV,8834,True,10,
5736,GWPRAVTNHF,8834,True,10,
5737,HGPRSWIDGI,8834,True,10,
5738,PRPRSWLDQG,8834,True,10,
5739,MIPRWITQMA,8834,True,10,
5740,LWPVSMRNIF,8834,True,10,
5741,RMPRFVMDGI,8834,True,10,
5742,TAPVGMRDGW,8834,True,10,
5743,MQPAFMLDPG,8834,True,10,
5744,KQPKFMQDQS,8834,True,10,
5745,FMPRQGVAWT,8834,True,10,
5746,YMPWSVIDVG,8834,True,10,
5747,HQPVWVRDNH,8834,True,10,
5748,DLPVAWTSTG,8834,True,10,
5749,RNRPQRVRTE,8834,True,10,
5750,RVPRQVYDQT,8834,True,10,
5751,ATVRAVSGER,8834,True,10,
5752,MNGYKPGYQI,8834,True,10,
5753,RAPVAFIDPK,8834,True,10,
5754,AVPRAWRDNV,8834,True,10,
5755,PKPVFLQDAR,8834,True,10,
5756,RFVRAITGEL,8834,True,10,
5757,MVPHWMTGNV,8834,True,10,
5758,VMPRPVFDHI,8834,True,10,
5759,RWPVSMYDRA,8834,True,10,
5760,NRPLQNTNWY,8834,True,10,
5761,WQPRGVTQTH,8834,True,10,
5762,RWPVWMRDLT,8834,True,10,
5763,NYPFGMTDIL,8834,True,10,
5764,NPPFGFQVNI,8834,True,10,
5765,PEPVFMHDNA,8834,True,10,
5766,KPRPERAVHE,8834,True,10,
5767,RHPKQMTGPV,8834,True,10,
5768,PNPVQMRDWR,8834,True,10,
5769,MLPRSWRDHG,8834,True,10,
5770,VWPRPVLDQI,8834,True,10,
5771,QVPVPMSDGR,8834,True,10,
5772,TMPSAFHDVT,8834,True,10,
5773,ERPRGVQDGA,8834,True,10,
5774,AQPRPVRVTF,8834,True,10,
5775,FSPLPFGDGI,8834,True,10,
5776,MWPVSMRDTK,8834,True,10,
5777,RIPRPVTDAW,8834,True,10,
5778,QNVRGVITAS,8834,True,10,
5779,MGPWHVLDWA,8834,True,10,
5780,LQPRPVMDGI,8834,True,10,
5781,GHPRPWTASG,8834,True,10,
5782,RPYLPFIDRI,8834,True,10,
5783,TQPLPWHDIY,8834,True,10,
5784,YQPLVWRDTW,8834,True,10,
5785,ITPVWYRDRG,8834,True,10,
5786,TGPRPVAQWG,8834,True,10,
5787,TLPLVYINPF,8834,True,10,
5788,VPPRPVLDGW,8834,True,10,
5789,IYPRGQLDGR,8834,True,10,
5790,RSVLEVWDHV,8834,True,10,
5791,TRPASWLDGI,8834,True,10,
5792,WNPLTIRTNS,8834,True,10,
5793,VNPVAWIDNG,8834,True,10,
5794,WTPAQHRASV,8834,True,10,
5795,WPPVAFQDNH,8834,True,10,
5796,WRPRQYTGPV,8834,True,10,
5797,AKPRSWTVIM,8834,True,10,
5798,KMPRAYIDGV,8834,True,10,
5799,WHPLTIANHI,8834,True,10,
5800,VGPVFMTNKG,8834,True,10,
5801,MAYFPLQDTA,8834,True,10,
5802,RSPVAYRDIR,8834,True,10,
5803,PVPRPVMDAT,8834,True,10,
5804,YFPRAYTASG,8834,True,10,
5805,WFPRPVLEWL,8834,True,10,
5806,DEVWRVINPF,8834,True,10,
5807,WTPRSYWAER,8834,True,10,
5808,EYPRPVTSQG,8834,True,10,
5809,WFPLTIMDNI,8834,True,10,
5810,CYPRGVGDQI,8834,True,10,
5811,INPVWMRNWL,8834,True,10,
5812,EIPRPVLDKS,8834,True,10,
5813,KDPRSWVDGV,8834,True,10,
5814,MVPRSWGDEG,8834,True,10,
5815,PWGRALWNEF,8834,True,10,
5816,PTPRQNYDGA,8834,True,10,
5817,GVPRAVLDGS,8834,True,10,
5818,SLPRPVLDEQ,8834,True,10,
5819,NFPRAVTQER,8834,True,10,
5820,SMVRAVTSRA,8834,True,10,
5821,NGPYNWQDGT,8834,True,10,
5822,WSPRMLAGLT,8834,True,10,
5823,WLPRAVMDMG,8834,True,10,
5824,WKPRGVQDQI,8834,True,10,
5825,GTPRSWATAS,8834,True,10,
5826,KTPLGVTYTA,8834,True,10,
5827,GMPRAVIDKR,8834,True,10,
5828,WLPRPVMDGQ,8834,True,10,
5829,VQPAWFHDPY,8834,True,10,
5830,NIPFWMTDGF,8834,True,10,
5831,LYFHQLRDPI,8834,True,10,
5832,WIPRSWQDLG,8834,True,10,
5833,NFPVSMLDPI,8834,True,10,
5834,VPPRVALDAG,8834,True,10,
5835,WQPVAMTDRG,8834,True,10,
5836,HFPVAYTVQR,8834,True,10,
5837,NMPRPWITIR,8834,True,10,
5838,HVPRYWADQK,8834,True,10,
5839,FRPRGEQSGH,8834,True,10,
5840,VGPVPMWTNL,8834,True,10,
5841,RTPMAMHDKY,8834,True,10,
5842,PRPRSWIDIW,8834,True,10,
5843,MTPRGNRGSI,8834,True,10,
5844,GEPRSWTASG,8834,True,10,
5845,NWPRFLMDMI,8834,True,10,
5846,AVPRAVLDVA,8834,True,10,
5847,ALPVPWYDEV,8834,True,10,
5848,MAPVAFMSGQ,8834,True,10,
5849,ITPRQYIDRF,8834,True,10,
5850,GMPRAVTVPR,8834,True,10,
5851,TYPLGWRTWI,8834,True,10,
5852,VDPLGQVKHT,8834,True,10,
5853,VMWRAYADQW,8834,True,10,
5854,HFPLNVIDQV,8834,True,10,
5855,IRVRAFHQGL,8834,True,10,
5856,VNPVWMTDGH,8834,True,10,
5857,TWAYSMRTAM,8834,True,10,
5858,SVGLYLYAPW,8834,True,10,
5859,WSPLGFTVPF,8834,True,10,
5860,TMPRAVTQTS,8834,True,10,
5861,WTPRSHRTNQ,8834,True,10,
5862,QNPRSWYTIR,8834,True,10,
5863,VYPRPVPQWI,8834,True,10,
5864,NPPVHMYDAS,8834,True,10,
5865,YWPRQVKDMS,8834,True,10,
5866,TVPRAWRDAT,8834,True,10,
5867,SAFWHVMDIL,8834,True,10,
5868,MTPRHVSDPT,8834,True,10,
5869,NMPRQVTASG,8834,True,10,
5870,WEPLGQYDMQ,8834,True,10,
5871,MFPRAFIGGA,8834,True,10,
5872,GQPVEMTASG,8834,True,10,
5873,PWPLASKDIQ,8834,True,10,
5874,QEARGVTYET,8834,True,10,
5875,WRPRQYLDGF,8834,True,10,
5876,ANPVPMTDGA,8834,True,10,
5877,NIPRPVTDQY,8834,True,10,
5878,DIPRPVRDNV,8834,True,10,
5879,VPVRAVMDPR,8834,True,10,
5880,GTPRSYIQGL,8834,True,10,
5881,ARPRSYTGPA,8834,True,10,
5882,YMPRGYFDGV,8834,True,10,
5883,WPPAGVLTGR,8834,True,10,
5884,TVPWNSADPY,8834,True,10,
5885,NPVRAVTASG,8834,True,10,
5886,MWPVSMYDPV,8834,True,10,
5887,NTPLASRDHA,8834,True,10,
5888,VMPRPVMDVH,8834,True,10,
5889,MTPRYWFDIG,8834,True,10,
5890,YIPRYWQAGW,8834,True,10,
5891,YWPVWMRDQG,8834,True,10,
5892,ETPLGSVNIF,8834,True,10,
5893,WMPRQVLDQI,8834,True,10,
5894,MTPRQVTDPT,8834,True,10,
5895,CPPIHMRNML,8834,True,10,
5896,KLPRAVINWY,8834,True,10,
5897,GPVFPMWTAS,8834,True,10,
5898,QYPLVYWDML,8834,True,10,
5899,PIPRVITDGL,8834,True,10,
5900,EWPVSMRDRG,8834,True,10,
5901,ESPRQVTGPF,8834,True,10,
5902,RTPVAFTASG,8834,True,10,
5903,PAPVPMLDTH,8834,True,10,
5904,MNPLGNYWNF,8834,True,10,
5905,FIPRFVTASG,8834,True,10,
5906,YHEPPYPKPT,8834,True,10,
5907,LGPVFMLDIR,8834,True,10,
5908,DTPLASRDIR,8834,True,10,
5909,VIPRYMYDAF,8834,True,10,
5910,KAPVFMTDPF,8834,True,10,
5911,YRPVAYTDNH,8834,True,10,
5912,ARPVPWRATQ,8834,True,10,
5913,SGPVAMWDTA,8834,True,10,
5914,ALPVPMRDPY,8834,True,10,
5915,PIPRVYIDNA,8834,True,10,
5916,TGPVAMIDTR,8834,True,10,
5917,AEPRPVMLPQ,8834,True,10,
5918,WLPKWILNEL,8834,True,10,
5919,VHIRPLPVNR,8834,True,10,
5920,AFPVHMLDQK,8834,True,10,
5921,KAPLGSTVTF,8834,True,10,
5922,NGPAWMTDPK,8834,True,10,
5923,AMPKHLFNQA,8834,True,10,
5924,IKPRSWRDGS,8834,True,10,
5925,MNPYPMRYRA,8834,True,10,
5926,TLPIHMLDNA,8834,True,10,
5927,NWPSFLWDPV,8834,True,10,
5928,ELPRPTSYAF,8834,True,10,
5929,FTPRGSYMAH,8834,True,10,
5930,WYAIPRTASG,8834,True,10,
5931,SRPRPVIDIG,8834,True,10,
5932,PRPSWQWVGH,8834,True,10,
5933,VSVRAVHDEI,8834,True,10,
5934,NIPVHMHDMQ,8834,True,10,
5935,RQPRNVTASG,8834,True,10,known_sequence
5936,MIPFNVQDPA,8834,True,10,
5937,LTVHPLWDGS,8834,True,10,
5938,VTPGYLTGPF,8834,True,10,
5939,PSPRYWLDEG,8834,True,10,
5940,NYPGFMRAFS,8834,True,10,
5941,RYPVNMTDGV,8834,True,10,
5942,LSPVPFTDGY,8834,True,10,
5943,MVPRVQMTGA,8834,True,10,
5944,THPSPFTASG,8834,True,10,
5945,IQPRSWRDPT,8834,True,10,
5946,MLPVAWSDMV,8834,True,10,
5947,WIPVGMRDRG,8834,True,10,
5948,VTPRQVMDTR,8834,True,10,
5949,NLPAGVRDPK,8834,True,10,
5950,NVPRPMSDGI,8834,True,10,
5951,ARPELYTDPQ,8834,True,10,
5952,RNPVAFRDGA,8834,True,10,
5953,IWPAPVLDPT,8834,True,10,
5954,AMPLHVTVEQ,8834,True,10,
5955,VLPRSWVDGV,8834,True,10,
5956,NMPWAVQSWF,8834,True,10,
5957,YVPRQVLDHG,8834,True,10,
5958,MAVRAYFNPW,8834,True,10,
5959,GYWFALKSPL,8834,True,10,
5960,PYPRASTASG,8834,True,10,
5961,LNHRWIGNQV,8834,True,10,
5962,MVPIPVLNWH,8834,True,10,
5963,GTPRAFIDIS,8834,True,10,
5964,TPIASITASG,8834,True,10,
5965,AEPRNVFDHL,8834,True,10,
5966,MWPRAVTQPI,8834,True,10,
5967,LTVRGMSQPG,8834,True,10,
5968,SGPLGFTVTA,8834,True,10,
5969,KVPRASMDKH,8834,True,10,
5970,TMPRSWKDVI,8834,True,10,
5971,AMPRSYIDGR,8834,True,10,
5972,KTPRGQITPA,8834,True,10,
5973,QVPVWMYNRQ,8834,True,10,
5974,ERPFGMTDRT,8834,True,10,
5975,PWPREVTDTI,8834,True,10,
5976,PMPRYFINLT,8834,True,10,
5977,MNPVAFVDWV,8834,True,10,
5978,VWPRGFVYQY,8834,True,10,
5979,TIPVSWYDPR,8834,True,10,
5980,LAPRYWTASG,8834,True,10,known_sequence
5981,RVPVPFWIEY,8834,True,10,
5982,AVPVWMSNKH,8834,True,10,
5983,QTPVWYIGPI,8834,True,10,
5984,HVPRVVRTWV,8834,True,10,
5985,VWPRQVTYHT,8834,True,10,
5986,NRPFSFWGSG,8834,True,10,
5987,APWAPLMDRT,8834,True,10,
5988,APVRAVWDHA,8834,True,10,
5989,RFPRPVSLWI,8834,True,10,
5990,FIPMWSIDNT,8834,True,10,
5991,TAPINSKDGD,8834,True,10,
5992,NVPRAVTDNR,8834,True,10,
5993,QHRMPAWMAV,8834,True,10,
5994,YPPRAYLDQG,8834,True,10,
5995,PTPRQGVLGY,8834,True,10,
5996,MFWHAFQANI,8834,True,10,
5997,PWPAYGKPMF,8834,True,10,
5998,GPVFAIREMI,8834,True,10,
5999,MTPRQVMDTA,8834,True,10,
6000,SQPRSWRGHF,9478,True,10,
6001,RSPVEMYGAH,9478,True,10,
6002,RIPLGVTNGS,9478,True,10,
6003,GRPSAFMGWH,9478,True,10,
6004,RTPKGQRGSR,9478,True,10,
6005,RSPLPFWGQF,9478,True,10,
6006,TAPAPFWSPT,9478,True,10,
6007,FLPRTLMGIG,9478,True,10,
6008,FAPSGMANGH,9478,True,10,
6009,TKPSGVISAH,9478,True,10,
6010,FTPRAFWGST,9478,True,10,
6011,MPPARFVQHK,9478,True,10,
6012,AQPSAFLSQR,9478,True,10,
6013,RAPLGQLSIV,9478,True,10,
6014,GVPLGVFVGH,9478,True,10,
6015,RAPSAFVART,9478,True,10,
6016,PGPFPFKGIA,9478,True,10,
6017,KNPLAFRGSG,9478,True,10,
6018,RGPVAFWAPQ,9478,True,10,
6019,TAPVQMLGIY,9478,True,10,
6020,GRPSAVLGPL,9478,True,10,
6021,NHPAQMRGSQ,9478,True,10,
6022,ARPESMTASG,9478,True,10,
6023,RAPKSMRGIA,9478,True,10,
6024,RTPSAMRGWA,9478,True,10,
6025,AMPRSFAGNG,9478,True,10,
6026,AQPRAVLNAT,9478,True,10,
6027,RAPRAVFANT,9478,True,10,
6028,GMPRSFFAVF,9478,True,10,
6029,VPPKLLFGIF,9478,True,10,
6030,VSPKGQISTF,9478,True,10,
6031,PWPVGMVNMG,9478,True,10,
6032,GTPRSYLGHS,9478,True,10,
6033,SWPREVRGTW,9478,True,10,
6034,AGPYPMRNHG,9478,True,10,
6035,SGPLGQIGTA,9478,True,10,
6036,DHPSAFTASG,9478,True,10,
6037,HTPLGQSTMH,9478,True,10,
6038,NAPSAVMGEL,9478,True,10,
6039,FRPSAVLSNG,9478,True,10,
6040,MAPRSVSAQS,9478,True,10,
6041,VGPASFSGSF,9478,True,10,
6042,RAPAPVWVLV,9478,True,10,
6043,PHPSAVHGIG,9478,True,10,
6044,AQPVSFYGTG,9478,True,10,
6045,FAPARFSATQ,9478,True,10,
6046,RAPRAVINAH,9478,True,10,
6047,SAPRAFSNMG,9478,True,10,
6048,EPPSAFRGPR,9478,True,10,
6049,MAPSGVMSER,9478,True,10,
6050,RPPLGFQSEF,9478,True,10,
6051,MAPWSVRTHS,9478,True,10,
6052,GAPYPVMTAS,9478,True,10,
6053,NPPSKLFGQH,9478,True,10,
6054,MVPSAVLGEV,9478,True,10,
6055,VMPRQVLAPV,9478,True,10,
6056,TPPSAFYNGI,9478,True,10,
6057,RAPVAFRGHK,9478,True,10,
6058,QRPREVMSLA,9478,True,10,
6059,SAPRAVLGSK,9478,True,10,
6060,VTPYQVYMNW,9478,True,10,
6061,FAPSAFSNRV,9478,True,10,
6062,RMPRQVFGIF,9478,True,10,
6063,TPPVGFTPVQ,9478,True,10,
6064,GAPRSFYVKF,9478,True,10,
6065,TNPSGVTASG,9478,True,10,
6066,SRPRTFYGAL,9478,True,10,
6067,SAPVGMGSPA,9478,True,10,
6068,AIPRSMSGHY,9478,True,10,
6069,APVRAVSGTF,9478,True,10,
6070,IFPAGVRANG,9478,True,10,
6071,QRPSAFHSTF,9478,True,10,
6072,RAPVAFTGNY,9478,True,10,
6073,MVPSAVLGIY,9478,True,10,
6074,GMPRQVTGMR,9478,True,10,
6075,SGPRTLAPTA,9478,True,10,
6076,GVPSGVTASG,9478,True,10,
6077,RPPGAFYSGH,9478,True,10,
6078,GAPRAVRAPF,9478,True,10,
6079,AVPSAVYGRA,9478,True,10,
6080,RMPRQVRGHQ,9478,True,10,
6081,CIPFAFHAIL,9478,True,10,
6082,ATPVELRSQF,9478,True,10,
6083,WGPSSYFGVI,9478,True,10,
6084,AGPLGFYASQ,9478,True,10,
6085,GSPLGILTAS,9478,True,10,
6086,TAPRTLMDLR,9478,True,10,
6087,KGPSGYTAMG,9478,True,10,
6088,FGPYGMHAEF,9478,True,10,
6089,SPPLAVMSPS,9478,True,10,
6090,RGPVAFHGSW,9478,True,10,
6091,RAPAQVWSAY,9478,True,10,
6092,RKPSGVSAVQ,9478,True,10,
6093,SIPFAVTASG,9478,True,10,
6094,TAPSGVHAMS,9478,True,10,
6095,RPVYGLAGRV,9478,True,10,
6096,DAPKQLVSRG,9478,True,10,
6097,LPPLTIFAIA,9478,True,10,
6098,HTPKGQYNPG,9478,True,10,
6099,RTPMGFQANH,9478,True,10,
6100,PIVYGMASPF,9478,True,10,
6101,VGPAPFWSNW,9478,True,10,
6102,QGPLGFAGPR,9478,True,10,
6103,RVPYGMTSNF,9478,True,10,
6104,AQPFTMFSMG,9478,True,10,
6105,SAPSPFHAPW,9478,True,10,
6106,QIPSPFINHQ,9478,True,10,
6107,RAPLPVSGLH,9478,True,10,
6108,LGPAPFWGRS,9478,True,10,
6109,HGPLAVMGIS,9478,True,10,
6110,AGPFPLNGRA,9478,True,10,
6111,TAPINFTGHR,9478,True,10,
6112,WAPARFSGMQ,9478,True,10,
6113,AKPFKYRGML,9478,True,10,
6114,VAPAQVKGIA,9478,True,10,
6115,NVPSGVTASG,9478,True,10,
6116,TAPVESRVML,9478,True,10,
6117,TAPKFLVGSF,9478,True,10,
6118,PQPFAVKGQR,9478,True,10,
6119,RAPLPVWNHR,9478,True,10,
6120,RSPLNFIGAG,9478,True,10,
6121,GFPRTAESIT,9478,True,10,
6122,GRPLASTSWA,9478,True,10,
6123,GTPLGQISAF,9478,True,10,
6124,GRPSTLRGEG,9478,True,10,
6125,TAPKQLMGTG,9478,True,10,
6126,RAPLGQMGQG,9478,True,10,
6127,WGPYGMVNSW,9478,True,10,
6128,SLPAHITASG,9478,True,10,known_sequence
6129,RAPLPVRGNF,9478,True,10,
6130,QTPRSYIGKV,9478,True,10,
6131,IGPFGFTASG,9478,True,10,
6132,RGPLGFQNIR,9478,True,10,
6133,GRPSAQTGAW,9478,True,10,
6134,GKPRAVSDPK,9478,True,10,
6135,FPPLSQRGNW,9478,True,10,
6136,TSPGAMHGAV,9478,True,10,
6137,GRPSPFYGPS,9478,True,10,
6138,HMPRSYIGAR,9478,True,10,
6139,KGPSGVTASG,9478,True,10,
6140,IVPSGMSGTG,9478,True,10,
6141,VKPSGVYVTG,9478,True,10,
6142,KRPAQVSGPA,9478,True,10,
6143,RMPLGQRTNQ,9478,True,10,
6144,MGPWSVMSQI,9478,True,10,
6145,PGPAPMWYNW,9478,True,10,
6146,MQPLGNTASG,9478,True,10,
6147,PSPKGVQSTY,9478,True,10,
6148,IAPVGMHGKV,9478,True,10,
6149,EVAVAMHGNW,9478,True,10,
6150,GKPLPFYSTW,9478,True,10,
6151,HAPRSFYGML,9478,True,10,
6152,PTPLGQSNPW,9478,True,10,
6153,RSPVGMTASG,9478,True,10,
6154,PQPFGFTASG,9478,True,10,
6155,IRPSAMRGMA,9478,True,10,
6156,VEPRGVSVQK,9478,True,10,
6157,GGPLAVYGQF,9478,True,10,
6158,KTPKGQRSLH,9478,True,10,
6159,PAPLGFTSIH,9478,True,10,
6160,KEPLGYAGTV,9478,True,10,
6161,GQPRGVFQKA,9478,True,10,
6162,NPNFVPAPTM,9478,True,10,
6163,FAPLGKTSEA,9478,True,10,
6164,FKPYTLWGRH,9478,True,10,
6165,GAPRSFYSPA,9478,True,10,
6166,AVPSRFRGEF,9478,True,10,
6167,TAPYGMLGTH,9478,True,10,
6168,VGPSGFWSMQ,9478,True,10,
6169,TVPMQVFAVR,9478,True,10,
6170,PKPARLWGEA,9478,True,10,
6171,RQPFPFWGRQ,9478,True,10,
6172,GSPRAVRTAS,9478,True,10,
6173,TAPSAFHSLG,9478,True,10,
6174,STPLGQISIQ,9478,True,10,
6175,SQPRSLIGWY,9478,True,10,
6176,AGPLGFHSTL,9478,True,10,
6177,PTPRSYIGQA,9478,True,10,
6178,AGPYKLRGMY,9478,True,10,
6179,GVPRAVIGTA,9478,True,10,
6180,TAPSGWLGPK,9478,True,10,
6181,TAPSGWTSAF,9478,True,10,
6182,SIPFAFRGMK,9478,True,10,
6183,KAPLGFSDPH,9478,True,10,
6184,QRPSAFSGRG,9478,True,10,
6185,FVPSAVQALG,9478,True,10,
6186,VAPLNFTNMA,9478,True,10,
6187,RAPAFMRQWF,9478,True,10,
6188,RSPLAQIGIH,9478,True,10,
6189,GAPRAVSTAS,9478,True,10,
6190,LWIFPFLSRS,9478,True,10,
6191,NTPWAVFGTF,9478,True,10,
6192,EAPRTLMGAY,9478,True,10,
6193,PRPLGQRNSF,9478,True,10,
6194,AKPSGVMATV,9478,True,10,
6195,AVPRSVFNLF,9478,True,10,
6196,SPPRTLYGSL,9478,True,10,
6197,VRPAQMHGSI,9478,True,10,
6198,ASPVYTASGQ,9478,True,10,
6199,HSPMGFAGIF,9478,True,10,
6200,RGPKLLWSKL,9478,True,10,
6201,RPPLAFWGQI,9478,True,10,
6202,AIPASKIYLQ,9478,True,10,
6203,VNPKQMRTQG,9478,True,10,
6204,RVPYGVRAEG,9478,True,10,
6205,TGPFAMTGNI,9478,True,10,
6206,SPPRAMRGTY,9478,True,10,
6207,HRPSAMVGRF,9478,True,10,
6208,VNPVSMYGHW,9478,True,10,
6209,REPREVRGMW,9478,True,10,
6210,QPPSTLMGRL,9478,True,10,
6211,GRVWAVRTAS,9478,True,10,
6212,YPPRAFWGPL,9478,True,10,
6213,TKPAPWTNVF,9478,True,10,
6214,QRPFGFLGNK,9478,True,10,
6215,LGPASVFGWT,9478,True,10,
6216,GMPRQVLGWR,9478,True,10,
6217,FQPRAVSATA,9478,True,10,
6218,HAPLGFAGSG,9478,True,10,
6219,TAPVAFWGEY,9478,True,10,
6220,QMPRTFLGPF,9478,True,10,
6221,RKPSGWTSHA,9478,True,10,
6222,RMPRQVSGEF,9478,True,10,
6223,RAPLGFAGTG,9478,True,10,
6224,YTPVEMHGNR,9478,True,10,
6225,AHPRAVANWF,9478,True,10,
6226,ANPASVWGNW,9478,True,10,
6227,PGPRSYFGWQ,9478,True,10,
6228,HMPSAFTSPH,9478,True,10,
6229,MAPSAFRALY,9478,True,10,
6230,FAPLKVRGVK,9478,True,10,
6231,PKPARFRGEG,9478,True,10,
6232,VWPTGLYNRP,9478,True,10,
6233,CAVGALYGPR,9478,True,10,
6234,GAPRAVITAS,9478,True,10,
6235,IRPAQMFGHG,9478,True,10,
6236,AVPKSVYGIA,9478,True,10,
6237,AQPRAVTASG,9478,True,10,
6238,AGPSGYTASG,9478,True,10,
6239,KAPRSYIGVF,9478,True,10,
6240,PAPSWILGWY,9478,True,10,
6241,PAPVQMRGSH,9478,True,10,
6242,LRPVTMHSPL,9478,True,10,
6243,MPPRAFHGPR,9478,True,10,
6244,TFPRAFAGVQ,9478,True,10,
6245,KGPSGWTSHT,9478,True,10,
6246,TRPRSMYSQF,9478,True,10,
6247,PAPRSLRINI,9478,True,10,
6248,SQPRAVLALS,9478,True,10,
6249,GGPSAFSGEY,9478,True,10,
6250,HPPSAFYAIG,9478,True,10,
6251,RPPLASLSPW,9478,True,10,
6252,HTPLGQYTRT,9478,True,10,
6253,AKPSGVTASG,9478,True,10,
6254,SAPRTLMGVL,9478,True,10,
6255,KAPLGQFSTR,9478,True,10,
6256,RMPRQVSGIV,9478,True,10,
6257,PVPLNQYSPW,9478,True,10,
6258,TAPRSVTASG,9478,True,10,
6259,NPPSAVWAMG,9478,True,10,
6260,LPPLGFTQAY,9478,True,10,
6261,RAPSAFIGPH,9478,True,10,
6262,GFPLGQRTRQ,9478,True,10,
6263,RSPLSQIGQR,9478,True,10,
6264,PSPLGFSGIG,9478,True,10,
6265,QGPLPFMGEG,9478,True,10,
6266,QNPLGQRSEA,9478,True,10,
6267,PEPRSWTGAK,9478,True,10,
6268,GVPRSQMSNS,9478,True,10,
6269,RGPYPMWGNQ,9478,True,10,
6270,RAPSAFMGQF,9478,True,10,
6271,RVPSGVAVMV,9478,True,10,
6272,MQPLGFHSGH,9478,True,10,
6273,RAPLGFRSTL,9478,True,10,
6274,SAPRSYFMPW,9478,True,10,
6275,HAPLNFSGSA,9478,True,10,
6276,FWPSEMRGTF,9478,True,10,
6277,RGPVAFRGSF,9478,True,10,
6278,IAPREVKGHV,9478,True,10,
6279,AQPFPFWGEV,9478,True,10,
6280,TIPRAVTASG,9478,True,10,
6281,QAPWAFTASG,9478,True,10,
6282,VAPRQVLAQF,9478,True,10,
6283,ALVWGIYGWI,9478,True,10,
6284,HMPLQVMSTI,9478,True,10,
6285,RAPIPFWGMA,9478,True,10,
6286,ARPSAVMSAG,9478,True,10,
6287,PRPLGQSGTF,9478,True,10,
6288,GMPRQVLTAS,9478,True,10,
6289,FGPQPLFSGA,9478,True,10,
6290,KRPSAFLGSH,9478,True,10,
6291,TRPSTLFGPG,9478,True,10,
6292,AIPRAVTGHK,9478,True,10,
6293,HAPSNFWGLV,9478,True,10,
6294,KNPAGVRSTV,9478,True,10,
6295,MVPAQVRGNG,9478,True,10,
6296,TKPFGFTVSY,9478,True,10,
6297,GSPLGFRSIY,9478,True,10,
6298,GFPMSMSGRH,9478,True,10,
6299,FKPFGFAVTM,9478,True,10,
6300,AQPRSYFGSF,9478,True,10,
6301,RMPLGAFQPR,9478,True,10,
6302,FPPRAMIGLF,9478,True,10,
6303,QSPRMLASPG,9478,True,10,
6304,VAPRPVFAWF,9478,True,10,
6305,VGPAPFWATF,9478,True,10,
6306,MGPAPSFGKF,9478,True,10,
6307,ASPVQLWGPG,9478,True,10,
6308,AMPRAFIGNR,9478,True,10,
6309,RQPRAVLGQY,9478,True,10,
6310,GPAFHILSNY,9478,True,10,
6311,GPPSGFAGKF,9478,True,10,
6312,HGPFGFRSMF,9478,True,10,
6313,RAPAQMKGWR,9478,True,10,
6314,GPPFGFQSQG,9478,True,10,
6315,RAPVAFYGKS,9478,True,10,
6316,YAPSSMTGWF,9478,True,10,
6317,RAPLGFAGIL,9478,True,10,
6318,TPPVEMINVG,9478,True,10,
6319,WAPKGFTASG,9478,True,10,
6320,SAPREVRGWV,9478,True,10,
6321,TAPKAVTGPT,9478,True,10,
6322,SMPRQVYGAG,9478,True,10,
6323,SAPRAFTASG,9478,True,10,
6324,APPRSHLNQY,9478,True,10,
6325,GAPRVSAGNV,9478,True,10,
6326,APPRAFQSLQ,9478,True,10,
6327,PHPVAMFGPI,9478,True,10,
6328,YLPVGFYGTH,9478,True,10,
6329,VIPRPVYGNI,9478,True,10,
6330,RPPSALWNEG,9478,True,10,
6331,RVPSEVRGIL,9478,True,10,
6332,VIPASVMGLW,9478,True,10,
6333,SAPKWMSGHR,9478,True,10,
6334,LRPVSMIGQF,9478,True,10,
6335,LAPKFLMSWG,9478,True,10,
6336,CPFGRLTASG,9478,True,10,
6337,KAPSALNGSW,9478,True,10,
6338,ARPSAMAGSF,9478,True,10,
6339,YAPGAFRSTF,9478,True,10,
6340,MAPRAFWGSV,9478,True,10,
6341,VAPVPFMGMQ,9478,True,10,
6342,FIPMFMRGKR,9478,True,10,
6343,IPPRQVTASG,9478,True,10,
6344,PQPRAVSGAY,9478,True,10,
6345,DAPYGMSGIF,9478,True,10,
6346,VTPSAMVSRT,9478,True,10,
6347,RGPSGYWSGV,9478,True,10,
6348,TVPRAVRSNV,9478,True,10,
6349,FSPLGFRAHV,9478,True,10,
6350,ISPMGFSVMG,9478,True,10,
6351,YAPLGIANIQ,9478,True,10,
6352,PTPLGQRGKR,9478,True,10,
6353,GHPYGMRSNT,9478,True,10,
6354,LSPLGFSGVA,9478,True,10,
6355,RAPRSHLSAT,9478,True,10,
6356,ISPKGVTGEA,9478,True,10,
6357,IYPRPFVAEF,9478,True,10,
6358,MSPKGVSALF,9478,True,10,
6359,LGPAVMFSGA,9478,True,10,
6360,YLPRQVAGVS,9478,True,10,
6361,ASVFGQYGVG,9478,True,10,
6362,RPPVEMRGHT,9478,True,10,
6363,THPRQVYAPQ,9478,True,10,
6364,KPRPVRGQSE,9478,True,10,
6365,TPPFTLINAW,9478,True,10,
6366,FIPMPFTGQV,9478,True,10,
6367,KPPLGFASPG,9478,True,10,
6368,PAPREVLGPW,9478,True,10,
6369,RAPREVMGNG,9478,True,10,
6370,RKPSPFRSVW,9478,True,10,
6371,KHPAKYLGKS,9478,True,10,
6372,RAPVAFYSGF,9478,True,10,
6373,VTPFAFTASG,9478,True,10,
6374,PPPAPFSAQV,9478,True,10,
6375,MRPSALSAGQ,9478,True,10,
6376,AMPLGFHGIH,9478,True,10,
6377,TAPINFWAQF,9478,True,10,
6378,TAPGSMYGQH,9478,True,10,
6379,TIPARFTASG,9478,True,10,
6380,MAPKLWIGRT,9478,True,10,
6381,YGPWSVLALA,9478,True,10,
6382,TKPSGVWANS,9478,True,10,
6383,RAPVAFRGPS,9478,True,10,
6384,TMPYGMTSPR,9478,True,10,
6385,WAPRGFSTVI,9478,True,10,
6386,KAPLPVSGNW,9478,True,10,
6387,APPVPFMAVK,9478,True,10,
6388,TQPFGFSTAS,9478,True,10,
6389,VSPRGQVSFI,9478,True,10,
6390,AKPAPWFAIT,9478,True,10,
6391,GVPRAVSGST,9478,True,10,
6392,SGPFGMTSTA,9478,True,10,
6393,APPRAFAGPR,9478,True,10,
6394,SVPSAIHSEG,9478,True,10,
6395,APPKQVWAIF,9478,True,10,
6396,SPPLAILGPS,9478,True,10,
6397,QSPRTLVGMV,9478,True,10,
6398,AVPRAVQGRF,9478,True,10,
6399,ANPSFLFAWI,9478,True,10,
6400,EWPVAWIGFS,7162,True,10,
6401,DVPRGMGYET,7162,True,10,
6402,DAPRWITASG,7162,True,10,
6403,PYPVPMWYEY,7162,True,10,
6404,VHPKWMATSY,7162,True,10,
6405,GWPRWMNTAS,7162,True,10,
6406,EHPSAFLDQW,7162,True,10,
6407,PARPQRTFAP,7162,True,10,
6408,TWPRQWIGNW,7162,True,10,
6409,HKPSPWTASG,7162,True,10,
6410,FGPYKMAVPQ,7162,True,10,
6411,FYPRHWIVGW,7162,True,10,
6412,FQPVWMRTQS,7162,True,10,
6413,RIPRNLADGL,7162,True,10,
6414,NGPYHMRTGW,7162,True,10,
6415,DIPRWMTASG,7162,True,10,
6416,QWPRWLMAEQ,7162,True,10,
6417,YHPRSMLTNG,7162,True,10,
6418,GSPRSMRDGF,7162,True,10,
6419,KWPVGMGYFL,7162,True,10,
6420,DIPKWIQDGY,7162,True,10,
6421,KAPRSHTDWG,7162,True,10,
6422,LDFHGQDTME,7162,True,10,
6423,WYPRGMGTRY,7162,True,10,
6424,AGPSGWTVHL,7162,True,10,
6425,GPVGWMYTAS,7162,True,10,
6426,TVPRAWTVWY,7162,True,10,
6427,KWPYGMTVGW,7162,True,10,
6428,ASEWVQKPFQ,7162,True,10,
6429,PAPDQMHDEA,7162,True,10,
6430,WRPFWMYDAW,7162,True,10,
6431,YLPTGLGDSL,7162,True,10,
6432,FMPAWMIVTW,7162,True,10,
6433,KVPVGMWDHR,7162,True,10,
6434,ENVRSWIDLW,7162,True,10,
6435,GDPRSWVDKT,7162,True,10,
6436,PGPRPFQDNA,7162,True,10,
6437,DFPKWMYGNM,7162,True,10,
6438,ITPVWMHDTY,7162,True,10,
6439,AYPSWMHDNQ,7162,True,10,
6440,YHPVGMTASG,7162,True,10,
6441,PNPKWMYDRS,7162,True,10,
6442,GTPRSWFTAS,7162,True,10,
6443,FTPAGMHGPK,7162,True,10,
6444,STPRGNVDAW,7162,True,10,
6445,HAPRSWADWQ,7162,True,10,
6446,NRPVPMWDEY,7162,True,10,
6447,DYPRAFHDVT,7162,True,10,
6448,YNPIHMQDAE,7162,True,10,
6449,AEVPRWLAEY,7162,True,10,
6450,ASPGWLWAEG,7162,True,10,
6451,SVPRGVHDMW,7162,True,10,
6452,SKPRMLWSEY,7162,True,10,
6453,KMPGWMRVTQ,7162,True,10,
6454,STPLNYWNGA,7162,True,10,
6455,ESPRQMKDNG,7162,True,10,
6456,IMPRAFWDEG,7162,True,10,
6457,YQPRGTDYIM,7162,True,10,
6458,LPWHGFTVPT,7162,True,10,
6459,YTPLHWFDKI,7162,True,10,
6460,CAFEPTPRYF,7162,True,10,
6461,VAPINMWDNR,7162,True,10,
6462,FSWMAMQGVK,7162,True,10,
6463,LSPRWMYNFH,7162,True,10,
6464,LTPVYWIDVH,7162,True,10,
6465,ASPISMYTWY,7162,True,10,
6466,SAPRPVSVIF,7162,True,10,
6467,SYPRAMKNWS,7162,True,10,
6468,LYPRWIHTEQ,7162,True,10,
6469,QPWSWMIGNQ,7162,True,10,
6470,NHGRPYTASG,7162,True,10,
6471,SDPKWMTASG,7162,True,10,
6472,FGPSWMHDHW,7162,True,10,
6473,SKPVDYIDEY,7162,True,10,
6474,SEPRNYKDGQ,7162,True,10,
6475,DPEFPGTAVD,7162,True,10,
6476,STPRQNADWL,7162,True,10,
6477,TWCPTYVRGD,7162,True,10,
6478,KTPKWMVTGY,7162,True,10,
6479,FYPRAFTDPW,7162,True,10,
6480,RAGPWNTVNI,7162,True,10,
6481,AQPRYWTDGF,7162,True,10,
6482,VSPKGQVDSG,7162,True,10,
6483,WVPRAVRDQA,7162,True,10,
6484,TFPKGMTVEI,7162,True,10,
6485,TFPRSHYDEG,7162,True,10,
6486,FKPVWMLDQF,7162,True,10,
6487,AEPRSWVDRY,7162,True,10,
6488,FMPRKFWVGS,7162,True,10,
6489,PIPYHYLDAF,7162,True,10,
6490,IFPRGFHDTF,7162,True,10,
6491,SWPVGMFYHQ,7162,True,10,
6492,WTPSGWTDAL,7162,True,10,
6493,GNPLSNRDTW,7162,True,10,
6494,NWPRNIYSEF,7162,True,10,
6495,SNPRDYIDHK,7162,True,10,
6496,NYPRPFRDNW,7162,True,10,
6497,SLPRAYTVGW,7162,True,10,
6498,YTPRGNTQGY,7162,True,10,
6499,GDPRWMSVTK,7162,True,10,
6500,FQPIHMWDEY,7162,True,10,
6501,VDPYGMQDTA,7162,True,10,
6502,VRPRSYAVPK,7162,True,10,
6503,GSPRNYSDTQ,7162,True,10,
6504,YPFHGATRLA,7162,True,10,
6505,NWPRDYKVSV,7162,True,10,
6506,DVLGHFRDGI,7162,True,10,
6507,YPRVPRAQFA,7162,True,10,
6508,ADPKWMVSPW,7162,True,10,
6509,HYPRAFINMY,7162,True,10,
6510,VGPEPLWDTQ,7162,True,10,
6511,GDPYGMRTAS,7162,True,10,known_sequence
6512,FGPVSMQAVQ,7162,True,10,
6513,SWPRWMIDNA,7162,True,10,
6514,RQPVWYIDPA,7162,True,10,
6515,MVPKWMTDWT,7162,True,10,
6516,NQPFWMIDPL,7162,True,10,
6517,SVPRTLSAGI,7162,True,10,
6518,DQPRGSFTKA,7162,True,10,
6519,PAPVWMQVGA,7162,True,10,
6520,TRPMWSKDIL,7162,True,10,
6521,YLPRNVYTAS,7162,True,10,
6522,PMPRSHTASG,7162,True,10,
6523,IDPSGWTGAH,7162,True,10,
6524,YMPRNVLVGA,7162,True,10,
6525,IWPRPFMDET,7162,True,10,
6526,PFYAGMHSAY,7162,True,10,
6527,CGPAWMTASG,7162,True,10,
6528,LCPSAYEDQF,7162,True,10,
6529,SHPKWMTASG,7162,True,10,
6530,ACPVPMADPQ,7162,True,10,
6531,GYPRPYGVLG,7162,True,10,
6532,QYPVHMYDNW,7162,True,10,
6533,WAPRGSTVER,7162,True,10,
6534,NEPLGYIDEA,7162,True,10,
6535,CYPRAMRDHL,7162,True,10,
6536,ENGEPLWDPL,7162,True,10,
6537,EWPKWMTVRY,7162,True,10,
6538,FSVNWTYGQH,7162,True,10,
6539,TVPRAWADIG,7162,True,10,
6540,FNTPWPALQT,7162,True,10,
6541,ILPRPWIDGQ,7162,True,10,
6542,NMYSHMWSWV,7162,True,10,
6543,YGWQWLRTAS,7162,True,10,
6544,DSPRSYIAPF,7162,True,10,
6545,GYPRAFHDIG,7162,True,10,
6546,GVPRAVTASG,7162,True,10,known_sequence
6547,TLPRAWSMWV,7162,True,10,
6548,IRWIPRTMHG,7162,True,10,
6549,DQPRWMRTWV,7162,True,10,
6550,STPLNMLDPF,7162,True,10,
6551,CPRNDKATRP,7162,True,10,
6552,GMPRYMAYTY,7162,True,10,
6553,ARPAWVHDHA,7162,True,10,
6554,YPPRSWHDIW,7162,True,10,
6555,SDPRWLSANR,7162,True,10,
6556,TLYMGMVAGR,7162,True,10,
6557,TMPRSWIVTG,7162,True,10,
6558,FHPLGQSTAS,7162,True,10,
6559,SEPLGQWGIA,7162,True,10,
6560,WPRYGRPVNP,7162,True,10,
6561,MRPRDFTDPI,7162,True,10,
6562,FCPLNKSANT,7162,True,10,
6563,WSPVAYQDGA,7162,True,10,
6564,PTPRVLVDPF,7162,True,10,
6565,MNPKWMHDNV,7162,True,10,
6566,GFPRPVRVSG,7162,True,10,
6567,YKWPVYNYET,7162,True,10,
6568,GHPKGMIDAY,7162,True,10,
6569,WSPRSYIDKW,7162,True,10,
6570,WSPVAYTDMG,7162,True,10,
6571,NQPVWMHYGT,7162,True,10,
6572,MPAHDFTDRY,7162,True,10,
6573,YNPVGMWDEW,7162,True,10,
6574,NPPRSWIDEF,7162,True,10,
6575,GAPRSWLTAS,7162,True,10,
6576,TWPNDMSHWA,7162,True,10,
6577,ISPVWMIVGR,7162,True,10,
6578,DNPRTLTASG,7162,True,10,
6579,MWPRAFYDHW,7162,True,10,
6580,DYPRSLWGRS,7162,True,10,
6581,WGPVHMWTNL,7162,True,10,
6582,WNPRGSTVGS,7162,True,10,
6583,HTVKGMQSGY,7162,True,10,
6584,SVPSWLWDQS,7162,True,10,
6585,QAPVWMWTNW,7162,True,10,
6586,SMPRGMISEQ,7162,True,10,
6587,FVPFWMQDNG,7162,True,10,
6588,CPPRAFSDGK,7162,True,10,
6589,FSPLGYWDHG,7162,True,10,
6590,WIPAWMQHRG,7162,True,10,
6591,TMPKSHWDRW,7162,True,10,
6592,FWNRAMWDAY,7162,True,10,
6593,VPPRYMTNAT,7162,True,10,
6594,VAPDWMRTAS,7162,True,10,
6595,SWRPKRDVFE,7162,True,10,
6596,GWPRGSLEVR,7162,True,10,
6597,NTPLDMKGPG,7162,True,10,
6598,NRPADMRDHS,7162,True,10,
6599,VKPRGVTVKV,7162,True,10,
6600,DLPHRFSAVY,7162,True,10,
6601,TMPRLYWDVK,7162,True,10,
6602,TPPKGMYDVG,7162,True,10,
6603,AIPRPYRVNG,7162,True,10,
6604,FLVRAWYTNF,7162,True,10,
6605,YVPKWMHDEW,7162,True,10,
6606,PYPRSHRTNI,7162,True,10,
6607,LFPAWMHDLH,7162,True,10,
6608,PASFWMFDEY,7162,True,10,
6609,SWPRWIMDWY,7162,True,10,
6610,FWPRWMYVMS,7162,True,10,
6611,RGPYGMANRS,7162,True,10,
6612,HVPRAWKDLI,7162,True,10,
6613,SCPVPMDTHF,7162,True,10,
6614,GQPRDYRDTL,7162,True,10,
6615,FNPRSWQVEP,7162,True,10,
6616,LYPRGLVDIV,7162,True,10,
6617,GFPRPFWMSW,7162,True,10,
6618,GSVRYMTASG,7162,True,10,
6619,QTPRQIYTAS,7162,True,10,
6620,WNTRWLWDEW,7162,True,10,
6621,NVPRWMIDEV,7162,True,10,
6622,QTPSWMIDGF,7162,True,10,
6623,PDPRGQIGEI,7162,True,10,
6624,LTPLGQRQTW,7162,True,10,
6625,VRPRDFTGEY,7162,True,10,
6626,TWPREMTSKR,7162,True,10,
6627,WLPLNWTVWL,7162,True,10,
6628,TAWHWMTASG,7162,True,10,
6629,TWPSWSMDAT,7162,True,10,
6630,AVPRVQMDWG,7162,True,10,
6631,QWVFWGYDPA,7162,True,10,
6632,CNPKWMRDGH,7162,True,10,
6633,YWDKAHVQPL,7162,True,10,
6634,LWGRALWAQW,7162,True,10,
6635,LPYWDFKAIF,7162,True,10,
6636,PLPRSWTDWK,7162,True,10,
6637,AGIWAMWGWQ,7162,True,10,
6638,FAPRSQMTPL,7162,True,10,
6639,QWVRAHYGHG,7162,True,10,
6640,WENMNHMDEL,7162,True,10,
6641,YGPAWMQDIH,7162,True,10,
6642,NVAVSMRDWF,7162,True,10,
6643,MKPTGMRTNY,7162,True,10,
6644,AWPVGMWVGK,7162,True,10,
6645,WFPRNVRDAF,7162,True,10,
6646,PYPRAFSAPK,7162,True,10,
6647,EQPRGQYSTY,7162,True,10,
6648,PAIDWMYDIG,7162,True,10,
6649,WEPRNYFAPF,7162,True,10,
6650,SAPRSMKGNG,7162,True,10,
6651,PNPIHVADPW,7162,True,10,
6652,LWFSPVDVGW,7162,True,10,
6653,ISPVWMLDKA,7162,True,10,
6654,RSPVAYHDPV,7162,True,10,
6655,GMPRDFWDTW,7162,True,10,
6656,WGVSPFWDEA,7162,True,10,
6657,PMAWHIMDVG,7162,True,10,
6658,FYPRAFHDWQ,7162,True,10,
6659,PAWASITASG,7162,True,10,
6660,EYPRWMVTNV,7162,True,10,
6661,VQPRSWLDNW,7162,True,10,
6662,RGPVPMWDHV,7162,True,10,
6663,KWPVGMHDEK,7162,True,10,
6664,RTPRVMIDVT,7162,True,10,
6665,TRVRPLVDAY,7162,True,10,
6666,TQPIPIWVTW,7162,True,10,
6667,SNWRAMFDTH,7162,True,10,
6668,MNPLHFADWA,7162,True,10,
6669,KGPVWMWTHS,7162,True,10,
6670,IAPAYWTASG,7162,True,10,
6671,IFTLHLIDGK,7162,True,10,
6672,GWPRSWFTGA,7162,True,10,
6673,YGPKFMASRH,7162,True,10,
6674,IAPVWMWDIT,7162,True,10,
6675,TWPRAFTVEK,7162,True,10,
6676,WMPRNYTAPY,7162,True,10,
6677,WSPMQYTANV,7162,True,10,
6678,DMPRSFIVAH,7162,True,10,
6679,MYPKWMHDGW,7162,True,10,
6680,ARPAYAFDAQ,7162,True,10,
6681,ESFRAMTASG,7162,True,10,
6682,AVTYAWRDNW,7162,True,10,
6683,KMPRSHTASG,7162,True,10,
6684,TWVRGMTASG,7162,True,10,
6685,KMPRLYIDAS,7162,True,10,
6686,MLPVWMRHEG,7162,True,10,
6687,NLAFHWIAGS,7162,True,10,
6688,DMPRWMITEW,7162,True,10,
6689,PEWEHMLGAW,7162,True,10,
6690,MSPVGMTDIW,7162,True,10,
6691,DMPRQMAGQG,7162,True,10,
6692,ENVYGMRVMT,7162,True,10,
6693,AIPRWLMTSG,7162,True,10,
6694,QRPRGQFAGF,7162,True,10,
6695,CQPRNYIDEQ,7162,True,10,
6696,RTPIELTDNQ,7162,True,10,
6697,CPPSHWQDSK,7162,True,10,
6698,DWPAWMYDAY,7162,True,10,
6699,VSPRWLSVHS,7162,True,10,
6700,TDPVAMASIT,7162,True,10,
6701,VMPRSFTASG,7162,True,10,
6702,YAPRSWAGTY,7162,True,10,
6703,WHPRGVTDTH,7162,True,10,
6704,MDPKWMVNIY,7162,True,10,
6705,QTPVWMHGWY,7162,True,10,
6706,APYFPFRDGE,7162,True,10,
6707,WYPRWLSDWV,7162,True,10,
6708,QLPRPVWDTR,7162,True,10,
6709,INPVWMRHSA,7162,True,10,
6710,VFPRSFVDEV,7162,True,10,
6711,EFAWGMYTAH,7162,True,10,
6712,ATPRLYINKY,7162,True,10,
6713,NIPLNWKDQW,7162,True,10,
6714,QRPRSWGDVK,7162,True,10,
6715,TSWSWLHDAI,7162,True,10,
6716,IYPRSYMDGH,7162,True,10,
6717,TIPRPFGVGF,7162,True,10,
6718,VYPAGMYDQL,7162,True,10,
6719,ETPRQWTASG,7162,True,10,
6720,GWRWPIEATA,7162,True,10,
6721,EPIYGMRAHR,7162,True,10,
6722,HSPRGSIDIG,7162,True,10,
6723,NKPVPMYHWG,7162,True,10,
6724,GKPTGMHDIS,7162,True,10,
6725,CLPRSWTSGW,7162,True,10,
6726,GYPRWMRTAS,7162,True,10,
6727,KGPRNVTASG,7162,True,10,
6728,GQWRAFTASG,7162,True,10,
6729,GAPLGYHDIQ,7162,True,10,
6730,SPVYWMRTGT,7162,True,10,
6731,FAPAWMQAVK,7162,True,10,
6732,ISPVPFWDGY,7162,True,10,
6733,TPPGWMWDQI,7162,True,10,
6734,NWPVGMYDTY,7162,True,10,
6735,KRPRGVLDVW,7162,True,10,
6736,LFPRWIQNTP,7162,True,10,
6737,EMPRSWKVWT,7162,True,10,
6738,TSVWAWIDIQ,7162,True,10,
6739,LPTRWYADWV,7162,True,10,
6740,QNPRNYGDPI,7162,True,10,
6741,TFPRSWRDPG,7162,True,10,
6742,FIPYWSRAHL,7162,True,10,
6743,WPIRGYTSAY,7162,True,10,
6744,TTPIEMYSRH,7162,True,10,
6745,CMPRWMKSAR,7162,True,10,
6746,PTPLPQADPL,7162,True,10,
6747,GWPRPQADTW,7162,True,10,
6748,RYPIPMFTGL,7162,True,10,
6749,HWPRGQVTYC,7162,True,10,
6750,ENICPETAYW,7162,True,10,
6751,RSPRSYTASG,7162,True,10,
6752,VWPRSWTDRS,7162,True,10,
6753,RHPSWSTASG,7162,True,10,
6754,SNPINYKVEW,7162,True,10,
6755,WYPRAFYGWS,7162,True,10,
6756,VWPRPFADWH,7162,True,10,
6757,DLPRAYRSVK,7162,True,10,
6758,FPVYGYWDHT,7162,True,10,
6759,FGPYHMIDVR,7162,True,10,
6760,QAPRSMHDGG,7162,True,10,
6761,PNPRSWVSAH,7162,True,10,
6762,FWSRVLTVPT,7162,True,10,
6763,TRPVWMLDPH,7162,True,10,
6764,SQPRSWLDGQ,7162,True,10,
6765,KLPRAWIDNG,7162,True,10,
6766,WTPRWLYSHQ,7162,True,10,
6767,NATLPVLDKW,7162,True,10,
6768,ADPKWMTNGF,7162,True,10,
6769,IAPRNYTDGK,7162,True,10,
6770,GFPAWMKDVK,7162,True,10,
6771,TAPSWIRHET,7162,True,10,
6772,LTPRYWRDTW,7162,True,10,
6773,PLPMHQSHIS,7162,True,10,
6774,WAPKSMTASG,7162,True,10,
6775,ELPVWMTASG,7162,True,10,
6776,FHYRAMRDNA,7162,True,10,
6777,TYPYGMVNHL,7162,True,10,
6778,QNPRWMIDGL,7162,True,10,
6779,WDPKWMTASG,7162,True,10,
6780,YWPVGMTASG,7162,True,10,
6781,YDVYWMRAGT,7162,True,10,
6782,VTPVWMRTEK,7162,True,10,
6783,FQPIHMQDWA,7162,True,10,
6784,VTPRNYQVRG,7162,True,10,
6785,WGPRSYTGVK,7162,True,10,
6786,EAIYGMRVIW,7162,True,10,
6787,DPHIHLADTG,7162,True,10,
6788,RCPVWMTDTW,7162,True,10,
6789,SFPRAFHDWF,7162,True,10,
6790,GNPAWMKTAS,7162,True,10,
6791,NWPRFILSGW,7162,True,10,
6792,FSPLSWMDTG,7162,True,10,
6793,IMPRWVMDEQ,7162,True,10,
6794,EASRGWQDKH,7162,True,10,
6795,WDPRGMYTIH,7162,True,10,
6796,WEPRNYTASG,7162,True,10,
6797,YTPRNYIDIT,7162,True,10,
6798,ALPRAYHDAL,7162,True,10,
6799,WIPAWMLDHK,7162,True,10,
6800,FRPAQMRGNG,11195,True,10,
6801,RHPSAFKGIW,11195,True,10,
6802,RGPVPFWGSG,11195,True,10,
6803,YAPRAFKGWG,11195,True,10,
6804,VPPFPFRGKV,11195,True,10,
6805,GRPSHYWGTV,11195,True,10,
6806,RGPAPMWGLR,11195,True,10,
6807,QGPSAVYSVQ,11195,True,10,
6808,RTPSPFQGNQ,11195,True,10,
6809,RQPFRFVAMG,11195,True,10,
6810,RAPLGFHNHV,11195,True,10,
6811,RSPRAFYGPQ,11195,True,10,
6812,SPPLQYTNMT,11195,True,10,
6813,PWPSAFTASG,11195,True,10,
6814,GRPFPFTSAQ,11195,True,10,
6815,YSGRALYGSA,11195,True,10,
6816,GRPFPFWATH,11195,True,10,
6817,PGPVPFQSMA,11195,True,10,
6818,RGPSGMHVTA,11195,True,10,
6819,VMPAYFIGST,11195,True,10,
6820,RPPSAFYGMW,11195,True,10,
6821,LAPLPFTAQS,11195,True,10,
6822,PVPWPVRGNH,11195,True,10,
6823,APPYQMRGSH,11195,True,10,
6824,HMPAQMLGMY,11195,True,10,
6825,RKPAPMWGRH,11195,True,10,
6826,GMPLGAHATV,11195,True,10,
6827,STPYGMYSES,11195,True,10,
6828,TAPGAFHNWG,11195,True,10,
6829,TGPYAFYANV,11195,True,10,
6830,MRPSAVWGWA,11195,True,10,
6831,RTPLGQYAQV,11195,True,10,
6832,MTPSGFVSPG,11195,True,10,
6833,MQPFKYRGAQ,11195,True,10,
6834,RAPLHMHSLR,11195,True,10,
6835,TRPSAFHSTY,11195,True,10,
6836,PRPRSFLNSI,11195,True,10,
6837,RAPSPFWGTY,11195,True,10,
6838,MGPWGVMYGF,11195,True,10,
6839,PGPSTYFGKL,11195,True,10,
6840,GQPAPFWAPT,11195,True,10,
6841,KAPLPQMSIH,11195,True,10,
6842,VPPSAVTASG,11195,True,10,
6843,AGPQPVWSAT,11195,True,10,
6844,GVPFKMRGSA,11195,True,10,
6845,VAPSGVSVGR,11195,True,10,
6846,GKPASMFGAY,11195,True,10,
6847,PKPARFTSWS,11195,True,10,
6848,MTPVEQMGPL,11195,True,10,
6849,APPSAVQSKQ,11195,True,10,
6850,GIPRPYLGMH,11195,True,10,
6851,RLPVAVWAGL,11195,True,10,
6852,RAPLGYSANY,11195,True,10,
6853,RSPVQMHVKG,11195,True,10,
6854,PAPRQVRGQG,11195,True,10,
6855,PKPSGYHGSF,11195,True,10,
6856,PGPFPFWVMA,11195,True,10,
6857,RFPRGFQSEH,11195,True,10,
6858,APPMQVRSIG,11195,True,10,
6859,RAPAQMLGTI,11195,True,10,
6860,FRPSAMYGPF,11195,True,10,
6861,HMPYGMRAGV,11195,True,10,
6862,RMPRQVRGQH,11195,True,10,
6863,ARPSPFWAIS,11195,True,10,
6864,GRPSAFRGRA,11195,True,10,
6865,RGPAPVWGQY,11195,True,10,
6866,KAPSAFQGAT,11195,True,10,
6867,PHPLSFHSIS,11195,True,10,
6868,KGPAFMFGTW,11195,True,10,
6869,GAPAPFWSQG,11195,True,10,
6870,RTPSAMQGNY,11195,True,10,
6871,VHPSAFLQIR,11195,True,10,
6872,SAPREVRGAR,11195,True,10,
6873,TAPSAFKGLG,11195,True,10,
6874,GRPSGQTASG,11195,True,10,
6875,GIPASYLGLY,11195,True,10,
6876,QTPRQVRATK,11195,True,10,
6877,RQPAAVFSVG,11195,True,10,
6878,RKPAGVKGQY,11195,True,10,
6879,PGPYASWGQA,11195,True,10,
6880,VPPQAVYAIG,11195,True,10,
6881,GSPVAFYGTH,11195,True,10,
6882,PAPAEVRGRG,11195,True,10,
6883,RSPAQMWGHK,11195,True,10,
6884,VPPQAVFGQQ,11195,True,10,
6885,GPPSGFTFIT,11195,True,10,
6886,AQPFSNRAHF,11195,True,10,
6887,AQPRQVTSQG,11195,True,10,
6888,RGPRSYLSVT,11195,True,10,
6889,RAPLAVQSIW,11195,True,10,
6890,RLPVAVMSHR,11195,True,10,
6891,PNPAQVWGMF,11195,True,10,
6892,GMPSAVRGPY,11195,True,10,
6893,ATPEPFWGSV,11195,True,10,
6894,RSPAAFMGTA,11195,True,10,
6895,HAPMQVRSWG,11195,True,10,
6896,RAPAPFMAMI,11195,True,10,
6897,MAPSSWQVWT,11195,True,10,
6898,MTPFQFLGAS,11195,True,10,
6899,KAPAHSIAQF,11195,True,10,
6900,GMPSGFWDIV,11195,True,10,
6901,HVPRAVYGHH,11195,True,10,
6902,AQPFQFTGVR,11195,True,10,
6903,FPPSAFLAGL,11195,True,10,
6904,RTPVAFHGLG,11195,True,10,
6905,PMPSAFWGTG,11195,True,10,
6906,MAPRQMSGMG,11195,True,10,
6907,IAPEAVKGHL,11195,True,10,
6908,NHPSGMTASG,11195,True,10,
6909,MGPWGSTGSL,11195,True,10,
6910,GHPSPFHANR,11195,True,10,
6911,RPPSAFIGPG,11195,True,10,
6912,MAPSRFIGAS,11195,True,10,
6913,QRPAQMWSAQ,11195,True,10,
6914,SGPSGRIATA,11195,True,10,
6915,PRPSAVMAMA,11195,True,10,
6916,GAPSAFTASG,11195,True,10,
6917,GVPSAVRGPG,11195,True,10,
6918,AQPRAVTASG,11195,True,10,
6919,HRPSAVWALF,11195,True,10,
6920,PAPRSWRGAW,11195,True,10,
6921,RAPAQMHGPY,11195,True,10,
6922,GAPSAVWASF,11195,True,10,
6923,RTPLGQISAH,11195,True,10,
6924,PRPSAVRSAS,11195,True,10,
6925,KPPWAVTGAR,11195,True,10,
6926,ANPVSFYSNH,11195,True,10,
6927,GRPSAFHSGY,11195,True,10,
6928,GAPRSRGAQF,11195,True,10,
6929,RQPYTLYSGS,11195,True,10,
6930,RQPFSNSGTG,11195,True,10,
6931,RWPAQVRGSR,11195,True,10,
6932,PIPASFLGLR,11195,True,10,
6933,TAPSAVHARI,11195,True,10,
6934,TWPATMRGWS,11195,True,10,
6935,HAPSNFRAHT,11195,True,10,
6936,RAPAQMYGPS,11195,True,10,
6937,FQPFKYRGQS,11195,True,10,
6938,APPSTLFSVA,11195,True,10,
6939,VYPGKMAGQY,11195,True,10,
6940,KQPSGMRGKT,11195,True,10,
6941,NPPRPYMGPV,11195,True,10,
6942,PAPHPFTSNL,11195,True,10,
6943,GRPAQVRGTQ,11195,True,10,
6944,RPPSGFLAIG,11195,True,10,
6945,RMPWTLWSNG,11195,True,10,
6946,RARKPVTARH,11195,True,10,
6947,RNPSAVLAWS,11195,True,10,
6948,RAVGAFHGNS,11195,True,10,
6949,TVPYQVRAMH,11195,True,10,
6950,EAPAQMRGWR,11195,True,10,
6951,RMPFHFQSNQ,11195,True,10,
6952,EAPARFTASG,11195,True,10,
6953,PVPVAVRGHI,11195,True,10,
6954,GRPSPFWSTG,11195,True,10,
6955,RAPVAFWGPK,11195,True,10,
6956,QPPHAFHSRA,11195,True,10,
6957,RAPRSFKGPQ,11195,True,10,
6958,GHPSPFVGHI,11195,True,10,
6959,GRPSAFKSRA,11195,True,10,
6960,MAPSGWTASG,11195,True,10,
6961,RPPLGFANHS,11195,True,10,
6962,WAPSAVWGEA,11195,True,10,
6963,TWPASMHSWL,11195,True,10,
6964,GRPSPFWGKA,11195,True,10,
6965,RQPSAVTASG,11195,True,10,
6966,GAPAPFWQIT,11195,True,10,
6967,SAPSTLVAWS,11195,True,10,
6968,RAPLPFTSGH,11195,True,10,
6969,KPPAQVWVAV,11195,True,10,
6970,VGPAPFIGNR,11195,True,10,
6971,VFGMPSMANC,11195,True,10,
6972,RPPSAFWGTG,11195,True,10,
6973,SGPSAVYGTA,11195,True,10,
6974,AYPSPFTGMF,11195,True,10,
6975,VGPSGFSVHG,11195,True,10,
6976,GRPFPFYGSK,11195,True,10,
6977,PVPSAVFNRY,11195,True,10,
6978,YQPFAQMTKT,11195,True,10,
6979,QPPWSYTASG,11195,True,10,
6980,HAPAKFRGKS,11195,True,10,
6981,MAPASFRGIQ,11195,True,10,
6982,VGPAPMLGNK,11195,True,10,
6983,GRPSAVTASG,11195,True,10,
6984,RAPSPFYGSH,11195,True,10,
6985,PGPWPQAGVG,11195,True,10,
6986,MKPAQMRGSG,11195,True,10,
6987,YGPSAVMGHW,11195,True,10,
6988,RQPRAVLGPT,11195,True,10,
6989,RAPSQFTGIG,11195,True,10,
6990,NSPSAVQSLS,11195,True,10,
6991,RVPVAFTSNT,11195,True,10,
6992,YRPSAFRALY,11195,True,10,
6993,RTPSAFGAPM,11195,True,10,
6994,APPSPFYGPG,11195,True,10,
6995,RKPFGATASG,11195,True,10,
6996,PAPSAFVARG,11195,True,10,
6997,VQPWAVTASG,11195,True,10,
6998,MGPQSYVGQG,11195,True,10,
6999,RPPGQMRGVQ,11195,True,10,
7000,RMPLGQWNHS,11195,True,10,
7001,MRPSAVHNWG,11195,True,10,
7002,RGPSAFKGLR,11195,True,10,
7003,RAPSAFTASG,11195,True,10,
7004,GTPRQVMGEF,11195,True,10,
7005,KGPHGFSAHR,11195,True,10,
7006,RAPLRFTASG,11195,True,10,
7007,QHPSPFPANG,11195,True,10,
7008,KNPSGVRAEH,11195,True,10,
7009,YAPSDYRGRW,11195,True,10,
7010,PTPSAFQGIV,11195,True,10,
7011,RKPSAQSAVL,11195,True,10,
7012,TAPQSVFNGG,11195,True,10,
7013,RTPSAFLGMG,11195,True,10,
7014,RQPRPFHGPL,11195,True,10,
7015,RAPAEVTASG,11195,True,10,
7016,AGPQSLYAIA,11195,True,10,
7017,KAPANFRGIQ,11195,True,10,
7018,HAPFGMFSWG,11195,True,10,
7019,GRPSAFWGKS,11195,True,10,
7020,AFPRGSTASG,11195,True,10,
7021,GFTRPVPMRY,11195,True,10,
7022,RGPKQVTASG,11195,True,10,
7023,GPPFSNIATR,11195,True,10,
7024,HRPSAWFAMF,11195,True,10,
7025,GPPRSMVGVY,11195,True,10,
7026,KRPVAFTASG,11195,True,10,
7027,WGPRSYFGAR,11195,True,10,
7028,GRPSAMRAVG,11195,True,10,
7029,GPPSAFYGKQ,11195,True,10,
7030,SAPFKYHGMY,11195,True,10,
7031,RAPASFTASG,11195,True,10,
7032,MFPAASYGKH,11195,True,10,
7033,SPPLGFTASG,11195,True,10,
7034,HRPEAYTGVH,11195,True,10,
7035,GRPRSLHGSQ,11195,True,10,
7036,VRPSGFHANS,11195,True,10,
7037,RGPFTMWGVH,11195,True,10,
7038,TRPAQMFSAG,11195,True,10,
7039,IAPMAVRVLH,11195,True,10,
7040,AQPFAVRGWA,11195,True,10,
7041,LGPAPMWAST,11195,True,10,
7042,RAPASHTASG,11195,True,10,
7043,FAPSGFYNAS,11195,True,10,
7044,QGPWSVRSMS,11195,True,10,
7045,MQPSAFTSNS,11195,True,10,
7046,NRPSAVLGQA,11195,True,10,
7047,TGPMQVLSQR,11195,True,10,
7048,VAPYPFQGIA,11195,True,10,
7049,WHPLGQIGHA,11195,True,10,
7050,KPPSGMTASG,11195,True,10,
7051,GKPRSYRGSH,11195,True,10,
7052,ATPSAFRGIG,11195,True,10,
7053,RRPASWLGPQ,11195,True,10,
7054,TPPSAFMGPS,11195,True,10,
7055,QAPLGFQGWH,11195,True,10,
7056,YAPSGFTASG,11195,True,10,
7057,RGPYPFYNMS,11195,True,10,
7058,PSPRQVYGPF,11195,True,10,
7059,AMPRQVIAQS,11195,True,10,
7060,KRPSAVTGTW,11195,True,10,
7061,TAPKWMSGPT,11195,True,10,
7062,MGPYPFMGMH,11195,True,10,
7063,GVPSAVFTAS,11195,True,10,
7064,GRPSAFTASG,11195,True,10,
7065,GMPHQFRGAR,11195,True,10,
7066,AGPAPMLGAR,11195,True,10,
7067,GTPLGFSGIV,11195,True,10,
7068,PGPAPFWSNG,11195,True,10,
7069,PAPRSYMGPS,11195,True,10,
7070,EPPVAFWSVG,11195,True,10,
7071,PHPSAVMAPA,11195,True,10,
7072,EPPYKFRGMH,11195,True,10,
7073,RVPSAIRSPS,11195,True,10,
7074,RQPRSLMSQH,11195,True,10,
7075,LSPLGFSVQK,11195,True,10,
7076,ANPSGVYNHI,11195,True,10,
7077,GVPSGVLTAS,11195,True,10,
7078,KRPVAYTGMK,11195,True,10,
7079,MHPSNFRGSR,11195,True,10,
7080,TAPKSLRGTW,11195,True,10,
7081,KMPLGFTASG,11195,True,10,
7082,QSPLGQRGAW,11195,True,10,
7083,GRPAQFRGHV,11195,True,10,
7084,FRPSGVFGGH,11195,True,10,
7085,HTPVEMVGSK,11195,True,10,
7086,AWPASFKNQG,11195,True,10,
7087,MPPSGWTASG,11195,True,10,
7088,AGPQPVRGWQ,11195,True,10,
7089,GKPSGVSTAS,11195,True,10,
7090,PNPSAFMSGW,11195,True,10,
7091,RGPSAYFARI,11195,True,10,
7092,TPPHVFTASG,11195,True,10,
7093,RSPLPFYSIH,11195,True,10,
7094,RKPAGVTASG,11195,True,10,
7095,GTPAQMHSRQ,11195,True,10,
7096,RAPLPVANGT,11195,True,10,
7097,KPPSGMKNAS,11195,True,10,
7098,TAPKQLVGPH,11195,True,10,
7099,TRPSAVLGPW,11195,True,10,
7100,GRPRAVTGAG,11195,True,10,
7101,VAPASVHGNQ,11195,True,10,
7102,RVPKGVASNA,11195,True,10,
7103,RGPGAMWGQK,11195,True,10,
7104,KVPSAVKANG,11195,True,10,
7105,RSPSPFWGIH,11195,True,10,
7106,MRPSGHRAEK,11195,True,10,
7107,KAPVAFHAVA,11195,True,10,
7108,GRPSAVYAIS,11195,True,10,
7109,RPPSAFMGPA,11195,True,10,
7110,MPPRSYWGHL,11195,True,10,
7111,TAPSAFYSNS,11195,True,10,
7112,AVPSAVTASG,11195,True,10,
7113,ARPSAFQAMQ,11195,True,10,
7114,PVPSPFWNHA,11195,True,10,
7115,RQPFAVRGTQ,11195,True,10,
7116,RVPSGVTASG,11195,True,10,
7117,VAPAEVHSTG,11195,True,10,
7118,RAPASFVAKI,11195,True,10,
7119,SAPAEVWGHG,11195,True,10,
7120,TAPSAFTASG,11195,True,10,
7121,SIPSAWAGAL,11195,True,10,
7122,AAPASVYGEQ,11195,True,10,
7123,CAPSKLMSVT,11195,True,10,
7124,RSPMSYWGQV,11195,True,10,
7125,PAPSGVMSAL,11195,True,10,
7126,ARPSPFWGPA,11195,True,10,
7127,LAPAHFWGEH,11195,True,10,
7128,GKPAPFSNKH,11195,True,10,
7129,ARPSASTASG,11195,True,10,
7130,TAPVGMWNGW,11195,True,10,
7131,SGPSAVYTAS,11195,True,10,
7132,DRVYELFGRL,11195,True,10,
7133,VGPSGWHATW,11195,True,10,
7134,GTPSAMHSGF,11195,True,10,
7135,NRPSPFWGRH,11195,True,10,
7136,PAPRSFTSTW,11195,True,10,
7137,RNPAQMANPG,11195,True,10,
7138,SPPLTHRATH,11195,True,10,
7139,QAPSPFWPKA,11195,True,10,
7140,TGPYRASGSA,11195,True,10,
7141,RPPVAFTASG,11195,True,10,
7142,GRPSAMAGWF,11195,True,10,
7143,HAPARFLGMW,11195,True,10,
7144,RMPLGQRGPY,11195,True,10,
7145,GRPSTFIGLA,11195,True,10,
7146,NKPSPFWGTH,11195,True,10,
7147,SYPASVWAST,11195,True,10,
7148,RAPSRFMGPH,11195,True,10,
7149,KQPASWRGQF,11195,True,10,
7150,LAPLHSTSNS,11195,True,10,
7151,RGPYPFTQHF,11195,True,10,
7152,RAPLKYWGLS,11195,True,10,
7153,NGPYAFRANA,11195,True,10,
7154,RKVASQMSPS,11195,True,10,
7155,TGPSAVWGVT,11195,True,10,
7156,RKPFTLYGHL,11195,True,10,
7157,WRPSAMTGWS,11195,True,10,
7158,HAPLNSYGTH,11195,True,10,
7159,PRPLAWTASG,11195,True,10,
7160,SGPVPFWNTA,11195,True,10,
7161,QAPAQVYGPG,11195,True,10,
7162,KYPASFWSAY,11195,True,10,
7163,SAPFKFIAWS,11195,True,10,
7164,SPPSAVWSQI,11195,True,10,
7165,KMPSGFWSKQ,11195,True,10,
7166,RAPSAFTASG,11195,True,10,
7167,ARPSAFTGVF,11195,True,10,
7168,STPAQVFGHV,11195,True,10,
7169,GVPWAVRSGA,11195,True,10,
7170,MTPRGQISGK,11195,True,10,
7171,ETPNAFAGSG,11195,True,10,
7172,KPPSAFHGKA,11195,True,10,
7173,TQPAPFIVAG,11195,True,10,
7174,MAPSAFSGMG,11195,True,10,
7175,GPPSAFRTAS,11195,True,10,
7176,VAPFLYRAGY,11195,True,10,
7177,ANPAQMRNSF,11195,True,10,
7178,QAPAPFWGQH,11195,True,10,
7179,RAPSAFWATW,11195,True,10,
7180,HRPRSYRGPG,11195,True,10,
7181,YAPGAFYGMG,11195,True,10,
7182,GMPWSQFTAS,11195,True,10,
7183,MSPKGVTASG,11195,True,10,known_sequence
7184,HEPFQMRSGF,11195,True,10,
7185,GSPRAVTASG,11195,True,10,
7186,HGPMAMFNIT,11195,True,10,
7187,RQPFHFLGRG,11195,True,10,
7188,GPRQRRLAIP,11195,True,10,
7189,STPFAFVGKA,11195,True,10,
7190,RAPSAFTSQF,11195,True,10,
7191,PHPSAVMGIH,11195,True,10,
7192,GMPWSVMATH,11195,True,10,
7193,RMPSGFWGNR,11195,True,10,
7194,YRPFSYMSPF,11195,True,10,
7195,TVPWAVWAVS,11195,True,10,
7196,PAPLGFHALH,11195,True,10,
7197,MGPWHVYAML,11195,True,10,
7198,MRPSAVHAGG,11195,True,10,
7199,GPPRQVRGTH,11195,True,10,
7200,RIPASFAGLF,10910,True,10,
7201,MLPRVLSGWA,10910,True,10,
7202,LFPLQYMGQK,10910,True,10,
7203,NRVLPSPNIL,10910,True,10,
7204,TAPKQVRNSQ,10910,True,10,
7205,RAPRCWISWL,10910,True,10,
7206,RAPVAFAGEA,10910,True,10,
7207,LTPKQTGPPG,10910,True,10,
7208,PFRVARFAFP,10910,True,10,
7209,WGPRAIHAPW,10910,True,10,
7210,DLPKWMIGHG,10910,True,10,
7211,RAPRTRSLPF,10910,True,10,
7212,FIPSAMKGRW,10910,True,10,
7213,IAPSGWSTIA,10910,True,10,
7214,STPKGQVGHY,10910,True,10,
7215,VPPRQVLGQS,10910,True,10,
7216,WQPVAYHGLF,10910,True,10,
7217,YRPRSWFSTA,10910,True,10,
7218,NPPYHLVAQY,10910,True,10,
7219,YPPRSWTATV,10910,True,10,
7220,MGPKFMRDTL,10910,True,10,
7221,YFPRGVRDIH,10910,True,10,
7222,RVPKLLWGSY,10910,True,10,
7223,FPPLGFKSMT,10910,True,10,
7224,AVTYALWGSG,10910,True,10,
7225,KHVSAVISPG,10910,True,10,
7226,RSPSGFTASG,10910,True,10,
7227,LPSVLGWVSQ,10910,True,10,
7228,QPPFGFSAPF,10910,True,10,
7229,PNPRSWRSGS,10910,True,10,
7230,KAPTALRSIC,10910,True,10,
7231,AEPRNYTGNR,10910,True,10,
7232,KAPMAYVGPA,10910,True,10,
7233,VPPFQLSGLQ,10910,True,10,
7234,VPPRQVSAEW,10910,True,10,
7235,YTPRGNWGPK,10910,True,10,
7236,NAPKGMVSGW,10910,True,10,
7237,RFPLKVLSNG,10910,True,10,
7238,WAPRGFQDVK,10910,True,10,
7239,KVPKEQYNLG,10910,True,10,
7240,AFPRPVYSNV,10910,True,10,
7241,QTPFGMTASG,10910,True,10,
7242,NTPSGWTASG,10910,True,10,
7243,LTPVEMYGTV,10910,True,10,
7244,WPPRVLQSIW,10910,True,10,
7245,VSPKGVHSQT,10910,True,10,
7246,HKPFAFWGAH,10910,True,10,
7247,HKPRGQVGWL,10910,True,10,
7248,NPPSPFTDNL,10910,True,10,
7249,PKPVSYYGPF,10910,True,10,
7250,AGPSGVWDWF,10910,True,10,
7251,YPRPRRAVTH,10910,True,10,
7252,YPPSAFKGPI,10910,True,10,
7253,RMPLGFYGMF,10910,True,10,
7254,IVPRQVAGWH,10910,True,10,
7255,NAPRAFTASG,10910,True,10,
7256,ARPAQVRGIV,10910,True,10,
7257,VRPRVLFAKG,10910,True,10,
7258,TVPKQVSAHL,10910,True,10,
7259,MQPRNVLGWI,10910,True,10,
7260,YPPRVMWGWG,10910,True,10,
7261,GQPRSWVGTF,10910,True,10,
7262,PRPSRFWNQA,10910,True,10,
7263,WQPRQVYSAQ,10910,True,10,
7264,RPPSGFTVNQ,10910,True,10,
7265,ARPEWMWGPY,10910,True,10,
7266,NQPISVWAQW,10910,True,10,
7267,AFVRAFYSNV,10910,True,10,
7268,HRVRAYQGPH,10910,True,10,
7269,VCPFGFYANA,10910,True,10,
7270,NYVRGMSGIH,10910,True,10,
7271,GPPRQVFSLV,10910,True,10,
7272,QWPSGWQSMK,10910,True,10,
7273,ASMWGLIGVR,10910,True,10,
7274,YRPADVGSEG,10910,True,10,
7275,RPVSDMIGTG,10910,True,10,
7276,TMPYLLKGPL,10910,True,10,
7277,ARPDQLYATY,10910,True,10,
7278,NAPKLLWGES,10910,True,10,
7279,RKPFRLQGIF,10910,True,10,
7280,AKPSRMRGWF,10910,True,10,
7281,TMPRGVSVGK,10910,True,10,
7282,MPPRQVRAEW,10910,True,10,
7283,WTPMQMYGPV,10910,True,10,
7284,VPPKSLIGPT,10910,True,10,
7285,KAPRQVTASG,10910,True,10,
7286,WSPISYIGQG,10910,True,10,
7287,CPPRTLVGQY,10910,True,10,
7288,TPPSAFSAGT,10910,True,10,
7289,RCPKGMTGNG,10910,True,10,
7290,PAPARFTGAG,10910,True,10,
7291,WAPKQVRGAK,10910,True,10,
7292,NRPFTLSDTL,10910,True,10,
7293,TEPRGNVGHH,10910,True,10,
7294,RVPYGVTASH,10910,True,10,
7295,SAPRQVRAEY,10910,True,10,
7296,SGPKGVTATA,10910,True,10,
7297,CQILGWTASG,10910,True,10,
7298,VPPSGVWYWG,10910,True,10,
7299,KPPKQVRANT,10910,True,10,
7300,PGPRSLFSWG,10910,True,10,
7301,VHRSPRGVPL,10910,True,10,
7302,IRPAQSWGVQ,10910,True,10,
7303,VAVWGIYGLW,10910,True,10,
7304,PGPSGYTYPR,10910,True,10,
7305,FSVWGVHAQT,10910,True,10,
7306,LSIWKLWGAR,10910,True,10,
7307,NMPRGQVSGT,10910,True,10,
7308,MLPVTMWSVA,10910,True,10,
7309,RYPRAVLSGF,10910,True,10,
7310,YPPRAFQGVT,10910,True,10,
7311,YVPRDVTGHY,10910,True,10,
7312,KPPKNVWAEG,10910,True,10,
7313,YCTQPKTASG,10910,True,10,
7314,WLPRAVKGRK,10910,True,10,
7315,KTPRVLSGHF,10910,True,10,
7316,KAPRVLFAGY,10910,True,10,
7317,TKPSGVQAPG,10910,True,10,
7318,HAPRQVWDVY,10910,True,10,
7319,NAPGSMWGLF,10910,True,10,
7320,PRPSAQNGET,10910,True,10,
7321,ARPRQYRGWH,10910,True,10,
7322,VGPSPFWSVG,10910,True,10,
7323,NEPRGSTGNF,10910,True,10,
7324,NHPSAVTASG,10910,True,10,
7325,MKPRSQWGNH,10910,True,10,
7326,RPPRVMWNWL,10910,True,10,
7327,FGPAQMKGPY,10910,True,10,
7328,PQPRSWTASG,10910,True,10,
7329,LAVIWMWGAY,10910,True,10,
7330,MWPSVLTASG,10910,True,10,
7331,WYVKGMYSMS,10910,True,10,
7332,TRPRGQVSNG,10910,True,10,
7333,RGPVAFWGPY,10910,True,10,
7334,TPPSGVTASG,10910,True,10,
7335,RAVRARIPEG,10910,True,10,
7336,RGPVAFYGQH,10910,True,10,
7337,VGPFRLSGHG,10910,True,10,
7338,FAPARMWSTA,10910,True,10,
7339,WTPRAGYAWY,10910,True,10,
7340,QVPRKVLGMV,10910,True,10,
7341,MAPKQFYGRA,10910,True,10,
7342,TRPRGQYSLS,10910,True,10,
7343,KYLATLTASG,10910,True,10,
7344,VTPRQVYTEA,10910,True,10,
7345,NGPSALKGNW,10910,True,10,
7346,IPPRVLAGPV,10910,True,10,
7347,FPPLNMTGMF,10910,True,10,
7348,ARPRGQPDTF,10910,True,10,
7349,LGPSGFAGAV,10910,True,10,
7350,VNPSGSWSLG,10910,True,10,
7351,QEPRNVLSQL,10910,True,10,
7352,ALPRAVHGEF,10910,True,10,
7353,CRPRQVRASL,10910,True,10,
7354,KRPRGQVSRW,10910,True,10,
7355,YNPRAVRGAS,10910,True,10,
7356,NRPAQMTGIG,10910,True,10,
7357,SMGRPLKGNT,10910,True,10,
7358,GVPRAVKGHY,10910,True,10,
7359,HRQAGMTVPR,10910,True,10,
7360,SQPRSWAGMW,10910,True,10,
7361,RPVLSQYWEL,10910,True,10,
7362,RAPVAFWAVQ,10910,True,10,
7363,KIPRSVLSGY,10910,True,10,
7364,SPPKGVHAQS,10910,True,10,
7365,NVLMGQIGNS,10910,True,10,
7366,NSPLAFHAPR,10910,True,10,
7367,VPPREVYSEA,10910,True,10,
7368,VPPFGFTASG,10910,True,10,
7369,TSPMGFTYPI,10910,True,10,
7370,SGPSGWHSTA,10910,True,10,
7371,MVPKGVWSGI,10910,True,10,
7372,VFPSGQVTMK,10910,True,10,
7373,RKWLAYFGQI,10910,True,10,
7374,MWPRQLYAMN,10910,True,10,
7375,NFPVAFTGTF,10910,True,10,
7376,HSPRGQVHGL,10910,True,10,
7377,NFPRQVLAPG,10910,True,10,
7378,GTPRVLYAQF,10910,True,10,
7379,LGPSGMYVMF,10910,True,10,
7380,APRNVLWYGA,10910,True,10,
7381,RVPVPMHGMR,10910,True,10,
7382,FNPVSMWNPF,10910,True,10,
7383,WVPRQVYNEV,10910,True,10,
7384,NWPSGMTASG,10910,True,10,
7385,NGPYKLTGMR,10910,True,10,
7386,TPPVELIGPA,10910,True,10,
7387,NIPSWSLSEV,10910,True,10,
7388,SKPSGWTVTS,10910,True,10,
7389,VYPRAHSYKH,10910,True,10,
7390,YDPLGQISPG,10910,True,10,
7391,AQPRQVLAPF,10910,True,10,
7392,FGPMWIWARA,10910,True,10,
7393,NSRLKWYGSP,10910,True,10,
7394,GAPRSMWGHV,10910,True,10,
7395,YRPAGQFAPV,10910,True,10,
7396,TKPLNFTASG,10910,True,10,
7397,IAPSRFVNWI,10910,True,10,
7398,TAPINFHGMA,10910,True,10,
7399,WRPSAFWGGL,10910,True,10,
7400,VKPQRMRGNH,10910,True,10,
7401,AHPIQLWGHQ,10910,True,10,
7402,MTPRQGYNHG,10910,True,10,
7403,RPPSGMHGMV,10910,True,10,
7404,THPVGMTASG,10910,True,10,
7405,CHPRQVTASG,10910,True,10,
7406,HATLWMASEH,10910,True,10,
7407,PFPAGFPAHA,10910,True,10,
7408,AIPRPVFDMA,10910,True,10,
7409,IAPRSLRVHR,10910,True,10,
7410,RQPRGNTGAV,10910,True,10,
7411,KTPLGQISWR,10910,True,10,
7412,VTPLGQSTNP,10910,True,10,
7413,GMPRGVHSIG,10910,True,10,
7414,GQPRGFTGKW,10910,True,10,
7415,RPPIQMWSTF,10910,True,10,
7416,GPPSAFKGHQ,10910,True,10,
7417,IVPRQVIAGR,10910,True,10,
7418,PAPRFLYGTL,10910,True,10,
7419,PDPRQVRSER,10910,True,10,
7420,SIPWSVRSIW,10910,True,10,
7421,TPPKQVRGTG,10910,True,10,
7422,RPPSGVWGEH,10910,True,10,
7423,GVPSGWYDPL,10910,True,10,
7424,FSPMGQIVPT,10910,True,10,
7425,VHPKVLWAPL,10910,True,10,
7426,DAPYRNVARV,10910,True,10,
7427,GRPRGFSGSG,10910,True,10,
7428,WPRNRRTAPQ,10910,True,10,
7429,AMPKQVFAGL,10910,True,10,
7430,RQPRQVIGRY,10910,True,10,
7431,FIPFPFTASG,10910,True,10,known_sequence
7432,VYPKSLYATS,10910,True,10,
7433,DGPYPMVHIY,10910,True,10,
7434,DPHFAPLGHT,10910,True,10,
7435,KAPAFLWGWS,10910,True,10,
7436,YPPRGQVKSV,10910,True,10,
7437,AFPRGQVPRG,10910,True,10,
7438,GKPRGVSTAS,10910,True,10,
7439,WGPWFMRGGQ,10910,True,10,
7440,GAPRASTGAY,10910,True,10,
7441,PHPSWVMVWY,10910,True,10,
7442,SGPFGFMATA,10910,True,10,
7443,LMPRGQTASG,10910,True,10,
7444,TPVSWLTAGY,10910,True,10,
7445,QHPIGLYGLS,10910,True,10,
7446,KNPWGVYAWL,10910,True,10,
7447,HPPRGVSDWL,10910,True,10,
7448,YFPRGVGAQY,10910,True,10,
7449,FAVRALSSAH,10910,True,10,
7450,AGPSGWTASG,10910,True,10,
7451,TDPKQLYSGH,10910,True,10,
7452,APKRTRPLAL,10910,True,10,
7453,QTPKGMVSMR,10910,True,10,
7454,QDPRGQVMGR,10910,True,10,
7455,ARPRGQIGSR,10910,True,10,
7456,TWPKGMFSVS,10910,True,10,
7457,WTPKGMYSRH,10910,True,10,
7458,KAIPWSFGHT,10910,True,10,
7459,VWPRSWFARG,10910,True,10,
7460,KIPTSLFAPK,10910,True,10,
7461,FMPFDGASGA,10910,True,10,
7462,IQPRTMLGQY,10910,True,10,
7463,DFPRGTAEGY,10910,True,10,
7464,SEPRNVLGVA,10910,True,10,
7465,TRPRVLYGMG,10910,True,10,
7466,FTPYGQVAIQ,10910,True,10,
7467,QAPRVLTGRT,10910,True,10,
7468,AVPSAMFSPF,10910,True,10,
7469,RSRQARIVQP,10910,True,10,
7470,FAYKPRPIPG,10910,True,10,
7471,PVRNPRVSIP,10910,True,10,
7472,HMPRQVSANF,10910,True,10,
7473,GRPFGLSTAS,10910,True,10,
7474,FSPLGQISQG,10910,True,10,
7475,VPPMQVWATQ,10910,True,10,
7476,VKIPTSPMLY,10910,True,10,
7477,KAPLTKVGRK,10910,True,10,
7478,PRPASWTASQ,10910,True,10,
7479,HLPTGLFSQY,10910,True,10,
7480,FNPREVTASG,10910,True,10,
7481,PFPRWLTASG,10910,True,10,
7482,HGPYGMRSKS,10910,True,10,
7483,RHPFGFASTY,10910,True,10,
7484,ARPRDVASPF,10910,True,10,
7485,YQPRGQLTLF,10910,True,10,
7486,YMPRVMLGMH,10910,True,10,
7487,VAPRVLIGAF,10910,True,10,
7488,GRTRWLHGQS,10910,True,10,
7489,KQPRGNTVGL,10910,True,10,
7490,RMPRQVLANW,10910,True,10,
7491,REPRNVRGSF,10910,True,10,
7492,YVPRAVLAGK,10910,True,10,
7493,KAPAQVRGAG,10910,True,10,
7494,GYPSKLYSQI,10910,True,10,
7495,TSPRTLTVEH,10910,True,10,
7496,FHPVAFQSTH,10910,True,10,
7497,FAPAEVHGIG,10910,True,10,
7498,QRPAQAGYNA,10910,True,10,
7499,RVPKLLWSEG,10910,True,10,
7500,RPPKQLIGAV,10910,True,10,
7501,YSPSGWRGAT,10910,True,10,
7502,HYPRAFSGMW,10910,True,10,
7503,APRPRRPGSP,10910,True,10,
7504,PIRPARENPH,10910,True,10,
7505,GMPRQVTASG,10910,True,10,
7506,LPPKLLYANA,10910,True,10,
7507,FMPRQVRAWR,10910,True,10,
7508,QWPKQMRSKF,10910,True,10,
7509,TPPKGFTQMS,10910,True,10,
7510,QTPMQYRSMS,10910,True,10,
7511,MYPTAFYGMG,10910,True,10,
7512,SRPRTFMGWV,10910,True,10,
7513,HTPRQVKGHF,10910,True,10,
7514,RAPRTLYGHR,10910,True,10,
7515,DAPKQVHARH,10910,True,10,
7516,HAPLNFQGTW,10910,True,10,
7517,RFLKPLVGNG,10910,True,10,
7518,AGPRSYIGPL,10910,True,10,
7519,PKPRPVTASG,10910,True,10,
7520,GFPRTLVGIY,10910,True,10,
7521,RVPVGMVGHY,10910,True,10,
7522,TMPRQVSTWY,10910,True,10,
7523,MYPQAFHGHT,10910,True,10,
7524,PKPSGVYAVT,10910,True,10,
7525,TVPRQVTASG,10910,True,10,
7526,CKPRDVYDWY,10910,True,10,
7527,WVPKGFTASG,10910,True,10,
7528,KRPRGVYSEG,10910,True,10,
7529,RGPKLIHGWH,10910,True,10,
7530,MCVMGMRGNI,10910,True,10,
7531,SGPWGMTATA,10910,True,10,
7532,GMPLGYHGVS,10910,True,10,
7533,VERPIRFAGP,10910,True,10,
7534,RAPRSMWSTV,10910,True,10,
7535,QPPKQLFGPW,10910,True,10,
7536,HPPRQVIGPY,10910,True,10,
7537,WPARAFTASG,10910,True,10,
7538,MPAGRLWAWN,10910,True,10,
7539,YGPRPVTASG,10910,True,10,
7540,GSPRAVYTAS,10910,True,10,
7541,TVPRTLAGQH,10910,True,10,
7542,HKPSAVFAGY,10910,True,10,
7543,VRPSWVWGIA,10910,True,10,
7544,PAPRSYWGLG,10910,True,10,
7545,HVPRQVSGSH,10910,True,10,
7546,LTPVGMYGAK,10910,True,10,
7547,TPPKLLSGAF,10910,True,10,
7548,SVPSKLYGNW,10910,True,10,
7549,PWPRPQGVIY,10910,True,10,
7550,IYPWKVRSIG,10910,True,10,
7551,YQPYGMKTIF,10910,True,10,
7552,MDPRGVFSWT,10910,True,10,
7553,VFPVAFAGTW,10910,True,10,
7554,QAPRRFTGTL,10910,True,10,
7555,VRPRTVWGAY,10910,True,10,
7556,CSPRDFTGGT,10910,True,10,
7557,MWPREVASAW,10910,True,10,
7558,ITPIELHGTY,10910,True,10,
7559,FMPKQMRSPF,10910,True,10,
7560,QRPRAVRSLG,10910,True,10,
7561,RMPRQVSATF,10910,True,10,
7562,KGPYPFLAQW,10910,True,10,
7563,WGPYGMFATV,10910,True,10,
7564,QRPREVTASG,10910,True,10,
7565,PWPVPMWNIH,10910,True,10,
7566,HTPISLISHY,10910,True,10,
7567,MWVFGIYSMG,10910,True,10,
7568,YRPRGQVGAV,10910,True,10,
7569,HGPASMWGNW,10910,True,10,
7570,IWPRELTGHW,10910,True,10,
7571,APRVYRPVPE,10910,True,10,
7572,SAPRTYWALF,10910,True,10,
7573,PVPKGVFAQI,10910,True,10,
7574,RLPKLLHSGF,10910,True,10,
7575,SYPRGVQSTG,10910,True,10,
7576,VAPRPVWGMA,10910,True,10,
7577,YGVIPLWGQF,10910,True,10,
7578,VPPRQVLGQW,10910,True,10,
7579,CAPATMSGRW,10910,True,10,
7580,KWPVGMVGMH,10910,True,10,
7581,GMPRAVHSHK,10910,True,10,
7582,RPPRGSVSPV,10910,True,10,
7583,EPGRANTPSG,10910,True,10,
7584,RFPAWMIGVK,10910,True,10,
7585,GMPRQVTGRW,10910,True,10,
7586,SRPRTLFDHY,10910,True,10,
7587,AQPLVFTSEW,10910,True,10,
7588,RRPAQMHGVK,10910,True,10,
7589,RTPGQMYTWY,10910,True,10,
7590,YMPRQVLAVG,10910,True,10,
7591,PWPRELKTPI,10910,True,10,
7592,WPWFCRAVQL,10910,True,10,
7593,TKPSGVYGTW,10910,True,10,
7594,CPPKQLTAWK,10910,True,10,
7595,PFPKQVRGSH,10910,True,10,
7596,NRVYGVTASG,10910,True,10,
7597,HPPSGWIAMS,10910,True,10,
7598,LNPGRMTSAT,10910,True,10,
7599,TPPRGVQDQF,10910,True,10,
7600,NWPKGMRSNH,6857,True,10,
7601,WFPRGQVSKT,6857,True,10,
7602,GLPTAFRVHY,6857,True,10,
7603,TRPAQHAGTW,6857,True,10,
7604,VMLRSHYAQF,6857,True,10,
7605,GVPRVVRGAH,6857,True,10,
7606,QWPRHWISVT,6857,True,10,
7607,VSPRQLKGNI,6857,True,10,
7608,LMPRQVGALA,6857,True,10,
7609,WTPRGNYSRG,6857,True,10,
7610,HPPRSWSGQL,6857,True,10,
7611,KARTNMNQRI,6857,True,10,
7612,IVSRAWFSQT,6857,True,10,
7613,PSPRYIRANK,6857,True,10,
7614,TLPAHVQGMH,6857,True,10,
7615,TFPRGSTVHV,6857,True,10,
7616,MTPKGMRTHW,6857,True,10,
7617,KTPRGSIYMK,6857,True,10,
7618,DAPYGHFAMT,6857,True,10,
7619,TPVGWMNDVG,6857,True,10,
7620,WAPGSMYSPY,6857,True,10,
7621,WGPKAMRGNR,6857,True,10,
7622,WSPLGQIGIH,6857,True,10,
7623,GLPVPMWSPA,6857,True,10,
7624,FMPSGMHSQF,6857,True,10,
7625,WAPSGMLSAW,6857,True,10,
7626,AWPRELFGKW,6857,True,10,
7627,YWPRGQVGNA,6857,True,10,
7628,GVPRASTASG,6857,True,10,
7629,VTPIELHSPG,6857,True,10,
7630,VTPMGWISPS,6857,True,10,
7631,EQAMGMHGPG,6857,True,10,
7632,FIPRAVTASG,6857,True,10,
7633,NRVLGVKSWQ,6857,True,10,
7634,EVARAWIAWH,6857,True,10,
7635,VPPRVLYAVI,6857,True,10,
7636,ATPVGMFGPI,6857,True,10,
7637,HAPRYWMANA,6857,True,10,
7638,PSPVQSTASG,6857,True,10,
7639,VIWLACFGPW,6857,True,10,
7640,DRVLAVFGTK,6857,True,10,
7641,VIPRPVLGPG,6857,True,10,
7642,VTPSGNFVLY,6857,True,10,
7643,IVPRPVHANY,6857,True,10,
7644,VQPRTLHAEK,6857,True,10,
7645,ALPVAFHSQG,6857,True,10,
7646,AQIQSMKGWR,6857,True,10,
7647,IPHRSLAGNM,6857,True,10,
7648,VPPRQVRTWR,6857,True,10,
7649,SGPRDIHGTA,6857,True,10,
7650,VGPRVLGSWG,6857,True,10,
7651,NRPYGLNGRG,6857,True,10,
7652,HYPRGSYSAF,6857,True,10,
7653,DYWSPASTPH,6857,True,10,
7654,PIPRPVTAHG,6857,True,10,
7655,KTPVGMYGNA,6857,True,10,
7656,VTPRYWIGIG,6857,True,10,
7657,EPPKGVRATW,6857,True,10,
7658,VQPRGNTASG,6857,True,10,
7659,STPRGQTASG,6857,True,10,
7660,WQPRSWIAVT,6857,True,10,
7661,PFPRLYFSKF,6857,True,10,
7662,IGPESMWGEF,6857,True,10,
7663,GYVKGMRSWS,6857,True,10,
7664,TVPRQVYAMG,6857,True,10,
7665,VIPRPVTASG,6857,True,10,
7666,SGVRGMLGTA,6857,True,10,
7667,LNPKQVRASK,6857,True,10,
7668,TAPKLSWAMY,6857,True,10,
7669,CHPIHLWSGH,6857,True,10,
7670,GTPRSYIGIH,6857,True,10,
7671,MRPRSWSASG,6857,True,10,
7672,RAPLPVWGPT,6857,True,10,
7673,VHVRAVRGEH,6857,True,10,
7674,CMPRGQVDRI,6857,True,10,
7675,ERPSAMPGQV,6857,True,10,
7676,SPARDLMSPK,6857,True,10,
7677,GAPRSWKTAS,6857,True,10,
7678,MVPKGMQDSV,6857,True,10,
7679,KDWAPLYSPT,6857,True,10,
7680,TVPVAWKSTH,6857,True,10,
7681,MAPRGVWSNR,6857,True,10,
7682,PAVRAVTASG,6857,True,10,
7683,VTPRSWRGWI,6857,True,10,
7684,YLPKGVTADQ,6857,True,10,
7685,RHPRSMHGMK,6857,True,10,
7686,YNPRGNVGVA,6857,True,10,
7687,GSPRGSAYSV,6857,True,10,
7688,SAGFPALINY,6857,True,10,
7689,VAPRQVSAHI,6857,True,10,
7690,AEPRNVHGTK,6857,True,10,
7691,NYPRFLTGVG,6857,True,10,
7692,TCPRQLAGPQ,6857,True,10,
7693,LQPRGVSAMR,6857,True,10,
7694,GATRGMWTAS,6857,True,10,
7695,HRPRGQVTWF,6857,True,10,
7696,ITPRNYIGVQ,6857,True,10,
7697,AGPRAVKGWA,6857,True,10,
7698,PRPRSWTAHH,6857,True,10,
7699,SRPRTMHGTG,6857,True,10,
7700,FEPRNVTQKR,6857,True,10,
7701,TPTLAMWGQR,6857,True,10,
7702,RTPRQWTAIV,6857,True,10,
7703,TVPRAWVTAH,6857,True,10,
7704,HPARGMQGNY,6857,True,10,
7705,MAPRQVRGHT,6857,True,10,
7706,DEPRDWRGAF,6857,True,10,
7707,VLPRAVKGMH,6857,True,10,
7708,WPPSAFWGIQ,6857,True,10,
7709,STPKGMYGAT,6857,True,10,
7710,TMPRQVLGTS,6857,True,10,
7711,MWPRAFVAPA,6857,True,10,
7712,SNVRNWTASG,6857,True,10,
7713,KPVYGLVDQS,6857,True,10,
7714,YEPLGYKNPG,6857,True,10,
7715,SQPRGVQGWG,6857,True,10,
7716,VAPRTLVGMA,6857,True,10,
7717,YGPKGMTASG,6857,True,10,
7718,PMARAFSGMH,6857,True,10,
7719,AFPRAFHSWQ,6857,True,10,
7720,HVPRQVSTAS,6857,True,10,
7721,VQPKGVQSIG,6857,True,10,
7722,TKPSGQVAVF,6857,True,10,
7723,EPVRGMHGRT,6857,True,10,
7724,TPKYLGPLPL,6857,True,10,
7725,PYPRKVWAQI,6857,True,10,
7726,VGPRVLQASV,6857,True,10,
7727,LQPRGVQAQT,6857,True,10,
7728,GRPRSPKGHM,6857,True,10,
7729,WMPRGQLSFS,6857,True,10,
7730,WSPGFMKHPK,6857,True,10,
7731,RSPLGQIVAF,6857,True,10,
7732,YFPRGVKASA,6857,True,10,
7733,GQPRGNTGKH,6857,True,10,
7734,RTPLGQMNTG,6857,True,10,
7735,PTPRGNLAPW,6857,True,10,
7736,YGPRGMGTQY,6857,True,10,
7737,TMPKGVQSPW,6857,True,10,
7738,NQPINFLAHV,6857,True,10,
7739,DPRNARAICT,6857,True,10,
7740,GSPRGQYTAS,6857,True,10,
7741,YPKPVGHYSI,6857,True,10,
7742,NAPRGFSAIG,6857,True,10,
7743,RYPRGQSGPT,6857,True,10,
7744,PTPRGNVGEF,6857,True,10,
7745,QHPRGVHSPI,6857,True,10,
7746,TWPVGMWSWG,6857,True,10,
7747,SAPLGIWSHY,6857,True,10,
7748,MRPRGQLDSL,6857,True,10,
7749,GRPRGNVARY,6857,True,10,
7750,TRPKGVTASG,6857,True,10,
7751,KSPRKFYGMH,6857,True,10,
7752,AHPRSWIGSQ,6857,True,10,
7753,CPERVPDQFG,6857,True,10,
7754,EMPRGAQGAY,6857,True,10,
7755,MLRALCTAIQ,6857,True,10,
7756,LMPRQVSGTH,6857,True,10,
7757,AWPRAFKAIY,6857,True,10,
7758,AWPRGNLVPF,6857,True,10,
7759,SYPRAFADIF,6857,True,10,
7760,QSPRKFRVGF,6857,True,10,
7761,LYICYKASMA,6857,True,10,
7762,PKPRGSTASG,6857,True,10,
7763,LGYLHVTASG,6857,True,10,
7764,CWPRSLIAHW,6857,True,10,
7765,GMPRGSTDMG,6857,True,10,
7766,YGPRPVAVPD,6857,True,10,
7767,TMPRVLIAGT,6857,True,10,
7768,GRPRQVYAGR,6857,True,10,
7769,QARPTRVHGP,6857,True,10,
7770,HSPVQMYGQG,6857,True,10,
7771,NIPFYMKSKG,6857,True,10,
7772,QAPRGSAGTA,6857,True,10,
7773,WKPRGNTAMT,6857,True,10,
7774,RWPVGMRSHS,6857,True,10,
7775,NRPVNMLGAH,6857,True,10,
7776,MSPKGSTASG,6857,True,10,
7777,HRPRGNVGRV,6857,True,10,
7778,GNPRGQYQGI,6857,True,10,
7779,KEVRGMYGMT,6857,True,10,
7780,RSPVAFHVTG,6857,True,10,
7781,YAPRSFSQWV,6857,True,10,
7782,GPGRCVMGEI,6857,True,10,
7783,EYPRAFGAIG,6857,True,10,
7784,HQPEWMIGAQ,6857,True,10,
7785,TIPRPVSAMS,6857,True,10,
7786,RFKQFRCMIS,6857,True,10,
7787,MNPAWMSGLA,6857,True,10,
7788,WFPRGVSTGH,6857,True,10,
7789,PTWFHMTSQF,6857,True,10,
7790,PTPRGNTGNH,6857,True,10,
7791,MQPRGQLFNK,6857,True,10,
7792,VNPLGQSGMT,6857,True,10,
7793,FWPSRFTASG,6857,True,10,
7794,VTSRPLISVL,6857,True,10,
7795,EAPSGWLVIG,6857,True,10,
7796,ASPVAMHGWF,6857,True,10,
7797,DVPRLQTASG,6857,True,10,
7798,HTPRGNTVLT,6857,True,10,
7799,MAPRWLSGML,6857,True,10,
7800,TAPKGVTGNG,6857,True,10,
7801,EMPRGNQGHI,6857,True,10,
7802,INPRGVSDET,6857,True,10,
7803,QMVRGVQGSG,6857,True,10,
7804,TVPKLLYSGQ,6857,True,10,
7805,ISPSAVLALF,6857,True,10,
7806,GDVRGVTASG,6857,True,10,
7807,SFPRVLYDHS,6857,True,10,
7808,QAPRAFVDPG,6857,True,10,
7809,NTPRGNTVKI,6857,True,10,
7810,HTPRGNFGNG,6857,True,10,
7811,LKPRPVYAMY,6857,True,10,
7812,YRPRGVLAGH,6857,True,10,
7813,HPVGWMYGAS,6857,True,10,
7814,GHPRSWYDPG,6857,True,10,
7815,VFPGSMKAIY,6857,True,10,
7816,FKPRQVTASG,6857,True,10,
7817,RVPVGMYSEA,6857,True,10,
7818,MGPRSWIGVT,6857,True,10,
7819,GVGRALTASG,6857,True,10,
7820,IVPRTVSAQG,6857,True,10,
7821,SRPVYLWSMH,6857,True,10,
7822,RYPRPVMGIA,6857,True,10,
7823,DVPRGVQANS,6857,True,10,
7824,QFPRGVRSQA,6857,True,10,
7825,GMPRQVRDMF,6857,True,10,
7826,RLGRALWGAK,6857,True,10,
7827,NLPTGLSDHG,6857,True,10,
7828,CRPSWVMDVF,6857,True,10,
7829,IQPKSLGGQR,6857,True,10,
7830,SAPKGMGDMQ,6857,True,10,
7831,YWPRGMADIT,6857,True,10,
7832,FTPFGFQTNR,6857,True,10,
7833,RSPVAYTASG,6857,True,10,
7834,GKPRGQVTAS,6857,True,10,
7835,ARPRSWVGEW,6857,True,10,
7836,HTVRGMIGRW,6857,True,10,
7837,ERPGWMWGIY,6857,True,10,
7838,FTPRGNQGPK,6857,True,10,
7839,NEPRSWATGW,6857,True,10,
7840,NQPGAMKAPF,6857,True,10,
7841,GEPRNVYTAS,6857,True,10,
7842,WFPRSHTASG,6857,True,10,
7843,SVPSGVFVAI,6857,True,10,
7844,QFPKQVRAVR,6857,True,10,
7845,MAPVAFLGPS,6857,True,10,
7846,LVPRSVTASG,6857,True,10,
7847,HWPRGQVTQK,6857,True,10,
7848,MVPRQVSGQY,6857,True,10,
7849,LAPKWMQGNG,6857,True,10,
7850,PNRPGRLFGQ,6857,True,10,
7851,YCVRGMHATY,6857,True,10,
7852,VAPRLYQSMY,6857,True,10,
7853,QTPVGMRSGH,6857,True,10,
7854,FIPRAVQAIG,6857,True,10,
7855,DPVYGLRSGV,6857,True,10,
7856,IGPASWVAGQ,6857,True,10,
7857,VPPRVLFGRK,6857,True,10,
7858,SAGRPLMGVI,6857,True,10,
7859,RAPRVLWSHT,6857,True,10,
7860,WAPSHWAGHT,6857,True,10,
7861,GNPYGMATAS,6857,True,10,
7862,WIPNAFVAKQ,6857,True,10,
7863,ITPRSWTASG,6857,True,10,
7864,PQPRGNHGST,6857,True,10,
7865,ELTRAMYGWH,6857,True,10,
7866,LYPRWITDHI,6857,True,10,
7867,RLPINLHGNQ,6857,True,10,
7868,TMPRQVQSPF,6857,True,10,
7869,EIPAWMRGLY,6857,True,10,
7870,FRPRQVTGHG,6857,True,10,
7871,SPPRNVLAWR,6857,True,10,
7872,VPYLYIKAWA,6857,True,10,
7873,MRVRFLHGWT,6857,True,10,
7874,LTPTGLKGPS,6857,True,10,
7875,AVARAWTASG,6857,True,10,
7876,MWPRGWLGKF,6857,True,10,
7877,LRGLAMVGPT,6857,True,10,
7878,RVPRGVLGQH,6857,True,10,
7879,QRPRGQVAWL,6857,True,10,
7880,TQPKGMVGAF,6857,True,10,
7881,IYPKGMQSGP,6857,True,10,
7882,GWPRELSTAS,6857,True,10,
7883,WGVSGMISWH,6857,True,10,
7884,GMPRAVRTAS,6857,True,10,
7885,QPVWGIHYIR,6857,True,10,
7886,RLPVAITDVG,6857,True,10,
7887,GQPRGSYDRH,6857,True,10,
7888,RNPSAFTASG,6857,True,10,
7889,FYPRPFTASG,6857,True,10,
7890,RAPVAFMGWM,6857,True,10,
7891,VWPRGSQDTL,6857,True,10,
7892,WCVRFLHGNR,6857,True,10,
7893,WPHGSLKGAP,6857,True,10,
7894,WTPRGWVAKG,6857,True,10,
7895,LAPRTFIGHW,6857,True,10,
7896,MGPRAVTGRG,6857,True,10,
7897,VRPRGSTASG,6857,True,10,
7898,SDPVGMYTNG,6857,True,10,
7899,NPPKGFQARS,6857,True,10,
7900,RYPVNMWSRG,6857,True,10,
7901,PQRVSRSLDR,6857,True,10,
7902,ITPVGNFDPF,6857,True,10,
7903,IVPSGKVSNH,6857,True,10,
7904,QEPRNVKGTV,6857,True,10,
7905,QAPRAFHSQF,6857,True,10,
7906,VFPRGFRGIA,6857,True,10,
7907,LMPRGYHSAH,6857,True,10,
7908,YHVAGVNGIH,6857,True,10,
7909,GYICHIWAIE,6857,True,10,
7910,SCSLALVSVT,6857,True,10,
7911,ALAIPIPSKG,6857,True,10,
7912,LAPRYWHSNS,6857,True,10,
7913,RMPRGQVSGQ,6857,True,10,
7914,TNPRGVSAWG,6857,True,10,
7915,IPPRVLVDHV,6857,True,10,
7916,DRVLPLWGNK,6857,True,10,
7917,TAPKLLYDTF,6857,True,10,
7918,PTPRSWTASG,6857,True,10,
7919,GMPVGMASRG,6857,True,10,
7920,PFPRKITASG,6857,True,10,
7921,NAPVGMYNLR,6857,True,10,
7922,YTPRGQGVHG,6857,True,10,
7923,IAPRKFTSNA,6857,True,10,
7924,WPHGSLWGSG,6857,True,10,
7925,YTPRAMKGSH,6857,True,10,
7926,SKARAMKANA,6857,True,10,
7927,TVPRPWRAPY,6857,True,10,
7928,RMPRGVADMI,6857,True,10,
7929,GCVRGMYSVL,6857,True,10,
7930,NTPRSLYNWV,6857,True,10,
7931,TSPGWMHGPY,6857,True,10,
7932,SMPRNQKGWI,6857,True,10,
7933,HSPLGITVWD,6857,True,10,
7934,HTPRGQVAWV,6857,True,10,
7935,DFPMAYQGSR,6857,True,10,
7936,VRPRTLYGIR,6857,True,10,
7937,ANPRPVISES,6857,True,10,
7938,DRPRQVRTPR,6857,True,10,
7939,FNITGIYSPI,6857,True,10,
7940,TSPKGVKSNQ,6857,True,10,
7941,ESPRWLTASG,6857,True,10,
7942,RGPYGMWGIH,6857,True,10,
7943,WSPRGNTASG,6857,True,10,
7944,AFPRGNRTVI,6857,True,10,
7945,WHPKGMYAMY,6857,True,10,
7946,NIVRGMTASG,6857,True,10,
7947,GHPRSHLAHT,6857,True,10,
7948,FRPGPMWYTW,6857,True,10,
7949,GPPRVLTGVR,6857,True,10,
7950,MPVYGMYGHG,6857,True,10,
7951,FIPFWSYATK,6857,True,10,
7952,SNPRGVTASG,6857,True,10,
7953,RSPRSYMGNQ,6857,True,10,
7954,PWPRELKSGL,6857,True,10,
7955,SYPVAFLDPK,6857,True,10,
7956,QLPKSLHAHF,6857,True,10,
7957,ADPRAVKGPH,6857,True,10,
7958,QSPRMLFGQH,6857,True,10,
7959,PVRNRYADHA,6857,True,10,
7960,CPGRALHTRP,6857,True,10,
7961,TMPRSHMGNY,6857,True,10,
7962,GFVHMLHGTV,6857,True,10,
7963,VTPRGQYGMK,6857,True,10,
7964,YLPRVLYGPG,6857,True,10,
7965,TTPIELYARF,6857,True,10,
7966,ATPRQWIAPI,6857,True,10,
7967,IMPRSYLARS,6857,True,10,
7968,PGPRSLVSHY,6857,True,10,
7969,CNPKGMTGTI,6857,True,10,
7970,MVPKWLSAGF,6857,True,10,
7971,DTVRGMWTGY,6857,True,10,
7972,NQPVAFVAHM,6857,True,10,
7973,VKPGWMAGPH,6857,True,10,
7974,SRPRGQVFTG,6857,True,10,
7975,GWPSGWQSIA,6857,True,10,
7976,PQPRGVADVG,6857,True,10,
7977,TPPVSMHTPF,6857,True,10,
7978,RSPRNYSGWA,6857,True,10,
7979,RQPLGISDQG,6857,True,10,
7980,REPRNVRAMI,6857,True,10,
7981,YNVRGMHGPK,6857,True,10,
7982,VRPRSYIGVK,6857,True,10,
7983,NGPLGFTASG,6857,True,10,
7984,FRPRGQDGIV,6857,True,10,
7985,APVRAHAGMY,6857,True,10,
7986,VMPVGFYSES,6857,True,10,
7987,GRPRGTYVIR,6857,True,10,
7988,TAPKGVKVQY,6857,True,10,
7989,APYVPCFPLT,6857,True,10,
7990,HGTSPGWVLQ,6857,True,10,
7991,PDPRGNIGQG,6857,True,10,
7992,EWVMGMYGHT,6857,True,10,
7993,HKPRGVIGKH,6857,True,10,
7994,RAPVAFHAMH,6857,True,10,
7995,GTPRGYSGMK,6857,True,10,
7996,HQPRGNTSQV,6857,True,10,
7997,AIPRPVASTG,6857,True,10,
7998,TSPKGVIALF,6857,True,10,
7999,TVPRAWQGHI,6857,True,10,
8000,PAPRAFWANV,2443,True,10,
8001,PFPVSYSAPN,2443,True,10,
8002,GTPKGVLSHS,2443,True,10,
8003,LAPTAFWATH,2443,True,10,
8004,VPPKLLWATI,2443,True,10,
8005,QVPVQLTASG,2443,True,10,
8006,IVPFAVMYGF,2443,True,10,
8007,NAPVFYTASG,2443,True,10,
8008,RPVGAFQGPG,2443,True,10,
8009,DRVRAVHAEA,2443,True,10,
8010,PWPVAYTASG,2443,True,10,
8011,CGRPARSVFG,2443,True,10,
8012,VPPRTLSAVH,2443,True,10,
8013,SVPRTLFSWT,2443,True,10,
8014,TRPSAMTASG,2443,True,10,
8015,VSPRTLINWT,2443,True,10,
8016,RWPLGQSTVA,2443,True,10,
8017,FTPRQLTASG,2443,True,10,
8018,ASVRAVWSIV,2443,True,10,
8019,QAPLGQYTIQ,2443,True,10,
8020,GTPLGQSTAS,2443,True,10,
8021,TWPVELRSHT,2443,True,10,
8022,PEPSDYYAGF,2443,True,10,
8023,SARDPQASTN,2443,True,10,
8024,VDMRSLFDAT,2443,True,10,
8025,ANPRPVKYSG,2443,True,10,
8026,PWPRELRNQF,2443,True,10,
8027,AMPRAYSGAV,2443,True,10,
8028,MYPGAMASGT,2443,True,10,
8029,RNPVNYRGPT,2443,True,10,
8030,GTPSTLYGTR,2443,True,10,
8031,FRPLNYIQHG,2443,True,10,
8032,PKAVPMNSTA,2443,True,10,
8033,VPPLNFHAHQ,2443,True,10,
8034,RAPVAFQNGS,2443,True,10,
8035,GVPFYMTASG,2443,True,10,
8036,VTPVGFYSGS,2443,True,10,
8037,VRPSDLWGVG,2443,True,10,
8038,VGPLTITGEH,2443,True,10,
8039,STPLYLAVAH,2443,True,10,
8040,TAPVELRSTI,2443,True,10,
8041,RTPLYLTASG,2443,True,10,
8042,WQPVSFQAWL,2443,True,10,
8043,AVPVAVTASG,2443,True,10,
8044,HKVRAYWSNA,2443,True,10,
8045,RQPESLTASG,2443,True,10,
8046,SAPVSLAYIY,2443,True,10,
8047,TAPVEMYSKH,2443,True,10,
8048,WKPFPYTASG,2443,True,10,
8049,VTPLAGIYWT,2443,True,10,
8050,YDTQHLYDNF,2443,True,10,
8051,ASWYGMYTGQ,2443,True,10,
8052,GVPSAFVAPG,2443,True,10,
8053,SWPRELRYIF,2443,True,10,
8054,TVPSWLHTEH,2443,True,10,
8055,MGPQNVLGET,2443,True,10,
8056,RNPVSMVYSH,2443,True,10,
8057,QSPKGVRSKG,2443,True,10,
8058,WSPLPFWTQF,2443,True,10,
8059,GSPFYMRTAS,2443,True,10,
8060,STPRTLTDQG,2443,True,10,
8061,TAPKLLVGSF,2443,True,10,
8062,TRPRTLVAVH,2443,True,10,
8063,EMPRVLTASG,2443,True,10,
8064,MKPVHYLSPL,2443,True,10,
8065,GRPSAMHTAS,2443,True,10,
8066,VTPIELYSNW,2443,True,10,
8067,AIPSWSQDLG,2443,True,10,
8068,RPPKLLISAK,2443,True,10,
8069,QGPLSVRSRV,2443,True,10,
8070,ARPVWMTASG,2443,True,10,
8071,ERPSAVYSGS,2443,True,10,
8072,APPSAFTSIV,2443,True,10,
8073,MPPLSVRTGA,2443,True,10,
8074,LRPNWLRDGY,2443,True,10,
8075,TGPYLLTASG,2443,True,10,
8076,YTPVELWSPK,2443,True,10,
8077,RHPRPYLGPT,2443,True,10,
8078,TAPKLLTASG,2443,True,10,known_sequence
8079,GSPVQMRSQG,2443,True,10,
8080,RGPVFLWAHW,2443,True,10,
8081,APVLGWITEH,2443,True,10,
8082,SPARQMVSLH,2443,True,10,
8083,SAPLPVTASG,2443,True,10,
8084,GPPRSYTGNG,2443,True,10,
8085,RWPRPFTVAQ,2443,True,10,
8086,RDPFSYQAPA,2443,True,10,
8087,SGPVAFYTTA,2443,True,10,
8088,DFPSAYIVKF,2443,True,10,
8089,KSPVPWSAVA,2443,True,10,
8090,GWPSELRTAS,2443,True,10,known_sequence
8091,GTPLSQYTPS,2443,True,10,
8092,PKPARLVSQW,2443,True,10,
8093,SMPRTLADST,2443,True,10,
8094,RAPSNMYSMG,2443,True,10,
8095,CTPSGRSVGL,2443,True,10,
8096,RMPRQVYAPK,2443,True,10,
8097,CPRVPTSANL,2443,True,10,
8098,TPAQDLIGQW,2443,True,10,
8099,VFPLGQYGQA,2443,True,10,
8100,MVPSTLVGES,2443,True,10,
8101,EPPSTLYDGI,2443,True,10,
8102,LGPAFLGTVK,2443,True,10,
8103,PRPRSMSNAQ,2443,True,10,
8104,DFPLASRGMG,2443,True,10,
8105,GDPYSWVTAS,2443,True,10,
8106,LGPRSLSDAI,2443,True,10,
8107,DGPSPFWDVG,2443,True,10,
8108,VTPLSQSTWA,2443,True,10,
8109,ARPAQVTASG,2443,True,10,
8110,PRPRSLSYGL,2443,True,10,
8111,RSPLHMAGEF,2443,True,10,
8112,GPPYSMIGPK,2443,True,10,
8113,GPPRFLFTAG,2443,True,10,
8114,GAPIPVWTAS,2443,True,10,
8115,GCPHSMITAS,2443,True,10,
8116,QSPLPWRTGW,2443,True,10,
8117,NMPRQVLYSG,2443,True,10,
8118,IKPSTLYSNH,2443,True,10,
8119,LHPVELYSWV,2443,True,10,
8120,PTPRSYTASG,2443,True,10,known_sequence
8121,TGPKLIFGPS,2443,True,10,
8122,KTPSGYTASG,2443,True,10,
8123,VSHLALHAPG,2443,True,10,
8124,VAPAQLRNEH,2443,True,10,
8125,HAPKQLVSPA,2443,True,10,
8126,GPPRSHIVKF,2443,True,10,
8127,VTPVELWGPG,2443,True,10,
8128,NAPLNFYDGS,2443,True,10,
8129,SPVKGMHSWV,2443,True,10,
8130,ETPYSWISEF,2443,True,10,
8131,GYPSSYRSNA,2443,True,10,
8132,IYPASWISNG,2443,True,10,
8133,PFVHQLFSMH,2443,True,10,
8134,QAPREFRSNI,2443,True,10,
8135,RTPVGYTNRA,2443,True,10,
8136,GAPRPVLTAS,2443,True,10,
8137,GTPLGQVTAS,2443,True,10,
8138,FAPAEVRSES,2443,True,10,
8139,RFPLSTHTPQ,2443,True,10,
8140,IRPLQYRSGH,2443,True,10,
8141,SPIHALVSWR,2443,True,10,
8142,GKPSALHTAS,2443,True,10,
8143,STPVGYTASG,2443,True,10,
8144,RTPRQYWSTH,2443,True,10,
8145,PMVRWLTGPS,2443,True,10,
8146,SMPRTLSGEV,2443,True,10,
8147,VTPVELRTVG,2443,True,10,
8148,VLPRSWTASG,2443,True,10,known_sequence
8149,VIPKWIVYPA,2443,True,10,
8150,RGPLSVRYWG,2443,True,10,
8151,LPPLQFINQG,2443,True,10,
8152,EPPRQVRATF,2443,True,10,
8153,MAPRSFRVLH,2443,True,10,
8154,GQPFYLITAS,2443,True,10,
8155,SQPRTLWGES,2443,True,10,
8156,ATPLGQISPH,2443,True,10,
8157,DVPSWLHSIT,2443,True,10,
8158,MAPRWIHAWI,2443,True,10,
8159,GAGTPGSYNH,2443,True,10,
8160,PAPAHVYTEG,2443,True,10,
8161,QWPVNMISGT,2443,True,10,
8162,TRPLPFTASG,2443,True,10,
8163,GFPLGFTVTY,2443,True,10,
8164,KAPSGWRGEW,2443,True,10,
8165,GPAVPLTGLW,2443,True,10,
8166,GYPRPYRANP,2443,True,10,
8167,VGPSTLYVHG,2443,True,10,
8168,HNPAGMFYHS,2443,True,10,
8169,TKPVAYTNPQ,2443,True,10,
8170,GVPLQVHFEV,2443,True,10,
8171,RHPLAVAGNS,2443,True,10,
8172,QTPSWLMSAS,2443,True,10,
8173,RPPSAFLGLP,2443,True,10,
8174,AVPVAWLGAW,2443,True,10,
8175,YTPLTIFANF,2443,True,10,
8176,SGPRTLVATA,2443,True,10,
8177,PVPRQVFDET,2443,True,10,
8178,TQPRQMLSEV,2443,True,10,
8179,LPASHWVAWQ,2443,True,10,
8180,SPPRTLSATL,2443,True,10,
8181,WNPIHLSAWL,2443,True,10,
8182,AVPYGLGVEY,2443,True,10,
8183,QTPVELTSHT,2443,True,10,
8184,GTVYWYITAS,2443,True,10,
8185,GHPRSFTASG,2443,True,10,
8186,LQPYTLVGLF,2443,True,10,
8187,IVRMPRSVPG,2443,True,10,
8188,LAPVAFTSHF,2443,True,10,
8189,FTPLQYIGPV,2443,True,10,
8190,LPPLVYVSMH,2443,True,10,
8191,AGPVSYTASG,2443,True,10,
8192,HGPVSLVASG,2443,True,10,
8193,QHPVSMVNEF,2443,True,10,
8194,KGPSALYAGF,2443,True,10,
8195,VIPAQLQSPG,2443,True,10,
8196,YTPVAFTGAV,2443,True,10,
8197,GRPAQMFTAS,2443,True,10,
8198,EPLQTIYGTY,2443,True,10,
8199,QAPRSHLNAG,2443,True,10,
8200,GKPFSYITAS,2443,True,10,
8201,VGPVQMWGTY,2443,True,10,
8202,INPVSMRTQG,2443,True,10,
8203,WRPSAMWGLG,2443,True,10,
8204,NSPMSYTASG,2443,True,10,
8205,VYPRAFSAGH,2443,True,10,
8206,MAPRQVHAIV,2443,True,10,
8207,GHPRGSTASG,2443,True,10,
8208,GAPRSTVGGW,2443,True,10,
8209,QRPNPLSTQL,2443,True,10,
8210,GTPRSYSGWG,2443,True,10,
8211,APPRSFSVPL,2443,True,10,
8212,CAPVSLWSTF,2443,True,10,
8213,PRPRGQTVGF,2443,True,10,
8214,KVPSAVMVTH,2443,True,10,
8215,NWPVFLISGS,2443,True,10,
8216,YPASALITWS,2443,True,10,
8217,RVPIPIWSHG,2443,True,10,
8218,TPPKQLHVIT,2443,True,10,
8219,TGPFRMAWPW,2443,True,10,
8220,SRPFHMYDTA,2443,True,10,
8221,NVPVPMWYEI,2443,True,10,
8222,SPPKVLMSPS,2443,True,10,
8223,GTPLGNVTAS,2443,True,10,
8224,IAPSWIHYIL,2443,True,10,
8225,VSPATLSGEF,2443,True,10,
8226,FAPYKYQSEV,2443,True,10,
8227,EPPRQVSAGY,2443,True,10,
8228,VAPSWIMSGA,2443,True,10,
8229,TGPVPFTSAW,2443,True,10,
8230,YVPVSMTGWL,2443,True,10,
8231,TPPLGQIDQH,2443,True,10,
8232,PRPSPFTGNW,2443,True,10,
8233,GRPRSYLTAS,2443,True,10,
8234,PAPVQLAGEY,2443,True,10,
8235,QIPHFLYTQY,2443,True,10,
8236,PAPSTLYSIG,2443,True,10,
8237,YVPRAVTASG,2443,True,10,
8238,FIPFPFHVQA,2443,True,10,
8239,PGPDSLFSPF,2443,True,10,
8240,MGPLYMHSWA,2443,True,10,
8241,MVPFQLWSPS,2443,True,10,
8242,RTPLGYTVWA,2443,True,10,
8243,VGPVELWGQY,2443,True,10,
8244,WEPRSYISNG,2443,True,10,
8245,VSPVAYTGIE,2443,True,10,
8246,YAPRSLTYPG,2443,True,10,
8247,QAPRSWTASG,2443,True,10,
8248,GAPSMLSTAS,2443,True,10,
8249,RTPMDMSGQS,2443,True,10,
8250,SGPLDSADTA,2443,True,10,
8251,MPPHAFVPVG,2443,True,10,
8252,APYFSMFSEF,2443,True,10,
8253,LPALNMHSGA,2443,True,10,
8254,PGPLSYVGHS,2443,True,10,
8255,YRPYDLRSFA,2443,True,10,
8256,ANPVAYRAMG,2443,True,10,
8257,GRPLGYHSET,2443,True,10,
8258,RAPVQLSDTI,2443,True,10,
8259,TPPLDQVNIV,2443,True,10,
8260,KVPSTLVGNG,2443,True,10,
8261,RWPAWMHNRV,2443,True,10,
8262,FPALGVTASG,2443,True,10,
8263,ELPRSWRAGA,2443,True,10,
8264,GQPRTLITAS,2443,True,10,
8265,SGPLPVFGTA,2443,True,10,
8266,MRPHPLWTGS,2443,True,10,
8267,AMGEPMYSPQ,2443,True,10,
8268,IAPMWSINWV,2443,True,10,
8269,HAPSDYMGSW,2443,True,10,
8270,GPPSAFHGWI,2443,True,10,
8271,HAPSDLIGPG,2443,True,10,
8272,GRPLGYSTAS,2443,True,10,
8273,RPPLYLINVG,2443,True,10,
8274,HAPLSWIAPL,2443,True,10,
8275,GRPRSYINKA,2443,True,10,
8276,WPPRSYTGPW,2443,True,10,
8277,ESVYGLIDPA,2443,True,10,
8278,GQPRSWITAS,2443,True,10,
8279,RGPLTIVYLF,2443,True,10,
8280,PQPRDSLYVL,2443,True,10,
8281,KAPVSVTVIG,2443,True,10,
8282,AQPRSWHAPV,2443,True,10,
8283,WTPLAWSTVG,2443,True,10,
8284,MRPVHMWGAE,2443,True,10,
8285,SAPAHWHSMG,2443,True,10,
8286,VIPRPYVGWY,2443,True,10,
8287,VGPVSFFAES,2443,True,10,
8288,RVPVAIWAEV,2443,True,10,
8289,PYPVNMHGWA,2443,True,10,
8290,PAPARFTAGQ,2443,True,10,
8291,SPPVSYRDNT,2443,True,10,
8292,WAPSHWQGET,2443,True,10,
8293,GAPRAVYQPG,2443,True,10,
8294,RHPVSLWSWT,2443,True,10,
8295,HIVFWSTSGY,2443,True,10,
8296,AVPVAFLDST,2443,True,10,
8297,PMHYTMTASG,2443,True,10,
8298,RGPLGVFTAS,2443,True,10,
8299,PHPLSLMGPG,2443,True,10,
8300,GIPRAVKSWQ,2443,True,10,
8301,GTVKGMYSTG,2443,True,10,
8302,LPVLGFQGTV,2443,True,10,
8303,GKPSAVYTAS,2443,True,10,
8304,RAPVSFWSQH,2443,True,10,
8305,AMPRTLVSWG,2443,True,10,
8306,GMPSHLMGVA,2443,True,10,
8307,RQPFGFTASG,2443,True,10,
8308,SGPSWIFTHA,2443,True,10,
8309,HPHASLWSPG,2443,True,10,
8310,RGPVELFGRL,2443,True,10,
8311,LAPRTLMSEG,2443,True,10,
8312,NPPSHWIAPW,2443,True,10,
8313,YIPLVYQGVK,2443,True,10,
8314,PVAVSFVSAG,2443,True,10,
8315,QPPVSYTASG,2443,True,10,
8316,PVPVAVFYNG,2443,True,10,
8317,EAPRTLTASG,2443,True,10,
8318,RTPLYLHSHT,2443,True,10,
8319,TVPVGMYDEG,2443,True,10,
8320,TSPKGVRNPW,2443,True,10,
8321,ATPKQLSDIH,2443,True,10,
8322,GQPRSVYTAS,2443,True,10,
8323,GAPSGWATAS,2443,True,10,
8324,WLPLQVTSWI,2443,True,10,
8325,FDVYGLTSEY,2443,True,10,
8326,ARPSPFRNTI,2443,True,10,
8327,GDPLSYRTAS,2443,True,10,
8328,YRIATMTASG,2443,True,10,
8329,TPPTGLWTGS,2443,True,10,
8330,QVPVQLTGPH,2443,True,10,
8331,KQPVSYTASG,2443,True,10,
8332,YIPANVLGAS,2443,True,10,
8333,PKPVTLFVPV,2443,True,10,
8334,VRPVWMLGPY,2443,True,10,
8335,ERPKGQVTWG,2443,True,10,
8336,GIPAYQGTVA,2443,True,10,
8337,PSPVQLAGTG,2443,True,10,
8338,WTVAQLTSAL,2443,True,10,
8339,GRPASWTASG,2443,True,10,
8340,VIYGAMVGET,2443,True,10,
8341,RPPSTLFAWV,2443,True,10,
8342,APYVPLSVNF,2443,True,10,
8343,ARPRSYTVNR,2443,True,10,
8344,GSPLDFRTAS,2443,True,10,
8345,TAVYAVAGQG,2443,True,10,
8346,VAPDQLVNPG,2443,True,10,
8347,GHPRSFISVF,2443,True,10,
8348,NIPTSLQSTI,2443,True,10,
8349,WAPSWVTAFA,2443,True,10,
8350,AHPAHWTSQF,2443,True,10,
8351,WAPVSMTASG,2443,True,10,
8352,YSPLPFRHAG,2443,True,10,
8353,PVPSAVHTAS,2443,True,10,
8354,YIPFPFSGWG,2443,True,10,
8355,LQPVHLSSWT,2443,True,10,
8356,KSPRPFLGVH,2443,True,10,
8357,VPPVELHSWG,2443,True,10,
8358,GYPRYMRGPA,2443,True,10,
8359,GIPRPVLTAS,2443,True,10,
8360,ANPASVTASG,2443,True,10,
8361,HAPAYFRGKL,2443,True,10,
8362,YPPRELTVRA,2443,True,10,
8363,GVPSTLFAVG,2443,True,10,
8364,CPVYGLHTIG,2443,True,10,
8365,TAPVGFTASG,2443,True,10,
8366,TWPVGMLYRG,2443,True,10,
8367,VPPLSYIGQG,2443,True,10,
8368,ENAVAMWGVA,2443,True,10,
8369,QGPAPLSGWT,2443,True,10,
8370,WPMFHLIGQG,2443,True,10,
8371,EGPSLITASG,2443,True,10,
8372,NGPYGMFTPF,2443,True,10,
8373,MAPRQLTNTS,2443,True,10,
8374,YMPLTIFAHA,2443,True,10,
8375,KGPRPYRGIG,2443,True,10,
8376,WAPSDLFSPS,2443,True,10,
8377,FARASRPAPP,2443,True,10,
8378,RVPSTLSDEW,2443,True,10,
8379,TAPKLLTSGS,2443,True,10,
8380,YSWRPFLTSG,2443,True,10,
8381,QPVLDLYGES,2443,True,10,
8382,KRPVPFDSGV,2443,True,10,
8383,GCPVELRSPA,2443,True,10,
8384,YIVRASTGAF,2443,True,10,
8385,RGPVTLTASG,2443,True,10,
8386,RAPLPFLGLQ,2443,True,10,
8387,SQPVTLVSEA,2443,True,10,
8388,VPPAYWRTSP,2443,True,10,
8389,SAPRSLTASG,2443,True,10,
8390,MWPAQFRVNV,2443,True,10,
8391,PQPRSWQDHA,2443,True,10,
8392,TASWSMRSPT,2443,True,10,
8393,ARPRSYIMPF,2443,True,10,
8394,GFIWTPVTAS,2443,True,10,
8395,AVPSAIQYTI,2443,True,10,
8396,APLSWVSDWG,2443,True,10,
8397,GKPSTLFTAS,2443,True,10,
8398,EPPLAVRAET,2443,True,10,
8399,MVPRGVSEAY,2443,True,10,
8400,YDIKAYVGTK,1840,True,10,
8401,QFPRAFRATV,1840,True,10,
8402,HNPRGQMGLI,1840,True,10,
8403,MPVYGLIGKH,1840,True,10,
8404,IKPSGWTASG,1840,True,10,
8405,VNRPIKTVHT,1840,True,10,
8406,FMPRGVIAVI,1840,True,10,
8407,NCPVGMYSWR,1840,True,10,
8408,WPPRAVKAWS,1840,True,10,
8409,WYPSSYWSRT,1840,True,10,
8410,QLPVAWTASG,1840,True,10,
8411,SNPRAWLAVW,1840,True,10,
8412,MSPRKFTGHL,1840,True,10,
8413,FVPRQVLASV,1840,True,10,
8414,WFPRGVQYSL,1840,True,10,
8415,QSPRSWINHR,1840,True,10,
8416,WAPRSYIGPR,1840,True,10,
8417,YSPSGWAVNG,1840,True,10,
8418,TDPKGVYGHY,1840,True,10,
8419,QYPRGYRGNT,1840,True,10,
8420,PGPVSFRGIG,1840,True,10,
8421,NHARAFTNWY,1840,True,10,
8422,PVPRTLYGTW,1840,True,10,
8423,NIPRPYIGWY,1840,True,10,
8424,TSPKGVYSQT,1840,True,10,
8425,FQPLGQYVQG,1840,True,10,
8426,GIPRPVYGKL,1840,True,10,
8427,NTPRGQYVAQ,1840,True,10,
8428,EVARAWRGIV,1840,True,10,
8429,NLPVAFYGRL,1840,True,10,
8430,STPRGYVALF,1840,True,10,
8431,TVPRAWSGTR,1840,True,10,
8432,ASPRQYWAVH,1840,True,10,
8433,STPIGIYSTV,1840,True,10,
8434,TQPRAMWGPG,1840,True,10,
8435,WRPRGQLSYF,1840,True,10,
8436,RTPRGNTSIM,1840,True,10,
8437,YGPRAHYGAS,1840,True,10,
8438,TAVRSLFSWV,1840,True,10,
8439,RIPRPVTASG,1840,True,10,
8440,DVPRAVYSNG,1840,True,10,
8441,GKPSPFAFTS,1840,True,10,
8442,VHPVGMYSTL,1840,True,10,
8443,SIPYHWKGHT,1840,True,10,
8444,MPYQGLWYAI,1840,True,10,
8445,ENPSGWTVSR,1840,True,10,
8446,KWPRELYGET,1840,True,10,
8447,RTPRGQVGPQ,1840,True,10,
8448,YTPRSYQGTF,1840,True,10,
8449,RYPKGMTGPF,1840,True,10,
8450,ASPVAYAGIQ,1840,True,10,
8451,RVPRQVTASG,1840,True,10,
8452,TAPRAFKSTV,1840,True,10,
8453,RATRSMFGWM,1840,True,10,
8454,HSPRWLYANG,1840,True,10,
8455,YKPKQNTASG,1840,True,10,
8456,AIPRPVMVQF,1840,True,10,
8457,YVPRAVFVIY,1840,True,10,
8458,NLPRAVYGHY,1840,True,10,
8459,MAWSALTASG,1840,True,10,
8460,YVPRGVSTQH,1840,True,10,
8461,HTVRGWRGNL,1840,True,10,
8462,YAPRGNFSIT,1840,True,10,
8463,NDPYGMYSAF,1840,True,10,
8464,WWPRTLVSEQ,1840,True,10,
8465,FDISHFWAIY,1840,True,10,
8466,TVPYGVAYHW,1840,True,10,
8467,RVPRGVYSGA,1840,True,10,
8468,GSPRAYQSMA,1840,True,10,
8469,HTPLGQTASG,1840,True,10,
8470,TVPFGVTASG,1840,True,10,
8471,LHYAYGFPIT,1840,True,10,
8472,AVPRGVFDEK,1840,True,10,
8473,GIPKAFVGPK,1840,True,10,
8474,RVARAMRGQA,1840,True,10,
8475,LTPRYWMSGR,1840,True,10,
8476,YIPVAFIGHG,1840,True,10,
8477,IAPRSWTGRV,1840,True,10,
8478,HNPRGTFVPL,1840,True,10,
8479,WRPFSYKGNF,1840,True,10,
8480,ESPRGQVGWQ,1840,True,10,
8481,VFPSGWSGEH,1840,True,10,
8482,VRPRVLQVNY,1840,True,10,
8483,MWPRAFLSPG,1840,True,10,
8484,YFPRSWAVAI,1840,True,10,
8485,VWPRSWTVAW,1840,True,10,
8486,YFPLGFGSPR,1840,True,10,
8487,GTPRSWVGIG,1840,True,10,
8488,KFPKGVTAFV,1840,True,10,
8489,YAPRPVYGNG,1840,True,10,
8490,WSPFAYTASG,1840,True,10,
8491,TVPRAWRGAV,1840,True,10,
8492,WMPRSYRGWQ,1840,True,10,
8493,INPLGIYTAS,1840,True,10,
8494,WTPRGNYVMA,1840,True,10,
8495,TVPRAVMGPG,1840,True,10,
8496,VTPVGMTGNT,1840,True,10,
8497,VCPTGLVAPT,1840,True,10,
8498,FKPFGQSTIH,1840,True,10,
8499,MKPSGVFNQY,1840,True,10,
8500,VLPRLYQGRL,1840,True,10,
8501,WYPRAWTSLV,1840,True,10,
8502,WHPRAFAQIG,1840,True,10,
8503,AYPRAFTGSY,1840,True,10,
8504,VIPRVLYGSA,1840,True,10,
8505,WTPRGNSGAY,1840,True,10,
8506,VRPRSYTGWY,1840,True,10,
8507,WTPRGNVATR,1840,True,10,
8508,ESPREVRGAG,1840,True,10,
8509,GTPRSWKTAS,1840,True,10,
8510,KAGACMPLWY,1840,True,10,
8511,WGYAGMTASG,1840,True,10,
8512,NSPRPFMAPY,1840,True,10,
8513,SFPRAFASLG,1840,True,10,
8514,AVARAWGALA,1840,True,10,
8515,VRGRALWGWF,1840,True,10,
8516,SCPRNLTYPR,1840,True,10,
8517,VPWGNLYGIQ,1840,True,10,
8518,VGPAPWTGPK,1840,True,10,
8519,NQPRSWRSWI,1840,True,10,
8520,TQPKFLVYMV,1840,True,10,
8521,MSPRTFSGAY,1840,True,10,
8522,RGPKSYMNPA,1840,True,10,
8523,FWPRELFVTA,1840,True,10,
8524,RAPRSYTGNF,1840,True,10,
8525,NEPRGVRATG,1840,True,10,
8526,RAPRSHLGKH,1840,True,10,
8527,VWPSGFYVHA,1840,True,10,
8528,KMPRQVWSWQ,1840,True,10,
8529,IDPRGYFTQF,1840,True,10,
8530,FLPRAVTGAG,1840,True,10,
8531,KVPKGVTASG,1840,True,10,
8532,YVPRAVSGVT,1840,True,10,
8533,DIPRGVQNPQ,1840,True,10,
8534,NMPRAWYVPH,1840,True,10,
8535,DNPRQMKGLA,1840,True,10,
8536,HLVRAVTASG,1840,True,10,
8537,LYPLSWITAS,1840,True,10,
8538,FHPRSWMAPL,1840,True,10,
8539,WAPRQVRAGF,1840,True,10,
8540,HLPRSWTASG,1840,True,10,
8541,LPPRYWFSRK,1840,True,10,
8542,TKPRSWMGLY,1840,True,10,
8543,LVPRAVLNGK,1840,True,10,
8544,QDPRGQVGLW,1840,True,10,
8545,MPLRSWINGH,1840,True,10,
8546,IHPYGMAVAG,1840,True,10,
8547,RVPVPMWGPY,1840,True,10,
8548,LFTRPELYFP,1840,True,10,
8549,QVPYHVFTKQ,1840,True,10,
8550,MAPRYWLAPT,1840,True,10,
8551,QRPRSYLGRG,1840,True,10,
8552,RSPRPFLANI,1840,True,10,
8553,IQPRSWKGFS,1840,True,10,
8554,VHPRGNTASG,1840,True,10,
8555,RLVRYLYGRW,1840,True,10,
8556,ANVRGVHSAG,1840,True,10,
8557,GRPRGSTASG,1840,True,10,
8558,AGPRVLTSWY,1840,True,10,
8559,YGPRQVYSPI,1840,True,10,
8560,FVPRYWSATF,1840,True,10,
8561,EILRSWTGTV,1840,True,10,
8562,GYPRAFRGWA,1840,True,10,
8563,PTPRGNTGWH,1840,True,10,
8564,LFPRQVWGHK,1840,True,10,
8565,RKPLPWIAGT,1840,True,10,
8566,DTPRSWQGVK,1840,True,10,
8567,CVPRQVTSRF,1840,True,10,
8568,IVPRAVRSHG,1840,True,10,
8569,ILPRAWRTSW,1840,True,10,
8570,VWARAFWGEY,1840,True,10,
8571,FHARQLVGER,1840,True,10,
8572,PVRYPRTAIP,1840,True,10,
8573,NYPRAFKSLV,1840,True,10,
8574,NAPRSWLAGF,1840,True,10,
8575,TRPRVLIGMT,1840,True,10,
8576,KTPIGILNRI,1840,True,10,
8577,FYPRAFSAIG,1840,True,10,
8578,YMPRGVFSWH,1840,True,10,
8579,ANVRAHTASG,1840,True,10,
8580,VQPIPMWGNG,1840,True,10,
8581,LVPRYWYGGW,1840,True,10,
8582,DLPRAVLNTK,1840,True,10,
8583,HAPRSWRGVY,1840,True,10,
8584,CTPRGLSGWQ,1840,True,10,
8585,YNPKQLYNEF,1840,True,10,
8586,QRPRSYTGSV,1840,True,10,
8587,IFTRWYLSVY,1840,True,10,
8588,CSPKGVISVT,1840,True,10,
8589,RFARSLWGPK,1840,True,10,
8590,SEPVHWYGQL,1840,True,10,
8591,DRPRGMKNQS,1840,True,10,
8592,GVPRAVRAIW,1840,True,10,
8593,NWPRSWIGVW,1840,True,10,
8594,FQPRGVFTHG,1840,True,10,
8595,MSPRKFLGIV,1840,True,10,
8596,GRPRGNSTLA,1840,True,10,
8597,NLPRAVVAEI,1840,True,10,
8598,QVPRQVTSPK,1840,True,10,
8599,YSPRAFYNAG,1840,True,10,
8600,FQPVPMLGWR,1840,True,10,
8601,WRPLGVRSHI,1840,True,10,
8602,FTPRSWLGGV,1840,True,10,
8603,NWPRGQDFGA,1840,True,10,
8604,KYPRAFRGIS,1840,True,10,
8605,PYPRFLWSMR,1840,True,10,
8606,FWPRQVYTGR,1840,True,10,
8607,SRPSPFYSIQ,1840,True,10,
8608,MIPHWSNAIG,1840,True,10,
8609,GRPRSWRGVT,1840,True,10,
8610,LSPRSYIGMF,1840,True,10,
8611,PQVFGLYVGV,1840,True,10,
8612,RAPRPVGASF,1840,True,10,
8613,RFPRAFHGTL,1840,True,10,
8614,AMPRAFRDIF,1840,True,10,
8615,FWPSGWTGPG,1840,True,10,
8616,WAPRGVHATY,1840,True,10,
8617,NPYFGLRAWT,1840,True,10,
8618,YGPRAVMSHS,1840,True,10,
8619,FQPRGQYDIW,1840,True,10,
8620,MTPFGYRGIY,1840,True,10,
8621,MHPKSWTASG,1840,True,10,
8622,VHPRSWTNSA,1840,True,10,
8623,YIPTAFRSRW,1840,True,10,
8624,TMPRAVTGKY,1840,True,10,
8625,LWPVGMWSID,1840,True,10,
8626,FTPRQYLNVY,1840,True,10,
8627,VWPRGSTVAK,1840,True,10,
8628,YIPRPFTGRW,1840,True,10,
8629,VNPRQVLAVG,1840,True,10,
8630,TQPRSYIGPI,1840,True,10,
8631,KYPRGVQVWS,1840,True,10,
8632,TGPVAFTASG,1840,True,10,
8633,LHPRSWSGVG,1840,True,10,
8634,WSPYGQVHWH,1840,True,10,
8635,TYPRAFSGQR,1840,True,10,
8636,ESARSWIGWY,1840,True,10,
8637,STPYGMWVQT,1840,True,10,
8638,MWPRGWTASG,1840,True,10,
8639,VNPVSYRGTG,1840,True,10,
8640,SFPRGQVASM,1840,True,10,
8641,TMIRGLGAIG,1840,True,10,
8642,SMVRGVRGWG,1840,True,10,
8643,ATRWPNLVPK,1840,True,10,
8644,FRPRGQVTAS,1840,True,10,
8645,GFPRAFTGTG,1840,True,10,
8646,TIPRAHFVGI,1840,True,10,
8647,GCPRSWTGKF,1840,True,10,
8648,GFPRSYRGMW,1840,True,10,
8649,YWPRAFTASG,1840,True,10,
8650,PSLPRAHSWG,1840,True,10,
8651,WSPVAFSGNK,1840,True,10,
8652,FDPRSMINQS,1840,True,10,
8653,FDPRGVFVHS,1840,True,10,
8654,RAPRSWISIG,1840,True,10,
8655,PWPRYWRAGV,1840,True,10,
8656,FATRPLYAGY,1840,True,10,
8657,TVIRHLRSHF,1840,True,10,
8658,PWVRAVHGQG,1840,True,10,
8659,FQIYGMTSKQ,1840,True,10,
8660,AQPTGMQGTQ,1840,True,10,
8661,NVPVGMSGIF,1840,True,10,
8662,AFPRAVLAWT,1840,True,10,
8663,PYWYGMQSPT,1840,True,10,
8664,PQPRSHRGGR,1840,True,10,
8665,FMPRQVYTAS,1840,True,10,
8666,IVPRQVRGEH,1840,True,10,
8667,ARPRGQTNVH,1840,True,10,
8668,NAPRGFSNSK,1840,True,10,
8669,QMPRGVSYHQ,1840,True,10,
8670,HGVWSVQSTY,1840,True,10,
8671,FMPRQVYSNA,1840,True,10,
8672,HTPRGYFGHF,1840,True,10,
8673,HRPSHWIGAW,1840,True,10,
8674,VRPRGVANWL,1840,True,10,
8675,LTVRGLWSTA,1840,True,10,
8676,FMHRAMKSHR,1840,True,10,
8677,YGPRSYFSVG,1840,True,10,
8678,VNPRAVRGNG,1840,True,10,
8679,PTPRYWQSRV,1840,True,10,
8680,SHPLGQFRTA,1840,True,10,
8681,QLPRAVTGPL,1840,True,10,
8682,NQFRAMWGIT,1840,True,10,
8683,MTPRGVIGPA,1840,True,10,
8684,QTPLGTYSWR,1840,True,10,
8685,ARPRGNFGVG,1840,True,10,
8686,WQPRSWSGIG,1840,True,10,
8687,IPSLNFSGRI,1840,True,10,
8688,LQPYGFRSAG,1840,True,10,
8689,KEPRNYTASG,1840,True,10,
8690,FQPRGMSNGS,1840,True,10,
8691,LCVRGVASPG,1840,True,10,
8692,SVPRAVTGWG,1840,True,10,
8693,GVPRAVKTAS,1840,True,10,
8694,RYVRGLGSTH,1840,True,10,
8695,QVPRGVSVWT,1840,True,10,
8696,FAPAYWRALR,1840,True,10,
8697,EMPRSFRSNH,1840,True,10,
8698,YSPLGWTASG,1840,True,10,
8699,HIPRPVTGHI,1840,True,10,
8700,FDPKGMFTMG,1840,True,10,
8701,LVPRQYRGEK,1840,True,10,
8702,AWPREYISPI,1840,True,10,
8703,TQPIPVYTQH,1840,True,10,
8704,PFPRSYLGHG,1840,True,10,
8705,YAPRQVKGIT,1840,True,10,
8706,TSPRAYWNGW,1840,True,10,
8707,REPRGVRGTA,1840,True,10,
8708,GSPRAFSGSW,1840,True,10,
8709,GEPRSYIGWV,1840,True,10,
8710,RMVLGVYGNT,1840,True,10,
8711,VGPRSYTASG,1840,True,10,
8712,KSPRAYHSVY,1840,True,10,
8713,LPYFSTMGPG,1840,True,10,
8714,WWPRFIRVRF,1840,True,10,
8715,FRPRGQVSKY,1840,True,10,
8716,TMPRFIHGIG,1840,True,10,
8717,FYPSAVTASG,1840,True,10,
8718,KLPRAVMSWY,1840,True,10,
8719,TAPKFLVQNF,1840,True,10,
8720,HRYFSLYGQI,1840,True,10,
8721,SAPSHWKSWF,1840,True,10,
8722,NVPRAVIGVY,1840,True,10,
8723,NRPLGQISKG,1840,True,10,
8724,YVPRAVYSWS,1840,True,10,
8725,HVPRYMHSNG,1840,True,10,
8726,PAPRAVRSNI,1840,True,10,
8727,WHPRSYTGPK,1840,True,10,
8728,RHPRSYVGVK,1840,True,10,
8729,WPTRAFIAPY,1840,True,10,
8730,SQPRSWIGWI,1840,True,10,
8731,YAPRGSFAQF,1840,True,10,
8732,NTPVGFWSHF,1840,True,10,
8733,RSPVDYTASG,1840,True,10,
8734,CTPRGNYGEI,1840,True,10,
8735,PFPADALAKG,1840,True,10,
8736,SNPRGVRAIA,1840,True,10,
8737,PVFRAVYGGS,1840,True,10,
8738,MFPRGSHYMW,1840,True,10,
8739,TWPRELKGSW,1840,True,10,
8740,PTPTGLYVQG,1840,True,10,
8741,PLAVWMYGVA,1840,True,10,
8742,DRPFGIWSTY,1840,True,10,
8743,SVPRGVSVTG,1840,True,10,
8744,TPGRAYHAMG,1840,True,10,
8745,WPYFALQGTF,1840,True,10,
8746,IHPVSMIGNY,1840,True,10,
8747,QAPRGAFNQV,1840,True,10,
8748,TVPRGSQVRY,1840,True,10,
8749,LRPRQVMSNQ,1840,True,10,
8750,YTVRAFYVSF,1840,True,10,
8751,TGPRSWYGEF,1840,True,10,
8752,GQPRQVRAVG,1840,True,10,
8753,KVPRGQYTIF,1840,True,10,
8754,YHPLPFWYHQ,1840,True,10,
8755,GMPRGVTVPH,1840,True,10,
8756,QVPRPVTASG,1840,True,10,
8757,ANWRAFTASG,1840,True,10,
8758,TIPRSWKGKY,1840,True,10,
8759,QARPRRLGRS,1840,True,10,
8760,LHPRSWTSMH,1840,True,10,
8761,KGPRSYIGWV,1840,True,10,
8762,GTPRYWYVMY,1840,True,10,
8763,VQPRSYFGWY,1840,True,10,
8764,PWVRGMHSGI,1840,True,10,
8765,VTPRSWTASG,1840,True,10,
8766,WSPRSYIGMF,1840,True,10,
8767,GKPRSWFTGT,1840,True,10,
8768,WKPRGQVTIG,1840,True,10,
8769,QVPRSVLVQT,1840,True,10,
8770,HGPYWLSGMF,1840,True,10,
8771,LQPRGVTASY,1840,True,10,
8772,IPRFDRINFT,1840,True,10,
8773,MAHFALMSRV,1840,True,10,
8774,MSPKGVISIG,1840,True,10,
8775,YTPRGNYAPG,1840,True,10,
8776,HTPVGNVAEI,1840,True,10,
8777,HVPRAVWGNY,1840,True,10,
8778,NAPRSWQSVG,1840,True,10,
8779,CYPRGVHGAH,1840,True,10,
8780,PKPVSWTGMG,1840,True,10,
8781,FPPRSYIGTY,1840,True,10,
8782,YVPRAVLSTG,1840,True,10,
8783,WAPRGFTGHA,1840,True,10,
8784,GFPRAYFGWH,1840,True,10,
8785,RVPKGVFNVI,1840,True,10,
8786,WFPRGFWGIG,1840,True,10,
8787,THPRSFQNAF,1840,True,10,
8788,MDPVGMVGRF,1840,True,10,
8789,SPPRSWTGTR,1840,True,10,
8790,CYPRGVQAIH,1840,True,10,
8791,RVPVGMYGWV,1840,True,10,
8792,ASTRSWMGMF,1840,True,10,
8793,YNPFGMYSNG,1840,True,10,
8794,MDPRGVTSMY,1840,True,10,
8795,FGPRAVAGQH,1840,True,10,
8796,VIPRPVYAGY,1840,True,10,
8797,AFPRGVMVGK,1840,True,10,
8798,RLPVAQYGIL,1840,True,10,
8799,PMWKGMASIY,1840,True,10,
8800,WIPRPFLDWA,10926,True,10,
8801,HGVWYLIDNT,10926,True,10,
8802,MVPKWLTASG,10926,True,10,known_sequence
8803,WSPVFLADAG,10926,True,10,
8804,YTPRLGHDEK,10926,True,10,
8805,YWGTALGDRL,10926,True,10,
8806,MTGRPLQDQP,10926,True,10,
8807,HLYRPLRDMG,10926,True,10,
8808,NTPRNITASG,10926,True,10,
8809,YMPRAYRDEY,10926,True,10,
8810,RNPYAVRDLT,10926,True,10,
8811,MVPKFLTGSI,10926,True,10,
8812,YPWQALRDTY,10926,True,10,
8813,SYARPLTASG,10926,True,10,
8814,GQVRYLADPI,10926,True,10,
8815,VSPVAYQGET,10926,True,10,
8816,KLPTALYDPY,10926,True,10,
8817,EHNLPLWAMK,10926,True,10,
8818,TNPRNIKDQG,10926,True,10,
8819,PYPRPYMDGI,10926,True,10,
8820,FWPRAVRDNG,10926,True,10,
8821,GTPRPVFTNH,10926,True,10,
8822,TRPRSYMDTL,10926,True,10,
8823,YHYIPRGIPL,10926,True,10,
8824,WKPRAYLDGY,10926,True,10,
8825,YDYLPLADPY,10926,True,10,
8826,CIPRWSTASG,10926,True,10,
8827,LCPTGLTDGV,10926,True,10,
8828,AEWPMSHSGY,10926,True,10,
8829,IDPYGLQDEY,10926,True,10,
8830,MHPVSMRDTL,10926,True,10,
8831,HFPRNIRDHT,10926,True,10,
8832,FTPRGQVIAY,10926,True,10,
8833,SHARSLWDRI,10926,True,10,
8834,NHVLGLWDIA,10926,True,10,
8835,GWPRPVITAS,10926,True,10,
8836,GPFYHLWAQT,10926,True,10,
8837,YLPRAFIDLT,10926,True,10,
8838,IRARWYTGIG,10926,True,10,
8839,EMPRHYADQI,10926,True,10,
8840,RYVRAHTASG,10926,True,10,
8841,VTPRYLSDAS,10926,True,10,
8842,LYPRAVSDPT,10926,True,10,
8843,TSPVALYDEG,10926,True,10,
8844,FYPVAYADVQ,10926,True,10,
8845,RQWRALSDIF,10926,True,10,
8846,NWPLGIRDEY,10926,True,10,
8847,LDPRSWTASG,10926,True,10,
8848,PKVRHITDGG,10926,True,10,
8849,DHARPLTASG,10926,True,10,
8850,ELPRAITASG,10926,True,10,
8851,HVPRPITDGQ,10926,True,10,
8852,YNAIPTGWSE,10926,True,10,
8853,NFPLGPFDQM,10926,True,10,
8854,GVPRPVYTAS,10926,True,10,
8855,KPLWELQSVW,10926,True,10,
8856,AMPRSYRDGR,10926,True,10,
8857,DSPRFLVDTG,10926,True,10,
8858,WGPRAYKGMG,10926,True,10,
8859,RHYMSLWDLV,10926,True,10,
8860,NDSRAWIGTR,10926,True,10,
8861,VRPVPVRDPK,10926,True,10,
8862,QQPRAYKDQG,10926,True,10,
8863,EMSWGIRDLG,10926,True,10,
8864,RTPVGLTDTS,10926,True,10,
8865,GHYRSLIAEN,10926,True,10,
8866,QSWYGMRVGV,10926,True,10,
8867,KWPRDILDGN,10926,True,10,
8868,TMPRYMIDWA,10926,True,10,
8869,DQPRPVLDTW,10926,True,10,
8870,YAGRALRDGY,10926,True,10,
8871,HIPRAYQDNG,10926,True,10,
8872,HNPLGITASG,10926,True,10,
8873,RFPLGLKDIW,10926,True,10,
8874,VTRPREPLEP,10926,True,10,
8875,ALEDVTPLAV,10926,True,10,
8876,WNPSAIRDNQ,10926,True,10,
8877,RKPRNISDMH,10926,True,10,
8878,AEPRNVKDNA,10926,True,10,
8879,YLPRAVLDEG,10926,True,10,
8880,YVPKTLWDMG,10926,True,10,
8881,YFPRAYRGAH,10926,True,10,
8882,NHYLPLWDWI,10926,True,10,
8883,KYPVNMRDGR,10926,True,10,
8884,GSPLPFIDQH,10926,True,10,
8885,RGPVPMADAT,10926,True,10,
8886,VDPRAYIDKL,10926,True,10,
8887,ETPRGYTDVG,10926,True,10,
8888,YLPRPVLDWY,10926,True,10,
8889,SDPYGMRDLR,10926,True,10,
8890,LGPVHYLDGV,10926,True,10,
8891,HNPIHLRDPI,10926,True,10,
8892,LVGRALIDEK,10926,True,10,
8893,ILPLNWADIK,10926,True,10,
8894,DQPRAVMDIH,10926,True,10,
8895,DWARAMYGVI,10926,True,10,
8896,REPRNILDGA,10926,True,10,
8897,FVPRAVKDVW,10926,True,10,
8898,AQPRHLSDPK,10926,True,10,
8899,LTPRYWRDGF,10926,True,10,
8900,HAVRAVRDEA,10926,True,10,
8901,HGFWGLRDIG,10926,True,10,
8902,QWPVGLTARS,10926,True,10,
8903,TYPVNMTGQL,10926,True,10,
8904,HLPRAIKDGS,10926,True,10,
8905,WLPVAIWDPG,10926,True,10,
8906,DWPRAVTASG,10926,True,10,
8907,TLTHAYTDTH,10926,True,10,
8908,HWARAYIDTG,10926,True,10,
8909,TFPFGFTASG,10926,True,10,
8910,LGSWPLWDET,10926,True,10,
8911,HRPRSWQDTS,10926,True,10,
8912,QLPKSWVDKV,10926,True,10,
8913,DNVLGIRDGG,10926,True,10,
8914,IRPVNMRSQT,10926,True,10,
8915,LDPKWLVDNL,10926,True,10,
8916,VLPRAVLDGI,10926,True,10,
8917,FSQLAMVAPV,10926,True,10,
8918,LWPRDIYDIT,10926,True,10,
8919,VWARAMYDSK,10926,True,10,
8920,ADPRSWHVWA,10926,True,10,
8921,LPHFNMYDEV,10926,True,10,
8922,SYARPLMGST,10926,True,10,
8923,SVPKSVRDLV,10926,True,10,
8924,MNPLPWYDQT,10926,True,10,
8925,NHGLALSDHK,10926,True,10,
8926,YGPRYWRDMQ,10926,True,10,
8927,WKARAYTDMA,10926,True,10,
8928,LRPRNYSDTI,10926,True,10,
8929,RWPAGVTDHT,10926,True,10,
8930,NTPRALTDQV,10926,True,10,
8931,LDARAFRDER,10926,True,10,
8932,HDPRGYIDIV,10926,True,10,
8933,ESARPLFDET,10926,True,10,
8934,HAYIPLEDPV,10926,True,10,
8935,DSPIPITASG,10926,True,10,
8936,DTPVPWYAGA,10926,True,10,
8937,KTPIAYHDNR,10926,True,10,
8938,RQPVPFYDWR,10926,True,10,
8939,YAYRNTWDGT,10926,True,10,
8940,FQVRAIRDQG,10926,True,10,
8941,HCPRGVKDNV,10926,True,10,
8942,RQPRNVLSGW,10926,True,10,
8943,LMPKAYRDTH,10926,True,10,
8944,LQPRYWRDLT,10926,True,10,
8945,TWAKPLWGPL,10926,True,10,
8946,RQPIHYIDGT,10926,True,10,
8947,LHISAYADPW,10926,True,10,
8948,DNPRFITASG,10926,True,10,
8949,GEPRNVADMI,10926,True,10,
8950,WYPVPHLDEG,10926,True,10,
8951,WYPWAWRDRG,10926,True,10,
8952,WHPKWMRSNI,10926,True,10,
8953,MWPRELKDSL,10926,True,10,
8954,EGVWAIVDPI,10926,True,10,
8955,IMPVFLRDHV,10926,True,10,
8956,VNPLAVRDPG,10926,True,10,
8957,YLGRALTDLG,10926,True,10,
8958,PRPVAYWDNK,10926,True,10,
8959,AHVRAWTASG,10926,True,10,
8960,QNPVAFRDGQ,10926,True,10,
8961,ACVRAIHDID,10926,True,10,
8962,HKPVSYSDLI,10926,True,10,
8963,HVPRAVTSGG,10926,True,10,
8964,ETPRNIKDQY,10926,True,10,
8965,VRPRQYTASG,10926,True,10,
8966,YKPVYYRDNG,10926,True,10,
8967,NAPRFLYDGI,10926,True,10,
8968,YMPWGVRDGY,10926,True,10,
8969,QLAVAWQDKG,10926,True,10,
8970,MWPRFIRDSQ,10926,True,10,
8971,HIPRAVWDQI,10926,True,10,
8972,AYPVPMRDSW,10926,True,10,
8973,GVYRAYRDKG,10926,True,10,
8974,AQPRNYHDEQ,10926,True,10,
8975,HMVRAVTSLY,10926,True,10,
8976,PCPTGLRDPQ,10926,True,10,
8977,YNYQHLIDGT,10926,True,10,
8978,HSPRGYRDGH,10926,True,10,
8979,NVPRPVLDMA,10926,True,10,
8980,KTPRGYHDTY,10926,True,10,
8981,HYPANWLSNI,10926,True,10,
8982,LVGRAWRASV,10926,True,10,
8983,KTPRYWIDQS,10926,True,10,
8984,HWAKPLADHT,10926,True,10,
8985,YTPRGNIDAI,10926,True,10,
8986,IHYASMWDPK,10926,True,10,
8987,DQPRSWTASG,10926,True,10,
8988,LDPRSWASNI,10926,True,10,
8989,QMPLHYRDGH,10926,True,10,
8990,MTPRGYKDEV,10926,True,10,
8991,HYRVRFQVQD,10926,True,10,
8992,TNVRPLTDTI,10926,True,10,
8993,WYPLHSYDPF,10926,True,10,
8994,AQPRNVSDGK,10926,True,10,
8995,PAPTALWDSG,10926,True,10,
8996,HDPVGMTASG,10926,True,10,
8997,THIAWFIGNT,10926,True,10,
8998,EMPLGWRDHA,10926,True,10,
8999,WHVRAVTASG,10926,True,10,
9000,GVPRNVWTAS,10926,True,10,
9001,RTPIHFQDSW,10926,True,10,
9002,SVTRNLIDGI,10926,True,10,
9003,PLYHGLTDSA,10926,True,10,
9004,VDPYGMRDNL,10926,True,10,
9005,QLPDYIRDHG,10926,True,10,
9006,RLPTALTSPV,10926,True,10,
9007,MYGRHLMDGA,10926,True,10,
9008,YQPAGVRDLT,10926,True,10,
9009,RWPRFIWDGK,10926,True,10,
9010,MQTRNLHDLV,10926,True,10,
9011,NVPRYWHDWS,10926,True,10,
9012,NPYRSMRDGV,10926,True,10,
9013,MSPRWMYDNG,10926,True,10,
9014,RMPRFYSDQK,10926,True,10,
9015,PFEAPSWVLS,10926,True,10,
9016,HNPLSWRDSL,10926,True,10,
9017,TWPRFLQDEL,10926,True,10,
9018,HWPRAYTVHV,10926,True,10,
9019,IWPREYRDWR,10926,True,10,
9020,FHVRAVYDKG,10926,True,10,
9021,WMIHAYTASG,10926,True,10,
9022,MAPRFIQDHF,10926,True,10,
9023,WPREPLNSPI,10926,True,10,
9024,WLPKGVYDVG,10926,True,10,
9025,VLGRALKDTA,10926,True,10,
9026,YDIRSMRDHG,10926,True,10,
9027,HDPLGAPYDS,10926,True,10,
9028,WAPKGVYDWG,10926,True,10,
9029,GSPHYLWSIT,10926,True,10,
9030,QIPRPVKDTI,10926,True,10,
9031,VMPRAVADLG,10926,True,10,
9032,PSNGHLHDKV,10926,True,10,
9033,RYPRFIFDGY,10926,True,10,
9034,NGPYHIRDHR,10926,True,10,
9035,TQPRVLQDLA,10926,True,10,
9036,TDPLSYIDAR,10926,True,10,
9037,MHPVPMLDSG,10926,True,10,
9038,FEPRNVTASG,10926,True,10,
9039,TALHLFRGNG,10926,True,10,
9040,WQPRSYTNAS,10926,True,10,
9041,FYPRAYTASG,10926,True,10,
9042,PTPRYWRDTG,10926,True,10,
9043,PIWASIQDMG,10926,True,10,
9044,VYPRGVQDWG,10926,True,10,
9045,FYSRPLMVGY,10926,True,10,
9046,APYHGLMDGA,10926,True,10,
9047,KPNIGYDVGK,10926,True,10,
9048,SYPIHLYDGI,10926,True,10,
9049,PFPRPVVDEG,10926,True,10,
9050,YGTPYGSDRK,10926,True,10,
9051,QWPVAYKDKW,10926,True,10,
9052,GRAYHGLGVW,10926,True,10,
9053,TSVRPIWDEL,10926,True,10,
9054,WKPVSMRDNY,10926,True,10,
9055,HSPIGIRDLV,10926,True,10,
9056,SYVRAVFDGT,10926,True,10,
9057,LNPRFITASG,10926,True,10,
9058,GNVRAVIAWV,10926,True,10,
9059,GVPRAVSTAS,10926,True,10,
9060,YSVWGIRTAS,10926,True,10,
9061,VDPVGMTSKL,10926,True,10,
9062,HYPRAYRDGQ,10926,True,10,
9063,MHTRNLYDYA,10926,True,10,
9064,VYVRAYTGKH,10926,True,10,
9065,ARPEYIVDMH,10926,True,10,
9066,EHPLGQSDGI,10926,True,10,
9067,PTPVPSTASG,10926,True,10,
9068,LKPRNYTASG,10926,True,10,
9069,MGPIPVRDSK,10926,True,10,
9070,TAPASVIDKG,10926,True,10,
9071,QPWRAFADNG,10926,True,10,
9072,HNPRALWDGI,10926,True,10,
9073,WEPRSYTVAT,10926,True,10,
9074,HAPRFIKDQA,10926,True,10,
9075,LGPVYMQDGA,10926,True,10,
9076,WKPRAYLDPR,10926,True,10,
9077,FMPRQVTASG,10926,True,10,
9078,AQPRAVADQV,10926,True,10,
9079,DYARAMWDAV,10926,True,10,
9080,SLPRPVIAET,10926,True,10,
9081,WVPRAVTGVW,10926,True,10,
9082,TEPRNIKDQL,10926,True,10,
9083,HFVRAMLDNT,10926,True,10,
9084,HMVRAFTASG,10926,True,10,
9085,NAPRTVLDPH,10926,True,10,
9086,YWPRAYRDGQ,10926,True,10,
9087,YSPRAYKDNR,10926,True,10,
9088,IHPRNYMDRI,10926,True,10,
9089,SLVRAVSTAS,10926,True,10,
9090,WYPRGFRDGS,10926,True,10,
9091,RPYRSMYGNA,10926,True,10,
9092,DTPIPIRDVG,10926,True,10,
9093,RPHVHLWDIL,10926,True,10,
9094,VGWRALYDIA,10926,True,10,
9095,ANPSAIRDEG,10926,True,10,
9096,SAHYALASMS,10926,True,10,
9097,GYPRAVKDAY,10926,True,10,
9098,AMPKFLIDNS,10926,True,10,
9099,VRVLPLWDTH,10926,True,10,
9100,HLPTALIDQW,10926,True,10,
9101,ENRPVPIDWG,10926,True,10,
9102,SIPNAYLGHL,10926,True,10,
9103,YMPRSWIDGV,10926,True,10,
9104,CQPAGVYSGH,10926,True,10,
9105,LLPRPVLDQI,10926,True,10,
9106,GLPLNWRTAS,10926,True,10,known_sequence
9107,WLPRAVQDSG,10926,True,10,
9108,YFPAWMWDGL,10926,True,10,
9109,VHPIPIRDTA,10926,True,10,
9110,DYPRAYLDWF,10926,True,10,
9111,FTPRAVKDTH,10926,True,10,
9112,TWPRAFSDVA,10926,True,10,
9113,IAYAHMTDPY,10926,True,10,
9114,YPFGALADHV,10926,True,10,
9115,IMPRYWRDGA,10926,True,10,
9116,HTPINLKDIG,10926,True,10,
9117,PRYSALMDKV,10926,True,10,
9118,KHYRSLTASG,10926,True,10,
9119,DWPRGYRDGH,10926,True,10,
9120,HTPLGQKDRA,10926,True,10,
9121,PVPKNQADLT,10926,True,10,
9122,HCPRGMKSAK,10926,True,10,
9123,HKPRDYTASG,10926,True,10,
9124,LHYRHLADIL,10926,True,10,
9125,EVARAWIDMH,10926,True,10,
9126,NEPNYIRDPT,10926,True,10,
9127,VLAWALTDKG,10926,True,10,
9128,NMPLGQYTGP,10926,True,10,
9129,GNCFVHLIDE,10926,True,10,
9130,FQPRVIRDIG,10926,True,10,
9131,PQLHYLIDHG,10926,True,10,
9132,YQPRSWHDIL,10926,True,10,
9133,DRPKWIRDSL,10926,True,10,
9134,KPVKGLTDIQ,10926,True,10,
9135,RQVRYLTASG,10926,True,10,
9136,NQPIHLWDKR,10926,True,10,
9137,EHPSGWTASG,10926,True,10,
9138,QMARAFYDNT,10926,True,10,
9139,SAVYGLTDVS,10926,True,10,
9140,NYPRAFTGGT,10926,True,10,
9141,RYPRAYQDPL,10926,True,10,
9142,GRIRAIRDAF,10926,True,10,
9143,KTPIPIWDGS,10926,True,10,
9144,RWPAGVKDRA,10926,True,10,
9145,PLYASWVDRT,10926,True,10,
9146,WRPRSFKDIS,10926,True,10,
9147,NLVRAVRDER,10926,True,10,
9148,WLPRAVLDGV,10926,True,10,
9149,DQPRPVYDEG,10926,True,10,
9150,GWPRPVLTAS,10926,True,10,
9151,ELPRPWAGPA,10926,True,10,
9152,DNPKGVRDTK,10926,True,10,
9153,TSPRSYKTAS,10926,True,10,
9154,DSPRPYAGWG,10926,True,10,
9155,DEPRQLTDVG,10926,True,10,
9156,KMPRGYADIG,10926,True,10,
9157,GALWYMRGQH,10926,True,10,
9158,GYPRPVYVEG,10926,True,10,
9159,RFGRALMAIG,10926,True,10,
9160,EWPMAWTASG,10926,True,10,
9161,LIPKGVRDQL,10926,True,10,
9162,YNVRAVTDPY,10926,True,10,
9163,ANPWGVRMSG,10926,True,10,
9164,FWPKGWMDTI,10926,True,10,
9165,WHWRPLTASG,10926,True,10,
9166,DYVRAVRGPS,10926,True,10,
9167,GYPRPVMDQT,10926,True,10,
9168,DNPRAYQDGY,10926,True,10,
9169,KMPKGVRDAT,10926,True,10,
9170,MAVRSHRASG,10926,True,10,
9171,ETVYGLTDPH,10926,True,10,
9172,TGYRALWSEY,10926,True,10,
9173,HWPVGIHAEV,10926,True,10,
9174,HRPRGYLDEG,10926,True,10,
9175,WLPRAVMAGS,10926,True,10,
9176,THWYGMRDES,10926,True,10,
9177,EWVRAVRDTG,10926,True,10,
9178,PHVYGLFDRG,10926,True,10,
9179,NGYWPLWDML,10926,True,10,
9180,EIVHGIYDWV,10926,True,10,
9181,SMARPLWDPF,10926,True,10,
9182,QDPRGVRDAL,10926,True,10,
9183,RFPRPVIDEL,10926,True,10,
9184,GEPLGQYTAS,10926,True,10,
9185,VCPQAIMDQI,10926,True,10,
9186,HDPVGMLDIY,10926,True,10,
9187,HKPRSHVLNR,10926,True,10,
9188,NGPYPMYDEV,10926,True,10,
9189,YDWRAMWSEK,10926,True,10,
9190,VHPRPYRDLY,10926,True,10,
9191,GMPRSYQGMH,10926,True,10,
9192,WAPRYLIDRA,10926,True,10,
9193,IWPREVTASG,10926,True,10,
9194,HWPRTIVASG,10926,True,10,
9195,VWHLPLWDWG,10926,True,10,
9196,YQWYGMVDMR,10926,True,10,
9197,PDPRGVAVGT,10926,True,10,
9198,FQLGALYDPY,10926,True,10,
9199,YHIRSMRDEY,10926,True,10,
9200,RHPYPFWDEW,10300,True,10,
9201,HDPYSYQDVR,10300,True,10,
9202,MSPRWYRDTS,10300,True,10,
9203,VHPYPLVDAQ,10300,True,10,
9204,MTPKQLSDET,10300,True,10,
9205,QHPHAQTDTG,10300,True,10,
9206,MWPVELYSGH,10300,True,10,
9207,RFPWSVRDES,10300,True,10,
9208,WYPYSWIDRG,10300,True,10,
9209,LRPAQVQDNA,10300,True,10,
9210,IHRPYWIDSV,10300,True,10,
9211,FWGMVKGWFI,10300,True,10,
9212,YWPRDILDPV,10300,True,10,
9213,NWPVAFTVTG,10300,True,10,
9214,TWPLDMWDES,10300,True,10,
9215,PTWAGMHASG,10300,True,10,
9216,TRPSPFYGIW,10300,True,10,
9217,DIPSWSRQHI,10300,True,10,
9218,YAPWSVWDPW,10300,True,10,
9219,MPFWELSDGH,10300,True,10,
9220,VTAHWLYDWF,10300,True,10,
9221,YWPRSWADGY,10300,True,10,
9222,AHPWLQADGV,10300,True,10,
9223,DVPSWSHDQG,10300,True,10,
9224,YWPLGWTSVK,10300,True,10,
9225,KLPWLIWDQR,10300,True,10,
9226,YHPTAWVDGQ,10300,True,10,
9227,NIPTAFHDMF,10300,True,10,
9228,LHWLNYHDWY,10300,True,10,
9229,GHVYAWVTAS,10300,True,10,
9230,TWPISLWTPT,10300,True,10,
9231,SWPSELYGGL,10300,True,10,
9232,FLPATLWDEG,10300,True,10,
9233,GWPYNWLDVY,10300,True,10,
9234,APYFPLVDQA,10300,True,10,
9235,ICAYNYHDVW,10300,True,10,
9236,KRPRSWVDEI,10300,True,10,
9237,PWGRAWQETE,10300,True,10,
9238,VHVHALTGHF,10300,True,10,
9239,MSPWYLHDTG,10300,True,10,
9240,HYPRSWVDVG,10300,True,10,
9241,KVTLPDALEW,10300,True,10,
9242,WHYFALWGPH,10300,True,10,
9243,NMVYAWTDTF,10300,True,10,
9244,FSWMAYSDEA,10300,True,10,
9245,QKWFPVHAGL,10300,True,10,
9246,YIPRAYTDLT,10300,True,10,
9247,MFPYAFWDEA,10300,True,10,
9248,WPTWPATQEP,10300,True,10,
9249,NGVFWYRSGG,10300,True,10,
9250,VSPLNFHGEW,10300,True,10,
9251,YAWHAFWSQV,10300,True,10,
9252,VQPRNVHDWR,10300,True,10,
9253,RWPFDFYDEV,10300,True,10,
9254,AYPGPFWDTG,10300,True,10,
9255,KHPYPWVDPA,10300,True,10,
9256,WRPFNYKGHY,10300,True,10,
9257,PVGYPNYGNT,10300,True,10,
9258,YITFALWSHT,10300,True,10,
9259,HDPYPVPMWH,10300,True,10,
9260,AQPRNVYDEY,10300,True,10,
9261,QHWGGLTDHG,10300,True,10,
9262,FPHAWMHGWL,10300,True,10,
9263,STPLNFTVWK,10300,True,10,
9264,HPHGSLYDWG,10300,True,10,
9265,TGVSWLWDEV,10300,True,10,
9266,STPIELYSVF,10300,True,10,
9267,YWPRHLYDGA,10300,True,10,
9268,GPTWALVDPW,10300,True,10,
9269,GSPLPFWDRT,10300,True,10,
9270,HWPIELYDGK,10300,True,10,
9271,SHPISWHDTR,10300,True,10,
9272,VFPAKFTASG,10300,True,10,
9273,FYHYITYVGM,10300,True,10,
9274,SHPRPYASEL,10300,True,10,
9275,AWPAGVYTGS,10300,True,10,
9276,NPWEALTDPA,10300,True,10,
9277,WHPKFLYDTG,10300,True,10,
9278,SCPFLYTDHA,10300,True,10,
9279,DAPRSWVDKY,10300,True,10,
9280,GHPWAYLDQG,10300,True,10,
9281,YRPVPWTDGI,10300,True,10,
9282,TQPIHIWDGL,10300,True,10,
9283,HGLWSLSDNH,10300,True,10,
9284,CWPSELWDIQ,10300,True,10,
9285,SPGYALTASG,10300,True,10,
9286,PMPHTFWDIA,10300,True,10,
9287,YFPLDMQGHQ,10300,True,10,
9288,YNPVAYTDVW,10300,True,10,
9289,PTPIELYDVW,10300,True,10,
9290,HFPLDMYDWQ,10300,True,10,
9291,HAHRWITASG,10300,True,10,
9292,VQPIHFIDGH,10300,True,10,
9293,YKPVYYWDGV,10300,True,10,
9294,AHPGPFWDTF,10300,True,10,
9295,FTPSWVLDSW,10300,True,10,
9296,ALEPISQFTN,10300,True,10,
9297,SDPFSYVQGR,10300,True,10,
9298,HHPLALWDWV,10300,True,10,
9299,FHPSYQVDVS,10300,True,10,
9300,SHFGAPGVRF,10300,True,10,
9301,GCPLDMKDVA,10300,True,10,
9302,WYVWGITDAF,10300,True,10,
9303,HPFWVKGPMP,10300,True,10,
9304,MGYAWGVNMG,10300,True,10,
9305,SWPVELYSVY,10300,True,10,
9306,RAYHPLYTPS,10300,True,10,
9307,TYPLNVYDGA,10300,True,10,
9308,HPWYGMHDWM,10300,True,10,
9309,AWAYSTPINS,10300,True,10,
9310,WHWRPLSGPV,10300,True,10,
9311,GYPWAWTDSY,10300,True,10,
9312,NHFWPLHDEW,10300,True,10,
9313,RIPFPFMDWG,10300,True,10,
9314,VDPKQLWDAG,10300,True,10,
9315,PSNSRWSRLD,10300,True,10,
9316,HWPVPMFDAG,10300,True,10,
9317,SNFEPLWDPH,10300,True,10,
9318,SGNPKMVATA,10300,True,10,
9319,VYPWDAVGIS,10300,True,10,
9320,IPALNFSGPG,10300,True,10,
9321,TPPVELWDKH,10300,True,10,
9322,RFPRPIHDQF,10300,True,10,
9323,KYPLNFWDNG,10300,True,10,
9324,HWPYELRDSL,10300,True,10,
9325,AYPSTRVDTF,10300,True,10,
9326,TSPLPFYGPH,10300,True,10,
9327,SGPSYLATAS,10300,True,10,
9328,WSVQPFGDRI,10300,True,10,
9329,VHPYSWTDGL,10300,True,10,
9330,GDPGPFTASG,10300,True,10,
9331,ITPLNFHDNG,10300,True,10,
9332,DWPFPFWDGY,10300,True,10,
9333,NDPYPLYDGY,10300,True,10,
9334,TDPKWMYAPG,10300,True,10,
9335,FRPLDSYDSG,10300,True,10,
9336,AYPWAWTDGF,10300,True,10,
9337,GHTWPLIDWT,10300,True,10,
9338,HCVWSVFDSF,10300,True,10,
9339,HVHQWLTSMA,10300,True,10,
9340,YWPSELRDQW,10300,True,10,
9341,HSWHVLDATS,10300,True,10,
9342,QHPYKFWAEY,10300,True,10,
9343,RPHYSLYDKA,10300,True,10,
9344,GHPYHIKDIV,10300,True,10,
9345,YHCLAQPYQL,10300,True,10,
9346,YHYTEPWLTR,10300,True,10,
9347,WYPAWMHDGR,10300,True,10,
9348,CHPYTLWGHV,10300,True,10,
9349,HVPLNVDDWY,10300,True,10,
9350,IEPWHVIDNT,10300,True,10,
9351,FTPLNMYDQL,10300,True,10,
9352,WSPHYMKDAK,10300,True,10,
9353,MAPWHVLDHF,10300,True,10,
9354,FHPISLAVHQ,10300,True,10,
9355,EDPWGVFTAD,10300,True,10,
9356,CYPWSIFDGT,10300,True,10,
9357,PYPRGSTASG,10300,True,10,
9358,HYPLNSWDQG,10300,True,10,
9359,WNFYQWSTVP,10300,True,10,
9360,SGAFNFHDTA,10300,True,10,
9361,QPYFPKADAD,10300,True,10,
9362,KNPAPWFDNS,10300,True,10,
9363,HKPRSFTDMK,10300,True,10,
9364,VEPLTYAPYW,10300,True,10,
9365,EKPLPWADTV,10300,True,10,
9366,LRPLNYQDGW,10300,True,10,
9367,VFPLNFHDNV,10300,True,10,
9368,MVPRAVTQGH,10300,True,10,
9369,FTPVAFLDNK,10300,True,10,
9370,ATPLQYHDGT,10300,True,10,
9371,HWFYHLWDLW,10300,True,10,
9372,WYPSDYWGWS,10300,True,10,
9373,HSVFWYAGGI,10300,True,10,
9374,AGPWGVYDEH,10300,True,10,
9375,TYPWSQWDGI,10300,True,10,
9376,AWPVGWRGHL,10300,True,10,
9377,HWGLPLSTAG,10300,True,10,
9378,LGPSYLGDAF,10300,True,10,
9379,VYPWSVYDNT,10300,True,10,
9380,WVPVAVWGPL,10300,True,10,
9381,KYPWSVLDIS,10300,True,10,
9382,WGPKFLTASG,10300,True,10,
9383,MPHISQYDHI,10300,True,10,
9384,TYPYFLHDHW,10300,True,10,
9385,YHPLQYTSVI,10300,True,10,
9386,SHFSQMWGEV,10300,True,10,
9387,RDPYFLVDHL,10300,True,10,
9388,NHPYRQADLA,10300,True,10,
9389,WHPIGLWDGY,10300,True,10,
9390,VHIAYQWAIH,10300,True,10,
9391,MHYAPLMAPL,10300,True,10,
9392,STVIPLHDEG,10300,True,10,
9393,QIMWPAWFLY,10300,True,10,
9394,PWPVEMYGVG,10300,True,10,
9395,ASWSALNDTH,10300,True,10,
9396,LNPWGITVQT,10300,True,10,
9397,DWAFNLWDGL,10300,True,10,
9398,VIPTPFWDWH,10300,True,10,
9399,YFPLDMHDNR,10300,True,10,
9400,GSPLPFWDVG,10300,True,10,
9401,WKPLGQWATW,10300,True,10,
9402,HLPDWYTDVG,10300,True,10,
9403,HMPRQVYDQL,10300,True,10,
9404,TDPYQIYDTH,10300,True,10,
9405,GPYSYVMAEA,10300,True,10,
9406,GHVHPFYGHT,10300,True,10,
9407,CWPRELYDQH,10300,True,10,
9408,SHKHPTWMGC,10300,True,10,
9409,VNPWPNDDNF,10300,True,10,
9410,GHPIPVWYEA,10300,True,10,
9411,HYPLGLFDQH,10300,True,10,
9412,HMHVALWDLR,10300,True,10,
9413,VNPYPFTDTA,10300,True,10,
9414,RVPINLHDTH,10300,True,10,
9415,NLPTAFYDGG,10300,True,10,
9416,WHPLSNSTPG,10300,True,10,
9417,HNYLPYFDQW,10300,True,10,
9418,FYPGEMGDEG,10300,True,10,
9419,FVPRPYQDVS,10300,True,10,
9420,LPHYQLWDPS,10300,True,10,
9421,YNPLNYWDHS,10300,True,10,
9422,IHPYKYAGNH,10300,True,10,
9423,EYPWSWTDMG,10300,True,10,
9424,ELPRTLYDGA,10300,True,10,
9425,DLPYSWFDGQ,10300,True,10,
9426,TVEPPVLTPS,10300,True,10,
9427,HWPRDIWDGF,10300,True,10,
9428,MQHAWMFQEG,10300,True,10,
9429,SYPLNVHDNR,10300,True,10,
9430,GWPSELYDAG,10300,True,10,
9431,KHWLALQDPG,10300,True,10,
9432,RVTWALWDGK,10300,True,10,
9433,SYPWAWTGWG,10300,True,10,
9434,YMSHPIMSLR,10300,True,10,
9435,VYPWAWSDNA,10300,True,10,
9436,HYPLVIAQST,10300,True,10,
9437,VYPWAWHAGT,10300,True,10,
9438,YWPRPFVDKG,10300,True,10,
9439,RHPSAFKDQY,10300,True,10,
9440,HYPSAYTNPF,10300,True,10,
9441,TSPRPFSDGK,10300,True,10,
9442,YRPRTMYDVG,10300,True,10,
9443,KWGRPLWDGR,10300,True,10,
9444,GSPLPWTDHK,10300,True,10,
9445,WTPLQYTDHA,10300,True,10,
9446,KWPRSWTDHR,10300,True,10,
9447,WPWYALVRTS,10300,True,10,
9448,WAPLGFHDPL,10300,True,10,
9449,VHYWPLTVAG,10300,True,10,
9450,SNPLPQWDLS,10300,True,10,
9451,YPPLAVLDMG,10300,True,10,
9452,GCPHPFTDAL,10300,True,10,
9453,CYCEVPWAWN,10300,True,10,
9454,KHYFPYWGEL,10300,True,10,
9455,CQPKFLWPEF,10300,True,10,
9456,YDVFNLYSGH,10300,True,10,
9457,CPWCALRDWA,10300,True,10,
9458,KRPVYLWDNA,10300,True,10,
9459,GDVWGIYDVF,10300,True,10,
9460,DWPHPFMDGI,10300,True,10,
9461,YPVFNLWDVH,10300,True,10,
9462,HYHYPDPLYT,10300,True,10,
9463,GWPRSWKPTL,10300,True,10,
9464,RTPLGYADGY,10300,True,10,
9465,MSPVAYNDQY,10300,True,10,
9466,SPYLNYHDHR,10300,True,10,
9467,NLWYNYSDMG,10300,True,10,
9468,AHPWNQMDNG,10300,True,10,
9469,ETPYPQLDTS,10300,True,10,
9470,KDPYAWDAMH,10300,True,10,
9471,PCPTGLTDKW,10300,True,10,
9472,WWPVPWTDGH,10300,True,10,
9473,MSPRWYSDQV,10300,True,10,
9474,MFHRWLWDHV,10300,True,10,
9475,HNLNSAYCNG,10300,True,10,
9476,YQHYPTMYEY,10300,True,10,
9477,KYCGFTVIRE,10300,True,10,
9478,WFWMALHDMR,10300,True,10,
9479,EHPYPLWDQG,10300,True,10,
9480,HEVWAYSGEH,10300,True,10,
9481,VKPAYIQGHI,10300,True,10,
9482,NPFWSNFGMW,10300,True,10,
9483,GMAFHILDGW,10300,True,10,
9484,QSPWPVMDVR,10300,True,10,
9485,RSPVPFWSWS,10300,True,10,
9486,VQPRAVSDNG,10300,True,10,
9487,HPRPGRSDSK,10300,True,10,
9488,VHPKWIMDHR,10300,True,10,
9489,WFHLNFRDIW,10300,True,10,
9490,MECDVEPNEP,10300,True,10,
9491,NHPWLQRDSR,10300,True,10,
9492,ELGWPLWSEY,10300,True,10,
9493,PGPYHYIDGQ,10300,True,10,
9494,AHPSAWQDPR,10300,True,10,
9495,KMPRSYDGTG,10300,True,10,
9496,SQPHAYTVSQ,10300,True,10,
9497,RGAGALHGSW,10300,True,10,
9498,WLPTAFYDGH,10300,True,10,
9499,KSPVHFWDHT,10300,True,10,
9500,KGPYNWVDVW,10300,True,10,
9501,TAWSALFDAT,10300,True,10,
9502,TDPIHFYDNS,10300,True,10,
9503,KWPFELWDQW,10300,True,10,
9504,MFPLDVHDHV,10300,True,10,
9505,VFPVAFIDIA,10300,True,10,
9506,YVPRTILDTW,10300,True,10,
9507,LHVSPFWDGT,10300,True,10,
9508,IMGVYQGEDA,10300,True,10,
9509,WMPTGQWAFS,10300,True,10,
9510,MHPIRFTDKW,10300,True,10,
9511,PCWTAFTLHI,10300,True,10,
9512,SWPVDLTDKG,10300,True,10,
9513,HIPTAFTGWG,10300,True,10,
9514,ENWLPLIDPW,10300,True,10,
9515,HCPFAYTGHT,10300,True,10,
9516,WYPSNWMDIW,10300,True,10,
9517,TSPLDWADGY,10300,True,10,
9518,ESAYNMRDGR,10300,True,10,
9519,AFWSHYTDHY,10300,True,10,
9520,LWGWPLYDIA,10300,True,10,
9521,QGPWHIMDNW,10300,True,10,
9522,RYPWSWIDSV,10300,True,10,
9523,YMPRGVFDEG,10300,True,10,
9524,RHPSMLTNGS,10300,True,10,
9525,WHMWALQDPL,10300,True,10,
9526,IDPIPIYDHS,10300,True,10,
9527,WHPRLYINEH,10300,True,10,
9528,PHPIGLVDNG,10300,True,10,
9529,RWPLAVKDHG,10300,True,10,
9530,HWAYHMVDVK,10300,True,10,
9531,SLPRAVYATQ,10300,True,10,
9532,YDPYSWTDKT,10300,True,10,
9533,MFHRWVMDGA,10300,True,10,
9534,ITLTALCGHG,10300,True,10,
9535,ADPLDWFDHG,10300,True,10,
9536,DPVYPLFDGT,10300,True,10,
9537,YGPWHIHDSR,10300,True,10,
9538,HFPRSWTNHS,10300,True,10,
9539,FDYFPHIWPV,10300,True,10,
9540,GLYMWMRHSS,10300,True,10,
9541,PWPYNWTDRA,10300,True,10,
9542,WRPKGVTDWA,10300,True,10,
9543,IYPRAFIGTH,10300,True,10,
9544,MHVWPLWDNH,10300,True,10,
9545,YSPFPFWDTH,10300,True,10,
9546,LSPHSFLDGH,10300,True,10,
9547,HYWQALADGR,10300,True,10,
9548,YPMWHIHDHG,10300,True,10,
9549,GYPANFWDTL,10300,True,10,
9550,SKPWHITDKG,10300,True,10,
9551,HFPLDFTVMT,10300,True,10,
9552,AGPWHITGHY,10300,True,10,
9553,HAWFNLTFPT,10300,True,10,
9554,PNPIHLWTGH,10300,True,10,
9555,DYGLPFWQLQ,10300,True,10,
9556,RCGLAFIDLQ,10300,True,10,
9557,HNPVAMSDRT,10300,True,10,
9558,TYPWKVTAHG,10300,True,10,
9559,THGRSYIGST,10300,True,10,
9560,WVPYQVTDRG,10300,True,10,
9561,RHPYPFVAKH,10300,True,10,
9562,HWPRELWDHT,10300,True,10,
9563,IHVWPYAGEW,10300,True,10,
9564,IFPRDYTDMY,10300,True,10,
9565,YVPHGFTDPI,10300,True,10,
9566,GKPFPQLDGW,10300,True,10,
9567,RTPSELHDEF,10300,True,10,
9568,HNPLGQYDIA,10300,True,10,
9569,HMPLGYRDHG,10300,True,10,
9570,VAPRAHYDGV,10300,True,10,
9571,PIPLHSHDEH,10300,True,10,
9572,CWPYELTDPY,10300,True,10,
9573,HFTRGLYDIA,10300,True,10,
9574,ANPYTLWDEH,10300,True,10,
9575,WPVHSFIANA,10300,True,10,
9576,PWPRELSTGW,10300,True,10,
9577,PSWLALAQVY,10300,True,10,
9578,LVPRTFVDQS,10300,True,10,
9579,SHPLAVTYPL,10300,True,10,
9580,HM$HALWDTL,10300,True,10,special_token
9581,LHFQGLWETG,10300,True,10,
9582,NPEQPLHMAQ,10300,True,10,
9583,HWAYPLWDAT,10300,True,10,
9584,RAYSFWLDNA,10300,True,10,
9585,YVGWPLWDTH,10300,True,10,
9586,NSPLSWTDTA,10300,True,10,
9587,AEPRYWTDNY,10300,True,10,
9588,WHIPFAYTGW,10300,True,10,
9589,WHPIGITASG,10300,True,10,
9590,TVTIVLWGMY,10300,True,10,
9591,VYPRPVLDHG,10300,True,10,
9592,PAQDYMWDRT,10300,True,10,
9593,WAHFDFPGSL,10300,True,10,
9594,MHPKSLWSEG,10300,True,10,
9595,LMPVHMIDEG,10300,True,10,
9596,HPHRSLHDWL,10300,True,10,
9597,TWPSDLSAEH,10300,True,10,
9598,HIPKFLTDGY,10300,True,10,
9599,DLPYAWVDHW,10300,True,10,
9600,LVPRGVYNAR,4761,True,10,
9601,TWPAGMRSQG,4761,True,10,
9602,MYPFGMRGGR,4761,True,10,
9603,SPPRSMRGEK,4761,True,10,
9604,MFPRAFMGPW,4761,True,10,
9605,GPPRAVTAMW,4761,True,10,
9606,SMPRGFLGQG,4761,True,10,
9607,MWPRGMSTGF,4761,True,10,
9608,WNPLGMYGWQ,4761,True,10,
9609,RLPVAIRGRT,4761,True,10,
9610,STPGWMHNRI,4761,True,10,
9611,SPPQGMVGQW,4761,True,10,
9612,MGPRAYRGPK,4761,True,10,
9613,NAPRGMHGPT,4761,True,10,
9614,YAPRAFMSEK,4761,True,10,
9615,NRPSGMVNRT,4761,True,10,
9616,PQPRAVTASG,4761,True,10,
9617,TLPVGMFGMS,4761,True,10,
9618,RLPVGMYSNA,4761,True,10,
9619,LQPRGVRTAS,4761,True,10,
9620,EQPRAYIGRG,4761,True,10,
9621,NMPRGSMGTA,4761,True,10,
9622,MAPWGIFAQH,4761,True,10,
9623,MFPRGMHGEG,4761,True,10,
9624,QTPRGLVGTY,4761,True,10,
9625,KGPYGMRSVR,4761,True,10,
9626,MIPAGFVARA,4761,True,10,
9627,MTPRGMRTAH,4761,True,10,
9628,MGPRSYMGPY,4761,True,10,
9629,NQPRPFYSNT,4761,True,10,
9630,SRPRAYRGQK,4761,True,10,
9631,YWPSGMRSIK,4761,True,10,
9632,IQPRGVTASG,4761,True,10,
9633,MYPSGWRAEI,4761,True,10,
9634,AWPAGVQARY,4761,True,10,
9635,QYPWGMRSTG,4761,True,10,
9636,QIPRPVMGKA,4761,True,10,
9637,MHPRGVLSQA,4761,True,10,
9638,LGPRAYRGWQ,4761,True,10,
9639,LYPRGMTSHG,4761,True,10,
9640,TQPRGVRTAS,4761,True,10,
9641,MAPRSMFGET,4761,True,10,
9642,TQPRGVKATV,4761,True,10,
9643,RYPRGMRGIK,4761,True,10,
9644,WHPWGMRAPA,4761,True,10,
9645,HTPYGMRGTG,4761,True,10,
9646,VYPSGMYGRT,4761,True,10,
9647,MSPRGMRTAH,4761,True,10,
9648,HQPLGYHGMK,4761,True,10,
9649,PTPVGFYGPR,4761,True,10,
9650,MYPRAFINKH,4761,True,10,
9651,EYPSGMRNSY,4761,True,10,
9652,YTPRGYRNAR,4761,True,10,
9653,MHPSGMTASG,4761,True,10,
9654,TLPRAWRGWQ,4761,True,10,
9655,MNPLGIMSGY,4761,True,10,
9656,RNPYGMRSHK,4761,True,10,
9657,GMPRAYRAMI,4761,True,10,
9658,TMPRAFRGRF,4761,True,10,
9659,GLPRAYMALQ,4761,True,10,
9660,TMPKGMRNGR,4761,True,10,
9661,NSPVAMTGRG,4761,True,10,
9662,MFPRAFWGKV,4761,True,10,
9663,MAPRGQRGPQ,4761,True,10,
9664,SLPRAITAKR,4761,True,10,
9665,REPHGMAVAA,4761,True,10,
9666,YGPRSHQDLF,4761,True,10,
9667,FMPRAFRAIH,4761,True,10,
9668,LMPRSFLNTW,4761,True,10,
9669,SLPRPIMAET,4761,True,10,
9670,MEPRAYRGVQ,4761,True,10,
9671,GFPRGFSGQS,4761,True,10,
9672,QIPRAFYTGR,4761,True,10,
9673,MTPRGFQSPW,4761,True,10,
9674,MSPRGVTASG,4761,True,10,
9675,MWPLGFRSNL,4761,True,10,
9676,WNPSGMTASG,4761,True,10,
9677,RKPAGMRGNA,4761,True,10,
9678,WVPRGVRGTS,4761,True,10,
9679,YQPSGWRGSR,4761,True,10,
9680,KTPVGMRGWS,4761,True,10,
9681,LNPAGMTASG,4761,True,10,
9682,VMPRSMRGWT,4761,True,10,
9683,NWPRSWRAGI,4761,True,10,
9684,YRPRPFKGQH,4761,True,10,
9685,VNPEGIRAQW,4761,True,10,
9686,CPPRPVMGPG,4761,True,10,
9687,PWPRAFRSNL,4761,True,10,
9688,MSPRGVRGWH,4761,True,10,
9689,FWPRGMISGQ,4761,True,10,
9690,LIPRPVWGSY,4761,True,10,
9691,AYPRPYIGEK,4761,True,10,
9692,GQPRSWLGRL,4761,True,10,
9693,TSGRALWSVS,4761,True,10,
9694,ESPRGMTSVQ,4761,True,10,
9695,KAPAGVRGVK,4761,True,10,
9696,SAPQGMRNSR,4761,True,10,
9697,PTPRGFHNTQ,4761,True,10,
9698,IHPSGMTAGY,4761,True,10,
9699,FMPRSFHGPI,4761,True,10,
9700,MQPRSMRGTK,4761,True,10,
9701,KMPRGFRSQW,4761,True,10,
9702,GIPRPLYAKY,4761,True,10,
9703,GYPSGMRANK,4761,True,10,
9704,VRPEPMRGNR,4761,True,10,
9705,TSPQGMRGLA,4761,True,10,
9706,FHPSGMRGIV,4761,True,10,
9707,SRPSGWISET,4761,True,10,
9708,GMPRAFMAIQ,4761,True,10,
9709,VGPRAMSGPI,4761,True,10,
9710,NKPSGMRGEQ,4761,True,10,
9711,TTPYGMRGNW,4761,True,10,
9712,AQPHGFRSMG,4761,True,10,
9713,IAPRGFIANT,4761,True,10,
9714,IRPAGMRSTS,4761,True,10,
9715,TMPRPFLGNH,4761,True,10,
9716,YQPRAFLGPR,4761,True,10,
9717,NTPRGYMSTI,4761,True,10,
9718,PQPRSWSGPF,4761,True,10,
9719,GRPRSWRATR,4761,True,10,
9720,YLPRAVRSMH,4761,True,10,
9721,AMPRSYRGWA,4761,True,10,
9722,AYPRAYHSIR,4761,True,10,
9723,PAPRAFRSTG,4761,True,10,
9724,LMPRSTRGPR,4761,True,10,
9725,LGPRPFYSPR,4761,True,10,
9726,YWPRGSLGTH,4761,True,10,
9727,WYPRGMRSTS,4761,True,10,
9728,YQPRGVKGRV,4761,True,10,
9729,MIPRAVIGAG,4761,True,10,
9730,WRPGAMHVNS,4761,True,10,
9731,EMPRSFQSIF,4761,True,10,
9732,MYPQGMRAHY,4761,True,10,
9733,MNPSGMTASG,4761,True,10,
9734,YNPAGMRSHS,4761,True,10,
9735,TMPRSMYGKR,4761,True,10,
9736,WTPLGQITGS,4761,True,10,
9737,AYPAGMRGQG,4761,True,10,
9738,YIPRPFLGRG,4761,True,10,
9739,SEPFGMRGKQ,4761,True,10,
9740,AVPRAWRAGY,4761,True,10,
9741,IEPRGYRGMR,4761,True,10,
9742,PYPRGYRSGT,4761,True,10,
9743,MTPRAVFTGR,4761,True,10,
9744,MMPRGVIGRI,4761,True,10,
9745,HMPRSMRSHY,4761,True,10,
9746,MTPRSWTASG,4761,True,10,
9747,AWPRAFTGSA,4761,True,10,
9748,IFPRGMRGNG,4761,True,10,
9749,HCIFGMRATR,4761,True,10,
9750,RGPVPMIGPR,4761,True,10,
9751,EMPRGFTASG,4761,True,10,
9752,TMPRAFKGQI,4761,True,10,
9753,FEPRGYRSWT,4761,True,10,
9754,VNPQGMRVNH,4761,True,10,
9755,MRPVGMRSWY,4761,True,10,
9756,GRPSGFRSWA,4761,True,10,
9757,WVPRGLTASG,4761,True,10,
9758,LYPRAYRGVT,4761,True,10,
9759,SIPRPVAAER,4761,True,10,
9760,YEPRMLFTAS,4761,True,10,
9761,MTPRGMHSQY,4761,True,10,
9762,GRPRPFRGRI,4761,True,10,
9763,WMPRGYRGVQ,4761,True,10,
9764,LVPRGSAVNG,4761,True,10,
9765,QMPRGMIGVG,4761,True,10,
9766,QTPRGSRNAG,4761,True,10,
9767,INPFGMKSLS,4761,True,10,
9768,SMPRSWISMH,4761,True,10,
9769,PYPRPFLAPA,4761,True,10,
9770,TVPRGVRSQT,4761,True,10,
9771,TSPVALTGHY,4761,True,10,
9772,PRPRGMRSGQ,4761,True,10,
9773,RYPRAFRGVG,4761,True,10,
9774,ATPRGYTGMG,4761,True,10,
9775,EYPWGMRNWA,4761,True,10,
9776,WGPSGQMAYT,4761,True,10,
9777,KWPAGVTASG,4761,True,10,
9778,KRPMGMRGHG,4761,True,10,
9779,QAPRGMTAPI,4761,True,10,
9780,APPRPVMAHQ,4761,True,10,
9781,QMPRGFIGWK,4761,True,10,
9782,KLPRAWMGIG,4761,True,10,
9783,NYPRPFRGIK,4761,True,10,
9784,WTPRGYTNWG,4761,True,10,
9785,WRPAGSQTIR,4761,True,10,
9786,AMPRGVFSKG,4761,True,10,
9787,YQPRAYIAGT,4761,True,10,
9788,GMPRAFTASG,4761,True,10,
9789,QWPRSMIGRY,4761,True,10,
9790,NQPFGMYGPI,4761,True,10,
9791,WRPSHWTASG,4761,True,10,
9792,GQPRGMKGPT,4761,True,10,
9793,LQPRGMRGIQ,4761,True,10,
9794,PWPLGFTASG,4761,True,10,
9795,SQPRPFLGMA,4761,True,10,
9796,QMPRSWIGIQ,4761,True,10,
9797,VRPRGMRGAS,4761,True,10,
9798,YHPSGMGAKY,4761,True,10,
9799,KVPRSWRGIY,4761,True,10,
9800,AIPRPVMGNI,4761,True,10,
9801,QYPRGMRSTR,4761,True,10,
9802,VHPSGFKGRW,4761,True,10,
9803,PAPRSMLGPI,4761,True,10,
9804,IQPRALWGQK,4761,True,10,
9805,RTPAGMRGRL,4761,True,10,
9806,NHPRGMIGIQ,4761,True,10,
9807,SMPRALQGVK,4761,True,10,
9808,NMPRGFVSGL,4761,True,10,
9809,KQPRAYQGMH,4761,True,10,
9810,MTPRGMIGIR,4761,True,10,
9811,SRPLGYTASG,4761,True,10,
9812,IRPHGFRSQS,4761,True,10,
9813,FYPRSWRGTL,4761,True,10,
9814,QMPRSFKGLV,4761,True,10,
9815,NSVWGIYSPG,4761,True,10,
9816,MWPRGMRSGV,4761,True,10,
9817,RQPRGVFTPS,4761,True,10,
9818,SQPRGMSGIY,4761,True,10,
9819,QTPVQMRGPQ,4761,True,10,
9820,VWPAGVRNTK,4761,True,10,
9821,IHPSGMTASG,4761,True,10,
9822,WMPRAYTASG,4761,True,10,
9823,WQPRGMQSTH,4761,True,10,
9824,MHPRPIMARI,4761,True,10,
9825,QLPRAYHGHG,4761,True,10,
9826,WTPGAMASMK,4761,True,10,
9827,TAPIGIYGKF,4761,True,10,
9828,GMPRAYWGTQ,4761,True,10,
9829,TMPLGVIGRK,4761,True,10,
9830,WLPRAILGQR,4761,True,10,
9831,YKPAGVIGNY,4761,True,10,
9832,MRPRGMRGNS,4761,True,10,
9833,YTPRGMHGSQ,4761,True,10,
9834,VTPRSQYGHT,4761,True,10,
9835,MIPRPVASNG,4761,True,10,
9836,WHPLGIKSQG,4761,True,10,
9837,MPPRGMRNGI,4761,True,10,
9838,SMPRGYFGAL,4761,True,10,
9839,LQPRGYHSPR,4761,True,10,
9840,TMPRSYRGMT,4761,True,10,
9841,MLPRAIQSRY,4761,True,10,
9842,SWPRPVRGWR,4761,True,10,
9843,SWPVGMISWQ,4761,True,10,
9844,RQPRGYHAMG,4761,True,10,
9845,QYPRGVRGMQ,4761,True,10,
9846,RWPAGVRSMR,4761,True,10,
9847,QHPVGMRGVR,4761,True,10,
9848,MWPRGMRGSG,4761,True,10,
9849,IQPRNVRSHA,4761,True,10,
9850,SKPRGMFAGA,4761,True,10,
9851,MDPMSMRGWG,4761,True,10,
9852,TWPYGMRGTK,4761,True,10,
9853,LYPRAYRGQA,4761,True,10,
9854,NKPSGMRAWT,4761,True,10,
9855,NQPAGFRGRI,4761,True,10,
9856,WKPAGMRGAK,4761,True,10,
9857,TDPMGMRSVK,4761,True,10,
9858,GMPRSFYSNR,4761,True,10,
9859,KTPLGQISGP,4761,True,10,
9860,YSPFGMRSHI,4761,True,10,
9861,MQPRAFMGMT,4761,True,10,
9862,GQPRAFTASG,4761,True,10,
9863,RQPRGMRGML,4761,True,10,
9864,MQPRGMRGNY,4761,True,10,
9865,SLPRPVRAIK,4761,True,10,
9866,VSPAGVTASG,4761,True,10,
9867,WPPRGMYSQI,4761,True,10,
9868,MVPRGVFNNG,4761,True,10,
9869,MAPSGFRATI,4761,True,10,
9870,LMPRAVRGKA,4761,True,10,
9871,AWPRPLISTR,4761,True,10,
9872,TMPRSHRGIY,4761,True,10,
9873,LAPAGMYTGY,4761,True,10,
9874,VLPRPVMSRY,4761,True,10,
9875,RPPEPLMGRG,4761,True,10,
9876,PRPTGVRSTV,4761,True,10,
9877,MIPRAYKGKA,4761,True,10,
9878,NWRSVRGAPI,4761,True,10,
9879,YAPRGVSVRY,4761,True,10,
9880,MYPRSMVSRI,4761,True,10,
9881,MHPRGMRNIL,4761,True,10,
9882,TLPQAWIGIR,4761,True,10,
9883,GTPRAFRTAS,4761,True,10,
9884,AWPLGQMNIF,4761,True,10,
9885,MKPVGMRNVI,4761,True,10,
9886,SVPRGMRSNS,4761,True,10,
9887,PSPRAFINTF,4761,True,10,
9888,VMPSGFRGKT,4761,True,10,
9889,WYPRGMKGLR,4761,True,10,
9890,MTPRAMWGRL,4761,True,10,
9891,IMPRAFTASG,4761,True,10,
9892,KTPRSMLGTK,4761,True,10,
9893,SMPRSWQGPI,4761,True,10,
9894,FQPLGQYVRG,4761,True,10,
9895,PRPRPMLAWV,4761,True,10,
9896,FNPSGMTSMF,4761,True,10,
9897,MGPWGMRGPK,4761,True,10,
9898,HWPRGMVNGF,4761,True,10,
9899,HMPRAFVGNG,4761,True,10,
9900,MNPLGIRSVG,4761,True,10,
9901,THPLGYRGWR,4761,True,10,
9902,QFPRAFHVNV,4761,True,10,
9903,SLPRTLWGVW,4761,True,10,
9904,MVPSAMRGQS,4761,True,10,
9905,SYPRSLRGMR,4761,True,10,
9906,STPRGQIALI,4761,True,10,
9907,RIPAGMRGNA,4761,True,10,
9908,MLPRAYRAPR,4761,True,10,
9909,TQPRSWRSIV,4761,True,10,
9910,LMPRGVRGER,4761,True,10,
9911,MVPRAVYAKH,4761,True,10,
9912,WMPRGSRGTV,4761,True,10,
9913,CGPMGMRAQL,4761,True,10,
9914,PMPRSFLAGI,4761,True,10,
9915,AFPQGMTASG,4761,True,10,
9916,GYPLGMKGPY,4761,True,10,
9917,KEPLSYRGIS,4761,True,10,
9918,SLPYGMRSQR,4761,True,10,
9919,PTPRGSFVLT,4761,True,10,
9920,LFPWGVRVRK,4761,True,10,
9921,AQPRSWMANA,4761,True,10,
9922,MFPRGTAFMR,4761,True,10,
9923,TNPQGMRNGR,4761,True,10,
9924,VFPAGMLNQK,4761,True,10,
9925,MGPWGMRSRI,4761,True,10,
9926,QMPLGMTASG,4761,True,10,
9927,FPPSGFRSHT,4761,True,10,
9928,SQPRAYRGAG,4761,True,10,
9929,WQPFGMRSWV,4761,True,10,
9930,LEPRPVYAHY,4761,True,10,
9931,FRPHGPFTAS,4761,True,10,
9932,WRPSGMYGPQ,4761,True,10,
9933,YMPRAFHSPI,4761,True,10,
9934,RNPSGWFAMY,4761,True,10,
9935,DQPAGMTSGR,4761,True,10,
9936,RAPRSHFGRW,4761,True,10,
9937,LYPRAFKGMK,4761,True,10,
9938,YSPRSYWGIG,4761,True,10,
9939,YHPRAMRGTA,4761,True,10,
9940,PWPRGFTVPR,4761,True,10,
9941,RNPAGMWSTQ,4761,True,10,
9942,MRPSAMLSGR,4761,True,10,
9943,QIPRAFIGGR,4761,True,10,
9944,GQPRSYQSIG,4761,True,10,
9945,IMPRSYRGQK,4761,True,10,
9946,WEPVGMTASG,4761,True,10,
9947,VAPRPVMSER,4761,True,10,
9948,SVPRGVRNAY,4761,True,10,
9949,PAPRSYRGRF,4761,True,10,
9950,VLPRSWTGVA,4761,True,10,
9951,YKPSGMRGRG,4761,True,10,
9952,YTPLGQYSGY,4761,True,10,
9953,IWPAGMRNSY,4761,True,10,
9954,NHPVQMRGWR,4761,True,10,
9955,TAPQGMRGNS,4761,True,10,
9956,WQPRGMKNAT,4761,True,10,
9957,ERPSGMIGNV,4761,True,10,
9958,VQPRGVWSGY,4761,True,10,
9959,FHPRGVMGIA,4761,True,10,
9960,WVPRGVTASG,4761,True,10,
9961,GMPRAFTASG,4761,True,10,
9962,MHPSGYRGTG,4761,True,10,
9963,GLPRPVMSIR,4761,True,10,
9964,QTPRGVTASG,4761,True,10,
9965,VAPSGWKAIS,4761,True,10,
9966,MQPRGMQGAV,4761,True,10,
9967,MGPWGMRNRG,4761,True,10,
9968,MQPRNVMAVT,4761,True,10,
9969,QLPRAMQGTR,4761,True,10,
9970,RTPVGMIGIQ,4761,True,10,
9971,MIPFGMKGPT,4761,True,10,
9972,MYPSGMRGWY,4761,True,10,
9973,RFPLGMRNSV,4761,True,10,
9974,TMPRSYIGNA,4761,True,10,
9975,KIPRPVLSGQ,4761,True,10,
9976,QAPRAFLGWR,4761,True,10,
9977,IYPLGMRGTS,4761,True,10,
9978,ANPRGYRATI,4761,True,10,
9979,LNPHGMTSTV,4761,True,10,
9980,FWPRGMKNGY,4761,True,10,
9981,MRPAGVKGPQ,4761,True,10,
9982,VYPRAFHGQR,4761,True,10,
9983,WSPSGMRGWV,4761,True,10,
9984,LMPRSKIGNH,4761,True,10,
9985,HMPLGMRGQG,4761,True,10,
9986,VMPRAFRSRG,4761,True,10,
9987,GQPRAFRGWS,4761,True,10,
9988,GSPRAFRGAK,4761,True,10,
9989,WMPLGMRSHR,4761,True,10,
9990,QMPWGMRSGL,4761,True,10,
9991,HLPRALRGNS,4761,True,10,
9992,LWPVGMRSMR,4761,True,10,
9993,NQPAGMRGPG,4761,True,10,
9994,TPPQGMWAVG,4761,True,10,
9995,IGPSGFRAGT,4761,True,10,
9996,RQPHGFTASG,4761,True,10,
9997,HRPRGSMSEF,4761,True,10,
9998,SGPYGMYTAS,4761,True,10,
9999,LHPRGMIGIT,4761,True,10,
10000,KAPEGVRGQH,7265,True,10,
10001,WQPVAWRGHG,7265,True,10,
10002,RTPRGMIGPH,7265,True,10,
10003,RGPVAMHGSQ,7265,True,10,
10004,YGPSGMHGIR,7265,True,10,
10005,GRPAGVRGPR,7265,True,10,
10006,AGPAKWISVR,7265,True,10,
10007,RAPAGVRGHL,7265,True,10,
10008,APPRASWGSK,7265,True,10,
10009,AGPQGPVGEK,7265,True,10,
10010,GLPGAMRGWK,7265,True,10,
10011,GTPRGSKGQY,7265,True,10,
10012,ISPSGWRGVR,7265,True,10,
10013,MGPAGVFGHA,7265,True,10,
10014,TPPSGWTAKT,7265,True,10,
10015,GGPSGWRGHI,7265,True,10,
10016,RQPAGVKGRY,7265,True,10,
10017,MTPSGQWGPK,7265,True,10,
10018,QSPGAMWGAT,7265,True,10,
10019,REPAGVRSAI,7265,True,10,
10020,RAPVGMRTAS,7265,True,10,
10021,RGPVGMRSKL,7265,True,10,
10022,PRPAGIRGVG,7265,True,10,
10023,VAPGPFMGVS,7265,True,10,
10024,GIPRPVLGLT,7265,True,10,
10025,VGPEPMRGIF,7265,True,10,
10026,TQPRGQVGRQ,7265,True,10,
10027,HTPVGQLGTI,7265,True,10,
10028,RSPSGWRASV,7265,True,10,
10029,TPIYGMRGQA,7265,True,10,
10030,PLPTALRGPH,7265,True,10,
10031,SVPSGVRGQG,7265,True,10,
10032,PGPAGVHGKI,7265,True,10,
10033,GAPRASRGKY,7265,True,10,
10034,APPWGMRGGK,7265,True,10,
10035,QGPHGMRGNH,7265,True,10,
10036,LAPRSYRGLR,7265,True,10,
10037,DNPRGMKGMK,7265,True,10,
10038,RTPKGMQGNG,7265,True,10,
10039,TPPSGMTASG,7265,True,10,
10040,QGPSGFRGWR,7265,True,10,
10041,VMPSGFIGGH,7265,True,10,
10042,HKPFGMLGIR,7265,True,10,
10043,QGPWGVMGHH,7265,True,10,
10044,AIPAGFRGNT,7265,True,10,
10045,GRPSAMKGMA,7265,True,10,
10046,SHPRGSTASG,7265,True,10,
10047,GNPAGMRGRW,7265,True,10,
10048,LKPSGMVGTR,7265,True,10,
10049,PAPRAVMAPT,7265,True,10,
10050,AGPQHMIGQF,7265,True,10,
10051,MVPSGWRSHK,7265,True,10,
10052,LEPRNVTSGL,7265,True,10,
10053,GQPAGMKGSA,7265,True,10,
10054,VQPSGVYGPR,7265,True,10,
10055,QGPLGRSGQW,7265,True,10,
10056,VGPQWMHGMY,7265,True,10,
10057,APPQGMRAGR,7265,True,10,
10058,SGPSGMRGTA,7265,True,10,
10059,GPPHGSFGLY,7265,True,10,
10060,VKPQGMQGSG,7265,True,10,
10061,RGPYGMRNGL,7265,True,10,
10062,QGPWGVLGVR,7265,True,10,
10063,WVPRGVIGQH,7265,True,10,
10064,GWPAGMKGRG,7265,True,10,
10065,YHPSGVRGHS,7265,True,10,
10066,RAPVGMRGKH,7265,True,10,
10067,GTPSGMKGSR,7265,True,10,
10068,TRPSGWTASG,7265,True,10,
10069,ADPSGFMGNT,7265,True,10,
10070,PRPAGVQGNK,7265,True,10,
10071,TWPYGMRGNR,7265,True,10,
10072,VPPGAMFGHR,7265,True,10,
10073,RPPSGWTASG,7265,True,10,
10074,GQPAGMVNSG,7265,True,10,
10075,PVPWGWRGKS,7265,True,10,
10076,GNPAGMRSKR,7265,True,10,
10077,RPPSGFRGTK,7265,True,10,
10078,GQPAGMRGEH,7265,True,10,
10079,GRPSGVKGKR,7265,True,10,
10080,RHPVHMAGVR,7265,True,10,
10081,MAPWGVTASG,7265,True,10,
10082,RTPVGMYNSV,7265,True,10,
10083,DTPRGPFGKS,7265,True,10,
10084,AGPAGFTGQA,7265,True,10,
10085,SGPSGFIGTA,7265,True,10,
10086,KTPVGMHGVQ,7265,True,10,
10087,LIPTSFKGQK,7265,True,10,
10088,FRPGAMKGRT,7265,True,10,
10089,SGPKGMRSTA,7265,True,10,
10090,GRPSAFYATL,7265,True,10,
10091,SAPVGMTGLR,7265,True,10,
10092,FGPQGMKGMA,7265,True,10,
10093,PQPAGMHSLV,7265,True,10,
10094,RRPSGQTHGT,7265,True,10,
10095,RTPMGMYGTI,7265,True,10,
10096,MVPYGWRNQV,7265,True,10,
10097,QRPSGMRNEK,7265,True,10,
10098,GQPRGMKGKR,7265,True,10,
10099,HRPQGVYATQ,7265,True,10,
10100,GAPAGVRGKG,7265,True,10,
10101,VPPRPFTGPR,7265,True,10,
10102,DVPSGMRGHG,7265,True,10,
10103,RAPVAFQANS,7265,True,10,
10104,VQPFGFSGAV,7265,True,10,
10105,GPPSGKRSMK,7265,True,10,
10106,GHPHGSFATG,7265,True,10,
10107,RQPRGMHTAT,7265,True,10,
10108,KSPRGMRSGH,7265,True,10,
10109,VAPSGWRGTA,7265,True,10,
10110,KVPSGVLGIR,7265,True,10,
10111,RAPRPVTGRY,7265,True,10,
10112,HVPRAVRGAW,7265,True,10,
10113,AQPTGFTASG,7265,True,10,
10114,GPPSGWRSMH,7265,True,10,
10115,KYPAGVRGNI,7265,True,10,
10116,SAPVGMSGAH,7265,True,10,
10117,ARPSGWRGMG,7265,True,10,
10118,AVPQGVRAGK,7265,True,10,
10119,QAPRAYRGQR,7265,True,10,
10120,TRPSGVRAGR,7265,True,10,
10121,SKPWGVRGMG,7265,True,10,
10122,PMPRAFIGRH,7265,True,10,
10123,GRPAGVKSKY,7265,True,10,
10124,KHPRAFKGVF,7265,True,10,
10125,TAPSGKWSGR,7265,True,10,
10126,GRGYSMRGLH,7265,True,10,
10127,MKPSGWRGVR,7265,True,10,
10128,IGPSGYRGVA,7265,True,10,
10129,AGPQGVRNPR,7265,True,10,
10130,GPPSGVRGMR,7265,True,10,
10131,TGPFGMKGSR,7265,True,10,
10132,GRPSGVRATA,7265,True,10,
10133,HSPVPFYAIR,7265,True,10,
10134,RDPRGVRGWR,7265,True,10,
10135,PHPSGVTASG,7265,True,10,
10136,KAPLGQRGVK,7265,True,10,
10137,LSPAPFWGKR,7265,True,10,
10138,GRPSGVLGHK,7265,True,10,
10139,NTPRGQWSTF,7265,True,10,
10140,GRPVPFWGQG,7265,True,10,
10141,VGPAPFVGAH,7265,True,10,
10142,RAPSGWRGPK,7265,True,10,
10143,RTPLGQRGAL,7265,True,10,
10144,VRPGPFMSRY,7265,True,10,
10145,AQPRGMQGTR,7265,True,10,
10146,APPQGMRGRY,7265,True,10,
10147,GQPAGFSGLV,7265,True,10,
10148,QMPLGYQGTQ,7265,True,10,
10149,RGPKGVTNRT,7265,True,10,
10150,RVPVGMYGNR,7265,True,10,
10151,AQPRGMFGLG,7265,True,10,
10152,RTPRGNWGHT,7265,True,10,
10153,KGPQGMRGQI,7265,True,10,
10154,QMPFGMRGLR,7265,True,10,
10155,GMPQGMRGTH,7265,True,10,
10156,ARPEAQVGQT,7265,True,10,
10157,GQPAGVKGMS,7265,True,10,
10158,RAPKVLRGPH,7265,True,10,
10159,SRPRGLAGSR,7265,True,10,
10160,RTPSGVSGHR,7265,True,10,
10161,GAPAGVTGRH,7265,True,10,
10162,LEPLGWRTVL,7265,True,10,
10163,RQPSGVRGAK,7265,True,10,
10164,ATPSGQWGWQ,7265,True,10,
10165,VQPAGVRGAT,7265,True,10,
10166,PAPASWRGPR,7265,True,10,
10167,QILYGLTGIH,7265,True,10,
10168,GAPSGPFGQR,7265,True,10,
10169,YSPSGVRGHQ,7265,True,10,
10170,MRPSGFTAMV,7265,True,10,
10171,WQPRGMVGQY,7265,True,10,
10172,EAPSGVRGPI,7265,True,10,
10173,LTPMGYRGQG,7265,True,10,
10174,SRPSGWMARI,7265,True,10,
10175,AGPQHWRGTR,7265,True,10,
10176,AHPSGVRGTF,7265,True,10,
10177,LTPVGMLSPY,7265,True,10,
10178,PAPASVWGQK,7265,True,10,
10179,YAPRASKGVG,7265,True,10,
10180,GQPAGMKGHR,7265,True,10,
10181,RAPAGVTGSH,7265,True,10,
10182,MGPQGMRGPA,7265,True,10,
10183,IRPQGMRGVK,7265,True,10,
10184,GRPSGVRSLA,7265,True,10,
10185,NPPAGVRGTR,7265,True,10,
10186,YTPRSWTGPA,7265,True,10,
10187,ESPMGMRGPV,7265,True,10,
10188,MKPVGMRGVR,7265,True,10,
10189,SGPVASRGTA,7265,True,10,
10190,PTPRSYMGLG,7265,True,10,
10191,TAPFGFTASG,7265,True,10,
10192,AVPSGVRGEY,7265,True,10,
10193,FQPRSQRGNR,7265,True,10,
10194,ANPSGFTASG,7265,True,10,
10195,SRPSGYRGSH,7265,True,10,
10196,AMPRGLTGGR,7265,True,10,
10197,TAPSGVRGAK,7265,True,10,
10198,PHPVSMRGMK,7265,True,10,
10199,MVPRQVLGPR,7265,True,10,
10200,RAPRSMHGVH,7265,True,10,
10201,GAPRSWSAEI,7265,True,10,
10202,GYPRAYRGTV,7265,True,10,
10203,AGPAGMRGYT,7265,True,10,
10204,QMPRQVFSNQ,7265,True,10,
10205,MRPSGVTASG,7265,True,10,
10206,EHPSGVRGPI,7265,True,10,
10207,DLPRAVTSNK,7265,True,10,
10208,VGPKGVRGAI,7265,True,10,
10209,SQPVGMRGNR,7265,True,10,
10210,QPPSGWRGTR,7265,True,10,
10211,GTPRQVLGKT,7265,True,10,
10212,PVPRGTASKR,7265,True,10,
10213,GPPEPFMGQH,7265,True,10,
10214,GRPVGMRSHI,7265,True,10,
10215,GIPAVMRGQS,7265,True,10,
10216,TAPSGWFSQS,7265,True,10,
10217,SAPRSMANSG,7265,True,10,
10218,GQPNAQRGER,7265,True,10,
10219,AGPSGFRGST,7265,True,10,
10220,MAPREVFGRH,7265,True,10,
10221,HEPFGMQGQH,7265,True,10,
10222,AQPRGVTASG,7265,True,10,
10223,GYPGKMHGRG,7265,True,10,
10224,AGPQGVMGSR,7265,True,10,
10225,MGPAGVTASG,7265,True,10,
10226,WKPRGSTASG,7265,True,10,
10227,PMPRAFLGIA,7265,True,10,
10228,VGPVGMGSGF,7265,True,10,
10229,VSPVPFWGNK,7265,True,10,
10230,GSPAHVTGAY,7265,True,10,
10231,VGPAGFHGQH,7265,True,10,
10232,FHPSGMRGRH,7265,True,10,
10233,MKPAGVTSHR,7265,True,10,
10234,PMPRQVFNHL,7265,True,10,
10235,TMPTGMRGMH,7265,True,10,
10236,GRPSGVSGQK,7265,True,10,
10237,TAPKGMKGWG,7265,True,10,
10238,STPSGVLGMG,7265,True,10,
10239,GQPRGVRGAF,7265,True,10,
10240,GVPSGVKGAR,7265,True,10,
10241,LQPRGVSGAG,7265,True,10,
10242,AVPSGVRGHG,7265,True,10,
10243,ATPEPWTGVK,7265,True,10,
10244,PMPRAYIGRL,7265,True,10,
10245,TMPSGFRGIY,7265,True,10,
10246,ATPVGMWSQW,7265,True,10,
10247,MSPSGMLGLR,7265,True,10,
10248,GIPAGFRGQG,7265,True,10,
10249,NAPQGMRGSH,7265,True,10,
10250,TMPSGWTNAR,7265,True,10,
10251,GKPAGMSGSA,7265,True,10,
10252,PAPLGFRSDH,7265,True,10,
10253,RPPSGMSGWR,7265,True,10,
10254,RPRQGRTASG,7265,True,10,
10255,GFPRAFLGQR,7265,True,10,
10256,VRPGPFMGMG,7265,True,10,
10257,AQPSGFTGRW,7265,True,10,
10258,NGPSGVWAWY,7265,True,10,
10259,GRPSGMQGNR,7265,True,10,
10260,RGPKGMHSKT,7265,True,10,
10261,AMPGAMRGTR,7265,True,10,
10262,AQPVGMLGMR,7265,True,10,
10263,RMPSGWRGIL,7265,True,10,
10264,AHPSGMRGQL,7265,True,10,
10265,WKPAGVRGKH,7265,True,10,
10266,QAPWGVRGIT,7265,True,10,
10267,SMPRSYRGTY,7265,True,10,
10268,GQPSGFRAHQ,7265,True,10,
10269,GKPVGMRGNK,7265,True,10,
10270,ASPVQMRARH,7265,True,10,
10271,DAPSGVKGRQ,7265,True,10,
10272,TRPRGVLGRV,7265,True,10,
10273,SRPLGWKGQT,7265,True,10,
10274,SNPAGVRGTR,7265,True,10,
10275,GAPRGVTASG,7265,True,10,
10276,PLPTGFTASG,7265,True,10,
10277,GTPSGVRGNG,7265,True,10,
10278,GRPAGMHGRH,7265,True,10,
10279,RGPKGMRSNA,7265,True,10,
10280,QAPRGVQGNQ,7265,True,10,
10281,GRTGPARAIV,7265,True,10,
10282,PFPLGFRGLG,7265,True,10,
10283,PGPQGMKGHR,7265,True,10,
10284,RSPLGFGAKI,7265,True,10,
10285,QVPSGVRSQA,7265,True,10,
10286,GLPSPVWSVR,7265,True,10,
10287,DKPSGMTASG,7265,True,10,
10288,QMPRQVRGVF,7265,True,10,
10289,PQPRAVMGMT,7265,True,10,
10290,HAPYGMYGKY,7265,True,10,
10291,YAPAGFRGKY,7265,True,10,
10292,GAPRSTYGMH,7265,True,10,
10293,QMPRAFRGQY,7265,True,10,
10294,RTPVGMTGMG,7265,True,10,
10295,SGPVGMQGTA,7265,True,10,
10296,TAPLGFHAIG,7265,True,10,
10297,TQPRGQVGPV,7265,True,10,
10298,AWPSGWTASG,7265,True,10,
10299,KAPKGMRGTH,7265,True,10,
10300,YMPHGFVSNE,7265,True,10,
10301,GAPRAVQAQS,7265,True,10,
10302,EWPLGQKSKT,7265,True,10,
10303,HMPFGMRGMA,7265,True,10,
10304,SQPAGVMNPW,7265,True,10,
10305,WAPAGVASHG,7265,True,10,
10306,QMPRGVRGQR,7265,True,10,
10307,RTPVGMTGNK,7265,True,10,
10308,SMPRSWVNRY,7265,True,10,
10309,AGPSGWVAQI,7265,True,10,
10310,MRNRDQLQVH,7265,True,10,
10311,RAPKGVRAQH,7265,True,10,
10312,PSPLGFQSQH,7265,True,10,
10313,GVPRWIRGQR,7265,True,10,
10314,VAPRAVSGRV,7265,True,10,
10315,TAPVGMRGTF,7265,True,10,
10316,RGPVAFHGKW,7265,True,10,
10317,ADPQGVRGNF,7265,True,10,
10318,RGPVGMTGGY,7265,True,10,
10319,GAPRSLVGVT,7265,True,10,
10320,GMPRGVKSMQ,7265,True,10,
10321,RMPAGVKGVY,7265,True,10,
10322,GAPSGVWGQR,7265,True,10,
10323,TQPRGSHNGQ,7265,True,10,
10324,RAPVGMSGNR,7265,True,10,
10325,LPVWGMHGRH,7265,True,10,
10326,QRPAQMRGVG,7265,True,10,
10327,SAPRAMVGPL,7265,True,10,
10328,RPPSGFRSTV,7265,True,10,
10329,WQPFGMRGLQ,7265,True,10,
10330,GTPRGARGTK,7265,True,10,
10331,SAPSGVLGPG,7265,True,10,
10332,TPPSGMTGRF,7265,True,10,
10333,GNPSGVIGQR,7265,True,10,
10334,WRPFGMRGTH,7265,True,10,
10335,YAPRGSRGSG,7265,True,10,
10336,QMPRSYHGWR,7265,True,10,
10337,RVPVGFRGMW,7265,True,10,
10338,HAPWGVRGWY,7265,True,10,
10339,TLPMGMKGSK,7265,True,10,
10340,DRPAGVYGLA,7265,True,10,
10341,GSPVAFTGIR,7265,True,10,
10342,AMGRVTPSKN,7265,True,10,
10343,KRPAGVQSTQ,7265,True,10,
10344,GRPSWSRSEL,7265,True,10,
10345,RHPSGMYGIG,7265,True,10,
10346,TMPGAMRNLS,7265,True,10,
10347,AVPSGVRGMA,7265,True,10,
10348,TGPFGMFSHI,7265,True,10,
10349,RTPSGMTGWG,7265,True,10,
10350,CSPSGMRGQK,7265,True,10,
10351,RPPRGQVGQF,7265,True,10,
10352,YGPWGFRGMQ,7265,True,10,
10353,NRPSGWRGSL,7265,True,10,
10354,AMPSGFWSAR,7265,True,10,
10355,RGPSGMRGHG,7265,True,10,
10356,RSPVGMRGQH,7265,True,10,
10357,RMPGAMRGAH,7265,True,10,
10358,QYPSGWRTML,7265,True,10,
10359,TGPSGWRGHR,7265,True,10,
10360,RSPRGVTGTV,7265,True,10,
10361,GAPAGVFGWH,7265,True,10,
10362,GMPRSYRGQI,7265,True,10,
10363,RAPRSWRAHW,7265,True,10,
10364,RLPKGMRNGF,7265,True,10,
10365,PGPQPFLGPV,7265,True,10,
10366,DSPRGMRNTG,7265,True,10,
10367,TMPSGWVGWG,7265,True,10,
10368,MAPSGVRSGK,7265,True,10,
10369,GRPSAFRGKI,7265,True,10,
10370,MGPWGVHSTF,7265,True,10,
10371,WGPQGMHGLK,7265,True,10,
10372,QPPRWMHGMY,7265,True,10,
10373,TAPVGVRAQT,7265,True,10,
10374,RQPRGMRNRF,7265,True,10,
10375,ASRFSRSYWY,7265,True,10,
10376,RNPAGVKGTK,7265,True,10,
10377,KNPVPMWASG,7265,True,10,
10378,RIPAGFRGVI,7265,True,10,
10379,NSPLAVLNGK,7265,True,10,
10380,VAPRASYSRG,7265,True,10,
10381,GGPSGFAGWR,7265,True,10,
10382,HTPSGVRGQL,7265,True,10,
10383,RGPAGMKGVF,7265,True,10,
10384,SGPSGVKGTA,7265,True,10,
10385,LGPSGWRGSL,7265,True,10,
10386,VNPSGVHAMW,7265,True,10,
10387,VGPAGVRAQY,7265,True,10,
10388,RAISWMWGMH,7265,True,10,
10389,TAPQGFQSHR,7265,True,10,
10390,RGPSGMIGHT,7265,True,10,
10391,RHPSGVIGIR,7265,True,10,
10392,VTPSGFRSPR,7265,True,10,
10393,HTPSGVRGQH,7265,True,10,
10394,TAPVGMRGMT,7265,True,10,
10395,NRPSGFTAGT,7265,True,10,
10396,TPPSGWMALK,7265,True,10,
10397,PAPVAFMGRY,7265,True,10,
10398,KVPSGVANMR,7265,True,10,
10399,QVPFGVFAGT,7265,True,10,
10400,VPVGALWDPY,6148,True,10,
10401,SAPLNWRSHK,6148,True,10,
10402,IVPRGVLAMA,6148,True,10,
10403,YGPRAISNWG,6148,True,10,
10404,WQPRSWTASG,6148,True,10,
10405,GIAVSMWSNF,6148,True,10,
10406,HSPRGLRDQL,6148,True,10,
10407,CEPRSWRGRY,6148,True,10,
10408,MAPRSWRGHL,6148,True,10,
10409,VSPLGFTASG,6148,True,10,
10410,TSPVAYTASG,6148,True,10,
10411,GWPRAFYSEA,6148,True,10,
10412,MSPRGVTQGY,6148,True,10,
10413,DIPWGIKSNK,6148,True,10,
10414,KAPRSWTASG,6148,True,10,
10415,IGPLGWIDWA,6148,True,10,
10416,KRPRGFADIA,6148,True,10,
10417,NYPRAFTSWY,6148,True,10,
10418,GRPRSWVTAS,6148,True,10,
10419,DFPYGMRTSS,6148,True,10,
10420,WPIYGMWGPA,6148,True,10,
10421,PWPRAFRGIH,6148,True,10,
10422,QIPRPVLAKG,6148,True,10,
10423,RAPLGILTPK,6148,True,10,
10424,GMPRFLYTAS,6148,True,10,
10425,MSIRAWSASF,6148,True,10,
10426,SPVFWMRTQA,6148,True,10,
10427,TNPRAFVSWI,6148,True,10,
10428,MNPFGFQSGK,6148,True,10,
10429,VTPRQLTASG,6148,True,10,
10430,QHPYGWRTQL,6148,True,10,
10431,THVYGLWDSK,6148,True,10,
10432,VRPRGQMDKL,6148,True,10,
10433,SRPRMLWGWA,6148,True,10,
10434,KVPRAVLDAY,6148,True,10,
10435,FAPRAFQSWT,6148,True,10,
10436,TDPMGMFSGA,6148,True,10,
10437,LGPRPLFDPR,6148,True,10,
10438,FIPFAVRGLR,6148,True,10,
10439,HMPRAFRDAH,6148,True,10,
10440,GNPYGMATAS,6148,True,10,
10441,HTPIGIFDGF,6148,True,10,
10442,WYPRAVRGWT,6148,True,10,
10443,VWPRAFTAGH,6148,True,10,
10444,FHPVGMRTAS,6148,True,10,
10445,YVPRAVHGQA,6148,True,10,
10446,VWPRAVLDEG,6148,True,10,
10447,VHPRAVTASG,6148,True,10,
10448,YGPRAIRYEF,6148,True,10,
10449,YFPRAYTVRG,6148,True,10,
10450,PDPRAYTASG,6148,True,10,
10451,IAPLPKDSWG,6148,True,10,
10452,YFPRAFSNPY,6148,True,10,
10453,VIPSWSTNTK,6148,True,10,
10454,GTPIPIYTAS,6148,True,10,
10455,YEPRNLTASG,6148,True,10,
10456,VYPRAWIGPA,6148,True,10,
10457,KWPRAFTGKA,6148,True,10,
10458,SRPRAYSQHA,6148,True,10,
10459,YGPRAFANSG,6148,True,10,
10460,ASPRAYAGKQ,6148,True,10,
10461,GSPRPFLAER,6148,True,10,
10462,QSPRSWFSGT,6148,True,10,
10463,RPPRSWAGHT,6148,True,10,
10464,FRPRQMFDAV,6148,True,10,
10465,EFPLGQYGVH,6148,True,10,
10466,PRPRPFRGKG,6148,True,10,
10467,RQPRNVIAIW,6148,True,10,
10468,LCPKGMRGHI,6148,True,10,
10469,QRPRAGMYSH,6148,True,10,
10470,STPSGWVALT,6148,True,10,
10471,FNPYGMRDGT,6148,True,10,
10472,RDPYGMYDHV,6148,True,10,
10473,LGPYGWRTAR,6148,True,10,
10474,YKPLGQIAQA,6148,True,10,
10475,QFPMGMTNEL,6148,True,10,
10476,KDPRGYSGAL,6148,True,10,
10477,YEPRSWRGGL,6148,True,10,
10478,YNPRPILAPR,6148,True,10,
10479,ADPRAVYDGS,6148,True,10,
10480,TGPIAVTASG,6148,True,10,
10481,VWPRAVQAWF,6148,True,10,
10482,LIPLAWHTVA,6148,True,10,
10483,LHPRGQIAKY,6148,True,10,
10484,SLPRPVLANQ,6148,True,10,
10485,VNPRTLVGRF,6148,True,10,
10486,NHPVGMLDLA,6148,True,10,
10487,CYPRAWRGHK,6148,True,10,
10488,IHPVGLTVLH,6148,True,10,
10489,VCPFGLTDGY,6148,True,10,
10490,HDPYGMFTAS,6148,True,10,
10491,HDPYGMQSTW,6148,True,10,
10492,NQPRAFLDNA,6148,True,10,
10493,STPIQMTSNT,6148,True,10,
10494,FYPRAFKGMR,6148,True,10,
10495,HTPYGLTASG,6148,True,10,
10496,MLPRAVANEI,6148,True,10,
10497,QWPRAVSQNH,6148,True,10,
10498,TMPRGVKTNG,6148,True,10,
10499,CSPRGQIAGS,6148,True,10,
10500,RMPRSYRSGI,6148,True,10,
10501,AFPRPVYSGY,6148,True,10,
10502,RFPVAFTAHG,6148,True,10,
10503,RWPRAVSDWK,6148,True,10,
10504,VRPRPFIGRY,6148,True,10,
10505,STPRSFIGAT,6148,True,10,
10506,HYPRAFTGPY,6148,True,10,
10507,VVPRAWYAPY,6148,True,10,
10508,LIPWSLIGIT,6148,True,10,
10509,FMPRGQMGLQ,6148,True,10,
10510,MYPRMLVDNF,6148,True,10,
10511,RVPRGLTDWI,6148,True,10,
10512,FGPVGMTASG,6148,True,10,
10513,QAPRPVYAGF,6148,True,10,
10514,PTWRAYTASG,6148,True,10,
10515,HVPRQVLAPT,6148,True,10,
10516,THPRPFRDIL,6148,True,10,
10517,HAPKGVRASI,6148,True,10,
10518,WMPRAFRGEW,6148,True,10,
10519,RGPVAFLDQF,6148,True,10,
10520,WFPRAYLGPR,6148,True,10,
10521,FNPIGIRAPA,6148,True,10,
10522,RLPRAIWDAG,6148,True,10,
10523,MGPWGFRSHW,6148,True,10,
10524,RNPLGILVLS,6148,True,10,
10525,GRPVSLWTAS,6148,True,10,
10526,DWPKGMTNHY,6148,True,10,
10527,YLPRPVLAQH,6148,True,10,
10528,MGPWGVQVTS,6148,True,10,
10529,IIPRVLISQK,6148,True,10,
10530,CWPVGMRHVG,6148,True,10,
10531,HWPLGYTVWA,6148,True,10,
10532,RFPRPFIAEF,6148,True,10,
10533,HRPRGLYTEA,6148,True,10,
10534,LMPRSYIGPA,6148,True,10,
10535,LSPRAYTASG,6148,True,10,
10536,WMPLGFRDST,6148,True,10,
10537,NYIYGMTASG,6148,True,10,
10538,CKPRSWTASG,6148,True,10,
10539,QTPRAFLGIF,6148,True,10,
10540,LYPRWMSGTV,6148,True,10,
10541,TRPRSWYGNS,6148,True,10,
10542,TQPRGNWARA,6148,True,10,
10543,QGPRPVYANR,6148,True,10,
10544,KYPRAFRGER,6148,True,10,
10545,GLGRALKNWV,6148,True,10,
10546,WDPRGMRVAF,6148,True,10,
10547,RPPRGLQDWT,6148,True,10,
10548,MWPRGMVDMQ,6148,True,10,
10549,ATPRLYWGWK,6148,True,10,
10550,WGPLGIMYPA,6148,True,10,
10551,GVPRAVKSGW,6148,True,10,
10552,AWPRPQDSPY,6148,True,10,
10553,SAPRAFRNTY,6148,True,10,
10554,QPPHGFAVTV,6148,True,10,
10555,ILPRTLYSKL,6148,True,10,
10556,RMPRGFTNPY,6148,True,10,
10557,GFPLGVTVER,6148,True,10,
10558,HRPRSLRAIV,6148,True,10,
10559,QDPRQVLGAG,6148,True,10,
10560,EDPYGMRTPA,6148,True,10,
10561,PRPRSWAGIF,6148,True,10,
10562,SQPIHMYTGT,6148,True,10,
10563,TQPRSWVANG,6148,True,10,
10564,DRPRAFTASG,6148,True,10,
10565,FNPRSWIDTA,6148,True,10,
10566,FGPYGMRNQG,6148,True,10,
10567,HSPRPFYAPV,6148,True,10,
10568,YIPRAVKFIV,6148,True,10,
10569,FGPYAWRTAS,6148,True,10,
10570,VIPFPFMYKR,6148,True,10,
10571,NRPRSWVAWY,6148,True,10,
10572,MFARGLRSRQ,6148,True,10,
10573,RDPYGMRHGT,6148,True,10,
10574,AGVRAYQGIH,6148,True,10,
10575,NCPRAFYSQR,6148,True,10,
10576,PGPRPLIGHI,6148,True,10,
10577,WAPRGSYNHF,6148,True,10,
10578,GSPLGFKTAS,6148,True,10,
10579,LHPRGQLNPY,6148,True,10,
10580,YPAHGFFDQL,6148,True,10,
10581,RQPRNWMGAG,6148,True,10,
10582,QFPRSWRTIV,6148,True,10,
10583,SDPYGMRTER,6148,True,10,
10584,SQPRAYRDMK,6148,True,10,
10585,YMPRAYTASG,6148,True,10,
10586,RNPRGMIYWR,6148,True,10,
10587,LAPRYLMDNI,6148,True,10,
10588,HLPTGLYSEY,6148,True,10,
10589,TSPRAFTASG,6148,True,10,
10590,AKPRGLWDGV,6148,True,10,
10591,RARPPRAILD,6148,True,10,
10592,WMPRSYQGMH,6148,True,10,
10593,QSPRAWTASG,6148,True,10,
10594,IGPWKLRTHG,6148,True,10,
10595,PTPRSWLDVA,6148,True,10,
10596,GYARPLRTAS,6148,True,10,
10597,TAPLGYLVQW,6148,True,10,
10598,QAPRSWAVPY,6148,True,10,
10599,QGPSHSYDRF,6148,True,10,
10600,PRPRSYIGQR,6148,True,10,
10601,TMPRFMYGMT,6148,True,10,
10602,ALPRAVADGT,6148,True,10,
10603,APVRSLRGPY,6148,True,10,
10604,LYPRAFTASG,6148,True,10,
10605,MAPWGVYSGV,6148,True,10,
10606,REPRNYIGRT,6148,True,10,
10607,TVPRAWIGEV,6148,True,10,
10608,QGPRPLYDEV,6148,True,10,
10609,HLPDWYRGHR,6148,True,10,
10610,KAPLHVLAGI,6148,True,10,
10611,GAPLGILSQT,6148,True,10,
10612,SAPRAFSDTK,6148,True,10,
10613,QFPRNVSANY,6148,True,10,
10614,HNPRPVYAVY,6148,True,10,
10615,RFPRPSLSNT,6148,True,10,
10616,TFPRGVTASG,6148,True,10,
10617,PHPRSWTGNG,6148,True,10,
10618,REPLGYTDRQ,6148,True,10,
10619,HTPRSWTASG,6148,True,10,
10620,ATPSPFYAGQ,6148,True,10,
10621,YGPRAYQAWS,6148,True,10,
10622,QVPRAWSAQT,6148,True,10,
10623,HAPRAFYGEL,6148,True,10,
10624,VGPRPLMAGY,6148,True,10,
10625,DAPRAVYDGV,6148,True,10,
10626,HAPIGIMDGV,6148,True,10,
10627,AIPRPVLDIK,6148,True,10,
10628,TSPRAYFDWG,6148,True,10,
10629,KMPSGWQGRG,6148,True,10,
10630,NQPRGLTVNS,6148,True,10,
10631,NEPRNVIAIT,6148,True,10,
10632,AFPRGVLDGH,6148,True,10,
10633,PSPLGIRQTI,6148,True,10,
10634,AGPYAWRENS,6148,True,10,
10635,IPPRPVADEL,6148,True,10,
10636,RPPVAFYEGQ,6148,True,10,
10637,QVPRAWKAGL,6148,True,10,
10638,MRPIPIFYRV,6148,True,10,
10639,VYPRPFINVI,6148,True,10,
10640,NFPRAFRDIG,6148,True,10,
10641,MTPRGQYTNV,6148,True,10,
10642,RIPKWILDPF,6148,True,10,
10643,NHPRSWTASG,6148,True,10,
10644,KMPRWLSAQV,6148,True,10,
10645,SPGRPLLGAG,6148,True,10,
10646,ESPLGMLSLG,6148,True,10,
10647,GSPRAMISWI,6148,True,10,
10648,QYPRAFRDTI,6148,True,10,
10649,VTPLGQIDWA,6148,True,10,
10650,GRPRSWSAWY,6148,True,10,
10651,WRPRGYASIL,6148,True,10,
10652,CHPIGIYVWT,6148,True,10,
10653,HVPRPVMGKR,6148,True,10,
10654,HEPLGYRDRF,6148,True,10,
10655,TIPRPVMDTF,6148,True,10,
10656,WTPRGNTFMT,6148,True,10,
10657,MTPRGYSNAQ,6148,True,10,
10658,SLPRPIYAGL,6148,True,10,
10659,MAPRGVIANG,6148,True,10,
10660,RDPRQYLGPL,6148,True,10,
10661,NQPRGVLATI,6148,True,10,
10662,RVPRAVYDNG,6148,True,10,
10663,RQPRGAYDQT,6148,True,10,
10664,PYPRAYLGWI,6148,True,10,
10665,RNWRGLTASG,6148,True,10,
10666,FTPRGWTATR,6148,True,10,
10667,QFPRAFQDKT,6148,True,10,
10668,ERPFGLWSEW,6148,True,10,
10669,LGPRAYTASG,6148,True,10,
10670,YDPRAVSARI,6148,True,10,
10671,HLPRAVTASG,6148,True,10,
10672,NTPRNIRTAS,6148,True,10,
10673,RLPRAVYDAI,6148,True,10,
10674,KVPKGVAVGA,6148,True,10,
10675,LHARAFTASG,6148,True,10,
10676,LHPIGIWYAI,6148,True,10,
10677,HVPRAVLAGI,6148,True,10,
10678,INPLPFANPH,6148,True,10,
10679,YFPLGSRNKG,6148,True,10,
10680,MAPKGMQSGH,6148,True,10,
10681,THPRGLSDEI,6148,True,10,
10682,MKPVNMRGPS,6148,True,10,
10683,SRPRSWFSPT,6148,True,10,
10684,WFPRAFYDPF,6148,True,10,
10685,RKPAGVTAHR,6148,True,10,
10686,TAPRPVIATV,6148,True,10,
10687,PCPRGMWTVQ,6148,True,10,
10688,VIPRPVLSAI,6148,True,10,
10689,VWPSAVTASG,6148,True,10,
10690,FTPRNLTVHA,6148,True,10,
10691,SNPYGMRDQG,6148,True,10,
10692,WSPSGFWSML,6148,True,10,
10693,NMPRSYIGNG,6148,True,10,
10694,AYPRAFTASG,6148,True,10,
10695,IYPRAWADPA,6148,True,10,
10696,SNPRAYIDWG,6148,True,10,
10697,EYPRAFRGNY,6148,True,10,
10698,VFPRGFRTWG,6148,True,10,
10699,DQPRSLTASG,6148,True,10,
10700,HVPRPVQSWK,6148,True,10,
10701,WPVRAVTASG,6148,True,10,
10702,WSPRAFIGEI,6148,True,10,
10703,PVPRAVKDHK,6148,True,10,
10704,HGPRAFATPH,6148,True,10,
10705,RQPLGITVIK,6148,True,10,
10706,YQPRGVTDVA,6148,True,10,
10707,RHPRGNAYTI,6148,True,10,
10708,NAPRPVAVPI,6148,True,10,
10709,GFPRAFTASG,6148,True,10,
10710,MTPRGQLTNH,6148,True,10,
10711,LAPRPVTASG,6148,True,10,
10712,WSPKGVQDQH,6148,True,10,
10713,SMARGLTSNY,6148,True,10,
10714,MPPRAYHAGF,6148,True,10,
10715,WHPIGLFDKI,6148,True,10,
10716,LMPRFLIDTQ,6148,True,10,
10717,MAPRAFRDTG,6148,True,10,
10718,NFPLGKISTF,6148,True,10,
10719,PVARALTSHT,6148,True,10,
10720,FSPRPFLGIG,6148,True,10,
10721,AHPRSWTAGR,6148,True,10,
10722,GAPRFLRVHL,6148,True,10,
10723,ATPRPVSDGT,6148,True,10,
10724,SQPVAYASVI,6148,True,10,
10725,QRIWGIWDHY,6148,True,10,
10726,IAPRGYKDVG,6148,True,10,
10727,TQPRSWVDPQ,6148,True,10,
10728,YAPRGFLGQR,6148,True,10,
10729,KRPRNISDPG,6148,True,10,
10730,NLPRPYAGMR,6148,True,10,
10731,KQPRGVYSEG,6148,True,10,
10732,GRPRPVMGHG,6148,True,10,
10733,TYPRAFIAQS,6148,True,10,
10734,MGPWGMYVNM,6148,True,10,
10735,MFARGQISQG,6148,True,10,
10736,YAPRGFRNQI,6148,True,10,
10737,NMPRAVTSSA,6148,True,10,
10738,TSPKGLYDRY,6148,True,10,
10739,YHPRSWASGS,6148,True,10,
10740,AVPYGVRAVG,6148,True,10,
10741,QEPRNVTVQK,6148,True,10,
10742,YGPRPILAEV,6148,True,10,
10743,PVARAIHAGV,6148,True,10,
10744,WPARGFQAVR,6148,True,10,
10745,YTPRGQVTIF,6148,True,10,
10746,CLPRAYQSMY,6148,True,10,
10747,NSPRSLWDMV,6148,True,10,
10748,YFPLGYTSHG,6148,True,10,
10749,FHPSAVISNS,6148,True,10,
10750,GWPKGMRTAS,6148,True,10,
10751,WTPKGMHSEV,6148,True,10,
10752,EMPRAWSGEK,6148,True,10,
10753,MHPRGVSTSR,6148,True,10,
10754,PVPRAVMDHA,6148,True,10,
10755,TYPYGMRNER,6148,True,10,
10756,MWPRDFTASG,6148,True,10,
10757,WQPRGVKGTQ,6148,True,10,
10758,QRPKGVRDEG,6148,True,10,
10759,NLPRAVQGFH,6148,True,10,
10760,KLPVAWTDTI,6148,True,10,
10761,TQPRAVIDPQ,6148,True,10,
10762,HMPRAYWSKQ,6148,True,10,
10763,YCPTGLTAHG,6148,True,10,
10764,AEPRNVRANI,6148,True,10,
10765,YMPRAYRGPI,6148,True,10,
10766,MVPKGSTASG,6148,True,10,
10767,PWPRAFTNER,6148,True,10,
10768,MNPRWLSDSG,6148,True,10,
10769,AVPRAWRTGY,6148,True,10,
10770,VRPRSMLDHK,6148,True,10,
10771,GVPRAVITAS,6148,True,10,
10772,PNPYGLRTIQ,6148,True,10,
10773,NTPRNTWVNA,6148,True,10,
10774,KWPRAWTGIG,6148,True,10,
10775,VAPRHQIDQT,6148,True,10,
10776,YKPRSWSDNT,6148,True,10,
10777,GAPRAFYGTH,6148,True,10,
10778,HWPVGMTASG,6148,True,10,
10779,EHVMGIYSTS,6148,True,10,
10780,WGPRAVRDKY,6148,True,10,
10781,YPPRAFYSTF,6148,True,10,
10782,KRPRSWIGHS,6148,True,10,
10783,RHPRAVIDPV,6148,True,10,
10784,SGPRGYRTTA,6148,True,10,
10785,WVPRPVRASL,6148,True,10,
10786,LHPRSWYGIT,6148,True,10,
10787,LAPRYWMGGY,6148,True,10,
10788,VNPRAWTASG,6148,True,10,
10789,QGPRSWQGWT,6148,True,10,
10790,QNPSAYWSPQ,6148,True,10,
10791,GVPRAVSTAS,6148,True,10,
10792,DLPRAVSAIA,6148,True,10,
10793,HWPRGLGAIT,6148,True,10,
10794,QAPRSWRGSQ,6148,True,10,
10795,YTPTGLRDTH,6148,True,10,
10796,PTPRVLSAHS,6148,True,10,
10797,YMPRQVRSMT,6148,True,10,
10798,MVPKGFVSQL,6148,True,10,
10799,EFPLGLATPF,6148,True,10,
10800,LWPRGWSRTV,10590,True,10,
10801,GAPRSKSQEF,10590,True,10,
10802,GTPKGNYTHA,10590,True,10,
10803,MYVRGVRDNK,10590,True,10,
10804,TDPKGMTGNV,10590,True,10,
10805,LSPRAFWVAR,10590,True,10,
10806,SWYYGLITGR,10590,True,10,
10807,RDTRWYKDRQ,10590,True,10,
10808,SPAKHLMTAG,10590,True,10,
10809,VILRNVHAGA,10590,True,10,
10810,TQVRGMYTWH,10590,True,10,
10811,KQPRGPTASG,10590,True,10,
10812,GWPRGWTDIG,10590,True,10,
10813,AWPRTLIDAK,10590,True,10,
10814,GNRPRRADPT,10590,True,10,
10815,SQPRGLSTLH,10590,True,10,
10816,EPRHSQDAGP,10590,True,10,
10817,VWPRGWSVPG,10590,True,10,
10818,QTPVGMYTPT,10590,True,10,
10819,VTVRGMHGKF,10590,True,10,
10820,TNPRGQTDGY,10590,True,10,
10821,VWPRGQKGWS,10590,True,10,
10822,VLPKWMHQTS,10590,True,10,
10823,HYMYGMVKPR,10590,True,10,
10824,PQRFYRAPFE,10590,True,10,
10825,YEGVAPKFVG,10590,True,10,
10826,FWPRWMKDGI,10590,True,10,
10827,KHPRGQVVEA,10590,True,10,
10828,PSPRWYIGMK,10590,True,10,
10829,TARKQRLGAV,10590,True,10,
10830,KSPVWMRDGK,10590,True,10,
10831,MNWRGRPVNG,10590,True,10,
10832,RMPKQMFYPK,10590,True,10,
10833,TLPVPMLDGH,10590,True,10,
10834,GLPRGQVTAS,10590,True,10,
10835,HEPRGNRNPH,10590,True,10,
10836,AWPRGWTNKG,10590,True,10,
10837,QGPRYLVAHG,10590,True,10,
10838,GVPRAVKTAS,10590,True,10,
10839,TEPRGLSDWG,10590,True,10,
10840,VRPRPVWDMK,10590,True,10,
10841,FTPVGMKGGV,10590,True,10,
10842,GQPVPMRDSY,10590,True,10,
10843,WTYLPMIDLW,10590,True,10,
10844,FVPRGVRTPH,10590,True,10,
10845,RNPRSMWDRI,10590,True,10,
10846,PGRPVRSYIE,10590,True,10,
10847,GHPIPMITAS,10590,True,10,
10848,RMPRLFRDMG,10590,True,10,
10849,PWYQWLQVWK,10590,True,10,
10850,LIDLDVPMDA,10590,True,10,
10851,EITRWMADQA,10590,True,10,
10852,QSWYGMLTLA,10590,True,10,
10853,TYRPFRVARP,10590,True,10,
10854,YWPRELKDPY,10590,True,10,
10855,GTPRSWKTWG,10590,True,10,
10856,SVPRGHQDHF,10590,True,10,
10857,NCPKGTDCHT,10590,True,10,
10858,MAPKGVRTPT,10590,True,10,
10859,RKPVGMIDWS,10590,True,10,
10860,AWFLHAGKYI,10590,True,10,
10861,DYHKSLVAKH,10590,True,10,
10862,VNPVWMKHPH,10590,True,10,
10863,GHPRGSVYKQ,10590,True,10,
10864,KLRNTIGQSW,10590,True,10,
10865,WVPVSYSDAR,10590,True,10,
10866,WIPTGMTVQH,10590,True,10,
10867,WSPKGMRTVK,10590,True,10,
10868,MSPRWMVGPF,10590,True,10,
10869,KSPRGYGDRG,10590,True,10,
10870,YAPRGSTASG,10590,True,10,
10871,FSISAMIDHK,10590,True,10,
10872,QWPRGNHSVG,10590,True,10,
10873,VSWSGMQDTL,10590,True,10,
10874,KSPRKLRSIP,10590,True,10,
10875,LAWRSMHGIH,10590,True,10,
10876,GDPRGVKTAS,10590,True,10,
10877,FKPRWMLDEY,10590,True,10,
10878,NQPRGQVYRK,10590,True,10,
10879,TAPKLLRDLW,10590,True,10,
10880,WTPRGQIFTK,10590,True,10,
10881,TGPKWMRNIV,10590,True,10,
10882,AWPRGFWDGK,10590,True,10,
10883,QKPVGMKDQY,10590,True,10,
10884,SPRPRRVIDN,10590,True,10,
10885,EAPRGQIGRH,10590,True,10,
10886,FIPRNVQDHY,10590,True,10,
10887,GNPVWMRVHQ,10590,True,10,
10888,FAPRNVMARF,10590,True,10,
10889,FEPRGVGQGR,10590,True,10,
10890,MSPVWLRSHA,10590,True,10,
10891,MKFPTGWAVR,10590,True,10,
10892,TPHWRLVTSG,10590,True,10,
10893,FDPYGMKVKH,10590,True,10,
10894,TFPKMLVARW,10590,True,10,
10895,PMHTPRTYEP,10590,True,10,
10896,QPREAYTSAP,10590,True,10,
10897,TKWLPLTLGI,10590,True,10,
10898,MSVRAVWDGT,10590,True,10,
10899,FMPRGQITPW,10590,True,10,
10900,HYPRGLTGRG,10590,True,10,
10901,TVPVWMKGNA,10590,True,10,
10902,YGPKGVTVRP,10590,True,10,
10903,DNPLGIVYGT,10590,True,10,
10904,ACAMGMYDGI,10590,True,10,
10905,CYPRWLYTQH,10590,True,10,
10906,ATPVGMLTKF,10590,True,10,
10907,RNWQGLWVQV,10590,True,10,
10908,LGPKHVQDQK,10590,True,10,
10909,PAPRSWKDPR,10590,True,10,
10910,VGPRSWHTGI,10590,True,10,
10911,FSPRSMLNGT,10590,True,10,
10912,WRPAGSWVSL,10590,True,10,
10913,YAPRGSQAET,10590,True,10,
10914,FRPRGNSTPI,10590,True,10,
10915,RTPKGQGVKT,10590,True,10,
10916,IGPSGWTVRQ,10590,True,10,
10917,CFPKGMRDGT,10590,True,10,
10918,SVTRWLQGEY,10590,True,10,
10919,TGYASMWGPT,10590,True,10,
10920,QNIEHMRTIT,10590,True,10,
10921,PWPVGMTASG,10590,True,10,
10922,KGPRPVLDPS,10590,True,10,
10923,FTPRGNQMPW,10590,True,10,
10924,MFPRPVKDSK,10590,True,10,
10925,VSPKGVKVHR,10590,True,10,
10926,MPWSALDAPG,10590,True,10,
10927,EFVRGMTDGL,10590,True,10,
10928,NQVRGMKGEH,10590,True,10,
10929,YPGRPLTHGV,10590,True,10,
10930,WVPRGVKTAG,10590,True,10,
10931,CRPRGQSTIT,10590,True,10,
10932,MDPGRMTASG,10590,True,10,
10933,RLPRGMSVEF,10590,True,10,
10934,QSPRGSYGRG,10590,True,10,
10935,WGMRAMGAGQ,10590,True,10,
10936,NLPDWVTVGR,10590,True,10,
10937,VKPNWMKGIW,10590,True,10,
10938,LRDGSNETDE,10590,True,10,
10939,VSPAYMHDWI,10590,True,10,
10940,GQPRGVAVGV,10590,True,10,
10941,SFWSHMAHPG,10590,True,10,
10942,FDVRAMQGQY,10590,True,10,
10943,QFPRGWRTAR,10590,True,10,
10944,GFPKGVRTAS,10590,True,10,
10945,NLPRWLSDEF,10590,True,10,
10946,GTPRGNGVAY,10590,True,10,
10947,DRPRGNTDKQ,10590,True,10,
10948,NWPAWMRDHG,10590,True,10,
10949,VCWATMTGQG,10590,True,10,
10950,NTPVWMTASG,10590,True,10,
10951,FYWMGMYTGY,10590,True,10,
10952,SATKPIKTAT,10590,True,10,
10953,TLPRPVIDNI,10590,True,10,
10954,DHPKGMQSHG,10590,True,10,
10955,KRPRGMTYEY,10590,True,10,
10956,NQPRGNADGQ,10590,True,10,
10957,GMWSAMTVRQ,10590,True,10,
10958,QCWKPMQDRP,10590,True,10,
10959,GIPTAFRVSW,10590,True,10,
10960,SPRPEAPFPG,10590,True,10,
10961,RHPRSMRGWK,10590,True,10,
10962,GYPRNLAVGR,10590,True,10,
10963,VTPMGQIRPR,10590,True,10,
10964,TEPRGNTASG,10590,True,10,
10965,TRVRGLIDMW,10590,True,10,
10966,VMPRGMVDTR,10590,True,10,
10967,ANPRGVKTPK,10590,True,10,
10968,VNPKWMRASV,10590,True,10,
10969,LGPSGWVKPS,10590,True,10,
10970,QHPRGNFNVG,10590,True,10,
10971,EHIRHLTGAS,10590,True,10,
10972,VYPRPVLVKI,10590,True,10,
10973,KVPKGMVTVW,10590,True,10,
10974,PFRKKNCPAH,10590,True,10,
10975,YDVRGLFTHW,10590,True,10,
10976,LTPRQGPTYF,10590,True,10,
10977,DMPRGQADKF,10590,True,10,
10978,SVPRWLSDIT,10590,True,10,
10979,GVPRPVHDTY,10590,True,10,
10980,GYPRDIRDMK,10590,True,10,
10981,NSPLSWRAEY,10590,True,10,
10982,VQPRSWKYSG,10590,True,10,
10983,WGPRGNTVIG,10590,True,10,
10984,AGPYGMKTRT,10590,True,10,
10985,NDPVPMWDKF,10590,True,10,
10986,QDPRGMGYLK,10590,True,10,
10987,DPVYGLVTYK,10590,True,10,
10988,TNARWMLGWG,10590,True,10,
10989,HNPRGNYDPY,10590,True,10,
10990,YGPRGMHTAS,10590,True,10,
10991,GCYLPWNVRT,10590,True,10,
10992,GATVSLATAS,10590,True,10,
10993,SGRMPRPVAV,10590,True,10,
10994,TSPRKLMDNR,10590,True,10,
10995,TAPKLLVNHA,10590,True,10,
10996,TQPRGQMSNR,10590,True,10,
10997,SRPKGLKTPG,10590,True,10,
10998,VTPLNFRDPQ,10590,True,10,
10999,HDPISMRDPQ,10590,True,10,
11000,TVPKLLRDKQ,10590,True,10,
11001,FPREARARPK,10590,True,10,
11002,GSPRGMTTAS,10590,True,10,
11003,PSPRGVFDQI,10590,True,10,
11004,MRQLAGSPHK,10590,True,10,
11005,PFISAWTASG,10590,True,10,
11006,FPNYNVSASD,10590,True,10,
11007,HAPRGSWDVG,10590,True,10,
11008,LSPLSWIDEA,10590,True,10,
11009,NTPRGNRDSY,10590,True,10,
11010,CSPVWMRVGQ,10590,True,10,
11011,GSPVQLITAS,10590,True,10,
11012,WCGKPDGVTQ,10590,True,10,
11013,TLVRWMVDTV,10590,True,10,
11014,HYVRGMHVHG,10590,True,10,
11015,YIARALQDNS,10590,True,10,
11016,LVPRGNTVGR,10590,True,10,
11017,GRPLGQVTAS,10590,True,10,
11018,NFAIAMGDSY,10590,True,10,
11019,YGPRGVQVKQ,10590,True,10,
11020,FCPVAMVHGR,10590,True,10,
11021,YAPRGVQTPY,10590,True,10,
11022,FPRDFRDVQG,10590,True,10,
11023,KDPKGMRDPW,10590,True,10,
11024,SYPRGNHVHA,10590,True,10,
11025,TQPRGVKDNG,10590,True,10,
11026,GWPRPQNGNS,10590,True,10,
11027,CKPRGWHTMR,10590,True,10,
11028,ATPIGITASG,10590,True,10,
11029,KEPRNWLDGK,10590,True,10,
11030,TKPKGMRTPV,10590,True,10,
11031,GMPRSHTNSR,10590,True,10,
11032,VTPRQGSQHG,10590,True,10,
11033,GTPRGNLGRA,10590,True,10,
11034,YMPKGVAVGS,10590,True,10,
11035,SQPKGMVREH,10590,True,10,
11036,PTPRSHVNIR,10590,True,10,
11037,KSPVWMRHNV,10590,True,10,
11038,VSRPLRGTYI,10590,True,10,
11039,DLPRAWQDPG,10590,True,10,
11040,HWPRSWLDVY,10590,True,10,
11041,DPTRWLFDSQ,10590,True,10,
11042,PVARGMHDGH,10590,True,10,
11043,NSPVWMRTQV,10590,True,10,
11044,GSPKGLSTAS,10590,True,10,
11045,HRYRPMRDGQ,10590,True,10,
11046,TDPRGVTDTH,10590,True,10,
11047,VFPVGMLSGK,10590,True,10,
11048,YTPRQWAGER,10590,True,10,
11049,WTPRGNTVHI,10590,True,10,
11050,KVPKWLKVPW,10590,True,10,
11051,GNRPARFPLD,10590,True,10,
11052,PNPIHLVTGY,10590,True,10,
11053,EPREARQPVS,10590,True,10,
11054,VGPVAMTDIK,10590,True,10,
11055,GQVRYMHTAS,10590,True,10,
11056,GMPRSHVGTS,10590,True,10,
11057,AMGRAGELFG,10590,True,10,
11058,IWPRWLSDTY,10590,True,10,
11059,PAWSALVGVF,10590,True,10,
11060,TGPRSLIDPR,10590,True,10,
11061,TVPRAWVNTY,10590,True,10,
11062,PNVRWFHSWT,10590,True,10,
11063,DYPRGTNIPG,10590,True,10,
11064,TMPRGVYTWQ,10590,True,10,
11065,VQPRGTVTVA,10590,True,10,
11066,NLPINLYDWK,10590,True,10,
11067,CKPVNMFTIR,10590,True,10,
11068,GIPRAWTDKG,10590,True,10,
11069,FCPVAMKTGS,10590,True,10,
11070,RWPRWLKVNQ,10590,True,10,
11071,QVPKWMTSVG,10590,True,10,
11072,PQLVPINDPK,10590,True,10,
11073,SLVRGMWGKG,10590,True,10,
11074,GTPRSWATPS,10590,True,10,
11075,HAPRGSLDIG,10590,True,10,
11076,TGPKLIQAPT,10590,True,10,
11077,HIPKWIRHLY,10590,True,10,
11078,IPWESLVGIG,10590,True,10,
11079,TFPKGVQTMW,10590,True,10,
11080,YFPRGQWNPT,10590,True,10,
11081,QNPRGVLDKG,10590,True,10,
11082,VYPRWLADGF,10590,True,10,
11083,QTPRQRDTNR,10590,True,10,
11084,PGRFKRHPER,10590,True,10,
11085,NSPMSWRTEW,10590,True,10,
11086,MRYSNLWDGY,10590,True,10,
11087,HVPVGMKTGQ,10590,True,10,
11088,EGPRSWTASG,10590,True,10,
11089,GFPRGSVDTQ,10590,True,10,
11090,MVPRPFWDNS,10590,True,10,
11091,IWPVGMWSER,10590,True,10,
11092,VPVGWMTDGK,10590,True,10,
11093,SSPRTLIDAH,10590,True,10,
11094,NLPRALHSGS,10590,True,10,
11095,IKRVLRNAPV,10590,True,10,
11096,WAVRGLFTKF,10590,True,10,
11097,NRPRGVLDMG,10590,True,10,
11098,RSVRKRGKPI,10590,True,10,
11099,PWPRGQGSWK,10590,True,10,
11100,KVPKGVIVPG,10590,True,10,
11101,RIPRWLRDRG,10590,True,10,
11102,YWPAGVAVEK,10590,True,10,
11103,PTWRALIGNG,10590,True,10,
11104,QFPGWMKCGK,10590,True,10,
11105,SRPRNHYDIG,10590,True,10,
11106,WVPKWMRTWH,10590,True,10,
11107,YGPRGNTSIH,10590,True,10,
11108,GQPRGNVTAS,10590,True,10,
11109,NPIYSMRNQA,10590,True,10,
11110,NMRKPEVAEP,10590,True,10,
11111,GVPRVLTASG,10590,True,10,
11112,GWPSGMTSER,10590,True,10,
11113,RSPVPMVKEH,10590,True,10,
11114,MRPKGVTVIG,10590,True,10,
11115,WFPRGNTASG,10590,True,10,
11116,LTPVGMTVKR,10590,True,10,
11117,KGPVQMKDIF,10590,True,10,
11118,DVPKWMVHPR,10590,True,10,
11119,KTPRGNFGPT,10590,True,10,
11120,NQLAHWYDTW,10590,True,10,
11121,SYSAYLHDAI,10590,True,10,
11122,SALYGLHDPG,10590,True,10,
11123,IVHTVGFPAQ,10590,True,10,
11124,RPGCRSFDNH,10590,True,10,
11125,VWPRHQWTEY,10590,True,10,
11126,VSPVAMHDRG,10590,True,10,
11127,ENPRGQKTHL,10590,True,10,
11128,NRPAYGPKLG,10590,True,10,
11129,YHPIGIYTHG,10590,True,10,
11130,KTPIGIKYNG,10590,True,10,
11131,QAHVGQMVGP,10590,True,10,
11132,TPGKPLTGKG,10590,True,10,
11133,KCPVGMKDVG,10590,True,10,
11134,KFWKESVFPL,10590,True,10,
11135,GAPRSWVAQY,10590,True,10,
11136,GAPRSLATAS,10590,True,10,
11137,SMPRWIMDWR,10590,True,10,
11138,TIPRGQYGAG,10590,True,10,
11139,VGPAPWRTAS,10590,True,10,
11140,TLPIHWADKR,10590,True,10,
11141,WFPKGMRSHG,10590,True,10,
11142,HAPRGSRNAI,10590,True,10,
11143,NSPRGVHATK,10590,True,10,
11144,GWPHGSFTSY,10590,True,10,
11145,INPRGQVTHF,10590,True,10,
11146,MSWIGVGDYP,10590,True,10,
11147,GMPRQVWTAS,10590,True,10,
11148,SVPRNVTASG,10590,True,10,
11149,DWPRGQVGNL,10590,True,10,
11150,NTPIGIFDHG,10590,True,10,
11151,LMVIAHKHQG,10590,True,10,
11152,GWPRGLSTAS,10590,True,10,
11153,PDPRWLYDNF,10590,True,10,
11154,DNGTLPLSPT,10590,True,10,
11155,TGPKSMVGHT,10590,True,10,
11156,EGPRPVSTAS,10590,True,10,
11157,GNPVAMRDSK,10590,True,10,
11158,GTPRPQVTAS,10590,True,10,
11159,KNPRGVKDVH,10590,True,10,
11160,GWPKGMRTAS,10590,True,10,
11161,CGPRSNRGSR,10590,True,10,
11162,LTPRKFHSEY,10590,True,10,
11163,GNVRGLKTAS,10590,True,10,
11164,SFPLGITVHK,10590,True,10,
11165,PKPVDLYDWK,10590,True,10,
11166,KQPRGNIASG,10590,True,10,
11167,TAVRGLHDNT,10590,True,10,
11168,RTPVGMCATH,10590,True,10,
11169,TPKMPWINEG,10590,True,10,
11170,WSPRGNYQKY,10590,True,10,
11171,DPGRGLTAYW,10590,True,10,
11172,RMVLWMIDIF,10590,True,10,
11173,EMPKGSRSGY,10590,True,10,
11174,ICAKAMSDNA,10590,True,10,
11175,NMPRGQLDPH,10590,True,10,
11176,VNPRSWALEQ,10590,True,10,
11177,WNPRGMQTGI,10590,True,10,
11178,PTPRSWHDNW,10590,True,10,
11179,DNPRGQVTPW,10590,True,10,
11180,GVPRGVHVEK,10590,True,10,
11181,SRKPGRNVPI,10590,True,10,
11182,STPIGIYTAK,10590,True,10,
11183,THWGPLFDPV,10590,True,10,
11184,NSPLSYRTAS,10590,True,10,
11185,DVPRQVSTMG,10590,True,10,
11186,ERPMAMKDGV,10590,True,10,
11187,VWPVGMLGEH,10590,True,10,
11188,EIPVWMTHPF,10590,True,10,
11189,VKPRGVLKSW,10590,True,10,
11190,TYPRGQYGVK,10590,True,10,
11191,ETPRSHYTPG,10590,True,10,
11192,RKPAGVKVNW,10590,True,10,
11193,THTWGLWDMA,10590,True,10,
11194,NRPRGQVGLH,10590,True,10,
11195,GVPRGVLTAS,10590,True,10,
11196,GLVRGVTRGW,10590,True,10,
11197,AYPRGMKVFR,10590,True,10,
11198,ESWLPMLRWS,10590,True,10,
11199,GWPRGQGTFT,10590,True,10,
11200,LGVRKFDGKF,2028,True,10,
11201,SYPRNVGQIG,2028,True,10,
11202,NIPTRMSGIW,2028,True,10,
11203,WYPRAVTGNG,2028,True,10,
11204,FVPRPFIGRQ,2028,True,10,
11205,VPRPTAHQFP,2028,True,10,
11206,NAPGRFIGNS,2028,True,10,
11207,TFPRAFKGWH,2028,True,10,
11208,RAPRSMTGIG,2028,True,10,
11209,APPRGQVGAQ,2028,True,10,
11210,MSPKGVRDTR,2028,True,10,
11211,KFPRAFGDGK,2028,True,10,
11212,ITPRQVLDMT,2028,True,10,
11213,GTLRGVTASG,2028,True,10,
11214,STPVGMHSWI,2028,True,10,
11215,RTPRGNVAGT,2028,True,10,
11216,RTPAGVNGPG,2028,True,10,
11217,HTWYEPSFMG,2028,True,10,
11218,CRPAGVTASG,2028,True,10,
11219,FTRPGNFYLR,2028,True,10,
11220,FPPRNLSGHL,2028,True,10,
11221,TRPRGNFGAH,2028,True,10,
11222,NTPKGVGATG,2028,True,10,
11223,YPGPAPMTVP,2028,True,10,
11224,WGPVPSDSPR,2028,True,10,
11225,RFPRAFQGPT,2028,True,10,
11226,WGPRAHIGVT,2028,True,10,
11227,PIPRPVMGTI,2028,True,10,
11228,RGPSGVTASG,2028,True,10,
11229,VCTRWYQVTR,2028,True,10,
11230,WNPSHWIGIG,2028,True,10,
11231,TVPRPVLGVH,2028,True,10,
11232,SYPRAVTVAG,2028,True,10,
11233,TLPRAVHDRV,2028,True,10,
11234,DEPRGQVSVK,2028,True,10,
11235,PGPRSFIGWA,2028,True,10,
11236,LMPRTLTARK,2028,True,10,
11237,ASPKGVKQTA,2028,True,10,
11238,ASVRAVIGWG,2028,True,10,
11239,RQPRNVSDIG,2028,True,10,
11240,APGAPKMHTG,2028,True,10,
11241,LVPRVVLGTK,2028,True,10,
11242,HAPMDSMSGV,2028,True,10,
11243,LSPTGLTNMY,2028,True,10,
11244,YFPRGNTASG,2028,True,10,
11245,TMIRTFTASG,2028,True,10,
11246,YVPRAVIAQT,2028,True,10,
11247,QRFRALYAWG,2028,True,10,
11248,WHISAMHAVG,2028,True,10,
11249,IPMLHMTGRI,2028,True,10,
11250,DAPSGWAGSR,2028,True,10,
11251,HMPRSNYAGT,2028,True,10,
11252,KMPKGVRNQW,2028,True,10,
11253,KVPRARKAEH,2028,True,10,
11254,FQPRGNVNGR,2028,True,10,
11255,YMPSGVIDLW,2028,True,10,
11256,WKPKGVIVVK,2028,True,10,
11257,MVTQGVHRWI,2028,True,10,
11258,DRPRLYSGPR,2028,True,10,
11259,TCGLPLWGLT,2028,True,10,
11260,RGPVPMAQHT,2028,True,10,
11261,TIPRPVMDVG,2028,True,10,
11262,YWPVGKAVPY,2028,True,10,
11263,AIPRPVSGSQ,2028,True,10,
11264,LFPDQLYSRQ,2028,True,10,
11265,YHPSALVDPI,2028,True,10,
11266,TSPAGVTASG,2028,True,10,
11267,FVPRGVWTAK,2028,True,10,
11268,ARPRWSVGNA,2028,True,10,
11269,NYPVSMRGPT,2028,True,10,
11270,YPRPVRTVPQ,2028,True,10,
11271,ERPFGMSTGS,2028,True,10,
11272,SYPGKMQGPH,2028,True,10,
11273,NYVRGVTASG,2028,True,10,
11274,QSPRKGYGYH,2028,True,10,
11275,PIPKWIWGPH,2028,True,10,
11276,VTPRVLRGSW,2028,True,10,
11277,MWPRAFTGKA,2028,True,10,
11278,AFPRAVTGEH,2028,True,10,
11279,CNPRGQRTFV,2028,True,10,
11280,IGPAPVWTQG,2028,True,10,
11281,TYVRGMHGVF,2028,True,10,
11282,SHPRAVKGMG,2028,True,10,
11283,YQPRGQSVGA,2028,True,10,
11284,ASPVQLFAPA,2028,True,10,
11285,IVPRVLHSPG,2028,True,10,
11286,NLPTGLFDPI,2028,True,10,
11287,GVPKGVTGTG,2028,True,10,
11288,GYPRPVGGHQ,2028,True,10,
11289,FVPRAVTGEG,2028,True,10,
11290,WGPRGSWSTG,2028,True,10,
11291,VTPRSWIGAT,2028,True,10,
11292,WTPRGNSGHQ,2028,True,10,
11293,SWAMGMFGKA,2028,True,10,
11294,SFPAGVTASG,2028,True,10,
11295,AYGYHMSGSF,2028,True,10,
11296,TAHASLMGQH,2028,True,10,
11297,YVPSRILGTH,2028,True,10,
11298,RLPRAVFDHG,2028,True,10,
11299,ATPRGNTARG,2028,True,10,
11300,LEPRKRNHTG,2028,True,10,
11301,PWGRALTHQA,2028,True,10,
11302,KGPSGFYGNA,2028,True,10,
11303,TGPSWLYNWG,2028,True,10,
11304,GKPSHWTGPT,2028,True,10,
11305,MFPRQVIGHA,2028,True,10,
11306,HCPTGLTDTR,2028,True,10,
11307,LVGRALTASG,2028,True,10,known_sequence
11308,RLPRGVFGTG,2028,True,10,
11309,YCPTGLIGLT,2028,True,10,
11310,GTPRQVYSHK,2028,True,10,
11311,VMPRGQKVIG,2028,True,10,
11312,SSPKGVTSHG,2028,True,10,
11313,DYPRGKTASG,2028,True,10,
11314,TVLRSLSGWG,2028,True,10,
11315,FAPLRQVGWG,2028,True,10,
11316,KAPRSHFAPR,2028,True,10,
11317,LYPAGVNSPR,2028,True,10,
11318,PCPKGMQDPF,2028,True,10,
11319,PVPVAQWSIQ,2028,True,10,
11320,WATRWPLKPY,2028,True,10,
11321,FGHQPWPAQH,2028,True,10,
11322,LGPRKVISPK,2028,True,10,
11323,MAPWVMAGHL,2028,True,10,
11324,STPRGQTGSG,2028,True,10,
11325,QTIRGVWAGF,2028,True,10,
11326,SYPRAVRGVG,2028,True,10,
11327,PIVRAWRNTG,2028,True,10,
11328,GLARKFAGNY,2028,True,10,
11329,EFIRGVPAIY,2028,True,10,
11330,FPPRGVSGNH,2028,True,10,
11331,ICPVPMWAWG,2028,True,10,
11332,CIPTAFKGHG,2028,True,10,
11333,WRPFGQSTLP,2028,True,10,
11334,AIPTSLWGEK,2028,True,10,
11335,NQPRGNYVMG,2028,True,10,
11336,TVTQNLFDPG,2028,True,10,
11337,MQPFKGFALH,2028,True,10,
11338,AGPRNVIDRK,2028,True,10,
11339,WGPRGFTGIV,2028,True,10,
11340,RAPRNVSAIH,2028,True,10,
11341,FIPRPVKTGY,2028,True,10,
11342,STPRGQVTNH,2028,True,10,
11343,WAPLGIFGPK,2028,True,10,
11344,LTPTGMIGAH,2028,True,10,
11345,CSPVHMTKAQ,2028,True,10,
11346,NSPVWMRGHF,2028,True,10,
11347,HWPRGSAPIT,2028,True,10,
11348,VYPRGVSVTR,2028,True,10,
11349,YHPRGNHAVT,2028,True,10,
11350,PTPRSYKGNQ,2028,True,10,
11351,RVPRGVHSVG,2028,True,10,
11352,PHPRPVLDHV,2028,True,10,
11353,LWPVGMTGSG,2028,True,10,
11354,HRPSGWTASG,2028,True,10,
11355,TQCVPSPLHT,2028,True,10,
11356,FSPKGVFTMG,2028,True,10,
11357,NFSLPWTASG,2028,True,10,
11358,VIPRPVTDRA,2028,True,10,
11359,WSPKGVYSWG,2028,True,10,
11360,IYPRGVTNGR,2028,True,10,
11361,DKPYGMVNVH,2028,True,10,
11362,TCPTGLTASG,2028,True,10,
11363,SCIRSLFGHT,2028,True,10,
11364,YTMRGLVGHG,2028,True,10,
11365,FTPRGSVDIG,2028,True,10,
11366,STPVWMWGQG,2028,True,10,
11367,FTPRGNFAIA,2028,True,10,
11368,PSPVQLTGTV,2028,True,10,
11369,WVPRGVFAHT,2028,True,10,
11370,WVPRGKHDHA,2028,True,10,
11371,YNPLKVMSEG,2028,True,10,
11372,TGPKGVRHIG,2028,True,10,
11373,HPPRAFTASG,2028,True,10,
11374,SGSRPLIATA,2028,True,10,
11375,SYARAMTGPR,2028,True,10,
11376,SLGRPLDGPG,2028,True,10,
11377,WNPKGMRTPV,2028,True,10,
11378,MVPRAVMGIA,2028,True,10,
11379,NSPLSRGWVG,2028,True,10,
11380,NRVRGVHDVL,2028,True,10,
11381,QMPRNVTGKG,2028,True,10,
11382,DFPRPFSGPK,2028,True,10,
11383,DRPGWLNGTV,2028,True,10,
11384,LVGRALKGIY,2028,True,10,
11385,NVPRAVHSPT,2028,True,10,
11386,TRPRGQVTPH,2028,True,10,
11387,YFPLDVKAMT,2028,True,10,
11388,MRWYKRWVGP,2028,True,10,
11389,SYPVSMTGQR,2028,True,10,
11390,PTPRPQANKR,2028,True,10,
11391,TRPVPMWDWG,2028,True,10,
11392,RHPSHFISTR,2028,True,10,
11393,YVPRGVWAPY,2028,True,10,
11394,WVPRGVQDVK,2028,True,10,
11395,YWPRGQFGMR,2028,True,10,
11396,YRAYSFTASG,2028,True,10,
11397,YTPRGNASRY,2028,True,10,
11398,RQPRNVSGPY,2028,True,10,
11399,YHPVGMTSTA,2028,True,10,
11400,VDVKGMHSPG,2028,True,10,
11401,RLTRPWRSTG,2028,True,10,
11402,FGPSKFTGQA,2028,True,10,
11403,GNPAGVYSPG,2028,True,10,
11404,PDNPAPTGIP,2028,True,10,
11405,VYPRNRADRT,2028,True,10,
11406,GHPRAVHSVG,2028,True,10,
11407,LSPRGQVAPG,2028,True,10,
11408,MFPRNRSGGR,2028,True,10,
11409,YQPKGPFWMQ,2028,True,10,
11410,IKPRAFYGNK,2028,True,10,
11411,YTPARNHAHG,2028,True,10,
11412,HSPRGYASQW,2028,True,10,
11413,SMPRNVGRSR,2028,True,10,
11414,MSPRKFIGTY,2028,True,10,
11415,TNPAGVTAGK,2028,True,10,
11416,RWPRPVHDEH,2028,True,10,
11417,RLRPKRDADP,2028,True,10,
11418,GCPIELYGNS,2028,True,10,
11419,TSPIPILDLG,2028,True,10,
11420,LYGRVDYMVP,2028,True,10,
11421,YSPKGVFSWR,2028,True,10,
11422,FHPSAFMGVI,2028,True,10,
11423,TAPKSLTASG,2028,True,10,
11424,SVPAKLWSHV,2028,True,10,
11425,NVPRGQVTAS,2028,True,10,
11426,LTPRYWYTIG,2028,True,10,
11427,TVARPLMSPT,2028,True,10,
11428,AKCPRGPLQF,2028,True,10,
11429,TSPRSLFDIG,2028,True,10,
11430,NKPRNVKGIH,2028,True,10,
11431,TPPTGKFDTG,2028,True,10,
11432,SAPTGLQNKG,2028,True,10,
11433,KSPLSWIDQH,2028,True,10,
11434,YTPRGNYTPG,2028,True,10,
11435,VMPRGVKSWG,2028,True,10,
11436,PAVYWMINPR,2028,True,10,
11437,SHPSAQNANR,2028,True,10,
11438,EKPRGVHATY,2028,True,10,
11439,GRPVHMTRTV,2028,True,10,
11440,WPVRGVIATR,2028,True,10,
11441,STPRGQVTAG,2028,True,10,
11442,WIPSGWTGTR,2028,True,10,
11443,SNPSGVTASG,2028,True,10,
11444,YFPRGVHDPF,2028,True,10,
11445,TRPRGNTGHS,2028,True,10,
11446,QTPRSYRGNG,2028,True,10,
11447,NAPKGVSDPR,2028,True,10,
11448,STWRGLTSGR,2028,True,10,
11449,NLPRPVSVNQ,2028,True,10,
11450,NFPRGFRSAI,2028,True,10,
11451,PVPVPRSDEG,2028,True,10,
11452,KHPRGLHTAS,2028,True,10,
11453,IATRWLMAPG,2028,True,10,
11454,RVTWALWSWG,2028,True,10,
11455,CSPRTLIGHW,2028,True,10,
11456,QAPRQVRTPT,2028,True,10,
11457,QTPRGQSNGH,2028,True,10,
11458,CYPTSLFGWR,2028,True,10,
11459,SPPRAVGVSG,2028,True,10,
11460,YMPRQVLGNG,2028,True,10,
11461,NGPSGFYVPS,2028,True,10,
11462,VGPSGNTGPH,2028,True,10,
11463,TFPRGHTGWT,2028,True,10,
11464,DYPKGMVMGG,2028,True,10,
11465,IEVRGHVAMF,2028,True,10,
11466,QTPRGNTASG,2028,True,10,
11467,YVPRKVFGKT,2028,True,10,
11468,QSPRKFISQG,2028,True,10,
11469,WIPLVYTGHR,2028,True,10,
11470,RVPVAIKGHG,2028,True,10,
11471,NKPRGVTGQH,2028,True,10,
11472,TAPKLIWGQK,2028,True,10,
11473,LPVKGMTGPR,2028,True,10,
11474,FEPRNVLDIT,2028,True,10,
11475,NVPRAVTGNG,2028,True,10,
11476,VHIYTIHAMG,2028,True,10,
11477,PYPVSMRHVG,2028,True,10,
11478,AGPSGWYVIK,2028,True,10,
11479,FRPRSWIANG,2028,True,10,
11480,TPPKLIKGHS,2028,True,10,
11481,GDPRGQRVSA,2028,True,10,
11482,RVPVHMQRSG,2028,True,10,
11483,WYPRARMPAD,2028,True,10,
11484,PNPRNHITAS,2028,True,10,
11485,TRPRTMKGTH,2028,True,10,
11486,THPYGMTGTR,2028,True,10,
11487,YLPSGWHAIS,2028,True,10,
11488,RIPVHYAGPQ,2028,True,10,
11489,AYPGSYFGMH,2028,True,10,
11490,EVGWPLVARG,2028,True,10,
11491,QLPRQVHDNG,2028,True,10,
11492,RLPRSLIGNA,2028,True,10,
11493,HMPAHMIGWK,2028,True,10,
11494,AIPRPVTASG,2028,True,10,
11495,QYPRAQYSVR,2028,True,10,
11496,STPIGISVNK,2028,True,10,
11497,HRPRGLADTA,2028,True,10,
11498,SPPIAVITQR,2028,True,10,
11499,SQPRNVSTQH,2028,True,10,
11500,SLPRSWFDRI,2028,True,10,
11501,SIPNAFWDWY,2028,True,10,
11502,HNPVPMWGLH,2028,True,10,
11503,NTPVGQVGHV,2028,True,10,
11504,TAWSAMTASG,2028,True,10,
11505,WRPGHMHYTQ,2028,True,10,
11506,TAPRTLSDWV,2028,True,10,
11507,HWPVGMKGQW,2028,True,10,
11508,GPFPAHFTPS,2028,True,10,
11509,KRPRGQVRVG,2028,True,10,
11510,LIVRGVTDKH,2028,True,10,
11511,TVPRAWHGIV,2028,True,10,
11512,THSYKRAVMK,2028,True,10,
11513,ARARQMTDPQ,2028,True,10,
11514,CVPKGVYDKS,2028,True,10,
11515,SRPRPYTGMA,2028,True,10,
11516,WVPVGFSKIL,2028,True,10,
11517,VMPRGVSGPW,2028,True,10,
11518,WSPKDFIDGY,2028,True,10,
11519,DTPRQMIGPR,2028,True,10,
11520,QMPRQVRTPV,2028,True,10,
11521,PSPRYLTASG,2028,True,10,
11522,NTPRGNQGSW,2028,True,10,
11523,VGPRVLTDGI,2028,True,10,
11524,ERPFRIMGHK,2028,True,10,
11525,SFPYKFHGPT,2028,True,10,
11526,YQPFPFHAKF,2028,True,10,
11527,IKPVHMFSNT,2028,True,10,
11528,SIHLAMQDIR,2028,True,10,
11529,HSPRGLRDTG,2028,True,10,
11530,HSPRPFGKIL,2028,True,10,
11531,EKPRDFLGTG,2028,True,10,
11532,VTPKGMHQMI,2028,True,10,
11533,VGPSKVHGWS,2028,True,10,
11534,NYPMGMSGPS,2028,True,10,
11535,QWPRSWTASG,2028,True,10,
11536,PYPRPFMSLF,2028,True,10,
11537,AVPVPMWTPH,2028,True,10,
11538,SRPRTFIGNG,2028,True,10,
11539,QGWTGPSVGR,2028,True,10,
11540,ERPAGVKVGR,2028,True,10,
11541,GAPRAVHVRG,2028,True,10,
11542,STSVPRPFRP,2028,True,10,
11543,YCPKGVGTRG,2028,True,10,
11544,GFPRGFLKHN,2028,True,10,
11545,SWGRPLFVRR,2028,True,10,
11546,FRPRGFSTNH,2028,True,10,
11547,TQPFHLSGHG,2028,True,10,
11548,VSWRGLSVAH,2028,True,10,
11549,RVPRGVTGSG,2028,True,10,
11550,SARGPRANPL,2028,True,10,
11551,CIPFDFRGVG,2028,True,10,
11552,LYPRKLTGWL,2028,True,10,
11553,VGPSGFTAKA,2028,True,10,
11554,QYPKGVTGWG,2028,True,10,
11555,VRIRTLHAMG,2028,True,10,
11556,GQPRGNTASG,2028,True,10,
11557,GWASHMAGTI,2028,True,10,
11558,SFPLGQVSVW,2028,True,10,
11559,PTPRSYLGNW,2028,True,10,
11560,CWPAWLTASG,2028,True,10,
11561,IEPRNVLDNR,2028,True,10,
11562,RAPKGVTNIG,2028,True,10,
11563,VRPRGQAFMW,2028,True,10,
11564,YDPKGMRSTV,2028,True,10,
11565,VAPWAVTGGY,2028,True,10,
11566,YTPRGNQGPG,2028,True,10,
11567,HRPLGQIGTR,2028,True,10,
11568,WIARGIWGQG,2028,True,10,
11569,PRVYLLFGER,2028,True,10,
11570,VAPVPMTGNG,2028,True,10,
11571,VRPRTLSGVG,2028,True,10,
11572,WAPRAVRAGH,2028,True,10,
11573,IYPKGMRGHQ,2028,True,10,
11574,RIPASFVGWG,2028,True,10,
11575,GIPRPVGYIY,2028,True,10,
11576,PLPDFLVRVR,2028,True,10,
11577,CLGRAGPSDA,2028,True,10,
11578,YRPRAVYDQG,2028,True,10,
11579,SRARAMWGIG,2028,True,10,
11580,VQPRGVTQHY,2028,True,10,
11581,QFVIWLSGQR,2028,True,10,
11582,GIPRAVMTAS,2028,True,10,
11583,SWPRGVGNLA,2028,True,10,
11584,WIPRGVYSPH,2028,True,10,
11585,TQPRGNKSVG,2028,True,10,
11586,YTPYSWVGPH,2028,True,10,
11587,YFPTGLAGHL,2028,True,10,
11588,SVPIMLKGTV,2028,True,10,
11589,TYPRNVKGEA,2028,True,10,
11590,GFPRNFLGAR,2028,True,10,
11591,MVPRDVYGMW,2028,True,10,
11592,NVPSRVLAPA,2028,True,10,
11593,YLPRSYQGWF,2028,True,10,
11594,NVPRVQHVTH,2028,True,10,
11595,SWPRTLVGNV,2028,True,10,
11596,VTPRGSQVQG,2028,True,10,
11597,FYVRAVTASG,2028,True,10,
11598,TPPKLIKGIQ,2028,True,10,
11599,RVPRGQYTKG,2028,True,10,
11600,RIPRAVTGAT,922,True,10,
11601,NWPKWMAGWV,922,True,10,
11602,VTPSALWSQF,922,True,10,
11603,PMPRQVLAHI,922,True,10,
11604,ALPRAVSAGV,922,True,10,
11605,HVPWGVRVHG,922,True,10,
11606,WRPSAMTGSL,922,True,10,
11607,YMPVLNRGRQ,922,True,10,
11608,GAPRAFTASG,922,True,10,
11609,VYAFHILDGV,922,True,10,
11610,RYPASFTASG,922,True,10,
11611,YGPRSYVGSF,922,True,10,
11612,TVPRAWHDSV,922,True,10,
11613,ELPRQVHAHY,922,True,10,
11614,MGPRGSFSAT,922,True,10,
11615,CVPKNVQGWI,922,True,10,
11616,QRPAQVRDGH,922,True,10,
11617,HAPLGFLTWF,922,True,10,
11618,YMPSTMHANK,922,True,10,
11619,WAPAPVWASF,922,True,10,
11620,IVPANVHAQH,922,True,10,
11621,QRPRQVTASG,922,True,10,
11622,YAPGAFTASG,922,True,10,
11623,VSPRTFIAGV,922,True,10,
11624,HAPLNQWGTS,922,True,10,
11625,QLPQAVTASG,922,True,10,
11626,MAPRVQATPF,922,True,10,
11627,MSGRPFRSNF,922,True,10,
11628,RFPRVLTASG,922,True,10,
11629,NYPLNVRYNT,922,True,10,
11630,QGPAFMTARW,922,True,10,
11631,WIPTAFRAMV,922,True,10,
11632,SMPRTFLAKH,922,True,10,
11633,SYPSKYIRWK,922,True,10,
11634,KVPRAVFASW,922,True,10,
11635,LNPATMRTGF,922,True,10,
11636,FRPRGQVAMR,922,True,10,
11637,SWPIPVRVNF,922,True,10,
11638,RSGRPLTASG,922,True,10,
11639,YHPRSVLANG,922,True,10,
11640,RHPVSMRSMG,922,True,10,
11641,PAPWPVSAEI,922,True,10,
11642,SRPRAVKSVG,922,True,10,
11643,PMPRQVRDHF,922,True,10,
11644,CMPRQYRGRV,922,True,10,
11645,KSPRTMAGHF,922,True,10,
11646,RCPRGVQVNI,922,True,10,
11647,FRPRSQIAGF,922,True,10,
11648,AIPRPVLGEI,922,True,10,
11649,CFICTPAPMW,922,True,10,
11650,MAPRSFHATG,922,True,10,
11651,VRPRPYSWTF,922,True,10,
11652,TRPRSWRGTH,922,True,10,
11653,GPPRSHITAS,922,True,10,
11654,PTPRQNMGEK,922,True,10,
11655,PWPREYRAKQ,922,True,10,
11656,QPPRSWQGIF,922,True,10,
11657,GKPRQDTASG,922,True,10,
11658,SNPRAVYVKF,922,True,10,
11659,RTPVAFAGRF,922,True,10,
11660,QRPVAYWGQW,922,True,10,
11661,YGPRAVFASI,922,True,10,
11662,LNPRTMQSEK,922,True,10,
11663,FNPSTLISPR,922,True,10,
11664,KQPRGSYGLF,922,True,10,
11665,WSPGAMTASG,922,True,10,
11666,LRPRSYWGNF,922,True,10,
11667,MAPRSWTASG,922,True,10,
11668,EQPRQWRGVW,922,True,10,
11669,YAPRVLSVHK,922,True,10,
11670,MAPKQVRASG,922,True,10,
11671,EVARAWRTSW,922,True,10,
11672,RIPRPVMAGT,922,True,10,
11673,TSPLPFKAST,922,True,10,
11674,GYPHQMSDEK,922,True,10,
11675,WTPLGVTVTW,922,True,10,
11676,VPRAPRTIGD,922,True,10,
11677,WPPSASRAIL,922,True,10,
11678,MRGPIHYAWI,922,True,10,
11679,YPPLASLSHS,922,True,10,
11680,YPPRVMAGTW,922,True,10,
11681,YFPAKVQTWG,922,True,10,
11682,WIPKFMRHRL,922,True,10,
11683,FAPVAVTASG,922,True,10,
11684,SAPRPVMGAG,922,True,10,
11685,KVPRQVRSQK,922,True,10,
11686,LPPRLYISIL,922,True,10,
11687,SQPRSWQSVY,922,True,10,
11688,HRPSGWTASG,922,True,10,
11689,QAPRSWHAIV,922,True,10,
11690,VGRAKRSPGL,922,True,10,
11691,CIPRAVIDQT,922,True,10,
11692,TAPSNWSAGV,922,True,10,
11693,LYPRSWLNQT,922,True,10,
11694,HTPSAMVGQT,922,True,10,
11695,HRVRNVRSAR,922,True,10,
11696,KPARQMFSVP,922,True,10,
11697,HVPRAVSVAG,922,True,10,
11698,AWPYGMRSRQ,922,True,10,
11699,VQPRSWQVKL,922,True,10,
11700,WPPSAMTGNQ,922,True,10,
11701,HWPAKSMSPQ,922,True,10,
11702,AYPRAFWANG,922,True,10,
11703,TRPRGQVFQF,922,True,10,
11704,SFPLNVRTNT,922,True,10,
11705,GAPRVSKVEG,922,True,10,
11706,NVPRAVSAQF,922,True,10,
11707,SAPLSQLVIG,922,True,10,
11708,WAPKQVMGNW,922,True,10,
11709,RGPVAFTNMK,922,True,10,
11710,ARPRAFVAML,922,True,10,
11711,NQPRAVLDIK,922,True,10,
11712,FVPRAVQAEF,922,True,10,
11713,SAPIDMRGKT,922,True,10,
11714,QAVFNMRGWT,922,True,10,
11715,RYPSAFIAWS,922,True,10,
11716,SMPRAFTASG,922,True,10,
11717,RTPLASKSVL,922,True,10,
11718,VQPRGSMNGF,922,True,10,
11719,SHPSAVWATH,922,True,10,
11720,TWPREVKAWG,922,True,10,
11721,WMPRGQIAQF,922,True,10,
11722,MNPYKYVGAV,922,True,10,
11723,HAPRGSTASG,922,True,10,known_sequence
11724,YMPRSFIAGK,922,True,10,
11725,TKPLGSTASG,922,True,10,
11726,RAPSDMRGNY,922,True,10,
11727,ANPGAMISEW,922,True,10,
11728,GFSWGWASMG,922,True,10,
11729,MIPRSWGDVN,922,True,10,
11730,TAPKSLYSIW,922,True,10,
11731,AKPLQYRSWT,922,True,10,
11732,YSHRAMYSLG,922,True,10,
11733,EAGHPLSANF,922,True,10,
11734,KVPKGVTVPF,922,True,10,
11735,WKPVAYTGHQ,922,True,10,
11736,STPLNQIGKI,922,True,10,
11737,RVPRAYTSNK,922,True,10,
11738,MPPRQVSANG,922,True,10,
11739,HSPRSMRNQG,922,True,10,
11740,QKPRGVSDEV,922,True,10,
11741,EHVRAWASKI,922,True,10,
11742,NHPISYRSAY,922,True,10,
11743,LFPAKVKSEF,922,True,10,
11744,ARGYSWRAVI,922,True,10,
11745,FCAQSLYDYL,922,True,10,
11746,GFPRAFSAIT,922,True,10,
11747,FTPSGNFSWY,922,True,10,
11748,SEPRAVRGNA,922,True,10,
11749,MVPRQVRSQR,922,True,10,
11750,SNPWGVRTLI,922,True,10,
11751,HWPVAWTASG,922,True,10,
11752,TPRNVRSASA,922,True,10,
11753,LSRAPRSHGA,922,True,10,
11754,FHPFGQMAGK,922,True,10,
11755,EVARAWAQPW,922,True,10,
11756,TAPVQMRDTL,922,True,10,
11757,RVPVAVMGPG,922,True,10,
11758,TKPRAYTGLI,922,True,10,
11759,FMPSWSYAPL,922,True,10,
11760,NGPMWSTASG,922,True,10,
11761,PMPRQVADMQ,922,True,10,
11762,AVPRAFSAPW,922,True,10,
11763,HAPLNSVAWI,922,True,10,
11764,RHPRQVFDIH,922,True,10,
11765,IFWRAMQSLG,922,True,10,
11766,FAPRQVRTHT,922,True,10,
11767,MWPREVSAQI,922,True,10,
11768,AYPWAWRGIA,922,True,10,
11769,KIPSWSTASG,922,True,10,
11770,GMPRQVAVGW,922,True,10,
11771,QPRMPRGPYW,922,True,10,
11772,SMPRQVIGQF,922,True,10,
11773,MKPRQVRVHY,922,True,10,
11774,RPPLAVRSPH,922,True,10,
11775,YNPWGVMSES,922,True,10,
11776,SVPKNQMAPH,922,True,10,
11777,ATVFGLYGQG,922,True,10,
11778,NTPIELYGEY,922,True,10,
11779,GTIFRLASMR,922,True,10,
11780,GSARSMFTAS,922,True,10,
11781,APVSWLWGEW,922,True,10,
11782,AGPRSYTVHF,922,True,10,
11783,YAPKSMRTGS,922,True,10,
11784,MPPSGWTASG,922,True,10,
11785,HQPRASFATL,922,True,10,
11786,KVPTGVYVTV,922,True,10,
11787,HYPSVMWSML,922,True,10,
11788,PVYRGIRVGT,922,True,10,
11789,YQPRQVTASG,922,True,10,
11790,HSPSGFVYPV,922,True,10,
11791,YVPRAGTSHF,922,True,10,
11792,GHPAHVTSRY,922,True,10,
11793,NAPRSWRDRT,922,True,10,
11794,SAVRAVWGQI,922,True,10,
11795,SAPVAFWVGL,922,True,10,
11796,RWPFGMSDPF,922,True,10,
11797,AKPLGNISNP,922,True,10,
11798,RTPKGQMSVF,922,True,10,
11799,AQPRSWSATS,922,True,10,
11800,QIPRAVMSEF,922,True,10,
11801,FMPFGNSTIA,922,True,10,
11802,TKPRQVTARF,922,True,10,
11803,PWYAPMTASG,922,True,10,
11804,FHPSAMATAK,922,True,10,
11805,HSPRKVTASG,922,True,10,
11806,MVPARFKNPW,922,True,10,
11807,KQPRAVMSAY,922,True,10,
11808,CRPSAQNAPA,922,True,10,
11809,IAPSAWRVHG,922,True,10,
11810,YHPISMWGQS,922,True,10,
11811,MGPWHVRVPK,922,True,10,
11812,GVPRYMRNGA,922,True,10,
11813,VKPSGVFTAS,922,True,10,
11814,AYPRAFSATF,922,True,10,
11815,RARPKRAPRQ,922,True,10,
11816,YAPSQMRNEW,922,True,10,
11817,MFPRKVTSRT,922,True,10,
11818,VGPRSYIGEV,922,True,10,
11819,SDPKGVTAHG,922,True,10,
11820,AMPRTFVAWF,922,True,10,
11821,YAPRAFYSPS,922,True,10,
11822,WVPVAGYDHW,922,True,10,
11823,KNYFPYWSVS,922,True,10,
11824,RTPVGFTASG,922,True,10,
11825,WVPSAVAVNY,922,True,10,
11826,THPKQVRAPI,922,True,10,
11827,VPPRVLYDNW,922,True,10,
11828,SYRSKRQGSF,922,True,10,
11829,YPPSAFWGAK,922,True,10,
11830,YMSPRSKGWR,922,True,10,
11831,PRPLGQISPF,922,True,10,
11832,HPRAVRSIPA,922,True,10,
11833,RKPAPWYGMS,922,True,10,
11834,HVPRQAVGRT,922,True,10,
11835,AFPRAYHGPS,922,True,10,
11836,RQPRQVFAHV,922,True,10,
11837,YMPKQVMSAY,922,True,10,
11838,AWPRAFIAAK,922,True,10,
11839,VTPRSWVGEG,922,True,10,
11840,WRPFGFKGSV,922,True,10,
11841,TVPRAWSAGL,922,True,10,
11842,VHPSAWIGEF,922,True,10,
11843,FPPVAFWDAI,922,True,10,
11844,QSPKGVHART,922,True,10,
11845,HTPRSYWRST,922,True,10,
11846,SAPRTLAVST,922,True,10,
11847,HPPRSYRAGL,922,True,10,
11848,ARPRSWAVPR,922,True,10,
11849,RQPLTVKDMW,922,True,10,
11850,PLARQVHLGW,922,True,10,
11851,RAPAEVRTHV,922,True,10,
11852,SAPAQVSVGW,922,True,10,
11853,LKRDPNAWMS,922,True,10,
11854,TVPRQVYSQH,922,True,10,
11855,KIAKGMQGPR,922,True,10,
11856,GSPLPFWTAS,922,True,10,
11857,CTPREVFAWQ,922,True,10,
11858,ASGVFGSVWP,922,True,10,
11859,GVPRAVRTAS,922,True,10,
11860,RNPAQMRGHF,922,True,10,
11861,GYPRAFTASG,922,True,10,
11862,VFVRPLSAEI,922,True,10,
11863,WCPSSWTASG,922,True,10,
11864,TPPVPMWSGA,922,True,10,
11865,PKPVAYLGPW,922,True,10,
11866,SQPRNVSALW,922,True,10,
11867,PARLSRPVKM,922,True,10,
11868,PGPDFLTASG,922,True,10,
11869,KQPRGVAVAW,922,True,10,
11870,IKPAPWTASG,922,True,10,
11871,KMPKGVHATS,922,True,10,
11872,YRPASWTASG,922,True,10,
11873,GWPSEMRSPT,922,True,10,
11874,HWPRGQSGIF,922,True,10,
11875,ERPSAWKDSL,922,True,10,
11876,SMPRQVKGPF,922,True,10,
11877,ESAKGMRSVG,922,True,10,
11878,QRPAQVRVWK,922,True,10,
11879,TVPRSVRAEG,922,True,10,
11880,RPAGAFYATG,922,True,10,
11881,WPARAFTASG,922,True,10,
11882,TMPRQVHAEQ,922,True,10,
11883,FRPSASQDAK,922,True,10,
11884,QRPRSQANKV,922,True,10,
11885,GFNRPVTASG,922,True,10,
11886,WMPRASHAEI,922,True,10,
11887,FWPREQTGKG,922,True,10,
11888,ATPRQWKSTG,922,True,10,
11889,RIPLPWASGW,922,True,10,
11890,KVPRPWTGHG,922,True,10,
11891,FIPKAFAGQW,922,True,10,
11892,RPPRSWASWT,922,True,10,
11893,HPPSPFWSEI,922,True,10,
11894,WIVFMHSGWA,922,True,10,
11895,TYPRAYTGKI,922,True,10,
11896,KIPAWMWSQY,922,True,10,
11897,VKPVAYRGVG,922,True,10,
11898,GRPRTMRTAS,922,True,10,
11899,ANPMQVRGKY,922,True,10,
11900,HWPREQMAPI,922,True,10,
11901,AYPRQVHAIL,922,True,10,
11902,PIPRVLTGWY,922,True,10,
11903,YQPSAVHAIY,922,True,10,
11904,VFPYGQRNPV,922,True,10,
11905,GMPKQVRVEY,922,True,10,
11906,FLPRVVTASG,922,True,10,
11907,TRPRGVYSGW,922,True,10,
11908,NHPRSYISGY,922,True,10,
11909,GKPRSWHGML,922,True,10,
11910,MPPRQVRSVR,922,True,10,
11911,FVPRQVFAGK,922,True,10,
11912,MYPRAVIAIS,922,True,10,
11913,RIPFAFSGWA,922,True,10,
11914,PSRIMKGVKP,922,True,10,
11915,STPVTIWNRI,922,True,10,
11916,ASRVKRQAKP,922,True,10,
11917,GMPRQVFTAS,922,True,10,
11918,SAPRVQFRNS,922,True,10,
11919,GYPRPFAGQV,922,True,10,
11920,QNPWGVQVQS,922,True,10,
11921,RTPVSYASNI,922,True,10,
11922,LAPRVMIDWG,922,True,10,
11923,NGPRPVYSVK,922,True,10,
11924,MSPKGVIANL,922,True,10,
11925,GYPRAVIAHI,922,True,10,
11926,YGPRSMQARI,922,True,10,
11927,TGPKLITASG,922,True,10,
11928,CWPRGLAVEY,922,True,10,
11929,NKPLSQIDPL,922,True,10,
11930,IAPRDQVGAL,922,True,10,
11931,PKPRNYHGNW,922,True,10,
11932,VMPSGQFPGN,922,True,10,
11933,RAPRSFSGTF,922,True,10,
11934,MFPRKFYGMG,922,True,10,
11935,QHRPERLTLF,922,True,10,
11936,QPPRVFVSWV,922,True,10,
11937,GPPRAMKDSY,922,True,10,
11938,RQPLAVRVHW,922,True,10,
11939,RHPRGVANTW,922,True,10,
11940,PQPVPSWYAL,922,True,10,
11941,SAPRAVLVTK,922,True,10,
11942,AKPRSWAVTI,922,True,10,
11943,TPPVSMSVRS,922,True,10,
11944,GYPRSWFDAI,922,True,10,
11945,HVPRQVMVAF,922,True,10,
11946,CRPLQYRSMV,922,True,10,
11947,GPPRSWITAS,922,True,10,
11948,MAPRSWSAMI,922,True,10,
11949,QKPAQWRAHR,922,True,10,
11950,RIPRAVKAHK,922,True,10,
11951,TRPRQVLAGW,922,True,10,
11952,RAPLPVRGKW,922,True,10,
11953,ETWAPMWPMR,922,True,10,
11954,RLPAYILSPG,922,True,10,
11955,GQPRQVTASG,922,True,10,
11956,QRPRGQVAMT,922,True,10,
11957,VAPMNFHSRT,922,True,10,
11958,NMPRSHRAPH,922,True,10,
11959,AVPRQVISTI,922,True,10,
11960,IYPWSWRTNH,922,True,10,
11961,QSPVQSWSQY,922,True,10,
11962,RHPRVMWAVL,922,True,10,
11963,MSPIWLISMV,922,True,10,
11964,TRPRGVRSET,922,True,10,
11965,KWPRQWRGWG,922,True,10,
11966,MSPRKFTASG,922,True,10,known_sequence
11967,ASPRSWTASG,922,True,10,
11968,VPPRAFISNW,922,True,10,
11969,TPPASWTASG,922,True,10,
11970,APPRVQSVMT,922,True,10,
11971,RTPRSWKGAL,922,True,10,
11972,IPPSAVMDPA,922,True,10,
11973,HRPRQVSVAG,922,True,10,
11974,PIPRVMHANV,922,True,10,
11975,RWPRGMGGLS,922,True,10,
11976,PGPAPMLANP,922,True,10,
11977,RLPVAWTDWK,922,True,10,
11978,SAPRVLRANQ,922,True,10,
11979,RPGPRDAMEP,922,True,10,
11980,GVPRAVMYNG,922,True,10,
11981,HAPRKFSGQV,922,True,10,
11982,NAPRAHRGKL,922,True,10,
11983,YNPSNWTASG,922,True,10,
11984,ANPRSMISVK,922,True,10,
11985,FQIFSIYNRA,922,True,10,
11986,YPPRAFAGQI,922,True,10,
11987,AHVRAVMSIV,922,True,10,
11988,KYPRGVAVTW,922,True,10,
11989,MLGRALWGVG,922,True,10,
11990,SYPRAFTASG,922,True,10,
11991,HQPRGQRNSV,922,True,10,
11992,LAPRYWQAQI,922,True,10,
11993,FWPAQMRTML,922,True,10,
11994,PGREPRMCYF,922,True,10,
11995,MTPRLQIGQY,922,True,10,
11996,LVPFQVWGVW,922,True,10,
11997,VWPYGMHGHA,922,True,10,
11998,LGPGAFYTVH,922,True,10,
11999,QHWYGIVANA,922,True,10,
12000,LSPTGLTDKG,8990,True,10,
12001,SYPRAFRDTK,8990,True,10,
12002,SWPVSLRGQH,8990,True,10,
12003,GSPRNIKTAS,8990,True,10,
12004,QFPRFLVDHG,8990,True,10,
12005,YLPTGLWDGI,8990,True,10,
12006,LDPRGQILQG,8990,True,10,
12007,WLPRAVKDWV,8990,True,10,
12008,YWPVGLKGET,8990,True,10,
12009,WTVYGLWDIG,8990,True,10,
12010,WYPRPLTGHQ,8990,True,10,
12011,GYPRPLFDPL,8990,True,10,
12012,FSPRNFYDGS,8990,True,10,
12013,NFPASLTSNS,8990,True,10,
12014,PWYQSLITAS,8990,True,10,
12015,VHPSPFVAGA,8990,True,10,
12016,YTPRPYIDWQ,8990,True,10,
12017,RGPKQLRTAS,8990,True,10,
12018,EPGDPLADLW,8990,True,10,
12019,QVPVPLMGWW,8990,True,10,
12020,EPYFNLRGAI,8990,True,10,
12021,GTPKGLRTAS,8990,True,10,
12022,QAPRSWQTGA,8990,True,10,
12023,YWPRELKGVG,8990,True,10,
12024,TATNWLQGQF,8990,True,10,
12025,TIPTNLYDPW,8990,True,10,
12026,HYPRNLIGHR,8990,True,10,
12027,HAPRSLAGLA,8990,True,10,
12028,SVPRTLIGPR,8990,True,10,
12029,YNPRDIRDSY,8990,True,10,
12030,RYPVNMTGPY,8990,True,10,
12031,YNPIHLYDWR,8990,True,10,
12032,TATWSMTASG,8990,True,10,
12033,SWPTALRGWA,8990,True,10,
12034,TQPVPMYTWY,8990,True,10,
12035,SVGLALMDNA,8990,True,10,
12036,TGVSWLRGLV,8990,True,10,
12037,GLAYHLITAS,8990,True,10,
12038,WGPVHLLDGA,8990,True,10,
12039,DNPRGMIGQR,8990,True,10,
12040,IKPAPWTDRW,8990,True,10,
12041,RLPVPMLGAH,8990,True,10,
12042,LIPRPVLAER,8990,True,10,
12043,QAPRSLITNA,8990,True,10,
12044,SDPRSLLDGA,8990,True,10,
12045,NYPSALFDQT,8990,True,10,
12046,QMPKGVRTWG,8990,True,10,
12047,RFPSHLFDGS,8990,True,10,
12048,TYPFHLWAGH,8990,True,10,
12049,CYPTGLIDQR,8990,True,10,
12050,VTPRSNQDER,8990,True,10,
12051,LSPVQLTGAY,8990,True,10,
12052,LIPTGLTDGW,8990,True,10,
12053,YVPKNQGDNL,8990,True,10,
12054,WVGRALTASG,8990,True,10,
12055,GDPRPITASG,8990,True,10,
12056,ITPRTLTGNG,8990,True,10,
12057,EVTYALYGWR,8990,True,10,
12058,ETPRSWTASG,8990,True,10,
12059,MDPKGVQGNG,8990,True,10,
12060,NYPKSLRDPI,8990,True,10,
12061,DIPRPVLDQG,8990,True,10,
12062,HWPRLYTGLQ,8990,True,10,
12063,YDPRSLIDAI,8990,True,10,
12064,LYPRNIKDLR,8990,True,10,
12065,VQPTALHDGH,8990,True,10,
12066,PAPRSLHSEH,8990,True,10,
12067,KYVRASIDIS,8990,True,10,
12068,LTPRYLHDPT,8990,True,10,
12069,TVPSAILDHV,8990,True,10,
12070,HDPYSLRDLV,8990,True,10,
12071,HIPVPFLDQG,8990,True,10,
12072,MYPGSLSTAG,8990,True,10,
12073,HDPRAVWNQI,8990,True,10,
12074,SHPVGLWDEG,8990,True,10,
12075,TNPIPLVDNG,8990,True,10,
12076,IGPVFLWDET,8990,True,10,
12077,ITPRGNFVHG,8990,True,10,
12078,YIPRPVTDIH,8990,True,10,
12079,EDPRGLTDAI,8990,True,10,
12080,HRPRQVTGER,8990,True,10,
12081,HLPTALLDQH,8990,True,10,
12082,YGPRAITASG,8990,True,10,known_sequence
12083,RTPVGLTDWV,8990,True,10,
12084,MGWGNLAGLI,8990,True,10,
12085,LSPTGLYDLQ,8990,True,10,
12086,YKPVNLKGPW,8990,True,10,
12087,LWPRPQDFGG,8990,True,10,
12088,CTPRSLSTGS,8990,True,10,
12089,TNPVALTDPA,8990,True,10,
12090,PTPKGLADIG,8990,True,10,
12091,AYPSGMTDGR,8990,True,10,
12092,TDPYSLRDPK,8990,True,10,
12093,TVSLPLQGKG,8990,True,10,
12094,ANPTNLRGVK,8990,True,10,
12095,NIPTSLTAPT,8990,True,10,
12096,YSPRMLQDNA,8990,True,10,
12097,GDPRNISTAS,8990,True,10,
12098,WYPSPFWDWK,8990,True,10,
12099,LPALNFAGAL,8990,True,10,
12100,DGPKSLIGRS,8990,True,10,
12101,VSPVYLTDTK,8990,True,10,
12102,EYPKGMRDIV,8990,True,10,
12103,QLPTALIDPG,8990,True,10,
12104,NWPRALRQPY,8990,True,10,
12105,TPINALTASG,8990,True,10,
12106,SNPVNLRSEQ,8990,True,10,
12107,TYPRGLQDEK,8990,True,10,
12108,ERPFSWTGTK,8990,True,10,
12109,HPPHSLTASG,8990,True,10,
12110,NFPASFADQW,8990,True,10,
12111,RDPVGMQGIV,8990,True,10,
12112,KSPTGLTDMG,8990,True,10,
12113,WLPRAVADGH,8990,True,10,
12114,MYPRPLSDHK,8990,True,10,
12115,KRPKGLTDSH,8990,True,10,
12116,VIPRPVDVKF,8990,True,10,
12117,RGPVHLQDSR,8990,True,10,
12118,TQVYGLRGTG,8990,True,10,
12119,DMPLGQRDIG,8990,True,10,
12120,WPYVSLWGTR,8990,True,10,
12121,LIPRNVTGWH,8990,True,10,
12122,EMPKQLVGQH,8990,True,10,
12123,DVPTGLITQW,8990,True,10,
12124,EWPYGLYTGA,8990,True,10,
12125,CSPRNLVAVY,8990,True,10,
12126,SNPIPIWDLV,8990,True,10,
12127,DGPIHLTDLT,8990,True,10,
12128,SVPRPVRSKA,8990,True,10,
12129,YDPTGLWDHS,8990,True,10,
12130,IYPRGLTDPG,8990,True,10,
12131,DIPTSLVTMQ,8990,True,10,
12132,PQAYHLTASG,8990,True,10,
12133,RQPRNVQTLW,8990,True,10,
12134,FLPRTLWDML,8990,True,10,
12135,FDPRGQVDGH,8990,True,10,
12136,THPIPIRDKG,8990,True,10,
12137,RLPINLIDQR,8990,True,10,
12138,LYPVGLWTGV,8990,True,10,
12139,ICPTGLMDVG,8990,True,10,
12140,FRPRSLFDNI,8990,True,10,
12141,SRPVNLFSLG,8990,True,10,
12142,TPVYGLQDQR,8990,True,10,
12143,HIPRPFLGLG,8990,True,10,
12144,MLPDFLLGQL,8990,True,10,
12145,LTPINLWDQF,8990,True,10,
12146,QNPVALTDGY,8990,True,10,
12147,MNPRNVYGWG,8990,True,10,
12148,YVPRAVSDEG,8990,True,10,
12149,YSPRAIHAPW,8990,True,10,
12150,CLPINLRDIG,8990,True,10,
12151,LVPRVLWVLK,8990,True,10,
12152,QYPRAHADNQ,8990,True,10,
12153,MFPRNIKGPT,8990,True,10,
12154,KLPRNVAGTG,8990,True,10,
12155,LIPSPFWDRK,8990,True,10,
12156,CTPRSLHDEI,8990,True,10,
12157,LYPKGLSDIL,8990,True,10,
12158,NHPIHLVGAH,8990,True,10,
12159,DFPRPLSDWG,8990,True,10,
12160,TYPRHIRTGI,8990,True,10,
12161,KSPTGLRDQW,8990,True,10,
12162,TSPVALTGIQ,8990,True,10,
12163,RNPYPLLDRT,8990,True,10,
12164,VSPVQLQGPR,8990,True,10,
12165,FDPLGQIGLH,8990,True,10,
12166,YNPRSLKDNK,8990,True,10,
12167,SDPYGLRDTL,8990,True,10,
12168,YCPRNLSDWT,8990,True,10,
12169,DTPRGNIDQT,8990,True,10,
12170,NSPRSLTASG,8990,True,10,
12171,WLPRAVTNGR,8990,True,10,
12172,PLPRPIRDEG,8990,True,10,
12173,WDPRALKSWS,8990,True,10,
12174,MEPRNIGDQL,8990,True,10,
12175,ITPINLRDET,8990,True,10,
12176,YSHLALGDWQ,8990,True,10,
12177,SNPNALADWV,8990,True,10,
12178,NAPYSWRDHT,8990,True,10,
12179,PIPSHLRDVL,8990,True,10,
12180,NGPYNLTGNH,8990,True,10,
12181,DPPRFLQDVG,8990,True,10,
12182,HLVLNMADQG,8990,True,10,
12183,SLPRPVTASG,8990,True,10,
12184,APVSALIDPV,8990,True,10,
12185,VAPRNVKGKG,8990,True,10,
12186,RYPRFLKDMW,8990,True,10,
12187,STPVGLTDVH,8990,True,10,
12188,GWPYNLRGEH,8990,True,10,
12189,VGPMPLWDIH,8990,True,10,
12190,GQPRNVSTAS,8990,True,10,
12191,KSPLGITASG,8990,True,10,
12192,VTPRYWTDGF,8990,True,10,
12193,YDPKGMRTPH,8990,True,10,
12194,HYPVGLIDRQ,8990,True,10,
12195,SVPRNVKDHG,8990,True,10,
12196,QTPINLRGQR,8990,True,10,
12197,FGPAPLWDKY,8990,True,10,
12198,YCPTGLTASG,8990,True,10,
12199,NYPNPFVDLG,8990,True,10,
12200,YFPRNLAGKH,8990,True,10,
12201,SCPTGLADEA,8990,True,10,
12202,PYPVNMIDRT,8990,True,10,
12203,IQPRNLHGPL,8990,True,10,
12204,YKPVAYTDTG,8990,True,10,
12205,YDPKGMIDLS,8990,True,10,
12206,MLPTGLHGLK,8990,True,10,
12207,SLPTALQDWH,8990,True,10,
12208,GYPVPLWAQS,8990,True,10,
12209,EQPRNVRNLH,8990,True,10,
12210,FMPRNITGIL,8990,True,10,
12211,NTPRQLWNGS,8990,True,10,
12212,PGPRSLIDQI,8990,True,10,
12213,NYPSGLYSPS,8990,True,10,
12214,LYPVNLISGH,8990,True,10,
12215,SIPNALWDLA,8990,True,10,
12216,HTPISLMDNS,8990,True,10,
12217,MHPRQVKDVG,8990,True,10,
12218,RLPKNLQDHG,8990,True,10,
12219,WRPRGNSDGK,8990,True,10,
12220,SIPNALAGPT,8990,True,10,
12221,LNPIHLWGVT,8990,True,10,
12222,NYPLSLRDMG,8990,True,10,
12223,YWPVGLYTPY,8990,True,10,
12224,LCPTGLRDIG,8990,True,10,
12225,FRPKGLQDGR,8990,True,10,
12226,WLPRAVKGQS,8990,True,10,
12227,DYPVNMLAPG,8990,True,10,
12228,QPDAPLQGPL,8990,True,10,
12229,SSPRPFADNA,8990,True,10,
12230,VYPKGLGDMW,8990,True,10,
12231,DPAFHLSGIP,8990,True,10,
12232,TVPVAWIATV,8990,True,10,
12233,TVPRNVTASG,8990,True,10,
12234,YFPRQLLDQK,8990,True,10,
12235,DTPSGWRAGR,8990,True,10,
12236,TNVRNLTGQG,8990,True,10,
12237,SLPRWLMDLT,8990,True,10,
12238,VDPKGVRTGF,8990,True,10,
12239,NRPRGMKGLH,8990,True,10,
12240,MFPRDIRDWH,8990,True,10,
12241,QDPKGQTGLH,8990,True,10,
12242,DMPRQVSDPT,8990,True,10,
12243,SMPRNVSTGK,8990,True,10,
12244,HMPRGVSDWR,8990,True,10,
12245,NYPINLWTGR,8990,True,10,
12246,TDPIHLWDKS,8990,True,10,
12247,NSPVALTDLH,8990,True,10,
12248,DAPRALKGHY,8990,True,10,
12249,LSPRSLYTQY,8990,True,10,
12250,RSPKLLSGHG,8990,True,10,
12251,WTPRGQVDLQ,8990,True,10,
12252,SYPVNLIGSK,8990,True,10,
12253,RYPASLTDPL,8990,True,10,
12254,VRPLQYKDIG,8990,True,10,
12255,GYPRAVQDLI,8990,True,10,
12256,LSPKGVQNPY,8990,True,10,
12257,THPRQLKDTV,8990,True,10,
12258,PQPIHLSDKV,8990,True,10,
12259,YTPAGLYDEG,8990,True,10,
12260,GTPIELRSWA,8990,True,10,
12261,SLVRPLWDGS,8990,True,10,
12262,YWPVGLTDSH,8990,True,10,
12263,LYPRGLVDPH,8990,True,10,
12264,PDPRDIKDEK,8990,True,10,
12265,CYPYSLRTAK,8990,True,10,
12266,KIPAGLTGLW,8990,True,10,
12267,YWPRSLYTET,8990,True,10,
12268,DWPVGMTGQL,8990,True,10,
12269,CNPTALYGPY,8990,True,10,
12270,WIPTGLQDEA,8990,True,10,
12271,RYPVNMTGHK,8990,True,10,
12272,DLPRPLSDTK,8990,True,10,
12273,GYPVSLSGPA,8990,True,10,
12274,NHPRSWQTIF,8990,True,10,
12275,TIPRPLYTWT,8990,True,10,
12276,TLPVALHDPG,8990,True,10,
12277,QGPRNVRTAS,8990,True,10,
12278,WFPRAFVDIF,8990,True,10,
12279,PLCTEWIVPK,8990,True,10,
12280,TFPINLRDHG,8990,True,10,
12281,LDPKGMQDLR,8990,True,10,
12282,ATPIPLTASG,8990,True,10,
12283,YKPVNLIDVA,8990,True,10,
12284,HTPRGNTDHR,8990,True,10,
12285,RDPKSLYTVG,8990,True,10,
12286,KVPSHLSDPY,8990,True,10,
12287,MLPTGLYGQL,8990,True,10,
12288,SYPTGLRSWT,8990,True,10,
12289,DLPINLWDGS,8990,True,10,
12290,MLPRAVRTQI,8990,True,10,
12291,CILRELTAIR,8990,True,10,
12292,GYPRPVSAEY,8990,True,10,
12293,VQPRNDTDHT,8990,True,10,
12294,NDPRGQLIPA,8990,True,10,
12295,YQPISLWDRH,8990,True,10,
12296,QTPRQLKDLQ,8990,True,10,
12297,DQPKGVRDEH,8990,True,10,
12298,VIPRPVLDAS,8990,True,10,
12299,HLVAGLHDET,8990,True,10,
12300,YTPRGNADNT,8990,True,10,
12301,WTPRALGDHF,8990,True,10,
12302,YTPRGNQDIQ,8990,True,10,
12303,IVPRNVRDIG,8990,True,10,
12304,ATPRALTDKG,8990,True,10,
12305,WQPKSLRGWD,8990,True,10,
12306,LSPTGLRDMG,8990,True,10,
12307,QTPRQLSDAK,8990,True,10,
12308,KHARNLSNWL,8990,True,10,
12309,DVPRGVLDGY,8990,True,10,
12310,YSPVALTDHG,8990,True,10,
12311,YFPLGIRTPW,8990,True,10,
12312,HPYASLTDHT,8990,True,10,
12313,NFPAGLTDRG,8990,True,10,
12314,VIPRPVLAEG,8990,True,10,
12315,EYPKGLQSGK,8990,True,10,
12316,NTPRSLIDMF,8990,True,10,
12317,LDPYSWQTGV,8990,True,10,
12318,WDPKSLRDIA,8990,True,10,
12319,NTPIELYDPA,8990,True,10,
12320,NVPSALYDPA,8990,True,10,
12321,LWPRELVGIF,8990,True,10,
12322,SGPTALIDTA,8990,True,10,
12323,THPVPLIGQI,8990,True,10,
12324,WGPRSYISNW,8990,True,10,
12325,GSPVAILTAS,8990,True,10,
12326,SNPINLMDPG,8990,True,10,
12327,HDPKSLQDMF,8990,True,10,
12328,GPVYPLPDLK,8990,True,10,
12329,GTPRSLVDQT,8990,True,10,
12330,NGPVPMWDRY,8990,True,10,
12331,SDVRALTGPG,8990,True,10,
12332,RYPKQLWDGH,8990,True,10,
12333,HVPRQVLTWA,8990,True,10,
12334,GKPVNLVTAS,8990,True,10,
12335,NQPTGLIDPG,8990,True,10,
12336,TQPIHLSDEA,8990,True,10,
12337,TMPSGMTAMW,8990,True,10,
12338,VTPIELWDSR,8990,True,10,
12339,LKPANWHDWG,8990,True,10,
12340,IYPSGLGDNL,8990,True,10,
12341,YFPTALTDTR,8990,True,10,
12342,ESPRSLFDPK,8990,True,10,
12343,LIPTQLRGAR,8990,True,10,
12344,RVPVPLRNAI,8990,True,10,
12345,DSPRNHTVHR,8990,True,10,
12346,VWPRELRDQK,8990,True,10,
12347,NMPRDILAWG,8990,True,10,
12348,VGPAPWTGTK,8990,True,10,
12349,AYPLSWRDHV,8990,True,10,
12350,NLPTALWDEW,8990,True,10,
12351,QYPRSLQDNH,8990,True,10,
12352,QFPRDILDPQ,8990,True,10,
12353,FLPRAVRDQR,8990,True,10,
12354,WTPTGLADGK,8990,True,10,
12355,TVPVPFYDQG,8990,True,10,
12356,TNPIHLWDLG,8990,True,10,
12357,SIPNALAGKF,8990,True,10,
12358,QHPRQLTGIG,8990,True,10,
12359,YNPRSLIDMY,8990,True,10,
12360,RAPRNIVDAI,8990,True,10,
12361,DMPRDITASG,8990,True,10,
12362,SKPKGMLSLS,8990,True,10,
12363,PNEKALISGA,8990,True,10,
12364,NCPTGLRDGR,8990,True,10,
12365,AFPRPVLYAW,8990,True,10,
12366,DNPYSLRDGK,8990,True,10,
12367,TLPVAIGDPK,8990,True,10,
12368,QTPRGLSDNT,8990,True,10,
12369,TAPKGLTDNG,8990,True,10,
12370,WQPRSWIDIR,8990,True,10,
12371,YNPLGIHDTR,8990,True,10,
12372,QNPIHLYTNV,8990,True,10,
12373,YDPVSLTGMH,8990,True,10,
12374,TSPVALTDPK,8990,True,10,
12375,PGPRSLYDPA,8990,True,10,
12376,WVPRGVSDWT,8990,True,10,
12377,DNPLGISVHK,8990,True,10,
12378,GCPVPMLGMT,8990,True,10,
12379,RIPRPYAGQT,8990,True,10,
12380,TDPYGLRDQV,8990,True,10,
12381,LKPKNYRTAY,8990,True,10,
12382,SYPTNLIDQT,8990,True,10,
12383,KTPRNISANF,8990,True,10,
12384,GLPTALRGWK,8990,True,10,
12385,HTPVNLTDVA,8990,True,10,
12386,GSPRSWIDLH,8990,True,10,
12387,EHPRGVQDQS,8990,True,10,
12388,QLPRAITDQL,8990,True,10,
12389,TLPRAVLDGF,8990,True,10,
12390,MLVRALTASG,8990,True,10,
12391,PTPRGQKTPI,8990,True,10,
12392,SYPTALRDIA,8990,True,10,
12393,HCPRGLGTAS,8990,True,10,
12394,FYPRAVSDWG,8990,True,10,
12395,SEPKGLADSK,8990,True,10,
12396,YWPKSLRDPR,8990,True,10,
12397,DSPRNLYTGT,8990,True,10,
12398,TNPIPITDTG,8990,True,10,
12399,HRPRGQLDGQ,8990,True,10,
12400,GWPFPMYVWG,1567,True,10,
12401,QNVFAWTGWK,1567,True,10,
12402,QSPRGVRAVW,1567,True,10,
12403,AWPRQWRAWA,1567,True,10,
12404,RNPAPWRDRK,1567,True,10,
12405,NKPAPWMYGA,1567,True,10,
12406,HQPRGQMDWY,1567,True,10,
12407,NRPSWKSVES,1567,True,10,
12408,GNPSAWRAIQ,1567,True,10,
12409,DQPFPVFVPK,1567,True,10,
12410,APPWGQRSTY,1567,True,10,
12411,HVPQWVMTNY,1567,True,10,
12412,VWPFPRHLTG,1567,True,10,
12413,RFWMGMTASG,1567,True,10,
12414,WRPSAWRSQV,1567,True,10,
12415,PSPRYWSVPW,1567,True,10,
12416,KHPVHMWSVR,1567,True,10,
12417,HPPASWRGTW,1567,True,10,
12418,YDVRAVYQAW,1567,True,10,
12419,CHRSVSAPFY,1567,True,10,
12420,MSPRWQVSGP,1567,True,10,
12421,GIPRSYTQTR,1567,True,10,
12422,AVPVPHWVTI,1567,True,10,
12423,RWRGPRSFLH,1567,True,10,
12424,QSPRPWRGTG,1567,True,10,
12425,PRVRGVQSEK,1567,True,10,
12426,YSPKGFTAGF,1567,True,10,
12427,WLPRAVTNWA,1567,True,10,
12428,KNPRNYRGVH,1567,True,10,
12429,KAPVAFWSWQ,1567,True,10,
12430,FRPSAWQTAS,1567,True,10,
12431,YPPRGSWANI,1567,True,10,
12432,GNPRAMYSRA,1567,True,10,
12433,PSPRYFQSGA,1567,True,10,
12434,GHPRSWLGHR,1567,True,10,
12435,YMPRGQISGI,1567,True,10,
12436,IQPRSWTGKQ,1567,True,10,
12437,QWPYGWTAPG,1567,True,10,
12438,WAPARFMAPW,1567,True,10,
12439,THPRSWVGEF,1567,True,10,
12440,TKPRGQVGWF,1567,True,10,
12441,YTPRVQKSNQ,1567,True,10,
12442,GVPRAVWGEL,1567,True,10,
12443,DSPLSQRTEY,1567,True,10,
12444,PGPYPMWNWG,1567,True,10,
12445,PNPRSWHDLI,1567,True,10,
12446,EPIYGWAVAK,1567,True,10,
12447,EFPKQVRARY,1567,True,10,
12448,CWPAFMKGNH,1567,True,10,
12449,HMPRQNRGRS,1567,True,10,
12450,FWPRPQLAWG,1567,True,10,
12451,PWPAWLQVNW,1567,True,10,
12452,MLPRPFLVRG,1567,True,10,
12453,MNPRPQGYVG,1567,True,10,
12454,YIPWSWRTVW,1567,True,10,
12455,TPPRSWVYNT,1567,True,10,
12456,RQPLGFHVRF,1567,True,10,
12457,AHPAGVHGPI,1567,True,10,
12458,MGPSWIMAHG,1567,True,10,
12459,PKPASWRGPY,1567,True,10,
12460,RPPVSYFAPW,1567,True,10,
12461,KRPRSWVGPS,1567,True,10,
12462,YVAPRFTGMG,1567,True,10,
12463,ARPRGNYHRH,1567,True,10,
12464,YKPVHYWGVK,1567,True,10,
12465,HWPVPMTASG,1567,True,10,
12466,KIPKWITGPH,1567,True,10,
12467,IPPSSYWGNR,1567,True,10,
12468,CQPWAYRAKQ,1567,True,10,
12469,EAPKWMWYIS,1567,True,10,
12470,ANPSWRYNMW,1567,True,10,
12471,EIPFPFYDPV,1567,True,10,
12472,RWPQWIWSWA,1567,True,10,
12473,RAPRPFWVQF,1567,True,10,
12474,SNPLNSYSIR,1567,True,10,
12475,GNPRQWRSIT,1567,True,10,
12476,YQPRGQSQHT,1567,True,10,
12477,KGPLGYASGT,1567,True,10,
12478,YCPVRSPGKW,1567,True,10,
12479,TVPRAWSGER,1567,True,10,
12480,HPPSWSYAPR,1567,True,10,
12481,AFPRAFKGHG,1567,True,10,
12482,VQPRSWGDSW,1567,True,10,
12483,PSCPMVYPNQ,1567,True,10,
12484,LAPDQGIMHA,1567,True,10,
12485,SPPARMWGAV,1567,True,10,
12486,VNVWGVYAQI,1567,True,10,
12487,FLPRAVMYNR,1567,True,10,
12488,FPMRWFQGHT,1567,True,10,
12489,SKPVYYWNWL,1567,True,10,
12490,TQPRAFQNAY,1567,True,10,
12491,AYVYPMWTWV,1567,True,10,
12492,RWPRPVIDEH,1567,True,10,
12493,GDPRAYAAQF,1567,True,10,
12494,PWPRAFIGNI,1567,True,10,
12495,YIPRPVMVPF,1567,True,10,
12496,SYPVPFWAGK,1567,True,10,
12497,CWPREQRSAF,1567,True,10,
12498,KYPVPFWVSI,1567,True,10,
12499,IHPRSQISAW,1567,True,10,
12500,APVFGYWSHV,1567,True,10,
12501,FAPSGWYSVW,1567,True,10,
12502,RTPVWMRDEK,1567,True,10,
12503,TMPFQWRGHR,1567,True,10,
12504,RTPKGMTDGY,1567,True,10,
12505,IYPRLWRTIW,1567,True,10,
12506,WMPRGFLVIA,1567,True,10,
12507,PWPREYRTEQ,1567,True,10,
12508,FTPRGQINSV,1567,True,10,
12509,DTPEWYHGRW,1567,True,10,
12510,RWPEAFADWT,1567,True,10,
12511,NTPVPFWVGW,1567,True,10,
12512,KRPYHWHGAW,1567,True,10,
12513,KYPRSWISWG,1567,True,10,
12514,CRPRQLWAWG,1567,True,10,
12515,KWPAGWHVAG,1567,True,10,
12516,YGPRNVRTAS,1567,True,10,
12517,LTPRGYKVNY,1567,True,10,
12518,RKPAPWHAKG,1567,True,10,
12519,LTPAGFHNGR,1567,True,10,
12520,HDPRSWTASG,1567,True,10,
12521,STPLPVKVGT,1567,True,10,
12522,LQPRYWYTQA,1567,True,10,
12523,HGPRSWINEA,1567,True,10,
12524,IPWRAYQAVL,1567,True,10,
12525,YAPRSWKVHK,1567,True,10,
12526,GWPAPFRVPY,1567,True,10,
12527,WSHQGLRTWI,1567,True,10,
12528,RGPKWMWAWR,1567,True,10,
12529,FHPLGQVANK,1567,True,10,
12530,TRPASWRSWS,1567,True,10,
12531,IYPRNVYTAS,1567,True,10,
12532,RMPRNHRTPL,1567,True,10,
12533,AGVRYMWSTW,1567,True,10,
12534,MVPKWMRSIQ,1567,True,10,
12535,HCPRGQISWA,1567,True,10,
12536,PMPRSYWDAK,1567,True,10,
12537,QGPWHVRTWV,1567,True,10,
12538,YDPRQWRDHG,1567,True,10,
12539,RMPRQVSDRF,1567,True,10,
12540,NPSQPSELPQ,1567,True,10,
12541,VFPRAHVTPK,1567,True,10,
12542,YLPRAVQTWH,1567,True,10,
12543,TWPIPWWTHV,1567,True,10,
12544,GKPRSWVTAS,1567,True,10,
12545,WNPRWMRSVI,1567,True,10,
12546,STPVQMTGQR,1567,True,10,
12547,QMPRQVSDEG,1567,True,10,
12548,SSPRKYQAPG,1567,True,10,
12549,YWPFPFYDHI,1567,True,10,
12550,WAPRAFWGWH,1567,True,10,
12551,LAPRAFMDSW,1567,True,10,
12552,HRPRGQTASG,1567,True,10,
12553,RVPHGFQDNI,1567,True,10,
12554,RWPVSYRGVW,1567,True,10,
12555,MTPRQWHAIL,1567,True,10,
12556,RAVRPVRDGK,1567,True,10,
12557,CFVRAWRGKT,1567,True,10,
12558,WAMGPGPDPK,1567,True,10,
12559,FEPYNWRTGQ,1567,True,10,
12560,GRPSAWQTAS,1567,True,10,
12561,KAPRPYISAW,1567,True,10,
12562,SHPRGQHFKF,1567,True,10,
12563,TYPSKFTASG,1567,True,10,
12564,SMPRGQVGWA,1567,True,10,
12565,NYPWAFTASG,1567,True,10,
12566,GAPRSVTASG,1567,True,10,
12567,WNPAQYRSWY,1567,True,10,
12568,DWPKWMQAIR,1567,True,10,
12569,PQWYGMSVPS,1567,True,10,
12570,YWPARFTGAF,1567,True,10,
12571,RDPVAYHVAH,1567,True,10,
12572,NSPMFLWGPG,1567,True,10,
12573,GQPRSWKSGQ,1567,True,10,
12574,RAPLPVRAGL,1567,True,10,
12575,HTPVSWMGVR,1567,True,10,
12576,WAWSHMSGWH,1567,True,10,
12577,RWPRQVRTQY,1567,True,10,
12578,KDPLGQTVQS,1567,True,10,
12579,RWPRGQLDGW,1567,True,10,
12580,MWPRGQVNEQ,1567,True,10,
12581,IYPRQWKTNF,1567,True,10,
12582,WNPLGVKVQI,1567,True,10,
12583,LSPSHWIDTY,1567,True,10,
12584,YAPRSWINWK,1567,True,10,
12585,WSPLAQVDTY,1567,True,10,
12586,VIPRGWHGAS,1567,True,10,
12587,PGYRYRPFEP,1567,True,10,
12588,GQPVAWRTAS,1567,True,10,
12589,WKPVNYWGWF,1567,True,10,
12590,MTPRGNKTFQ,1567,True,10,
12591,LQPVAYKGIQ,1567,True,10,
12592,KYPVGMYVWI,1567,True,10,
12593,KYPVPWISVT,1567,True,10,
12594,AYPRPWVAQI,1567,True,10,
12595,GSPVQMQKLW,1567,True,10,
12596,HFPRGNTASG,1567,True,10,
12597,HNPIHWRTNI,1567,True,10,
12598,RLPVHYRSPG,1567,True,10,
12599,HSPRGSYDIF,1567,True,10,
12600,QFRTVRSMYS,1567,True,10,
12601,EMPRQVSTPF,1567,True,10,
12602,QGPKAVWSQN,1567,True,10,
12603,GQPRATVKEY,1567,True,10,
12604,RTPRGSTKEK,1567,True,10,
12605,HGPSGWHAWY,1567,True,10,
12606,RSRTEDVTLT,1567,True,10,
12607,AMPRAWSAEV,1567,True,10,
12608,HDPRGVYSNT,1567,True,10,
12609,HIPSWSTASG,1567,True,10,
12610,DRPSWVRVPW,1567,True,10,
12611,GWPREYRGGK,1567,True,10,
12612,RDPYGMRDPR,1567,True,10,
12613,YCPRWLSGHW,1567,True,10,
12614,IPYVPAMKMK,1567,True,10,
12615,KHPAQMTASG,1567,True,10,
12616,HRPSAYMAGH,1567,True,10,
12617,PTPRAYRNTK,1567,True,10,
12618,MGPWYMRARV,1567,True,10,
12619,FGPLNWYVGR,1567,True,10,
12620,EQPRAVTASG,1567,True,10,
12621,KAPRTWMANG,1567,True,10,
12622,WQPRGQDVAG,1567,True,10,
12623,PRPLPVYDIA,1567,True,10,
12624,MPPRGFTASG,1567,True,10,
12625,HSPMAYTSKL,1567,True,10,
12626,YWPARFSANV,1567,True,10,
12627,FTPRGNYVMK,1567,True,10,
12628,TWPRELASPW,1567,True,10,
12629,IWPRQWTASG,1567,True,10,
12630,ITPKQMYDPR,1567,True,10,
12631,PWPRWMQTWL,1567,True,10,
12632,APPSHWAGQT,1567,True,10,
12633,ITPRYWFGWR,1567,True,10,
12634,WGPAFMQNWI,1567,True,10,
12635,LHPRSWYGIH,1567,True,10,
12636,NAPRSNRSVS,1567,True,10,
12637,PWPREYRSLW,1567,True,10,
12638,GHPLGSTASG,1567,True,10,
12639,IPRWPAFTAP,1567,True,10,
12640,TMPRSYVGQK,1567,True,10,
12641,YSPLGWYGQY,1567,True,10,
12642,GRPLPQWTAS,1567,True,10,
12643,MTPRGQYDWL,1567,True,10,
12644,DGPRSYMGVQ,1567,True,10,
12645,HRPRGQMAPF,1567,True,10,
12646,PEPRPVHGEL,1567,True,10,
12647,GCGEANPFRQ,1567,True,10,
12648,AHPAWFHGIS,1567,True,10,
12649,RMPRQVISWF,1567,True,10,
12650,HNPRGVKAGY,1567,True,10,
12651,PNPLPWSAPQ,1567,True,10,
12652,FYVYGMTAGY,1567,True,10,
12653,VDPVWMWNRG,1567,True,10,
12654,RAPLHVRDEQ,1567,True,10,
12655,HIPLNFMGVQ,1567,True,10,
12656,YWPFGMYAGQ,1567,True,10,
12657,NIPRPFRDEQ,1567,True,10,
12658,YRPVAMYSGW,1567,True,10,
12659,ADPLGQISWC,1567,True,10,
12660,LSPRWIMSPK,1567,True,10,
12661,GVPAPHLDAW,1567,True,10,
12662,MPPQDFKSQL,1567,True,10,
12663,QRWFAYRAWG,1567,True,10,
12664,KWPSWSFSMI,1567,True,10,
12665,RDPLGSVYWV,1567,True,10,
12666,PQPRGNAYEF,1567,True,10,
12667,FPPKSWISRF,1567,True,10,
12668,VDGPEMYWTY,1567,True,10,
12669,RGPYGMHYRF,1567,True,10,
12670,PNPVHMWNAY,1567,True,10,
12671,HSPRGQIDWE,1567,True,10,
12672,MKPSAVTASG,1567,True,10,
12673,GWPAPMITAS,1567,True,10,
12674,PAVRAHKGEF,1567,True,10,
12675,YRPVSWAGRT,1567,True,10,
12676,KYPRPFIGQH,1567,True,10,
12677,WSPAYWRGAR,1567,True,10,
12678,PAPRSHYSGW,1567,True,10,
12679,RWPAGSQVKY,1567,True,10,
12680,FQPRGFMVRY,1567,True,10,
12681,PAPAYMWVHI,1567,True,10,
12682,TSPRGSYSKT,1567,True,10,
12683,HQPLGSHVWI,1567,True,10,
12684,FRPRNYTASG,1567,True,10,
12685,QVPVWQWSPT,1567,True,10,
12686,KMPRLQRAEW,1567,True,10,
12687,RMPRQVQTIQ,1567,True,10,
12688,YPSGRLIGRA,1567,True,10,
12689,WSPGHFWTGY,1567,True,10,
12690,KFPLPWLGIR,1567,True,10,
12691,TPPRSWIVQG,1567,True,10,
12692,THPRQVKYKT,1567,True,10,
12693,WSPKGNWAMF,1567,True,10,
12694,RNPLGYWDVF,1567,True,10,
12695,MYPRGMSVTW,1567,True,10,
12696,GWPRAFTASG,1567,True,10,
12697,WTPAGKHMKG,1567,True,10,
12698,RPPRSWTGRH,1567,True,10,
12699,YTPRSWRVAV,1567,True,10,
12700,WQPRGWQFNY,1567,True,10,
12701,TMPRQGRDKA,1567,True,10,
12702,FPPRPFGDLK,1567,True,10,
12703,VEPLNYTKWY,1567,True,10,
12704,GSPRSWTGHT,1567,True,10,
12705,EYPSWSKAGI,1567,True,10,
12706,SYPWSWTAHR,1567,True,10,
12707,FAPSHWSGFY,1567,True,10,
12708,ARPRQYRGWG,1567,True,10,
12709,HVPRQVLAEY,1567,True,10,
12710,DRPTGWYTQW,1567,True,10,
12711,GPVMGMVSEG,1567,True,10,
12712,MNPRVFMGWR,1567,True,10,
12713,HPPRPQGSRT,1567,True,10,
12714,QWPRSWQGEY,1567,True,10,
12715,QQPRNVPGAR,1567,True,10,
12716,HVPLSWRVAY,1567,True,10,
12717,YSKGNLHSRH,1567,True,10,
12718,SWPRPFYDTK,1567,True,10,
12719,DQVWGVRAIL,1567,True,10,
12720,YIPRPYWGEV,1567,True,10,
12721,MQPRSWAAGS,1567,True,10,
12722,RTPLMQWGNG,1567,True,10,
12723,WAPRNWADWI,1567,True,10,
12724,WPPKWMWSVW,1567,True,10,
12725,WQRTARPLGF,1567,True,10,
12726,MRPRGQYNQY,1567,True,10,
12727,WSPRAFWAVY,1567,True,10,
12728,WYPVNMAGRL,1567,True,10,
12729,KMPRSYSNKA,1567,True,10,
12730,TMPRSYLSPR,1567,True,10,
12731,WGPYGFMVQW,1567,True,10,
12732,WFPLGFRVHI,1567,True,10,
12733,PAPAYWRTWY,1567,True,10,
12734,SQPIHYIVSK,1567,True,10,
12735,KGPRSYWGRK,1567,True,10,
12736,TGPRPVYDSG,1567,True,10,
12737,GNPRSWYTAS,1567,True,10,
12738,RGPRSYKGPQ,1567,True,10,
12739,WMPRQVRAHF,1567,True,10,
12740,KTPRQYLGPG,1567,True,10,
12741,RSPVAYAGWH,1567,True,10,
12742,RQPKGQSVPI,1567,True,10,
12743,RWPYPMANRH,1567,True,10,
12744,FSPFGFTASG,1567,True,10,
12745,WPWYGMHDVK,1567,True,10,
12746,GQPSWQCSTR,1567,True,10,
12747,GMPRPFWAGF,1567,True,10,
12748,QTPRPQEAVI,1567,True,10,
12749,SGPRTIYVTA,1567,True,10,
12750,WVPSAVHANA,1567,True,10,
12751,PCPRSWTASG,1567,True,10,
12752,WAPRGSYAVA,1567,True,10,
12753,HTPLGWRTAY,1567,True,10,
12754,HMPRQVWSAF,1567,True,10,
12755,KRPRSWRTMQ,1567,True,10,
12756,RIPAPWAGAR,1567,True,10,
12757,GWPSWIKSER,1567,True,10,
12758,MYPKAYAGPS,1567,True,10,
12759,GRPRGSYTAS,1567,True,10,
12760,WFPRQVFVMF,1567,True,10,
12761,GQPRSHWVAT,1567,True,10,
12762,QMPRWMVSNW,1567,True,10,
12763,IMPRYWMGPW,1567,True,10,
12764,IMPRDYRGWA,1567,True,10,
12765,GPYNVGAWMP,1567,True,10,
12766,EVPRQVRSAY,1567,True,10,
12767,HIPRPYFAEY,1567,True,10,
12768,FMPRQNTASG,1567,True,10,
12769,ATPESWRGNA,1567,True,10,
12770,CVPRAVINWF,1567,True,10,
12771,PSPRVYTASG,1567,True,10,
12772,VSRWARVALW,1567,True,10,
12773,SIPYAWRTLS,1567,True,10,
12774,YQPQAWQTWG,1567,True,10,
12775,QGPWHIWVWF,1567,True,10,
12776,LAPRYWRSRG,1567,True,10,
12777,HYPRGQVIET,1567,True,10,
12778,RQPRGVIYGF,1567,True,10,
12779,YPWAAWTDAQ,1567,True,10,
12780,PHPRPFIATL,1567,True,10,
12781,RSPRAYTASG,1567,True,10,
12782,YVPKWSMSGV,1567,True,10,
12783,IYPSSFMNRS,1567,True,10,
12784,NMPRSYVART,1567,True,10,
12785,RWPSEMWAPW,1567,True,10,
12786,MIPYHWRSPK,1567,True,10,
12787,RKPVNYIGPS,1567,True,10,
12788,KVPREVTVNV,1567,True,10,
12789,PLPVAYWGNH,1567,True,10,
12790,MHPRQVYNAY,1567,True,10,
12791,NAPKQWFATY,1567,True,10,
12792,KWPRAFIAPG,1567,True,10,
12793,PYPSPFYGHL,1567,True,10,
12794,YKWAPFHGTM,1567,True,10,
12795,EPPMRWHSQT,1567,True,10,
12796,LTPRQWSTVW,1567,True,10,
12797,IHIVHMQGKW,1567,True,10,
12798,PWPYGWMDRA,1567,True,10,
12799,YHKQFGETGA,1567,True,10,
12800,RSPLPFYGKG,2606,True,10,
12801,VQPSAWHAWG,2606,True,10,
12802,QTPSAFTGQI,2606,True,10,
12803,LAPAPFHAGA,2606,True,10,
12804,RVPYGMYVQY,2606,True,10,
12805,REPLGYQSWH,2606,True,10,
12806,PRPAQMIGPS,2606,True,10,
12807,TAPYGWYNGR,2606,True,10,
12808,MPPWSVMANQ,2606,True,10,
12809,GLPASFLGMG,2606,True,10,
12810,GIPFPMISWG,2606,True,10,
12811,MHPSAFMGAT,2606,True,10,
12812,CAPAGFYAEI,2606,True,10,
12813,KPRLMVWVGP,2606,True,10,
12814,YWPSPFYSSA,2606,True,10,
12815,SGPLAFYGTA,2606,True,10,
12816,FMPRQYIGQY,2606,True,10,
12817,TDPWGMHANF,2606,True,10,
12818,GDPYGMRVGR,2606,True,10,
12819,GEPRSYWNHG,2606,True,10,
12820,ATPYGMSYEG,2606,True,10,
12821,RIPASFWGKL,2606,True,10,
12822,CQPWAFLAVG,2606,True,10,
12823,LTPLGQIGTG,2606,True,10,
12824,IMPSGFYNGY,2606,True,10,
12825,AFPLGQMTQG,2606,True,10,
12826,MWPFGMFSNA,2606,True,10,
12827,ASPSGWTSTI,2606,True,10,
12828,GMPYGMRARL,2606,True,10,
12829,LRPAQMSNMT,2606,True,10,
12830,TKPYGFTAKH,2606,True,10,
12831,QAPLGTYSIW,2606,True,10,
12832,FGPMQMLGTF,2606,True,10,
12833,FPPLGTAYAL,2606,True,10,
12834,ARPLNFYSHA,2606,True,10,
12835,RAPLPVMANG,2606,True,10,
12836,CSPQGLTASG,2606,True,10,
12837,RMPLGFHSTA,2606,True,10,
12838,MRPLQYRSWI,2606,True,10,
12839,RSPLMWHSKQ,2606,True,10,
12840,RPPLAFMQNR,2606,True,10,
12841,EFPRSWYTHF,2606,True,10,
12842,PSPRAFLSMY,2606,True,10,
12843,MNPSGMWSWT,2606,True,10,
12844,AMPLGFHSIS,2606,True,10,
12845,VMPRSFIGNR,2606,True,10,
12846,RQPFAMVNLS,2606,True,10,
12847,RTPKGLWGNW,2606,True,10,
12848,HAPVGFTASG,2606,True,10,
12849,GAPRPFWANG,2606,True,10,
12850,GWPGWMYATQ,2606,True,10,
12851,MQPSGFYSQG,2606,True,10,
12852,VPPLSWSAIY,2606,True,10,
12853,PYPMPFWQVI,2606,True,10,
12854,LRPLGFHSIG,2606,True,10,
12855,PFPLGYSNHQ,2606,True,10,
12856,RPPTGMYSMV,2606,True,10,
12857,QHPSGFWSKS,2606,True,10,
12858,LTPLGYRGTL,2606,True,10,
12859,RAPLPFQSWS,2606,True,10,
12860,TIPFPFLGSK,2606,True,10,
12861,PAPVAFWATG,2606,True,10,
12862,RYPSPFYAMV,2606,True,10,
12863,TKPSGWTASG,2606,True,10,
12864,RVPSAWHGQF,2606,True,10,
12865,RGPVAYTASG,2606,True,10,
12866,RGPYGMHATH,2606,True,10,
12867,MAPSGWQGHF,2606,True,10,
12868,KVPSALHALF,2606,True,10,
12869,RAPLGFSDVI,2606,True,10,
12870,RRPSAYTAGV,2606,True,10,
12871,MTPLGYFALS,2606,True,10,
12872,KPPSGFHGGY,2606,True,10,
12873,NTPYGMLVPG,2606,True,10,
12874,GFPLGFHSPL,2606,True,10,
12875,NAPRASTASG,2606,True,10,
12876,LMPSGFSAKG,2606,True,10,
12877,AQPYGMTASG,2606,True,10,
12878,RTPLGYTVHK,2606,True,10,
12879,PWPYSWIAGT,2606,True,10,
12880,APPLGFTNLG,2606,True,10,
12881,MGPSGFRNSR,2606,True,10,
12882,RSPLPFWGLV,2606,True,10,
12883,TVPYAWHSGF,2606,True,10,
12884,GRPYPYRGMF,2606,True,10,
12885,RMPRTFMSGL,2606,True,10,
12886,MAPLGFHGTG,2606,True,10,
12887,ILPLNWLGMA,2606,True,10,
12888,FEPLGMHGIT,2606,True,10,
12889,YRPFDMYSMH,2606,True,10,
12890,TSPMDYIGMI,2606,True,10,
12891,TMPYGMTASG,2606,True,10,
12892,MGPWAMYSNL,2606,True,10,
12893,TQPSAYTGWQ,2606,True,10,
12894,WEPLGYHSGA,2606,True,10,
12895,SAPLGFSALS,2606,True,10,
12896,TQPRSYFARY,2606,True,10,
12897,KQPRAFYSAW,2606,True,10,
12898,RAPSAFWGNL,2606,True,10,
12899,MAPWQVRAEH,2606,True,10,
12900,QVPSGQADGT,2606,True,10,
12901,PSPLGFWGMG,2606,True,10,
12902,HMPLGYQSIG,2606,True,10,
12903,PRPLGQITNR,2606,True,10,
12904,MTPYGMASLV,2606,True,10,
12905,YPPLGFTASG,2606,True,10,
12906,RYPASFLGQT,2606,True,10,
12907,ARPRSYHAVG,2606,True,10,
12908,WIPAWMRGLS,2606,True,10,
12909,RTPLGFTASG,2606,True,10,
12910,SFPRPFWGVS,2606,True,10,
12911,RPPSGFTASG,2606,True,10,
12912,HMPLGQHSRW,2606,True,10,
12913,ARPGAMHMTS,2606,True,10,
12914,YVPSGWHSGY,2606,True,10,
12915,RGPLGFFGIA,2606,True,10,
12916,GWPSGWTSAH,2606,True,10,
12917,RMPRAYHGEG,2606,True,10,
12918,TRPSTLYSPH,2606,True,10,
12919,TSPLPFTASG,2606,True,10,
12920,VIPHPFLAPQ,2606,True,10,
12921,RTPASYQGWQ,2606,True,10,
12922,TSPWGLTASG,2606,True,10,
12923,SVPMGQRTAS,2606,True,10,
12924,HQPFGMHSNI,2606,True,10,
12925,RVPVPMLNVG,2606,True,10,
12926,RAPLGFTASG,2606,True,10,
12927,RIPAPSWHIA,2606,True,10,
12928,KHPAPWSAHY,2606,True,10,
12929,RFPLSFRSLF,2606,True,10,
12930,GNPYPFWVAR,2606,True,10,
12931,QGPYAQWSVI,2606,True,10,
12932,PQPMGQTGHF,2606,True,10,
12933,QHPLGQFSNQ,2606,True,10,
12934,TRPFSYWGMI,2606,True,10,
12935,YAPLGFHVWG,2606,True,10,
12936,YRPSGLFSHR,2606,True,10,
12937,NSPGAFHALF,2606,True,10,
12938,VPPRSYFGMA,2606,True,10,
12939,TRPSAFYGSH,2606,True,10,
12940,MYPSGMYAVT,2606,True,10,
12941,SRPLPFWATG,2606,True,10,
12942,HGPWGQGALT,2606,True,10,
12943,MKPSGWYSGV,2606,True,10,
12944,GWPRELWTGW,2606,True,10,
12945,KRPSAYRGTI,2606,True,10,
12946,RQPFQYTASG,2606,True,10,
12947,VSPMGFTASG,2606,True,10,
12948,RGPRSYTSPY,2606,True,10,
12949,AFPRAFSGQV,2606,True,10,
12950,RTPLGFHNAF,2606,True,10,
12951,AMPWGMHSHT,2606,True,10,
12952,HMPAGFYSKT,2606,True,10,
12953,GRPLGYASAI,2606,True,10,
12954,GRPSPFHGQY,2606,True,10,
12955,THPRSYFAMS,2606,True,10,
12956,PAPASWRGTA,2606,True,10,
12957,AVPRAVHNQT,2606,True,10,
12958,ARPRPFQGNS,2606,True,10,
12959,GRPSPFLGRG,2606,True,10,
12960,FAPARFMNLF,2606,True,10,
12961,GRPVAYTASG,2606,True,10,
12962,SRPLSWFDTS,2606,True,10,
12963,TAPYGMTASG,2606,True,10,
12964,VMPSGFHQSL,2606,True,10,
12965,EAPLHVQVMF,2606,True,10,
12966,RMPLGYHGAH,2606,True,10,
12967,PRPLGVHDVR,2606,True,10,
12968,TVPYGQYAIH,2606,True,10,
12969,HFPMGMHAQG,2606,True,10,
12970,TQPFGFWGKH,2606,True,10,
12971,RMPRAYMDIG,2606,True,10,
12972,RGPLGFYVGS,2606,True,10,
12973,RQPSPFYVTG,2606,True,10,
12974,LSPAGYRSEA,2606,True,10,
12975,AGPYPMWYAY,2606,True,10,
12976,HMPLGSIGTH,2606,True,10,
12977,GSPAPFTASG,2606,True,10,
12978,RSPLAYMAPW,2606,True,10,
12979,VTPYGQSATF,2606,True,10,
12980,KAPAPFWARQ,2606,True,10,
12981,YSPLGFQGVT,2606,True,10,
12982,YAPAPFWSAS,2606,True,10,
12983,RGPSTLWGHL,2606,True,10,
12984,RMPYGMHSEG,2606,True,10,
12985,LQPRAFQSQG,2606,True,10,
12986,RPPQAFYGVF,2606,True,10,
12987,KRPLGYTASG,2606,True,10,
12988,ASPLGYHALT,2606,True,10,
12989,PGPAFLGTAS,2606,True,10,
12990,LSPLSYHNSF,2606,True,10,
12991,WVPSGFTASG,2606,True,10,
12992,KDPVAYMAMA,2606,True,10,
12993,GQPAPFWGMI,2606,True,10,
12994,SPPKQLRGSF,2606,True,10,
12995,WRPSAFKGTA,2606,True,10,
12996,KWPSGWMATS,2606,True,10,
12997,GAPLGYTSKA,2606,True,10,
12998,FYPWSMASTY,2606,True,10,
12999,MGPWGFHSAS,2606,True,10,
13000,QWPAQVWGSH,2606,True,10,
13001,YTPAQFYNGF,2606,True,10,
13002,RGPYGFQGPW,2606,True,10,
13003,RMPLGQWSVH,2606,True,10,
13004,EVPLGQRAGF,2606,True,10,
13005,VKPSGFWNHI,2606,True,10,
13006,GQPVPFWSAK,2606,True,10,
13007,GRPFGYFTAS,2606,True,10,
13008,IKPAGMYSPF,2606,True,10,
13009,HYPLPFWGPA,2606,True,10,
13010,PGPLPFSKIA,2606,True,10,
13011,MLPRPYSGQS,2606,True,10,
13012,TGPYASFSLA,2606,True,10,
13013,FAPLKFLAQG,2606,True,10,
13014,RMPLGWQSMW,2606,True,10,
13015,MLPAQVYSVY,2606,True,10,
13016,TPPLGFHSAG,2606,True,10,
13017,STPLGYFGWH,2606,True,10,
13018,YGPLGFAVSR,2606,True,10,
13019,SRPMAYLGNS,2606,True,10,
13020,NRPSPFRATS,2606,True,10,
13021,RTPLGFYRLA,2606,True,10,
13022,ARPSAMQSQG,2606,True,10,
13023,RAPSMSLGTS,2606,True,10,
13024,PWPGPFLAEW,2606,True,10,
13025,REPSAFHAQR,2606,True,10,
13026,PVPRAVTASG,2606,True,10,
13027,TPPQPFWANQ,2606,True,10,
13028,PGPYPMWGNG,2606,True,10,
13029,QPPLGFQSWK,2606,True,10,
13030,YIPFAFHVNV,2606,True,10,
13031,VGPFPFWDQA,2606,True,10,
13032,RTPYGMATMT,2606,True,10,
13033,TIPSPFLGHL,2606,True,10,
13034,FAPYPMTASG,2606,True,10,
13035,RVPYGMWYAY,2606,True,10,
13036,TAPLGWTGKL,2606,True,10,
13037,RPPQGFTGSR,2606,True,10,
13038,NMPLGFHSLG,2606,True,10,
13039,APPYPMWNAT,2606,True,10,
13040,MGPWGMRSPI,2606,True,10,
13041,IAPLGFISPV,2606,True,10,
13042,SGPYGMWGTA,2606,True,10,
13043,GMPLGYRGGI,2606,True,10,
13044,RIPAYMLYMS,2606,True,10,
13045,MSPRMLWAGH,2606,True,10,
13046,RYPQAFWGTH,2606,True,10,
13047,PRPLPYQGPG,2606,True,10,
13048,TMPLGYHDGT,2606,True,10,
13049,GKPFGFFGKF,2606,True,10,
13050,SRPLPYWGSG,2606,True,10,
13051,STPLGYWSNF,2606,True,10,
13052,HLPTAFLGNG,2606,True,10,
13053,HMPLGYHGLG,2606,True,10,
13054,WSPLGYAQSV,2606,True,10,
13055,KAPLGQYNMF,2606,True,10,
13056,VRPRPFTASG,2606,True,10,
13057,PRPLGYINAK,2606,True,10,
13058,FMPSAQTASG,2606,True,10,known_sequence
13059,MPPLGFFGRG,2606,True,10,
13060,HAPRSFWNLI,2606,True,10,
13061,VGPAFMWGIQ,2606,True,10,
13062,YFPLGQTASG,2606,True,10,
13063,HGPLNFMGPY,2606,True,10,
13064,SPAHGLFSWY,2606,True,10,
13065,PAPAKFSGWG,2606,True,10,
13066,PIPSPFAGWQ,2606,True,10,
13067,PQPLGFISVA,2606,True,10,
13068,GAPLGNTVTW,2606,True,10,
13069,MRPATMSDGK,2606,True,10,
13070,FIPFPFIGAS,2606,True,10,
13071,MVPSGVWAGF,2606,True,10,
13072,RSPLPFWAQY,2606,True,10,
13073,PWPSEMYANI,2606,True,10,
13074,IVPSGFVAMR,2606,True,10,
13075,QAPRGFQSPI,2606,True,10,
13076,PVPRVLTASG,2606,True,10,
13077,KRPASWLGAT,2606,True,10,
13078,TSPYGMTASG,2606,True,10,
13079,AIPRPFMGPH,2606,True,10,
13080,RPPLAFRGMH,2606,True,10,
13081,MAPSGFHGNH,2606,True,10,
13082,IMPSGFYGTA,2606,True,10,
13083,QTPRSWLSHF,2606,True,10,
13084,RAPLGFYSMI,2606,True,10,
13085,RHPVSFLSAY,2606,True,10,
13086,RTPYGMHASG,2606,True,10,
13087,TPPSPFWGPY,2606,True,10,
13088,EAPAQMLGIV,2606,True,10,
13089,PRPLGYTGQW,2606,True,10,
13090,HIPSPFMVSV,2606,True,10,
13091,IKPSGFTASG,2606,True,10,
13092,RMPLGFHSWK,2606,True,10,
13093,SMPLGYISEI,2606,True,10,
13094,KPAWGMIAWV,2606,True,10,
13095,PAIKPASVMA,2606,True,10,
13096,MEPLFWRGSR,2606,True,10,
13097,VIPRPFTASG,2606,True,10,
13098,HQPRSWRAHR,2606,True,10,
13099,QMPAQWRGAW,2606,True,10,
13100,ARPASWTGMI,2606,True,10,
13101,ASPSGQTASG,2606,True,10,
13102,RDPYGMANRG,2606,True,10,
13103,WTPVGMFSAY,2606,True,10,
13104,RLPNAFWGPA,2606,True,10,
13105,MSPRAFHGIA,2606,True,10,
13106,CLPAGVHYLH,2606,True,10,
13107,HRPSAMRGLS,2606,True,10,
13108,GRPMGMIGAG,2606,True,10,
13109,CGPYGMASAV,2606,True,10,
13110,RAPLGITNHV,2606,True,10,
13111,KHPFSNWASH,2606,True,10,
13112,VQPKPFWASQ,2606,True,10,
13113,RVPYGMIGQK,2606,True,10,
13114,KVPKGFTASG,2606,True,10,
13115,RPPRSWTASG,2606,True,10,
13116,IKPAGLTSPH,2606,True,10,
13117,QRPMQYMSQY,2606,True,10,
13118,SMPKGFTGRH,2606,True,10,
13119,SFPLGYRGIG,2606,True,10,
13120,PTPLGQIGPG,2606,True,10,
13121,PTPMGMWGPH,2606,True,10,
13122,KTPLGQIGVS,2606,True,10,
13123,RVPSGWTASG,2606,True,10,
13124,IGPQEVFGMY,2606,True,10,
13125,RVPRAVTNVG,2606,True,10,
13126,QMPLGFWSVS,2606,True,10,
13127,MGPWGFMSRH,2606,True,10,
13128,MAPLGFHSMF,2606,True,10,
13129,FAPSAVTASG,2606,True,10,
13130,RAPMQMYAEV,2606,True,10,
13131,SAPSGWTASG,2606,True,10,
13132,QGPLGFHDVI,2606,True,10,
13133,PQPLTSWYMG,2606,True,10,
13134,EMPLGYRGHG,2606,True,10,
13135,SRPLKYMGPV,2606,True,10,
13136,FMPLGQHSIL,2606,True,10,
13137,GPPLGFASQY,2606,True,10,
13138,GQPFGMYTAS,2606,True,10,
13139,AQPHAFTASG,2606,True,10,
13140,MAPLGFHGRS,2606,True,10,
13141,FKPSAYMSPK,2606,True,10,
13142,PAPYASFVRA,2606,True,10,
13143,RWPSEMYSPV,2606,True,10,
13144,MRPSAFYSVS,2606,True,10,
13145,GNPWGMTASG,2606,True,10,
13146,GYPSPFWNVY,2606,True,10,
13147,MVPLGQINVF,2606,True,10,
13148,NYPSGWTASG,2606,True,10,
13149,HGPYAMQGTH,2606,True,10,
13150,KFPLGYTASG,2606,True,10,
13151,RQPFGFWGVS,2606,True,10,
13152,FRPAQMLGWV,2606,True,10,
13153,TSPLGYTVAG,2606,True,10,
13154,SMPRQFRALQ,2606,True,10,
13155,LRPSAFHAIY,2606,True,10,
13156,PMPLGWTSKA,2606,True,10,
13157,AFPLGYTASG,2606,True,10,
13158,RQPRAFSGGG,2606,True,10,
13159,PWPAQWRGHI,2606,True,10,
13160,GVPRAVYAWS,2606,True,10,
13161,PAPSPFRNVF,2606,True,10,
13162,RSPQGFLSMQ,2606,True,10,
13163,AEPLGYQGNF,2606,True,10,
13164,RLPLGYTGPI,2606,True,10,
13165,NIPAGFFSLQ,2606,True,10,
13166,AGPYGFRAST,2606,True,10,
13167,VQPFAFTASG,2606,True,10,
13168,FIPFPFMGMA,2606,True,10,
13169,ARPASWTASG,2606,True,10,
13170,PRPASFLASR,2606,True,10,
13171,GWPFGFRSMA,2606,True,10,
13172,HMPRQYRNWT,2606,True,10,
13173,APYSNLWAPF,2606,True,10,
13174,KIPSGFYGMF,2606,True,10,
13175,PAPAPFWALS,2606,True,10,
13176,GHPSPFWARW,2606,True,10,
13177,YAPRSYISHT,2606,True,10,
13178,RSPTGYRAWA,2606,True,10,
13179,GRPSPFTASG,2606,True,10,
13180,VQPAPFWSEH,2606,True,10,
13181,PAPAPFWGSY,2606,True,10,
13182,SGPMGMHSTA,2606,True,10,
13183,KPPLGFHANG,2606,True,10,
13184,RMPLGYHGVG,2606,True,10,
13185,ANPLGQMNPG,2606,True,10,
13186,MPPLGFSYWV,2606,True,10,
13187,TMPYGMQNEW,2606,True,10,
13188,PAPAPVMASG,2606,True,10,
13189,QTPRSWLGIH,2606,True,10,
13190,TAPKGMHNQL,2606,True,10,
13191,PAPSGMCNQS,2606,True,10,
13192,RAPLPFLSWA,2606,True,10,
13193,RVPKGMTASG,2606,True,10,
13194,RQPRAYTGLF,2606,True,10,
13195,MSPKGVRVHF,2606,True,10,
13196,EKPSAYTGHF,2606,True,10,
13197,TVPYGMFTAS,2606,True,10,
13198,GPPSGFYAEY,2606,True,10,
13199,SLPLGYANGY,2606,True,10,
13200,QGPAFLRGSR,10238,True,10,
13201,SPPRSLRGVA,10238,True,10,
13202,GPPSHWIGNA,10238,True,10,
13203,DWPFGLWSLG,10238,True,10,
13204,SWPVGMWGTV,10238,True,10,
13205,YAPAWMIGIS,10238,True,10,
13206,PAPAWMIGHI,10238,True,10,
13207,TQPSWISGNF,10238,True,10,
13208,QGPVPLWGNQ,10238,True,10,
13209,QSPRYLQGWL,10238,True,10,
13210,QKPAGVFGKG,10238,True,10,
13211,LSPVFLFGAI,10238,True,10,
13212,IGPQPLWTAS,10238,True,10,
13213,PTLQYLHGSV,10238,True,10,
13214,DQPAGVHGWY,10238,True,10,
13215,GAPFHYRNLT,10238,True,10,
13216,SEPSHMRNWV,10238,True,10,
13217,PVPVPFLGWQ,10238,True,10,
13218,KPPSHLFGSW,10238,True,10,
13219,GYPTGLWHSI,10238,True,10,
13220,GFPRPFRGIQ,10238,True,10,
13221,ETPIPIWGKI,10238,True,10,
13222,WVPSWLKGPY,10238,True,10,
13223,AQPAHWRGLT,10238,True,10,
13224,GTPVGMTASG,10238,True,10,
13225,LSPRYLHGQG,10238,True,10,
13226,EPPSGWQGLV,10238,True,10,
13227,MVPSWLFGSK,10238,True,10,
13228,IPPSHWAGMR,10238,True,10,
13229,GVPRNVRTAS,10238,True,10,
13230,GIPRPLWALF,10238,True,10,
13231,QIPVGMHNHV,10238,True,10,
13232,EGPYSMRNIV,10238,True,10,
13233,GTPRSWVTAS,10238,True,10,
13234,ADVYGLIGQK,10238,True,10,
13235,DRPFGLFGNQ,10238,True,10,
13236,GLPDWLSTAS,10238,True,10,
13237,NPPYGLFGIH,10238,True,10,
13238,AVPKWMLGAG,10238,True,10,
13239,DFPLGQIGKI,10238,True,10,
13240,GTPLGQGTAS,10238,True,10,
13241,GIPQWIQTAS,10238,True,10,
13242,GMPRFLFGEQ,10238,True,10,
13243,GDPTGLRTAS,10238,True,10,
13244,SGPLGIRNTA,10238,True,10,
13245,DLPYGLRNPH,10238,True,10,
13246,GHPASWRGQY,10238,True,10,
13247,PGPEPLWGGQ,10238,True,10,
13248,GAPVHMLNIL,10238,True,10,
13249,GDPLGIRGLG,10238,True,10,
13250,WLPVAWTNHS,10238,True,10,
13251,NLPVALRNGW,10238,True,10,
13252,NTPSWMIGWR,10238,True,10,
13253,SDPSGQDGPG,10238,True,10,
13254,SPPLGQTAQG,10238,True,10,
13255,EGPSAMTGPQ,10238,True,10,
13256,TNPFGFMGPA,10238,True,10,
13257,LDPYGMRNGL,10238,True,10,
13258,MDPLGQKGNR,10238,True,10,
13259,GQPVHMWNPQ,10238,True,10,
13260,PDPLGQVSNI,10238,True,10,
13261,VKPSGWTSLQ,10238,True,10,
13262,REPVHMRGVG,10238,True,10,
13263,RAPVAFNGWK,10238,True,10,
13264,REPLTLRGWA,10238,True,10,
13265,KMPSGWYGEV,10238,True,10,
13266,DMPRQMLGEV,10238,True,10,
13267,VMPSGFRVAW,10238,True,10,
13268,GQPAWMHGPG,10238,True,10,
13269,VYPSGMWNWG,10238,True,10,
13270,QCPTGLTNTG,10238,True,10,
13271,YVPRAVSNLH,10238,True,10,
13272,PQPRFLHGLW,10238,True,10,
13273,CGPVPMWGRT,10238,True,10,
13274,FWPIHLYGAG,10238,True,10,
13275,NGPYGMRNRL,10238,True,10,
13276,DSPRGLGGMQ,10238,True,10,
13277,GTPRSLQGWI,10238,True,10,
13278,AVPVWMRGNG,10238,True,10,
13279,NTPLGQINLG,10238,True,10,
13280,SMPRYWAGVG,10238,True,10,
13281,GWPYGLRTAS,10238,True,10,
13282,AIPTAFLGQG,10238,True,10,
13283,LDPYGMRNLG,10238,True,10,
13284,NWPSPFSGVR,10238,True,10,
13285,IKPRNWHGPG,10238,True,10,
13286,GWPRFLYGPF,10238,True,10,
13287,GLPTALKGPW,10238,True,10,
13288,CDPYGMRGVG,10238,True,10,
13289,WSPSGWRAVQ,10238,True,10,
13290,ESPRGMTGIQ,10238,True,10,
13291,KLPVALTGHG,10238,True,10,
13292,YNPFSNRGIG,10238,True,10,
13293,DGPYHILGRG,10238,True,10,
13294,LEPRNVLGIA,10238,True,10,
13295,PFPLGAQGIH,10238,True,10,
13296,GKPVSMRGNR,10238,True,10,
13297,GAPRPLWDGQ,10238,True,10,
13298,QSPLGQRGLH,10238,True,10,
13299,LIPTSLRGKY,10238,True,10,
13300,TSPVALTGHI,10238,True,10,
13301,GVPAHVLGNA,10238,True,10,
13302,ACPTGLWGQR,10238,True,10,
13303,NSPSGWRGSI,10238,True,10,
13304,VSPAYLRGLF,10238,True,10,
13305,GSPVHMAGLG,10238,True,10,
13306,PSPRQLMGHV,10238,True,10,
13307,GCPVPMTGWS,10238,True,10,
13308,PGPAPLWVWT,10238,True,10,
13309,RDPLGIFGAK,10238,True,10,
13310,QPPQAVRGAH,10238,True,10,
13311,DSPYGMLGWG,10238,True,10,
13312,GGPSGWINQW,10238,True,10,
13313,WMPSGWFGHK,10238,True,10,
13314,NGPYGMFNGV,10238,True,10,
13315,EHPYGMANGS,10238,True,10,
13316,DKPHGLSGAY,10238,True,10,
13317,GIPRPLWGLG,10238,True,10,
13318,WEPLGQGGIH,10238,True,10,
13319,SWPRWLIGPS,10238,True,10,
13320,PEPRNVLGTH,10238,True,10,
13321,TGPKLIYGHS,10238,True,10,
13322,GMPLGVRGSM,10238,True,10,
13323,NDPSPQTGMA,10238,True,10,
13324,SPPHAFHNWA,10238,True,10,
13325,SNPIHMIGQG,10238,True,10,
13326,TQPYGMLGIT,10238,True,10,
13327,DSPLGQIDWI,10238,True,10,
13328,TNPRSWRGPL,10238,True,10,
13329,DTPEGVTNHA,10238,True,10,
13330,ASPLGQYGQT,10238,True,10,
13331,TPPSWLYGPW,10238,True,10,
13332,NGPQHMRGTG,10238,True,10,
13333,NPPFHLSDNK,10238,True,10,
13334,TSPLGQTGIQ,10238,True,10,
13335,QYPYHLYGPL,10238,True,10,
13336,FNPSRFLSPT,10238,True,10,
13337,GYPVSMRGHL,10238,True,10,
13338,EGVRPLWGES,10238,True,10,
13339,NTPNWLAGWG,10238,True,10,
13340,GVPRYIRGSG,10238,True,10,
13341,GDPYGMRGAH,10238,True,10,
13342,PHPVPMAGHG,10238,True,10,
13343,GNPSWIRTGR,10238,True,10,
13344,WSPSSYRNTS,10238,True,10,
13345,EWPYGLRDEQ,10238,True,10,
13346,VHPLGIKNPR,10238,True,10,
13347,GRPRSWSGPL,10238,True,10,
13348,GSPRPFINPG,10238,True,10,
13349,GWPFGMRTAS,10238,True,10,
13350,GSPRNLRNRG,10238,True,10,
13351,NMPSHWVGVA,10238,True,10,
13352,PRPESMRGWG,10238,True,10,
13353,LWPAWLKGWG,10238,True,10,
13354,DPPYGMRNEG,10238,True,10,
13355,GYPRSLSTAS,10238,True,10,
13356,DGPASVFGPT,10238,True,10,
13357,GYPWAWRGVY,10238,True,10,
13358,AVPTGLYGPA,10238,True,10,
13359,PDPYGMRGQG,10238,True,10,
13360,PEPRYIRGPY,10238,True,10,
13361,WRPGSMLNGA,10238,True,10,
13362,PNPVSLWGPR,10238,True,10,
13363,QCPTGLQNPA,10238,True,10,
13364,VEPRPILGWH,10238,True,10,
13365,CGPYGFRNGH,10238,True,10,
13366,LDPYGMINTH,10238,True,10,
13367,GWPVPMLNRG,10238,True,10,
13368,EVPAYWRSML,10238,True,10,
13369,ANPFHLSGPG,10238,True,10,
13370,GHIAWFSNPT,10238,True,10,
13371,VGPAFLTGWV,10238,True,10,
13372,SWPRPLTGLA,10238,True,10,
13373,WYPAWLHGNR,10238,True,10,
13374,WFPRGMRNWG,10238,True,10,
13375,WYPAGLWGAV,10238,True,10,
13376,SWPRPLIGMG,10238,True,10,
13377,GKPLNWYGTV,10238,True,10,
13378,TGPKLITGNR,10238,True,10,
13379,GRPVPFSVPF,10238,True,10,
13380,SVPRSVAVGW,10238,True,10,
13381,GYPSFLFGPV,10238,True,10,
13382,SPYASNRSGH,10238,True,10,
13383,GQPWGVRTAS,10238,True,10,
13384,GLPGFLWRGY,10238,True,10,
13385,VGPLSWRNWS,10238,True,10,
13386,WPPSHWLNMQ,10238,True,10,
13387,GFPLGFKNAY,10238,True,10,
13388,GSPVFMLGMG,10238,True,10,
13389,EQPAWMRGIH,10238,True,10,
13390,MVPSGVRQTG,10238,True,10,
13391,ESPMSWMGEI,10238,True,10,
13392,QGPAPMWGWG,10238,True,10,
13393,GQPRGQNGQL,10238,True,10,
13394,SQPTGLYGWI,10238,True,10,
13395,SLPRVLLGPG,10238,True,10,
13396,SAPRYLMGPY,10238,True,10,
13397,NFPLSQFNWV,10238,True,10,
13398,ESPRGQIGLG,10238,True,10,
13399,GSPYSWRAYI,10238,True,10,
13400,GMPKFGLGSH,10238,True,10,
13401,PEDEPEGAGA,10238,True,10,
13402,CDPYGMLGQL,10238,True,10,
13403,YTPAGFWGPR,10238,True,10,
13404,GMPVSMRNSR,10238,True,10,
13405,GDPYGMRGNY,10238,True,10,
13406,GVPRAVIRPA,10238,True,10,
13407,RCPRGLTNLG,10238,True,10,
13408,PIPTGLYNGT,10238,True,10,
13409,NTPYGMRGPT,10238,True,10,
13410,WDPRNYIGPG,10238,True,10,
13411,NGPYNWRNGY,10238,True,10,
13412,WGPLGQGQPR,10238,True,10,
13413,YSPLGQRNLT,10238,True,10,
13414,KDPFGMFGLQ,10238,True,10,
13415,GRPAWLTGEY,10238,True,10,
13416,VTPRPLIGQW,10238,True,10,
13417,SPPSHWAGWA,10238,True,10,
13418,SFPVSLMGTY,10238,True,10,
13419,YFPLGQFVMG,10238,True,10,
13420,GEPNYLRGWS,10238,True,10,
13421,GHPLAQIGLG,10238,True,10,
13422,GQPFAQGTAS,10238,True,10,
13423,SMPSGVHNLG,10238,True,10,
13424,TDPLGFRSHG,10238,True,10,
13425,STPLWMWNHV,10238,True,10,
13426,RQPAGLIGPL,10238,True,10,
13427,YAPSHWHGTI,10238,True,10,
13428,QEPRGVQGWT,10238,True,10,
13429,LGPQYWIGLG,10238,True,10,
13430,QSPVAMYGKV,10238,True,10,
13431,ELPSWIRNLS,10238,True,10,
13432,WDPRSLFTMV,10238,True,10,
13433,PGPEPLWGEI,10238,True,10,
13434,TGPIHLMGAG,10238,True,10,
13435,NVPRPLWGSV,10238,True,10,
13436,GSPRSLFGKG,10238,True,10,
13437,QDYFALYGRT,10238,True,10,
13438,SDPYGMVGLT,10238,True,10,
13439,NYPYGLRNVT,10238,True,10,
13440,GWPAWLKGPW,10238,True,10,
13441,INPKWMIGAR,10238,True,10,
13442,DPPSHMIGMH,10238,True,10,
13443,WHPIGMFNVG,10238,True,10,
13444,MGPRSLYGPH,10238,True,10,
13445,SGPLGIKGTA,10238,True,10,
13446,NNPYGMANGT,10238,True,10,
13447,TDPYGMLNLG,10238,True,10,
13448,AIPRPWIGAR,10238,True,10,
13449,GQPSPWYGTH,10238,True,10,
13450,QYPQWIWGIR,10238,True,10,
13451,NSPLSFRGMV,10238,True,10,
13452,LWPSPFLGPQ,10238,True,10,
13453,QDLWYLSGPG,10238,True,10,
13454,QDPYGMRGTI,10238,True,10,
13455,CVPSWLYGMR,10238,True,10,
13456,EHPSWLMGEQ,10238,True,10,
13457,GMPRYWIGES,10238,True,10,
13458,DSIKGMEQPT,10238,True,10,
13459,NQPVSLRNPG,10238,True,10,
13460,SGPSHWIGTA,10238,True,10,known_sequence
13461,HPVGWMVGIA,10238,True,10,
13462,GYPRSLINMT,10238,True,10,
13463,NGPYGMRGLS,10238,True,10,
13464,NCVRPLWGLF,10238,True,10,
13465,MAPRYMTNPK,10238,True,10,
13466,SYPSRFIGWA,10238,True,10,
13467,GQPMFLFGNV,10238,True,10,
13468,AEPRWYQGEQ,10238,True,10,
13469,GKPARLTGPT,10238,True,10,
13470,NGPYAMWNRW,10238,True,10,
13471,WRPSWLAGWG,10238,True,10,
13472,DVPVGMYSIF,10238,True,10,
13473,VDPSGQVGIG,10238,True,10,
13474,PIPTALMGMF,10238,True,10,
13475,WTPSWISNHA,10238,True,10,
13476,DTPLGSANLR,10238,True,10,
13477,YEPRGLTGHI,10238,True,10,
13478,GMPSWIWGQH,10238,True,10,
13479,DFPRPIWGPQ,10238,True,10,
13480,ARPVSMRGQT,10238,True,10,
13481,DSPYGMRNLI,10238,True,10,
13482,GEPLGWRTAS,10238,True,10,
13483,QLPVHMYGNS,10238,True,10,
13484,NCPWGLIGHG,10238,True,10,
13485,LGPSHWHALA,10238,True,10,
13486,WRPSWALNPQ,10238,True,10,
13487,GSPLGQPTAS,10238,True,10,
13488,FVPRQVLAQF,10238,True,10,
13489,REPLGWKSLV,10238,True,10,
13490,LPPKWMSGNL,10238,True,10,
13491,EKPRSWIGTI,10238,True,10,
13492,YAPLPWSGPQ,10238,True,10,
13493,GDPAHWTASG,10238,True,10,
13494,GSPRPFKGMH,10238,True,10,
13495,NRPLGQRTSG,10238,True,10,
13496,DKPFGMLGPY,10238,True,10,
13497,VPPEPLWGPG,10238,True,10,
13498,GCPVGMQGLQ,10238,True,10,
13499,AMPEYLWGQR,10238,True,10,
13500,ATPAGQVGKL,10238,True,10,
13501,SWPVGLRGQS,10238,True,10,
13502,MPGPECTGMQ,10238,True,10,
13503,KNPLGQISER,10238,True,10,
13504,DGPSGVWNWS,10238,True,10,
13505,TDPYGMRNAH,10238,True,10,
13506,GIPAWMKGHK,10238,True,10,
13507,TSPLDWQGPS,10238,True,10,
13508,SNPYGMRNSI,10238,True,10,
13509,SDPLGIRNQT,10238,True,10,
13510,GNPAHWFGQW,10238,True,10,
13511,NYPASLKGNV,10238,True,10,
13512,GTPRPLYNQA,10238,True,10,
13513,EYPRSLQGIA,10238,True,10,
13514,PGPVHLWGPR,10238,True,10,
13515,SPPLGQTGQR,10238,True,10,
13516,ESPANMVGVG,10238,True,10,
13517,GCPRGLVSRV,10238,True,10,
13518,DAPYHMLNGL,10238,True,10,
13519,DRPQWMRGLT,10238,True,10,
13520,GGPSGWLGTI,10238,True,10,
13521,IGPFTLRNSR,10238,True,10,
13522,QGPLGIRNGI,10238,True,10,
13523,KWPAWLVGRV,10238,True,10,
13524,QSPLPFIGMG,10238,True,10,
13525,NMPSAWQGGF,10238,True,10,
13526,EDPRGMRGLG,10238,True,10,
13527,GMPRSHYVGV,10238,True,10,
13528,ATPRSWTGHT,10238,True,10,
13529,ATPESLRGWG,10238,True,10,
13530,NQPNYIRGPA,10238,True,10,
13531,DNPFGMFGST,10238,True,10,
13532,QAPRSYWGQF,10238,True,10,
13533,TDPYGMLGPH,10238,True,10,
13534,GWPVGMRTAS,10238,True,10,
13535,LNPVPMWGAH,10238,True,10,
13536,WDPKWMRGNA,10238,True,10,
13537,GNPSGWLTAS,10238,True,10,
13538,SGPVPMRGTA,10238,True,10,
13539,RGPVHFQNRN,10238,True,10,
13540,VLPEAWTGNH,10238,True,10,
13541,DVPSWLYGVG,10238,True,10,
13542,MQPRQVRGWL,10238,True,10,
13543,CGPTGLMNPG,10238,True,10,
13544,GQPLGIYGWG,10238,True,10,
13545,GHPRSWTGLA,10238,True,10,
13546,TQPRSWQGPV,10238,True,10,
13547,YSPKSLRGLT,10238,True,10,
13548,CSPLAVRGIS,10238,True,10,
13549,DRPSWVQNPF,10238,True,10,
13550,QIPWAWSTLQ,10238,True,10,
13551,HSPLGQIGWT,10238,True,10,
13552,AGRPVLYGIK,10238,True,10,
13553,DHPSAWTGWI,10238,True,10,
13554,GQPRSWGTAS,10238,True,10,
13555,VDPSGQAVNW,10238,True,10,
13556,AMPLGIRNRT,10238,True,10,
13557,ADPKGMKGVF,10238,True,10,
13558,RVPTGMVNLR,10238,True,10,
13559,PWPAFLRGQR,10238,True,10,
13560,GTPRPLIGQY,10238,True,10,
13561,PAPIHLWGAW,10238,True,10,
13562,PDPFGLRGAL,10238,True,10,
13563,FGPSGLYNMG,10238,True,10,
13564,TSPGWMRNPH,10238,True,10,
13565,NCPTGLRGIG,10238,True,10,
13566,GSPLPFIGQA,10238,True,10,
13567,DMPAGVKGWI,10238,True,10,
13568,PRPKWMWGAG,10238,True,10,
13569,GNPRQLRGSQ,10238,True,10,
13570,NQPNGFHGRG,10238,True,10,
13571,RPPSHLYGVI,10238,True,10,
13572,SMPWGMRNSH,10238,True,10,
13573,WKPSGWQASF,10238,True,10,
13574,SGPVPMWGTA,10238,True,10,
13575,TDPYGMRNWS,10238,True,10,
13576,GEPYFMIGWA,10238,True,10,
13577,GKPLGQFTAS,10238,True,10,
13578,GPPEPLRGLR,10238,True,10,
13579,TNPQPVWNPG,10238,True,10,
13580,GDPLGQIGLG,10238,True,10,
13581,VTPVEMRGPT,10238,True,10,
13582,FEPQGVRTAS,10238,True,10,
13583,LYPAGVPGTK,10238,True,10,
13584,EPPYSWRGAY,10238,True,10,
13585,LRPRPLYGIT,10238,True,10,
13586,CVPSWIRGHK,10238,True,10,
13587,EPPYHFAVPV,10238,True,10,
13588,NDPVAMRNLG,10238,True,10,
13589,EGPYHIQGWG,10238,True,10,
13590,GMPAWMKGPA,10238,True,10,
13591,DYPLGMGNRW,10238,True,10,
13592,AKPSGVWNPH,10238,True,10,
13593,WVPVGMYNPG,10238,True,10,
13594,SGPSWLRGTA,10238,True,10,
13595,GYPRFLWGPL,10238,True,10,
13596,QTPSWLGNHG,10238,True,10,
13597,CLPINLWGQR,10238,True,10,
13598,VEPRNVLALG,10238,True,10,
13599,GLPDWMSGSG,10238,True,10,
13600,WPPRGMSTEK,9448,True,10,
13601,TYPRSWIGWI,9448,True,10,
13602,FNPIHLFATG,9448,True,10,
13603,GYPRSWTASG,9448,True,10,
13604,STPKGMYHVQ,9448,True,10,
13605,THPKQMRGPW,9448,True,10,
13606,HIPRSWTASG,9448,True,10,
13607,VWPSAFRSWV,9448,True,10,
13608,GFPAWMQGHF,9448,True,10,
13609,SRPRSWASPH,9448,True,10,
13610,LTPRYWLGHW,9448,True,10,
13611,MTPRGNLAVL,9448,True,10,
13612,PKVRGVYGAG,9448,True,10,
13613,CSPRGVFARW,9448,True,10,
13614,ADVRAVKGNQ,9448,True,10,
13615,IMPRSYIGEA,9448,True,10,
13616,KHPYGMTASG,9448,True,10,
13617,DKPSGVAVPY,9448,True,10,
13618,TGPRSLFDIF,9448,True,10,
13619,CWPSGWRTMS,9448,True,10,
13620,GEPRSWITVW,9448,True,10,
13621,PLPRVLMGHV,9448,True,10,
13622,SRPRAMLGEK,9448,True,10,
13623,GADPVRGYIV,9448,True,10,
13624,GAPRSWITAS,9448,True,10,
13625,PQPRSWCAHF,9448,True,10,
13626,KSPRGMSDQH,9448,True,10,
13627,EVQRAWYSVF,9448,True,10,
13628,KAPRSIVNTW,9448,True,10,
13629,CYPRGMSQNQ,9448,True,10,
13630,MIPRPVIVST,9448,True,10,
13631,GRPRGVYTAS,9448,True,10,
13632,TRPVPVWNSV,9448,True,10,
13633,NPRLAREVEG,9448,True,10,
13634,LYPAWMKGHF,9448,True,10,
13635,YTPIELWTNF,9448,True,10,
13636,YAPRSWQGSF,9448,True,10,
13637,VIPRPVTASG,9448,True,10,
13638,CMPWGVSTVR,9448,True,10,
13639,HVPRQVMAWG,9448,True,10,
13640,FTPRAYLGTY,9448,True,10,
13641,QFPRAFAVIR,9448,True,10,
13642,GVPRPVAVTF,9448,True,10,
13643,FMPRSQHAPL,9448,True,10,
13644,HSPFGFYSTY,9448,True,10,
13645,KEPLGYTASG,9448,True,10,
13646,IPWRAMHGRA,9448,True,10,
13647,IKPRGLFVGR,9448,True,10,
13648,FVPRAVTASG,9448,True,10,
13649,VTPVWMTGVY,9448,True,10,
13650,DVPRAVTSHF,9448,True,10,
13651,EFPSAVRTSG,9448,True,10,
13652,RHARQLRGMA,9448,True,10,
13653,EAPSDFSGML,9448,True,10,
13654,YWPRSWTGIQ,9448,True,10,
13655,TGPKSIFSPG,9448,True,10,
13656,TFPLGSYAGI,9448,True,10,
13657,YWPRAFHGWF,9448,True,10,
13658,YFPLAFINGW,9448,True,10,
13659,MMPRQVQARK,9448,True,10,
13660,PHPRSYMGGA,9448,True,10,
13661,KWPRFLTASG,9448,True,10,
13662,FSARAMTASG,9448,True,10,
13663,MTLIAMSGLW,9448,True,10,
13664,KFPRPVYAPH,9448,True,10,
13665,MNPKGMYNAG,9448,True,10,
13666,APPRSWVAES,9448,True,10,
13667,THPRSYTASG,9448,True,10,
13668,VTPRSWHGNI,9448,True,10,
13669,YVPSGVRGAV,9448,True,10,
13670,PTPRQVMTPF,9448,True,10,
13671,NSPKWMRGIT,9448,True,10,
13672,TWPRSWSATV,9448,True,10,
13673,RQPRNVMSGV,9448,True,10,
13674,FIPMWSVAGK,9448,True,10,
13675,DLPRSWTASG,9448,True,10,
13676,PFPRPIYTPS,9448,True,10,
13677,VSRVLVTPMG,9448,True,10,
13678,GAPRPFSTAY,9448,True,10,
13679,LFPRSWYGLQ,9448,True,10,
13680,PTPRYWIGIS,9448,True,10,
13681,VIPRPVMGTY,9448,True,10,
13682,MYPRSWTASG,9448,True,10,
13683,RQPVPMWSVT,9448,True,10,
13684,PFGRPLFTGG,9448,True,10,
13685,IDHRSLFGKG,9448,True,10,
13686,AFPRGVYSAF,9448,True,10,
13687,VEPLGYQGVL,9448,True,10,
13688,AGPRSYTGRW,9448,True,10,
13689,MTPRWLFGMQ,9448,True,10,
13690,GAHPVFSTAS,9448,True,10,
13691,VIPRPVWDIG,9448,True,10,
13692,YLPRAVSTGY,9448,True,10,
13693,TAPKWMKGTH,9448,True,10,
13694,TMPRSWHGAA,9448,True,10,
13695,AWPRGQVARG,9448,True,10,
13696,GYPWSVAAGF,9448,True,10,
13697,TVPRSWSNSI,9448,True,10,
13698,TNRSPTYAVG,9448,True,10,
13699,SGPRAVFGTA,9448,True,10,
13700,VWPRQVASVR,9448,True,10,
13701,PRPRGSQGSA,9448,True,10,
13702,QSPRGVFVMI,9448,True,10,
13703,STPRSWTASG,9448,True,10,
13704,QAPRSMTGPF,9448,True,10,
13705,VYPVPMWGPR,9448,True,10,
13706,WTPRGNGVFH,9448,True,10,
13707,SKPVGMHNVQ,9448,True,10,
13708,LWPRVLFVTS,9448,True,10,
13709,HQPRSWINWA,9448,True,10,
13710,ITPRGNFGLY,9448,True,10,
13711,YVPRVLWAGT,9448,True,10,
13712,HTPRGNSAVG,9448,True,10,
13713,PAPRSHISIG,9448,True,10,
13714,VWPVGMTSNG,9448,True,10,
13715,YSVFWMAGRK,9448,True,10,
13716,RTPAGMYTAR,9448,True,10,
13717,TRPRQYTKNT,9448,True,10,
13718,FYPRSWTGPG,9448,True,10,
13719,HTPRGNIALK,9448,True,10,
13720,PLPRAVQSIG,9448,True,10,
13721,MSWSAMKGKL,9448,True,10,
13722,SVPMGVKSHL,9448,True,10,
13723,VKVRGVHASY,9448,True,10,
13724,PIVLGWRSNT,9448,True,10,
13725,QLPRAMHGLY,9448,True,10,
13726,WLPRAVSVHF,9448,True,10,
13727,VAPRSARYSL,9448,True,10,
13728,RKPQGMTNSR,9448,True,10,
13729,GIPRVMWGIA,9448,True,10,
13730,ATPRSWIGTP,9448,True,10,
13731,MNPSGMLGTF,9448,True,10,
13732,INPKGVRTIG,9448,True,10,
13733,GFPRAFTGNL,9448,True,10,
13734,IKPVGMSDTF,9448,True,10,
13735,VGPRAVWDWQ,9448,True,10,
13736,FSPRSVTGRG,9448,True,10,
13737,WRPSGWTASG,9448,True,10,
13738,YTPRSWLVQA,9448,True,10,
13739,MYPARFTGIS,9448,True,10,
13740,MSPRWMSGEG,9448,True,10,
13741,GFPRAFTGKG,9448,True,10,
13742,ENPRGVWATS,9448,True,10,
13743,RQPRNVSAEG,9448,True,10,
13744,MSPRWMQGSA,9448,True,10,
13745,VTPRSWKGAG,9448,True,10,
13746,KAPRSWIGMY,9448,True,10,
13747,PSPVWMRGAY,9448,True,10,
13748,VHPRSNYGRW,9448,True,10,
13749,GPPRAFTASG,9448,True,10,
13750,WSPVSMTGLA,9448,True,10,
13751,AWPARFWGHF,9448,True,10,
13752,GRPSAFAGHF,9448,True,10,
13753,MSPRKFADLH,9448,True,10,
13754,ISVKGMYSEV,9448,True,10,
13755,NSPVPMWAGY,9448,True,10,
13756,TQPRAVKASF,9448,True,10,
13757,GVPRAVSVGT,9448,True,10,
13758,YMPKPMWGQG,9448,True,10,
13759,IYPRGMRGMA,9448,True,10,
13760,HMPRGQRSGW,9448,True,10,
13761,QNWRSLFGIS,9448,True,10,
13762,MHWLGITASG,9448,True,10,
13763,ATPRQMLSHI,9448,True,10,
13764,WYPRSLIGTR,9448,True,10,
13765,DSPRSWKSTG,9448,True,10,
13766,RVPRGVTSWG,9448,True,10,
13767,TAPRGSYDKW,9448,True,10,
13768,YAPRSWTASG,9448,True,10,
13769,ASPRSYTGLT,9448,True,10,
13770,CIPRSWIGSW,9448,True,10,
13771,HKPRAFWAWV,9448,True,10,
13772,RKPVSMWVWT,9448,True,10,
13773,RGPYGMTVGF,9448,True,10,
13774,NHPKQMRKQY,9448,True,10,
13775,WSPKGMGSQL,9448,True,10,
13776,MLPVAWYSNH,9448,True,10,
13777,MDPKGQAPTR,9448,True,10,
13778,FNPLGQIVQS,9448,True,10,
13779,CLPANRWEAQ,9448,True,10,
13780,YAPRSYIGWK,9448,True,10,
13781,KHPVGMYSTG,9448,True,10,
13782,CQPRSWTASG,9448,True,10,
13783,FYPSGMTAWA,9448,True,10,
13784,ARPRGVTVQV,9448,True,10,
13785,IPRSLRVNFP,9448,True,10,
13786,VQPRPFTGGF,9448,True,10,
13787,ASWITSPMIT,9448,True,10,
13788,WDPLGQRIPL,9448,True,10,
13789,YWPVGMWSGK,9448,True,10,
13790,VFPRAFQDNA,9448,True,10,
13791,QTPRSWKAMQ,9448,True,10,
13792,WNTRNLWSVA,9448,True,10,
13793,YWPRFLFTSG,9448,True,10,
13794,PAGRSMAGWS,9448,True,10,
13795,QSPRQVQGWT,9448,True,10,
13796,TSPRTLMATA,9448,True,10,
13797,TGPRSYINKI,9448,True,10,
13798,FNPSGVSVWT,9448,True,10,
13799,GWPVGMTASG,9448,True,10,
13800,FEVRGMLGRY,9448,True,10,
13801,KPRFPRFASM,9448,True,10,
13802,TVPRAWHDPG,9448,True,10,
13803,SGPKGMTVTA,9448,True,10,
13804,HWPVGMTASG,9448,True,10,
13805,VPPRAFTASG,9448,True,10,
13806,QFPRGMTGKG,9448,True,10,
13807,SYPRAVSAVW,9448,True,10,
13808,VEPVAVYSGY,9448,True,10,
13809,TMPLGVSTSQ,9448,True,10,
13810,FVPRAVYAQI,9448,True,10,
13811,SWPMGMFVKG,9448,True,10,
13812,WGPRSYTGAY,9448,True,10,
13813,IYPRGMTGTF,9448,True,10,
13814,PTPRGNMHGF,9448,True,10,
13815,TQPRSWVQSA,9448,True,10,
13816,WFPRGVRDWR,9448,True,10,
13817,AKPRGMVNAF,9448,True,10,
13818,PMPRGSWDHR,9448,True,10,
13819,TKVLGMVGIW,9448,True,10,
13820,YMPRGVMAET,9448,True,10,
13821,VKPRGVYGSI,9448,True,10,
13822,VFPRSYLAPW,9448,True,10,
13823,LAPRYWYGMG,9448,True,10,
13824,PWPKWMYGIR,9448,True,10,
13825,GSPKGVTTAS,9448,True,10,
13826,PVPRQVVATF,9448,True,10,
13827,YVPRAVAGAT,9448,True,10,
13828,GHAYGMFGNH,9448,True,10,
13829,YIPRVMYGVG,9448,True,10,
13830,WTPRAFRGTI,9448,True,10,
13831,TRPRGVYTWL,9448,True,10,
13832,SRPRTLMGTH,9448,True,10,
13833,PAPRPVMDGW,9448,True,10,
13834,AGPRAVKGSR,9448,True,10,
13835,MTPRQVFSWY,9448,True,10,
13836,SIPRPVLDVQ,9448,True,10,
13837,YWPRSWYVGT,9448,True,10,
13838,TPVSWLKAHF,9448,True,10,
13839,FGPRSHMGTA,9448,True,10,
13840,LCPHGMTASG,9448,True,10,
13841,TQPRSWTASG,9448,True,10,
13842,VWPRSWRAEF,9448,True,10,
13843,RVARPLVNTW,9448,True,10,
13844,PVRHIRTVAP,9448,True,10,
13845,YVPRAVMVWG,9448,True,10,
13846,WVPRAVLVQA,9448,True,10,
13847,SWPRGMTVAI,9448,True,10,
13848,MQPRGQLAPW,9448,True,10,
13849,FKPRGMSNEG,9448,True,10,
13850,GSPRSWRGWG,9448,True,10,
13851,KRPRSWTNEY,9448,True,10,
13852,KGPSGWTASG,9448,True,10,
13853,SPPFGMTNRH,9448,True,10,
13854,HTPRGNLGVF,9448,True,10,
13855,QRPRSWTQGY,9448,True,10,
13856,PTPRSNIGVY,9448,True,10,
13857,MYPKPMWGIQ,9448,True,10,
13858,QVPRAVSVQL,9448,True,10,
13859,QPPHAFMVWL,9448,True,10,
13860,WAPRAFQARG,9448,True,10,
13861,YLPRPVMGQG,9448,True,10,
13862,HVPRSHWAWY,9448,True,10,
13863,HAPRGSTGWK,9448,True,10,
13864,GMPRSWKDNF,9448,True,10,
13865,YAPRAFLGEG,9448,True,10,
13866,AVPRAWTASG,9448,True,10,
13867,MALRSLFGIF,9448,True,10,
13868,FGPSHWMGIV,9448,True,10,
13869,NSPVQMYGKH,9448,True,10,
13870,MNPRSVSQWG,9448,True,10,
13871,HFPLGFQVWH,9448,True,10,
13872,FSPRNYTGQT,9448,True,10,
13873,VFPMAVYAIW,9448,True,10,
13874,AVPRGVTASG,9448,True,10,
13875,KYPRGVATRW,9448,True,10,
13876,AQPRAYHGQT,9448,True,10,
13877,MEPRGSTVNY,9448,True,10,
13878,ESPVQMTSGL,9448,True,10,
13879,LYPRAFSGNK,9448,True,10,
13880,MWPRGWFVER,9448,True,10,
13881,PWPRPFIKTQ,9448,True,10,
13882,MGQRAPMSPA,9448,True,10,
13883,GNPSGWHASG,9448,True,10,
13884,WNPVSMLGVQ,9448,True,10,
13885,FYPRNIRVPL,9448,True,10,
13886,SGPRSWVGTA,9448,True,10,
13887,VAPRSWIAPL,9448,True,10,
13888,SAPVAFRGNK,9448,True,10,
13889,EVPRAVIAVS,9448,True,10,
13890,TVPRAWSDGS,9448,True,10,
13891,YVPHGFTASQ,9448,True,10,
13892,ELPRVLFSAK,9448,True,10,
13893,YTPRGNFIVT,9448,True,10,
13894,YFPRAFYSPR,9448,True,10,
13895,QPKAPAMLPQ,9448,True,10,
13896,RVPRQVKGVW,9448,True,10,
13897,VGPVPFWARF,9448,True,10,
13898,PKPRSWIGSQ,9448,True,10,
13899,VLPRQVISEI,9448,True,10,
13900,HGPRAVMAHS,9448,True,10,
13901,VHPRSWIAIY,9448,True,10,
13902,SAPRSWVAET,9448,True,10,
13903,MFPKGVRAVG,9448,True,10,
13904,YWPRGQASPG,9448,True,10,
13905,WSPRAYFAPL,9448,True,10,
13906,WAPHSFYGNA,9448,True,10,
13907,FMPRNVYAER,9448,True,10,
13908,HTPRSWLATI,9448,True,10,
13909,GVPRSVMGPF,9448,True,10,
13910,FTPRQAGPIT,9448,True,10,
13911,NSVWGIYSTG,9448,True,10,
13912,SFPKGVQSVW,9448,True,10,
13913,TQPRSWTASG,9448,True,10,
13914,AQPRSWAVIQ,9448,True,10,
13915,YAPRSMWNMH,9448,True,10,
13916,FMPRNVWTVG,9448,True,10,
13917,GTVRGMLGHW,9448,True,10,
13918,AEPRPVYAGK,9448,True,10,
13919,TMPRAVIGPW,9448,True,10,
13920,WAPWGQMVQG,9448,True,10,
13921,YMPRGQSYPT,9448,True,10,
13922,VIPRPITASG,9448,True,10,
13923,ARPRSLISKW,9448,True,10,
13924,TWPRAFIGLG,9448,True,10,
13925,FLPRAVQATF,9448,True,10,
13926,NSPRGFSAWT,9448,True,10,
13927,RFPSGMRVAF,9448,True,10,
13928,AAPRSHIGPI,9448,True,10,
13929,TPPKSMYSWF,9448,True,10,
13930,ILPVPMVAVI,9448,True,10,
13931,YRPVGMHGHI,9448,True,10,
13932,WFPLGITVAG,9448,True,10,
13933,NVPRGVFYWT,9448,True,10,
13934,TAYMYIPAYG,9448,True,10,
13935,TPVRAYRSNS,9448,True,10,
13936,FLPRVIYTWY,9448,True,10,
13937,SIPRPVGYNT,9448,True,10,
13938,FSVRGVRSWY,9448,True,10,
13939,LWPRQVIGRY,9448,True,10,
13940,YVPKWMVGRG,9448,True,10,
13941,GPPRSWQAQI,9448,True,10,
13942,NRPFGMRNAL,9448,True,10,
13943,WMPRGVTVGL,9448,True,10,
13944,GNPKSMWGYQ,9448,True,10,
13945,QWRISAWASP,9448,True,10,
13946,FMPRSFYGHK,9448,True,10,
13947,FYPRWLSTRL,9448,True,10,
13948,THPRSMWGAY,9448,True,10,
13949,SLPRPVTASG,9448,True,10,
13950,WAPRVLTGKF,9448,True,10,
13951,FMPRSMIGWA,9448,True,10,
13952,SQPRQVTASG,9448,True,10,
13953,WVPRGVSVQI,9448,True,10,
13954,SDPFGMFHVG,9448,True,10,
13955,TSPRSWADSG,9448,True,10,
13956,FMVRGMSGGA,9448,True,10,
13957,FRPRSWTASG,9448,True,10,
13958,YPRNPMLGKA,9448,True,10,
13959,LVPRYMRSPV,9448,True,10,
13960,ARPRGQASGI,9448,True,10,
13961,NGPRSLASRV,9448,True,10,
13962,VWPVGMHSAY,9448,True,10,
13963,WRPRGQSNVR,9448,True,10,
13964,LFPKWMRGVF,9448,True,10,
13965,LVPRQVASQT,9448,True,10,
13966,VQPRNWGDMI,9448,True,10,
13967,CAPRGQTNGI,9448,True,10,
13968,FYPRWLFSRA,9448,True,10,
13969,YNPRGMKTVT,9448,True,10,
13970,YMPRGVTPTV,9448,True,10,
13971,HIPVSMYGQK,9448,True,10,
13972,VNPRSHMGKA,9448,True,10,
13973,AHPRSMVGNY,9448,True,10,
13974,TAPLGIFYQW,9448,True,10,
13975,YMPRAFAGPA,9448,True,10,
13976,TMPYGMRTSF,9448,True,10,
13977,YFPSGMASPI,9448,True,10,
13978,VKPRPFIAHG,9448,True,10,
13979,DLPYGMWASL,9448,True,10,
13980,TQPRSWTGHG,9448,True,10,
13981,KVPRGVSVEL,9448,True,10,
13982,RLPVPMVSTR,9448,True,10,
13983,DPVYWMFGMY,9448,True,10,
13984,TVTRNLWGEQ,9448,True,10,
13985,FKCKWNVLEL,9448,True,10,
13986,GRPFGMRTAS,9448,True,10,
13987,TMPRSYIGLT,9448,True,10,
13988,FNWRPMLGIY,9448,True,10,
13989,PEPRGVFVIL,9448,True,10,
13990,RQPRNVISGK,9448,True,10,
13991,NWPRPVLASI,9448,True,10,
13992,VYPRAFIGKL,9448,True,10,
13993,NHPRSWAVPL,9448,True,10,
13994,MLPLIAVAGW,9448,True,10,
13995,KWPVHMRDKH,9448,True,10,
13996,TYPRGVLTAS,9448,True,10,
13997,GYPRAFGSMA,9448,True,10,
13998,SFPRGVQTVT,9448,True,10,
13999,GNPIHLRTAS,9448,True,10,
14000,IQPRGMTNLH,9614,True,10,
14001,TMPRGVHVQK,9614,True,10,
14002,GAPRGVTASG,9614,True,10,
14003,GWVGALRAVG,9614,True,10,
14004,PMPRGVRGQH,9614,True,10,
14005,GDPSGMRTAS,9614,True,10,
14006,GPVRGVIARV,9614,True,10,
14007,VRPRGVRVDV,9614,True,10,
14008,GAPRGVKTAS,9614,True,10,
14009,KGPAGMHTVQ,9614,True,10,
14010,GMPRAVRGMG,9614,True,10,
14011,YTPRGNAGTH,9614,True,10,
14012,EMPRGVTGMK,9614,True,10,
14013,GVPSGVLVRS,9614,True,10,
14014,GSPSGMIGMA,9614,True,10,
14015,VPPSGMRGES,9614,True,10,
14016,GPWAGMGSTG,9614,True,10,
14017,AGPVAMTASG,9614,True,10,
14018,WTPSGMRGIY,9614,True,10,
14019,GNPRGMITAS,9614,True,10,
14020,SVPRGVRVAK,9614,True,10,
14021,VPPTGMKVGA,9614,True,10,
14022,PIVAWLKGQR,9614,True,10,
14023,ETPRGLFAKW,9614,True,10,
14024,HDPLGITNKV,9614,True,10,
14025,YPPSGMRTPS,9614,True,10,
14026,GPVWGIRTAS,9614,True,10,
14027,TSPVSMLGKH,9614,True,10,
14028,EQPRGMKGRI,9614,True,10,
14029,SGPRGMKGTA,9614,True,10,
14030,YPPRGVSGNI,9614,True,10,
14031,EQPVAMKGPV,9614,True,10,
14032,GFPSGMWTAS,9614,True,10,
14033,SPPRAVKGEF,9614,True,10,
14034,SMPKQMRGPI,9614,True,10,
14035,SGPKGMRSTA,9614,True,10,
14036,QRVRGVKAIK,9614,True,10,
14037,PAPRGVSTKV,9614,True,10,
14038,PGPAGVKTAT,9614,True,10,
14039,EDVAGMRSLG,9614,True,10,
14040,GAPAGMKTAS,9614,True,10,
14041,HQPRGMKSMR,9614,True,10,
14042,GSPRGVIAMS,9614,True,10,
14043,VPPRSVKGTK,9614,True,10,
14044,GQPLGIRSQY,9614,True,10,
14045,TKPAGMHGKG,9614,True,10,
14046,RAPRSMHAWH,9614,True,10,
14047,TAPKGMYTWG,9614,True,10,
14048,DAPRGMQNRV,9614,True,10,
14049,PGPAGMRSAQ,9614,True,10,
14050,PAPRPLWGQG,9614,True,10,
14051,GLPDWMRGKA,9614,True,10,
14052,KAPRGVAVYG,9614,True,10,
14053,GAPRGVKTAS,9614,True,10,
14054,GTPRGMSTAS,9614,True,10,
14055,PQPHGMKTGF,9614,True,10,
14056,SVPSGMLAIH,9614,True,10,
14057,TQPVGMKNQY,9614,True,10,
14058,MRPRGMHNGR,9614,True,10,
14059,PGPTGLVTAS,9614,True,10,
14060,GRPSWIKTAS,9614,True,10,
14061,DGPRGMHTHA,9614,True,10,
14062,GVPRGVIARQ,9614,True,10,
14063,GAPRGMRTAS,9614,True,10,
14064,AGPAGMRGTK,9614,True,10,
14065,NGPKGMRGAR,9614,True,10,
14066,WKPRGMKNMV,9614,True,10,
14067,PRPRGVMARG,9614,True,10,
14068,EAPRGMAGHL,9614,True,10,
14069,KYPVGMRGPY,9614,True,10,
14070,GQPRGVATAS,9614,True,10,
14071,SGPAGMHTTA,9614,True,10,
14072,EKPAGMVVAS,9614,True,10,
14073,PGPVGMASAV,9614,True,10,
14074,GAPRGVRTAS,9614,True,10,
14075,VAPKGMKGVQ,9614,True,10,
14076,PGRPGRGVMV,9614,True,10,
14077,PGPVGMSGQT,9614,True,10,
14078,DAPLGIRVRV,9614,True,10,
14079,SPPHGMLTHY,9614,True,10,
14080,SIPRGMTASG,9614,True,10,
14081,GTPVGMRTAS,9614,True,10,
14082,TSPRWLSGQF,9614,True,10,
14083,PGPAGMYTAS,9614,True,10,
14084,GVPRGVKVIK,9614,True,10,
14085,ATPSGVTASG,9614,True,10,
14086,GAPRGSTASG,9614,True,10,
14087,GSPRGARTAS,9614,True,10,
14088,DVPRGVTVKQ,9614,True,10,
14089,DPLVGMHSEQ,9614,True,10,
14090,PKPAGMKNVK,9614,True,10,
14091,TKVSGMIGPG,9614,True,10,
14092,AGPAGMRGIK,9614,True,10,
14093,VMWRGMTASG,9614,True,10,
14094,QPPRGMRGAV,9614,True,10,
14095,SPPSGMQSLG,9614,True,10,
14096,VAPRPVRGMH,9614,True,10,
14097,AMPRGVTASG,9614,True,10,
14098,RGPVGMHNHG,9614,True,10,
14099,GQPRGVRTAS,9614,True,10,
14100,KTPTGMSNRA,9614,True,10,
14101,SDPAGMKFHV,9614,True,10,
14102,GRPAGMKTAS,9614,True,10,
14103,KWPAGMFSVK,9614,True,10,
14104,DGPFGMVTGV,9614,True,10,
14105,ATPSGMRTIG,9614,True,10,
14106,SYPRMLVTAS,9614,True,10,
14107,VAPASVRGQI,9614,True,10,
14108,NAPSGMWHWL,9614,True,10,
14109,VGPAGMKTAS,9614,True,10,
14110,EVAVPMIGQR,9614,True,10,
14111,GQPVGMKGMF,9614,True,10,
14112,SMPRGVYTVI,9614,True,10,
14113,SGPKGMRGTA,9614,True,10,
14114,GHPSGMRAQY,9614,True,10,
14115,GKPRGVQTAS,9614,True,10,
14116,SGPSGMRSTA,9614,True,10,
14117,YGPRGMFVKG,9614,True,10,
14118,RVPKGMTASG,9614,True,10,
14119,VAPRAVRGRS,9614,True,10,
14120,SGMRGMRGTA,9614,True,10,
14121,GDPSGMYTAS,9614,True,10,
14122,VSPAGVKSIG,9614,True,10,
14123,VQPQGMRKLI,9614,True,10,
14124,KPPKGMRSHS,9614,True,10,
14125,VLPVGMKSWV,9614,True,10,
14126,EQPRGMTASG,9614,True,10,
14127,AGPRPVKSPS,9614,True,10,
14128,VGPAGMRTAS,9614,True,10,
14129,VGPQWILGKG,9614,True,10,
14130,ASPVAMWGTQ,9614,True,10,
14131,SGVAGMRGTA,9614,True,10,
14132,GAPAGVTASG,9614,True,10,
14133,KTPVGMTASG,9614,True,10,
14134,TSPVWLRGWA,9614,True,10,
14135,GGPSGMRTAS,9614,True,10,
14136,DAPRGMKGPI,9614,True,10,
14137,TVPRGVKANG,9614,True,10,
14138,EAPVGMLALA,9614,True,10,
14139,TGPVWMSSMG,9614,True,10,
14140,PGPSGWRVQL,9614,True,10,
14141,AQPRGMKSMY,9614,True,10,
14142,GSVGALKTAS,9614,True,10,
14143,KVPSGMKGRH,9614,True,10,
14144,HPLVGLQGVK,9614,True,10,
14145,VGVRAVRGKG,9614,True,10,
14146,TRPHGYKGMG,9614,True,10,
14147,EDPRGMQTHV,9614,True,10,
14148,IAPAGVRTAF,9614,True,10,
14149,SVPRGVQALT,9614,True,10,
14150,PTPRGTAGRV,9614,True,10,
14151,SGISGMRVTA,9614,True,10,
14152,GVPRGVRTAS,9614,True,10,known_sequence
14153,LAPADVRGVI,9614,True,10,
14154,VAPRGVRVNG,9614,True,10,
14155,VMPSGVSGQY,9614,True,10,
14156,AGPAGMRTAV,9614,True,10,
14157,GPVRWSMSNG,9614,True,10,
14158,APPSGMRGRA,9614,True,10,
14159,RVPRGMTSKQ,9614,True,10,
14160,GPPRGVSTAH,9614,True,10,
14161,NTPRGVGSMK,9614,True,10,
14162,RAPSTLHAPA,9614,True,10,
14163,GAPRGVSGMI,9614,True,10,
14164,MKPVGMLGPL,9614,True,10,
14165,GGPVGMRTAS,9614,True,10,
14166,RTPKGMTSRG,9614,True,10,
14167,VGPESMAGNT,9614,True,10,
14168,TSPVAMRGKH,9614,True,10,
14169,QPPRGFKNTA,9614,True,10,
14170,KVPSGMLGRS,9614,True,10,
14171,KFPKGMRTLA,9614,True,10,
14172,APWGSMRGIG,9614,True,10,
14173,GPARGMLTAS,9614,True,10,
14174,VMPAGVKATR,9614,True,10,
14175,DAPKGMRANF,9614,True,10,
14176,NAPRGMRGQV,9614,True,10,
14177,KPNTPMKVPR,9614,True,10,
14178,NEPRGVKTAS,9614,True,10,
14179,GPTPTGNLRV,9614,True,10,
14180,FDIRAMTASG,9614,True,10,
14181,GTPRGMKGPI,9614,True,10,
14182,EVPRGVTASG,9614,True,10,
14183,QGPRGMRGSY,9614,True,10,
14184,SPVRGMLAPL,9614,True,10,
14185,YAPRGMGSRG,9614,True,10,
14186,PSPVGMTASG,9614,True,10,
14187,TVPRAWRGTF,9614,True,10,
14188,TSPHGAFKNQ,9614,True,10,
14189,TGVSWLIGSK,9614,True,10,
14190,RVPRGVHAKV,9614,True,10,
14191,GPPRGVTASG,9614,True,10,
14192,APVWGIMAVR,9614,True,10,
14193,TAPRGVKGLK,9614,True,10,
14194,VEPKGMRGQY,9614,True,10,
14195,VAPRGFYSQI,9614,True,10,
14196,GSPAGIRTAS,9614,True,10,
14197,DEPRGMKSVG,9614,True,10,
14198,SGPRSMRNTA,9614,True,10,
14199,GTPRSMRSHQ,9614,True,10,
14200,ESPVWLRSWT,9614,True,10,
14201,LRPRGVKTGH,9614,True,10,
14202,GVPKGVRSAI,9614,True,10,
14203,RVPSKLQGMG,9614,True,10,
14204,GPVWGIRVAL,9614,True,10,
14205,GRPVGMRTAS,9614,True,10,
14206,YGPVGMTNKH,9614,True,10,
14207,GAPRGMVGQG,9614,True,10,
14208,GPPRGVKGPR,9614,True,10,
14209,GIPVGMFTAS,9614,True,10,
14210,SRPSGMRTWY,9614,True,10,
14211,GAPRGSTSKH,9614,True,10,
14212,MDPRGMRSHR,9614,True,10,
14213,IQPRGVSAMG,9614,True,10,
14214,GMPRAVRSTY,9614,True,10,
14215,RIPRGMSNGT,9614,True,10,
14216,PTPVGMRNMG,9614,True,10,
14217,VPPRGVKVMW,9614,True,10,
14218,SQPKGMRNWI,9614,True,10,
14219,GAPRSVKTAS,9614,True,10,
14220,PLVWGIRAQL,9614,True,10,
14221,GPPKGMRTQT,9614,True,10,
14222,SAPRGIKAMG,9614,True,10,
14223,SPPRGVKGLK,9614,True,10,
14224,EDPRGVRGPF,9614,True,10,
14225,PKPLGQRGIG,9614,True,10,
14226,SMPRAMKGPT,9614,True,10,
14227,GQVAGMRGMK,9614,True,10,
14228,SGPSGMAGTA,9614,True,10,
14229,RAPRSMQSVY,9614,True,10,
14230,GAPRGMKTAS,9614,True,10,
14231,ATVRGVKGRY,9614,True,10,
14232,DPPSGMQSMT,9614,True,10,
14233,TAPRGVKSPT,9614,True,10,
14234,EVAVGMRAMF,9614,True,10,
14235,AGPRGVRGMV,9614,True,10,
14236,MDPKGMRSRV,9614,True,10,
14237,GVPRGVTASG,9614,True,10,
14238,SAGPRFTSRG,9614,True,10,
14239,ITPAGVFSLK,9614,True,10,
14240,ATPSGMHNKI,9614,True,10,
14241,PVRTRVISNQ,9614,True,10,
14242,VGPLGVTASG,9614,True,10,
14243,VTPRGNKSIL,9614,True,10,
14244,GDPQGMKTAS,9614,True,10,
14245,NWPRGMKVNV,9614,True,10,
14246,ADPRGMRSLT,9614,True,10,
14247,PAPAGVRTIS,9614,True,10,
14248,TGVWGIRALI,9614,True,10,
14249,ARPVGMRTAG,9614,True,10,
14250,SQPRGSTGQG,9614,True,10,
14251,GKPAGVRTAS,9614,True,10,
14252,QGPKGMRSIH,9614,True,10,
14253,GPVHGMVTAS,9614,True,10,
14254,TAPKGMTSRF,9614,True,10,
14255,DTVRGMYSTK,9614,True,10,
14256,TAPVGMKVQV,9614,True,10,
14257,HGPVGMKSGR,9614,True,10,
14258,VPPRVMYAPR,9614,True,10,
14259,MEYAGMRGIY,9614,True,10,
14260,GMPRGSAMQF,9614,True,10,
14261,SQPVGMRNIG,9614,True,10,
14262,GSPVQMLSRQ,9614,True,10,
14263,AGPAGMKGSG,9614,True,10,
14264,GNPAGMKTAS,9614,True,10,
14265,GAPGMLYGMG,9614,True,10,
14266,GRPRGVKTAS,9614,True,10,
14267,GRPRGMKTAS,9614,True,10,
14268,RMPRGVRGQS,9614,True,10,
14269,AQPRGVFTAS,9614,True,10,
14270,GGPVGMVTAS,9614,True,10,
14271,TKPRGVQALS,9614,True,10,
14272,PRPRGSWAPK,9614,True,10,
14273,DVGVPMAGMQ,9614,True,10,
14274,VSPVQMRGMR,9614,True,10,
14275,HFPLGLKSWI,9614,True,10,
14276,PNPSGMRNAG,9614,True,10,
14277,APPRGMYNKT,9614,True,10,
14278,GNPVGMRTAS,9614,True,10,
14279,APPRGVKGPH,9614,True,10,
14280,DGPRGMSTAS,9614,True,10,
14281,KGPVGMRTAI,9614,True,10,
14282,EQPRGVKTVK,9614,True,10,
14283,SVPSGVTASG,9614,True,10,
14284,SGPAGMRVTA,9614,True,10,
14285,SAPRGVSGRQ,9614,True,10,
14286,GTPRGKATAS,9614,True,10,
14287,RNPAGMRTNR,9614,True,10,
14288,GYPRAMRALA,9614,True,10,
14289,AHVRGMRGWR,9614,True,10,
14290,TRPVGMRGMG,9614,True,10,
14291,GLPHGMFTAS,9614,True,10,
14292,GVPKGVRVQI,9614,True,10,
14293,EAVRGMRTAS,9614,True,10,
14294,ATPRGMSNQT,9614,True,10,
14295,GIPRGVKTAS,9614,True,10,
14296,GEPRGIKTAS,9614,True,10,
14297,EDPVGMRNGI,9614,True,10,
14298,GNPRGMKTAS,9614,True,10,
14299,TPPSGMKSTV,9614,True,10,
14300,VGVRAVYAWI,9614,True,10,
14301,GAPRGSRTAS,9614,True,10,
14302,AQPVAMKGVK,9614,True,10,
14303,VGPSGMKGKG,9614,True,10,
14304,GHPVAMKSQH,9614,True,10,
14305,VGPAGMKGAY,9614,True,10,
14306,PDPVGMRSNA,9614,True,10,
14307,TQPAGMTSRH,9614,True,10,
14308,TVPRGVKGQK,9614,True,10,
14309,GAVGALRGKV,9614,True,10,
14310,VGPAGMRTAS,9614,True,10,
14311,SPVGWMRSNL,9614,True,10,
14312,RQPRGVRTIV,9614,True,10,
14313,EAPVGMRGSR,9614,True,10,
14314,GMPHGMFTAS,9614,True,10,
14315,QGPRGVKAMQ,9614,True,10,
14316,RSPVGMISNG,9614,True,10,
14317,GAPRGVTASG,9614,True,10,
14318,TGPRGVKVPK,9614,True,10,
14319,DAVFGMRSHR,9614,True,10,
14320,GAPVGMRGVT,9614,True,10,
14321,GMPRSYTGRQ,9614,True,10,
14322,IGPMGMKGML,9614,True,10,
14323,PTPRGNTASG,9614,True,10,
14324,QAGPKLKSTM,9614,True,10,
14325,PEPVWMRHLH,9614,True,10,
14326,SAPGWMRGAK,9614,True,10,
14327,AVAYGMRGER,9614,True,10,
14328,EAPAGMKTAR,9614,True,10,
14329,KFPAGSVGVK,9614,True,10,
14330,GLPRPILAMR,9614,True,10,
14331,SVPSGVTAMK,9614,True,10,
14332,TPVGWMSGIA,9614,True,10,
14333,GAPRSMVTAS,9614,True,10,
14334,SQPRGMTSML,9614,True,10,
14335,RVPVGMASQS,9614,True,10,
14336,SEPRGMRVQV,9614,True,10,
14337,HSPVWMRGLH,9614,True,10,
14338,GIPVPMRGLG,9614,True,10,
14339,GQPAGVKATV,9614,True,10,
14340,SGPSGMTGTA,9614,True,10,
14341,DKPAGMRGPK,9614,True,10,
14342,AGPMGMKHLK,9614,True,10,
14343,VQPRGVRASY,9614,True,10,
14344,EAPGAMRSAT,9614,True,10,
14345,VQPVGMRSAR,9614,True,10,
14346,AGPVPMVAIQ,9614,True,10,
14347,FVQRAMRGMK,9614,True,10,
14348,RAPRGVSAIT,9614,True,10,
14349,EAPGWLSGKF,9614,True,10,
14350,TPVGWMLGVG,9614,True,10,
14351,VRVRGMTASG,9614,True,10,
14352,SSPVPMIGEG,9614,True,10,
14353,RAPSGMWSIA,9614,True,10,
14354,ETPRGMSTMI,9614,True,10,
14355,KQPRGMLGNY,9614,True,10,
14356,MVMHGMLSIT,9614,True,10,
14357,EGPSGMRGEG,9614,True,10,
14358,MAPRGVQSAL,9614,True,10,
14359,GNPSGMRTAS,9614,True,10,
14360,ERPRGVKGPL,9614,True,10,
14361,GAPRSMLGAY,9614,True,10,
14362,SQPRGVISHS,9614,True,10,
14363,LDRVARKTAR,9614,True,10,
14364,GMPRGVGTAS,9614,True,10,
14365,GVPRGVASRY,9614,True,10,
14366,GTVYGLRTAS,9614,True,10,
14367,GAPRGMRTAS,9614,True,10,
14368,RTPVGMLSNT,9614,True,10,
14369,DSPRGVIANW,9614,True,10,
14370,GQPAGVITAS,9614,True,10,
14371,NDPAGMKNWG,9614,True,10,
14372,VGPAGMRTAS,9614,True,10,
14373,NRVEGMRGMG,9614,True,10,
14374,QAPKGMKSRS,9614,True,10,
14375,IQPTGMRTSK,9614,True,10,
14376,TDPRGMRNPK,9614,True,10,
14377,TPLGWMTASG,9614,True,10,
14378,MTPVGMRTAS,9614,True,10,
14379,RVPKGVGAVA,9614,True,10,
14380,VQPRGVSTVF,9614,True,10,
14381,AVARAMWGGR,9614,True,10,
14382,GMPRGMKTAS,9614,True,10,
14383,SNPLGIRVTK,9614,True,10,
14384,NGPAGMRTAK,9614,True,10,
14385,GVPRGVQTAS,9614,True,10,
14386,RAPAGVASHT,9614,True,10,
14387,TVPRGVRAKI,9614,True,10,
14388,GPVRGMRSQA,9614,True,10,
14389,GVPRGSTASG,9614,True,10,
14390,LSVSWMRGKL,9614,True,10,
14391,GQPRGVAGKH,9614,True,10,
14392,TMPRGMRTWA,9614,True,10,
14393,DPVWGIYSKH,9614,True,10,
14394,RPVWGVRSNA,9614,True,10,
14395,GIPVSMRTAS,9614,True,10,
14396,QDPRGMKNMG,9614,True,10,
14397,LDPKGMTASG,9614,True,10,
14398,TRPAGVRAGA,9614,True,10,
14399,AGPEPLYVIG,9614,True,10,
14400,RTPLGQISVW,5236,True,10,
14401,SKPRGMRGWY,5236,True,10,
14402,GIVRGVYGWG,5236,True,10,
14403,QDVRGVYGNT,5236,True,10,
14404,GLYRPLVSQR,5236,True,10,
14405,WQPRGNSAWG,5236,True,10,
14406,WQVRAVHDIR,5236,True,10,
14407,RMPRGVKTMK,5236,True,10,
14408,HEPRNVYGWK,5236,True,10,
14409,ASHTDPAVFY,5236,True,10,
14410,YVPRGVYTNW,5236,True,10,
14411,PNPRGVQTNW,5236,True,10,
14412,GSWSALIATW,5236,True,10,
14413,TSPVAFRGHW,5236,True,10,
14414,VKASHFTGVG,5236,True,10,
14415,YPVRGVFNRW,5236,True,10,
14416,GTPRGNMSIH,5236,True,10,
14417,LWPRNFKGIG,5236,True,10,
14418,TAVRSLISNS,5236,True,10,
14419,AIPRWLTGIS,5236,True,10,
14420,LTPRYWVAPW,5236,True,10,
14421,EPVYGMTGQL,5236,True,10,
14422,YVPRGVFANG,5236,True,10,
14423,MSPVQLTGLH,5236,True,10,
14424,IKPRNWFSMA,5236,True,10,
14425,SYWQGMTVMG,5236,True,10,
14426,EHPRGVLTSG,5236,True,10,
14427,LVPRYWQVNH,5236,True,10,
14428,WNPAGMRTAY,5236,True,10,
14429,NYPKGMRGHF,5236,True,10,
14430,GEPRNVFGSL,5236,True,10,
14431,KWPRGWKGEG,5236,True,10,
14432,WKVKGMYSWG,5236,True,10,
14433,RYPRAFKGSG,5236,True,10,
14434,RWPRQVAGPK,5236,True,10,
14435,TKPVGMTGTY,5236,True,10,
14436,ARPEHLKGPT,5236,True,10,
14437,PSPRYLSAGK,5236,True,10,
14438,VWVRGVYGSH,5236,True,10,
14439,WQVRAVTGAW,5236,True,10,
14440,FSPRNYAGTR,5236,True,10,
14441,WRVLPWVATG,5236,True,10,
14442,AFPRAFTGLG,5236,True,10,
14443,WYGRPLMDPW,5236,True,10,
14444,TVTRWLTASG,5236,True,10,
14445,GWPSGWTSGH,5236,True,10,
14446,NRPSWVMSPG,5236,True,10,
14447,RPPSHWRGEL,5236,True,10,
14448,TPVRGVQDQG,5236,True,10,
14449,MWPRWLSAPF,5236,True,10,
14450,VSPRAFIGVT,5236,True,10,
14451,MKPAGVKGIA,5236,True,10,
14452,VRPRGLGNPW,5236,True,10,
14453,DPWRAFIGQK,5236,True,10,
14454,QMPLGQRTIG,5236,True,10,
14455,GQVRAVIGNF,5236,True,10,
14456,RVPRGVWSMA,5236,True,10,
14457,TQVRAVRSMH,5236,True,10,
14458,GKPRNVISHT,5236,True,10,
14459,CWPRGFTDMV,5236,True,10,
14460,SFWSALFSGT,5236,True,10,
14461,TQPRNVSDGY,5236,True,10,
14462,WTPTGLIGVF,5236,True,10,
14463,TSPRSWFDRW,5236,True,10,
14464,TDPRGQVANV,5236,True,10,
14465,WTVRGLVSVQ,5236,True,10,
14466,VMPRNVLTAS,5236,True,10,
14467,MTPRGLYAWG,5236,True,10,
14468,SYWRWLVSTA,5236,True,10,
14469,GSWMALYTAS,5236,True,10,
14470,DQVRAVTASG,5236,True,10,
14471,WAPRGSKDHQ,5236,True,10,
14472,MRWRGMYAPG,5236,True,10,
14473,GVPRSVSTAS,5236,True,10,
14474,SRPLGTAAIV,5236,True,10,
14475,WVPSGFWGAM,5236,True,10,
14476,QMPRGVRTSH,5236,True,10,
14477,DYPKGMINGF,5236,True,10,
14478,TATNWLVAML,5236,True,10,
14479,NIWRAWAGEY,5236,True,10,
14480,EDPLGVRSSG,5236,True,10,
14481,EMPKGVTASM,5236,True,10,
14482,QYPRGWTGHS,5236,True,10,
14483,SWPHGMHATY,5236,True,10,
14484,ARPRSWSVRG,5236,True,10,
14485,KWPRGQVNGA,5236,True,10,
14486,YWPVPMWGNI,5236,True,10,
14487,WTPRGNYDHF,5236,True,10,
14488,HAPVGMWNHG,5236,True,10,
14489,DTPKGVLAVY,5236,True,10,
14490,GIPRPVMGKG,5236,True,10,
14491,HQLASWSAWG,5236,True,10,
14492,FNVRAVIGWY,5236,True,10,
14493,GPVRGVQSWT,5236,True,10,
14494,DRPHWSRAIW,5236,True,10,
14495,PARPYRPTDI,5236,True,10,
14496,HTPRGNAGMI,5236,True,10,
14497,LVPRAVMSQY,5236,True,10,
14498,GSPRSHRGPH,5236,True,10,
14499,SAVRGLHGFW,5236,True,10,
14500,PQRFLKPTAP,5236,True,10,
14501,VWWYGMRAIF,5236,True,10,
14502,SNPRGVRTVY,5236,True,10,
14503,WAPRGQISAT,5236,True,10,
14504,FNPIHLYTPH,5236,True,10,
14505,CMPRGSMGPR,5236,True,10,
14506,LVPRVLTGNW,5236,True,10,
14507,IHVRGVHSVW,5236,True,10,
14508,VPGRAWLAIY,5236,True,10,
14509,FVPRGVGVWG,5236,True,10,
14510,VRTYPFPKAH,5236,True,10,
14511,VDRLPRVAVA,5236,True,10,
14512,RAHFSIPGQA,5236,True,10,
14513,,5236,True,0,length
14514,QTPRGNTASG,5236,True,10,
14515,GHPRNYVGNR,5236,True,10,
14516,RSPVGMTSTA,5236,True,10,
14517,YKPRNVLGHF,5236,True,10,
14518,GQVRGVYVPL,5236,True,10,
14519,SRPTGLHSTG,5236,True,10,
14520,PVPRNVRTGA,5236,True,10,
14521,STVRGVIGPI,5236,True,10,
14522,LNPEWYHAPA,5236,True,10,
14523,FSPRSYIGPT,5236,True,10,
14524,GCPRAMQGIF,5236,True,10,
14525,QMPRSWTASG,5236,True,10,
14526,YWPRWMIGHQ,5236,True,10,
14527,VMVRGVYGMR,5236,True,10,
14528,WTPRGNVARG,5236,True,10,
14529,AMYAHMWGHA,5236,True,10,
14530,NHPVGMWSHR,5236,True,10,
14531,TSPRAGWAPG,5236,True,10,
14532,ERPASWHAHK,5236,True,10,
14533,ERPRGQMGEK,5236,True,10,
14534,MWPVGMTGMG,5236,True,10,
14535,VHPRSWKGNF,5236,True,10,
14536,IVPKNVRGAY,5236,True,10,
14537,TVPFHILYQG,5236,True,10,
14538,ANWKNLTAMI,5236,True,10,
14539,GIPRPVYSKH,5236,True,10,
14540,WLPTGLTASG,5236,True,10,
14541,THPRGVKAMH,5236,True,10,
14542,DKGYDNELFH,5236,True,10,
14543,DYVRGMTSMH,5236,True,10,
14544,NYPRGVRASY,5236,True,10,
14545,ANPRGVTASG,5236,True,10,
14546,TGPRSWKGWV,5236,True,10,
14547,IRVRWYTGIT,5236,True,10,
14548,KDPRGLWGVT,5236,True,10,
14549,LLYRALVGNG,5236,True,10,
14550,RLPVAIHGHR,5236,True,10,
14551,CWPVGMTASG,5236,True,10,
14552,YDVRGMRSER,5236,True,10,
14553,LVGYALVGVF,5236,True,10,
14554,VFPRGFKAIW,5236,True,10,
14555,EQPRSWHAQL,5236,True,10,
14556,YTPRGNATPG,5236,True,10,
14557,QRVRGVYSQG,5236,True,10,
14558,QYPRAFTGQG,5236,True,10,
14559,QMPRGVIDPK,5236,True,10,
14560,MFPRGQVAPK,5236,True,10,
14561,YVPKGVMVQR,5236,True,10,
14562,TRVAVRPVPI,5236,True,10,
14563,VQRPKPASTL,5236,True,10,
14564,GWPRGQVFNG,5236,True,10,
14565,NHPIPIWGPT,5236,True,10,
14566,SGPRGVTQTA,5236,True,10,
14567,DSPRGVLVGH,5236,True,10,
14568,QVPRWIHGEK,5236,True,10,
14569,KSPKGVTATH,5236,True,10,
14570,CGPRGVIGTG,5236,True,10,
14571,RTWRGLQSWV,5236,True,10,
14572,VRWRAMYGHF,5236,True,10,
14573,GKPRGNVDKG,5236,True,10,
14574,NRPRGTASDY,5236,True,10,
14575,VKPWGVTASG,5236,True,10,
14576,GWPRAFYGFY,5236,True,10,
14577,TVTRWMRGQG,5236,True,10,
14578,SGPRNVAGTA,5236,True,10,
14579,QTWYGMHGNY,5236,True,10,
14580,EVPRAWITAS,5236,True,10,
14581,RSPRSWLGTG,5236,True,10,
14582,HMPRGVLQWG,5236,True,10,
14583,MWPRGQVNTR,5236,True,10,
14584,VTPIELYGRG,5236,True,10,
14585,SLPTARTASG,5236,True,10,
14586,QAHRSIRSAG,5236,True,10,
14587,GNRRPLIVGI,5236,True,10,
14588,KMPKGVRGQF,5236,True,10,
14589,SNPRGVQDGR,5236,True,10,
14590,YLPRAVKSTG,5236,True,10,
14591,DRPRGVYTIT,5236,True,10,
14592,AWYRGLWSTF,5236,True,10,
14593,NYVRGMQGEW,5236,True,10,
14594,VTPRYWLAGF,5236,True,10,
14595,TTPRSMKGLG,5236,True,10,
14596,REGRPIRSLS,5236,True,10,
14597,DTPGWMIGEF,5236,True,10,
14598,GVPRSVRTAS,5236,True,10,
14599,AYWKWTALPS,5236,True,10,
14600,DTPRSLKGVG,5236,True,10,
14601,RLPTGLRDHA,5236,True,10,
14602,GVPRAVRGHS,5236,True,10,
14603,MSPKGVRSAG,5236,True,10,
14604,TFGRALYSIR,5236,True,10,
14605,KHPVGMYSVS,5236,True,10,
14606,KVPVGMYTIS,5236,True,10,
14607,TRVRGVYGTH,5236,True,10,
14608,DWLWSLTGPR,5236,True,10,
14609,KWPRGSTDIV,5236,True,10,
14610,ILPRAVTASG,5236,True,10,
14611,TVPRGVTGIG,5236,True,10,
14612,CWPRSWFTIF,5236,True,10,
14613,VPWGNMSGWG,5236,True,10,
14614,VTPRGSWNTV,5236,True,10,
14615,MNPRYWSVIG,5236,True,10,
14616,IWPRWIRSWY,5236,True,10,
14617,SQPRNWVGIG,5236,True,10,
14618,ISPGWLMAVK,5236,True,10,
14619,FTPRGNKDKF,5236,True,10,
14620,ERVLAVHATG,5236,True,10,
14621,SAPKGVKTHF,5236,True,10,
14622,SPVKGMRGHG,5236,True,10,
14623,SYPKGVYQAS,5236,True,10,
14624,NMPRGMQHTG,5236,True,10,
14625,LNPRGQVGNA,5236,True,10,
14626,CAPRSWYTMI,5236,True,10,
14627,TSPKGVTASG,5236,True,10,
14628,YIPRWITSRQ,5236,True,10,
14629,HRPRGQVGPD,5236,True,10,
14630,LFPRNFTASG,5236,True,10,
14631,MVPRGVTSEG,5236,True,10,
14632,YSPVWMRHQV,5236,True,10,
14633,QHWGGMYVWG,5236,True,10,
14634,YVPRGVHGAF,5236,True,10,
14635,LWPRTLVGPK,5236,True,10,
14636,QWPRPVTASG,5236,True,10,
14637,YCQLPMTGQP,5236,True,10,
14638,EVLFHLSGMY,5236,True,10,
14639,YVPRGVTGAR,5236,True,10,
14640,SWVRSMTNHR,5236,True,10,
14641,TPWAGMLGPF,5236,True,10,
14642,YDVRAVIAPG,5236,True,10,
14643,FVPRGNAGVG,5236,True,10,
14644,EMPKGVWGTF,5236,True,10,
14645,ASVSWLINQW,5236,True,10,
14646,SYPKGQVGMQ,5236,True,10,
14647,MVPRGVTDTR,5236,True,10,
14648,CMPKGVQSGR,5236,True,10,
14649,MDGLPMYGWT,5236,True,10,
14650,PYPRAVRSPK,5236,True,10,
14651,GYPRWITGTY,5236,True,10,
14652,DWPREYKGPG,5236,True,10,
14653,GQPRAVMART,5236,True,10,
14654,WDPKGMYSVL,5236,True,10,
14655,VRYFHMIGIT,5236,True,10,
14656,LIPRWIVAWG,5236,True,10,
14657,WRPRGNKSTF,5236,True,10,
14658,ITYRGWTASG,5236,True,10,
14659,TEPVWQSNMR,5236,True,10,
14660,GNVRGMLSIS,5236,True,10,
14661,YSPVAVRTHG,5236,True,10,
14662,TAWSNLFGMR,5236,True,10,
14663,LPGRALFAHG,5236,True,10,
14664,AYWSALVSGT,5236,True,10,
14665,TGPRSLGAIL,5236,True,10,
14666,DGPRGFSAEA,5236,True,10,
14667,DTPRGNVGVG,5236,True,10,
14668,CRPRGNVSQI,5236,True,10,
14669,ETPRGQWGMH,5236,True,10,
14670,EPVWGIYGRG,5236,True,10,
14671,TWPVGMFSLH,5236,True,10,
14672,STPIGIGSKW,5236,True,10,
14673,SKPRGVTGIY,5236,True,10,
14674,SNVRGVISIG,5236,True,10,
14675,QIPVNMWGPR,5236,True,10,
14676,NVPVWMTSNG,5236,True,10,
14677,VNVRHLWAHY,5236,True,10,
14678,RMGRAYWAPK,5236,True,10,
14679,LKPWGVRSHI,5236,True,10,
14680,RTPRGNTGEL,5236,True,10,
14681,WYAIGLWSPY,5236,True,10,
14682,DSPRGWSAVR,5236,True,10,
14683,KPVRGVRATG,5236,True,10,
14684,HEPRGVSDWL,5236,True,10,
14685,YVPRAVTGHI,5236,True,10,
14686,VQPRSVTASG,5236,True,10,
14687,NTPRGQASTY,5236,True,10,
14688,RIPRWLTASG,5236,True,10,
14689,YSPRSWHTHF,5236,True,10,
14690,VTPRSWYGHK,5236,True,10,
14691,SLPRPLTDQF,5236,True,10,
14692,ISPRKLHDVK,5236,True,10,
14693,MAPLGIRGIQ,5236,True,10,
14694,DHPIHLTVKV,5236,True,10,
14695,GKPRWISTAS,5236,True,10,
14696,GNPRSWISGH,5236,True,10,
14697,VVIRGVTSNK,5236,True,10,
14698,YRPRSWKTVA,5236,True,10,
14699,PTPRSWTGQW,5236,True,10,
14700,AHWRSLTASG,5236,True,10,
14701,WGPSGWMGWL,5236,True,10,
14702,GFPRAFVAKG,5236,True,10,
14703,ETPRGWTSGI,5236,True,10,
14704,TAPKWIMYHA,5236,True,10,
14705,TDPYGMYWKG,5236,True,10,
14706,CPVRGVISAF,5236,True,10,
14707,QYPRGLASLG,5236,True,10,
14708,SLVRFLHGKG,5236,True,10,
14709,TAVRSLWGPG,5236,True,10,
14710,PHPRSWSALG,5236,True,10,
14711,LAPRYWIGMG,5236,True,10,
14712,VYSAYLMGPG,5236,True,10,
14713,YNPRSWTGAF,5236,True,10,
14714,ENPRGFHSHG,5236,True,10,
14715,WQPRGYAGNI,5236,True,10,
14716,YRPRSWIGQV,5236,True,10,
14717,IWPRGQGTRY,5236,True,10,
14718,SRPRNLTGHT,5236,True,10,
14719,SRPRDVKAGQ,5236,True,10,
14720,TSYAPMVGVW,5236,True,10,
14721,TVTRWWMNKV,5236,True,10,
14722,GPYMFARIAY,5236,True,10,
14723,MAPKGSWGEV,5236,True,10,
14724,GPTCYHNAHL,5236,True,10,
14725,WSPRWLMGTR,5236,True,10,
14726,INPAGVRTGT,5236,True,10,
14727,QSPSGVKGLY,5236,True,10,
14728,CRPRGWRSFR,5236,True,10,
14729,TTPKGVKGVK,5236,True,10,
14730,YRPVHMTASG,5236,True,10,
14731,YHFSPLWART,5236,True,10,
14732,HAVRGVHDPG,5236,True,10,
14733,IVNRALISPG,5236,True,10,
14734,DPRTVPNIGP,5236,True,10,
14735,HYPRGQTASG,5236,True,10,
14736,SAPRNVSGIG,5236,True,10,
14737,RARLPRFPLD,5236,True,10,
14738,WVPRGVTGSR,5236,True,10,
14739,PFPRGQVYNR,5236,True,10,
14740,YEPRSWYVPR,5236,True,10,
14741,WYPIHMRSQW,5236,True,10,
14742,QKPRGLTQGS,5236,True,10,
14743,PLPTGLTDIT,5236,True,10,
14744,WRPRGNWAPA,5236,True,10,
14745,MKPRGVKTIG,5236,True,10,
14746,QSGLPVTASG,5236,True,10,
14747,TVPRGYRGHW,5236,True,10,
14748,VWPRPFHGNL,5236,True,10,
14749,YNPYGMQKGQ,5236,True,10,
14750,ITPIGVRAVG,5236,True,10,
14751,NQPRGNADIY,5236,True,10,
14752,WDYLHLFDYS,5236,True,10,
14753,QPLVSWYSWF,5236,True,10,
14754,WYPRAHRTAS,5236,True,10,
14755,KHISALTGRG,5236,True,10,
14756,TSPRNLSGAF,5236,True,10,
14757,MAPRGVKSHF,5236,True,10,
14758,HGPRSYQGSF,5236,True,10,
14759,NAPRGVSGIG,5236,True,10,
14760,QPPRSWKSHI,5236,True,10,
14761,HWYLPMSAVG,5236,True,10,
14762,DMPRGVTASG,5236,True,10,
14763,FGPRFVSTNH,5236,True,10,
14764,ALYRAMTASG,5236,True,10,
14765,VVPSGWTDIF,5236,True,10,
14766,TSWRPLVGPR,5236,True,10,
14767,HAPRGSQGRH,5236,True,10,
14768,VAPRYWTGTA,5236,True,10,
14769,VQVRAVISGK,5236,True,10,
14770,YRPSWIMGPV,5236,True,10,
14771,QDPRGNTSYF,5236,True,10,
14772,TEPRNVLGAK,5236,True,10,
14773,PCATGLYGIV,5236,True,10,
14774,YTHRWMWGQG,5236,True,10,
14775,TRPVGMYGNW,5236,True,10,
14776,YCPTGLYTVG,5236,True,10,
14777,TYHVWSHAPG,5236,True,10,
14778,NMPRGVYAPR,5236,True,10,
14779,ATPVGYWVAF,5236,True,10,
14780,SRPVNWTDQG,5236,True,10,
14781,GQIRAFHGLK,5236,True,10,
14782,ANWRAMAGAK,5236,True,10,
14783,GWPSGWVTAS,5236,True,10,
14784,QWPKGVRTHA,5236,True,10,
14785,SWPVSLWGPY,5236,True,10,
14786,VYPRGVRGHR,5236,True,10,
14787,FSPRGAITLI,5236,True,10,
14788,TQPRGNTASG,5236,True,10,
14789,YTPVGMSGHR,5236,True,10,
14790,ERPAWVKAWG,5236,True,10,
14791,TAYMRLVGPV,5236,True,10,
14792,VWGRPLWSIS,5236,True,10,
14793,SWVRGMHGEW,5236,True,10,
14794,SQPLGIRSTV,5236,True,10,
14795,SPVLGIWSVH,5236,True,10,
14796,LIPRWSMGTG,5236,True,10,
14797,AYPRAVYGQG,5236,True,10,
14798,RAPKGVTSGP,5236,True,10,
14799,PKPKGVSVNL,5236,True,10,
14800,VMPRGSHAPW,12744,True,10,
14801,HPWVGSTASG,12744,True,10,
14802,GRPGWFTASG,12744,True,10,
14803,RSPRNYQGLG,12744,True,10,
14804,NWPREVTASG,12744,True,10,
14805,YGPSGMTASG,12744,True,10,
14806,WFPRGSYDIH,12744,True,10,
14807,YNPSGVQDGY,12744,True,10,
14808,ARPRGNAGAT,12744,True,10,
14809,NPPRSWAGTA,12744,True,10,
14810,TWPVGMWGNG,12744,True,10,
14811,YKPVHWQTSG,12744,True,10,
14812,TPPAGMWAGR,12744,True,10,
14813,AWWRAFYGPS,12744,True,10,
14814,AVGRAWQGNY,12744,True,10,
14815,TKPRGVRSNV,12744,True,10,
14816,SYPSVYWGLG,12744,True,10,
14817,VYPRVLAGMV,12744,True,10,
14818,VQPRGVAGPF,12744,True,10,
14819,HPRFARWVAP,12744,True,10,
14820,DVTRWLSAGF,12744,True,10,
14821,HKPQGVTSKR,12744,True,10,
14822,PLNIRSMWKA,12744,True,10,
14823,PKPAGVHGPG,12744,True,10,
14824,RGPVHFSDPH,12744,True,10,
14825,GWPVGMYGKG,12744,True,10,
14826,PGPRNVYSEG,12744,True,10,
14827,MQVRSMHGSH,12744,True,10,
14828,ARGYPMFGSV,12744,True,10,
14829,AKPSGQYAGT,12744,True,10,
14830,PSPRYWIGSK,12744,True,10,
14831,PSPSGVWSLA,12744,True,10,
14832,RAGRPLTGLW,12744,True,10,
14833,APGYPTGDGY,12744,True,10,
14834,SLTRALTASG,12744,True,10,
14835,QVPRAVTGNG,12744,True,10,
14836,TSPRSLTGMI,12744,True,10,
14837,VTPGQMYGAR,12744,True,10,
14838,MAYFRSHGLV,12744,True,10,
14839,FIPRPVRGMA,12744,True,10,
14840,TKPRNYHGQT,12744,True,10,
14841,VHPYHIYGQR,12744,True,10,
14842,RQPRGNYGNT,12744,True,10,
14843,RWPRWLTGIG,12744,True,10,
14844,LPPRPVHALG,12744,True,10,
14845,LVPRQVTGTG,12744,True,10,
14846,NIPTRATASG,12744,True,10,
14847,TKPSGVLSGR,12744,True,10,
14848,GTPRSYIGMW,12744,True,10,
14849,QGVYGIWSIV,12744,True,10,
14850,RSPRKFHGNH,12744,True,10,
14851,RVPVGQYNAH,12744,True,10,
14852,LAPGHWYGRY,12744,True,10,
14853,REPRNVSAVY,12744,True,10,
14854,SMPRGVTASG,12744,True,10,
14855,WVTRWLYGMW,12744,True,10,
14856,RMVRGVSAGV,12744,True,10,
14857,AMVRGVYGSF,12744,True,10,
14858,MPGLNFMGHT,12744,True,10,
14859,SAVRAVFGQA,12744,True,10,
14860,PTVRGVHSPR,12744,True,10,
14861,AVTRWYTGTH,12744,True,10,
14862,TPGRQLTASG,12744,True,10,
14863,MHPRGTVDKF,12744,True,10,
14864,MAVRGVYTVF,12744,True,10,
14865,ANVRGVFSQG,12744,True,10,
14866,NAPSGVTATG,12744,True,10,
14867,TSPRTLQGVF,12744,True,10,
14868,RHVRAHYGMH,12744,True,10,
14869,GVPRAVSAYS,12744,True,10,
14870,NTPLGQKGSG,12744,True,10,
14871,TSPRSYHSTG,12744,True,10,
14872,RNPEWSHGWR,12744,True,10,
14873,RPRVARFPVT,12744,True,10,
14874,GRYMSMWSTK,12744,True,10,
14875,KPLSWVSGMR,12744,True,10,
14876,RMPRGVWGQY,12744,True,10,
14877,TGPVSMFAGT,12744,True,10,
14878,KMPRQVMAVG,12744,True,10,
14879,RITRWYIGPA,12744,True,10,
14880,APKMNQIGRH,12744,True,10,
14881,FSARSMYGHC,12744,True,10,
14882,YMIVGVHSIG,12744,True,10,
14883,PLPRFLWGQH,12744,True,10,
14884,MQARGMSGVL,12744,True,10,
14885,IKPRGVKSVH,12744,True,10,
14886,SGPSGVHSTA,12744,True,10,
14887,PNWTHLASRH,12744,True,10,
14888,SMPRAFQGRG,12744,True,10,
14889,GPIKWMTGVA,12744,True,10,
14890,FRVRGVTGFH,12744,True,10,
14891,IAPRSYRGMH,12744,True,10,
14892,GLPRTLFGIR,12744,True,10,
14893,LYPRAFTASG,12744,True,10,
14894,AMPRGVKAGF,12744,True,10,
14895,AVTYAGHDLV,12744,True,10,
14896,IAPRGSTGTH,12744,True,10,
14897,GNPRASTSPG,12744,True,10,
14898,NIPTRTASNR,12744,True,10,
14899,TMPSGVFSWK,12744,True,10,
14900,RVPVGVTASG,12744,True,10,
14901,TQREKRQVIP,12744,True,10,
14902,SMGRWMWGPV,12744,True,10,
14903,ATVWGIFGHG,12744,True,10,
14904,RCVRNLTGAH,12744,True,10,
14905,TVPRVMTSHG,12744,True,10,
14906,PMPRAYMGHY,12744,True,10,
14907,YQPRGNYASG,12744,True,10,
14908,CLPRAVKGQG,12744,True,10,
14909,LRNRIQSYMT,12744,True,10,
14910,RGPVSYTGHG,12744,True,10,
14911,KQPVPVWAVG,12744,True,10,
14912,PKWYGLFSGH,12744,True,10,
14913,MSWSAVRGVG,12744,True,10,
14914,WMPRGSTASG,12744,True,10,
14915,IAPEHYWGQF,12744,True,10,
14916,ISPGAMKGTV,12744,True,10,
14917,SHLASQLAKT,12744,True,10,
14918,SWPVGMHSIH,12744,True,10,
14919,VMPSGFWAWH,12744,True,10,
14920,GYPRAFHGKG,12744,True,10,
14921,FRPRAVTASG,12744,True,10,
14922,QGPRAVKGSY,12744,True,10,
14923,QFPRGVTASG,12744,True,10,
14924,NGPAGVTASG,12744,True,10,
14925,RVTHWMYGHI,12744,True,10,
14926,AQSPIMHGVT,12744,True,10,
14927,AQPRGVTASG,12744,True,10,
14928,SRVRGVTASG,12744,True,10,
14929,MSPRGVYGEK,12744,True,10,
14930,YPWMGMGGKG,12744,True,10,
14931,TAYRSMFGPG,12744,True,10,
14932,YVPSGVTGNG,12744,True,10,
14933,RNPRSWHGVG,12744,True,10,
14934,PFPRSHIGQG,12744,True,10,
14935,YGPSGVWGPK,12744,True,10,
14936,HIPKFLTGWS,12744,True,10,
14937,ASLAYLTASG,12744,True,10,
14938,LYGRPLVYAI,12744,True,10,
14939,HRVRGVTASG,12744,True,10,
14940,TSPVQVTASG,12744,True,10,
14941,RLDSPVMAGY,12744,True,10,
14942,MIPSWSIGPQ,12744,True,10,
14943,HSPRGSISGR,12744,True,10,
14944,SRVRNVWSNV,12744,True,10,
14945,IEPSGWYGHA,12744,True,10,
14946,SYPSGWSAVG,12744,True,10,
14947,NPVLGQYVTL,12744,True,10,
14948,FMPRAYQGTA,12744,True,10,
14949,FTPRSHIGQV,12744,True,10,
14950,VMPRSFIGLT,12744,True,10,
14951,TWVRGVGAHA,12744,True,10,
14952,TQPRGVANMV,12744,True,10,
14953,GQPRGSTASG,12744,True,10,
14954,MAPKGVTASG,12744,True,10,
14955,VHVRAVTASG,12744,True,10,
14956,KFPRGFRGMG,12744,True,10,
14957,QPVYGVHGRF,12744,True,10,
14958,AFPRQVWGVF,12744,True,10,
14959,HAPKFLAGTS,12744,True,10,
14960,WRVRPVMNMI,12744,True,10,
14961,TFRAKRAPKC,12744,True,10,
14962,RTPRGSTNSG,12744,True,10,
14963,GVPRAVTASG,12744,True,10,known_sequence
14964,SVPRGVYAVR,12744,True,10,
14965,SRPVPMAVHG,12744,True,10,
14966,GYPWSVMAMS,12744,True,10,
14967,LAGVLSAYKM,12744,True,10,
14968,NMSRGLWGIY,12744,True,10,
14969,LMPRGSTASG,12744,True,10,
14970,VLPAGVSGWG,12744,True,10,
14971,SHGMHMIGNY,12744,True,10,
14972,TPVGWMAGHL,12744,True,10,
14973,RHPSHFMAWA,12744,True,10,
14974,LNVNPLRGMF,12744,True,10,
14975,SPALDMIGPR,12744,True,10,
14976,HQVFWMHSHA,12744,True,10,
14977,GMPRGVKGVT,12744,True,10,
14978,ASWRAIHGIY,12744,True,10,
14979,DAPRSHISVR,12744,True,10,
14980,VAPGQMKGRG,12744,True,10,
14981,GMPRYMWGWV,12744,True,10,
14982,SGPSGWRGTA,12744,True,10,
14983,VTARSVFAQI,12744,True,10,
14984,YQPFGYGSRP,12744,True,10,
14985,YTPVGMYGQT,12744,True,10,
14986,GYPRSYHGTK,12744,True,10,
14987,EQWYGIRGVK,12744,True,10,
14988,RSHLAFMAVH,12744,True,10,
14989,TMPRHGRAIT,12744,True,10,
14990,GLPRSWIAGY,12744,True,10,
14991,NRPSWSYSIY,12744,True,10,
14992,CSPRGVKGEG,12744,True,10,
14993,TGPSGWFGFG,12744,True,10,
14994,YEPARSQGKV,12744,True,10,
14995,ARPAGVIGLI,12744,True,10,
14996,RNPSHSWVPG,12744,True,10,
14997,TYPSGWANAS,12744,True,10,
14998,TSVRGVAGIR,12744,True,10,
14999,ITPRQGISQT,12744,True,10,
15000,TRPRGSAGER,12744,True,10,
15001,ATPRAFHGWG,12744,True,10,
15002,GLPRSYISNG,12744,True,10,
15003,AYWQGMTASG,12744,True,10,
15004,PRWSALWGEL,12744,True,10,
15005,KFPQGVTASG,12744,True,10,
15006,PEPRNVSGNT,12744,True,10,
15007,VDPSGVTAKG,12744,True,10,
15008,LRSHPAVMRG,12744,True,10,
15009,STVRGVSNSI,12744,True,10,
15010,TPVGWMHGST,12744,True,10,
15011,RQPRGVIGGF,12744,True,10,
15012,MQPRGMYGWG,12744,True,10,
15013,NMVRAVTGKG,12744,True,10,
15014,YSPMGVRGHW,12744,True,10,
15015,CPTFANTATK,12744,True,10,
15016,HFPRSYTGVR,12744,True,10,
15017,TAPRTFVSNI,12744,True,10,
15018,RAPRVFWGTG,12744,True,10,
15019,KVPVGMAGQA,12744,True,10,
15020,NKVYGMHGIA,12744,True,10,
15021,NKPRGNSDVT,12744,True,10,
15022,RAVRAVHGSG,12744,True,10,
15023,TIPRWIMGKH,12744,True,10,
15024,RAPRVQWGQG,12744,True,10,
15025,TNVRGVHSRA,12744,True,10,
15026,HQPRGAFNWG,12744,True,10,
15027,AMPRVMQGHL,12744,True,10,
15028,QAPAQVSGPA,12744,True,10,
15029,LVPRNVSGLA,12744,True,10,
15030,HQPRGFYGSG,12744,True,10,
15031,RTPRSWISAV,12744,True,10,
15032,TAPKSVHGLG,12744,True,10,
15033,YRLRNMSGIY,12744,True,10,
15034,VWGRPLQANL,12744,True,10,
15035,HMWYSQIVLW,12744,True,10,
15036,SPRSNPRANR,12744,True,10,
15037,SRPRTLSGPT,12744,True,10,
15038,YKPSGNTASG,12744,True,10,
15039,RTPRGNYSPI,12744,True,10,
15040,MRAGWLWAHI,12744,True,10,
15041,TYPKWMQGWH,12744,True,10,
15042,GTPRGSYAPG,12744,True,10,
15043,TVPRAVHGKT,12744,True,10,
15044,LRPSCYQSGS,12744,True,10,
15045,STPGYMYVPY,12744,True,10,
15046,FAPRGSGMGA,12744,True,10,
15047,SAPRSVMSQG,12744,True,10,
15048,RSYRPLYSHM,12744,True,10,
15049,KHPSGVRAQH,12744,True,10,
15050,CAPAGVHGWY,12744,True,10,
15051,GTPRSYTGPH,12744,True,10,
15052,GHWMGMRGIG,12744,True,10,
15053,ATPRSYFGWY,12744,True,10,
15054,HLPRVTASTH,12744,True,10,
15055,YQPRGYGYPR,12744,True,10,
15056,VFPVWMRGVK,12744,True,10,
15057,SIPNAFHGMS,12744,True,10,
15058,VRPRSYAGWH,12744,True,10,
15059,GPPRSWISTP,12744,True,10,
15060,TSPLPVTASG,12744,True,10,
15061,SNPRGVLSAY,12744,True,10,
15062,FTPRNFTASG,12744,True,10,
15063,RMPRGVRGQF,12744,True,10,
15064,YEPRNVHGQK,12744,True,10,
15065,RWPVGMTGVI,12744,True,10,
15066,HYPRSYISPR,12744,True,10,
15067,RKPASWQGHS,12744,True,10,
15068,MVPSGVRGVA,12744,True,10,
15069,IGVRQVAFSG,12744,True,10,
15070,AWPSGNIGTG,12744,True,10,
15071,ARPRSWIGRF,12744,True,10,
15072,WIPRGVFGSA,12744,True,10,
15073,VYPSKVQGTG,12744,True,10,
15074,GHPSPFLGWA,12744,True,10,
15075,AGVRAIWGAY,12744,True,10,
15076,MAPRGVYGAY,12744,True,10,
15077,RPPRAFTGTA,12744,True,10,
15078,GAPRSLFGVW,12744,True,10,
15079,RKGYPLWAQV,12744,True,10,
15080,VNPAGMQSHT,12744,True,10,
15081,RAPVAFWSRG,12744,True,10,
15082,ARPAGVTSPR,12744,True,10,
15083,TAPAGVFVPF,12744,True,10,
15084,RQWRAYAGEF,12744,True,10,
15085,TVPRSVMSPG,12744,True,10,
15086,TGPRSLYGHG,12744,True,10,
15087,QLPRAVTASG,12744,True,10,
15088,VAPRVFQGVT,12744,True,10,
15089,HMPRAYSGAY,12744,True,10,
15090,SPHGVARSRI,12744,True,10,
15091,RPPRSWFGWT,12744,True,10,
15092,HYASWRHAWA,12744,True,10,
15093,FSPRSYAGPQ,12744,True,10,
15094,WTVRGMFGIG,12744,True,10,
15095,KSPAYLKGMR,12744,True,10,
15096,IAPAGVTASG,12744,True,10,
15097,MRPRGVSGTG,12744,True,10,
15098,SARVGRPSPG,12744,True,10,
15099,AWPRAHHAIG,12744,True,10,
15100,GTPRSYIGNS,12744,True,10,
15101,EGPVSMRGQY,12744,True,10,
15102,TRVAVFVGEI,12744,True,10,
15103,IDPIHVRVGT,12744,True,10,
15104,AQWAPFWNPK,12744,True,10,
15105,GAYRHLHGPH,12744,True,10,
15106,IRSPKRAGPE,12744,True,10,
15107,VNPRSVTASG,12744,True,10,
15108,ISVRSVTSHF,12744,True,10,
15109,RVPRGVAGSY,12744,True,10,
15110,AGPVSFHGTF,12744,True,10,
15111,VTPGYLYAWR,12744,True,10,
15112,IVFSHMTASG,12744,True,10,
15113,SWGRPRSPTG,12744,True,10,
15114,MWPRSYQGTK,12744,True,10,
15115,LGPSGFHGMT,12744,True,10,
15116,THWFGLSGWG,12744,True,10,
15117,LPHRSLYARF,12744,True,10,
15118,SPARSMRGML,12744,True,10,
15119,PDPRSYAGQG,12744,True,10,
15120,PVTRAVISGK,12744,True,10,
15121,IWPAGVQSWV,12744,True,10,
15122,QAWYGMTASG,12744,True,10,
15123,GTPRSYHGQG,12744,True,10,
15124,SYPRGLVGTG,12744,True,10,
15125,SRPRTVYAIG,12744,True,10,
15126,KFVRAVWGHG,12744,True,10,
15127,AGPSGWTAWG,12744,True,10,
15128,VRWFAIQGWA,12744,True,10,
15129,QMPRGQVNHG,12744,True,10,
15130,MRWAPFYSGK,12744,True,10,
15131,NGPSNWMSGS,12744,True,10,
15132,WAPYKSNGIV,12744,True,10,
15133,LRPRGNIGKS,12744,True,10,
15134,VAPRSWQGSW,12744,True,10,
15135,SRPRSWINWG,12744,True,10,
15136,STVRGVYATG,12744,True,10,
15137,RGVRGVYGAG,12744,True,10,
15138,TPVSWFIGEF,12744,True,10,
15139,RNPSGVRATV,12744,True,10,
15140,GKVRGMYGWT,12744,True,10,
15141,RTPRSYIGPK,12744,True,10,
15142,TAPVEFTASG,12744,True,10,
15143,VDIRGMRGMG,12744,True,10,
15144,VGPSRFRAGF,12744,True,10,
15145,VPPRPLFVTY,12744,True,10,
15146,GMVRGVYGNF,12744,True,10,
15147,MQPRQVWGWR,12744,True,10,
15148,VNPRSHIGSY,12744,True,10,
15149,RARSRRQGVV,12744,True,10,
15150,MVPSGVYAIG,12744,True,10,
15151,LTPRGNKAWG,12744,True,10,
15152,DLPAGVWNHG,12744,True,10,
15153,SPMAKYMGMT,12744,True,10,
15154,EMPRQVTGRT,12744,True,10,
15155,MLPRAVSGTR,12744,True,10,
15156,QVPKGVYAQR,12744,True,10,
15157,RSRVKRQLIL,12744,True,10,
15158,IPIRAFYVSH,12744,True,10,
15159,TMWRAFTASG,12744,True,10,
15160,VSPTGVKSVW,12744,True,10,
15161,KPPKGVYGRG,12744,True,10,
15162,NVPKFQRGWR,12744,True,10,
15163,PSWYCGLQFY,12744,True,10,
15164,WRPYPMWNQR,12744,True,10,
15165,NVPRPVWGAW,12744,True,10,
15166,KAHASLTGSH,12744,True,10,
15167,VHPSAVMGNA,12744,True,10,
15168,AIWVNAHVKG,12744,True,10,
15169,YEPRNAFGHG,12744,True,10,
15170,WSARGFTASG,12744,True,10,
15171,GMPRYMRSGL,12744,True,10,
15172,MAWYGMRGVG,12744,True,10,
15173,TVPRAWHSNA,12744,True,10,
15174,TPRKSKPAST,12744,True,10,
15175,MTPRGQVFNF,12744,True,10,
15176,PMVRAVHGPW,12744,True,10,
15177,QVPRAVTGHY,12744,True,10,
15178,VTPRSYTGMK,12744,True,10,
15179,WRPRGVTGKI,12744,True,10,
15180,YFSYWPVNWK,12744,True,10,
15181,TSPTGVFSAQ,12744,True,10,
15182,RHPSPFRGMT,12744,True,10,
15183,RSPRSYIGLG,12744,True,10,
15184,TQGRAMHGTA,12744,True,10,
15185,ARPAQVLAVS,12744,True,10,
15186,KMRNVPASGV,12744,True,10,
15187,QTVRGVTASG,12744,True,10,
15188,PSPVQIFGRL,12744,True,10,
15189,IKPKGVRGRH,12744,True,10,
15190,HQPRGVRAVA,12744,True,10,
15191,QLPTAFLGWL,12744,True,10,
15192,PSYSRFTASG,12744,True,10,
15193,VTWYGMHGAF,12744,True,10,
15194,ATVFWSRGLS,12744,True,10,
15195,RSPTGMRYQV,12744,True,10,
15196,MWPRQVKSGF,12744,True,10,
15197,HVPRGHTGIG,12744,True,10,
15198,IMPRQVYSGI,12744,True,10,
15199,NAPRSVQSPA,12744,True,10,
15200,CYPRWMRGNT,11326,True,10,
15201,GQPRNVASNH,11326,True,10,
15202,ENPRWLMSMW,11326,True,10,
15203,SRPAWMRSVG,11326,True,10,
15204,TGRQPRAMGP,11326,True,10,
15205,SGPAWMQTAS,11326,True,10,
15206,ETPRSWQGQV,11326,True,10,
15207,QAPRSWRSAH,11326,True,10,
15208,MGPKWMQNWR,11326,True,10,
15209,LVPVWMEGSR,11326,True,10,
15210,FGPQWMRNWR,11326,True,10,
15211,GTPRSMHVST,11326,True,10,
15212,ASPQWIRVES,11326,True,10,
15213,TRPVWMKGTG,11326,True,10,
15214,GAPRWMHGKG,11326,True,10,
15215,SAPAWMRAPS,11326,True,10,
15216,RMPRGVKGIH,11326,True,10,
15217,TGPRWIMSGF,11326,True,10,
15218,DVPKWMRGNL,11326,True,10,
15219,KPPSWLRGWH,11326,True,10,
15220,DVPRPMRTAS,11326,True,10,
15221,ITPVSMRGRH,11326,True,10,
15222,GTPRGMTVTG,11326,True,10,
15223,QAPVWMRGLS,11326,True,10,
15224,AMPRNVRGNK,11326,True,10,
15225,NGPQWIRQEG,11326,True,10,
15226,DGPVHMWTAS,11326,True,10,
15227,QMPRWMHGMA,11326,True,10,
15228,LTPVWMRHSH,11326,True,10,
15229,FVPRWLHSKW,11326,True,10,
15230,GHVKWMYGKH,11326,True,10,
15231,KMPRWMKGEH,11326,True,10,
15232,DNPRPIDGYR,11326,True,10,
15233,TMPMGMYNAG,11326,True,10,
15234,EQPAWMKGGT,11326,True,10,
15235,EAPLGWHSTR,11326,True,10,
15236,RGPKWMRGMK,11326,True,10,
15237,WVPSWMYGQT,11326,True,10,
15238,MVPKWMRTAS,11326,True,10,
15239,SMPVWMHSQG,11326,True,10,
15240,VQPSWLMSPS,11326,True,10,
15241,TQPVWMKGHG,11326,True,10,
15242,RKPAGLRKQS,11326,True,10,
15243,ETPRGMHNAR,11326,True,10,
15244,ARPQWMRGTH,11326,True,10,
15245,RWVKWMTGRY,11326,True,10,
15246,PNPVWMRHTW,11326,True,10,
15247,GPPQWMRGMR,11326,True,10,
15248,PGPQFMIGVR,11326,True,10,
15249,SAPVWMTNSA,11326,True,10,
15250,GDPRWMAGNG,11326,True,10,
15251,SGPVHMWVTA,11326,True,10,
15252,RQPRWMKGTI,11326,True,10,
15253,TRPVWMTGHW,11326,True,10,
15254,DNPQWMKGPH,11326,True,10,
15255,RAPSHMRGKG,11326,True,10,
15256,DTPRNFTASG,11326,True,10,
15257,GRVLHMYTAS,11326,True,10,
15258,AGPESWRTAS,11326,True,10,
15259,GSPRGVHDHT,11326,True,10,
15260,VLPGWMRTAS,11326,True,10,
15261,LAPRWMRGNT,11326,True,10,
15262,SRLRNIGGNA,11326,True,10,
15263,KQPVWMRGHT,11326,True,10,
15264,QPVRWSHGLA,11326,True,10,
15265,WNPSWIMARS,11326,True,10,
15266,VAPSWMKGEK,11326,True,10,
15267,TRPHWLSTAS,11326,True,10,
15268,DSPLGIHDRG,11326,True,10,
15269,VPPEWMRGNI,11326,True,10,
15270,EHPRWMSTAS,11326,True,10,
15271,PARGKRFKRK,11326,True,10,
15272,VSPSHWIGLQ,11326,True,10,
15273,RAPLHWTASG,11326,True,10,
15274,GRPSWIAGIH,11326,True,10,
15275,VWPRWIMSAW,11326,True,10,
15276,GIVRGMRGIG,11326,True,10,
15277,HGPVHMIGQG,11326,True,10,
15278,SFPVWMTASG,11326,True,10,
15279,GSPRWLYTAS,11326,True,10,
15280,MRPVWMRATV,11326,True,10,
15281,NMPRWMKGGR,11326,True,10,
15282,VRPAWMWARH,11326,True,10,
15283,AGVWALFSNY,11326,True,10,
15284,VSGRWLTASG,11326,True,10,
15285,DPPSWVRAGR,11326,True,10,
15286,NSPRWLFSAK,11326,True,10,
15287,TRPVWSQGRH,11326,True,10,
15288,RGPRSMTVIK,11326,True,10,
15289,GAPAWMRGEH,11326,True,10,
15290,TRPVWMINGR,11326,True,10,
15291,PNPVWMRNGT,11326,True,10,
15292,LWPRWMIGTY,11326,True,10,
15293,GQPRWIRTAS,11326,True,10,
15294,LVPKWMRGWG,11326,True,10,
15295,NSPVWMVNPH,11326,True,10,
15296,GAPRWMKGWF,11326,True,10,
15297,VMPSGFYQTL,11326,True,10,
15298,DRPAWMHGQL,11326,True,10,
15299,GRPRGVRTAS,11326,True,10,
15300,NTPRWLKHNH,11326,True,10,
15301,MKPVHMQGEF,11326,True,10,
15302,TPPSWIQDGT,11326,True,10,
15303,EPVHWMRGEH,11326,True,10,
15304,RCPVWMRGHA,11326,True,10,
15305,TDPRWMRSGS,11326,True,10,
15306,CEPLGQSAYG,11326,True,10,
15307,EGPQWMRNET,11326,True,10,
15308,PRPASWRGPG,11326,True,10,
15309,HSPRWMYTAS,11326,True,10,
15310,ETPRSWRVGL,11326,True,10,
15311,WNPAWMRTEW,11326,True,10,
15312,EKPLGMRDAR,11326,True,10,
15313,PEPRWLMVNR,11326,True,10,
15314,GTPRSWRARG,11326,True,10,
15315,WNPGWMHSNI,11326,True,10,
15316,NVPRWMRGKD,11326,True,10,
15317,SDVRWAPVKP,11326,True,10,
15318,NSPQWIRGHA,11326,True,10,
15319,PMPRWMQVMK,11326,True,10,
15320,GVPKWMRTAS,11326,True,10,
15321,STPRWMIQNH,11326,True,10,
15322,VKPAGVRGHR,11326,True,10,
15323,GTPRSMQASG,11326,True,10,
15324,EIPRWMMSGS,11326,True,10,
15325,HDPRWLWAWH,11326,True,10,
15326,AYPAWMKASG,11326,True,10,
15327,EPVQWMRSGV,11326,True,10,
15328,GQPIHMRHRG,11326,True,10,
15329,ETPRNMHSNG,11326,True,10,
15330,DNPRWMHGLQ,11326,True,10,
15331,PLPRAVMAGY,11326,True,10,
15332,IDPHWMRGVG,11326,True,10,
15333,GAPRWIRGWG,11326,True,10,
15334,GYPSWIRTAS,11326,True,10,
15335,ADPRWLTASG,11326,True,10,
15336,RIPAWMHALV,11326,True,10,
15337,KPRAARDVPQ,11326,True,10,
15338,EFVWGMRANG,11326,True,10,
15339,STPASWQAGF,11326,True,10,
15340,GSPVWMRSNG,11326,True,10,
15341,VEPQWMRGAV,11326,True,10,
15342,SMPVWMKGKR,11326,True,10,
15343,MRPSWVKGNW,11326,True,10,
15344,AIPRWILSQH,11326,True,10,
15345,NPPSHWTASG,11326,True,10,
15346,TNPAWMRGVR,11326,True,10,
15347,QGPRNVRAMG,11326,True,10,
15348,TIPRWLTASG,11326,True,10,
15349,PIPAGFIGRH,11326,True,10,
15350,SGPVWMRTAS,11326,True,10,
15351,MFPKWMQGHW,11326,True,10,
15352,TGPVWMRNSG,11326,True,10,
15353,HYPVWMRGEA,11326,True,10,
15354,NTPSWLSTRG,11326,True,10,
15355,PHPAWMIHGY,11326,True,10,
15356,SVPSGWRAHQ,11326,True,10,
15357,PQPVWMAYVY,11326,True,10,
15358,MPWSHLMAGF,11326,True,10,
15359,TRWTGLMSHA,11326,True,10,
15360,GHPVSMRATG,11326,True,10,
15361,DAPRWMKAGR,11326,True,10,
15362,ENPSWMRSEY,11326,True,10,
15363,MWPVGMKAPL,11326,True,10,
15364,DGPKWMRVGR,11326,True,10,
15365,NMPRSMTGQG,11326,True,10,
15366,MQPVWYKGPH,11326,True,10,
15367,TPPEWMLAWF,11326,True,10,
15368,EDPFGMKSVH,11326,True,10,
15369,MFPRWMAGPG,11326,True,10,
15370,EMPRWMIGEY,11326,True,10,
15371,NPPSHLRVWG,11326,True,10,
15372,TDPHWLNAPH,11326,True,10,
15373,YGPRNIKSMR,11326,True,10,
15374,YEPRNVQGES,11326,True,10,
15375,PMSRHLHDWH,11326,True,10,
15376,REPVWMRGHG,11326,True,10,
15377,GSPLGMVNVR,11326,True,10,
15378,SNPVWMRVEV,11326,True,10,
15379,RAPGWMTAHI,11326,True,10,
15380,TAPKWTRGNG,11326,True,10,
15381,ETPSWMWGQT,11326,True,10,
15382,FWPRWMFNVG,11326,True,10,
15383,TPWAWMAGLG,11326,True,10,
15384,MAPVNMVGRG,11326,True,10,
15385,TAPKWIQGVG,11326,True,10,
15386,LNVWGIYGKQ,11326,True,10,
15387,PTPVHMLDAG,11326,True,10,
15388,RIVRGMRGER,11326,True,10,
15389,SEPQWMATAS,11326,True,10,
15390,AMPRWMWGAF,11326,True,10,
15391,GMPRSWIGHV,11326,True,10,
15392,EAPAWMWGNG,11326,True,10,
15393,IVPRNVRVPV,11326,True,10,
15394,AVPVWMIGEK,11326,True,10,
15395,AGPSWMRNGR,11326,True,10,
15396,DNPAWMKGEA,11326,True,10,
15397,EVPRWMHSVG,11326,True,10,
15398,SKPVWMRSHV,11326,True,10,
15399,NGPSHWLGNK,11326,True,10,
15400,EKPAWMKGEG,11326,True,10,
15401,MAPRWMVGAS,11326,True,10,
15402,TRPVGMRVPG,11326,True,10,
15403,GMPRYMIGIG,11326,True,10,
15404,TNPAWMRASK,11326,True,10,
15405,GNPRWMRTAS,11326,True,10,
15406,SYPAPMRNMG,11326,True,10,
15407,NSPSGMYNSK,11326,True,10,
15408,RNPAWMRTVW,11326,True,10,
15409,DNPRWMKHGK,11326,True,10,
15410,YGPRWMHNRG,11326,True,10,
15411,NSPQWIQSGF,11326,True,10,
15412,DHPSWIRAIW,11326,True,10,
15413,SQPVWMYNGA,11326,True,10,
15414,TKPIGMHVHV,11326,True,10,
15415,NQPAWMIGHY,11326,True,10,
15416,RAPAWMRNWG,11326,True,10,
15417,DPPEWMLAMG,11326,True,10,
15418,GMPRWITASG,11326,True,10,
15419,GSPRWLVTAS,11326,True,10,
15420,TDPKWMTASG,11326,True,10,
15421,GQPHWMNSNG,11326,True,10,
15422,GMPRYWRGGS,11326,True,10,
15423,GNPAGMKTAS,11326,True,10,
15424,MKPRWMYGHA,11326,True,10,
15425,ETPSWVRGTF,11326,True,10,
15426,QGPRSYIGVG,11326,True,10,
15427,FMAHWMHGVT,11326,True,10,
15428,AKPFGMKDWY,11326,True,10,
15429,ESPSWMRGRH,11326,True,10,
15430,NRPAWMHGRG,11326,True,10,
15431,GSPVWMRAHG,11326,True,10,
15432,GAPRWMRTAS,11326,True,10,
15433,YTPRGNSTAS,11326,True,10,
15434,GWPRWITGHI,11326,True,10,
15435,TGPKWMKGRT,11326,True,10,
15436,SKPRWLSNGY,11326,True,10,
15437,GNPRWMRTAS,11326,True,10,
15438,VRPAWMRNWG,11326,True,10,
15439,PVPRWLYNPQ,11326,True,10,
15440,MTPRSWRGPR,11326,True,10,
15441,LEPVWMRGEY,11326,True,10,
15442,QAPVWMRNPG,11326,True,10,
15443,GLPRWMKGNG,11326,True,10,
15444,DNPFGMKSRG,11326,True,10,
15445,ARPEWMTASG,11326,True,10,
15446,REPVWMRGQT,11326,True,10,
15447,TQPVWMTNGQ,11326,True,10,
15448,MTPRSWKGMW,11326,True,10,
15449,KNPVWMKTAS,11326,True,10,
15450,KHPIHMKSNQ,11326,True,10,
15451,YGPQWIHGQY,11326,True,10,
15452,PRPRWMWGNQ,11326,True,10,
15453,IQVRWVRGHA,11326,True,10,
15454,SYPRGMHSAG,11326,True,10,
15455,RQPAWMWVQG,11326,True,10,
15456,WQPRGMWTNW,11326,True,10,
15457,SEPNWMTASG,11326,True,10,
15458,NPWYGMRASG,11326,True,10,
15459,GNPRWMRTAS,11326,True,10,
15460,SHPVPMYTAS,11326,True,10,
15461,FYPYGMHNEG,11326,True,10,
15462,SEPVWMHNIR,11326,True,10,
15463,NRPHWMNYHA,11326,True,10,
15464,TGPVWMHSRG,11326,True,10,
15465,GSPRWLTGRQ,11326,True,10,
15466,HTPRSWRTHW,11326,True,10,
15467,GAPRNIYSEA,11326,True,10,
15468,KNPRWMHSTA,11326,True,10,
15469,HSWMAMHNKG,11326,True,10,
15470,PRPRSMRGHK,11326,True,10,
15471,LEPRWMRNQH,11326,True,10,
15472,WSPRWMTDTQ,11326,True,10,
15473,GYPSWRQVGL,11326,True,10,
15474,GSPLSVTASG,11326,True,10,
15475,GRPRSWIARK,11326,True,10,
15476,DQPRWMSGEH,11326,True,10,
15477,GNPVWMRGWQ,11326,True,10,
15478,SQPVWMIGQS,11326,True,10,
15479,RDPRWMRGAQ,11326,True,10,
15480,DSPRSMPVSG,11326,True,10,
15481,IPWRPVMAGT,11326,True,10,
15482,MDVRHLHGSG,11326,True,10,
15483,SRPAWTKTAS,11326,True,10,
15484,SVPSAVHVIV,11326,True,10,
15485,GKPSGWTASG,11326,True,10,
15486,WKPSHWRALQ,11326,True,10,
15487,CTPAGMKTQA,11326,True,10,
15488,PRPKWMIAKR,11326,True,10,
15489,KAPEWMHGMY,11326,True,10,
15490,PSWQGMTASG,11326,True,10,
15491,EQPFHWTASG,11326,True,10,
15492,VGPSHWRGQG,11326,True,10,
15493,ETPRSWIAER,11326,True,10,
15494,ERPSWVRSTQ,11326,True,10,
15495,WIPRWSTASG,11326,True,10,
15496,NRPAWMKSNG,11326,True,10,
15497,WGPRWIHVQG,11326,True,10,
15498,ETPRWMTASG,11326,True,10,
15499,STPKWMAQPA,11326,True,10,
15500,TMPSWSRSEW,11326,True,10,
15501,GPPRWLVTAS,11326,True,10,
15502,TAPRWMKAGV,11326,True,10,
15503,EDPRWMAGNT,11326,True,10,
15504,VLPRYWQGAH,11326,True,10,
15505,TEPRWMHGAG,11326,True,10,
15506,GTPRNVRTAS,11326,True,10,
15507,MTPRWLQSQG,11326,True,10,
15508,MAPKWMRGQG,11326,True,10,
15509,NAPRWMTASG,11326,True,10,
15510,TYPQHMSNGK,11326,True,10,
15511,PEPRWMRGRR,11326,True,10,
15512,YTVRGMHGNG,11326,True,10,
15513,TAPKWMIGNQ,11326,True,10,
15514,NWPSWSRGWR,11326,True,10,
15515,ARPSWVMSRR,11326,True,10,
15516,ATPSWLSTGR,11326,True,10,
15517,GDPRGWRTAS,11326,True,10,
15518,SDPVGMTASG,11326,True,10,
15519,VAPMHMRSEG,11326,True,10,
15520,EVPMWSRGQR,11326,True,10,
15521,AHVRNFLGNY,11326,True,10,
15522,ETPRSWHGAR,11326,True,10,
15523,YDPSWLYSVG,11326,True,10,
15524,NSPVWMRGQG,11326,True,10,
15525,SMPRWMRGWY,11326,True,10,
15526,GYPLHMTASG,11326,True,10,
15527,KWPVGMYAVG,11326,True,10,
15528,DAPIHWIGRA,11326,True,10,
15529,QSPVWMHGHV,11326,True,10,
15530,SEPVWMHGSL,11326,True,10,
15531,SDPFGMRSMG,11326,True,10,
15532,QPPVWMRGAT,11326,True,10,
15533,GNPVNMIDER,11326,True,10,
15534,FWPGWLHGKQ,11326,True,10,
15535,GKPAGMRNWF,11326,True,10,
15536,NPPRWLHATH,11326,True,10,
15537,SVPSWSRGMT,11326,True,10,
15538,SDPVWMAKVQ,11326,True,10,
15539,TNPSWIRGQI,11326,True,10,
15540,KSPKWMIGRK,11326,True,10,
15541,RGPKWMTASG,11326,True,10,
15542,GTPSWMRGKT,11326,True,10,
15543,SPPRWIFAGY,11326,True,10,
15544,ETPRWYKGNF,11326,True,10,
15545,TGPRWLSAKG,11326,True,10,
15546,SGPRWIRVTA,11326,True,10,
15547,EVPQWIHNGR,11326,True,10,
15548,MQPVWMRHGR,11326,True,10,
15549,VMPSGFSNIA,11326,True,10,
15550,GQPRSWRGKH,11326,True,10,
15551,STVKWMYGPG,11326,True,10,
15552,SAPRWILVPG,11326,True,10,
15553,HEPSWMRAGH,11326,True,10,
15554,NRPVWMYGMG,11326,True,10,
15555,GPPRWLSAWS,11326,True,10,
15556,MGPRWIQSHF,11326,True,10,
15557,DQPRWMVTKR,11326,True,10,
15558,HTVKWMISHH,11326,True,10,
15559,DFPRWMRGSL,11326,True,10,
15560,SGPSWLTASG,11326,True,10,
15561,GPWSWLRTAS,11326,True,10,
15562,GNPSDMYTAS,11326,True,10,
15563,PAPSWVRGKG,11326,True,10,
15564,SLPRPVLSNI,11326,True,10,
15565,SDPQGMHNHV,11326,True,10,
15566,GNPSWKADRG,11326,True,10,
15567,KLPASWIVAG,11326,True,10,
15568,GAPAHWRGHW,11326,True,10,
15569,STPRGNQVEG,11326,True,10,
15570,TSPVWMRGAQ,11326,True,10,
15571,GVPRSWRTAS,11326,True,10,
15572,NQPVWMRGSG,11326,True,10,
15573,GTPGWMKTAS,11326,True,10,
15574,DTPRSWRTHG,11326,True,10,
15575,TPPAWYKGMH,11326,True,10,
15576,AVPVWMRGPA,11326,True,10,
15577,GRPAWMQTAS,11326,True,10,
15578,QKPVWMRGHF,11326,True,10,
15579,EPPQWMRTGI,11326,True,10,
15580,GSRQPRQSIG,11326,True,10,
15581,DQPAWMQVWV,11326,True,10,
15582,SMPRNVKDPY,11326,True,10,
15583,GAPRWMSDWT,11326,True,10,
15584,GIPRWSLTAS,11326,True,10,
15585,DVPSWLRGQS,11326,True,10,
15586,SVPRWLSNHR,11326,True,10,
15587,DPPKWMAGAH,11326,True,10,
15588,SDVRWLTASG,11326,True,10,
15589,DSPRWMQGRG,11326,True,10,
15590,ARPEWMTASG,11326,True,10,
15591,ISPKWMRSPS,11326,True,10,
15592,ARPEWMHGMG,11326,True,10,
15593,SGPWGMINTA,11326,True,10,
15594,GYPRWMSGWR,11326,True,10,
15595,TGPKWMRSNT,11326,True,10,
15596,YSPRWMTNTW,11326,True,10,
15597,TGPSWIQTAS,11326,True,10,
15598,QMPRWIQRVY,11326,True,10,
15599,GVPRYMRTAS,11326,True,10,
15600,RQPRNVAGMR,8535,True,10,
15601,KAPLGITVGT,8535,True,10,
15602,YHPFAVRVRF,8535,True,10,
15603,RQPRAVSTAS,8535,True,10,
15604,PAPVAFTGAS,8535,True,10,
15605,KRPRNISASG,8535,True,10,
15606,RVPRTVSDLF,8535,True,10,
15607,PGPSTYMVHF,8535,True,10,
15608,KQPSWLMGNS,8535,True,10,
15609,FGPRQVTASG,8535,True,10,
15610,RVPKLLYSQV,8535,True,10,
15611,RAPASMISVF,8535,True,10,
15612,FNPRQVRVNG,8535,True,10,
15613,YRPSASHALS,8535,True,10,
15614,TPPSGVWVNQ,8535,True,10,
15615,VAPRYWRSGY,8535,True,10,
15616,YAPRSHYAGA,8535,True,10,
15617,PAPRPVTGHS,8535,True,10,
15618,GWPSEVRGWT,8535,True,10,
15619,PAVWSWQSGT,8535,True,10,
15620,SPPRTRGVNG,8535,True,10,
15621,YVPRQVFSEW,8535,True,10,
15622,AQPRAVTGAT,8535,True,10,
15623,TAPKLLVAGV,8535,True,10,
15624,HFPRASTSTA,8535,True,10,
15625,RQPRGVQVIY,8535,True,10,
15626,PRPAQVYTQG,8535,True,10,
15627,VSVFWLIGPW,8535,True,10,
15628,KRPAQVAGIY,8535,True,10,
15629,VSPMDQRGVY,8535,True,10,
15630,GPPRAVKGTL,8535,True,10,
15631,HIPAWFIVGT,8535,True,10,
15632,RPRQRRCVQP,8535,True,10,
15633,FSPATMHGTQ,8535,True,10,
15634,SMPRTLMGVG,8535,True,10,
15635,IAPAKSRGHL,8535,True,10,
15636,RPPSTIHGPI,8535,True,10,
15637,TYVRGVTASG,8535,True,10,
15638,YPGRPLTASG,8535,True,10,
15639,MPPRVLWGTQ,8535,True,10,
15640,VVPKWMVGGR,8535,True,10,
15641,NVPRAVSAET,8535,True,10,
15642,IRIRSLWSGH,8535,True,10,
15643,GLPTAFVGWY,8535,True,10,
15644,KPPSTLWSKF,8535,True,10,
15645,HAPVAFTASG,8535,True,10,
15646,RTPVGNVSRS,8535,True,10,
15647,RAPRSVKAGL,8535,True,10,
15648,AGPSTLWGTR,8535,True,10,
15649,QNPRTLVAGF,8535,True,10,
15650,FRARQMWARF,8535,True,10,
15651,FKPRPVSGNG,8535,True,10,
15652,IRPRQLISAG,8535,True,10,
15653,PKPFQVRTRY,8535,True,10,
15654,TIPFAMFGHT,8535,True,10,
15655,RPPSAFSGAI,8535,True,10,
15656,RVLSKLASHS,8535,True,10,
15657,RTPVGYTASG,8535,True,10,
15658,WGAHSFRASG,8535,True,10,
15659,RIPRSVRSTV,8535,True,10,
15660,FPPRSWISVA,8535,True,10,
15661,RTPKGQFGKG,8535,True,10,
15662,GKVWGVSTAS,8535,True,10,
15663,MRYVGFQAPV,8535,True,10,
15664,VTPRQVTSHA,8535,True,10,
15665,APVWQITASG,8535,True,10,
15666,SGPRTLVGTA,8535,True,10,
15667,RPPVAFQDTY,8535,True,10,
15668,IGPRVMHSHQ,8535,True,10,
15669,PRPHTLNSHY,8535,True,10,
15670,KVPSAVFARF,8535,True,10,
15671,QAPRSVISPF,8535,True,10,
15672,MKPLQIRGEV,8535,True,10,
15673,SAPAEVFANW,8535,True,10,
15674,RTPRSHVASV,8535,True,10,
15675,FVPKGVTASG,8535,True,10,
15676,RQPVQYIGNG,8535,True,10,
15677,RAPKFVMSNG,8535,True,10,
15678,RQPLTIFVPV,8535,True,10,
15679,HAPAQVTSGH,8535,True,10,
15680,TVPYGVTSIA,8535,True,10,
15681,MTPRQVMSQT,8535,True,10,
15682,PRPFTMAGIY,8535,True,10,
15683,GRPADVRSWG,8535,True,10,
15684,MPGPVQVPHY,8535,True,10,
15685,YRPRSVKSTQ,8535,True,10,
15686,VSPREVHGMW,8535,True,10,
15687,IFPMQVRDRT,8535,True,10,
15688,GHVWPMHTAS,8535,True,10,
15689,SAPRTLVDKH,8535,True,10,
15690,FGPRPVMAES,8535,True,10,
15691,GAPRLVRSTR,8535,True,10,
15692,QAPRTVSGHQ,8535,True,10,
15693,TAPREVSVPH,8535,True,10,
15694,RQVRAVRGWG,8535,True,10,
15695,KRPSTLFGKG,8535,True,10,
15696,VAPAGVHSKR,8535,True,10,
15697,PQPRAVLGSR,8535,True,10,
15698,HRPRGAVPIQ,8535,True,10,
15699,TSPVQLWASF,8535,True,10,
15700,TPVRGVTASG,8535,True,10,
15701,VRPRTFIDQV,8535,True,10,
15702,TGPKVMYGEV,8535,True,10,
15703,APAKVQGTAS,8535,True,10,
15704,RDPLGQTVHV,8535,True,10,
15705,RTPLGQVTGF,8535,True,10,
15706,TAPKLLWGSQ,8535,True,10,
15707,RNPLPVWNVS,8535,True,10,
15708,QAVWRMTASG,8535,True,10,
15709,WPASAFVAPH,8535,True,10,
15710,KPPSAVKVGG,8535,True,10,
15711,HFPRGQIGSF,8535,True,10,
15712,RSPVAFTASG,8535,True,10,
15713,RQPFKYTGHW,8535,True,10,
15714,MFPKQVRANS,8535,True,10,
15715,VKPSEVRGAH,8535,True,10,
15716,RLPKVLYSAI,8535,True,10,
15717,GPPRTVVSTG,8535,True,10,
15718,IQPRQVKNVR,8535,True,10,
15719,PTPKQIKGVH,8535,True,10,
15720,RAPSDAQGRG,8535,True,10,
15721,SAPRVMYSKQ,8535,True,10,
15722,EAPRTVAVPT,8535,True,10,
15723,YQPRAVYGMY,8535,True,10,
15724,HPPSAVTARV,8535,True,10,
15725,FTPFAMQGNY,8535,True,10,
15726,HKPLGQFDQF,8535,True,10,
15727,MFPRAVKGTR,8535,True,10,
15728,FAPSGWTASG,8535,True,10,
15729,SAPRVIFGQW,8535,True,10,
15730,VAPAQVFAMA,8535,True,10,
15731,GRPRQVRNEL,8535,True,10,
15732,VAPRKFRGWV,8535,True,10,
15733,KAPLKVRGWA,8535,True,10,
15734,KRPFQVRNGV,8535,True,10,
15735,PMPRQVKAPY,8535,True,10,
15736,REPRNVRSLF,8535,True,10,
15737,RMPRQVTASG,8535,True,10,
15738,PTPRGSHAVT,8535,True,10,
15739,VNPIHMISTF,8535,True,10,
15740,VPPKLLKGAI,8535,True,10,
15741,VTPNQIRASA,8535,True,10,
15742,GRVYDLYDMW,8535,True,10,
15743,LHPAKVSAKS,8535,True,10,
15744,PTPRGSIDIL,8535,True,10,
15745,GPPSAVKANI,8535,True,10,
15746,AGPSAVWQPG,8535,True,10,
15747,MAPKQVLSET,8535,True,10,
15748,PSRPVRSQMP,8535,True,10,
15749,MTPSGQWSIV,8535,True,10,
15750,NQPVASMVMI,8535,True,10,
15751,TEPLKVYGHP,8535,True,10,
15752,MGPRQVTGNQ,8535,True,10,
15753,PRVHAVRSGI,8535,True,10,
15754,RNPVAFWNDY,8535,True,10,
15755,AHPLGQVNVK,8535,True,10,
15756,NPPSAVWAKY,8535,True,10,
15757,KMYFTGTASG,8535,True,10,
15758,ARVYLLWGLH,8535,True,10,
15759,PHPVQMVGIR,8535,True,10,
15760,QMPKGVRSGA,8535,True,10,
15761,APPRVLHSVY,8535,True,10,
15762,VMPSRFKGNF,8535,True,10,
15763,MCPHSMASPL,8535,True,10,
15764,IEPSKYTGVQ,8535,True,10,
15765,PAPWQVRTQV,8535,True,10,
15766,GVPRAVATAS,8535,True,10,
15767,RVPVEMWGLF,8535,True,10,
15768,FVPRGVTASG,8535,True,10,
15769,RPPSAFTASG,8535,True,10,
15770,FTPFKYASQA,8535,True,10,
15771,HMPRGVSAGH,8535,True,10,
15772,GAPRFVSTAS,8535,True,10,
15773,PLPRKVIGPG,8535,True,10,
15774,HPPREVFSWG,8535,True,10,
15775,WHPFGMSNHT,8535,True,10,
15776,AAPRSWYAQS,8535,True,10,
15777,GKPVAYFGVG,8535,True,10,
15778,IPPRTLSAKA,8535,True,10,
15779,RHPRSFRGIG,8535,True,10,
15780,VAGRPSMVLP,8535,True,10,
15781,NQPFAFKGQL,8535,True,10,
15782,PVPRAVSAQR,8535,True,10,
15783,ANPRKIKGPQ,8535,True,10,
15784,CKPAQVRSGH,8535,True,10,
15785,RVPRTLVGPK,8535,True,10,
15786,LGPRLVKSVL,8535,True,10,
15787,KAPRSWVGHQ,8535,True,10,
15788,RPPSAFWVTH,8535,True,10,
15789,NMPLQVRSTI,8535,True,10,
15790,PSPRKWRSMT,8535,True,10,
15791,APALNFWGHL,8535,True,10,
15792,SKPFKYQGKQ,8535,True,10,
15793,PKPRQVTASG,8535,True,10,
15794,TRPLQVRSPG,8535,True,10,
15795,RAPRQVHAIA,8535,True,10,
15796,QPVMGIRSTH,8535,True,10,
15797,RGPVAFTASG,8535,True,10,
15798,HVPFKVMSHT,8535,True,10,
15799,RVPRVLHGVS,8535,True,10,
15800,IKGAWLRSER,8535,True,10,
15801,VKPFDKGRGW,8535,True,10,
15802,VGPAPEHSAF,8535,True,10,
15803,APLQSVYGIR,8535,True,10,
15804,TPVGWSYSPF,8535,True,10,
15805,HAPRGVHAEG,8535,True,10,
15806,QPPSTLKGSA,8535,True,10,
15807,TGPKLISNGT,8535,True,10,
15808,WTPLASYGQF,8535,True,10,
15809,QGPREVTASG,8535,True,10,
15810,PRIEIQMSDN,8535,True,10,
15811,RMPRQVRGWH,8535,True,10,
15812,AHPAQMHGKG,8535,True,10,
15813,QDPRQVTGKH,8535,True,10,
15814,VDVSFLWGTL,8535,True,10,
15815,QVPRQVYTPG,8535,True,10,
15816,HTPVELWGSY,8535,True,10,
15817,ASVRAVSAWF,8535,True,10,
15818,HIPRAVRGTS,8535,True,10,
15819,ATPRQVTASG,8535,True,10,
15820,FPPMRMTGNF,8535,True,10,
15821,GHARSMIGTW,8535,True,10,
15822,HVPIQVRSHY,8535,True,10,
15823,RVTRWLMSTG,8535,True,10,
15824,VRPAQLYSEG,8535,True,10,
15825,KLPRAVYGHI,8535,True,10,
15826,PAHAQMYGLY,8535,True,10,
15827,PRVWAVAGNS,8535,True,10,
15828,RPVYGFTASG,8535,True,10,
15829,VRPSRFTGAQ,8535,True,10,
15830,FAPREVASKF,8535,True,10,
15831,HQVFALSGPW,8535,True,10,
15832,YPPSVMWGIR,8535,True,10,
15833,VAPRSVHANG,8535,True,10,
15834,NWPSGWFTAS,8535,True,10,
15835,VAPRSVLGVW,8535,True,10,
15836,LRPLQIRTAS,8535,True,10,
15837,RLPVAIFSNH,8535,True,10,
15838,GPPRSYRGIF,8535,True,10,
15839,TVPARVSGMT,8535,True,10,
15840,ERPAQVRGRV,8535,True,10,
15841,MVPSGVYAGR,8535,True,10,
15842,EAPRKVYALT,8535,True,10,
15843,KAPAKVMAVS,8535,True,10,
15844,TVTWALRSVF,8535,True,10,
15845,WYPYKYIGPG,8535,True,10,
15846,WAPRQVSALQ,8535,True,10,
15847,GRPRGVTGSR,8535,True,10,
15848,RAPAQVWGHG,8535,True,10,
15849,YHPRSVRGAY,8535,True,10,
15850,PVRKYRFVKS,8535,True,10,
15851,AWRSFWPVYH,8535,True,10,
15852,RALSWMQGQY,8535,True,10,
15853,VPPRPVLAHG,8535,True,10,
15854,HMIYRPVGIF,8535,True,10,
15855,IWPSEMKGPA,8535,True,10,
15856,KPPRQVSANS,8535,True,10,
15857,PTPVEMWGIS,8535,True,10,
15858,VPPRAVSAVH,8535,True,10,
15859,KAPVAFTKVG,8535,True,10,
15860,TIPRPVMGVQ,8535,True,10,
15861,QPPKAFTQAS,8535,True,10,
15862,RQPRGVIAQF,8535,True,10,
15863,RKPYRASFPV,8535,True,10,
15864,YTPRSWTASG,8535,True,10,
15865,KGPYTMVHPL,8535,True,10,
15866,PRPRSYRGKL,8535,True,10,
15867,TVPWKVRAWH,8535,True,10,
15868,GAPRPFWSRS,8535,True,10,
15869,LKPFKYLGHT,8535,True,10,
15870,SPAGRLNAVG,8535,True,10,
15871,MTPVAWHSVG,8535,True,10,
15872,TRVRAYHSIY,8535,True,10,
15873,PMPKQVRGWV,8535,True,10,
15874,TWPREVTASG,8535,True,10,
15875,DRPSAVSGSK,8535,True,10,
15876,DWPEAMVGKR,8535,True,10,
15877,RNPLGQYSMG,8535,True,10,
15878,VGPVAFRSQR,8535,True,10,
15879,VLVAWRQGVG,8535,True,10,
15880,SGPRSYTGTA,8535,True,10,
15881,PMPRVLVGAH,8535,True,10,
15882,TVPVEVFDHS,8535,True,10,
15883,TLPYMLTASG,8535,True,10,
15884,KMPRQVSAIW,8535,True,10,
15885,GTPLGSTVIG,8535,True,10,
15886,SQPRTVMSQG,8535,True,10,
15887,GSPRAVWAMG,8535,True,10,
15888,MAPKQAHGMT,8535,True,10,
15889,VAPAKFAGRC,8535,True,10,
15890,NPPSAFTARQ,8535,True,10,
15891,PVPRSVTASG,8535,True,10,
15892,FPIQSLHAMK,8535,True,10,
15893,SVPSTLMGPH,8535,True,10,
15894,HPPSAVWAGS,8535,True,10,
15895,SPPVAFLGTG,8535,True,10,
15896,FRVSPFWGHG,8535,True,10,
15897,GVPRAVTASG,8535,True,10,known_sequence
15898,MQPRQVFSHF,8535,True,10,
15899,GVPRQVKSHR,8535,True,10,
15900,RFPVAFVSIK,8535,True,10,
15901,QSPMSMRGMF,8535,True,10,
15902,IVGRALWGES,8535,True,10,
15903,QPVLQVRAIY,8535,True,10,
15904,RTPRYWRAGH,8535,True,10,
15905,MYPLEVYSAR,8535,True,10,
15906,QAPRSMFSGH,8535,True,10,
15907,FVPRQVTASG,8535,True,10,
15908,WVPRQVKGRV,8535,True,10,
15909,MAPKQMLGWR,8535,True,10,
15910,RIVFWMRGHL,8535,True,10,
15911,RGPVAFWSPK,8535,True,10,
15912,RAPLPVWAWF,8535,True,10,
15913,CGSRPVAAPA,8535,True,10,
15914,PAPRSLTSIF,8535,True,10,
15915,TKPFKYRSQW,8535,True,10,
15916,RVPRQVYGVG,8535,True,10,
15917,NVPRAVTGHY,8535,True,10,
15918,PMPRTLTGKV,8535,True,10,
15919,QAPRSVWGIW,8535,True,10,
15920,YRPSNFRTLI,8535,True,10,
15921,LQPRQVIAVR,8535,True,10,
15922,TIPRPVMVQR,8535,True,10,
15923,RGPRVVSAWF,8535,True,10,
15924,TVPVQVTNGH,8535,True,10,
15925,VRPVQMLNEH,8535,True,10,
15926,SHPARFSNIS,8535,True,10,
15927,ARPLQVRGSL,8535,True,10,
15928,AVTYALWGTV,8535,True,10,
15929,AHPVGIHSWA,8535,True,10,
15930,RAPVAFTGPG,8535,True,10,
15931,ARPRQVRAPF,8535,True,10,
15932,RAPLPVIGAW,8535,True,10,
15933,CAPTGVKASW,8535,True,10,
15934,HVPSGVTSAG,8535,True,10,
15935,GDPSAVLVSI,8535,True,10,
15936,EAPVAVYSAY,8535,True,10,
15937,VSPSKFVGQS,8535,True,10,
15938,EVEVTYAVGK,8535,True,10,
15939,AKPFKYMSNG,8535,True,10,
15940,PTPSAVAGRD,8535,True,10,
15941,QMPRQVIAKL,8535,True,10,
15942,HVPRQVTASG,8535,True,10,known_sequence
15943,GQPRGVATAS,8535,True,10,
15944,TMPYGMVYER,8535,True,10,
15945,RAPRAVHAVF,8535,True,10,
15946,VKPLQWRSNW,8535,True,10,
15947,MAPWSVWAVQ,8535,True,10,
15948,RAPRSMVNPG,8535,True,10,
15949,THPYGMKVLH,8535,True,10,
15950,RKIRAVTASG,8535,True,10,
15951,HGPRQVKGVR,8535,True,10,
15952,TTPLAVIGAY,8535,True,10,
15953,RTPLDAKGVH,8535,True,10,
15954,SGPRQVRNTA,8535,True,10,
15955,HAPVSWYGIT,8535,True,10,
15956,SKPYGMTASG,8535,True,10,
15957,VPPRVLVDEY,8535,True,10,
15958,VQPRLYRGHG,8535,True,10,
15959,KPPLASKGHW,8535,True,10,
15960,APPAQVFSPG,8535,True,10,
15961,RGPSTLYSAT,8535,True,10,
15962,VTPVEVMAPT,8535,True,10,
15963,SFPHSFRGQG,8535,True,10,
15964,RHPSAVLSKR,8535,True,10,
15965,STPRSWIGSI,8535,True,10,
15966,WARPERGFPK,8535,True,10,
15967,RNPSWIRNHF,8535,True,10,
15968,SGPRTIVQTA,8535,True,10,
15969,VSPVYLWGHR,8535,True,10,
15970,RAPVAFAGAR,8535,True,10,
15971,RWPREVKGPR,8535,True,10,
15972,FVPSDVKSKY,8535,True,10,
15973,WNPIHLASPI,8535,True,10,
15974,LNPRSQFGET,8535,True,10,
15975,WPPRAVTASG,8535,True,10,
15976,RAPSTLWAIH,8535,True,10,
15977,WIPAWFRGIG,8535,True,10,
15978,RHPRSVMNTF,8535,True,10,
15979,LAPVRFLGHV,8535,True,10,
15980,KTPGAMIAIF,8535,True,10,
15981,RAPREVSATR,8535,True,10,
15982,RPVSAFTGMT,8535,True,10,
15983,RSPVSMLDLG,8535,True,10,
15984,YPPRSWVGGH,8535,True,10,
15985,PQPRSVMGKS,8535,True,10,
15986,RPYFEYWAMW,8535,True,10,
15987,PIRAPASNYA,8535,True,10,
15988,VPPREVLGIA,8535,True,10,
15989,PNPAQVRTRV,8535,True,10,
15990,SVPRTIWSAF,8535,True,10,
15991,HVPRQVFAKT,8535,True,10,
15992,PMPRQVTASG,8535,True,10,
15993,AMPRGVRSGW,8535,True,10,
15994,RGPVFMHNGA,8535,True,10,
15995,TRPRQVTSKF,8535,True,10,
15996,RMPRVVTVTS,8535,True,10,
15997,RGPYPVRAGQ,8535,True,10,
15998,TPPSYMHVIG,8535,True,10,
15999,RPPSAFQGPS,8535,True,10,
16000,NIVFGIYSTF,9638,True,10,
16001,PANLNAPYIT,9638,True,10,
16002,PRDEYFADTG,9638,True,10,
16003,FMPFHMKGQW,9638,True,10,
16004,FAPRSMQDLR,9638,True,10,
16005,TWVRWSMSPW,9638,True,10,
16006,LVPKQVWSIG,9638,True,10,
16007,INPSWLRTSG,9638,True,10,
16008,GVPRAVTGAG,9638,True,10,
16009,GSPLGYTSIR,9638,True,10,
16010,WPGRPLWSNG,9638,True,10,
16011,PTPRGQVISF,9638,True,10,
16012,YNPYGMKGVE,9638,True,10,
16013,WQPFGFTASG,9638,True,10,
16014,ISPRNYHGVY,9638,True,10,
16015,QVPRQVQAPG,9638,True,10,
16016,WMPVGMYSGY,9638,True,10,
16017,HRPRGNQSGY,9638,True,10,
16018,RTPKGLVSVG,9638,True,10,
16019,GWPGWGTAHY,9638,True,10,
16020,RTPVGMYSGY,9638,True,10,
16021,FAPRSWVAIV,9638,True,10,
16022,RSPRGFVAGA,9638,True,10,
16023,AMPRGVKGAI,9638,True,10,
16024,FWPRPFYGHG,9638,True,10,
16025,QSPRNVMANG,9638,True,10,
16026,SYPRDVRDKQ,9638,True,10,
16027,TLPKGVYAWG,9638,True,10,
16028,GIPRYWSVQA,9638,True,10,
16029,NAPRGSTASG,9638,True,10,
16030,YPPRGSQVER,9638,True,10,
16031,FWPRGNVGIG,9638,True,10,
16032,AIPRPVMDLH,9638,True,10,
16033,AWVSGMYSQG,9638,True,10,
16034,STPVGMSVLY,9638,True,10,
16035,HAPSGHFDMG,9638,True,10,
16036,HPRHLPFQPV,9638,True,10,
16037,TQPRAMQGVH,9638,True,10,
16038,YRPVAMVGKS,9638,True,10,
16039,VPPRNFTASG,9638,True,10,
16040,FTPRGQVAKA,9638,True,10,
16041,FYPLGIRVQA,9638,True,10,
16042,AVPRAHRAMI,9638,True,10,
16043,SPVYGLHGWH,9638,True,10,
16044,FNPRGSYSTG,9638,True,10,
16045,NSPKGVASEY,9638,True,10,
16046,WGPRAVKGAS,9638,True,10,
16047,WRPRGQGTLF,9638,True,10,
16048,KAWSAYWSTG,9638,True,10,
16049,SPIRAFRAEG,9638,True,10,
16050,SNPRTMVGWQ,9638,True,10,
16051,TSPRSWYSTR,9638,True,10,
16052,ILPRAVMANQ,9638,True,10,
16053,PDLSPEPRNF,9638,True,10,
16054,SRPRTLTASG,9638,True,10,known_sequence
16055,MTPKGNRVQT,9638,True,10,
16056,WFPRAFKGKY,9638,True,10,
16057,NSPRDFRGRH,9638,True,10,
16058,KWPTGLASGF,9638,True,10,
16059,VYPRGFAGVY,9638,True,10,
16060,RWPAGVRTQF,9638,True,10,
16061,WGVRYLIGTS,9638,True,10,
16062,SYRPARDERP,9638,True,10,
16063,CRPRSYHSVF,9638,True,10,
16064,SQPRSWQVWR,9638,True,10,
16065,FSPSGFTASG,9638,True,10,
16066,RMWRAFRGQG,9638,True,10,
16067,MHPRGQGSNW,9638,True,10,
16068,NQPKGMVGSL,9638,True,10,
16069,HGPRAFSDKG,9638,True,10,
16070,LSPRGQKGWR,9638,True,10,
16071,YKPRGQLEVQ,9638,True,10,
16072,RQPVAYSGNI,9638,True,10,
16073,VGPRSWTGAG,9638,True,10,
16074,PDPKGMTSGR,9638,True,10,
16075,FHGRNLSGQF,9638,True,10,
16076,KAPRYWRTHY,9638,True,10,
16077,YGPRAVNAPK,9638,True,10,
16078,WDPSAMTKIT,9638,True,10,
16079,NSPRGSLSVY,9638,True,10,
16080,KRPKGQDAPI,9638,True,10,
16081,AGPSGWTASG,9638,True,10,
16082,PTPRGNYGIY,9638,True,10,
16083,ALIRSLYSWL,9638,True,10,
16084,FKPAGWKTWA,9638,True,10,
16085,MYPRAKYDRQ,9638,True,10,
16086,FVPRGVTASG,9638,True,10,
16087,ISTRNLAGEQ,9638,True,10,
16088,AVGRAMKGES,9638,True,10,
16089,FKPRGQYAIG,9638,True,10,
16090,LEPRNYFDKW,9638,True,10,
16091,FTPRGQYGSF,9638,True,10,
16092,VTPLGQIGWV,9638,True,10,
16093,WGTFHLWGTS,9638,True,10,
16094,HRPRSWTSWT,9638,True,10,
16095,TIVRGVHAEQ,9638,True,10,
16096,VPRLKRAQAI,9638,True,10,
16097,IAPRSHVAVT,9638,True,10,
16098,STPRGQIDIK,9638,True,10,
16099,STVRAWFAPT,9638,True,10,
16100,IAPAKFRGVQ,9638,True,10,
16101,LGPRYWTGQR,9638,True,10,
16102,ITPRVLKSWA,9638,True,10,
16103,FHPHGMFTMV,9638,True,10,
16104,ARPRQLVSAY,9638,True,10,
16105,DYPRAFRSWL,9638,True,10,
16106,QVPRTFAGKS,9638,True,10,
16107,FVPRQVLSMK,9638,True,10,
16108,DTPKQGMVIA,9638,True,10,
16109,RTPVGMLSNW,9638,True,10,
16110,GNPRSWMTAS,9638,True,10,
16111,AEPRNVWDNT,9638,True,10,
16112,GSPRPSISNW,9638,True,10,
16113,ERVRGVWSVF,9638,True,10,
16114,VPPRGMKTGQ,9638,True,10,
16115,RDGRALWAPH,9638,True,10,
16116,TDPRSWVGPG,9638,True,10,
16117,FMPVGMFSNG,9638,True,10,
16118,PWVRGVTASG,9638,True,10,
16119,NPRKPRSVRP,9638,True,10,
16120,GKCNPSLTAS,9638,True,10,
16121,NGPRAVYGWH,9638,True,10,
16122,RWSRAMIGEY,9638,True,10,
16123,PQGYNLTGLY,9638,True,10,
16124,YTPLGQKTQF,9638,True,10,
16125,PYVRAVMDLA,9638,True,10,
16126,VKPSGVRSES,9638,True,10,
16127,LAHRYFIAKS,9638,True,10,
16128,GLPRWILSPS,9638,True,10,
16129,RAPVAFTAGQ,9638,True,10,
16130,RMPRGAYGVR,9638,True,10,
16131,NHWGPMPARH,9638,True,10,
16132,AMPRQVTASG,9638,True,10,
16133,SQPRGQIALS,9638,True,10,
16134,AQIYGLNSQK,9638,True,10,
16135,LGPRLGNDPG,9638,True,10,
16136,SGLGELWGTA,9638,True,10,
16137,LIPRAYTASG,9638,True,10,
16138,TLPRAWTGIG,9638,True,10,
16139,IMWRAFYSHQ,9638,True,10,
16140,HQPIGITASG,9638,True,10,
16141,WTPRGNSGAL,9638,True,10,
16142,SDPYGMFDST,9638,True,10,
16143,WRPRGNWGHT,9638,True,10,
16144,AHVSAGAMNY,9638,True,10,
16145,GMVRGVTASG,9638,True,10,known_sequence
16146,TFPRGAQVQI,9638,True,10,
16147,YWPRGWTASG,9638,True,10,
16148,KVPKGVRSNT,9638,True,10,
16149,LKPRGWGSTW,9638,True,10,
16150,AKPRSWTGIQ,9638,True,10,
16151,VAPRYWTVGT,9638,True,10,
16152,GMGRAWSAMG,9638,True,10,
16153,WTPRGNYDIF,9638,True,10,
16154,WGPVGMWSWF,9638,True,10,
16155,THPRQVQAEY,9638,True,10,
16156,QGPRSWLVHW,9638,True,10,
16157,HFPRGQVDKV,9638,True,10,
16158,VKPKGVYSMH,9638,True,10,
16159,AMVRAVTARY,9638,True,10,
16160,MCVRGMQHWV,9638,True,10,
16161,FNPKQMRGHV,9638,True,10,
16162,WIPRALYAHF,9638,True,10,
16163,HNVRAVHSWT,9638,True,10,
16164,FSPLGQISGA,9638,True,10,
16165,VTPRWLSGQI,9638,True,10,
16166,VGIRWMAGWT,9638,True,10,
16167,HIPRWLWSKA,9638,True,10,
16168,FAPRQVATLH,9638,True,10,
16169,VNPRVWRTWG,9638,True,10,
16170,WAPRAFTASG,9638,True,10,
16171,FMPRGATSWG,9638,True,10,
16172,GRPRGQVALP,9638,True,10,
16173,FVPRGQTDTR,9638,True,10,
16174,WTPRGNYDIG,9638,True,10,
16175,MSPRKFTGLT,9638,True,10,
16176,AIPRPVTASG,9638,True,10,
16177,VLPAGVTALT,9638,True,10,
16178,NVPRGVTASG,9638,True,10,
16179,GHYRAMTASG,9638,True,10,
16180,FIPRPFWDHG,9638,True,10,
16181,NFVRAFRGVS,9638,True,10,
16182,TGPKSMWAPA,9638,True,10,
16183,WKPAGVQSNR,9638,True,10,
16184,YTPRGATVAF,9638,True,10,
16185,VGPRPVTASG,9638,True,10,
16186,VWPRWITASG,9638,True,10,
16187,MVPKGMTGWH,9638,True,10,
16188,GFPRAHFSAF,9638,True,10,
16189,LQPLGQYTPF,9638,True,10,
16190,QPVYGLISGS,9638,True,10,
16191,RSPVAFWATI,9638,True,10,
16192,GPVYALYGIY,9638,True,10,
16193,CAPLGYGSKA,9638,True,10,
16194,AMPRGVLDPL,9638,True,10,
16195,LRSQWPFVIL,9638,True,10,
16196,AHPVAFYSQF,9638,True,10,
16197,PQVSWLYGPS,9638,True,10,
16198,NSRGPKGYWI,9638,True,10,
16199,SKPARGVAGA,9638,True,10,
16200,STPRSWIAPY,9638,True,10,
16201,FYVRGMRGHG,9638,True,10,
16202,TKPSAYRDNG,9638,True,10,
16203,QVTVPIWART,9638,True,10,
16204,GVPRAVKGEY,9638,True,10,
16205,NSVRGVHSMH,9638,True,10,
16206,ADPKGMYSGF,9638,True,10,
16207,RTGLYMYGMG,9638,True,10,
16208,MDPRGMTNLT,9638,True,10,
16209,WTPRGNFDMW,9638,True,10,
16210,GAPRSWTNKF,9638,True,10,
16211,YTPRSYIGWG,9638,True,10,
16212,TIPRPVISTQ,9638,True,10,
16213,MVPRQVRATY,9638,True,10,
16214,SPGPRLWQEH,9638,True,10,
16215,VWPRDFRGTK,9638,True,10,
16216,ASPRSYTGNQ,9638,True,10,
16217,SWPRQVKAGS,9638,True,10,
16218,NAPRSHYSGS,9638,True,10,
16219,WHPRGVSTMK,9638,True,10,
16220,KCIVDMTSKA,9638,True,10,
16221,YMPRAYSGKG,9638,True,10,
16222,WLGLALWGIY,9638,True,10,
16223,WVPRAVYGIW,9638,True,10,
16224,HWALHMRGQK,9638,True,10,
16225,YHPRSWTASG,9638,True,10,
16226,DLPAGVWDWT,9638,True,10,
16227,TAPKLIHSWY,9638,True,10,
16228,CEVRAWTASG,9638,True,10,
16229,HIYHPWINAL,9638,True,10,
16230,TAVRAVNDKW,9638,True,10,
16231,QLPTGLTSHY,9638,True,10,
16232,TPRPHPYASP,9638,True,10,
16233,KSPRNYFGWT,9638,True,10,
16234,FHPSGVRAEI,9638,True,10,
16235,YWPRELYGIH,9638,True,10,
16236,VEPRQVRTQS,9638,True,10,
16237,YNPRSWVGNY,9638,True,10,
16238,VTPRAQWGIY,9638,True,10,
16239,YLVGWMWAKA,9638,True,10,
16240,EYPRSVRTEH,9638,True,10,
16241,SLPRSWIGIT,9638,True,10,
16242,HVPRGQYALG,9638,True,10,
16243,YPVRGVTASG,9638,True,10,
16244,QVLWGVTGPQ,9638,True,10,
16245,VTPIPMWGTV,9638,True,10,
16246,YFPRAFQGSF,9638,True,10,
16247,WARVYRFVPK,9638,True,10,
16248,ANPRSWLSWM,9638,True,10,
16249,PNCAIQETAH,9638,True,10,
16250,VGRYPRMVIT,9638,True,10,
16251,FRPRGWTSAY,9638,True,10,
16252,IMPKGVMVPT,9638,True,10,
16253,QAPRSHITGH,9638,True,10,
16254,QGPLPSTVQA,9638,True,10,
16255,IAPRPVKASI,9638,True,10,
16256,GTPFAFIDKH,9638,True,10,
16257,TQPKWMIGAW,9638,True,10,
16258,VPVYGLYAPF,9638,True,10,
16259,VALYGMVSHG,9638,True,10,
16260,WQPRGNAPIQ,9638,True,10,
16261,YSPRGQAVAT,9638,True,10,
16262,DHFRALTSWG,9638,True,10,
16263,SYPRGLADGQ,9638,True,10,
16264,WHPNYLWVRA,9638,True,10,
16265,TWPRGWHGIR,9638,True,10,
16266,NFPRQVTGIG,9638,True,10,
16267,FAPRSWAGRW,9638,True,10,
16268,VHPISLVDMW,9638,True,10,
16269,WFPKGMGVQG,9638,True,10,
16270,IMPRSHLGWL,9638,True,10,
16271,FWVRGMYSTF,9638,True,10,
16272,SMVRGVRGWA,9638,True,10,
16273,TVIKGVTASG,9638,True,10,
16274,HDPRGQVTHI,9638,True,10,
16275,RNPRFILGMK,9638,True,10,
16276,YSPRPVHAKQ,9638,True,10,
16277,EPRGRRALGP,9638,True,10,
16278,STVRGMFSEH,9638,True,10,
16279,YMPFGFYSPK,9638,True,10,
16280,LTPKGLATHY,9638,True,10,
16281,VNPKGVKGTY,9638,True,10,
16282,IWPRQWTGHW,9638,True,10,
16283,SGPRSWTATA,9638,True,10,
16284,RYPRAFIGWA,9638,True,10,
16285,QVPRAWASLF,9638,True,10,
16286,SNPIHMHGAW,9638,True,10,
16287,FTPRGNWAIH,9638,True,10,
16288,VQPRGWSTMA,9638,True,10,
16289,WVPKNGWAIF,9638,True,10,
16290,HWPAGVASVS,9638,True,10,
16291,SQPRNVTVKL,9638,True,10,
16292,QRVRGVTASG,9638,True,10,known_sequence
16293,RQPRGVKTIY,9638,True,10,
16294,SMVRGVYSTG,9638,True,10,
16295,TWALGITAGW,9638,True,10,
16296,DWVRGIKSHF,9638,True,10,
16297,EAPRGVQSAR,9638,True,10,
16298,GAPRSWQTAS,9638,True,10,
16299,KIPRPVAGHQ,9638,True,10,
16300,VDPSGWTASG,9638,True,10,
16301,RWYWPFMGWV,9638,True,10,
16302,SQPIHMYGHF,9638,True,10,
16303,YWPRFLTSPA,9638,True,10,
16304,TMPRGFYGLQ,9638,True,10,
16305,YMPAGFMYSV,9638,True,10,
16306,SWPVGMYSGL,9638,True,10,
16307,PCWFGIVSAL,9638,True,10,
16308,VLGRALIGRY,9638,True,10,
16309,QTVRGVHVMG,9638,True,10,
16310,WVPRGVGMTI,9638,True,10,
16311,ELYRGLHGNR,9638,True,10,
16312,IHPRSWFANL,9638,True,10,
16313,YHPVHMIGTW,9638,True,10,
16314,CVPKNQGTIH,9638,True,10,
16315,IDPKGMYGWG,9638,True,10,
16316,RVPVYLTASG,9638,True,10,
16317,AEPLHYWSVL,9638,True,10,
16318,HNVRGMIGHG,9638,True,10,
16319,EGPRSWRGIR,9638,True,10,
16320,AVTYALQGTF,9638,True,10,
16321,TVPVASTVWS,9638,True,10,
16322,VVPRAVTGAL,9638,True,10,
16323,VDPRGVKGHS,9638,True,10,
16324,LTPRGNVDTK,9638,True,10,
16325,CYPRAFTASG,9638,True,10,
16326,RCPVGMHSEW,9638,True,10,
16327,QFPRGVTNSA,9638,True,10,
16328,VNPRGNFDWS,9638,True,10,
16329,PLGYRSHDAF,9638,True,10,
16330,AHPRSWTGHI,9638,True,10,
16331,SVPVQVIAHK,9638,True,10,
16332,NTVRGLYGPV,9638,True,10,
16333,AYIYRGHQTQ,9638,True,10,
16334,DYPRGLGVIT,9638,True,10,
16335,QYPRAFVGEG,9638,True,10,
16336,HQPRGQVKGF,9638,True,10,
16337,KWVRAVTASG,9638,True,10,
16338,DIPRPVMAPV,9638,True,10,
16339,ESPSGWTASG,9638,True,10,
16340,HTVRGLTASG,9638,True,10,
16341,LAYVGMPQPV,9638,True,10,
16342,SNPVGMTGTS,9638,True,10,
16343,SWPRTMVGVW,9638,True,10,
16344,MWPRGQTSEG,9638,True,10,
16345,PHLGWYWGNY,9638,True,10,
16346,FRPRGQYTIG,9638,True,10,
16347,SPVKGMYANQ,9638,True,10,
16348,YTPRSDQGNV,9638,True,10,
16349,TRVRHLSGVG,9638,True,10,
16350,WVPRAVSGIV,9638,True,10,
16351,VMPRYWTGKV,9638,True,10,
16352,PHVRGIHSNT,9638,True,10,
16353,VWPRWLSTMQ,9638,True,10,
16354,FPPRNSTRMS,9638,True,10,
16355,QKPASWTGHF,9638,True,10,
16356,LQPLGQTSHY,9638,True,10,
16357,YTPRGNGYGI,9638,True,10,
16358,TRARWMYATG,9638,True,10,
16359,KFWRAFSGRQ,9638,True,10,
16360,LSVSAFRAGY,9638,True,10,
16361,HMPRGVTSEY,9638,True,10,
16362,RQPRNVMSGW,9638,True,10,
16363,PTPRGNRDTA,9638,True,10,
16364,EWPKGMRNWA,9638,True,10,
16365,LPRQARGPDP,9638,True,10,
16366,LWPRWLTASG,9638,True,10,
16367,VQPRSWTGVT,9638,True,10,
16368,AWPRSWKVIG,9638,True,10,
16369,WNPRGQLASL,9638,True,10,
16370,MWPRGQDSAF,9638,True,10,
16371,QPVRGVRGWI,9638,True,10,
16372,FDPKGMWSAV,9638,True,10,
16373,KNPSAYTSQR,9638,True,10,
16374,MYPRAFSGKL,9638,True,10,
16375,GSPRGFTASG,9638,True,10,
16376,VWPRGQLAPA,9638,True,10,
16377,VMPRQVLSMW,9638,True,10,
16378,FMPFGMKSMF,9638,True,10,
16379,RQHRALTGKT,9638,True,10,
16380,VNPSGVTASG,9638,True,10,
16381,SNPRGQIGFV,9638,True,10,
16382,YSPRGYWAGL,9638,True,10,
16383,HPPRMLFGVG,9638,True,10,
16384,DPDMWPVSQA,9638,True,10,
16385,WQPRGSTASG,9638,True,10,
16386,HNVRGVTASG,9638,True,10,
16387,LTPRYWASIY,9638,True,10,
16388,VKVKGMYGMI,9638,True,10,
16389,ITPRNKYGLS,9638,True,10,
16390,EHIRSLTASG,9638,True,10,
16391,CLPLGIHDWS,9638,True,10,
16392,QPLGWSMGHF,9638,True,10,
16393,RVPRNVRAGV,9638,True,10,
16394,VFPRVLFDGY,9638,True,10,
16395,KSPVPWTASG,9638,True,10,
16396,YTPRAFKSPA,9638,True,10,
16397,STPRQLYVPQ,9638,True,10,
16398,FWIWGLRAWY,9638,True,10,
16399,VTIRMLSGNS,9638,True,10,
16400,HWRPGRHAPV,4353,True,10,
16401,RPVFGLTGSV,4353,True,10,
16402,CSPRMLVGPY,4353,True,10,
16403,YGPVHMWTGS,4353,True,10,
16404,AIPFAFTGIA,4353,True,10,
16405,PQIYGMWSAI,4353,True,10,
16406,FPRPRRPGRE,4353,True,10,
16407,SDVRFLRDLI,4353,True,10,
16408,TVPRQVLSAY,4353,True,10,
16409,KAPLGQSTPW,4353,True,10,
16410,PCPTGMYNHV,4353,True,10,
16411,DAPYFLWGVG,4353,True,10,
16412,EPVYGLWSTQ,4353,True,10,
16413,SPVAGVYGNG,4353,True,10,
16414,IVPAPVSGPQ,4353,True,10,
16415,GSVRGVRSGI,4353,True,10,
16416,PWPSELYGGH,4353,True,10,
16417,VRPRPFWSEH,4353,True,10,
16418,RVPVPMHGPA,4353,True,10,
16419,LIPSPAWGPI,4353,True,10,
16420,TWPRELYSIA,4353,True,10,
16421,VPPHQFHGRV,4353,True,10,
16422,FAPAPWVGEV,4353,True,10,
16423,LMVRQLWGPW,4353,True,10,
16424,SVRPIRGVPR,4353,True,10,
16425,PTPWAQYAPT,4353,True,10,
16426,WAPVSFYGWV,4353,True,10,
16427,GWPVSMRTAS,4353,True,10,
16428,RHPSHFIGRF,4353,True,10,
16429,WIPFAFAGVH,4353,True,10,
16430,LAPKWMTNHG,4353,True,10,
16431,DSPRPYLPIL,4353,True,10,
16432,PARAWRWALE,4353,True,10,
16433,TGPLAVTASG,4353,True,10,
16434,PIPRPVLGVH,4353,True,10,
16435,FSPLVYQGEH,4353,True,10,
16436,LCPKGVSVHQ,4353,True,10,
16437,HGPRSWTASG,4353,True,10,
16438,PRPFPNALAV,4353,True,10,
16439,RIPASFHNVR,4353,True,10,
16440,HAPLNFHWGF,4353,True,10,
16441,CWPAGVFTAS,4353,True,10,
16442,YSPVSMRGHG,4353,True,10,
16443,MNRGKRPEPQ,4353,True,10,
16444,PIVAWMTSEY,4353,True,10,
16445,SQPIFMWGPR,4353,True,10,
16446,IYVFGLWGVF,4353,True,10,
16447,YGPAPQMSPK,4353,True,10,
16448,RVPVFLFGMF,4353,True,10,
16449,DPPKLYLGQH,4353,True,10,
16450,FDRVARFVGA,4353,True,10,
16451,GAPRSHRAIF,4353,True,10,
16452,FHVRGVHAPY,4353,True,10,
16453,SAPSAFIGHA,4353,True,10,
16454,QVPRSVLGFA,4353,True,10,
16455,GMPRGSWTAS,4353,True,10,
16456,PNPIPIWSPV,4353,True,10,
16457,VPPLVFWGKG,4353,True,10,
16458,MFVWGVYNMS,4353,True,10,
16459,PMPRAYFGNW,4353,True,10,
16460,TAPSWIMRWY,4353,True,10,
16461,PAPRSMVTPQ,4353,True,10,
16462,SMPRKFIGPI,4353,True,10,
16463,YFPRAFRDIF,4353,True,10,
16464,PGPSPFWAWI,4353,True,10,
16465,PKRVTRPEYP,4353,True,10,
16466,NFPYFLRSQI,4353,True,10,
16467,KMPRAVSGPR,4353,True,10,
16468,PWPRELSGPS,4353,True,10,
16469,SPPLNYWGVS,4353,True,10,
16470,GMPRGVSTAS,4353,True,10,
16471,SLPRVITASG,4353,True,10,
16472,RVPVGMAYPL,4353,True,10,
16473,ISPASVHGQG,4353,True,10,
16474,WSPLGFYDAG,4353,True,10,
16475,QYPVGFRAQY,4353,True,10,
16476,TLPIPVSAGH,4353,True,10,
16477,FDAFGLWSPA,4353,True,10,
16478,GTPRSWITAS,4353,True,10,
16479,LPRQRRPTFH,4353,True,10,
16480,HYPWSWINQF,4353,True,10,
16481,QIPAWFHGNW,4353,True,10,
16482,GKPFCMYDQH,4353,True,10,
16483,FPPSAFMAPI,4353,True,10,
16484,WTPLGQIGFI,4353,True,10,
16485,SPVYGLYSEW,4353,True,10,
16486,RTLRQILGET,4353,True,10,
16487,WIVMGMYGLW,4353,True,10,
16488,WTPRGYSVNL,4353,True,10,
16489,DGVFGLWGMH,4353,True,10,
16490,PTPLGQINVS,4353,True,10,
16491,QEPRNVRGKQ,4353,True,10,
16492,SMPRTLWGNF,4353,True,10,
16493,SAPSGWIDPS,4353,True,10,
16494,FPPRPFWAIG,4353,True,10,
16495,SVPSAIWDHA,4353,True,10,
16496,QHVFGIFSVL,4353,True,10,
16497,TWPAGVYTNW,4353,True,10,
16498,FPPLNFHGAH,4353,True,10,
16499,GHARQLYSGW,4353,True,10,
16500,NSPVAFTSGW,4353,True,10,
16501,QSARQLWNQF,4353,True,10,
16502,FLPRTFWGHA,4353,True,10,
16503,WFPWSWRASG,4353,True,10,
16504,SCPHGMFTEF,4353,True,10,
16505,GQPRSWRTAS,4353,True,10,known_sequence
16506,FWPYGMFYWA,4353,True,10,
16507,NPVLAFWAFG,4353,True,10,
16508,IAPATVWGRS,4353,True,10,
16509,MWPSEMYGWS,4353,True,10,
16510,MPAQMLFSQL,4353,True,10,
16511,VDPFGFFAMG,4353,True,10,
16512,YAPVAFWGPV,4353,True,10,
16513,GVPFMILGPY,4353,True,10,
16514,SRPRTFVGWS,4353,True,10,
16515,SHPRSYIGEA,4353,True,10,
16516,GFPVPMWGPG,4353,True,10,
16517,QNPVAYTGER,4353,True,10,
16518,VTPVELHGPS,4353,True,10,
16519,DAPYFMRGVR,4353,True,10,
16520,TCPSAWFSPI,4353,True,10,
16521,YAPSGWTASG,4353,True,10,
16522,IPRPVRLMEP,4353,True,10,
16523,HGPSPFWGEQ,4353,True,10,
16524,NVPSTLYAHS,4353,True,10,
16525,PPPLGYFSVR,4353,True,10,
16526,RGPSHYIGSF,4353,True,10,
16527,DYPYGFVNEQ,4353,True,10,
16528,PSPVPFWAEH,4353,True,10,
16529,SVPSTLYGKW,4353,True,10,
16530,GFPLGNVSIG,4353,True,10,
16531,NAPSTLWGEH,4353,True,10,
16532,AQPVAFWGWG,4353,True,10,
16533,FAPSGWTGSV,4353,True,10,
16534,SRPVYYTASG,4353,True,10,
16535,KSPVFYWAGI,4353,True,10,
16536,YPAEPLWGVS,4353,True,10,
16537,PNPSPFLGPY,4353,True,10,
16538,SVPVPRSASQ,4353,True,10,
16539,FAPSSWFANA,4353,True,10,
16540,PLPRTLMGTF,4353,True,10,
16541,ITPLQVRGRG,4353,True,10,
16542,QYPYSWVGST,4353,True,10,
16543,AYPKGVSAHG,4353,True,10,
16544,GRAVSMRGIF,4353,True,10,
16545,FVPSWLMGRS,4353,True,10,
16546,PKPRSWFSGA,4353,True,10,
16547,WKPFPWTASG,4353,True,10,
16548,IWPRQVRAWY,4353,True,10,
16549,YMPRSYHGAQ,4353,True,10,
16550,RVPVPMWGHG,4353,True,10,
16551,CIVLGIFSHG,4353,True,10,
16552,TWPRELRGTI,4353,True,10,
16553,CPVLGIYSEF,4353,True,10,
16554,FVPSAVSGHV,4353,True,10,
16555,PARPFRPAFP,4353,True,10,
16556,QSPVHMLNTR,4353,True,10,
16557,WVAFHIYDTY,4353,True,10,
16558,PKPRSWMALG,4353,True,10,
16559,AWPVPMAGSG,4353,True,10,
16560,GSPRSWQGSV,4353,True,10,
16561,RDPSGVYGPL,4353,True,10,
16562,FMPRGVQAVI,4353,True,10,
16563,MGPWGQFSQF,4353,True,10,
16564,ITVRWYASPW,4353,True,10,
16565,VHWASMFGNH,4353,True,10,
16566,DRPFPFSAWR,4353,True,10,
16567,WTPRQYRGPG,4353,True,10,
16568,HAPWGQDSLG,4353,True,10,
16569,YEPYGMYNMR,4353,True,10,
16570,KAPVAFYGIV,4353,True,10,
16571,FTPRGNFNGH,4353,True,10,
16572,PQESVYTPVF,4353,True,10,
16573,VGPAFLQDRV,4353,True,10,
16574,NPPRPYWGQI,4353,True,10,
16575,AWPLGNIDLA,4353,True,10,
16576,KDVRGVYSHA,4353,True,10,
16577,TVPRAWYDFI,4353,True,10,
16578,STPINWYGLA,4353,True,10,
16579,SQPVYMANHG,4353,True,10,
16580,DAPLGIFVAK,4353,True,10,
16581,QAREARDPDA,4353,True,10,
16582,FCARGMTASG,4353,True,10,
16583,ITWRGMANSG,4353,True,10,
16584,YSPLMWKSLT,4353,True,10,
16585,WGMSYLWGPR,4353,True,10,
16586,RTPASIHGQV,4353,True,10,
16587,RSPVPYAGAT,4353,True,10,
16588,SWGRYLASPQ,4353,True,10,
16589,MVPSGVKGVA,4353,True,10,
16590,SDVLPWTASG,4353,True,10,
16591,TIVRGVYSMA,4353,True,10,
16592,RTPLGNFYGH,4353,True,10,
16593,RLPVPVRGSY,4353,True,10,
16594,HPRALRGLPK,4353,True,10,
16595,DPPFQLSAQL,4353,True,10,
16596,TVPYHVASAI,4353,True,10,
16597,CGPRGSIGMQ,4353,True,10,
16598,LPAHQLVGPY,4353,True,10,
16599,TGPSWLYTVA,4353,True,10,
16600,SVPYPWLVPG,4353,True,10,
16601,FAPVSFYGPG,4353,True,10,
16602,TDVFWMYGNW,4353,True,10,
16603,PVPFTLSGPW,4353,True,10,
16604,TPPSGVYSEF,4353,True,10,
16605,HRPAQMKGEY,4353,True,10,
16606,SPPLGQGTPS,4353,True,10,
16607,YSPLSWKALA,4353,True,10,
16608,CQPFPFVDGI,4353,True,10,
16609,CTPKGMHVQH,4353,True,10,
16610,IWPAYWTASG,4353,True,10,
16611,RAPLPVYGIL,4353,True,10,
16612,IQPRSYQGNF,4353,True,10,
16613,LPYASNTASG,4353,True,10,
16614,WAPRGVLSPT,4353,True,10,
16615,RKPAPWIGPW,4353,True,10,
16616,RAPLASIGMA,4353,True,10,
16617,HQPRGNAGNG,4353,True,10,
16618,TDPYGMFDNT,4353,True,10,
16619,GPVESLYTRG,4353,True,10,
16620,VEPVSWYARA,4353,True,10,
16621,PSRFPQFKQV,4353,True,10,
16622,PIKRIYWVQP,4353,True,10,
16623,TVPRAWQSAV,4353,True,10,
16624,PTVFGIFSEG,4353,True,10,
16625,GFPRPVMANG,4353,True,10,
16626,DEPRAYTGNK,4353,True,10,
16627,RDVLGLYAKY,4353,True,10,
16628,GFSRPFMGKL,4353,True,10,
16629,GYPYPWFDMG,4353,True,10,
16630,PAPGAFVGPF,4353,True,10,
16631,TIPFASVDVL,4353,True,10,
16632,HFVRGVYSTG,4353,True,10,
16633,SARPTRPVLD,4353,True,10,
16634,VYPRSWRGQI,4353,True,10,
16635,RYPRFIYGRI,4353,True,10,
16636,GPPHPFLAIH,4353,True,10,
16637,THPVELHGSH,4353,True,10,
16638,SWVRGMTGIG,4353,True,10,
16639,TLPRVLYDWS,4353,True,10,
16640,VMPRGVHGQG,4353,True,10,
16641,CWPVSMYTIA,4353,True,10,
16642,GLPADVKGPR,4353,True,10,
16643,THPVSWFTLT,4353,True,10,
16644,HTGYPLFAPW,4353,True,10,
16645,VAPASVWMLV,4353,True,10,
16646,PLVFDFANPW,4353,True,10,
16647,GKPRGNFYKT,4353,True,10,
16648,SVPKGVYAGR,4353,True,10,
16649,SGPLGYTVTA,4353,True,10,known_sequence
16650,TVPRAWSGPV,4353,True,10,
16651,MHPLGQLSHL,4353,True,10,
16652,GTPRSYINRG,4353,True,10,
16653,VSPAYLIGEG,4353,True,10,
16654,AYPRPFSANT,4353,True,10,
16655,CEPFGFSGSR,4353,True,10,
16656,MVPFGFFSNS,4353,True,10,
16657,TDPARFAGPS,4353,True,10,
16658,LQPRGVTASG,4353,True,10,
16659,FWPSVTSPHL,4353,True,10,
16660,PAPAPVWYGL,4353,True,10,
16661,SAPVAFAQSH,4353,True,10,
16662,TAPKWMRNHY,4353,True,10,
16663,GNPSAVKTVT,4353,True,10,
16664,YPPKGVRYWV,4353,True,10,
16665,VDPLGQISHI,4353,True,10,
16666,HIVFWAKGWS,4353,True,10,
16667,RPPRSWRGHF,4353,True,10,
16668,KMAVAFTASG,4353,True,10,
16669,SPVYGLRGIP,4353,True,10,
16670,GWPREQVTAS,4353,True,10,
16671,DSPRPFTGKG,4353,True,10,
16672,RDVYGMTASG,4353,True,10,
16673,YGPVAGSQEL,4353,True,10,
16674,PSPRLYQGTY,4353,True,10,
16675,FWPVAFLGFA,4353,True,10,
16676,PIPFFMRGHI,4353,True,10,
16677,DHPRFLVGSI,4353,True,10,
16678,WFPRSYKGEH,4353,True,10,
16679,SNPRPFLAQG,4353,True,10,
16680,GQPRSYIDTG,4353,True,10,
16681,KSPVNYIGAF,4353,True,10,
16682,AVPRAWVGQG,4353,True,10,
16683,AVPRPWRGEY,4353,True,10,
16684,FYPSGMWNPL,4353,True,10,
16685,YPPSGWYGHT,4353,True,10,
16686,FKPLPWQGPL,4353,True,10,
16687,QYPVAFIGQH,4353,True,10,
16688,IVPRAVSDST,4353,True,10,
16689,QPPRVLFGAV,4353,True,10,
16690,VEPRAYTGAF,4353,True,10,
16691,WNPASWRGWG,4353,True,10,
16692,NDPFYMRGPR,4353,True,10,
16693,TQHIALYGPL,4353,True,10,
16694,YMPSGFYDLG,4353,True,10,
16695,RFRPGRQAEP,4353,True,10,
16696,DTPFPVPALF,4353,True,10,
16697,MCPRTLSGQH,4353,True,10,
16698,WEPSGMTASG,4353,True,10,
16699,NVPRPVSDGV,4353,True,10,
16700,PEPRSWRGAQ,4353,True,10,
16701,TPPVELSGEI,4353,True,10,
16702,ERPGWLVGPH,4353,True,10,
16703,GIPAPVWTAS,4353,True,10,
16704,PTPLGQISWV,4353,True,10,
16705,NRPRGQMGQH,4353,True,10,
16706,KYPRGASYWQ,4353,True,10,
16707,EPIYGMRNSW,4353,True,10,
16708,WVPFGMTASG,4353,True,10,
16709,SAPRPYSGNS,4353,True,10,
16710,PSPRQVLGSG,4353,True,10,
16711,RLPVAIHGEG,4353,True,10,
16712,WPYTSEPCLM,4353,True,10,
16713,NWPAGVSTLW,4353,True,10,
16714,YMPRGSFSES,4353,True,10,
16715,VIPSYLWGEV,4353,True,10,
16716,RSPLSYLGTS,4353,True,10,
16717,AWPGWMRGLK,4353,True,10,
16718,RPPKSWLGWH,4353,True,10,
16719,FRPFGNFSML,4353,True,10,
16720,PGPRSTFPWG,4353,True,10,
16721,KQPIPIWAPQ,4353,True,10,
16722,IAVRGVTASG,4353,True,10,
16723,WVPKAVSARG,4353,True,10,
16724,HPAHSLWGQY,4353,True,10,
16725,MHPSRFWQNF,4353,True,10,
16726,HAPLNFVGQH,4353,True,10,
16727,AVPVQLTGAV,4353,True,10,
16728,RCPVGMLAWH,4353,True,10,
16729,CPVGMYHGWK,4353,True,10,
16730,MYVYGIRVEG,4353,True,10,
16731,FNPRPFYSAF,4353,True,10,
16732,GQPRGRSAYP,4353,True,10,
16733,GAPASWTSLA,4353,True,10,
16734,VSISWSWGEG,4353,True,10,
16735,WPLNAFHGKS,4353,True,10,
16736,APASRWPAIG,4353,True,10,
16737,PFCTLHNAYP,4353,True,10,
16738,QPPKVFSGMQ,4353,True,10,
16739,GIPASVMSWG,4353,True,10,
16740,HSPVSMLGPK,4353,True,10,
16741,RLPVAVYGHF,4353,True,10,
16742,GTVRGLHGEQ,4353,True,10,
16743,RAPRSMKGTY,4353,True,10,
16744,GRPSPFMDKL,4353,True,10,
16745,AQPRGVFDSI,4353,True,10,
16746,EQPFGMSNHF,4353,True,10,
16747,AQVMGVYSIL,4353,True,10,
16748,GHPSPFTASG,4353,True,10,known_sequence
16749,MSPRKFRGPL,4353,True,10,
16750,IFPRGVGYQA,4353,True,10,
16751,FGPYGMHNWG,4353,True,10,
16752,NAPYSWRGTH,4353,True,10,
16753,AMPKSHRGVI,4353,True,10,
16754,GSPWAIFGGV,4353,True,10,
16755,GCPLGQLGMQ,4353,True,10,
16756,KCPMGVIDIG,4353,True,10,
16757,MNPRAVFGNT,4353,True,10,
16758,YPRVPQWYHV,4353,True,10,
16759,RHPSAFTGNA,4353,True,10,
16760,LVPKWISNTG,4353,True,10,
16761,ISPATLWSMF,4353,True,10,
16762,IWVYGLYNTH,4353,True,10,
16763,GFPRASYTAS,4353,True,10,
16764,RIPRAVLAPG,4353,True,10,
16765,GYPRAFYGMR,4353,True,10,
16766,SRPRTRSNET,4353,True,10,
16767,PDPHYLYAPK,4353,True,10,
16768,MTPRQYMGPY,4353,True,10,
16769,FPPFHLSAWH,4353,True,10,
16770,TAPVELWGHG,4353,True,10,
16771,SVPSAISVNP,4353,True,10,
16772,AIPVFMYAMH,4353,True,10,
16773,EAPKWMVGQF,4353,True,10,
16774,APPFGFSTPH,4353,True,10,
16775,VAPRPHWGHS,4353,True,10,
16776,SPVFALWAPA,4353,True,10,
16777,EGPQEVRGPW,4353,True,10,
16778,CHPHSFLYAH,4353,True,10,
16779,TSPLPFIGTG,4353,True,10,
16780,GVPGAMHGHG,4353,True,10,
16781,DLPVHMWNML,4353,True,10,
16782,KVPSGVFGPF,4353,True,10,
16783,NTPAQLYGQG,4353,True,10,
16784,PAPASVRGIS,4353,True,10,
16785,WPWQGVLSVL,4353,True,10,
16786,WSPSGFTASG,4353,True,10,
16787,YPSHGLTASG,4353,True,10,
16788,GNPAQVHAPH,4353,True,10,
16789,SIPNAFANPV,4353,True,10,
16790,SHPVSMKGHW,4353,True,10,
16791,GLVFPLWNEI,4353,True,10,
16792,VMPSGFYSWT,4353,True,10,
16793,SAPAHFLGQR,4353,True,10,
16794,DSPLSWRTHF,4353,True,10,
16795,RMPAQVFGTH,4353,True,10,
16796,AVAVPLWGPV,4353,True,10,
16797,GMPFYMRTAS,4353,True,10,
16798,AIPRSQLDPM,4353,True,10,
16799,VQPVFMAGPV,4353,True,10,
16800,QLPINVRDHA,10659,True,10,
16801,AVTMWMKGQW,10659,True,10,
16802,LEPRNVIDAV,10659,True,10,
16803,YTPRSWQDPW,10659,True,10,
16804,AWVRWYTGWS,10659,True,10,
16805,PGRPLRDVLN,10659,True,10,
16806,NQWESIHALA,10659,True,10,
16807,ILPRSYANRI,10659,True,10,
16808,YMVFNIPGER,10659,True,10,
16809,QPKVHRDLYG,10659,True,10,
16810,IVPRNVADNI,10659,True,10,
16811,NVPRGVTASG,10659,True,10,
16812,NVARAIHDPG,10659,True,10,
16813,GKPVFMRGRH,10659,True,10,
16814,TVPYHMKNGI,10659,True,10,
16815,YAPAEVSGTI,10659,True,10,
16816,TVTRAWTASG,10659,True,10,
16817,VGPRVIRDLR,10659,True,10,
16818,GNPRSMRDMR,10659,True,10,
16819,IVNRNLTASG,10659,True,10,
16820,MAPINMHDHR,10659,True,10,
16821,WGPRSYTGSG,10659,True,10,
16822,EAPRSLFAGA,10659,True,10,
16823,FVPRASTSTA,10659,True,10,
16824,FIPRPVTASG,10659,True,10,
16825,SQPIHMRGPQ,10659,True,10,
16826,PLYMYSNVRT,10659,True,10,
16827,GPCGKRVMQD,10659,True,10,
16828,TTPVAMTASG,10659,True,10,
16829,TWPREVLDKR,10659,True,10,
16830,QWETPFKDGS,10659,True,10,
16831,YWGPVTGLFN,10659,True,10,
16832,AIPRPVIDKG,10659,True,10,
16833,DWPAGMKDGH,10659,True,10,
16834,EMPRSYIDSH,10659,True,10,
16835,EFPLNVIDAR,10659,True,10,
16836,DKVRAVYAER,10659,True,10,
16837,MGPRSWTASG,10659,True,10,
16838,TWPREVMDMT,10659,True,10,
16839,TAPKVMVARH,10659,True,10,
16840,GSPRWIMDIS,10659,True,10,
16841,WIPRWITASG,10659,True,10,
16842,RNPVWMRDMS,10659,True,10,
16843,VLPKWIVGTH,10659,True,10,
16844,LGPAPVFSAY,10659,True,10,
16845,NQPRNIVAIA,10659,True,10,
16846,YNRAPRPSLE,10659,True,10,
16847,GTPRSMVQGR,10659,True,10,
16848,TAPVAFKDNV,10659,True,10,
16849,DSTRWLSDMS,10659,True,10,
16850,EMYRSWIGTK,10659,True,10,
16851,NMIWGIRVGV,10659,True,10,
16852,TIPRVLMGTF,10659,True,10,
16853,PLPVPMHNMG,10659,True,10,
16854,TKPRSWQDFR,10659,True,10,
16855,YSPMDMRASL,10659,True,10,
16856,VNVRNVKAMG,10659,True,10,
16857,KLARAIMDGV,10659,True,10,
16858,VIPRVLVDKS,10659,True,10,
16859,NAPRSWNDLK,10659,True,10,
16860,GVPRGVKTAS,10659,True,10,
16861,GFPRYMKANL,10659,True,10,
16862,GTPRSWTASG,10659,True,10,
16863,RTPRGQVDTA,10659,True,10,
16864,EARVPRDYPI,10659,True,10,
16865,SYPRAFYGRK,10659,True,10,
16866,VQPRVITASG,10659,True,10,
16867,GIPRPVATAS,10659,True,10,
16868,NWPRWLSDGS,10659,True,10,
16869,SDPYGMKDGY,10659,True,10,
16870,RVPRAVLDGW,10659,True,10,
16871,YWPAGVSTAQ,10659,True,10,
16872,TAVRSVTGIG,10659,True,10,
16873,QGRMLPTVAT,10659,True,10,
16874,IGPQWIHDGW,10659,True,10,
16875,ITPRYWFDPY,10659,True,10,
16876,LGRPTRHRVM,10659,True,10,
16877,PAWSWIRDQY,10659,True,10,
16878,PWHYISYAVC,10659,True,10,
16879,LIPRPVMAQK,10659,True,10,
16880,YVPRAVIDHA,10659,True,10,
16881,RHEPAFDAQT,10659,True,10,
16882,LMWRAMSGWS,10659,True,10,
16883,KTPVWMIDNQ,10659,True,10,
16884,PHLSWVQHIY,10659,True,10,
16885,LQPRNVAYEV,10659,True,10,
16886,NGPVWMRDPA,10659,True,10,
16887,NVPRPVTASG,10659,True,10,
16888,NSPSGMTASG,10659,True,10,
16889,PNPEWMIGPA,10659,True,10,
16890,TDPLSQISGI,10659,True,10,
16891,WSPVWMLDKS,10659,True,10,
16892,WGPRSMRGKI,10659,True,10,
16893,QVPRAWVTNA,10659,True,10,
16894,TFPRNYLDNV,10659,True,10,
16895,VTPRYWIDIW,10659,True,10,
16896,YPPAFMHDVG,10659,True,10,
16897,AFPRAFKAIA,10659,True,10,
16898,VPWLNMADNG,10659,True,10,
16899,KEPRNVTGRT,10659,True,10,
16900,GFPRPVMSPI,10659,True,10,
16901,MTPRQVISAQ,10659,True,10,
16902,VRPRSLTDVK,10659,True,10,
16903,NIPRPVMYNW,10659,True,10,
16904,WLEKPYDMRP,10659,True,10,
16905,THVRSIFDPG,10659,True,10,
16906,NTPRSLIDPQ,10659,True,10,
16907,LMPAGVWDHT,10659,True,10,
16908,RIPRWIKDPI,10659,True,10,
16909,TVPRAYKGHI,10659,True,10,
16910,TLPRPVMDGL,10659,True,10,
16911,SIPNAFQTMA,10659,True,10,
16912,MGYMRMTGAT,10659,True,10,
16913,TRPVWMIDWI,10659,True,10,
16914,NMPRNIRGHK,10659,True,10,
16915,GMPRVISAPW,10659,True,10,
16916,RPVNWMSGTG,10659,True,10,
16917,SVPRNVSVIG,10659,True,10,
16918,GWARAMAGIH,10659,True,10,
16919,VRARYLISGH,10659,True,10,
16920,RKPVAYIGIA,10659,True,10,
16921,PVPRAVLDLG,10659,True,10,
16922,IVPKNVKDRF,10659,True,10,
16923,TAVWSVRDGS,10659,True,10,
16924,KYPMNVYTHV,10659,True,10,
16925,YAPGSMYDNS,10659,True,10,
16926,EPVWGITASG,10659,True,10,
16927,VKPSGVLDYQ,10659,True,10,
16928,VNPLPQDLIV,10659,True,10,
16929,NGPSWLSTGY,10659,True,10,
16930,YSPRWLISGR,10659,True,10,
16931,ALPDFMVDKS,10659,True,10,
16932,GMVRAVMAQI,10659,True,10,
16933,KGPRGVADTL,10659,True,10,
16934,MVPRYWRDAG,10659,True,10,
16935,MGPRGVTAPY,10659,True,10,
16936,LVGRALMDPV,10659,True,10,
16937,TMPRPVTASG,10659,True,10,
16938,GMPKFMRTAS,10659,True,10,
16939,RWVRYMIDIR,10659,True,10,
16940,MYSRAYMQPG,10659,True,10,
16941,PLPVNYHDNT,10659,True,10,
16942,VQPRSMVDNI,10659,True,10,
16943,MTPRSYTASG,10659,True,10,
16944,LQRKRRQIET,10659,True,10,
16945,MVPRGVAGTK,10659,True,10,
16946,LDPRGQTDQI,10659,True,10,
16947,WVPVHMADPG,10659,True,10,
16948,WYPRGVTVPI,10659,True,10,
16949,ALPVHYTDRG,10659,True,10,
16950,FPPKGVTDTG,10659,True,10,
16951,GNPRSVADTQ,10659,True,10,
16952,TWPSWIFDWK,10659,True,10,
16953,VAPRYWRDTA,10659,True,10,
16954,NSPVWMQGEG,10659,True,10,
16955,VEPRNVLDSV,10659,True,10,
16956,STVKWMTGGG,10659,True,10,
16957,KRVRAVYDPS,10659,True,10,
16958,GRPRSVYTAS,10659,True,10,
16959,MTPRQVTASG,10659,True,10,
16960,LRPRAVIDPA,10659,True,10,
16961,NMPRWISTAS,10659,True,10,
16962,TIPRSVLDMG,10659,True,10,
16963,TMVRGVTGTG,10659,True,10,
16964,GSVRAIRGEG,10659,True,10,
16965,TKPRWLVARV,10659,True,10,
16966,NTPVWMTGMK,10659,True,10,
16967,NTPGWMKGIV,10659,True,10,
16968,NTGIYPKQEA,10659,True,10,
16969,TMPRAVSDNG,10659,True,10,
16970,FMPRNVTASG,10659,True,10,
16971,INPAGMSNWG,10659,True,10,
16972,LGPQPWYTPS,10659,True,10,
16973,DNIYRGMALT,10659,True,10,
16974,KQPVHMADVG,10659,True,10,
16975,SQPRDVTASG,10659,True,10,
16976,VTPRSWTASG,10659,True,10,
16977,LAPLNSTASG,10659,True,10,
16978,NPLVGITASG,10659,True,10,
16979,QPAQAVADRG,10659,True,10,
16980,DVPRAVTDIV,10659,True,10,
16981,GQPVPMLGAR,10659,True,10,
16982,TLIRYMLDKA,10659,True,10,
16983,GAPRYMHDAR,10659,True,10,
16984,WKVKGMYSMG,10659,True,10,
16985,ASPVWYTDEA,10659,True,10,
16986,MGPVFMTASG,10659,True,10,
16987,MAVRAVLDHK,10659,True,10,
16988,TKPRPVISAV,10659,True,10,
16989,NMGRAGMLTA,10659,True,10,
16990,KQPRNVMDAT,10659,True,10,
16991,VAPRYWQDAF,10659,True,10,
16992,DGPRAVGTAS,10659,True,10,
16993,VTPVWMIDPF,10659,True,10,
16994,PNPRSWSVIQ,10659,True,10,
16995,WIPAWMRDIR,10659,True,10,
16996,WNPRGVGDGI,10659,True,10,
16997,RLPVHMTASG,10659,True,10,
16998,WKPVYMRTSW,10659,True,10,
16999,LNPRPVMDEI,10659,True,10,
17000,MRPVNMQDQI,10659,True,10,
17001,NPVFSMANIS,10659,True,10,
17002,QDPRSLRDIG,10659,True,10,
17003,MAPRYMSNPH,10659,True,10,
17004,VTPRSWSDWG,10659,True,10,
17005,GHPRSVHTAS,10659,True,10,
17006,SMVRAVSDGW,10659,True,10,
17007,TRPTNVMDEV,10659,True,10,
17008,DVPVWMIDPI,10659,True,10,
17009,MNPRGVSTAG,10659,True,10,
17010,VKPVWMIDPS,10659,True,10,
17011,QAWRAMLGIF,10659,True,10,
17012,MSPRWLYDHF,10659,True,10,
17013,LMGRAMSNMT,10659,True,10,
17014,GTPRSGAVTV,10659,True,10,
17015,GYPRDSRGHF,10659,True,10,
17016,AGPAWLFSEL,10659,True,10,
17017,QSPRMIQAQF,10659,True,10,
17018,LGPSHYTDHA,10659,True,10,
17019,AVTVALYANQ,10659,True,10,
17020,ENVRAVMSGW,10659,True,10,
17021,KVPRGAPLHF,10659,True,10,
17022,SMPRATMSLI,10659,True,10,
17023,KNYRSMWDLF,10659,True,10,
17024,TVPRAVIDNV,10659,True,10,
17025,KRPRSRDVLI,10659,True,10,
17026,TNPSWIMGPV,10659,True,10,
17027,NKPRNVKDST,10659,True,10,
17028,GVPRGVTASG,10659,True,10,
17029,EVAVAITASG,10659,True,10,
17030,VRPRPVTDTG,10659,True,10,
17031,TAPKWMAGEG,10659,True,10,
17032,RQPRNVGDQY,10659,True,10,
17033,ARPRPVKSGY,10659,True,10,
17034,HVPRNYHDNH,10659,True,10,
17035,HVPRYMSDSV,10659,True,10,
17036,VNPVGMFTSG,10659,True,10,
17037,MQPRAVMDSK,10659,True,10,
17038,KMPRNVSDSK,10659,True,10,
17039,NWPRSWVGRT,10659,True,10,
17040,NKPAWLKDVK,10659,True,10,
17041,LIPRPVMDGI,10659,True,10,
17042,NPAYAMTASG,10659,True,10,
17043,LMVLGITASG,10659,True,10,
17044,ILPRAVTGTA,10659,True,10,
17045,YAPVWMWGPI,10659,True,10,
17046,QMPRYMHAIS,10659,True,10,
17047,ERTMALRDG,10659,True,9,length
17048,LYPRAIGVGI,10659,True,10,
17049,SKPRDYIAGH,10659,True,10,
17050,DVPRGVKDVG,10659,True,10,
17051,MIKFMQPLME,10659,True,10,
17052,QLPAGVADGK,10659,True,10,
17053,FSNRAMYSGF,10659,True,10,
17054,WGPRFITSNV,10659,True,10,
17055,WMPKGVYTVG,10659,True,10,
17056,DPVLWMQGSG,10659,True,10,
17057,MLVKWMSDRW,10659,True,10,
17058,MQPRNVYDGK,10659,True,10,
17059,NQPRGVSDVG,10659,True,10,
17060,IYPRAVRDHA,10659,True,10,
17061,FRPAQILDIG,10659,True,10,
17062,INRIKAHLKF,10659,True,10,
17063,WAPRSYIGNF,10659,True,10,
17064,TVPRAPVDPI,10659,True,10,
17065,TKAVWLVDRL,10659,True,10,
17066,VTWRNLWDIA,10659,True,10,
17067,RVPVPMIDRG,10659,True,10,
17068,TNPVWMRDQG,10659,True,10,
17069,VPPRYMIDMS,10659,True,10,
17070,YSPRAIWDAI,10659,True,10,
17071,GNPIPIKGLG,10659,True,10,
17072,DRPVHMLDPI,10659,True,10,
17073,NTRNLRTYIH,10659,True,10,
17074,GVYRGMRGHA,10659,True,10,
17075,QNPRMIKDRV,10659,True,10,
17076,MVPRGVKDEQ,10659,True,10,
17077,YMPRAVGDPR,10659,True,10,
17078,DIPRFLADIH,10659,True,10,
17079,YAPAHVLDPR,10659,True,10,
17080,GMPRSHQAPL,10659,True,10,
17081,KVPVPMHDPY,10659,True,10,
17082,TNPRSWIANS,10659,True,10,
17083,QYPRGVFTEF,10659,True,10,
17084,TCVRYRSVMI,10659,True,10,
17085,NKPRNITVHA,10659,True,10,
17086,SPVRAVLDIV,10659,True,10,
17087,KYPKWMTDGY,10659,True,10,
17088,NKPASVSDTS,10659,True,10,
17089,PMPRAYGDVI,10659,True,10,
17090,CSPRTIVAKG,10659,True,10,
17091,CMVRAVWDNG,10659,True,10,
17092,IQPRNVYANS,10659,True,10,
17093,EYPRSMTDMK,10659,True,10,
17094,TLARAMSGLI,10659,True,10,
17095,LDPAWMQDSF,10659,True,10,
17096,RGPVWMIDPW,10659,True,10,
17097,LRARWMVGPA,10659,True,10,
17098,VSVRAVRSTH,10659,True,10,
17099,APARWMSGNH,10659,True,10,
17100,VYPRPVIVKQ,10659,True,10,
17101,ARPRSVSAPY,10659,True,10,
17102,TNVRWYTASG,10659,True,10,
17103,LTPRYWMDHG,10659,True,10,
17104,KMWRAFTASG,10659,True,10,
17105,NPPVHMLNGW,10659,True,10,
17106,GSPLGFRDVI,10659,True,10,
17107,VMPRYMYSIG,10659,True,10,
17108,DRPRDVADGI,10659,True,10,
17109,YNWRALTASG,10659,True,10,
17110,SPALDMKGIR,10659,True,10,
17111,QVPVWMVDGH,10659,True,10,
17112,TNPIWIKDIV,10659,True,10,
17113,IQPVWMWDPF,10659,True,10,
17114,SMPRNVTDTS,10659,True,10,
17115,RNPAWMKTGF,10659,True,10,
17116,PYERMYALGR,10659,True,10,
17117,GRPRDVTASG,10659,True,10,
17118,WAPRYMTASG,10659,True,10,
17119,NIPKRMVDKY,10659,True,10,
17120,RMWRGVTNHV,10659,True,10,
17121,QNYRSMTASG,10659,True,10,
17122,FAPVAFIDPR,10659,True,10,
17123,NKPRSYADTA,10659,True,10,
17124,SAPRHVSAQV,10659,True,10,
17125,KGPGFMTASG,10659,True,10,
17126,TKPRSWLDMS,10659,True,10,
17127,NERPATDVKS,10659,True,10,
17128,WLPRAVTDSV,10659,True,10,
17129,TWVRAVMSNG,10659,True,10,
17130,PAPRAVQSPY,10659,True,10,
17131,MNPIHMISGV,10659,True,10,
17132,VGPRSWIDAI,10659,True,10,
17133,VRPRAVGDIG,10659,True,10,
17134,LAWQSLWDGA,10659,True,10,
17135,IPVRAMQSGI,10659,True,10,
17136,YTPRSWLDIA,10659,True,10,
17137,PARPGRSEGT,10659,True,10,
17138,KQPIHFIDIT,10659,True,10,
17139,RYPVPMLDWF,10659,True,10,
17140,NSPLAYADTV,10659,True,10,
17141,AFPLKVMDGQ,10659,True,10,
17142,SYPRWIVGTR,10659,True,10,
17143,FNPIHMSTGG,10659,True,10,
17144,TVPVQMTDRH,10659,True,10,
17145,YMPKWMAGER,10659,True,10,
17146,VPPVPMWDIS,10659,True,10,
17147,YDGYKMVANA,10659,True,10,
17148,VQIESMRTRQ,10659,True,10,
17149,SIPNPFWDGA,10659,True,10,
17150,RNPRPVRAMT,10659,True,10,
17151,YVGRALVAPI,10659,True,10,
17152,TRIAYMRDTV,10659,True,10,
17153,WTPRQVQDGR,10659,True,10,
17154,TDPRWLVDVA,10659,True,10,
17155,VYPRWIADKA,10659,True,10,
17156,PVPVPMWDKG,10659,True,10,
17157,SRPRWLSDHI,10659,True,10,
17158,NVPRAVSDHS,10659,True,10,
17159,GSPRGVTASG,10659,True,10,
17160,TVPRAVSDSY,10659,True,10,
17161,CPPVHMLAPA,10659,True,10,
17162,LPTRWLTASG,10659,True,10,known_sequence
17163,CYPRAIKGPI,10659,True,10,
17164,GTPRFIRTAS,10659,True,10,
17165,TLPKWMVDAS,10659,True,10,
17166,SMKVIPALDV,10659,True,10,
17167,VMPRGVRDTI,10659,True,10,
17168,TIPSWSLDGT,10659,True,10,
17169,GYPRASHATG,10659,True,10,
17170,VMVRAVRDNH,10659,True,10,
17171,INPRPVADGH,10659,True,10,
17172,WRPSWLADKQ,10659,True,10,
17173,YVPRNVMDQF,10659,True,10,
17174,QYARLRNQLY,10659,True,10,
17175,VMPRQVKDVI,10659,True,10,
17176,GAPRSVQDIF,10659,True,10,
17177,RAPVHMWDGV,10659,True,10,
17178,NMVRGVYDMI,10659,True,10,
17179,PQWYGIQSRG,10659,True,10,
17180,MQPRSHRDWI,10659,True,10,
17181,NAPRWLSDVR,10659,True,10,
17182,MLPRWIFDWS,10659,True,10,
17183,DVARNMRGIV,10659,True,10,
17184,TPVGWMRHTR,10659,True,10,
17185,KVPRNVSAGQ,10659,True,10,
17186,GMPRYMIGTF,10659,True,10,
17187,FWPRNVMAPK,10659,True,10,
17188,WAPAYWTDPG,10659,True,10,
17189,TLVRYLVGNG,10659,True,10,
17190,WMPLGMTDGA,10659,True,10,
17191,AQVRYFMGEG,10659,True,10,
17192,FHPAGVAVNV,10659,True,10,
17193,EVGRAMIGRG,10659,True,10,
17194,ITPVWMVGPG,10659,True,10,
17195,WMPRKSYVAF,10659,True,10,
17196,RGPWGIHVPG,10659,True,10,
17197,NLPVWMADER,10659,True,10,
17198,DMPRGVKAQG,10659,True,10,
17199,TLTHSLRDRI,10659,True,10,
17200,PQPRNVMGHS,2141,True,10,
17201,MKPRGMVNIG,2141,True,10,
17202,FGPRPILVEG,2141,True,10,
17203,SQPRGMHNGF,2141,True,10,
17204,WLPRPVMATQ,2141,True,10,
17205,SMPRLYINAQ,2141,True,10,
17206,APPRPLANIV,2141,True,10,
17207,RVPLGQYTPV,2141,True,10,
17208,FNPVAMYNVF,2141,True,10,
17209,KGPRSMKNPK,2141,True,10,
17210,KGPSGMSMSY,2141,True,10,
17211,TVPRAWTASG,2141,True,10,
17212,TSPRSLRNPL,2141,True,10,
17213,WSPRGQIQPI,2141,True,10,
17214,TQPVPMSDGG,2141,True,10,
17215,QVPRAVTASG,2141,True,10,
17216,KMPRSWIGIK,2141,True,10,
17217,RAWRAFRSAF,2141,True,10,
17218,MQPRGLTQTA,2141,True,10,
17219,TMPRSMRNNG,2141,True,10,
17220,LRPRSWANVT,2141,True,10,
17221,MAPRSLMNHY,2141,True,10,
17222,WQVRAVRTIQ,2141,True,10,
17223,RGPRSYRGVW,2141,True,10,
17224,GPSYWLMNWS,2141,True,10,
17225,NYPRAMTNIV,2141,True,10,
17226,GMPRQMVNTR,2141,True,10,
17227,NPPRSMINPV,2141,True,10,
17228,TFPRSMRNLV,2141,True,10,
17229,TQPMWLYNIG,2141,True,10,
17230,IEPRNVLDIG,2141,True,10,
17231,GTPRSLITAS,2141,True,10,
17232,PTPRSNRDIA,2141,True,10,
17233,FQPRNVRTIF,2141,True,10,
17234,NYPRAFTNPY,2141,True,10,
17235,WPWRAMSNGH,2141,True,10,
17236,NIPRAIRNHF,2141,True,10,
17237,VGPRVIRTNG,2141,True,10,
17238,TVPRAWTDIK,2141,True,10,
17239,INPRGQWASG,2141,True,10,
17240,FTPRGNKNIR,2141,True,10,
17241,TMPIPIRGWL,2141,True,10,
17242,MFPRGVLSTV,2141,True,10,
17243,AQPRSWISRT,2141,True,10,
17244,WTPLGQINPF,2141,True,10,
17245,GPVYGMRTAS,2141,True,10,
17246,AVPRAWSNTR,2141,True,10,
17247,FYPRSWRTML,2141,True,10,
17248,PTWRGMFGHK,2141,True,10,
17249,HVPRGVWTAS,2141,True,10,
17250,NTPLGQINTR,2141,True,10,
17251,SVPRGVTQEI,2141,True,10,
17252,PGPRSYIGGF,2141,True,10,
17253,FPRKNRVEPL,2141,True,10,
17254,VAPRPVSVHI,2141,True,10,
17255,TGPRSLYTPQ,2141,True,10,
17256,GRPRQMRTAS,2141,True,10,
17257,AGPRSHMNKG,2141,True,10,
17258,STPRNIMGGA,2141,True,10,
17259,MTPRGQVFLV,2141,True,10,
17260,YVPRAVSGLQ,2141,True,10,
17261,WSPRSLAGMG,2141,True,10,
17262,APVRAMRGWA,2141,True,10,
17263,INPIPLWTAK,2141,True,10,
17264,ERPLGFKGKT,2141,True,10,
17265,WTPRGQINPY,2141,True,10,
17266,FLPRPVMAGS,2141,True,10,
17267,TLPRSWHDGY,2141,True,10,
17268,LVPRQVFNMG,2141,True,10,
17269,EMPRNVLGQI,2141,True,10,
17270,SPPKGMQNTF,2141,True,10,
17271,TGPKGMRMSY,2141,True,10,
17272,PGPVGMWNHS,2141,True,10,
17273,FAPRSLFGML,2141,True,10,
17274,INPMGMRKML,2141,True,10,
17275,LYPRSWSVEQ,2141,True,10,
17276,NGPRAFKNEI,2141,True,10,
17277,GRPRNVSTAS,2141,True,10,
17278,KMPRSWTNRS,2141,True,10,
17279,YIVRALFDKR,2141,True,10,
17280,VGPRAVRNQL,2141,True,10,
17281,SAPIPIWVSF,2141,True,10,
17282,KAPLGVTNKA,2141,True,10,
17283,NLPRPVMLAF,2141,True,10,
17284,RGPVPMSNPL,2141,True,10,
17285,VTPRSWYTMI,2141,True,10,
17286,MVPRAVLDIA,2141,True,10,
17287,HQPRGVTNEF,2141,True,10,
17288,VQPRGSLGSL,2141,True,10,
17289,AQPRSWIGTQ,2141,True,10,
17290,GHPVPMYNHF,2141,True,10,
17291,WSPRPVLGAS,2141,True,10,
17292,KSPAYIRPQV,2141,True,10,
17293,FVPRGVANST,2141,True,10,
17294,SYPRAFIGPL,2141,True,10,
17295,GPVRAMTGQK,2141,True,10,
17296,KRPLGMLNTY,2141,True,10,
17297,AGPRSYIAPV,2141,True,10,
17298,TRPRSMIGTL,2141,True,10,
17299,KVPRAVTNAY,2141,True,10,
17300,TYPRGMLTVQ,2141,True,10,
17301,YHPRGMAQIG,2141,True,10,
17302,SLPRPVYVML,2141,True,10,
17303,TPPLGQRTLF,2141,True,10,
17304,SFPRPISNSH,2141,True,10,
17305,GAPRSWIGNK,2141,True,10,
17306,NTPLGQIYSF,2141,True,10,
17307,GVPRSVKTAS,2141,True,10,
17308,LAPRSWRGMT,2141,True,10,
17309,LTPRQVYNLT,2141,True,10,
17310,IMPRSFRTRI,2141,True,10,
17311,HYPRGLSNAK,2141,True,10,
17312,GMPRSWSTAS,2141,True,10,
17313,SAPRASTNTL,2141,True,10,
17314,SQPRGVFDAL,2141,True,10,
17315,VPLYGMHNIQ,2141,True,10,
17316,ARPRGVFNQL,2141,True,10,
17317,NDPKGMRNTR,2141,True,10,
17318,RVPKGMSNHF,2141,True,10,
17319,GMPRSWLTAS,2141,True,10,
17320,AFPRAFMGTV,2141,True,10,
17321,MNPRSMRNSW,2141,True,10,
17322,NRPKPMSNPY,2141,True,10,
17323,YCPRGMFRNG,2141,True,10,
17324,GFPRAFRATQ,2141,True,10,
17325,GSPLGQRTAS,2141,True,10,
17326,SVPRGVWNEG,2141,True,10,
17327,TMPRSWINPI,2141,True,10,
17328,TQPVPMWDAT,2141,True,10,
17329,GRPRSVHTAS,2141,True,10,
17330,VWPVGMRNIQ,2141,True,10,
17331,PQVRAVRGAV,2141,True,10,
17332,LAPKPMFKPQ,2141,True,10,
17333,TDPRSMYTIH,2141,True,10,
17334,VTPVPMWNWF,2141,True,10,
17335,ATPRSWINSL,2141,True,10,
17336,NAPRSWKTAS,2141,True,10,
17337,TRPRSLANLG,2141,True,10,
17338,VWPRAVINMR,2141,True,10,
17339,MRPRSWASTK,2141,True,10,
17340,CGPRSLRDGL,2141,True,10,
17341,QSPRSMRQMW,2141,True,10,
17342,KIPRGVTNTG,2141,True,10,
17343,RAVRAMWGIV,2141,True,10,
17344,YPPRSWIGPT,2141,True,10,
17345,NSPRAFHVPT,2141,True,10,
17346,GNPRSWITAS,2141,True,10,
17347,VDPYGMLNTG,2141,True,10,
17348,QGPRSWIQGL,2141,True,10,
17349,SRPRPVTAVI,2141,True,10,
17350,MWPVPMWSGF,2141,True,10,
17351,MSPRAYQGQR,2141,True,10,
17352,GTPLGQITAS,2141,True,10,known_sequence
17353,YQPRSFSVNQ,2141,True,10,
17354,QIPRSLRGML,2141,True,10,
17355,FVPRAQIGNM,2141,True,10,
17356,ESPRPLARSK,2141,True,10,
17357,RQPRNVYTSG,2141,True,10,
17358,SFPLGQRTHF,2141,True,10,
17359,SQPIHMISFD,2141,True,10,
17360,HAPRGSTDVG,2141,True,10,
17361,PFPRAFRNRG,2141,True,10,
17362,GTPRSNVKIL,2141,True,10,
17363,RSPRSMINGF,2141,True,10,
17364,WGPVAMWNRI,2141,True,10,
17365,VAPRSMHNPW,2141,True,10,
17366,MQPRAVTNKT,2141,True,10,
17367,ATPRSWQVQS,2141,True,10,
17368,RDPKGTRTML,2141,True,10,
17369,SLPRPVSGQF,2141,True,10,
17370,WHPVGMFSVA,2141,True,10,
17371,TQPRVMRGEM,2141,True,10,
17372,TAPINMRGTA,2141,True,10,
17373,GMPRNVWTAS,2141,True,10,
17374,YAPRSMIASY,2141,True,10,
17375,WTPRSMKNMG,2141,True,10,
17376,RHFGALYGWR,2141,True,10,
17377,VGPRPVITAS,2141,True,10,
17378,SNPVAMRNHW,2141,True,10,
17379,ADPKGMRQTQ,2141,True,10,
17380,YAPRPIMVWL,2141,True,10,
17381,AGPRSWISKR,2141,True,10,
17382,LKPRNVLNRQ,2141,True,10,
17383,VSPRGVTNGA,2141,True,10,
17384,FAPRSMSNWS,2141,True,10,
17385,VKPRGVQGMW,2141,True,10,
17386,RGPVPMWNTR,2141,True,10,
17387,QAPRSWMGVK,2141,True,10,
17388,VQPRAVLQMK,2141,True,10,
17389,WIPRAVMSWT,2141,True,10,
17390,ISPLGIAKLG,2141,True,10,
17391,RKPSGVLVQY,2141,True,10,
17392,WNPRNVLGPH,2141,True,10,
17393,INPLGQINGF,2141,True,10,
17394,VWPRNSMSQT,2141,True,10,
17395,STPIGIYNRG,2141,True,10,
17396,LPPRSMVNGT,2141,True,10,
17397,DAPRGVLNVH,2141,True,10,
17398,TAPKWMGRGK,2141,True,10,
17399,RDPVGMQDMG,2141,True,10,
17400,ASPLGQRDMG,2141,True,10,
17401,TVPKSVRGAL,2141,True,10,
17402,AFPRAVMVNS,2141,True,10,
17403,QDPRSWQGWL,2141,True,10,
17404,TRPLGQRNRG,2141,True,10,
17405,VSPKGMTNTV,2141,True,10,
17406,KRPLGVHNRF,2141,True,10,
17407,MFPRGQVNHG,2141,True,10,
17408,VQPRAVRNIA,2141,True,10,
17409,GEPRSVFTAS,2141,True,10,
17410,KRPLGQRNTG,2141,True,10,
17411,SPPSHWMGEQ,2141,True,10,
17412,PVPRAVTNGV,2141,True,10,
17413,GRPRSMKTAS,2141,True,10,
17414,QSPRAILNSG,2141,True,10,
17415,LNPRWLMSTI,2141,True,10,
17416,TWPVGMINIK,2141,True,10,
17417,PAPRSMSNGF,2141,True,10,
17418,REPKGMRNMR,2141,True,10,
17419,YSPRAMRNRG,2141,True,10,
17420,SRPRPVTASG,2141,True,10,
17421,GNPRSWHGKI,2141,True,10,
17422,VTPVPMTHGW,2141,True,10,
17423,LSPRAYIGPG,2141,True,10,
17424,TMPKGVQGNI,2141,True,10,
17425,FQPRSWVNII,2141,True,10,
17426,VNPRSMQNWG,2141,True,10,
17427,RTPVGMINGL,2141,True,10,
17428,MWPSGMRNEY,2141,True,10,
17429,LTPRYMVNTG,2141,True,10,
17430,FGPAGMLTAS,2141,True,10,
17431,VSPLPFMSQF,2141,True,10,
17432,LTPRSWVNEG,2141,True,10,
17433,TRPRSMLNRY,2141,True,10,
17434,YNPRGLTVAT,2141,True,10,
17435,HYPRGLGNLI,2141,True,10,
17436,AHPIEMYGMS,2141,True,10,
17437,DPVSGMRGLT,2141,True,10,
17438,YAPRVLIGPR,2141,True,10,
17439,FRPRNLYTQV,2141,True,10,
17440,GSPRAILRIQ,2141,True,10,
17441,SGPRSWRQTA,2141,True,10,
17442,GSPVQLVNML,2141,True,10,
17443,PTPRGVLAMG,2141,True,10,
17444,NPPLGMKNTS,2141,True,10,
17445,WLPRAVQTGW,2141,True,10,
17446,QNPRSMINER,2141,True,10,
17447,SFPRAIRNQA,2141,True,10,
17448,GFPVSMRTAS,2141,True,10,
17449,IKPLGQISVA,2141,True,10,
17450,AQPSGMYNSR,2141,True,10,
17451,TIPRPVSANH,2141,True,10,
17452,KVPRGVKGVQ,2141,True,10,
17453,AKPRSLINVH,2141,True,10,
17454,VRPVGMFNQY,2141,True,10,
17455,RWPVGMRNSQ,2141,True,10,
17456,YLPRPVMRHG,2141,True,10,
17457,QLPRPVLQEH,2141,True,10,
17458,SAPRSMKNEQ,2141,True,10,
17459,KQPRGNRGWG,2141,True,10,
17460,SAPRAVHTIG,2141,True,10,
17461,YGPRASMAQG,2141,True,10,
17462,AFPRSWRTWQ,2141,True,10,
17463,DAPRGWAQTG,2141,True,10,
17464,SGPRSLKNTA,2141,True,10,
17465,RTPVGMTNHT,2141,True,10,
17466,FRPRSILGQA,2141,True,10,
17467,TSPRAIRNVT,2141,True,10,
17468,GPYPALRTAS,2141,True,10,
17469,MGPRPVIRNP,2141,True,10,
17470,WGPRSLKGAQ,2141,True,10,
17471,TKPLGQISPL,2141,True,10,
17472,MKPGSMHNPL,2141,True,10,
17473,TIPRSRGVRK,2141,True,10,
17474,APVRALRGEH,2141,True,10,
17475,LHPIGIQVAW,2141,True,10,
17476,VLPRSWIGHW,2141,True,10,
17477,WYPRGVSQWG,2141,True,10,
17478,NHPVGMYRNA,2141,True,10,
17479,QAPRSMVNHG,2141,True,10,
17480,FTPRSWTASG,2141,True,10,
17481,QDPRSWRTLQ,2141,True,10,
17482,QAPRSMVNAR,2141,True,10,
17483,FQPRGVKAVQ,2141,True,10,
17484,GTPRPVYTAS,2141,True,10,
17485,VSPRSLIGTK,2141,True,10,
17486,DYPKGMRTGQ,2141,True,10,
17487,QAPRGVRTEH,2141,True,10,
17488,WMPRSMINAG,2141,True,10,
17489,DAPVGMRQML,2141,True,10,
17490,THPVPMLNAG,2141,True,10,
17491,PVPRGVTNAW,2141,True,10,
17492,EAPRGVQSNG,2141,True,10,
17493,HIPRGVQTLS,2141,True,10,
17494,LYPRAWLTNG,2141,True,10,
17495,VEPRSMTNVK,2141,True,10,
17496,WRPRGVSTIL,2141,True,10,
17497,SGPRSMLTTA,2141,True,10,
17498,HYPRAFLGQV,2141,True,10,
17499,DWPLGQISQK,2141,True,10,
17500,QCPRGVLNPG,2141,True,10,
17501,GMPRSWLTAS,2141,True,10,
17502,MAPSGWFQTF,2141,True,10,
17503,FNPVSMRYQY,2141,True,10,
17504,WFPRAFRNWQ,2141,True,10,
17505,RQPVAMANTV,2141,True,10,
17506,WVPRAVSNAH,2141,True,10,
17507,WTPRGQIGNH,2141,True,10,
17508,TPVGWMIGVA,2141,True,10,
17509,YRPVGMINEG,2141,True,10,
17510,DQPRAYRNQI,2141,True,10,
17511,EAPSGWFQIQ,2141,True,10,
17512,GQPRSWIGPK,2141,True,10,
17513,SVPRGVSASR,2141,True,10,
17514,QAPRSMKNPL,2141,True,10,
17515,GTPSGQAFNV,2141,True,10,
17516,AMPRSWTASG,2141,True,10,
17517,LQPRAVKQWT,2141,True,10,
17518,VAPRPMVGGI,2141,True,10,
17519,KNPRGQVNRG,2141,True,10,
17520,TEPRSWLGWY,2141,True,10,
17521,KWPRGMGQMG,2141,True,10,
17522,GPVLGIRTAS,2141,True,10,
17523,QSIRGMFNSH,2141,True,10,
17524,GWPRSMRTAS,2141,True,10,
17525,KVPRNVSNRQ,2141,True,10,
17526,GQPRSWITAS,2141,True,10,
17527,HSPKGMRTIT,2141,True,10,
17528,RAPRGFSQVT,2141,True,10,
17529,TQPRGVSVWL,2141,True,10,
17530,WPPRAFRGIL,2141,True,10,
17531,STPRAFTNSL,2141,True,10,
17532,TGPKSMRNMK,2141,True,10,
17533,YVPRAVTNIT,2141,True,10,
17534,YRPRSMLGVK,2141,True,10,
17535,CVPRGVRTGA,2141,True,10,
17536,LTPRYWKGAR,2141,True,10,
17537,NAPRSWRNGF,2141,True,10,
17538,FVPRAVTNIG,2141,True,10,
17539,GDPYGMRNYG,2141,True,10,
17540,KAPKWMRNGY,2141,True,10,
17541,SVPRGLKNGF,2141,True,10,
17542,SGPRAVMNTA,2141,True,10,
17543,RAPRGFWTAS,2141,True,10,
17544,YPPRAFYMIY,2141,True,10,
17545,HGPLGIQYPF,2141,True,10,
17546,WVPRAVMNWK,2141,True,10,
17547,QWPRGVQNSQ,2141,True,10,
17548,YAPLGIFNSG,2141,True,10,
17549,NYPRAVTPAF,2141,True,10,
17550,TAPKGVRKHI,2141,True,10,
17551,YGPRPQGRQS,2141,True,10,
17552,VQPRSWIAWG,2141,True,10,
17553,YMPRAFINKV,2141,True,10,
17554,SAPRAVINIF,2141,True,10,
17555,WKPRSWRNGG,2141,True,10,
17556,PSHRWLMSPI,2141,True,10,
17557,VAHASLRGPF,2141,True,10,
17558,VGPRPVMQIQ,2141,True,10,
17559,HNPRGVTASG,2141,True,10,
17560,FDPYGMTQIF,2141,True,10,
17561,IPPRPVKTAY,2141,True,10,
17562,NVPRAVINRL,2141,True,10,
17563,TMPRSWMKTR,2141,True,10,
17564,CLPRAWLGAW,2141,True,10,
17565,FTPRSLQNSH,2141,True,10,
17566,KTPLGQIKGF,2141,True,10,
17567,IVPRAVLQIK,2141,True,10,
17568,WTPRGNIGWT,2141,True,10,
17569,YAPRSMSNGQ,2141,True,10,
17570,YRPRSWTGAY,2141,True,10,
17571,HMPRSMINVI,2141,True,10,
17572,GTPRAVLTAS,2141,True,10,
17573,VFPRSMFNPL,2141,True,10,
17574,IVPRAVLNSK,2141,True,10,
17575,NFPRGIFNPF,2141,True,10,
17576,MDPRWLFTNA,2141,True,10,
17577,LFPRGMTNVF,2141,True,10,
17578,STPRSWTGTK,2141,True,10,
17579,FKPRSMLTRQ,2141,True,10,
17580,YRPRSMFNRK,2141,True,10,
17581,TAPRSLKGQR,2141,True,10,
17582,SQPRSWMTMW,2141,True,10,
17583,MVPRAVIGLQ,2141,True,10,
17584,GMPRPVINAL,2141,True,10,
17585,VMPRSMLNMR,2141,True,10,
17586,TWPVAMYNWR,2141,True,10,
17587,TPVYGMHSMF,2141,True,10,
17588,VMPRPVTVQK,2141,True,10,
17589,MGPFGMQMPY,2141,True,10,
17590,VGPFWILNRG,2141,True,10,
17591,ISPRAVLNAF,2141,True,10,
17592,KVPRNVMGHQ,2141,True,10,
17593,DKPRGMLNVI,2141,True,10,
17594,NAPRAVRNQH,2141,True,10,
17595,FAPRSMHNHK,2141,True,10,
17596,GYPRSMTNKV,2141,True,10,
17597,GSPRSMRTAS,2141,True,10,
17598,IGRPPKLNGF,2141,True,10,
17599,KNPRGVTNGI,2141,True,10,
17600,WQPLGFHALQ,4675,True,10,
17601,NAPAGVKGMT,4675,True,10,
17602,RPPSGWRGMG,4675,True,10,
17603,MPPWGVFGSL,4675,True,10,
17604,RAPSSLYGPS,4675,True,10,
17605,FNPSAMTSIQ,4675,True,10,
17606,VPPQMLMSGS,4675,True,10,
17607,NTPLGQISIT,4675,True,10,
17608,MAPRGFVGQT,4675,True,10,
17609,KDPAGVLSGW,4675,True,10,
17610,GRPSAFRAHG,4675,True,10,
17611,VMPSGFWAQT,4675,True,10,
17612,MQPSGMAGHL,4675,True,10,
17613,NSPVQMWGTL,4675,True,10,
17614,GPPWGMTASG,4675,True,10,
17615,ITPLGQKSLY,4675,True,10,
17616,TAPVGMRSMS,4675,True,10,
17617,PTPLGSYGWS,4675,True,10,
17618,NSPLGFASIA,4675,True,10,
17619,STPVGMAGRL,4675,True,10,
17620,GEPQGMFSPW,4675,True,10,
17621,QAPWGIWSGY,4675,True,10,
17622,QGPAPFYGAS,4675,True,10,
17623,VQPVPFWGIQ,4675,True,10,
17624,GAPRSLRALV,4675,True,10,
17625,GIPLVYQSAS,4675,True,10,
17626,NSPAYLRGQH,4675,True,10,
17627,SPPSGFLGQK,4675,True,10,
17628,ISPLGFMGQV,4675,True,10,
17629,AQPAGFSAVY,4675,True,10,
17630,MMPSGVRGTS,4675,True,10,
17631,HVPRQVTASG,4675,True,10,known_sequence
17632,VIPEWMRSPH,4675,True,10,
17633,KMPSGFVGNH,4675,True,10,
17634,SVPRGVTASG,4675,True,10,
17635,QVPLGVTGMA,4675,True,10,
17636,YNPSGWHGAI,4675,True,10,
17637,VQPSGFMSEV,4675,True,10,
17638,RQPRSYISAI,4675,True,10,
17639,TVPQGVSAMH,4675,True,10,
17640,RSPAPFYGPK,4675,True,10,
17641,GVPSGVYGWI,4675,True,10,
17642,LRPQGMVGGY,4675,True,10,
17643,TMPAPFWGEL,4675,True,10,
17644,SGPKGMTATA,4675,True,10,
17645,AVPSGVRGSY,4675,True,10,
17646,PTPVGMYSGW,4675,True,10,
17647,MWPRGMHSAF,4675,True,10,
17648,SMVQAVRAIY,4675,True,10,
17649,VIPEPMWGNY,4675,True,10,
17650,HDPLGYRVLF,4675,True,10,
17651,IAPSGWQSMS,4675,True,10,
17652,PGPVPMWGIL,4675,True,10,
17653,PGPSGWIGRY,4675,True,10,
17654,DTPLGYVSIV,4675,True,10,
17655,SVPAQVFATV,4675,True,10,
17656,PWPAGVHGIA,4675,True,10,
17657,LSVWGVHSII,4675,True,10,
17658,RAVGAFRGLF,4675,True,10,
17659,TEPSGMYGLV,4675,True,10,
17660,RGPYGMTASG,4675,True,10,
17661,AGPQPVYGSV,4675,True,10,
17662,GMPRQVQGLS,4675,True,10,
17663,LVPLGSFGSG,4675,True,10,
17664,TVPHMLWGMF,4675,True,10,
17665,AKPAGVRALY,4675,True,10,
17666,RPPKGVRSQF,4675,True,10,
17667,MQPSGMHGMR,4675,True,10,
17668,GTPRSYLGRL,4675,True,10,
17669,EMPSGSMGMS,4675,True,10,
17670,NGPSGMLGSW,4675,True,10,
17671,IGPAPMWGSR,4675,True,10,
17672,GTPRSYMSGM,4675,True,10,
17673,VGPAPFQGLI,4675,True,10,
17674,PSPLGYAGQF,4675,True,10,
17675,QAPRSFRGLY,4675,True,10,
17676,GYPRAFTASG,4675,True,10,
17677,SAPRTFMAHF,4675,True,10,
17678,SVPKGVTASG,4675,True,10,
17679,SMPSGWTASG,4675,True,10,
17680,QAPSGVWSIG,4675,True,10,
17681,FPPLGFTGMI,4675,True,10,
17682,LAPVGFTASG,4675,True,10,
17683,GPPSGWTASG,4675,True,10,
17684,GMPSGFYASA,4675,True,10,
17685,GRPSGMQGSF,4675,True,10,
17686,SGPVGMRGTA,4675,True,10,
17687,FMPSGFTASG,4675,True,10,
17688,TMPWGMHSNK,4675,True,10,
17689,TMPSGFWGIA,4675,True,10,
17690,VAPAYMYGQA,4675,True,10,
17691,QAPLGFQGPG,4675,True,10,
17692,KTPLGVRGTL,4675,True,10,
17693,VTPLGFRNQY,4675,True,10,
17694,PHPAHSAGIF,4675,True,10,
17695,DGPAGMHGQI,4675,True,10,
17696,GPPSGWRSML,4675,True,10,
17697,ASPLGFHVMK,4675,True,10,
17698,VGPGMLWGMA,4675,True,10,
17699,TQPFGMLGMY,4675,True,10,
17700,AGPQPFMGMQ,4675,True,10,
17701,AVGYAGMQYL,4675,True,10,
17702,AMPSGFTGSY,4675,True,10,
17703,GRPSAMKGPF,4675,True,10,
17704,AGPSGFFGIF,4675,True,10,
17705,GQPAGMHGAV,4675,True,10,
17706,MPVSGVFGMH,4675,True,10,
17707,RIPAWLIGTI,4675,True,10,
17708,QAPRGFIGAS,4675,True,10,
17709,VNPMGMKGMW,4675,True,10,
17710,EKPSGVTASG,4675,True,10,
17711,AGPYGMWSLV,4675,True,10,
17712,VTGMSMYGTS,4675,True,10,
17713,MVPSGVTASG,4675,True,10,
17714,ASPSGMFGPY,4675,True,10,
17715,GYPSGVFALR,4675,True,10,
17716,QYPRAVFGAR,4675,True,10,
17717,ANPSGVRSQT,4675,True,10,
17718,AEPLGYRAGV,4675,True,10,
17719,LTPVGYTGMA,4675,True,10,
17720,GKPVEMSGHQ,4675,True,10,
17721,REPAQMRGQW,4675,True,10,
17722,FMPSGFASWV,4675,True,10,
17723,VPPSGVRAIL,4675,True,10,
17724,IMPSGFTASG,4675,True,10,
17725,GRPSGFMAMS,4675,True,10,
17726,GLPAGMKSGL,4675,True,10,
17727,GKPVGMYSIS,4675,True,10,
17728,ATPSGQMSIA,4675,True,10,
17729,PGPYPFTASG,4675,True,10,
17730,IGPQWMIGLH,4675,True,10,
17731,MIPLPFRSPY,4675,True,10,
17732,EGPSGVTGHI,4675,True,10,
17733,PHPSASFGIL,4675,True,10,
17734,GKPSGMYGIA,4675,True,10,
17735,LIPRPFMYMG,4675,True,10,
17736,KSPQGMVGQA,4675,True,10,
17737,RQPRGVRSWI,4675,True,10,
17738,TQPRGLKGMR,4675,True,10,
17739,MGPSGFQASA,4675,True,10,
17740,GMPQGVFGQT,4675,True,10,
17741,MTPRSYMGHI,4675,True,10,
17742,KSPRQLRGMH,4675,True,10,
17743,GSPLGFMGQS,4675,True,10,
17744,AGPQSYMVWM,4675,True,10,
17745,VQPAGFTGAR,4675,True,10,
17746,RAPLGFHAHL,4675,True,10,
17747,EMPQGVRGPA,4675,True,10,
17748,VSPSAWTASG,4675,True,10,
17749,IAPAKFYGAV,4675,True,10,
17750,QVPRAVSGAG,4675,True,10,
17751,SAPEAIYGAR,4675,True,10,
17752,GMPRSFTASG,4675,True,10,
17753,HTPSGMRGSA,4675,True,10,
17754,IAPSGMFGQA,4675,True,10,
17755,PSPLGQISNA,4675,True,10,
17756,NVPSGVYASG,4675,True,10,
17757,NSPLGFTASG,4675,True,10,
17758,ERPSAMFGMG,4675,True,10,
17759,IQPSGVYSIG,4675,True,10,
17760,PMPFGFTGRA,4675,True,10,
17761,GLPTALYTAS,4675,True,10,
17762,RAPVGMWGMG,4675,True,10,
17763,SVPSGVMNMS,4675,True,10,
17764,NAPYGMRGNW,4675,True,10,
17765,GMPSGFYSMS,4675,True,10,
17766,GFPAQMRGVW,4675,True,10,
17767,QMPSGFQGVY,4675,True,10,
17768,MAPSGMTGVR,4675,True,10,
17769,SQPTGLIAKY,4675,True,10,
17770,GRPSAWLGLV,4675,True,10,
17771,SGPSGWYATA,4675,True,10,
17772,PMPRGFSGQI,4675,True,10,
17773,GPPLGFWSGY,4675,True,10,
17774,AGPMSYHGVI,4675,True,10,
17775,GVPSGVRGAK,4675,True,10,
17776,TMPKGMQSQT,4675,True,10,
17777,GPPLGFTASG,4675,True,10,
17778,KMPRQFYGPR,4675,True,10,
17779,PVPRAVFSMI,4675,True,10,
17780,RPPKGFQSNG,4675,True,10,
17781,ISPMGVTSTF,4675,True,10,
17782,WLPAWMRGAY,4675,True,10,
17783,PVPVGVLGQI,4675,True,10,
17784,GPPSGFWANV,4675,True,10,
17785,PGMESLNGMY,4675,True,10,
17786,MIPTGMWSNF,4675,True,10,
17787,HVPSGVIGPI,4675,True,10,
17788,PNVWGVFAMA,4675,True,10,
17789,QYPSGWFGMW,4675,True,10,
17790,TVPYGMRSWA,4675,True,10,
17791,MLPTGFMSMV,4675,True,10,
17792,MAPKFLHGQK,4675,True,10,
17793,NRPSAVFALH,4675,True,10,
17794,TAPKWMQSET,4675,True,10,
17795,GPPSGFYATY,4675,True,10,
17796,GAPRSFLGQW,4675,True,10,
17797,TSPSGMISLA,4675,True,10,
17798,SRPSGMLGIK,4675,True,10,
17799,ATPLGQIGIY,4675,True,10,
17800,RGPVGMFGQY,4675,True,10,
17801,MTPRSYHGMF,4675,True,10,
17802,IPPKGFRGMI,4675,True,10,
17803,IGPSGFTASG,4675,True,10,
17804,IMPRQVSAWY,4675,True,10,
17805,GRPRQVFAMQ,4675,True,10,
17806,ANPFGPAGIV,4675,True,10,
17807,NEPGPFMVPA,4675,True,10,
17808,PTPAGVFSHG,4675,True,10,
17809,QTPSGFMGIY,4675,True,10,
17810,KRPAQMHGLM,4675,True,10,
17811,GVPSAFMGSR,4675,True,10,
17812,HSPLGFLSNY,4675,True,10,
17813,TAPSGMWGPL,4675,True,10,
17814,RMPSGFTASY,4675,True,10,
17815,TQPSGVANLH,4675,True,10,
17816,YTPSGYTGLW,4675,True,10,
17817,SGPYGMRGTA,4675,True,10,
17818,RPPRSLSGPY,4675,True,10,
17819,ARPSAMYGNS,4675,True,10,
17820,TTPSWLRGLG,4675,True,10,
17821,GQPVPFMGMT,4675,True,10,
17822,GVPSGMRGWK,4675,True,10,
17823,AIAVPLWGLH,4675,True,10,
17824,TPPSGFYSIW,4675,True,10,
17825,KAPVGMYSKG,4675,True,10,
17826,MSVGHMTASG,4675,True,10,
17827,SAPLGFLGPV,4675,True,10,
17828,AQWSALFSIV,4675,True,10,
17829,QIPAGFQNKS,4675,True,10,
17830,ASPMSLMSLG,4675,True,10,
17831,VAPGPMWGPF,4675,True,10,
17832,IQPRGVMSNH,4675,True,10,
17833,GRPAQMYGTV,4675,True,10,
17834,GSPVQMIGVK,4675,True,10,
17835,IMPSGFSGML,4675,True,10,
17836,EAPRGVFSMG,4675,True,10,
17837,RNPSGVYAIV,4675,True,10,
17838,GRPSGWLGSK,4675,True,10,
17839,MTPSGMRGVW,4675,True,10,
17840,GMPSGFLGTR,4675,True,10,
17841,GRPSAVFGQY,4675,True,10,
17842,QGPQGLFSNR,4675,True,10,
17843,GIPRPVWANY,4675,True,10,
17844,IVPSGVLGPS,4675,True,10,
17845,IRPAQMRGWG,4675,True,10,
17846,APPSGWTASG,4675,True,10,
17847,GVPRAVYNKA,4675,True,10,
17848,GTPRSYMSQA,4675,True,10,
17849,WAPSGVTSHS,4675,True,10,
17850,YPGIRSNAQI,4675,True,10,
17851,ITPSGWTASG,4675,True,10,
17852,VAVGTSVAGF,4675,True,10,
17853,VQPAPFANQH,4675,True,10,
17854,VPPRSWYSNT,4675,True,10,
17855,FRPSAQMGLF,4675,True,10,
17856,SQPRGMHGEQ,4675,True,10,
17857,GAPVPFLGTR,4675,True,10,
17858,ETPLGQIGNK,4675,True,10,
17859,QGPYGMRGNV,4675,True,10,
17860,TSPKGVHGLA,4675,True,10,
17861,LTPVGMISQG,4675,True,10,
17862,VMPSGFWAMG,4675,True,10,
17863,TGPKLLSGAG,4675,True,10,
17864,KGPSGFWDAS,4675,True,10,
17865,VQPSGFYSPT,4675,True,10,
17866,YAPSGWTASG,4675,True,10,
17867,MGPWGVHSGF,4675,True,10,
17868,YAPSFLMGHS,4675,True,10,
17869,HAPYGMRGPG,4675,True,10,
17870,NFPSGWRASR,4675,True,10,
17871,RQPSGFISGY,4675,True,10,
17872,MLPKLLWGNW,4675,True,10,
17873,VAPAWMHGNR,4675,True,10,
17874,GRPSPFYAIF,4675,True,10,
17875,AGPLGYFGTW,4675,True,10,
17876,LGPSGFHGSQ,4675,True,10,
17877,AQPSGVIGTH,4675,True,10,
17878,GSPLGFTASG,4675,True,10,
17879,VMPSGFHGMG,4675,True,10,
17880,VMPSGFAGMS,4675,True,10,
17881,VAPKGSTGWF,4675,True,10,
17882,TGPVEMIGKH,4675,True,10,
17883,GIPEPMWGRV,4675,True,10,
17884,ERPSGWQGQF,4675,True,10,
17885,MPPRSWRSEF,4675,True,10,
17886,KTPLGQISNF,4675,True,10,known_sequence
17887,TVPQGVKGWT,4675,True,10,
17888,SAPLGFWSQH,4675,True,10,
17889,SGPIGIRVTA,4675,True,10,
17890,NTPSGQPAGY,4675,True,10,
17891,KTPKGMFGMA,4675,True,10,
17892,HVPSGVFAMI,4675,True,10,
17893,GTPSGVIGQI,4675,True,10,
17894,KFPASLQGQH,4675,True,10,
17895,VAVWGIRSQG,4675,True,10,
17896,HSPMGFWGMS,4675,True,10,
17897,GNPVPFWAMT,4675,True,10,
17898,VKPAGMISMF,4675,True,10,
17899,DTPLGFRSGT,4675,True,10,
17900,TPPSGVAGIG,4675,True,10,
17901,SKPSGFHGMT,4675,True,10,
17902,DTPAGMKGTY,4675,True,10,
17903,TVLRGMFSGT,4675,True,10,
17904,PGPSGFMNMG,4675,True,10,
17905,SNARPLMSGY,4675,True,10,
17906,ERPSAMKGTH,4675,True,10,
17907,SPALGFQGML,4675,True,10,
17908,SMPKGMTGNK,4675,True,10,
17909,QIPAWAQGRQ,4675,True,10,
17910,VAINFLFSVR,4675,True,10,
17911,RMPRSYVGQA,4675,True,10,
17912,SGPMGMFSTA,4675,True,10,
17913,GSPAGVWSVG,4675,True,10,
17914,SVPSGVHASW,4675,True,10,
17915,IAPAGMRGSH,4675,True,10,
17916,KGPVPMWGIY,4675,True,10,
17917,TVPSGWMSRH,4675,True,10,
17918,SLPSAWYGLF,4675,True,10,
17919,GYPSAFSGWF,4675,True,10,
17920,VGPSNFISRA,4675,True,10,
17921,TRVRGLYAHT,4675,True,10,
17922,MPPSGWSGLF,4675,True,10,
17923,LMPSGFWGLG,4675,True,10,
17924,MRPSGWLGLG,4675,True,10,
17925,GAPVPFWGAG,4675,True,10,
17926,MNPRSWVAWA,4675,True,10,
17927,VSPAYLFALQ,4675,True,10,
17928,LVPRGVKSIY,4675,True,10,
17929,PGPQSWTGSG,4675,True,10,
17930,SMPSGMRGTI,4675,True,10,
17931,VGPSGFLSTV,4675,True,10,
17932,QAPRSLWAPR,4675,True,10,
17933,KSPAGVYAMR,4675,True,10,
17934,RGPVPMFGKQ,4675,True,10,
17935,GLPAGVASPK,4675,True,10,
17936,TGPVQMWGTY,4675,True,10,
17937,TAPRGSLSAS,4675,True,10,
17938,FAPAQVRSLG,4675,True,10,
17939,RVPVGYWSPR,4675,True,10,
17940,RVPSGWRGMH,4675,True,10,
17941,GPPRSYRGTG,4675,True,10,
17942,LGPSGFTASG,4675,True,10,
17943,AVPSAVHGSF,4675,True,10,
17944,PGPQPFYAPQ,4675,True,10,
17945,IGVLGLTGIF,4675,True,10,
17946,LWPSGYRATI,4675,True,10,
17947,VEPQGLHSRW,4675,True,10,
17948,SEPTGLRGSG,4675,True,10,
17949,VGPQSVFSTY,4675,True,10,
17950,KMPSGFAGMT,4675,True,10,
17951,GQPVPFMGWY,4675,True,10,
17952,KGPLGFLSLH,4675,True,10,
17953,STPRGLHGTV,4675,True,10,
17954,GQPSGFMAMT,4675,True,10,
17955,GSPSGFRGKL,4675,True,10,
17956,GIPRPFAGMV,4675,True,10,
17957,GFPRAFTGMY,4675,True,10,
17958,PMVTGMFGRH,4675,True,10,
17959,NGPSGFWGTQ,4675,True,10,
17960,NAPKGMYGIY,4675,True,10,
17961,RTPSGFHGSA,4675,True,10,
17962,PGPYGMTGHR,4675,True,10,
17963,MQPFGVLGLQ,4675,True,10,
17964,GDPSGVRSVY,4675,True,10,
17965,NGPMGMSGSA,4675,True,10,
17966,ELPAWMRGQV,4675,True,10,
17967,KMPSGWFGIS,4675,True,10,
17968,NQPFRFSGLI,4675,True,10,
17969,TAPKGMSNGH,4675,True,10,
17970,QSPMGMRNHR,4675,True,10,
17971,RQPSGVYAQL,4675,True,10,
17972,QAPRSWHAMI,4675,True,10,
17973,QAPRSFLASG,4675,True,10,
17974,GPPSGWASGV,4675,True,10,
17975,KDPKGIVGKV,4675,True,10,
17976,GTPLGYFVSG,4675,True,10,
17977,GFPASAWAPS,4675,True,10,
17978,AQPVGMYSTF,4675,True,10,
17979,TPPSGVLGRQ,4675,True,10,
17980,MGPWGMQSMR,4675,True,10,
17981,QIPAWMWGSH,4675,True,10,
17982,IGPQPVFAMS,4675,True,10,
17983,IPPSGFYGQH,4675,True,10,
17984,TGPYHVLGVS,4675,True,10,
17985,GVPRQVGAMG,4675,True,10,
17986,MGPWGFYATG,4675,True,10,
17987,NVPYGMTSNY,4675,True,10,
17988,DAPSGVTASG,4675,True,10,
17989,EGPYGMIGLF,4675,True,10,
17990,TNPSGSTASG,4675,True,10,
17991,FAPQGVIGLT,4675,True,10,
17992,MVPSGVRAMS,4675,True,10,
17993,EGPMQMRGPS,4675,True,10,
17994,GMPSGFWSIS,4675,True,10,
17995,TKPKGIMGAG,4675,True,10,
17996,WAPSGVYGQS,4675,True,10,
17997,TMPQGYIGMS,4675,True,10,
17998,VTPLGVRAPM,4675,True,10,
17999,GFPRAFHGWY,4675,True,10,
18000,QGPRVLFNGH,993,True,10,
18001,GSPRQVTASG,993,True,10,
18002,VTPASWQATW,993,True,10,
18003,LQPRGNMAPL,993,True,10,
18004,KGPYKLKGTH,993,True,10,
18005,MVPKWMFGPK,993,True,10,
18006,QMPRQVYAIR,993,True,10,
18007,SAVRKRSLWL,993,True,10,
18008,PLINWMHAWA,993,True,10,
18009,GIVRGMRTAS,993,True,10,
18010,KPRFPRILTA,993,True,10,
18011,VTPRLYGSLF,993,True,10,
18012,HVPRQVAGKG,993,True,10,
18013,YPPRTLMGWI,993,True,10,
18014,QMPRQVRVSR,993,True,10,
18015,KPLKWMSGNF,993,True,10,
18016,GVYRGMRSIW,993,True,10,
18017,IKVMGMYSGY,993,True,10,
18018,MGPRYMLGQR,993,True,10,
18019,SRPRTWLGWV,993,True,10,
18020,VYPSKWLDPQ,993,True,10,
18021,TLISRMTGES,993,True,10,
18022,TKVRGMSSMS,993,True,10,
18023,GHPRSWAGTY,993,True,10,
18024,TPIYGMRGWV,993,True,10,
18025,VRPRQVYSRY,993,True,10,
18026,KMPRQYVGKG,993,True,10,
18027,NWPARSWSPW,993,True,10,
18028,PGVRAVKAWL,993,True,10,
18029,YAPRAVTASG,993,True,10,
18030,TAPKLLWVWS,993,True,10,
18031,SWPSELRGWK,993,True,10,
18032,LQPRKVIGQA,993,True,10,
18033,SAPRKFYSER,993,True,10,
18034,HGPVGMISVG,993,True,10,
18035,VQPRVQGSAF,993,True,10,
18036,CSVRAWFSKG,993,True,10,
18037,WKPKGVQSAQ,993,True,10,
18038,FPPRVLSVGL,993,True,10,
18039,LWVRGMTGVT,993,True,10,
18040,TFPRQVRGIT,993,True,10,
18041,DSPMDQVGTV,993,True,10,
18042,SRGLALKAPF,993,True,10,
18043,GTPRSMVSWQ,993,True,10,
18044,LWPVGMFSEY,993,True,10,
18045,KRPRNVTASG,993,True,10,
18046,GQPRGNSAWF,993,True,10,
18047,PVRKPAMLGQ,993,True,10,
18048,NVPRVVTASG,993,True,10,
18049,WTPRQVRAVA,993,True,10,
18050,RPPRGATASG,993,True,10,
18051,SVPRPVLDWV,993,True,10,
18052,RNPAVMFGQK,993,True,10,
18053,REPRNVRAIY,993,True,10,
18054,VYPKGMTASG,993,True,10,
18055,PAPRSMHSIG,993,True,10,
18056,TAPKLIVASG,993,True,10,
18057,SDPRGQVGKR,993,True,10,
18058,THPRSFLAMK,993,True,10,
18059,SAPRKVRSVW,993,True,10,
18060,DVPRAVYVIR,993,True,10,
18061,ITPRQVLAVK,993,True,10,
18062,TPVGWMAVRK,993,True,10,
18063,MLPRQVASQG,993,True,10,
18064,KAPLVYIGWY,993,True,10,
18065,ASAMSMWGKQ,993,True,10,
18066,GTPLGVTVGY,993,True,10,
18067,QYPRGKTPVA,993,True,10,
18068,QGPVQMLGNG,993,True,10,
18069,RWVFALWSGR,993,True,10,
18070,GKFTVFTASG,993,True,10,
18071,HKPKGVYATK,993,True,10,
18072,KQPRDVLAWS,993,True,10,
18073,VFPRQVIDHK,993,True,10,
18074,HKPRGQVAPG,993,True,10,
18075,EGPRSQRVQG,993,True,10,
18076,TQPRSWRYEG,993,True,10,
18077,NQPKQMRGPY,993,True,10,
18078,VEPRQVRGNF,993,True,10,
18079,PKMVPFLISP,993,True,10,
18080,TGPKSMKGGF,993,True,10,
18081,EAPRQVHDPG,993,True,10,
18082,TFPRGSTASG,993,True,10,
18083,VTPRMLFAIW,993,True,10,
18084,GYRTPREVSV,993,True,10,
18085,MFPRKFWSIG,993,True,10,
18086,TKPRGQYSHF,993,True,10,
18087,YLPKGLMDKQ,993,True,10,
18088,IWPGRMVGPY,993,True,10,
18089,WAPRAVSDNR,993,True,10,
18090,RMPRQVADRV,993,True,10,
18091,GFPRAFTASG,993,True,10,
18092,HWPVGMYVGY,993,True,10,
18093,GWPRTLMTAS,993,True,10,
18094,GAPRSRLSGT,993,True,10,
18095,VRLNQVWGKS,993,True,10,
18096,KTPRGNYSLV,993,True,10,
18097,VQPRSWKSVS,993,True,10,
18098,TSPVGMIQIH,993,True,10,
18099,FAPSGWRAPR,993,True,10,
18100,GGVFGIRSNF,993,True,10,
18101,RKPRPVSAGR,993,True,10,
18102,RSPVAYTASG,993,True,10,
18103,IKPRDFRGIL,993,True,10,
18104,GQRALRGSSP,993,True,10,
18105,VNRNRKTMYF,993,True,10,
18106,NVPKGVTASG,993,True,10,
18107,FKYQDPAYVY,993,True,10,
18108,VAPRYWTASG,993,True,10,
18109,IWPRDFIAQW,993,True,10,
18110,IARPLPMAKF,993,True,10,
18111,LWRKPRTLRA,993,True,10,
18112,IYISALHSPV,993,True,10,
18113,FRPRSWGAMS,993,True,10,
18114,DWPRGQVSIA,993,True,10,
18115,SAPVAFWGKG,993,True,10,
18116,GMPRGVRTAS,993,True,10,
18117,RKPRQVLGLI,993,True,10,
18118,SKPVRMTASG,993,True,10,
18119,WMPRSNMAPW,993,True,10,
18120,DRPRGQMSIL,993,True,10,
18121,PRPRGNMAGF,993,True,10,
18122,PNPVQMTNEY,993,True,10,
18123,SVPKWMSNGA,993,True,10,
18124,PGPKSMRTNA,993,True,10,
18125,VLWRWMIASQ,993,True,10,
18126,VMPKGVQAWY,993,True,10,
18127,FRPRGQVFTF,993,True,10,
18128,SRPRTMTASG,993,True,10,
18129,WGPRVMAGQF,993,True,10,
18130,PWGKQFMARQ,993,True,10,
18131,NMVKGMYGQK,993,True,10,
18132,GFPRSVSTAS,993,True,10,
18133,TEPRSWKGTY,993,True,10,
18134,GAPRSWTASG,993,True,10,
18135,MTIKGMYGQW,993,True,10,
18136,VNPRSWRAIQ,993,True,10,
18137,QKPRQVIVTR,993,True,10,
18138,NKPARFAGPG,993,True,10,
18139,VRPRNQGYGA,993,True,10,
18140,KHVLGLSALS,993,True,10,
18141,KVPRGVDVNI,993,True,10,
18142,WRPRGQVAVL,993,True,10,
18143,RVPVAYAASA,993,True,10,
18144,KQPRGVTASG,993,True,10,
18145,WAPRGSTASG,993,True,10,
18146,IDPMRMYALR,993,True,10,
18147,MQPRKVMAQK,993,True,10,
18148,GCPRGMSTAS,993,True,10,
18149,AVPRAWSGHV,993,True,10,
18150,AVPRQVIVWY,993,True,10,
18151,QAPRQVKVIY,993,True,10,
18152,INVAWMVSIT,993,True,10,
18153,TVPRYWYGPH,993,True,10,
18154,VRPRSWTGGV,993,True,10,
18155,YMPRQVMSMI,993,True,10,
18156,KARPTRATPP,993,True,10,
18157,SMPLKVSGPG,993,True,10,
18158,GMPRAVTHWH,993,True,10,
18159,WVPNKMQGHK,993,True,10,
18160,IKWKPYISKL,993,True,10,
18161,AKPFKYLAGT,993,True,10,
18162,CNRVTVNYRS,993,True,10,
18163,HPALNFYKPG,993,True,10,
18164,NFARAFVGMG,993,True,10,
18165,SRPRTMTASG,993,True,10,
18166,SEPRGQVPLV,993,True,10,
18167,KDPRGMANVQ,993,True,10,
18168,YPPRSWTASG,993,True,10,
18169,MPPRQVTASG,993,True,10,
18170,NKPRSWTVRK,993,True,10,
18171,RHPIGIMYAT,993,True,10,
18172,FVPVWMKGTW,993,True,10,
18173,YTVRGMHGMA,993,True,10,
18174,KTPRSYFGSW,993,True,10,
18175,PAPRKRSAQH,993,True,10,
18176,HMPRQVYSVG,993,True,10,
18177,GVPRGVKVMV,993,True,10,
18178,KHPAKMRGMV,993,True,10,
18179,RAPIPVWSAK,993,True,10,
18180,IVTRAWFAPK,993,True,10,
18181,LPVYGMYASR,993,True,10,
18182,KAPRGVWNLY,993,True,10,
18183,YLPRPVLAGW,993,True,10,
18184,NPVYGLTASG,993,True,10,
18185,ARPSWSTASG,993,True,10,
18186,QVPLPVYVSG,993,True,10,
18187,QRPRVMTHRY,993,True,10,
18188,WTPRGNYFWR,993,True,10,
18189,KTVSWMAGIF,993,True,10,
18190,VFPQKMYGKL,993,True,10,
18191,SGPRGFKGTA,993,True,10,
18192,EQPRGVYVQG,993,True,10,
18193,PAPVWMIYAQ,993,True,10,
18194,YKPRSWKAIS,993,True,10,
18195,LAKTSPDPLY,993,True,10,
18196,APIYSLWGIR,993,True,10,
18197,EFRPVTFIRP,993,True,10,
18198,GWPIPIFTAS,993,True,10,
18199,PKPRSLVDGI,993,True,10,
18200,VMPRKFRGMI,993,True,10,
18201,VSPMGMGSKL,993,True,10,
18202,TVPRPVTASG,993,True,10,
18203,YIVRAVKGQT,993,True,10,
18204,RQPVPMWAPI,993,True,10,
18205,FDPKGMRSVA,993,True,10,
18206,VFPSGWHVVI,993,True,10,
18207,SEPRNIYARA,993,True,10,
18208,PTPRQKYVPA,993,True,10,
18209,HIPRVMIGQA,993,True,10,
18210,NRPRDFADMK,993,True,10,
18211,TPLQKIRAYQ,993,True,10,
18212,WAPAYGPARF,993,True,10,
18213,PMPRQVMAKW,993,True,10,
18214,GMYRSMRTAS,993,True,10,
18215,PVPRAVLAQG,993,True,10,
18216,SPVRAVHAIY,993,True,10,
18217,QLPRQVIAGH,993,True,10,
18218,VPPRVLSGMR,993,True,10,
18219,FGPVSMRDTH,993,True,10,
18220,VLPVNFWTAS,993,True,10,
18221,FKVYGPLMNQ,993,True,10,
18222,YCVYGLKGSY,993,True,10,
18223,MTPLGQINPF,993,True,10,
18224,GFPRWLSDVY,993,True,10,
18225,RDPRQVKGVW,993,True,10,
18226,GAPGPFNVQT,993,True,10,
18227,QVPRQVQSEG,993,True,10,
18228,PVPRGVASNT,993,True,10,
18229,TGPKLIHVGW,993,True,10,
18230,TMPRGVFTPL,993,True,10,
18231,RVPKLLWAMA,993,True,10,
18232,PLHKRGIAIY,993,True,10,
18233,KMPRSWKGWG,993,True,10,
18234,TNPRSWKSHW,993,True,10,
18235,NTPLNFSVRI,993,True,10,
18236,YQPKGMRGTS,993,True,10,
18237,IKPVNMAGPL,993,True,10,
18238,RPPVSMTASG,993,True,10,
18239,YAPSWIHAPT,993,True,10,
18240,CKVAWMWALR,993,True,10,
18241,AWREARGYPD,993,True,10,
18242,VNPSWIRVQL,993,True,10,
18243,FIPRPVMDQY,993,True,10,
18244,RLPVAYTASG,993,True,10,
18245,NAPRGFVANL,993,True,10,
18246,HMPRGNYSKI,993,True,10,
18247,WRPLGSTVGF,993,True,10,
18248,AKPRGVRSTH,993,True,10,
18249,SMPRKVRGWG,993,True,10,
18250,YDPRGNSAPA,993,True,10,
18251,RCPKGMVASS,993,True,10,
18252,GHVRGVSVPS,993,True,10,
18253,VAPKLFKGSA,993,True,10,
18254,RLPKLLYARG,993,True,10,
18255,PYPRNVGANH,993,True,10,
18256,RYPAGMLTPK,993,True,10,
18257,QAPRTFWSNK,993,True,10,
18258,EPIYNLWVAY,993,True,10,
18259,MGPSGYAGEV,993,True,10,
18260,RMPRQVHAWF,993,True,10,
18261,PQVRYLHSIS,993,True,10,
18262,FPGRALKVPH,993,True,10,
18263,WPFRSMRGAL,993,True,10,
18264,GRPRSLKDIV,993,True,10,
18265,SRPRGWASTK,993,True,10,
18266,VGPRSVSVNV,993,True,10,
18267,FYPRQGATFQ,993,True,10,
18268,FKPVSMHSNI,993,True,10,
18269,TQPRVLYSAY,993,True,10,
18270,SPGRPLWDTF,993,True,10,
18271,QTPRSNYGWV,993,True,10,
18272,RQPKGFHAQS,993,True,10,
18273,GVPRAVTGAF,993,True,10,
18274,EFPMRMKSNW,993,True,10,
18275,QPARQMRGSW,993,True,10,
18276,YMPRGVLVSF,993,True,10,
18277,GPRERRGVLP,993,True,10,
18278,FRPRQVRAEG,993,True,10,
18279,VKPSGVIANT,993,True,10,
18280,PVREPTVLYG,993,True,10,
18281,VYPRVIMAWG,993,True,10,
18282,TAVKAMTGSK,993,True,10,
18283,RNPRAVLANW,993,True,10,
18284,IEVRGVRGSH,993,True,10,
18285,FHAKPMWSGY,993,True,10,
18286,VRVRGLSAVI,993,True,10,
18287,PKRVNRSVMV,993,True,10,
18288,TKPVAMHGMV,993,True,10,
18289,IKTAPAPLPT,993,True,10,
18290,KPMGSLYGIH,993,True,10,
18291,YRPRSMIAHS,993,True,10,
18292,REVRGMVSPH,993,True,10,
18293,ERPAQMFGIS,993,True,10,
18294,QGPKFMQAIL,993,True,10,
18295,TIPRAVKAMY,993,True,10,
18296,PQVFGIYVPS,993,True,10,
18297,IVPVPMWSTL,993,True,10,
18298,RPVRAVWGET,993,True,10,
18299,YMPRSMLSQY,993,True,10,
18300,NRVIAWTASG,993,True,10,
18301,GMPRLVIATW,993,True,10,
18302,IRPRDFIGHG,993,True,10,
18303,VFPKGMRTQY,993,True,10,
18304,AWPFKSYGPR,993,True,10,
18305,FNPRYMLSNW,993,True,10,
18306,EAVRAVITWS,993,True,10,
18307,PTPRLYISQY,993,True,10,
18308,KPRGPRTSHY,993,True,10,
18309,NVPRVLADHI,993,True,10,
18310,TNPRQMVGNA,993,True,10,
18311,MVPRQVRAGW,993,True,10,
18312,DKPRGQVAHF,993,True,10,
18313,GTVRAVMSNQ,993,True,10,
18314,KFPLHQIDKF,993,True,10,
18315,CFTQALRSQH,993,True,10,
18316,ELPRLYAGAK,993,True,10,
18317,LQPRGVTVSR,993,True,10,
18318,GMPRSFTASG,993,True,10,
18319,TQPRKVMAIW,993,True,10,
18320,VGPRVLSVAY,993,True,10,
18321,VRPSAVWAVS,993,True,10,
18322,QVPRWVMDQG,993,True,10,
18323,GRPRGNWGLI,993,True,10,
18324,QEPRGVYTPF,993,True,10,
18325,NGPYGMKTWT,993,True,10,
18326,TRPVGMKSNF,993,True,10,
18327,RVPVPMWSQY,993,True,10,
18328,RVPKWMTSWI,993,True,10,
18329,ARPRGQITPG,993,True,10,
18330,TLPVSYWGPY,993,True,10,
18331,KVNRAVYAIL,993,True,10,
18332,MPRIKRQIFV,993,True,10,
18333,KLPRVLYAVL,993,True,10,
18334,SRPRTILGEF,993,True,10,
18335,TVPIEVFVGI,993,True,10,
18336,ARPRSLKAGF,993,True,10,
18337,SQPRNVIAMN,993,True,10,
18338,VRPRAFKNWS,993,True,10,
18339,RNPRSWYATW,993,True,10,
18340,VMPRQVLSKY,993,True,10,
18341,QHRPSRPTWA,993,True,10,
18342,PQPVAMWSVF,993,True,10,
18343,TRPVQMTGEI,993,True,10,
18344,TVPRAWAGAF,993,True,10,
18345,RQPRNVMVAT,993,True,10,
18346,ESAVSMYARF,993,True,10,
18347,KYPLNGWAGY,993,True,10,
18348,YGPKSMYTMW,993,True,10,
18349,ATPRSWIAWY,993,True,10,
18350,QVLRGMHGIT,993,True,10,
18351,PDVRAVQATG,993,True,10,
18352,GAPIPMWTAS,993,True,10,
18353,EPPLGQFGEG,993,True,10,
18354,QWKVPFAVYT,993,True,10,
18355,CMVRGVRSTV,993,True,10,
18356,VQVRAVQAIS,993,True,10,
18357,HFPRAFSAPQ,993,True,10,
18358,EPRDVTSLYP,993,True,10,
18359,AQPKNFMGIA,993,True,10,
18360,MPGRALTASG,993,True,10,
18361,RSPKGVKALF,993,True,10,
18362,TVPRDVTASG,993,True,10,
18363,WMPSGFQGTA,993,True,10,
18364,VRGLYLWSKA,993,True,10,
18365,VAVRKFMGIG,993,True,10,
18366,ATPRSWVARW,993,True,10,
18367,TVPRQVMSVT,993,True,10,
18368,FGPSGKLVPG,993,True,10,
18369,GVPRVVTASG,993,True,10,
18370,PKPVNYAGVL,993,True,10,
18371,RAPVAFQAWQ,993,True,10,
18372,LSVRWYTASG,993,True,10,
18373,RGPEWMIGMK,993,True,10,
18374,YTARSMYTWF,993,True,10,
18375,TVTAYIHSHA,993,True,10,
18376,QYPRDVKASY,993,True,10,
18377,SVPKWMSGWT,993,True,10,
18378,VQPRLGDARY,993,True,10,
18379,WTPVAMHAIW,993,True,10,
18380,KPLYGLTFQH,993,True,10,
18381,VWPRELKSIV,993,True,10,
18382,EAPRSVIAGW,993,True,10,
18383,KYPRSWVAGK,993,True,10,
18384,RHPRSWRAGT,993,True,10,
18385,SNPVQMTSNG,993,True,10,
18386,VIPRYMKGIK,993,True,10,
18387,PAPRVLWVIW,993,True,10,
18388,SQPKGMTYWY,993,True,10,
18389,YGPKSMVGWQ,993,True,10,
18390,LQIGTMFTGV,993,True,10,
18391,WMPRGQVAPF,993,True,10,
18392,KRPRGVSTAK,993,True,10,
18393,QIPRWMTGVG,993,True,10,
18394,PKPRQVLAEG,993,True,10,
18395,GNPRSWIGYV,993,True,10,
18396,KSPKWMRGEL,993,True,10,
18397,VPPRVLMSTL,993,True,10,
18398,GLPVAFKTAS,993,True,10,
18399,GVPRQVSAGK,993,True,10,
18400,LNPLPFTASG,1898,True,10,
18401,WTPLESYDIL,1898,True,10,
18402,DAISAFTDSI,1898,True,10,
18403,WVPKQVEDQA,1898,True,10,
18404,WGPLAVDVEY,1898,True,10,
18405,RTPLMSWDEW,1898,True,10,
18406,GHPYTLVDEF,1898,True,10,
18407,VSPMPFWDGF,1898,True,10,
18408,HQPVELYDTY,1898,True,10,
18409,QEPLTIHDEV,1898,True,10,
18410,RPPSAFTASG,1898,True,10,
18411,KWPTAFYDQW,1898,True,10,
18412,PVAPRDTDER,1898,True,10,
18413,WYPLPFWDGW,1898,True,10,
18414,HKVFPAEYGE,1898,True,10,
18415,QSPLPSWDGA,1898,True,10,
18416,SEPFRYTASG,1898,True,10,
18417,IKPYEYRDNS,1898,True,10,
18418,MSPKGVDDER,1898,True,10,
18419,PWPMAWTDWI,1898,True,10,
18420,MRMATMHDWR,1898,True,10,
18421,PFPLDSTDTF,1898,True,10,
18422,YCVFGMTASG,1898,True,10,
18423,VTPLGFTVPH,1898,True,10,
18424,TPVFAFTASG,1898,True,10,
18425,KYCPYTAMYL,1898,True,10,
18426,PKCQEDALVT,1898,True,10,
18427,HNPAEMYDQI,1898,True,10,
18428,YHPSAFHDHA,1898,True,10,
18429,QCPFAYTASG,1898,True,10,
18430,MTPRQVSDEA,1898,True,10,
18431,RWPFKYTDNY,1898,True,10,
18432,VDPLAFVDTA,1898,True,10,
18433,WNPFKYTDEQ,1898,True,10,
18434,LCPTGLTDGR,1898,True,10,
18435,WHPVAMTDEG,1898,True,10,
18436,QYPHPFSDTS,1898,True,10,
18437,CVPRAVRDGI,1898,True,10,
18438,YPKAYPLYIL,1898,True,10,
18439,RAPFTMSDAF,1898,True,10,
18440,GRPKFLTDPG,1898,True,10,
18441,SHPYTLTSGA,1898,True,10,
18442,RFPLKVTASG,1898,True,10,
18443,MPPLGFTDTY,1898,True,10,
18444,SVPLNVIDWY,1898,True,10,
18445,YKPADMRDPK,1898,True,10,
18446,TCPFAYTDGV,1898,True,10,
18447,IGAFPFTASG,1898,True,10,
18448,NLPINMHDLW,1898,True,10,
18449,YWPASFKDGV,1898,True,10,
18450,THPMQMRDEY,1898,True,10,
18451,RKPAPWLDLS,1898,True,10,
18452,GFPLNVTVDA,1898,True,10,
18453,KEPAEYVDHW,1898,True,10,
18454,WSVMQLRDQL,1898,True,10,
18455,ADPYGMYDAI,1898,True,10,
18456,RFPLMYFDHV,1898,True,10,
18457,WFVFNYTAWY,1898,True,10,
18458,WNPLPVYTEA,1898,True,10,
18459,CIPLVYTASG,1898,True,10,
18460,GHPYKYADGT,1898,True,10,
18461,VQPVPVPDTV,1898,True,10,
18462,RIPFPYMDES,1898,True,10,
18463,FIPFAFTASG,1898,True,10,
18464,GLPMPVSDGR,1898,True,10,
18465,WFPLDVHDEW,1898,True,10,
18466,SNPFKYIDEK,1898,True,10,
18467,KAPLPVEDHV,1898,True,10,
18468,HRPSAFHYGS,1898,True,10,
18469,NWPRELRDAL,1898,True,10,
18470,KLPTALWDGW,1898,True,10,
18471,GSPAQYIDRH,1898,True,10,
18472,HPPLAFQDGV,1898,True,10,
18473,WFPLDMHDKI,1898,True,10,
18474,ALPVAYADIA,1898,True,10,
18475,CSPLPITVEV,1898,True,10,
18476,HNPAEMHDPW,1898,True,10,
18477,HPPLAFLDVA,1898,True,10,
18478,WPVAPFTDHV,1898,True,10,
18479,RQPASWTDWF,1898,True,10,
18480,SGPAPFRTET,1898,True,10,
18481,FPPLAFVDWF,1898,True,10,
18482,RWPVPMLDHI,1898,True,10,
18483,GSKIPYWADN,1898,True,10,
18484,FRPLQYRDKL,1898,True,10,
18485,RFPLMQADEF,1898,True,10,
18486,PTPLGDVDVW,1898,True,10,
18487,TKPYKYTDEA,1898,True,10,
18488,YPVQPFTASG,1898,True,10,
18489,PIVHLQTASG,1898,True,10,
18490,HRPSPFIDSF,1898,True,10,
18491,TRPLQYADQS,1898,True,10,
18492,KYVRAYIDMV,1898,True,10,
18493,PAPLPVTVEV,1898,True,10,
18494,KCPKQMLDPI,1898,True,10,
18495,PKPLPWAYTF,1898,True,10,
18496,VKPWAYADPF,1898,True,10,
18497,GRPRQLSDIK,1898,True,10,
18498,RTPLMQVDEW,1898,True,10,
18499,PEPLTLRDEQ,1898,True,10,
18500,VAPLNSADEW,1898,True,10,
18501,NCVSALFDAT,1898,True,10,
18502,DVPKQVADGI,1898,True,10,
18503,RCPYSWTASG,1898,True,10,
18504,TVTHQLFDKV,1898,True,10,
18505,YFPLDMIDWF,1898,True,10,
18506,HCPWAYTDNQ,1898,True,10,
18507,MWPREFLDAS,1898,True,10,
18508,ENPYPFRTEQ,1898,True,10,
18509,MHTRPTQDPT,1898,True,10,
18510,HRPLQYTDWG,1898,True,10,
18511,YHPSVFTSVS,1898,True,10,
18512,THPSPFWAQV,1898,True,10,
18513,NRPSAVGDEL,1898,True,10,
18514,YAPRGLGDQI,1898,True,10,
18515,FPIEPDQVTQ,1898,True,10,
18516,LHPRAFTDSV,1898,True,10,
18517,RKPKQLYDTH,1898,True,10,
18518,AYPSAFKVSI,1898,True,10,
18519,VQPLNFHDEA,1898,True,10,
18520,LGPESYFDGK,1898,True,10,
18521,RKLPPLADEF,1898,True,10,
18522,WDPFKYSDEW,1898,True,10,
18523,FTPLDMYDNY,1898,True,10,
18524,KHVYSMWDEL,1898,True,10,
18525,APPYPVQDTW,1898,True,10,
18526,YSPLDYAVEG,1898,True,10,
18527,GYPGMLVTAS,1898,True,10,
18528,VPPRVIHDKT,1898,True,10,
18529,GKPFKYLDHI,1898,True,10,
18530,RWPVSLSDHV,1898,True,10,
18531,VKVFSMWDGS,1898,True,10,
18532,VRPLQYHDLV,1898,True,10,
18533,NHPVAFTDEW,1898,True,10,
18534,GWPLNFKDEG,1898,True,10,
18535,KLPVAYTDPV,1898,True,10,
18536,LKPLWYTDMA,1898,True,10,
18537,KLPKLLYDAF,1898,True,10,
18538,NRPAQMQDFV,1898,True,10,
18539,NGPYTLVDQV,1898,True,10,
18540,VLNLELWDWG,1898,True,10,
18541,FYPLQYADVQ,1898,True,10,
18542,GTPLGQIYEA,1898,True,10,
18543,WAPAQVTASG,1898,True,10,
18544,YFPLDFKDGF,1898,True,10,
18545,YRPLPFSDSV,1898,True,10,
18546,DNPYPFAVGK,1898,True,10,
18547,RQPLTIHDNA,1898,True,10,
18548,WYGLPFLDVW,1898,True,10,
18549,GCPQAFTDPF,1898,True,10,
18550,NEPRNVLDNQ,1898,True,10,
18551,MWIAVGTWQT,1898,True,10,
18552,GRPLQYSDTS,1898,True,10,
18553,MIPALYTDGW,1898,True,10,
18554,WMPSAFHDES,1898,True,10,
18555,YGPLTINDGY,1898,True,10,
18556,CDPLGQIDHF,1898,True,10,
18557,CPRLARSAVI,1898,True,10,
18558,RQPLTITASG,1898,True,10,
18559,QGPWGVTDHI,1898,True,10,
18560,HKPFKYTDAV,1898,True,10,
18561,FRPAQMADNH,1898,True,10,
18562,WKPFDYADQS,1898,True,10,
18563,PHPVAFTASG,1898,True,10,
18564,IGPQTLKDGW,1898,True,10,
18565,ACPMELRDQI,1898,True,10,
18566,FLPRLYTDPW,1898,True,10,
18567,AIPTAFYDEF,1898,True,10,
18568,NIPTSLHDPH,1898,True,10,
18569,WHPSAMHDTW,1898,True,10,
18570,YHISPFPYRI,1898,True,10,
18571,KDPLSYHDGH,1898,True,10,
18572,RQPVPFTDTL,1898,True,10,
18573,HWPVPMLDQW,1898,True,10,
18574,YRPVAYTDWY,1898,True,10,
18575,YCPTGLTASG,1898,True,10,
18576,LCDQLPDKET,1898,True,10,
18577,GMWGELMDTI,1898,True,10,
18578,SPFWELRVQG,1898,True,10,
18579,TWPREYLDER,1898,True,10,
18580,RAPLPVTVEV,1898,True,10,
18581,HRPFSYTDTL,1898,True,10,
18582,CGPRAVWDEV,1898,True,10,
18583,QKPLPFIDEV,1898,True,10,
18584,PNYFPVGLVI,1898,True,10,
18585,ARAYNFADVG,1898,True,10,
18586,AHPIGIWDES,1898,True,10,
18587,YIAFALYDGV,1898,True,10,
18588,RMPLPYTDEG,1898,True,10,
18589,RSPLMMYDES,1898,True,10,
18590,QFISPMSDTS,1898,True,10,
18591,HMPLQNIDWH,1898,True,10,
18592,QKPLQYRDKF,1898,True,10,
18593,FTPLMFADRV,1898,True,10,
18594,VIPLVYTSEI,1898,True,10,
18595,HAPLNFSDWG,1898,True,10,
18596,DWPRQLSDGT,1898,True,10,
18597,HTPLGQIDTK,1898,True,10,
18598,LGPQPLHDTV,1898,True,10,
18599,KQPVAYSDQA,1898,True,10,
18600,NWPVSMSDMY,1898,True,10,
18601,KGPASWQDGA,1898,True,10,
18602,NAPLGFTASG,1898,True,10,
18603,LKITDWLREF,1898,True,10,
18604,HLPTALHVGT,1898,True,10,
18605,PAPLPVTASG,1898,True,10,
18606,KARPARSLIV,1898,True,10,
18607,GMPLAVRTAS,1898,True,10,
18608,RPASAFTDEV,1898,True,10,
18609,MSPLSYTGEQ,1898,True,10,
18610,YPPLSVQDEW,1898,True,10,
18611,GFPLQYTASG,1898,True,10,
18612,IDPKQLTDGA,1898,True,10,
18613,QPAFSLWYGV,1898,True,10,
18614,RFPLKVIDEF,1898,True,10,
18615,YKPRSYTASG,1898,True,10,
18616,LTPVELSDEH,1898,True,10,
18617,MVPVAFTDWD,1898,True,10,
18618,HNPLDFVDGL,1898,True,10,
18619,HWPRAFHDAG,1898,True,10,
18620,CYPASYWDAY,1898,True,10,
18621,CTPMAFHDAG,1898,True,10,
18622,YRPLTIADEA,1898,True,10,
18623,TMDFVPANMA,1898,True,10,
18624,YWPAEMRDIS,1898,True,10,
18625,RSPVPFMVTV,1898,True,10,
18626,WCPTGLTAGL,1898,True,10,
18627,PNPYTLHDGV,1898,True,10,
18628,GCPTGLTDGY,1898,True,10,
18629,LSPLTITVNT,1898,True,10,
18630,AVYQPFASPS,1898,True,10,
18631,DSPYSFRDWG,1898,True,10,
18632,IYPLPARVGS,1898,True,10,
18633,QDPFRNDSDS,1898,True,10,
18634,FPPAQMHDWQ,1898,True,10,
18635,MIPWSVADGK,1898,True,10,
18636,TMPLQYQDSA,1898,True,10,
18637,PVFRALRSQR,1898,True,10,
18638,RFPLKVHDEV,1898,True,10,
18639,WPSRVMPLEP,1898,True,10,
18640,AVPVAWTDLA,1898,True,10,
18641,YMERMAQIMV,1898,True,10,
18642,HTPLEIADNG,1898,True,10,
18643,SVPRPVKYEA,1898,True,10,
18644,NGPYPLTASG,1898,True,10,
18645,YAPLPVFDPQ,1898,True,10,
18646,TFPLNVTDGL,1898,True,10,
18647,AHPSAVSDHT,1898,True,10,
18648,IVPRTLADQG,1898,True,10,
18649,YVPLMVHDEG,1898,True,10,
18650,QLPVAYTDPL,1898,True,10,
18651,YPPLAFKDAF,1898,True,10,
18652,WYPAQMRTMT,1898,True,10,
18653,TAPLPVWDGL,1898,True,10,
18654,RYPLPQMDVF,1898,True,10,
18655,YEPLTIHDHA,1898,True,10,
18656,CHPFKYTASG,1898,True,10,
18657,NSPLQYTDPR,1898,True,10,
18658,PYPRSYLDGY,1898,True,10,
18659,KDPRPYLDVW,1898,True,10,
18660,TAPSAMTDMG,1898,True,10,
18661,YCPTGLTDGS,1898,True,10,
18662,NGPLAFTDEG,1898,True,10,
18663,SCPWDLKDEH,1898,True,10,
18664,GYPWSVYDEW,1898,True,10,
18665,HQPSAFWDGY,1898,True,10,
18666,RGPWKLRDET,1898,True,10,
18667,PKPVAYIDGF,1898,True,10,
18668,GLPLNISDER,1898,True,10,
18669,AYPLPFTVHL,1898,True,10,
18670,TMPLQVFDNH,1898,True,10,
18671,PFPLDFYDPH,1898,True,10,
18672,RAPLPVTDGW,1898,True,10,
18673,HYPLNFYDTG,1898,True,10,
18674,YYRPMWTASG,1898,True,10,
18675,YWPSELRDSW,1898,True,10,
18676,SPPTAFTASG,1898,True,10,
18677,QRPFRLTDGY,1898,True,10,
18678,KPWRPAVLEV,1898,True,10,
18679,CYEPLYQYTY,1898,True,10,
18680,AMPLHMADIS,1898,True,10,
18681,SKPHFMVDPG,1898,True,10,
18682,VLPVEYWDWA,1898,True,10,
18683,YPRDQKEVAF,1898,True,10,
18684,RHPLSQRTEA,1898,True,10,
18685,GYPLGMVHEG,1898,True,10,
18686,IHYLPFWDNG,1898,True,10,
18687,GWPARFTASG,1898,True,10,
18688,HIPLTYADSY,1898,True,10,
18689,QVPAQVYDHT,1898,True,10,
18690,WFPLDMADPW,1898,True,10,
18691,QGPLSYIDIA,1898,True,10,
18692,QMPRAYSDGV,1898,True,10,
18693,EPIYPLWDEI,1898,True,10,
18694,PSPLPFTDVT,1898,True,10,
18695,TKPFSYIDGQ,1898,True,10,
18696,YVPRAVSDQG,1898,True,10,
18697,FGPMPMWDEG,1898,True,10,
18698,VRPAEMIDEW,1898,True,10,
18699,IRPLPFWDPS,1898,True,10,
18700,VAPATVTDEA,1898,True,10,
18701,RFIYELWDQY,1898,True,10,
18702,RVPVPMWDQH,1898,True,10,
18703,YHPSAFTDLA,1898,True,10,
18704,PFRPRRSFQE,1898,True,10,
18705,VRPLQYIDGL,1898,True,10,
18706,GRPLPVQDAI,1898,True,10,
18707,WAINAFRAGK,1898,True,10,
18708,MYPLGITVHR,1898,True,10,
18709,FKPRSYADGF,1898,True,10,
18710,ATPAGVWDGS,1898,True,10,
18711,YKPVYYAVEV,1898,True,10,
18712,WLPVALWDKW,1898,True,10,
18713,VFAPLENLID,1898,True,10,
18714,PYPLTIHDET,1898,True,10,
18715,EYPMSVRDPG,1898,True,10,
18716,YPRPQRKAWT,1898,True,10,
18717,PAPLPVTDGF,1898,True,10,
18718,WYPSELQDSL,1898,True,10,
18719,KEPLTILDGQ,1898,True,10,
18720,SWPVSLRDPG,1898,True,10,
18721,MNVFPLYDEV,1898,True,10,
18722,PCPTAYTASG,1898,True,10,
18723,RYPWSTYDNV,1898,True,10,
18724,IAPAKFWDGH,1898,True,10,
18725,TVSPLEYLEA,1898,True,10,
18726,EGPLAVATEH,1898,True,10,
18727,QRPLQNYDGW,1898,True,10,
18728,VSPMQLQDTG,1898,True,10,
18729,KYPRQYRANI,1898,True,10,
18730,CDPLAYTDMH,1898,True,10,
18731,FQPAQMTDEL,1898,True,10,
18732,QWPKMLYDQL,1898,True,10,
18733,RIPRPVSYKF,1898,True,10,
18734,GVLRLVMDGS,1898,True,10,
18735,VWPSELRDGL,1898,True,10,
18736,MGPWLIQDGL,1898,True,10,
18737,WVEHLGWYLS,1898,True,10,
18738,CTPYELRDTW,1898,True,10,
18739,NQPLVYTDTA,1898,True,10,
18740,HPPLNFTDKI,1898,True,10,
18741,CPRAGVFDAV,1898,True,10,
18742,FHPLQYIDNG,1898,True,10,
18743,HAKGPYALTE,1898,True,10,
18744,LVPRQVADTA,1898,True,10,
18745,HLPLNSWDEF,1898,True,10,
18746,AFPINFTDAW,1898,True,10,
18747,KLPINYTASG,1898,True,10,
18748,RPPLMMTDGR,1898,True,10,
18749,KPPLAFQDTI,1898,True,10,
18750,HFPLGYTVHF,1898,True,10,
18751,RYPWAYTASG,1898,True,10,
18752,ACPTALWAHS,1898,True,10,
18753,PRPRSYTDKW,1898,True,10,
18754,WFPADMIDKS,1898,True,10,
18755,CSPMPFYDER,1898,True,10,
18756,CSPVAFTDNT,1898,True,10,
18757,LKPLQYTDGA,1898,True,10,
18758,YCPTGLFDTY,1898,True,10,
18759,KYPANYWDPW,1898,True,10,
18760,GHPLPFMDTA,1898,True,10,
18761,HCPFTMLDEG,1898,True,10,
18762,TVPVEYTDGR,1898,True,10,
18763,QWPYELRDEG,1898,True,10,
18764,WHPRAVTSNL,1898,True,10,
18765,AYEAAFTYGP,1898,True,10,
18766,KNINPVEDEQ,1898,True,10,
18767,RWPYPFTASG,1898,True,10,
18768,KFPAPWTASG,1898,True,10,
18769,RLPRAITDGV,1898,True,10,
18770,CKPLGQIDAI,1898,True,10,
18771,FYSEPLYDSI,1898,True,10,
18772,WRPASFWDQG,1898,True,10,
18773,SYPVAYTDVS,1898,True,10,
18774,MGPWLQDIRQ,1898,True,10,
18775,YAPKAVADPT,1898,True,10,
18776,RIPLPVSDGR,1898,True,10,
18777,MHPLGQIDNL,1898,True,10,
18778,GTPLQYTDTY,1898,True,10,
18779,YDGLALTASG,1898,True,10,
18780,YFPLDMLDIA,1898,True,10,
18781,YKPSTLTASG,1898,True,10,
18782,RCPMAYLAEQ,1898,True,10,
18783,RYPLKYAVES,1898,True,10,
18784,AYGFPLPLHA,1898,True,10,
18785,DFPLAVHDMG,1898,True,10,
18786,YCPTAYTASQ,1898,True,10,
18787,VGPAFMQDHS,1898,True,10,
18788,NRPSPFYDGA,1898,True,10,
18789,SIPAAVTASG,1898,True,10,
18790,FRPSAYTDEL,1898,True,10,
18791,RHPFKFKDWG,1898,True,10,
18792,MHLAEFWASA,1898,True,10,
18793,RKPAPWLDTA,1898,True,10,
18794,RHYRPLWDAF,1898,True,10,
18795,DTPLNVRTEI,1898,True,10,
18796,TWPVELIDGI,1898,True,10,
18797,YVPRTLSDGS,1898,True,10,
18798,DLPSPFYDLY,1898,True,10,
18799,QIPRPVLDEH,1898,True,10,
18800,PQPRGVISTF,2376,True,10,
18801,STVRGLIGWG,2376,True,10,
18802,QYPKGVRIEA,2376,True,10,
18803,WLPRGVSVAR,2376,True,10,
18804,WGVRAWVDWY,2376,True,10,
18805,LGPRPIGSVI,2376,True,10,
18806,GQPRAVWTKG,2376,True,10,
18807,VNPRGVRTVK,2376,True,10,
18808,MNPRWMRHIY,2376,True,10,
18809,ANPKWMTGVA,2376,True,10,
18810,TGPKGVKTAS,2376,True,10,
18811,HIPRAVLNWS,2376,True,10,
18812,GMPRSWMAIW,2376,True,10,
18813,DTPRNYGNEW,2376,True,10,
18814,HVPRQVFTHG,2376,True,10,
18815,RWPRGWIDHI,2376,True,10,
18816,KGPRSWKGET,2376,True,10,
18817,YQPRPVKASV,2376,True,10,
18818,TKPAFLADMT,2376,True,10,
18819,PNPRSWRATY,2376,True,10,
18820,RPVWGIHSEW,2376,True,10,
18821,FMPRGSLSEV,2376,True,10,
18822,MNPKGVQDIQ,2376,True,10,
18823,TKPVWMTASG,2376,True,10,
18824,FNPRSWANAT,2376,True,10,
18825,RGPKGVKSLH,2376,True,10,
18826,EWPRGQVFQH,2376,True,10,
18827,TQPRGVKVHF,2376,True,10,
18828,VLPRPVMVPV,2376,True,10,
18829,VTPRSWASNW,2376,True,10,
18830,DAPRGLYTNI,2376,True,10,
18831,GFPRGSTASG,2376,True,10,
18832,KTPVGMYGIQ,2376,True,10,
18833,RVPRGVSDIR,2376,True,10,
18834,MRWSALYGNA,2376,True,10,
18835,TQWQGLFTGV,2376,True,10,
18836,QDPRGMANTA,2376,True,10,
18837,RTPVGMFTHY,2376,True,10,
18838,ILPRSWKGAH,2376,True,10,
18839,VGPRPMWGHQ,2376,True,10,
18840,YTPRGNRGSF,2376,True,10,
18841,VSKEAPLSMY,2376,True,10,
18842,AFPRGVTNMW,2376,True,10,
18843,THPIGIHYPR,2376,True,10,
18844,HVPRGVADKT,2376,True,10,
18845,TRPRSWVGSY,2376,True,10,
18846,HRPRSWVDGV,2376,True,10,
18847,YSPKGVQSMS,2376,True,10,
18848,PVVFGLWTNY,2376,True,10,
18849,ELPRWLHNVF,2376,True,10,
18850,DQPRQVGVTF,2376,True,10,
18851,KEPKWMYAPI,2376,True,10,
18852,TGVRGVKVAH,2376,True,10,
18853,TPPVPFLNPR,2376,True,10,
18854,WTVLGIRSHS,2376,True,10,
18855,GAPRSVITAS,2376,True,10,
18856,VFPRSWIGNS,2376,True,10,
18857,SLPRPRDVAH,2376,True,10,
18858,YVPRGVQVLF,2376,True,10,
18859,SKPRTLYAPH,2376,True,10,
18860,NAPSGVRDMY,2376,True,10,
18861,NTPIPIWDGR,2376,True,10,
18862,SMARWMLGPY,2376,True,10,
18863,ATPRSWIGIA,2376,True,10,
18864,KMPRWIVGHQ,2376,True,10,
18865,ESPRGVSDGY,2376,True,10,
18866,LTPRYWRDMW,2376,True,10,
18867,KAPSGVFEGT,2376,True,10,
18868,QNPRSWVALW,2376,True,10,
18869,HARGYRSAIL,2376,True,10,
18870,SVPRYMKNLY,2376,True,10,
18871,VQPRQVQVSQ,2376,True,10,
18872,SGVKGMYNTA,2376,True,10,
18873,DVARAWTASG,2376,True,10,
18874,PMPRNVRTGY,2376,True,10,
18875,AMPRAVRTSY,2376,True,10,
18876,TRVRGLQDHK,2376,True,10,
18877,SGPRSWKNTA,2376,True,10,
18878,TAVIGIRVRA,2376,True,10,
18879,SAPKGVTNIY,2376,True,10,
18880,KGPRGVIANH,2376,True,10,
18881,VCAQAMVGQF,2376,True,10,
18882,WAPVGMLNTY,2376,True,10,
18883,FGPSGWRARG,2376,True,10,
18884,WMVRWLMSWY,2376,True,10,
18885,HMPRQVLDKF,2376,True,10,
18886,SEPRNVRAGY,2376,True,10,
18887,PKWKAYWGPG,2376,True,10,
18888,YKPRSWVSTW,2376,True,10,
18889,TDPRGVQVNF,2376,True,10,
18890,NMPKHMQDMR,2376,True,10,
18891,HTVIWMRVHP,2376,True,10,
18892,DYPRGLAVGY,2376,True,10,
18893,YLPRAVRGPW,2376,True,10,
18894,NQPRGLSDPV,2376,True,10,
18895,MRPRGVKGNT,2376,True,10,
18896,IAPRWIQGNH,2376,True,10,
18897,GLPRAWKGRT,2376,True,10,
18898,GYPRAFWSTY,2376,True,10,
18899,NYRFAPELWT,2376,True,10,
18900,PGRQKRGAFP,2376,True,10,
18901,CPGRALWDWT,2376,True,10,
18902,SCPKGMRTQT,2376,True,10,
18903,HNVRAVRDPI,2376,True,10,
18904,NQPRGQYTVI,2376,True,10,
18905,QGVRAVTASG,2376,True,10,
18906,DCPRGNWSVT,2376,True,10,
18907,AMPKWIRSAG,2376,True,10,
18908,TYPSGWKSWI,2376,True,10,
18909,LWPRWMINTY,2376,True,10,
18910,YFPRGSQSPI,2376,True,10,
18911,PFRQNLMAVP,2376,True,10,
18912,PMGRYLFSNR,2376,True,10,
18913,AYPRAFLDGF,2376,True,10,
18914,YTPRGNVDRV,2376,True,10,
18915,TNPRGLIDQT,2376,True,10,
18916,PEPRNVRAVI,2376,True,10,
18917,LHNRAVKAFI,2376,True,10,
18918,PMPRNVFTNA,2376,True,10,
18919,PIWAPMLGKY,2376,True,10,
18920,TVPRGVKNHS,2376,True,10,
18921,MWPRGVKSIW,2376,True,10,
18922,EWPRWLSDQA,2376,True,10,
18923,VEPLGYQSWI,2376,True,10,
18924,RTPRQMTASG,2376,True,10,
18925,SPVRAMHGNL,2376,True,10,
18926,FVPRGSGYTW,2376,True,10,
18927,TSPRSWKSQY,2376,True,10,
18928,TYPRGWSTAV,2376,True,10,
18929,NDPRSWYGQY,2376,True,10,
18930,FTPRGNTASG,2376,True,10,
18931,YPPRGSNNIF,2376,True,10,
18932,FQPRNLITAS,2376,True,10,
18933,ITPRYLSDGF,2376,True,10,
18934,NRPRSWFGRY,2376,True,10,
18935,QNPRGVSTGF,2376,True,10,
18936,RMGRALFGER,2376,True,10,
18937,GYVRGLRTAS,2376,True,10,
18938,VPVRAHWDPF,2376,True,10,
18939,EGPRFIWGWL,2376,True,10,
18940,LAPRFMKGHS,2376,True,10,
18941,LSPRWLASWH,2376,True,10,
18942,YRGIVGTYQL,2376,True,10,
18943,MWPRDVKATY,2376,True,10,
18944,PKPRSWVALF,2376,True,10,
18945,IVPRNVRNHG,2376,True,10,
18946,HLPRGQSTAR,2376,True,10,
18947,EVARAWTASG,2376,True,10,known_sequence
18948,FSPRLVRDWQ,2376,True,10,
18949,SNPYGMRNGQ,2376,True,10,
18950,PIPRPVADPG,2376,True,10,
18951,NSVRWLMGPH,2376,True,10,
18952,WVPRGVKDIY,2376,True,10,
18953,YRPRGFGVTG,2376,True,10,
18954,KRVRGMTVIV,2376,True,10,
18955,VKPRWLSGSV,2376,True,10,
18956,AYPRSWIATY,2376,True,10,
18957,YKPAGVYTPK,2376,True,10,
18958,GLPRPVYTAS,2376,True,10,
18959,NKPKWMRTGA,2376,True,10,
18960,WNPRGLATGH,2376,True,10,
18961,QHWGGLTAIA,2376,True,10,
18962,WNPKWMTRWG,2376,True,10,
18963,IKPRGVLNLV,2376,True,10,
18964,LRPRNYSVAR,2376,True,10,
18965,PMGRALHSPF,2376,True,10,
18966,TAPRYLYTSY,2376,True,10,
18967,LAPRGVSFTY,2376,True,10,
18968,AKPKGVRDTK,2376,True,10,
18969,PGPSHYRAGV,2376,True,10,
18970,GNPRGMKTPY,2376,True,10,
18971,VEPRNYKSTW,2376,True,10,
18972,YQVRAVRANA,2376,True,10,
18973,SMPRNVITAS,2376,True,10,
18974,ETPRSWVNMA,2376,True,10,
18975,HNPRGVFTAI,2376,True,10,
18976,VNPRWITSWA,2376,True,10,
18977,YWPRWLTSKY,2376,True,10,
18978,AGRPEIRATE,2376,True,10,
18979,GLPRSWITAS,2376,True,10,
18980,FIPRPVYDIY,2376,True,10,
18981,MVPRGVKGSK,2376,True,10,
18982,QIVRAVRAMH,2376,True,10,
18983,GYTYPGKLPF,2376,True,10,
18984,DKPRNIHDGH,2376,True,10,
18985,PFPRNVLDGQ,2376,True,10,
18986,NVPRGSTNWG,2376,True,10,
18987,YTPRGQITNG,2376,True,10,
18988,VGPRVMKAKT,2376,True,10,
18989,QKWFGLWDTA,2376,True,10,
18990,RYPRGVRTGH,2376,True,10,
18991,IMDNPYMYIH,2376,True,10,
18992,QKVRGMSVES,2376,True,10,
18993,WVPRGVGVKF,2376,True,10,
18994,QMPKFLRDLH,2376,True,10,
18995,NRPAGVKGAG,2376,True,10,
18996,KGPRSYIGTG,2376,True,10,
18997,VTPRSWIGSW,2376,True,10,
18998,WNVRGMWTPI,2376,True,10,
18999,MGPRGSVNPV,2376,True,10,
19000,KHARGMHSIA,2376,True,10,
19001,SPVRGLISIG,2376,True,10,
19002,FTPRSMRTGF,2376,True,10,
19003,YVPRGVADVR,2376,True,10,
19004,MTVRGMWSGV,2376,True,10,
19005,FTPRGNYTEY,2376,True,10,
19006,AYPRGMSTWA,2376,True,10,
19007,VAPRSFANVY,2376,True,10,
19008,GEPRNVLGVL,2376,True,10,
19009,NVLRNLRSGS,2376,True,10,
19010,ANAVAMPGVG,2376,True,10,
19011,PKPSGVRVHT,2376,True,10,
19012,VGPRSWYGEY,2376,True,10,
19013,FGPRSWIVPY,2376,True,10,
19014,VSGRALRAET,2376,True,10,
19015,PGPKWMQGKF,2376,True,10,
19016,VSVWGITASG,2376,True,10,
19017,ARPRSWTGIG,2376,True,10,
19018,DGPKGMKGEY,2376,True,10,
19019,EAPRGNAGFK,2376,True,10,
19020,FAPRGQVDAF,2376,True,10,
19021,ANPKWMRAPI,2376,True,10,
19022,PTPRYWINGH,2376,True,10,
19023,IAGIVTNIMP,2376,True,10,
19024,NGPYGMHNIT,2376,True,10,
19025,EMPRQVLDAG,2376,True,10,
19026,IWVRAVRGEY,2376,True,10,
19027,TLPRPVLATQ,2376,True,10,
19028,WSPRWLSYPV,2376,True,10,
19029,HGPRSWQGPY,2376,True,10,
19030,NVLRNWHSAV,2376,True,10,
19031,VWPRGWHDNV,2376,True,10,
19032,RLPINLFGWG,2376,True,10,
19033,ITPRYWRDML,2376,True,10,
19034,NYPRNILAWY,2376,True,10,
19035,IPRPLRSTQV,2376,True,10,
19036,AIARAMHGIW,2376,True,10,
19037,TVPRAWSASW,2376,True,10,
19038,YTPRGLVDAI,2376,True,10,
19039,ILPTSLHDKG,2376,True,10,
19040,AEPRNWRAGT,2376,True,10,
19041,EKPRGVVQGR,2376,True,10,
19042,YKAVALPDRF,2376,True,10,
19043,FHARSMRNTY,2376,True,10,
19044,GEPRNVYTAS,2376,True,10,
19045,ETPSWLKGSR,2376,True,10,
19046,GFPRWLQTAS,2376,True,10,
19047,ESPRGWKGQW,2376,True,10,
19048,SKPRWLMSRV,2376,True,10,
19049,TYPRSWTVFQ,2376,True,10,
19050,FMPRNVYVQL,2376,True,10,
19051,GLPRVLYTAS,2376,True,10,
19052,EFPRGSTASG,2376,True,10,
19053,SAPRGVLSGY,2376,True,10,
19054,VKPRWITGIS,2376,True,10,
19055,NGPYGMRTVY,2376,True,10,
19056,IGSRALANIH,2376,True,10,
19057,WIPRPVFGMG,2376,True,10,
19058,CEPAGVRGTG,2376,True,10,
19059,QAPRGVYTHI,2376,True,10,
19060,PVPRYLSHET,2376,True,10,
19061,SPVMGIRGHL,2376,True,10,
19062,FNVRGMYGWG,2376,True,10,
19063,WGVRAIWNPG,2376,True,10,
19064,QSVRGVRAST,2376,True,10,
19065,DTPRSWITWI,2376,True,10,
19066,RIPRMLVDST,2376,True,10,
19067,VVPRGVFNTA,2376,True,10,
19068,RDPRWLSGEH,2376,True,10,
19069,YLPRPVHGQI,2376,True,10,
19070,WRPRGVFNGA,2376,True,10,
19071,YRVRGLRDEQ,2376,True,10,
19072,KVPRGVKWHI,2376,True,10,
19073,TLPVPMLNTQ,2376,True,10,
19074,LPVRGMHGQG,2376,True,10,
19075,KNPKGVRTWG,2376,True,10,
19076,KVPRAWRGHT,2376,True,10,
19077,LPGRPLMDNF,2376,True,10,
19078,GTYRSMWTAS,2376,True,10,
19079,FYPRGMVNVW,2376,True,10,
19080,TWPRNLIAQY,2376,True,10,
19081,MTPRGNSGWQ,2376,True,10,
19082,DTPRGQTVSR,2376,True,10,
19083,VTPRSWSGEV,2376,True,10,
19084,YFARPLSAEI,2376,True,10,
19085,GAPRSWLGEY,2376,True,10,
19086,PSVRAVTASG,2376,True,10,
19087,TNPVALQHQV,2376,True,10,
19088,KTPRQLKSPF,2376,True,10,
19089,YVPRAVMDHI,2376,True,10,
19090,SIPRPVMAEQ,2376,True,10,
19091,TVIRWLIGPR,2376,True,10,
19092,DPHRSLYTAS,2376,True,10,
19093,MAPKWMRHWG,2376,True,10,
19094,VGPRPIWVPR,2376,True,10,
19095,NKPRSWASTY,2376,True,10,
19096,TGYAWMWGSR,2376,True,10,
19097,FQPRGVTDTA,2376,True,10,
19098,GKPVSMRTAS,2376,True,10,
19099,AAPRAVHDNK,2376,True,10,
19100,GRYRATWSHF,2376,True,10,
19101,KAPRGQIAWS,2376,True,10,
19102,NPVYGMQGMA,2376,True,10,
19103,KVPRNMTVRV,2376,True,10,
19104,VNPRGVKTAS,2376,True,10,
19105,RIPRWIVMGY,2376,True,10,
19106,YPGRALIVHG,2376,True,10,
19107,LVPRYWIDNG,2376,True,10,
19108,MIPRWLAVNA,2376,True,10,
19109,QVPRWLSGQY,2376,True,10,
19110,DPVYALTASG,2376,True,10,
19111,LSTRWLWALG,2376,True,10,
19112,SPVRGMKGNQ,2376,True,10,
19113,EGPRWLMANT,2376,True,10,
19114,TSPVWLRHQY,2376,True,10,
19115,YNPFGMSHIL,2376,True,10,
19116,SKPRNVFDNW,2376,True,10,
19117,VHPRGVYAEK,2376,True,10,
19118,KHPSGVLDIV,2376,True,10,
19119,GWPRGLSTAS,2376,True,10,
19120,VARKPRQLEI,2376,True,10,
19121,FQPRGNLNIT,2376,True,10,
19122,TPVGWMSGSA,2376,True,10,
19123,TVPKWIIAEA,2376,True,10,
19124,NPVRGMYSNI,2376,True,10,
19125,WAPRGSWTPL,2376,True,10,
19126,IYPRWMSGQV,2376,True,10,
19127,VAPRYWTASG,2376,True,10,
19128,KVPRGVWTGK,2376,True,10,
19129,GIVRSMRVIT,2376,True,10,
19130,YMPRGVAVTY,2376,True,10,
19131,WDPLGIYKPG,2376,True,10,
19132,GMPRSHRDAY,2376,True,10,
19133,EAPRWMISVS,2376,True,10,
19134,SQPRGLTYSY,2376,True,10,
19135,IKPSGVKDPG,2376,True,10,
19136,LKPRNITGWQ,2376,True,10,
19137,ANPRSMTASA,2376,True,10,
19138,ATPRSHGYIS,2376,True,10,
19139,VPPRNVYVRF,2376,True,10,
19140,IQSRGLQGIK,2376,True,10,
19141,MKVRGMVGEY,2376,True,10,
19142,NVPRGVKVQK,2376,True,10,
19143,DFPKGVFVIV,2376,True,10,
19144,MTPRGQSTNR,2376,True,10,
19145,LIPRWLKSGW,2376,True,10,
19146,YVPRYLQATQ,2376,True,10,
19147,VRPRGVFTGS,2376,True,10,
19148,PVVRAHLGNR,2376,True,10,
19149,WFPKGMRNRT,2376,True,10,
19150,TIPRPVQSVA,2376,True,10,
19151,LQPRNIKGEQ,2376,True,10,
19152,TKPRWMHNQH,2376,True,10,
19153,AYPRGLGVNW,2376,True,10,
19154,DYPKWMVNMK,2376,True,10,
19155,INWRNLYDQG,2376,True,10,
19156,SVPRGVKTAS,2376,True,10,
19157,FWPNPFYGQT,2376,True,10,
19158,VRPRQVFTQY,2376,True,10,
19159,KQPVPMRHVY,2376,True,10,
19160,YVPRQVMGEY,2376,True,10,
19161,VCPRGQIGWL,2376,True,10,
19162,KTVRGMYSPV,2376,True,10,
19163,PTPRGNWYGF,2376,True,10,
19164,SAPRSMAGIF,2376,True,10,
19165,TGPKWMIGPR,2376,True,10,
19166,NWPSGWYAIA,2376,True,10,
19167,GWPRGLSTAS,2376,True,10,
19168,LEPRNVANFL,2376,True,10,
19169,WGWASILGLF,2376,True,10,
19170,GSPRGVRTAS,2376,True,10,
19171,VFPKGVKVQK,2376,True,10,
19172,GQWYGIRTAS,2376,True,10,
19173,YSPRWMINIV,2376,True,10,
19174,TLPRYWRATW,2376,True,10,
19175,NTVRGMVSAK,2376,True,10,
19176,GVPRGVLTAS,2376,True,10,
19177,EMPRGVKGWL,2376,True,10,
19178,TAVRSLRGIW,2376,True,10,
19179,FTPRGNFMTS,2376,True,10,
19180,SWTRGLFDIK,2376,True,10,
19181,NVPRAWTASG,2376,True,10,
19182,MAPSGWTASG,2376,True,10,
19183,VAPRVLAVGK,2376,True,10,
19184,AGPVPMWSEY,2376,True,10,
19185,RSPVWMTGNS,2376,True,10,
19186,LWPKWMIGMQ,2376,True,10,
19187,PTPRQVADKG,2376,True,10,
19188,VVPRGVQVWF,2376,True,10,
19189,GNPRWMYTAS,2376,True,10,
19190,SGYRGLWTAS,2376,True,10,
19191,QLPRALQNEK,2376,True,10,
19192,VSPRGFHSNH,2376,True,10,
19193,KIPRWIMSGI,2376,True,10,
19194,GPVRGMQGEG,2376,True,10,
19195,WTPRGNVDGY,2376,True,10,
19196,NYPRGLQSGW,2376,True,10,
19197,TYPRAFRAEG,2376,True,10,
19198,SVPKWIMAKQ,2376,True,10,
19199,HKPRGQNGIL,2376,True,10,
19200,PTPRYWVGML,3757,True,10,
19201,DPARSMVGMK,3757,True,10,
19202,SGPRSWIGTA,3757,True,10,
19203,YVPVWMTGHF,3757,True,10,
19204,VHPVAFTASG,3757,True,10,
19205,PVPVNFWSHF,3757,True,10,
19206,WKPSGVTNGA,3757,True,10,
19207,VGPSGFTASG,3757,True,10,
19208,GKPRNVTASG,3757,True,10,
19209,LPWRALRNVF,3757,True,10,
19210,HFVRGMTASG,3757,True,10,
19211,SFPVGMFSWH,3757,True,10,
19212,KAPVPMWSTW,3757,True,10,
19213,SVPSAVFAMY,3757,True,10,
19214,AWPRGLAQEF,3757,True,10,
19215,GSPRSYRGTG,3757,True,10,
19216,APKEYTHFMG,3757,True,10,
19217,FVPRAVRGIL,3757,True,10,
19218,PAWSNLFAIV,3757,True,10,
19219,TVLRQIMGWY,3757,True,10,
19220,FQPSAMSGEG,3757,True,10,
19221,NMPRQVRGGY,3757,True,10,
19222,MFPAGVYAWA,3757,True,10,
19223,RKPRGVKGHW,3757,True,10,
19224,MSPRGVYSWI,3757,True,10,
19225,VRPSATSGPW,3757,True,10,
19226,FVPVQMTGTQ,3757,True,10,
19227,YGPRSMANAF,3757,True,10,
19228,KFPVAYTSPK,3757,True,10,
19229,PMPRYMYGTW,3757,True,10,
19230,PSPRYMYGAK,3757,True,10,
19231,DPRKMRSVSV,3757,True,10,
19232,PMVRGVAVQL,3757,True,10,
19233,AMEDPYVRIF,3757,True,10,
19234,AVPVWLYSEQ,3757,True,10,
19235,CAPYGMFTAS,3757,True,10,
19236,QMPKWMAGIQ,3757,True,10,
19237,HSVRAVHSPF,3757,True,10,
19238,IAPEWMHGYL,3757,True,10,
19239,VRPRGNFVWS,3757,True,10,
19240,RAPRSMHGTG,3757,True,10,
19241,PRPVHMHARG,3757,True,10,
19242,TSVRPVYGMG,3757,True,10,
19243,KPPVPMWSGK,3757,True,10,
19244,QKPRGNTGKW,3757,True,10,
19245,FVPSGFWGLT,3757,True,10,
19246,MVPRGVKSVA,3757,True,10,
19247,GWPRQVYAHK,3757,True,10,
19248,PAPRGMSGSY,3757,True,10,
19249,TYPRAFTASG,3757,True,10,
19250,VFPSGFTASG,3757,True,10,
19251,GNPIPIWTAS,3757,True,10,
19252,RNPVWMRNWQ,3757,True,10,
19253,GRPRSWFTAS,3757,True,10,
19254,VKPVGMYSIL,3757,True,10,
19255,RSPVAYTGVA,3757,True,10,
19256,GTPRSYHGTF,3757,True,10,
19257,QMPRGVIVSH,3757,True,10,
19258,TPPVGMSVRS,3757,True,10,
19259,DIVLNSYAPF,3757,True,10,
19260,FEPRGNVTRA,3757,True,10,
19261,FGPRGVTGWH,3757,True,10,
19262,SVPRAVHGVL,3757,True,10,
19263,ATPRQVTASG,3757,True,10,
19264,IFPRGKVRWA,3757,True,10,
19265,WSPLSYRAML,3757,True,10,
19266,SVGRALIGLY,3757,True,10,
19267,SFPRTLAGIY,3757,True,10,
19268,QAPRGSTDGK,3757,True,10,
19269,IAPRNIHGTF,3757,True,10,
19270,QMPRSWIGPV,3757,True,10,
19271,SQPRGVTASG,3757,True,10,
19272,AWPKWIAVNW,3757,True,10,
19273,MAPRAFKGAF,3757,True,10,
19274,MTPVGMKGVS,3757,True,10,
19275,FGPRPVKGWL,3757,True,10,
19276,TRPASWIGTG,3757,True,10,
19277,QTVRGVTASG,3757,True,10,
19278,NVPIWIWVPH,3757,True,10,
19279,AAPRSKTASG,3757,True,10,
19280,FIPRPVLGRN,3757,True,10,
19281,QARAPEGNQN,3757,True,10,
19282,QSPRSWTASG,3757,True,10,
19283,QWPVGMWSES,3757,True,10,
19284,NTPVGMYSKH,3757,True,10,
19285,YAPRSKPVIF,3757,True,10,
19286,FVPRQVTASG,3757,True,10,
19287,TVPKWLTGTR,3757,True,10,
19288,NAPYGMHVMT,3757,True,10,
19289,VAPRVMVGVS,3757,True,10,
19290,QAPRGSKGVH,3757,True,10,
19291,IQPRGMQTAT,3757,True,10,
19292,TQPRAHISPQ,3757,True,10,
19293,VDPRQVYGSA,3757,True,10,
19294,GAPRVLYGAS,3757,True,10,
19295,TPSRPLMGAL,3757,True,10,
19296,GFPRAFKGPR,3757,True,10,
19297,FAPRGVTASG,3757,True,10,
19298,HGPRSLYAIF,3757,True,10,
19299,SAPSNWYTGF,3757,True,10,
19300,YMPRGSFSRG,3757,True,10,
19301,KSPKGVTASG,3757,True,10,
19302,ASYRGLSSHQ,3757,True,10,
19303,KNPRGVSTIW,3757,True,10,
19304,VTPKWMHGIG,3757,True,10,
19305,SPARSLFSPF,3757,True,10,
19306,PKPIQVYGHT,3757,True,10,
19307,TQPKGLWGVG,3757,True,10,
19308,LQPRGVSAEV,3757,True,10,
19309,GTPSGWTSTT,3757,True,10,
19310,SVPKGVYNIK,3757,True,10,
19311,VWPRGQTVIF,3757,True,10,
19312,TFPRASQGTQ,3757,True,10,
19313,FAPASTVGLV,3757,True,10,
19314,SQPRGMKGKG,3757,True,10,
19315,SVAKPLWAKY,3757,True,10,
19316,WGIASLFGAV,3757,True,10,
19317,VCVRAMTGNH,3757,True,10,
19318,YPARGVTASG,3757,True,10,
19319,VTPVGMTNVA,3757,True,10,
19320,TFPFSNFARH,3757,True,10,
19321,PIPAWMRGQH,3757,True,10,
19322,SWPVGMWNMS,3757,True,10,
19323,IMPRFIISHW,3757,True,10,
19324,TMPRGVKVPR,3757,True,10,
19325,MMPRGQVGEK,3757,True,10,
19326,GDPKGMFGTL,3757,True,10,
19327,TAPKLLYSAK,3757,True,10,
19328,PQPRSWMATF,3757,True,10,
19329,YVPRAVYAVH,3757,True,10,
19330,SFWLNYRAVG,3757,True,10,
19331,APAFNMVGVF,3757,True,10,
19332,PNPSGVTASG,3757,True,10,
19333,NIPRAYTGMH,3757,True,10,
19334,WAPRGSAVSV,3757,True,10,
19335,VTPKGMTSHY,3757,True,10,
19336,YHVRGMIGWR,3757,True,10,
19337,AVQGSLYDQG,3757,True,10,
19338,YKTQSLMGRF,3757,True,10,
19339,RAVKGMYGMK,3757,True,10,
19340,PKPRGNFSLI,3757,True,10,
19341,HIPVNMVGSR,3757,True,10,
19342,QYPRGVIGIG,3757,True,10,
19343,PFARNLSGTY,3757,True,10,
19344,YMIWFIHGMA,3757,True,10,
19345,AIPRPVQSRT,3757,True,10,
19346,SFPRAVRGWT,3757,True,10,
19347,ERPSQMKGIQ,3757,True,10,
19348,RSPRYMKSWI,3757,True,10,
19349,WNPSWLYTQF,3757,True,10,
19350,FRPRGQYHPQ,3757,True,10,
19351,TAPKWIMYPG,3757,True,10,
19352,AIRAPRSIVG,3757,True,10,
19353,AVPRAWSGMI,3757,True,10,
19354,ANPVAMISGY,3757,True,10,
19355,HSPLGYTASG,3757,True,10,
19356,RPMSSWFAIA,3757,True,10,
19357,GVPSAVTSMI,3757,True,10,
19358,ESPRSWMSGH,3757,True,10,
19359,ATPRSYAQRY,3757,True,10,
19360,VQPRSWVAHT,3757,True,10,
19361,KVPVGMHGPV,3757,True,10,
19362,MKPRSWASEY,3757,True,10,
19363,TMPRGVSGEA,3757,True,10,
19364,VRWSWLYGHR,3757,True,10,
19365,LYPRGQVTPK,3757,True,10,
19366,TKPRPVYGMV,3757,True,10,
19367,LVPFGSTSKL,3757,True,10,
19368,GWPRGSKVTW,3757,True,10,
19369,PTPRSYSVPH,3757,True,10,
19370,YWPRELASWS,3757,True,10,
19371,CTPIELYGPY,3757,True,10,
19372,RPIYALTGSG,3757,True,10,
19373,VAPASVSGRW,3757,True,10,
19374,LQPNAFVGRY,3757,True,10,
19375,KRPSKYQSRI,3757,True,10,
19376,YKPVNMASWT,3757,True,10,
19377,RNPRSWYSQG,3757,True,10,
19378,FWPREVRGMV,3757,True,10,
19379,HSPLGFQGQL,3757,True,10,
19380,MMPRSVKGIR,3757,True,10,
19381,VMPRVLFGMG,3757,True,10,
19382,RVPVGMSVQY,3757,True,10,
19383,FGPSWLIGAS,3757,True,10,
19384,QVPRAVVGPF,3757,True,10,
19385,PGPRSLSAVQ,3757,True,10,
19386,SFPLKVMSGY,3757,True,10,
19387,VTVRGLAGVF,3757,True,10,
19388,SGPKGVFGTA,3757,True,10,
19389,SNPSGWQVHF,3757,True,10,
19390,DVPRQVSGSQ,3757,True,10,
19391,ATPRAYHGIF,3757,True,10,
19392,YPPRTLWSGQ,3757,True,10,
19393,VSPVPFWALS,3757,True,10,
19394,YKPVGMAGAW,3757,True,10,
19395,WTVRGMHSGA,3757,True,10,
19396,VQPSWLVGNH,3757,True,10,
19397,QAPRSWIGVG,3757,True,10,
19398,WLPRAVAGIV,3757,True,10,
19399,IVPRGVFMIT,3757,True,10,
19400,SGYASMRGTA,3757,True,10,
19401,YTPKGLGSWT,3757,True,10,
19402,TIVFWMSGWG,3757,True,10,
19403,AVARAWIGVW,3757,True,10,
19404,TSPRSLAGTR,3757,True,10,
19405,FNPSWKSGMG,3757,True,10,
19406,FSPLVYIGTK,3757,True,10,
19407,FPVRAYLSAK,3757,True,10,
19408,KQPRGVAGPF,3757,True,10,
19409,NEPRGVQVSV,3757,True,10,
19410,EVSVPRWGTW,3757,True,10,
19411,FKPRNVTASG,3757,True,10,
19412,TEPRDFLGAS,3757,True,10,
19413,RKVREVHVIR,3757,True,10,
19414,IYPVGMWAVY,3757,True,10,
19415,VRVRNVYSVI,3757,True,10,
19416,RHPRAVYGNG,3757,True,10,
19417,EMPRNITASG,3757,True,10,
19418,MAPRLYIGWS,3757,True,10,
19419,VRPRGVKSVL,3757,True,10,
19420,RFPKGMTASG,3757,True,10,
19421,VTVRGQIAYA,3757,True,10,
19422,TMPRAFTAGS,3757,True,10,
19423,GYPRGMSTAS,3757,True,10,
19424,VMYRSLVSYQ,3757,True,10,
19425,VQPRGVTASG,3757,True,10,
19426,TIPRPVMGPK,3757,True,10,
19427,SVPSGVTASG,3757,True,10,
19428,TMPRGVRTHG,3757,True,10,
19429,PMPRAVSSAY,3757,True,10,
19430,PTPSWLQAVL,3757,True,10,
19431,ASPSGVFVNF,3757,True,10,
19432,QYPRAFKGVS,3757,True,10,
19433,KWPRELYASY,3757,True,10,
19434,PRPVHMLGVH,3757,True,10,
19435,DAPTSMLGWY,3757,True,10,
19436,NYPRAVYGIT,3757,True,10,
19437,FPARSMYGIQ,3757,True,10,
19438,AKPSGVSGQY,3757,True,10,
19439,AGPSWITGMA,3757,True,10,
19440,TSVRAVMSTS,3757,True,10,
19441,VAPRVLSASY,3757,True,10,
19442,PVPRGSADRS,3757,True,10,
19443,YGPRAVANIF,3757,True,10,
19444,MLWMRLTSMF,3757,True,10,
19445,NVPRGVKAIY,3757,True,10,
19446,IGPQWIKGWF,3757,True,10,
19447,KEPRNVYGKA,3757,True,10,
19448,WPTRWLYGWH,3757,True,10,
19449,DRPFAYHGIA,3757,True,10,
19450,GQPRGVAGSH,3757,True,10,
19451,PVPKWMTASG,3757,True,10,
19452,NTPKGMYGVY,3757,True,10,
19453,VVPAWMVGVS,3757,True,10,
19454,FMPRGQMPIV,3757,True,10,
19455,TGPKVMYANH,3757,True,10,
19456,LSHLAFRQMA,3757,True,10,
19457,HTVRGMTASG,3757,True,10,
19458,GPPRSWTSHW,3757,True,10,
19459,VTPRSWLGTI,3757,True,10,
19460,TQPRGYQGPY,3757,True,10,
19461,PNPSAMHSLK,3757,True,10,
19462,ETPRGWASAS,3757,True,10,
19463,VSPAYMHGTF,3757,True,10,
19464,KAPKWMIGWG,3757,True,10,
19465,EAPRSWTASG,3757,True,10,
19466,SLPRVLMGMY,3757,True,10,
19467,RTPRSYIGEI,3757,True,10,
19468,NVPVPMWSWH,3757,True,10,
19469,SRPRPVYDHS,3757,True,10,
19470,GWPRGSVSIH,3757,True,10,
19471,FQPVSFWGAY,3757,True,10,
19472,PKPRGVTVTG,3757,True,10,
19473,WSPLEYRGIH,3757,True,10,
19474,VAPAKFYSPL,3757,True,10,
19475,MRNFQLTASG,3757,True,10,
19476,GVPRSVTAHT,3757,True,10,
19477,SIPFPMANVW,3757,True,10,
19478,WHPSALTSLG,3757,True,10,
19479,TVPRAWQAGF,3757,True,10,
19480,WTPFGQTASG,3757,True,10,
19481,RSPLAIRSVF,3757,True,10,
19482,TAPRGVTASG,3757,True,10,
19483,TVPRAWYGMT,3757,True,10,
19484,QVPRGVTASG,3757,True,10,
19485,SHVRGVKGMH,3757,True,10,
19486,SRVRGLHVMP,3757,True,10,
19487,SAPRSMWGIF,3757,True,10,
19488,DTPYGMTASG,3757,True,10,
19489,VWVRAVTASG,3757,True,10,
19490,GTVKGMYTAK,3757,True,10,
19491,YDYVMPSTWL,3757,True,10,
19492,DKPRGVSVIF,3757,True,10,
19493,VAPKWMIGNY,3757,True,10,
19494,AWPSGMFGNG,3757,True,10,
19495,TLPRSWVGHA,3757,True,10,
19496,LGPRQVTGVA,3757,True,10,
19497,GHAVNMFGVL,3757,True,10,
19498,YGVRGMGSTS,3757,True,10,
19499,VSTPLASPKL,3757,True,10,
19500,PKPAKLTASG,3757,True,10,
19501,TRVLQVYSWG,3757,True,10,
19502,YRVAAVYGWG,3757,True,10,
19503,FAPRNVGNGR,3757,True,10,
19504,TQPKWMYGRF,3757,True,10,
19505,TPVGWMSGSW,3757,True,10,
19506,YAPRSKSQNI,3757,True,10,
19507,RVPRGVQSTH,3757,True,10,
19508,RIPASWSGIQ,3757,True,10,
19509,SRPRNYTATA,3757,True,10,
19510,YHPWAIRAEF,3757,True,10,
19511,MVPKGVSDSF,3757,True,10,
19512,VPMFRSVGLG,3757,True,10,
19513,HAPRGSTPIW,3757,True,10,
19514,IWHAWMRGWS,3757,True,10,
19515,KWPRWIYAHK,3757,True,10,
19516,PRPSALVGIG,3757,True,10,
19517,HPPRSWINWV,3757,True,10,
19518,NASGPMYPQL,3757,True,10,
19519,VLPRAVSAWA,3757,True,10,
19520,KGPSGAYVTA,3757,True,10,
19521,FSQRPAMDIP,3757,True,10,
19522,TPVLGQSGQH,3757,True,10,
19523,DRPSWSYSNW,3757,True,10,
19524,TGPRSYFAGR,3757,True,10,
19525,FYPAWMQSWY,3757,True,10,
19526,SAPRSWTASG,3757,True,10,
19527,FAPARFWNGW,3757,True,10,
19528,VFPSGVFANY,3757,True,10,
19529,FAPRNIWSIK,3757,True,10,
19530,TPVFWMRGHW,3757,True,10,
19531,TSGYPMYSIV,3757,True,10,
19532,KGPYGMATPF,3757,True,10,
19533,MRVSWLYGIA,3757,True,10,
19534,MYPRAFHGSY,3757,True,10,
19535,GAPRSMHGPW,3757,True,10,
19536,PQPRGVTASG,3757,True,10,
19537,DRPSGMWVSI,3757,True,10,
19538,SKPKGMTASG,3757,True,10,
19539,GSPLPFMGQH,3757,True,10,
19540,TPAHGFFAWA,3757,True,10,
19541,IQPFGFMASW,3757,True,10,
19542,FRARSMHGPY,3757,True,10,
19543,MSPRKFTASG,3757,True,10,known_sequence
19544,SIPARFAGRI,3757,True,10,
19545,TIPRGMAGIL,3757,True,10,
19546,APVVSMRAWI,3757,True,10,
19547,RPPVAFIGQW,3757,True,10,
19548,YTPRSYHANA,3757,True,10,
19549,FTPVAMTSAW,3757,True,10,
19550,WNPSGMGTAS,3757,True,10,
19551,ALSYPTPATA,3757,True,10,
19552,TGPWGVSTIG,3757,True,10,
19553,RSPVAFTASG,3757,True,10,
19554,DVPFGMYSKV,3757,True,10,
19555,LATRWYWGER,3757,True,10,
19556,AVTFWMWGIQ,3757,True,10,
19557,MDPKVSAPWG,3757,True,10,
19558,TMPRVLYGWI,3757,True,10,
19559,RAPSGMWSTV,3757,True,10,
19560,GTPRSMTGMG,3757,True,10,
19561,RNPLGIAVMS,3757,True,10,
19562,FPGLHLMAGA,3757,True,10,
19563,YTPRSQIAPY,3757,True,10,
19564,IMPRQVSGSI,3757,True,10,
19565,LMPRQVSGVQ,3757,True,10,
19566,WSPLGFTGIH,3757,True,10,
19567,QIVRGVTASG,3757,True,10,
19568,FGPSSYIATS,3757,True,10,
19569,SHPRWLMVRW,3757,True,10,
19570,WMPRGVITNH,3757,True,10,
19571,PYPLHSAGAV,3757,True,10,
19572,FVPRGQIAWF,3757,True,10,
19573,SWPRSWYSWS,3757,True,10,
19574,YKPRGVSVLG,3757,True,10,
19575,NVPRAVTASG,3757,True,10,
19576,GVPRASMVSH,3757,True,10,
19577,WAPRAFLQVF,3757,True,10,
19578,VNPRGVHAGV,3757,True,10,
19579,GSPRSWRGNL,3757,True,10,
19580,LTPRGNSGEA,3757,True,10,
19581,PVPRATWATV,3757,True,10,
19582,MVPVWMYGWY,3757,True,10,
19583,ASPRSYTGNF,3757,True,10,
19584,GYPRAFIAVF,3757,True,10,
19585,LNPSGMFSPA,3757,True,10,
19586,VYPKGMTASG,3757,True,10,
19587,RMPRVMHSWG,3757,True,10,
19588,KSPVPMWGEI,3757,True,10,
19589,KQPKWMIGSW,3757,True,10,
19590,ISWAALWGEG,3757,True,10,
19591,VAPRAVLGPY,3757,True,10,
19592,NPVRGVFTNL,3757,True,10,
19593,HAPRDFIGAK,3757,True,10,
19594,YVPRGVSTIA,3757,True,10,
19595,IQPRGVITPS,3757,True,10,
19596,TLPYPMWVPA,3757,True,10,
19597,GSPRGVIGVY,3757,True,10,
19598,GVPRQVTGRW,3757,True,10,
19599,TFPRSYIGIT,3757,True,10,
19600,YKPSGWSANT,11977,True,10,
19601,TFPRSWGVIG,11977,True,10,
19602,AIPRPVMAIW,11977,True,10,
19603,EDPRGQIGAG,11977,True,10,
19604,MGPRAFTDIY,11977,True,10,
19605,ASWFGMRDGS,11977,True,10,
19606,NGPYGMRTVS,11977,True,10,
19607,SRPRGMINGR,11977,True,10,
19608,WYPRAFQNVK,11977,True,10,
19609,TAPKWMRAVH,11977,True,10,
19610,MWPLPWVSAH,11977,True,10,
19611,SWGQPLPLKT,11977,True,10,
19612,GWPVPMWTAS,11977,True,10,
19613,KMPRWIGAKL,11977,True,10,
19614,DMWFAMRSAH,11977,True,10,
19615,GWPRGSNTAF,11977,True,10,
19616,DWPRWLYSGQ,11977,True,10,
19617,WHWRAFRAMG,11977,True,10,
19618,YKPVSWLAKG,11977,True,10,
19619,VYPRGNYAQL,11977,True,10,
19620,WHPSAWLAVY,11977,True,10,
19621,ISVRGVRGLG,11977,True,10,
19622,VAPRYWRSWF,11977,True,10,
19623,INWRPLFALT,11977,True,10,
19624,VGPRSHYVPS,11977,True,10,
19625,KNPKGMVGTI,11977,True,10,
19626,INPVHMWTAS,11977,True,10,
19627,IMPRYMWTPF,11977,True,10,
19628,NWPRWMISGL,11977,True,10,
19629,NNPSWMHGEQ,11977,True,10,
19630,HQWYGMRAHY,11977,True,10,
19631,FPRVPRPLMP,11977,True,10,
19632,SLPRPVFQVA,11977,True,10,
19633,YLPRAQVTMH,11977,True,10,
19634,HWPSWRTASG,11977,True,10,
19635,MSPRYWYGPW,11977,True,10,
19636,SKPRNKMAKH,11977,True,10,
19637,YWPRPYMSWG,11977,True,10,
19638,GVPRWMHAKT,11977,True,10,
19639,KWPRGWRTWF,11977,True,10,
19640,TDPVWMRNPY,11977,True,10,
19641,SPPLGQWTNT,11977,True,10,
19642,LMAKPLRTPY,11977,True,10,
19643,RGPKWMQNPY,11977,True,10,
19644,CNPGWMRGQV,11977,True,10,
19645,GLPVHYRTAS,11977,True,10,
19646,YRPLGYTVRG,11977,True,10,
19647,AQPVWMISQH,11977,True,10,
19648,NGPYNWRAHR,11977,True,10,
19649,EKPRNVRTSV,11977,True,10,
19650,GNVRAMYGNV,11977,True,10,
19651,VDPRWLSTQG,11977,True,10,
19652,DMPRGMSAPF,11977,True,10,
19653,QPRSRRPMYS,11977,True,10,
19654,GLPRVMADAY,11977,True,10,
19655,EMPRGVTASG,11977,True,10,
19656,YPVRGLTSPF,11977,True,10,
19657,WVPRGVSTAS,11977,True,10,
19658,YCPTGLSDVI,11977,True,10,
19659,GLPRSWANGI,11977,True,10,
19660,PWPRSWKGLV,11977,True,10,
19661,GSPVAYQVQF,11977,True,10,
19662,NFPRDYTASG,11977,True,10,
19663,NHPINFQDPL,11977,True,10,
19664,LVPKNQMALY,11977,True,10,
19665,NHPLSQRAVH,11977,True,10,
19666,FVPRAHVATK,11977,True,10,
19667,LTPRYWLAPS,11977,True,10,
19668,MPPKWMTASG,11977,True,10,
19669,NWPRESWATA,11977,True,10,
19670,RAPRNFIGNK,11977,True,10,
19671,NHPKQMVGKW,11977,True,10,
19672,RSHRMLQVGW,11977,True,10,
19673,SASLPWQGFT,11977,True,10,
19674,LAPKWMLGLF,11977,True,10,
19675,LKPRGQVYMF,11977,True,10,
19676,AIPRPVLSAG,11977,True,10,
19677,SGPKWITVTA,11977,True,10,
19678,QMPRQVRGTS,11977,True,10,
19679,QYPRWMIANS,11977,True,10,
19680,KWPREYLGEI,11977,True,10,
19681,AVPKWLAGRV,11977,True,10,
19682,SVPSKLFSGK,11977,True,10,
19683,VSPWKYVGEA,11977,True,10,
19684,NRPRQVMGVK,11977,True,10,
19685,GQPKGVTWQY,11977,True,10,
19686,IHWHGMISLK,11977,True,10,
19687,GTPRGNYTAS,11977,True,10,
19688,SGPKGQIDTA,11977,True,10,
19689,RLVRATDGVY,11977,True,10,
19690,QRPRGQVAIK,11977,True,10,
19691,KTSLPWMASA,11977,True,10,
19692,VRPGWMTNGF,11977,True,10,
19693,VTPRSWAGVI,11977,True,10,
19694,TPLASWTGMS,11977,True,10,
19695,MPPRWMHDWR,11977,True,10,
19696,LRPRWIKGES,11977,True,10,
19697,VAPRSHTASG,11977,True,10,
19698,MTPHGWTDMF,11977,True,10,
19699,MKPRQVTASG,11977,True,10,
19700,QTWYGMIAWY,11977,True,10,
19701,LVPRQVHSVR,11977,True,10,
19702,NSPRSWISWY,11977,True,10,
19703,PGPVHLVGIR,11977,True,10,
19704,GNVRGMQTAS,11977,True,10,
19705,IGPRYWLAGF,11977,True,10,
19706,VDPKGMYVPY,11977,True,10,
19707,SEPRNWTASG,11977,True,10,
19708,FQPRGNIGGH,11977,True,10,
19709,GHPRQVSTAS,11977,True,10,
19710,VLPRLYIVTK,11977,True,10,
19711,KTVLWMYSPQ,11977,True,10,
19712,SVPRQVLAEA,11977,True,10,
19713,MWPRAFSGKY,11977,True,10,
19714,MAPRWSWDEF,11977,True,10,
19715,LYWMNLHATA,11977,True,10,
19716,KTPRGQISWT,11977,True,10,
19717,GTPRGQVAVW,11977,True,10,
19718,GYPRWLFSNR,11977,True,10,
19719,MSPKGVRVET,11977,True,10,
19720,GWPRGQMTAS,11977,True,10,
19721,QRWFALSGWY,11977,True,10,
19722,FYTRWLIGPY,11977,True,10,
19723,QKPACRGSTS,11977,True,10,
19724,GYPRSWQTAS,11977,True,10,
19725,GAPRNVVTAS,11977,True,10,
19726,LHWAPLAGGV,11977,True,10,
19727,VQPRYWRDIS,11977,True,10,
19728,RKPRNVMDNG,11977,True,10,
19729,FKPVYMRGYS,11977,True,10,
19730,MNPRQVTVGK,11977,True,10,
19731,ESARNMWSWG,11977,True,10,
19732,EMPRSWISGA,11977,True,10,
19733,GTPRSYIGWY,11977,True,10,
19734,DNPIHLWAMW,11977,True,10,
19735,ATPLGQIAMI,11977,True,10,
19736,GNPRGVQNGY,11977,True,10,
19737,KFPWGVQSLG,11977,True,10,
19738,SDIKGMRGHY,11977,True,10,
19739,MSPRKFWSEK,11977,True,10,
19740,EWVRAVIGVH,11977,True,10,
19741,AHPRSWKGEY,11977,True,10,
19742,RQPVSMRNVF,11977,True,10,
19743,YGPRSWKDMR,11977,True,10,
19744,PWVRGMRGSL,11977,True,10,
19745,HMPINWRTHY,11977,True,10,
19746,YMPRNVKAKS,11977,True,10,
19747,PKPASWYAPY,11977,True,10,
19748,DYPRAFVGMA,11977,True,10,
19749,SPPRSWQDMA,11977,True,10,
19750,RVPKWLTSAS,11977,True,10,
19751,SLPRWLFSGQ,11977,True,10,
19752,SWPRPFRGMG,11977,True,10,
19753,FRPRNYIDNG,11977,True,10,
19754,SYPRPLWYSK,11977,True,10,
19755,GFPRSWYSMG,11977,True,10,
19756,TWPRWITGQF,11977,True,10,
19757,VTPLGQIAGY,11977,True,10,
19758,EDPRGQYAVT,11977,True,10,
19759,YWPRAFRSIW,11977,True,10,
19760,IKPVNYTGTK,11977,True,10,
19761,SAPRYWTGQT,11977,True,10,
19762,IMDYQWPPVM,11977,True,10,
19763,YHPRSWTGMF,11977,True,10,
19764,QWPAWMKGQY,11977,True,10,
19765,GMPRPFYGVQ,11977,True,10,
19766,YIPRWMVGKA,11977,True,10,
19767,NLPRAYQDTS,11977,True,10,
19768,QWPRGQHATY,11977,True,10,
19769,MNPRSWIATK,11977,True,10,
19770,RFPRGQVINI,11977,True,10,
19771,YDTRSMWGVY,11977,True,10,
19772,TKPRGMRDWL,11977,True,10,
19773,ATPRSYWGNR,11977,True,10,
19774,KNPKWIRGRA,11977,True,10,
19775,QPPRSWLGVH,11977,True,10,
19776,MVPVGFTGHW,11977,True,10,
19777,WPPWAWINPF,11977,True,10,
19778,EWPANWLSIQ,11977,True,10,
19779,AMVRAVYAST,11977,True,10,
19780,RDPRGQVDGW,11977,True,10,
19781,SFPRGQKGKT,11977,True,10,
19782,QFPRNVFVNA,11977,True,10,
19783,YTPRNMKGIS,11977,True,10,
19784,KHTRGLYSEY,11977,True,10,
19785,YKPRGWVGWF,11977,True,10,
19786,QWVRAWAGKF,11977,True,10,
19787,FWPAGVTVWG,11977,True,10,
19788,GMPRPVWTAS,11977,True,10,
19789,GVPRWKAGIS,11977,True,10,
19790,PGPRSWKVPF,11977,True,10,
19791,AGPRSYHNMG,11977,True,10,
19792,DSPLGQYTWA,11977,True,10,
19793,NTPVHMTVTF,11977,True,10,
19794,HNPVHMWTNY,11977,True,10,
19795,KTPIELYGAK,11977,True,10,
19796,NQPRNVWTGF,11977,True,10,
19797,SYPAGMKNGA,11977,True,10,
19798,AIPRPVKVMQ,11977,True,10,
19799,WKPVNYISHS,11977,True,10,
19800,YGPRNVKSLT,11977,True,10,
19801,SKPVYMKSKR,11977,True,10,
19802,LDPKGMVDAY,11977,True,10,
19803,WNPRGSTGIH,11977,True,10,
19804,GMPRGVSTAS,11977,True,10,
19805,GRGYELQSPS,11977,True,10,
19806,ASTRWLSGPT,11977,True,10,
19807,AWPRQVRVAF,11977,True,10,
19808,ASPRPFLDEK,11977,True,10,
19809,VQPRNYKGWI,11977,True,10,
19810,SFARQMWGNY,11977,True,10,
19811,WAIWRFMGEK,11977,True,10,
19812,MVPKWMKGSW,11977,True,10,
19813,PYWYGMRAVW,11977,True,10,
19814,TGVSWLWGGL,11977,True,10,
19815,WPGEYMYGQW,11977,True,10,
19816,QMYWGMRGNA,11977,True,10,
19817,CPPRDQIAQY,11977,True,10,
19818,KQPKGWTAIS,11977,True,10,
19819,HWPRGSYGPH,11977,True,10,
19820,NAPRGSWYIV,11977,True,10,
19821,HYPRQVMSQF,11977,True,10,
19822,MPTRWLSVRT,11977,True,10,
19823,LVPRYLVANQ,11977,True,10,
19824,SVPTGLVNMG,11977,True,10,
19825,WVPKPLSDGT,11977,True,10,
19826,QTPRGQVFHI,11977,True,10,
19827,VNWRWLMSVQ,11977,True,10,
19828,GIPRSYANKG,11977,True,10,
19829,TNPSWVRVWV,11977,True,10,
19830,RDPKGQTASG,11977,True,10,
19831,MQPFGMANLY,11977,True,10,
19832,VTPIELIGRK,11977,True,10,
19833,NKPRGQYTEF,11977,True,10,
19834,PPHQSLIGHS,11977,True,10,
19835,WYPKWMVNQK,11977,True,10,
19836,DWPREAPKTV,11977,True,10,
19837,NWPVAWTASG,11977,True,10,
19838,MLPKWMVNPA,11977,True,10,
19839,MNPRSWYTNQ,11977,True,10,
19840,DLPRAWVAIT,11977,True,10,
19841,NVPRVQMAWQ,11977,True,10,
19842,ENPRGVYSIS,11977,True,10,
19843,WVPRGVHYMF,11977,True,10,
19844,VMPRYWHAEH,11977,True,10,
19845,RMLRGVMGVF,11977,True,10,
19846,KMPRQVTASG,11977,True,10,
19847,IKPVNMTASG,11977,True,10,
19848,ETPRSWSTHR,11977,True,10,
19849,MTPRQWYTAF,11977,True,10,
19850,NAPKWMYAPF,11977,True,10,
19851,HPKGPVSAHL,11977,True,10,
19852,SLPLGIKVEW,11977,True,10,
19853,KLARAWSASL,11977,True,10,
19854,SQPVHMIDNY,11977,True,10,
19855,LWPRTLMGIY,11977,True,10,
19856,AMPRQVRSWG,11977,True,10,
19857,SGPKWMRTNA,11977,True,10,
19858,YTPRSWVAIK,11977,True,10,
19859,KAPYGWADSG,11977,True,10,
19860,KQPINSWAGK,11977,True,10,
19861,ANWRALWVNA,11977,True,10,
19862,EPVYGMYGTF,11977,True,10,
19863,TAPVWMRTVG,11977,True,10,
19864,QWPRGSTSVI,11977,True,10,
19865,YTPRAWTASG,11977,True,10,
19866,DNPIHLYSEW,11977,True,10,
19867,TPWFGIQSTR,11977,True,10,
19868,GNPRQVQGLH,11977,True,10,
19869,NWPRGVLSIR,11977,True,10,
19870,TGPKWIWALY,11977,True,10,
19871,GRPRSWRTAS,11977,True,10,
19872,NKPRNVIAGW,11977,True,10,
19873,WYPSHWIVQW,11977,True,10,
19874,VMPRSWIAWF,11977,True,10,
19875,LEPRNVHGIH,11977,True,10,
19876,STPSGWMGIW,11977,True,10,
19877,ERFMRSNSKP,11977,True,10,
19878,VWPRELWPVR,11977,True,10,
19879,QMPRQVTASG,11977,True,10,
19880,PDPRGQVPTK,11977,True,10,
19881,SIKRAWASAV,11977,True,10,
19882,TTPKGLQSWT,11977,True,10,
19883,HQPRGSGMGI,11977,True,10,
19884,PWGRALTHQK,11977,True,10,
19885,QLPVWLQSPW,11977,True,10,
19886,HTPRGNVAQA,11977,True,10,
19887,PKPLGYSVEL,11977,True,10,
19888,MQPRNVIYIY,11977,True,10,
19889,NDCPRVPLEF,11977,True,10,
19890,VIPRAVYSWS,11977,True,10,
19891,GFPRGVRGMF,11977,True,10,
19892,SWPRGWQGNI,11977,True,10,
19893,DLPRAWMSAV,11977,True,10,
19894,GWAWAFQSGY,11977,True,10,
19895,SEPLGYWNIW,11977,True,10,
19896,RVPRGVKSHW,11977,True,10,
19897,WVPKNQWTLS,11977,True,10,
19898,PFPRNYMGPG,11977,True,10,
19899,NRPSGWKVGA,11977,True,10,
19900,MKPVNMRGSH,11977,True,10,
19901,NTPVWMASNK,11977,True,10,
19902,VIPRPVMAGW,11977,True,10,
19903,IPWSRQPLMR,11977,True,10,
19904,SFPRGSASAI,11977,True,10,
19905,KSPRNYLGVG,11977,True,10,
19906,TSVRWYWSTA,11977,True,10,
19907,TMPRGVRDTV,11977,True,10,
19908,FQPRNVSAPY,11977,True,10,
19909,GHPSHFTASG,11977,True,10,
19910,KRPVNMRNSW,11977,True,10,
19911,TVPRGWRTIF,11977,True,10,
19912,NHPSWFIGVI,11977,True,10,
19913,HRPLGYRDVS,11977,True,10,
19914,SWPRGWQANQ,11977,True,10,
19915,AVPRSWHAMT,11977,True,10,
19916,AKIYGMRGRQ,11977,True,10,
19917,WVPRNVIGEG,11977,True,10,
19918,VAPRVLTASG,11977,True,10,
19919,GRPRSWLDHG,11977,True,10,
19920,IWGRALTVMV,11977,True,10,
19921,LKPRNYSGMH,11977,True,10,
19922,FYPGAMWAHW,11977,True,10,
19923,MQPRQWTGNF,11977,True,10,
19924,QVPRKVKNMI,11977,True,10,
19925,GEPRNVLGQV,11977,True,10,
19926,WSPKGNMVTL,11977,True,10,
19927,GTPSWLRGNK,11977,True,10,
19928,QRPRGQVTAY,11977,True,10,
19929,GRPRNVQTAS,11977,True,10,
19930,SWPRAYIGMY,11977,True,10,
19931,SKPKWMYGAG,11977,True,10,
19932,LPGRAMWGLI,11977,True,10,
19933,PYPLNQRGWY,11977,True,10,
19934,SKPLPWYSWK,11977,True,10,
19935,GTPRQVTASG,11977,True,10,
19936,SNPRGMQNIA,11977,True,10,
19937,GFPRPQSTAS,11977,True,10,
19938,WRPRDYKSVK,11977,True,10,
19939,VWVRAWTNTI,11977,True,10,
19940,WSPRNQWANQ,11977,True,10,
19941,YWPRELKGVH,11977,True,10,
19942,ATPRQWLVWG,11977,True,10,
19943,ANPRFIRTMR,11977,True,10,
19944,TPGRPLKQGW,11977,True,10,
19945,TKPASWLAPK,11977,True,10,
19946,APWRAFWAMS,11977,True,10,
19947,MHLQGIRSWI,11977,True,10,
19948,AWPREYRGSG,11977,True,10,
19949,NIPKWITASG,11977,True,10,
19950,NYPSWQRSQR,11977,True,10,
19951,YFVRGVRAGW,11977,True,10,
19952,RKPKWQMGNT,11977,True,10,
19953,IWPRGQLSVL,11977,True,10,
19954,EDPRAWVNSV,11977,True,10,
19955,HWPRGQINAS,11977,True,10,
19956,QFPRGSAVIH,11977,True,10,
19957,SHPKQSAGPV,11977,True,10,
19958,RGPKGVQDAQ,11977,True,10,
19959,PRPRNVAVKW,11977,True,10,
19960,KHPRGQYSNT,11977,True,10,
19961,RQPRNVQVNL,11977,True,10,
19962,IAPEWYRGAA,11977,True,10,
19963,DVSPIPFQWL,11977,True,10,
19964,GVPRAHYMIG,11977,True,10,
19965,DIWHSMTSGF,11977,True,10,
19966,QVPRAWKSIW,11977,True,10,
19967,FWPISNRNSQ,11977,True,10,
19968,TFPRPWTVLW,11977,True,10,
19969,DMPRQVMGNV,11977,True,10,
19970,AGPRSHIGIS,11977,True,10,
19971,YSPRWMHSGV,11977,True,10,
19972,DMPRSQIAMK,11977,True,10,
19973,SMPRQVSAQV,11977,True,10,
19974,VNPRWLASEK,11977,True,10,
19975,TDVRSMWGRL,11977,True,10,
19976,RIPKWIRARY,11977,True,10,
19977,WTPRGQIGSV,11977,True,10,
19978,GWPRWLSTAS,11977,True,10,
19979,DMPKSWTASG,11977,True,10,
19980,DRPRGQSDNW,11977,True,10,
19981,TGLYWANSAS,11977,True,10,
19982,FSHIHAMSWM,11977,True,10,
19983,YQPVHMLGAR,11977,True,10,
19984,KLYRAMYSVF,11977,True,10,
19985,YMPRQVFVMK,11977,True,10,
19986,NHPSWVRSMA,11977,True,10,
19987,HPVRGMQWSW,11977,True,10,
19988,AIVRSVAVGH,11977,True,10,
19989,PAPRNFYTKM,11977,True,10,
19990,WTPRGQVNAW,11977,True,10,
19991,WKPRPVSTVG,11977,True,10,
19992,YQPRNFRAGS,11977,True,10,
19993,YRPVHMTSRA,11977,True,10,
19994,FWPRWLSATG,11977,True,10,
19995,GTPSWMRGTQ,11977,True,10,
19996,TQPKSLRVPL,11977,True,10,
19997,GIPRPVRDVR,11977,True,10,
19998,NPPRSWTASG,11977,True,10,
19999,CWPRGLFTAQ,11977,True,10,
