sample_id,sequence,condition_train_index,stopped_normally,raw_length,filter_reason
0,MFPSGFRGQS,5788,True,10,
1,PTPFASLGMQ,5788,True,10,
2,THPVGMRAVG,5788,True,10,
3,NGPYAFRGTR,5788,True,10,
4,MYPSGVTASG,5788,True,10,
5,GPPSGFTGRS,5788,True,10,
6,VMPSGFTGMG,5788,True,10,
7,IMPSGFTGRQ,5788,True,10,
8,VGPQGVTASG,5788,True,10,
9,YTPSGFYGPG,5788,True,10,
10,VMPSGFTSEA,5788,True,10,
11,YTPSGMRGTG,5788,True,10,
12,MTPSGFTGVG,5788,True,10,
13,VIPQPFKGTR,5788,True,10,
14,FMPSGFRGTS,5788,True,10,
15,RGPIPFMGTV,5788,True,10,
16,RWPSGFTGTA,5788,True,10,
17,NPPSGFTGTH,5788,True,10,
18,WGPAGMVGMF,5788,True,10,
19,RPPSGFTASG,5788,True,10,
20,LMPSQLSGQA,5788,True,10,
21,GNPSGVMGAR,5788,True,10,
22,TMPYGMHGPR,5788,True,10,
23,NFPMGFRGMA,5788,True,10,
24,GVPSGFTGTA,5788,True,10,
25,YRPSAMLGTS,5788,True,10,
26,TRPLGYTGHG,5788,True,10,
27,IAPEAMRSNA,5788,True,10,
28,IMPSGFTGQR,5788,True,10,
29,SMPSGFTGKT,5788,True,10,
30,SNPSGMQSMA,5788,True,10,
31,NMPRAVLGAQ,5788,True,10,
32,TVPWSVYGTG,5788,True,10,
33,SMPFGFQAGR,5788,True,10,
34,YVPSGFQGIR,5788,True,10,
35,KNPMGMRGTG,5788,True,10,
36,KPPAGMTGLG,5788,True,10,
37,IMPAGHRGQS,5788,True,10,
38,RVPSGFRGLR,5788,True,10,
39,TVPSGFTGMG,5788,True,10,
40,TVPLGFTGVS,5788,True,10,
41,MVPSGVTVRG,5788,True,10,
42,SNPSGFTSAH,5788,True,10,
43,MEPQGVRSMG,5788,True,10,
44,YIPSAYLSTG,5788,True,10,
45,NTPSGERGSK,5788,True,10,
46,LYPAGFTGLT,5788,True,10,
47,MVPSGMWSIT,5788,True,10,
48,SMPSAYTNTI,5788,True,10,
49,VPPEAFHGRA,5788,True,10,
50,QVPSGFQGQV,5788,True,10,
51,NRPSMLWGMT,5788,True,10,
52,MAPSGFTGPH,5788,True,10,
53,QNPSGFTSAS,5788,True,10,
54,QGPNMIMGAG,5788,True,10,
55,MVPSGMTGPS,5788,True,10,
56,TQPYGFRGSK,5788,True,10,
57,MSPLGFTGMI,5788,True,10,
58,FPPQGVHATK,5788,True,10,
59,FTPMGEMGRG,5788,True,10,
60,RTPMGMHAHG,5788,True,10,
61,SPPLGFTGTR,5788,True,10,
62,QYPRVYLGNG,5788,True,10,
63,VMPSGVYGQH,5788,True,10,
64,PNPSGFRGER,5788,True,10,
65,YMPSGFRAIG,5788,True,10,
66,MNPSGWTASG,5788,True,10,
67,TAPSMYFGWG,5788,True,10,
68,SYPRAFMGTV,5788,True,10,
69,TMPQGMFSTR,5788,True,10,
70,PIPTGFRGSG,5788,True,10,
71,PGPYGMTGMK,5788,True,10,
72,TPPSGFRGIY,5788,True,10,
73,GVPRQVMGIT,5788,True,10,
74,TPPSGFTASG,5788,True,10,
75,TPPSGFRGQV,5788,True,10,
76,VTPSGFIGAI,5788,True,10,
77,KQPSGFTSKR,5788,True,10,
78,MVPSGMHNAQ,5788,True,10,
79,PMPSGFRGSG,5788,True,10,
80,QFPLGFRGPI,5788,True,10,
81,IVPSGFTGIV,5788,True,10,
82,TMPSGFWGAI,5788,True,10,
83,MVPSWSWSGV,5788,True,10,
84,MPPSGFTGIG,5788,True,10,
85,DMPQGIFSIR,5788,True,10,
86,PQPSGFTGLG,5788,True,10,
87,TGPYGMLGTQ,5788,True,10,
88,RVPRPVYAEA,5788,True,10,
89,TAPAGKGNTK,5788,True,10,
90,TVPSGFVGRT,5788,True,10,
91,ERPAQMLGVG,5788,True,10,
92,QMPSGMRTGK,5788,True,10,
93,APPSGVTGMG,5788,True,10,
94,RTPMGMWGMR,5788,True,10,
95,VYPVAFTGAG,5788,True,10,
96,VGPTAFRGPS,5788,True,10,
97,TMPSGMYGTF,5788,True,10,
98,TVPYGVTGRI,5788,True,10,
99,MPPLGFANQR,5788,True,10,
100,MYPSGFQGRV,5788,True,10,
101,RMPSGFYGSG,5788,True,10,
102,GNPSGVRAQY,5788,True,10,
103,KMPQGMVSAS,5788,True,10,
104,KIPSGFTGTA,5788,True,10,
105,RNPAQMWGIQ,5788,True,10,
106,TSPLGFTGRI,5788,True,10,
107,MPPSGFTSAW,5788,True,10,
108,AQPSGFYSGS,5788,True,10,
109,RQPSGVHGEF,5788,True,10,
110,RTPIGFIGQG,5788,True,10,
111,VMPSGFRSVG,5788,True,10,
112,VWPSGVFGRK,5788,True,10,
113,KQPSGFTGPG,5788,True,10,
114,MMPSGFTNHY,5788,True,10,
115,IMPSGVYGSR,5788,True,10,
116,MYPSGFTGMT,5788,True,10,
117,MAPLGFRGQR,5788,True,10,
118,MQPSGFTGNH,5788,True,10,
119,MVPSGFTASG,5788,True,10,
120,HVPSGMHGTS,5788,True,10,
121,ISPRQYTGTQ,5788,True,10,
122,NFPAGMSGEH,5788,True,10,
123,MVPSGFTASG,5788,True,10,
124,SVPRGVTGTL,5788,True,10,
125,QYPRSFHGMG,5788,True,10,
126,KTPSGYTGTG,5788,True,10,
127,TGPQSILGRF,5788,True,10,
128,RFPLGFTASG,5788,True,10,
129,QPPSGFTASG,5788,True,10,
130,SGPSGMRGTA,5788,True,10,
131,MQPFGMWGSQ,5788,True,10,
132,MVPVP,5788,True,5,length
133,TSPSQMYGAR,5788,True,10,
134,LKPAGMHGTG,5788,True,10,
135,AMPSGFRGHQ,5788,True,10,
136,EGPSTMRGIT,5788,True,10,
137,RAPLGFSGNG,5788,True,10,
138,QFAMAFGARG,5788,True,10,
139,TLPQAVYGPG,5788,True,10,
140,QVPSAYTGQG,5788,True,10,
141,QPPVQVMGSK,5788,True,10,
142,VMPSGFIGHA,5788,True,10,
143,RAPSLYTGAH,5788,True,10,
144,TVPQGVFGQH,5788,True,10,
145,RTPVGLWGVG,5788,True,10,
146,IGPSGFTQMR,5788,True,10,
147,VVPSGFQSVG,5788,True,10,
148,YQPSGYTGTG,5788,True,10,
149,TMPWAVRAGI,5788,True,10,
150,APPQGVQSTG,5788,True,10,
151,RMPSGFTGKG,5788,True,10,
152,IVPSGFTASG,5788,True,10,
153,MTPQGVRGTI,5788,True,10,
154,MMPSGMHGMR,5788,True,10,
155,VTPQGVTASG,5788,True,10,
156,QLPHQMLGMI,5788,True,10,
157,GSPLTISGMS,5788,True,10,
158,GVPSAFVGQS,5788,True,10,
159,VMPSGFTGSF,5788,True,10,
160,SMPSGFTASG,5788,True,10,
161,VRPAQMTGQT,5788,True,10,
162,IQPSGMIANT,5788,True,10,
163,TLPLGFSGPG,5788,True,10,
164,GIPSGFHSAK,5788,True,10,
165,MQPSGFTGTV,5788,True,10,
166,RGPYPFWGSA,5788,True,10,
167,MVPSGFRGWG,5788,True,10,
168,AMPSGMAGMA,5788,True,10,
169,FQPSAYVSQR,5788,True,10,
170,YVPSQIQGRI,5788,True,10,
171,IMPSGFKGIR,5788,True,10,
172,VMPSGFWGAR,5788,True,10,
173,PAPLGFQGQG,5788,True,10,
174,TGPSGMHSVR,5788,True,10,
175,IMPSGFIGRS,5788,True,10,
176,MAPSGWTGSY,5788,True,10,
177,WMPSGMLGSA,5788,True,10,
178,MMPSGFRAPS,5788,True,10,
179,QTPMGFWSIQ,5788,True,10,
180,RVPSGFWQAS,5788,True,10,
181,RMPRQIFGAR,5788,True,10,
182,RVPSGMLGTY,5788,True,10,
183,TYPSAFYGAY,5788,True,10,
184,MMPSAYLGTR,5788,True,10,
185,KSPAGMSGTY,5788,True,10,
186,VEPSGMTASG,5788,True,10,
187,MLPRAVYNGV,5788,True,10,
188,QTPLGFLNTH,5788,True,10,
189,TMPYGFRGWG,5788,True,10,
190,MPPSGFTGNT,5788,True,10,
191,MTPSAFYGRG,5788,True,10,
192,NVPSGFTASG,5788,True,10,
193,MLFSHQASVH,5788,True,10,
194,KGPSGMRSVA,5788,True,10,
195,GMPSGFWGAG,5788,True,10,
196,GAPSGFAGMS,5788,True,10,
197,PFPSGFTGRT,5788,True,10,
198,MTPRQYIGTA,5788,True,10,
199,RVPSGLYGTA,5788,True,10,
200,MVPSRYVGMA,5788,True,10,
201,KIPQGMHGTG,5788,True,10,
202,MTPSGFTSGR,5788,True,10,
203,VMPSGFRGQG,5788,True,10,
204,HMPSGFMSMS,5788,True,10,
205,NEPFGFYSKS,5788,True,10,
206,TVPSGFYSQV,5788,True,10,
207,VGPEMMHGER,5788,True,10,
208,LVPSGFYGPR,5788,True,10,
209,RVPMGMHSTQ,5788,True,10,
210,MNPSGFTGRI,5788,True,10,
211,QIPAGVFGPT,5788,True,10,
212,MWPSGFRGTS,5788,True,10,
213,RPPASMYGNS,5788,True,10,
214,GNPGAMYGNG,5788,True,10,
215,MVPSGFTASG,5788,True,10,
216,TMPLGFTGQG,5788,True,10,
217,TVPSGVTSAH,5788,True,10,
218,GPPSAFYGQH,5788,True,10,
219,PTPRQYIGPR,5788,True,10,
220,RAPSSYFGGG,5788,True,10,
221,TQPSGMLGEW,5788,True,10,
222,GVPSGFTGPG,5788,True,10,
223,VPPEGVRSGS,5788,True,10,
224,VAPSWIMGNG,5788,True,10,
225,YPPSGFTASG,5788,True,10,
226,QGPSGMTGTQ,5788,True,10,
227,VIPQGVYSGA,5788,True,10,
228,TGPQGVFGQG,5788,True,10,
229,RPPSAFLGEI,5788,True,10,
230,FMPRGFTGMG,5788,True,10,
231,LVPSGFWGSG,5788,True,10,
232,VPPEPFYGSQ,5788,True,10,
233,MKPSELYGVR,5788,True,10,
234,TVPSGMLGST,5788,True,10,
235,WPPSGMRGAR,5788,True,10,
236,TMPSGFYAIG,5788,True,10,
237,FRPSGFTASG,5788,True,10,
238,MNPSGFQGPR,5788,True,10,
239,YTPSGMTGAR,5788,True,10,
240,SRPFAYTGIT,5788,True,10,
241,FQPSGFYGTI,5788,True,10,
242,RKPQGFMGTR,5788,True,10,
243,VVPEGMRGTF,5788,True,10,
244,HGPSGFAGPR,5788,True,10,
245,PMPSGFMALG,5788,True,10,
246,MVPSGMLGER,5788,True,10,
247,QVPRAYRGVI,5788,True,10,
248,GTPMGFRGVK,5788,True,10,
249,TSPIGFLGRK,5788,True,10,
250,YGPRPFLGQG,5788,True,10,
251,QPPSGMTNGA,5788,True,10,
252,PGPWGYTGMQ,5788,True,10,
253,VTPIGMHSMT,5788,True,10,
254,PLPRAVTGRQ,5788,True,10,
255,MIPRAYQGPG,5788,True,10,
256,MSPRQYLGMR,5788,True,10,
257,IMPSGFSAMG,5788,True,10,
258,MGPWGMQGSQ,5788,True,10,
259,LVPSGFTGQR,5788,True,10,
260,GPPSGFTAVR,5788,True,10,
261,WVPSGMYSGA,5788,True,10,
262,GSPSGFYSVG,5788,True,10,
263,TAPSWMVGQA,5788,True,10,
264,MVPQGVYAGH,5788,True,10,
265,FGPIPFVSRK,5788,True,10,
266,PQPSGFTASG,5788,True,10,
267,IPPSNQMGAV,5788,True,10,
268,TQPIPFYSIA,5788,True,10,
269,IVPRQFHGIT,5788,True,10,
270,TMPSGFWGWG,5788,True,10,
271,QMPRQVHGRG,5788,True,10,
272,TPPVAFHGRT,5788,True,10,
273,PMPSGFTGGH,5788,True,10,
274,TPPSGFTASG,5788,True,10,
275,PMPSGFSGPY,5788,True,10,
276,IQVSGMVGGR,5788,True,10,
277,WEPSGFRGIS,5788,True,10,
278,TMPQGFWSTG,5788,True,10,
279,RMPSGFTGMA,5788,True,10,
280,TVPSGFQSNG,5788,True,10,
281,MVPSGFTGSA,5788,True,10,
282,MTPSGFYGAF,5788,True,10,
283,VPPEPFHGIA,5788,True,10,
284,MGPWGMQGTA,5788,True,10,
285,GVPSGFTSAS,5788,True,10,
286,TMPYGFAGPL,5788,True,10,
287,PGPSGFTGQS,5788,True,10,
288,EDPSAYTASG,5788,True,10,
289,NVPSAFLGMA,5788,True,10,
290,QHPSPFTASG,5788,True,10,
291,GTPSAYTGIA,5788,True,10,
292,QMPSGFQGTI,5788,True,10,
293,VPPSGFTASG,5788,True,10,
294,YMPSGFYGMH,5788,True,10,
295,THPSGFTGGA,5788,True,10,
296,QPPQGVMGML,5788,True,10,
297,TYPSGFYGTT,5788,True,10,
298,SRPSAFTGMR,5788,True,10,
299,RQPSMGNGHR,5788,True,10,
300,RNPSGFVGPG,5788,True,10,
301,MAPSGFTGMH,5788,True,10,
302,TIPSWSRGHR,5788,True,10,
303,QMPAGVLGQR,5788,True,10,
304,TGPYGMRGTG,5788,True,10,
305,TPPSGFRGHK,5788,True,10,
306,VLPEPFWGMT,5788,True,10,
307,GIPSGPRGAG,5788,True,10,
308,VEPYGMRGSG,5788,True,10,
309,TVPSGFTGVG,5788,True,10,
310,VPPEAITSAG,5788,True,10,
311,YTPSGFRGMK,5788,True,10,
312,TFPLGFTGWG,5788,True,10,
313,RPPSAFIGPA,5788,True,10,
314,VRPSPFMGSI,5788,True,10,
315,MVPSGYTSGR,5788,True,10,
316,IMPSGFRARG,5788,True,10,
317,LAPSAYIGHR,5788,True,10,
318,FNPLGFTGHR,5788,True,10,
319,TPPSGFSGIR,5788,True,10,
320,LTPSGMYGTQ,5788,True,10,
321,MQPSGFWGTV,5788,True,10,
322,TGPSGFTASG,5788,True,10,
323,VSPSGFTASG,5788,True,10,
324,GYPSGFTGKG,5788,True,10,
325,QMPRAILGRH,5788,True,10,
326,IVPQGVHGTG,5788,True,10,
327,SMPLGFHGES,5788,True,10,
328,DMPSGFVGTA,5788,True,10,
329,FMPSGFRGAS,5788,True,10,
330,TMPSGMRGTK,5788,True,10,
331,MVPMGVIGQK,5788,True,10,
332,TPPRPFRGSQ,5788,True,10,
333,FTPSGMRGPQ,5788,True,10,
334,MFPRAFQGWQ,5788,True,10,
335,FGPSGFYGVR,5788,True,10,
336,QPPFGMHGTY,5788,True,10,
337,AMPQAVRGRV,5788,True,10,
338,GYPSGVRAWF,5788,True,10,
339,MTPSGFYGMK,5788,True,10,
340,QAPKPMAGRF,5788,True,10,
341,MTPSGFTGSA,5788,True,10,
342,NVPSGMLGSG,5788,True,10,
343,MTPSGFTGSI,5788,True,10,
344,GMPSGFTSRA,5788,True,10,
345,TGPSGTGLRG,5788,True,10,
346,EPPSGFRSQF,5788,True,10,
347,VMPSGFTGAR,5788,True,10,
348,NPPSGFRAMR,5788,True,10,
349,QNPSGMTASG,5788,True,10,
350,YPPSGFRANL,5788,True,10,
351,GAPSGFTSAH,5788,True,10,
352,MVPSGFTGLR,5788,True,10,
353,MVPSGFQGKG,5788,True,10,
354,MNPMGMRGTQ,5788,True,10,
355,YLPTGIRGSH,5788,True,10,
356,VIPSAYAGAL,5788,True,10,
357,MVPSGMRGMT,5788,True,10,
358,YMPSGFTASG,5788,True,10,
359,GMPGGFQGQI,5788,True,10,
360,TVPSGFAGIS,5788,True,10,
361,MIPSGFWASG,5788,True,10,
362,RTPMGMFGNG,5788,True,10,
363,VAPSWILGER,5788,True,10,
364,SVPSAIRGPR,5788,True,10,
365,GTPSGMRGTG,5788,True,10,
366,WQPSAYTGPT,5788,True,10,
367,EPPSGMRGQG,5788,True,10,
368,QMPQGVRAMA,5788,True,10,
369,TMPQGIYGVH,5788,True,10,
370,MRPSGWTGIQ,5788,True,10,
371,RTPIGFSAPF,5788,True,10,
372,MLPVGFQGNV,5788,True,10,
373,HMPSGMTGMF,5788,True,10,
374,TPPSQMYGVR,5788,True,10,
375,TMPSGFTGQR,5788,True,10,
376,VGPQGMTGRR,5788,True,10,
377,PMPSGFMAGW,5788,True,10,
378,TAPLAILGTV,5788,True,10,
379,MTPSGFYGVT,5788,True,10,
380,RLPINFAGQG,5788,True,10,
381,GNPFGFASIH,5788,True,10,
382,EGPSGMRGST,5788,True,10,
383,VRPLGYTGQH,5788,True,10,
384,TVPSGFKGHR,5788,True,10,
385,EPPMGFTGQA,5788,True,10,
386,RMPSGFYAGS,5788,True,10,
387,MLPRQVRSTQ,5788,True,10,
388,NPPSGWMGTI,5788,True,10,
389,VMPSGFTSRK,5788,True,10,
390,WTPQGVYGRA,5788,True,10,
391,RRSYAPRSGV,5788,True,10,
392,QTPSGMFGSA,5788,True,10,
393,RMPAGMTGHR,5788,True,10,
394,ARVLGVISPA,5788,True,10,
395,QYPSGFRGQF,5788,True,10,
396,VQPSGVRGEA,5788,True,10,
397,RLPSAYLGHR,5788,True,10,
398,TLPQGVYGMA,5788,True,10,
399,PTPSGFTGSR,5788,True,10,
400,AKPRGVRGHY,4301,True,10,
401,KGPRGVKDGW,4301,True,10,
402,FHVRGMRDLA,4301,True,10,
403,FCPRGMRVGV,4301,True,10,
404,YVPRGVTASG,4301,True,10,
405,GTPRGLITAS,4301,True,10,
406,MRPRGVRDGA,4301,True,10,
407,KHPLGQRTAS,4301,True,10,
408,YVPRGMWYGG,4301,True,10,
409,YGPRGMKTAS,4301,True,10,
410,PHPRGMQDRY,4301,True,10,
411,QAPRGVKTGS,4301,True,10,
412,GRPRGVTVGA,4301,True,10,
413,GEPRSMKVHR,4301,True,10,
414,GRWSGMTASG,4301,True,10,
415,TRPRSQLYRI,4301,True,10,
416,RHPRGLTASG,4301,True,10,
417,GPPKGMRTKG,4301,True,10,
418,PMPRGVRDTH,4301,True,10,
419,IKPRGVTSKG,4301,True,10,
420,LHCPAVRSVY,4301,True,10,
421,RADPRSPVTV,4301,True,10,
422,WMPRGWTASG,4301,True,10,
423,RAPRSWVAKG,4301,True,10,
424,YGPRGAVATS,4301,True,10,
425,KGPRGMATAS,4301,True,10,
426,QSPRGVLTNG,4301,True,10,
427,YKPRGMGTAG,4301,True,10,
428,LRPRGVTASG,4301,True,10,
429,RMPRGVSAEH,4301,True,10,
430,KVPRGVMAPG,4301,True,10,
431,FYPRGFRSGR,4301,True,10,
432,GKPRGMTASG,4301,True,10,
433,ARPRGVRASY,4301,True,10,
434,KGPRGMKTAS,4301,True,10,
435,AYPRGVRTHG,4301,True,10,
436,HAPRGMYTHV,4301,True,10,
437,RGPRAVRSEF,4301,True,10,
438,GRPRPVLDMY,4301,True,10,
439,RHPRGVFAPK,4301,True,10,
440,TMPRGVSDGQ,4301,True,10,
441,PGPRSVRAGV,4301,True,10,
442,GAPRGVQVGF,4301,True,10,
443,NGPRGMKSGV,4301,True,10,
444,PTPRGMHAGY,4301,True,10,
445,AGPRSMHSGL,4301,True,10,
446,FYPRGMHSES,4301,True,10,
447,MGPRGVTASG,4301,True,10,
448,KHPRGVRVGF,4301,True,10,
449,VHPRGMTATI,4301,True,10,
450,HSPRGMRAQH,4301,True,10,
451,YIPRGQVPWA,4301,True,10,
452,YAPRGMRSGS,4301,True,10,
453,LTPRGSFDHV,4301,True,10,
454,DGPKGMRDWG,4301,True,10,
455,PMPRPFIASG,4301,True,10,
456,REPRDVLGWI,4301,True,10,
457,HPRKIRSVLP,4301,True,10,
458,WAPRGMGVGH,4301,True,10,
459,KRPRGMWAVR,4301,True,10,
460,RGPRSYIAPA,4301,True,10,
461,RAPRSMTASG,4301,True,10,
462,VTPRGMRDGL,4301,True,10,
463,KGPRWIASQI,4301,True,10,
464,YRPRGMRDGH,4301,True,10,
465,ATPRGVRDIA,4301,True,10,
466,RTPRGMSVHT,4301,True,10,
467,KRPRGMRVHF,4301,True,10,
468,SQPRGVKDEG,4301,True,10,
469,LAPRGQWSPS,4301,True,10,
470,VGPRTLHSQG,4301,True,10,
471,CGPAGMHTAS,4301,True,10,
472,PRPRGRGVAF,4301,True,10,
473,GMPRGMHTAS,4301,True,10,
474,QNPRPVYSVT,4301,True,10,
475,YGPRGVRAGA,4301,True,10,
476,PKPRGVTASG,4301,True,10,
477,RGPRGVTASG,4301,True,10,
478,GAPRGSTASG,4301,True,10,
479,NGPRGFRGHI,4301,True,10,
480,GTVRGMRVPG,4301,True,10,
481,KYPRGMKTAT,4301,True,10,
482,SHPRGVRVGH,4301,True,10,
483,GYPRGMKTAS,4301,True,10,
484,GHPRGVTASG,4301,True,10,
485,NAPRSMLAKG,4301,True,10,
486,YMPRGMSVPH,4301,True,10,
487,HTPRGNDKGS,4301,True,10,
488,VHPRGMVGEQ,4301,True,10,
489,PWPRGVRTQG,4301,True,10,
490,YRPRGSVYEV,4301,True,10,
491,HGPKGVHATG,4301,True,10,
492,GKPRGMHYTA,4301,True,10,
493,RYPRGVRAPA,4301,True,10,
494,HGPRGMWVGV,4301,True,10,
495,RQWRGMRGAG,4301,True,10,
496,SHPRGSRVEA,4301,True,10,
497,RAPAGVRDEQ,4301,True,10,
498,KTPLGQRTGS,4301,True,10,
499,GRPKGMRDQY,4301,True,10,
500,DQPRGVRDGA,4301,True,10,
501,HNPRGVTVSR,4301,True,10,
502,MAPRGMRTAS,4301,True,10,
503,RGPRHYHSKF,4301,True,10,
504,HRPRGDVFSG,4301,True,10,
505,YKPRGMKTAS,4301,True,10,
506,AYPRPVSAEF,4301,True,10,
507,QYPKGMRAGW,4301,True,10,
508,NRPRGMHTEA,4301,True,10,
509,YRPRGMATSG,4301,True,10,
510,GMPRGMGVPA,4301,True,10,
511,VHPRGSTASG,4301,True,10,
512,QHPRGQASPT,4301,True,10,
513,MKPRGMRVSR,4301,True,10,
514,DKPRGMTASG,4301,True,10,
515,RGPRGTAGNR,4301,True,10,
516,FRPRGVKVSY,4301,True,10,
517,FTVRGMRSGF,4301,True,10,
518,RGPRGVTASG,4301,True,10,
519,RGPRGVRVGW,4301,True,10,
520,RPPQGVRVLG,4301,True,10,
521,HWPRGNTASG,4301,True,10,
522,WNPFGMRSAW,4301,True,10,
523,IQPSGWFAGK,4301,True,10,
524,YAPRGMKTSR,4301,True,10,
525,LAPRGVTASG,4301,True,10,
526,MRPRGMHDNG,4301,True,10,
527,GRPRSMLSNW,4301,True,10,
528,YHPRGMRTGR,4301,True,10,
529,GVPRGVWVKR,4301,True,10,
530,VPPRGVRVGQ,4301,True,10,
531,DGPRPVRDPV,4301,True,10,
532,PSPRGVKTGA,4301,True,10,
533,GRPRSMYDTF,4301,True,10,
534,PRPRPVKGAV,4301,True,10,
535,HPVRGMTASG,4301,True,10,
536,GKPRGMKTAS,4301,True,10,
537,QSPRGVTASG,4301,True,10,
538,GRPRGVRVPH,4301,True,10,
539,NHPRGFRTVF,4301,True,10,
540,NGPRGMRDNS,4301,True,10,
541,GPPRGVTSEY,4301,True,10,
542,YCPRGMKTQG,4301,True,10,
543,NPPRPMKANG,4301,True,10,
544,RNPRGVTASG,4301,True,10,
545,PRPRGVTASG,4301,True,10,
546,KHPRGVTASG,4301,True,10,
547,KGPRGYTANT,4301,True,10,
548,RDPVGMRDMG,4301,True,10,
549,QGPRGSGVTS,4301,True,10,
550,HTPRGNTASG,4301,True,10,
551,HMPRGVTASG,4301,True,10,
552,PVIRGLKDEQ,4301,True,10,
553,GNPRGMRTAS,4301,True,10,
554,KVPRGVTASG,4301,True,10,
555,KGPRGVRVPQ,4301,True,10,
556,YGPRNVWSIV,4301,True,10,
557,VGPRAVRATR,4301,True,10,
558,PHPKGMKVTV,4301,True,10,
559,SYPRGMAVRI,4301,True,10,
560,GVPRNVHTAS,4301,True,10,
561,STPRGMTDIK,4301,True,10,
562,SGPRGLTATA,4301,True,10,
563,HRPRGFTASG,4301,True,10,
564,WLPRSWYGIY,4301,True,10,
565,QGPRAVKVEF,4301,True,10,
566,MYPRAVLASG,4301,True,10,
567,VAPRAVTASG,4301,True,10,
568,VHPRGYSVRG,4301,True,10,
569,CSPRGMRDGR,4301,True,10,
570,RKPVGMHDEG,4301,True,10,
571,YRPRPVQAGT,4301,True,10,
572,YHPRGMTVMK,4301,True,10,
573,NPPRSHYAEG,4301,True,10,
574,DVPRGVTASG,4301,True,10,
575,TNPRAMHTAS,4301,True,10,
576,FGPRGVTASG,4301,True,10,
577,GFPKGMGDRL,4301,True,10,
578,TVPRGWTASG,4301,True,10,
579,SVPLGVRSAG,4301,True,10,
580,YSPRGVAVRT,4301,True,10,
581,LRPRSWIGPW,4301,True,10,
582,EPRSPRVGET,4301,True,10,
583,VHPRNVRGHV,4301,True,10,
584,TAPKGSRAHG,4301,True,10,
585,HGPKGMRAEF,4301,True,10,
586,GGPRGMRTAS,4301,True,10,
587,VEPRGSTASG,4301,True,10,
588,STPRGMSTAS,4301,True,10,
589,RGPRGVRARW,4301,True,10,
590,AQPRSMKTPY,4301,True,10,
591,GMPRGMATAS,4301,True,10,
592,YFPRGMKTEH,4301,True,10,
593,RRPAHMHAGH,4301,True,10,
594,KWPRGMTASG,4301,True,10,
595,HVPRGVKSEW,4301,True,10,
596,YGPRGMKTAS,4301,True,10,
597,RSPRGVTVAR,4301,True,10,
598,TWPSGWTVRF,4301,True,10,
599,PGPRGQADGV,4301,True,10,
600,VHPRGMRANG,4301,True,10,
601,PVPRGVRVGL,4301,True,10,
602,SGVRGMHGTA,4301,True,10,known_sequence
603,GPVRAHTASG,4301,True,10,
604,HYPRGVTASG,4301,True,10,
605,TRPRGMKTAS,4301,True,10,
606,RSPKGVRVNR,4301,True,10,
607,TPPRSWRTEG,4301,True,10,
608,HVPRQVIARY,4301,True,10,
609,QAPRGMHGES,4301,True,10,
610,ASPRGMQTAS,4301,True,10,
611,FHPRGQTASG,4301,True,10,
612,GVPRGVMTAS,4301,True,10,
613,HGPRSWHGVI,4301,True,10,
614,HGPRGVWDEL,4301,True,10,
615,RYPRPMKGQF,4301,True,10,
616,YQPRSMRTHG,4301,True,10,
617,TAPRGWAGAQ,4301,True,10,
618,RTPRGNTASG,4301,True,10,
619,PGPRGSHQIY,4301,True,10,
620,YGPRGMKTHR,4301,True,10,
621,WRPRNYLALA,4301,True,10,
622,SLPRSWKVGL,4301,True,10,
623,VWPRGFRALG,4301,True,10,
624,YNPRGMRVSY,4301,True,10,
625,VSPRGVRVTA,4301,True,10,
626,DGPRGMLTAS,4301,True,10,
627,FKPRGVWTAS,4301,True,10,
628,WHPRGMKDNV,4301,True,10,
629,QAPRGVRDRH,4301,True,10,
630,RKPRGVRDRQ,4301,True,10,
631,RTPRGMRASV,4301,True,10,
632,IGPRGVRARG,4301,True,10,
633,RAPRGMKTEG,4301,True,10,
634,YSPMGMRTAG,4301,True,10,
635,WCSRGLKSGW,4301,True,10,
636,LKPRGSHDIR,4301,True,10,
637,RAPRGQSVKG,4301,True,10,
638,PRPRGVWDPG,4301,True,10,
639,IAPRGMATMI,4301,True,10,
640,MNPRPVMAIK,4301,True,10,
641,YVPRGVGVLG,4301,True,10,
642,WHPRNVRVAV,4301,True,10,
643,FYVRGMTASG,4301,True,10,
644,TEPRGMLDGL,4301,True,10,
645,HYPRGSQDSG,4301,True,10,
646,GKPRGVRVGG,4301,True,10,
647,QDPRGMGTEH,4301,True,10,
648,GRPRGYTVLR,4301,True,10,
649,DSPIGMHDRV,4301,True,10,
650,PVPKGVISEG,4301,True,10,
651,RNPRGMRDVF,4301,True,10,
652,TGPRGNHAPF,4301,True,10,
653,TKPRGMHSPV,4301,True,10,
654,TGPRGMWTAS,4301,True,10,
655,WCPRGMKGKH,4301,True,10,
656,VHPVGMATWY,4301,True,10,
657,QKPRGVRAPA,4301,True,10,
658,VGPRGMYQGQ,4301,True,10,
659,TKPRGMRDHY,4301,True,10,
660,NWPRGMDTGI,4301,True,10,
661,WGPVGMGTGA,4301,True,10,
662,GKPRGMHTAS,4301,True,10,
663,HRPRWVIAWG,4301,True,10,
664,RMPRGFRAKG,4301,True,10,
665,FGPRGMWSAY,4301,True,10,
666,RVPRGVMSGH,4301,True,10,
667,IYPKGMTASG,4301,True,10,
668,YGPRPVRDHR,4301,True,10,
669,RIPRGVTDYT,4301,True,10,
670,QWPRGMKTIA,4301,True,10,
671,YRPRPVKASY,4301,True,10,
672,HTPRGVTASG,4301,True,10,
673,NQPRGMHSTQ,4301,True,10,
674,QRPRGVMDGS,4301,True,10,
675,HQPRGVQVPG,4301,True,10,
676,FHGRGMTASG,4301,True,10,
677,EAPRGMHVPG,4301,True,10,
678,MSPVGMWGET,4301,True,10,
679,RYPRGVRAKV,4301,True,10,
680,SGPRGFKTNA,4301,True,10,
681,KWPRGMRTNR,4301,True,10,
682,YGPRGMKTAS,4301,True,10,
683,HWPRGMRAPY,4301,True,10,
684,GLARAMSTAS,4301,True,10,
685,NGPRGVHDGR,4301,True,10,
686,QSPRGIRAVA,4301,True,10,
687,HRPRGMLDMV,4301,True,10,
688,HAPRGVRDWG,4301,True,10,
689,FVPRGVLDNG,4301,True,10,
690,GYPRGVGAGA,4301,True,10,
691,YRPRGVRVTR,4301,True,10,
692,VGPKGMRSMA,4301,True,10,
693,HGPVGMTDGI,4301,True,10,
694,VPPRAVSVQR,4301,True,10,
695,TGPKGMRVPG,4301,True,10,
696,IKPAGVTASG,4301,True,10,
697,WHPIGMKTHV,4301,True,10,
698,GTPRGMGTAS,4301,True,10,
699,PTPRGVTVPR,4301,True,10,
700,VGPRGMGTAS,4301,True,10,
701,CGPRGMKSTI,4301,True,10,
702,KRPRGYTASG,4301,True,10,
703,ARPRGVTASG,4301,True,10,
704,HWHGRLTATG,4301,True,10,
705,KVPRGSTASG,4301,True,10,
706,GKVRGMHSNR,4301,True,10,
707,RLPVNMHGHK,4301,True,10,
708,AGPRGMRSGV,4301,True,10,
709,YAPRSMFDQI,4301,True,10,
710,TGPRGVRSGS,4301,True,10,
711,HRPRSMAVNI,4301,True,10,
712,SKPRGMATAS,4301,True,10,
713,GSPRGVRDAL,4301,True,10,
714,ARPRGVRAGL,4301,True,10,
715,MGPRAVMGRT,4301,True,10,
716,YGHGAPMPAT,4301,True,10,
717,QVPRGVRDMG,4301,True,10,
718,DRPAGMRDNG,4301,True,10,
719,NHALGMWSGA,4301,True,10,
720,CYPRGYRTAS,4301,True,10,
721,WPPRGVRVPK,4301,True,10,
722,TRPRGMGTRG,4301,True,10,
723,MCPRGMRAEG,4301,True,10,
724,RGPKGMHGKG,4301,True,10,
725,DYPRGMHVGG,4301,True,10,
726,GLPKGMRERW,4301,True,10,
727,HQPRGMKSPR,4301,True,10,
728,KGPRGNTASG,4301,True,10,
729,WGPRGSTASG,4301,True,10,
730,YPVYGMKTQA,4301,True,10,
731,GEPRGMGTAS,4301,True,10,
732,GHPRGSTASG,4301,True,10,
733,KHRQGNDLGY,4301,True,10,
734,MGPRGDFIGA,4301,True,10,
735,VRPRGVYDAV,4301,True,10,
736,RMPRGFTASG,4301,True,10,
737,SKPRGVRVTF,4301,True,10,
738,AEPRGVHVRY,4301,True,10,
739,HGPRGVTASG,4301,True,10,
740,WGPRGMATKR,4301,True,10,
741,MQPRGVTASG,4301,True,10,
742,QMPRNYTASG,4301,True,10,
743,RTPRGVRANT,4301,True,10,
744,VLPRNFSGQK,4301,True,10,
745,HKPRGMKVMG,4301,True,10,
746,PIPRHVRGIT,4301,True,10,
747,TSPAGVRARY,4301,True,10,
748,GHPRGQATAS,4301,True,10,
749,KPPRGVRVTG,4301,True,10,
750,QPPRGVWDRF,4301,True,10,
751,WKPAGMRSPT,4301,True,10,
752,GEPRGMWGSG,4301,True,10,
753,RKPAGVTASG,4301,True,10,
754,RQPRGVTDRI,4301,True,10,
755,FRPRGFTASG,4301,True,10,
756,VAPRHMWAWY,4301,True,10,
757,ATPRGMRDVG,4301,True,10,
758,KPPRGMKVER,4301,True,10,
759,RNPRGMRDVH,4301,True,10,
760,DHPRGMKTAK,4301,True,10,
761,NVPKGMRTAS,4301,True,10,
762,RWPRGDVVSA,4301,True,10,
763,MGPRGVMASQ,4301,True,10,
764,WYPRGMGTHS,4301,True,10,
765,GYPRGVRAQT,4301,True,10,
766,GRPAGVQTAS,4301,True,10,
767,MDPRGMWSGF,4301,True,10,
768,DHPRGMGTVH,4301,True,10,
769,YKPLGMTASG,4301,True,10,
770,YPALHWRGRG,4301,True,10,
771,PIPRPARGAG,4301,True,10,
772,TQPRSMSGAY,4301,True,10,
773,VGPSGWKVMV,4301,True,10,
774,KVPRGVRARI,4301,True,10,
775,VHPRGSTASG,4301,True,10,
776,EAPKGMRVGV,4301,True,10,
777,RGPRGVWVGS,4301,True,10,
778,MGPRGMKTAS,4301,True,10,
779,RMPRGVRDTI,4301,True,10,
780,QGPRPKGVGG,4301,True,10,
781,YKPLGLHANK,4301,True,10,
782,YTPRGMATPR,4301,True,10,
783,GRPRGSTVQG,4301,True,10,
784,TGPRGMKTAS,4301,True,10,
785,FDPKGVRVIT,4301,True,10,
786,GYPRGMKVPQ,4301,True,10,
787,PRPRGVHVGK,4301,True,10,
788,VYPRGMHDNH,4301,True,10,
789,KDPRGMRVPA,4301,True,10,
790,HNPRGSRVHA,4301,True,10,
791,GHPVGMRGWA,4301,True,10,
792,GPPRGMRTAG,4301,True,10,
793,NWPRGVRAGF,4301,True,10,
794,VAPRGMSAGR,4301,True,10,
795,WHPRGMKTGA,4301,True,10,
796,PTPRGVTASG,4301,True,10,
797,TWPRGMWDRF,4301,True,10,
798,SVPRGVRTAS,4301,True,10,
799,NGPAGMRTAH,4301,True,10,
800,IFHRAMAGAY,3389,True,10,
801,VMPRNYHGAH,3389,True,10,
802,ITPRWMNGPG,3389,True,10,
803,QSPVWMTGIS,3389,True,10,
804,RAPRWMHNPG,3389,True,10,
805,FWPRGMATPG,3389,True,10,
806,NVPRWMIGAR,3389,True,10,
807,ASPRWMHGQG,3389,True,10,
808,VSPRVIMGNS,3389,True,10,
809,QNPRGVMQPQ,3389,True,10,
810,KVPRGVRGGF,3389,True,10,
811,RMPLGMKSQS,3389,True,10,
812,VPPRGSTGLY,3389,True,10,
813,NIPRWSIGLA,3389,True,10,
814,NTPVWMSGIW,3389,True,10,
815,PGPRSYTGLG,3389,True,10,
816,PQPRSMLGIS,3389,True,10,
817,AVPSWIHGTQ,3389,True,10,
818,NEPRWMNGIG,3389,True,10,
819,QMPRPVALQY,3389,True,10,
820,VVPRMLSGGV,3389,True,10,
821,TAPVWMFSGA,3389,True,10,
822,MNPRWMLGTK,3389,True,10,
823,WYWPRATASG,3389,True,10,
824,SQPIWMYGSF,3389,True,10,
825,VTPRWMGGAY,3389,True,10,
826,GSILGFVGIG,3389,True,10,
827,TKWRAFYGPY,3389,True,10,
828,MQPRGVYSRG,3389,True,10,
829,EFPRGMHGHL,3389,True,10,
830,MPPRWMGGHG,3389,True,10,
831,GQPRWMIGLG,3389,True,10,
832,VMPRNFHGSG,3389,True,10,
833,HSPRWIYGPG,3389,True,10,
834,SVPLGVTNHV,3389,True,10,
835,YVPRWMKGNG,3389,True,10,
836,VTPRSMYGNG,3389,True,10,
837,YQPRWIHGPA,3389,True,10,
838,NDPQGMRGQH,3389,True,10,
839,FHPRGMTGMR,3389,True,10,
840,TEPRGYIGMS,3389,True,10,
841,RAPRGSVGSL,3389,True,10,
842,GMPRWINGAL,3389,True,10,
843,VQPSWISGRG,3389,True,10,
844,VRVRGVTASG,3389,True,10,
845,EPPAWMKGPG,3389,True,10,
846,VMPRWIRGNY,3389,True,10,
847,FMPRYMVGMV,3389,True,10,
848,PAPVWMTGAG,3389,True,10,
849,NFPRGSKGQL,3389,True,10,
850,TAPRGMIGPW,3389,True,10,
851,TFPVWASGTK,3389,True,10,
852,GVPRGVTNIY,3389,True,10,
853,MVPRWMYGTG,3389,True,10,
854,VMPRWIMGTS,3389,True,10,
855,MQPRQVYGRS,3389,True,10,
856,PTPRWSIGQL,3389,True,10,
857,NGPRGMGSVG,3389,True,10,
858,GAPRGSMGMG,3389,True,10,
859,LFPRGQITAS,3389,True,10,
860,WMPRGVFYMG,3389,True,10,
861,GQPRGFSGRG,3389,True,10,
862,MGVRGMTGMG,3389,True,10,
863,FTPVGQMGPF,3389,True,10,
864,IRPRSYINAT,3389,True,10,
865,ENPRSWTGIG,3389,True,10,
866,WSPRGFTASG,3389,True,10,
867,WVPRGMKTGH,3389,True,10,
868,MYPVWMHGMQ,3389,True,10,
869,TSPVGMTASG,3389,True,10,
870,QWPRWMSGEG,3389,True,10,
871,FVPRGVHGHW,3389,True,10,
872,NVPRWMHGHK,3389,True,10,
873,ERPSWIWGQG,3389,True,10,
874,MQPRGQASTG,3389,True,10,
875,GRPRGQASIK,3389,True,10,
876,IMPKGMHGAA,3389,True,10,
877,NAPRWMNGNA,3389,True,10,
878,DIPRWMIGNV,3389,True,10,
879,GVPRAVKGWD,3389,True,10,
880,GQPRQVRGPS,3389,True,10,
881,GLPRWMKGTS,3389,True,10,
882,CVPRGVTGAG,3389,True,10,
883,VRPRGQADVH,3389,True,10,
884,SQPRMMHGRG,3389,True,10,
885,TSPRGVFSLF,3389,True,10,
886,ISPRWLHGRF,3389,True,10,
887,AIPRWSHGNI,3389,True,10,
888,MAPSWIMGIG,3389,True,10,
889,FSPRGVTASG,3389,True,10,
890,FKPRGQVGSG,3389,True,10,
891,AMPKWIQGTI,3389,True,10,
892,GRPRGMTSGH,3389,True,10,
893,GWPRGMGTGW,3389,True,10,
894,AYPRWILGLG,3389,True,10,
895,GVPRGVMGNG,3389,True,10,
896,VFPRAMRGHK,3389,True,10,
897,VPPRGVHAGH,3389,True,10,
898,NRPSWQMGVT,3389,True,10,
899,FPPRGMGNMK,3389,True,10,
900,IEPRWMEGIA,3389,True,10,
901,TYPRQMVGQA,3389,True,10,
902,VYPRAFTGPI,3389,True,10,
903,SMPRGMSAEG,3389,True,10,
904,VQPRGMHGER,3389,True,10,
905,MGPRGSTASG,3389,True,10,
906,VPWEGMIGTQ,3389,True,10,
907,QNPRWMVGAG,3389,True,10,
908,VQPRVLKGIG,3389,True,10,
909,VNPRNVYGQY,3389,True,10,
910,VFPRGFGSRG,3389,True,10,
911,GTPRWMNGQN,3389,True,10,
912,ITPRWMNAGH,3389,True,10,
913,ATPRGNTGTA,3389,True,10,
914,VPWGNMAGLF,3389,True,10,
915,GNPRGMHGPG,3389,True,10,
916,LFPRSMYGLG,3389,True,10,
917,IQPRWMVGTL,3389,True,10,
918,ASPRGVITGK,3389,True,10,
919,MGPRGVRGTK,3389,True,10,
920,DMPRWMAGQF,3389,True,10,
921,PYPRWMKGHG,3389,True,10,
922,GYPRGDYFNS,3389,True,10,
923,SNPRGMYGVG,3389,True,10,
924,TFPRGVIVMW,3389,True,10,
925,TVPQWLSGWS,3389,True,10,
926,FTPRGNTGKG,3389,True,10,
927,TVPGWMFGPG,3389,True,10,
928,TKPRGMTGNW,3389,True,10,
929,YGPRSMQGRG,3389,True,10,
930,VTPRGVTGTG,3389,True,10,
931,DIPRWMYGNS,3389,True,10,
932,GMPRYMFGIG,3389,True,10,
933,SRPVWMFGWS,3389,True,10,
934,IAPSWSMGHG,3389,True,10,
935,AVPFGMTGQH,3389,True,10,
936,VGPRQMTGTK,3389,True,10,
937,AQPRWMNGNS,3389,True,10,
938,FAPRWSTGQR,3389,True,10,
939,AGRVKFRSPA,3389,True,10,
940,TQPRWMNGRG,3389,True,10,
941,TMPIHMYGQR,3389,True,10,
942,YFPRGMHGTA,3389,True,10,
943,TGPVWMTGVG,3389,True,10,
944,GRPRWIMGEY,3389,True,10,
945,MPVWWMTGRA,3389,True,10,
946,IFPRGVTASG,3389,True,10,
947,VAPRWMNGER,3389,True,10,
948,TMPQWMIGIQ,3389,True,10,
949,LQPLGIRTNH,3389,True,10,
950,YTPRWMNGLH,3389,True,10,
951,TGPIGMLGIF,3389,True,10,
952,STPRQMTNIA,3389,True,10,
953,LGPRGFTGPG,3389,True,10,
954,AQPVWMHGLT,3389,True,10,
955,MKPRGQTGTG,3389,True,10,
956,MPPRWLTASG,3389,True,10,
957,VFPRGRGVLA,3389,True,10,
958,TVPRGVGAEW,3389,True,10,
959,VHPVWMHGWN,3389,True,10,
960,VATWRSRQAK,3389,True,10,
961,MNYRGMHGAW,3389,True,10,
962,VQVRGVTASG,3389,True,10,
963,NQPRWMAGPF,3389,True,10,
964,FTVRGMWGKH,3389,True,10,
965,DHIRGEALVG,3389,True,10,
966,ATPRWMHGIG,3389,True,10,
967,GAPRSMLGVR,3389,True,10,
968,QRPRWMAGTY,3389,True,10,
969,GLPRGVATAS,3389,True,10,
970,FVPRMIFSVH,3389,True,10,
971,YAPRGMFGAG,3389,True,10,
972,GPPRVITASG,3389,True,10,
973,QPPRGQVARF,3389,True,10,
974,DTPRGNVGGL,3389,True,10,
975,KVPVWMYGSF,3389,True,10,
976,MVPRGITVQA,3389,True,10,
977,VKPAGMHGVT,3389,True,10,
978,VGPVWMHGNA,3389,True,10,
979,NTPMWITGTG,3389,True,10,
980,MNPAWMVGWG,3389,True,10,
981,SDPVWMRGLF,3389,True,10,
982,NWPRWMKGIA,3389,True,10,
983,MSPLGVKGMH,3389,True,10,
984,VLPRYMLNPQ,3389,True,10,
985,SFPRGQTVTG,3389,True,10,
986,NGPRGVRGQF,3389,True,10,
987,TWPRGQTASG,3389,True,10,
988,LPPRGNRVGH,3389,True,10,
989,NVPRWMHGEG,3389,True,10,
990,AKPVAIRGPW,3389,True,10,
991,DKPRWMIGAV,3389,True,10,
992,WAPRWMSGSG,3389,True,10,
993,MGPWHIYNGQ,3389,True,10,
994,IVPRWMKGMG,3389,True,10,
995,QMPRGVTGGQ,3389,True,10,
996,MVPVWMWGKQ,3389,True,10,
997,STVRGMQGTQ,3389,True,10,
998,QRPRWYTGLQ,3389,True,10,
999,PNPQWIKGAG,3389,True,10,
1000,VHPRGVTGIA,3389,True,10,
1001,VAPVWMAGPG,3389,True,10,
1002,AGPRGNSDMG,3389,True,10,
1003,PSPVWMKGWG,3389,True,10,
1004,KVPRGVQGKG,3389,True,10,
1005,TVPRGVRGEK,3389,True,10,
1006,LYPRWMAGAG,3389,True,10,
1007,PQPRWISGPN,3389,True,10,
1008,MAPRWIMGTK,3389,True,10,
1009,GQPRGMFGQW,3389,True,10,
1010,RAPRSWFGNG,3389,True,10,
1011,YVPVWMIGMR,3389,True,10,
1012,VFPRGVLGHI,3389,True,10,
1013,MGPTWMTGKG,3389,True,10,
1014,PGVRYLYGMR,3389,True,10,
1015,TTPRGQVGPG,3389,True,10,
1016,AQPRWAIGNH,3389,True,10,
1017,QLPRWIKGTS,3389,True,10,
1018,FNPRWMKGVQ,3389,True,10,
1019,ETPRGMFGTF,3389,True,10,
1020,GVPRAVYTAS,3389,True,10,
1021,YRPRWLGGSY,3389,True,10,
1022,KVPSGMRGWY,3389,True,10,
1023,DWPRGVMGMG,3389,True,10,
1024,GQPKWMRGSG,3389,True,10,
1025,VSHQWMTNWR,3389,True,10,
1026,AFPRGSTASG,3389,True,10,
1027,RTPVGMHGNG,3389,True,10,
1028,VTPVWMIGMS,3389,True,10,
1029,AQPRWIHGWV,3389,True,10,
1030,PTPRGVMGQY,3389,True,10,
1031,GMPRPVAGVL,3389,True,10,
1032,HTVRGMYGIR,3389,True,10,
1033,YGPRGMVGSQ,3389,True,10,
1034,AFPRGSMGWG,3389,True,10,
1035,NPPKWMRGMS,3389,True,10,
1036,DSPIWMHGGW,3389,True,10,
1037,QVPRKMDGAY,3389,True,10,
1038,TQPAWMKGTF,3389,True,10,
1039,KPPVWMHGPL,3389,True,10,
1040,RVPVWMYGVR,3389,True,10,
1041,ITPRGNTASG,3389,True,10,
1042,LMPRWIMGWT,3389,True,10,
1043,VMPRWMNGAL,3389,True,10,
1044,RIPRWMLGWS,3389,True,10,
1045,HQPGWMYGTV,3389,True,10,
1046,LFPRGVTGQH,3389,True,10,
1047,EVPRGVHVTA,3389,True,10,
1048,PYPRGVFDMA,3389,True,10,
1049,LGPRWIMGQF,3389,True,10,
1050,HQPRNMGNSA,3389,True,10,
1051,FGPVWMKGNF,3389,True,10,
1052,AMPRWLTGMH,3389,True,10,
1053,STPRGNVGTR,3389,True,10,
1054,HEPRGVMNMG,3389,True,10,
1055,FTPRWMTGEF,3389,True,10,
1056,PSPRWLHGMQ,3389,True,10,
1057,TQPVGFYDMV,3389,True,10,
1058,TQRFKRALTI,3389,True,10,
1059,AVPKGVIATH,3389,True,10,
1060,MQPRWMGGMS,3389,True,10,
1061,QSPVWMYGHR,3389,True,10,
1062,VQPRGVAGAL,3389,True,10,
1063,WIPRWSTGAT,3389,True,10,
1064,GTPRGNTGSG,3389,True,10,
1065,SVPVWMHGTK,3389,True,10,
1066,TAPRSNMGAH,3389,True,10,
1067,EVPRGVSAQG,3389,True,10,
1068,TGPVWMFGQF,3389,True,10,
1069,GAPRSMAGKG,3389,True,10,
1070,TGPRGMKTAS,3389,True,10,
1071,YAPRWMNGIY,3389,True,10,
1072,GIPRAVIGHV,3389,True,10,
1073,VGPSWLTASG,3389,True,10,
1074,VFPRGMANQH,3389,True,10,
1075,YAVRGVTGVF,3389,True,10,
1076,TQPGAMGGVQ,3389,True,10,
1077,MQVRGMYNKG,3389,True,10,
1078,DVPVWMHGWG,3389,True,10,
1079,TQPVWMHGPF,3389,True,10,
1080,VRPRGMKGLA,3389,True,10,
1081,DAVRGVHGMF,3389,True,10,
1082,SMPRWMSGMH,3389,True,10,
1083,YFPRGQHGAV,3389,True,10,
1084,VSPRWMGGTY,3389,True,10,
1085,PQWRAFTASG,3389,True,10,
1086,RAPRGSTASG,3389,True,10,
1087,TDPRGMGVQS,3389,True,10,
1088,MIPRWSQGHG,3389,True,10,
1089,TFWKGWIGAT,3389,True,10,
1090,QVPRGVSDSQ,3389,True,10,
1091,STPKSNVGVH,3389,True,10,
1092,QSPRWMIGQW,3389,True,10,
1093,SNPVWMHGSA,3389,True,10,
1094,SPVLWMRGNK,3389,True,10,
1095,ENPRWMNGIR,3389,True,10,
1096,MAPRWSLGMW,3389,True,10,
1097,WLPRAYNGLT,3389,True,10,
1098,ADPGMMHGIS,3389,True,10,
1099,EIPRWIHGHT,3389,True,10,
1100,ASPRWIHGER,3389,True,10,
1101,FRPSWIQGNQ,3389,True,10,
1102,GVPKWIKGHF,3389,True,10,
1103,MIPRWIHGSA,3389,True,10,
1104,VGPVWMYGVG,3389,True,10,
1105,ITPKWMLGAS,3389,True,10,
1106,GSPLGVHTAS,3389,True,10,
1107,KLPRWIYGAR,3389,True,10,
1108,VMPRYMINWH,3389,True,10,
1109,SVPRAVTGSK,3389,True,10,
1110,NEPRGSTGPF,3389,True,10,
1111,EMPRQMHGLS,3389,True,10,
1112,YSPRWMVGTA,3389,True,10,
1113,VGSWGMRGMK,3389,True,10,
1114,TAPRSNTAQR,3389,True,10,
1115,GRPAGMFSVW,3389,True,10,
1116,GPPIHMYGMS,3389,True,10,
1117,QVPRWMSGHA,3389,True,10,
1118,QVPRWASGQH,3389,True,10,
1119,NGPAWMKGIG,3389,True,10,
1120,WAPRGMQGQY,3389,True,10,
1121,ITPRWMNGIH,3389,True,10,
1122,SIPRGSTATA,3389,True,10,
1123,STPRIAGPQW,3389,True,10,
1124,YFVSGMHGGI,3389,True,10,
1125,PTPRWINGGG,3389,True,10,
1126,PTPRWMKGPG,3389,True,10,
1127,VTPVWMTGSA,3389,True,10,
1128,LQPRGQTGIS,3389,True,10,
1129,GQPRWINGQG,3389,True,10,
1130,MWEKPRSKQP,3389,True,10,
1131,KQPRGVTASG,3389,True,10,
1132,LGPRSYKGVG,3389,True,10,
1133,GKPRGQVGIS,3389,True,10,
1134,NAPRSWTGNG,3389,True,10,
1135,FMPRWILGMR,3389,True,10,
1136,KRPAGMHGMG,3389,True,10,
1137,TMPRNVGSMH,3389,True,10,
1138,EKVQWMTGMF,3389,True,10,
1139,IAPEWMHGLG,3389,True,10,
1140,LGPMHMQGVG,3389,True,10,
1141,GLPVWMTGQS,3389,True,10,
1142,YGPAWMKGAY,3389,True,10,
1143,FPKGAYIGPG,3389,True,10,
1144,TYPRAFYGQY,3389,True,10,
1145,RKPVGMAGMF,3389,True,10,
1146,GPPRVLVGRG,3389,True,10,
1147,THPIWMISHG,3389,True,10,
1148,VSPVWIHGLR,3389,True,10,
1149,VRPRWILGHR,3389,True,10,
1150,GFPAGMRTHG,3389,True,10,
1151,AQPRWIFGNR,3389,True,10,
1152,GQPRGMHAMG,3389,True,10,
1153,GTVRGMIGQG,3389,True,10,
1154,TFPVGMHGPY,3389,True,10,
1155,SQPRWIMDHW,3389,True,10,
1156,KTVRGMSGML,3389,True,10,
1157,SNPRGMTASG,3389,True,10,
1158,SQPRGFIGQR,3389,True,10,
1159,NAPRWMKGNY,3389,True,10,
1160,GTPRSMFGAS,3389,True,10,
1161,MEWFPRSVGL,3389,True,10,
1162,YVPRSWTGHI,3389,True,10,
1163,WPQRGMYGMG,3389,True,10,
1164,AHPRGSTASG,3389,True,10,
1165,TGPVWMYGTG,3389,True,10,
1166,YQPRGVFGHG,3389,True,10,
1167,LFPRGVFDVK,3389,True,10,
1168,MAPKWMTGIR,3389,True,10,
1169,QPPRHMYGQA,3389,True,10,
1170,DVPKWMKGIS,3389,True,10,
1171,TEPRWMHGPH,3389,True,10,
1172,HSPRAMIGMG,3389,True,10,
1173,MFPRNYTGMI,3389,True,10,
1174,LFPRWIFGQF,3389,True,10,
1175,GQPRGVMTAS,3389,True,10,
1176,IMPSWASGIG,3389,True,10,
1177,QAPAHWTGVH,3389,True,10,
1178,RDPWGIFGTA,3389,True,10,
1179,LSPIPMWSQV,3389,True,10,
1180,HVPRGVRGAT,3389,True,10,
1181,MYPVWMHGPS,3389,True,10,
1182,DIPRWSMGNH,3389,True,10,
1183,QKPVWMIGNL,3389,True,10,
1184,RAPRGMHGWG,3389,True,10,
1185,DTPRGMIGWS,3389,True,10,
1186,TPPRGMKGTH,3389,True,10,
1187,TLARWIHGWG,3389,True,10,
1188,MQPRWMVGMG,3389,True,10,
1189,TVPSWITGHT,3389,True,10,
1190,WSPRGMKTPG,3389,True,10,
1191,DVPRWMHGVW,3389,True,10,
1192,VWPRWMNGQH,3389,True,10,
1193,FNVFWMKGTF,3389,True,10,
1194,YQPRGMHGHG,3389,True,10,
1195,SDPQGMAGTG,3389,True,10,
1196,WGPRAVFGLG,3389,True,10,
1197,QTPDWMTNHY,3389,True,10,
1198,TMPRWMIGHQ,3389,True,10,
1199,TVPRGVTASG,3389,True,10,
1200,TKPLGIKSAV,5830,True,10,
1201,KMPRGVTDWF,5830,True,10,
1202,VHPRGSTGGR,5830,True,10,
1203,AFPRGVTDHA,5830,True,10,
1204,TNPRGVLTMF,5830,True,10,
1205,MLPRSWQGSQ,5830,True,10,
1206,YTPRGNTASG,5830,True,10,
1207,YIPRPLMGLH,5830,True,10,
1208,HKPLGVMGAT,5830,True,10,
1209,TSPVGMKGET,5830,True,10,
1210,GLPAGVFTAS,5830,True,10,
1211,ITPRGVLDGK,5830,True,10,
1212,MDPRGSWDRV,5830,True,10,
1213,YMPRGVTGSF,5830,True,10,
1214,FHPIGMRDSG,5830,True,10,
1215,TWPVGITSRY,5830,True,10,
1216,ESPLGVHTAS,5830,True,10,
1217,FYPRGVTASG,5830,True,10,
1218,VYPKGWTGTG,5830,True,10,
1219,APPRPVHQTG,5830,True,10,
1220,TPVRAITGEA,5830,True,10,
1221,MYPRPIYDKA,5830,True,10,
1222,YVPKGMTGMG,5830,True,10,
1223,DNPVGFYGIA,5830,True,10,
1224,YRPRPFQGLS,5830,True,10,
1225,VDPRGMADMG,5830,True,10,
1226,DGPRGYTGSA,5830,True,10,
1227,TMPRGVTGSR,5830,True,10,
1228,VLPRSWTGPA,5830,True,10,
1229,SVPTGLYDQH,5830,True,10,
1230,TWPINMYGHT,5830,True,10,
1231,APVKGMLGQI,5830,True,10,
1232,LTPRPVTASG,5830,True,10,
1233,WPWHGMLSVT,5830,True,10,
1234,VWPRGVHTAS,5830,True,10,
1235,NMPKGVLDGF,5830,True,10,
1236,MRPRPLMGPL,5830,True,10,
1237,KPPVGIRSVG,5830,True,10,
1238,TNPLGIWDNQ,5830,True,10,
1239,WPPRGVMGAW,5830,True,10,
1240,ELPRAVMGWL,5830,True,10,
1241,KGPAGMTGAF,5830,True,10,
1242,EPPRGVLDKH,5830,True,10,
1243,YPAKGMTGHR,5830,True,10,
1244,QGPKGMIGLI,5830,True,10,
1245,TDMRGVKNMG,5830,True,10,
1246,NLPRAIKGPH,5830,True,10,
1247,MGPRGVMGIR,5830,True,10,
1248,NTPKGMLGRK,5830,True,10,
1249,WSPVGIFDMR,5830,True,10,
1250,MPPKGVLDRI,5830,True,10,
1251,YMPRAIMNGY,5830,True,10,
1252,PWPRGMHGPR,5830,True,10,
1253,EHPRGVTVAQ,5830,True,10,
1254,WFPRGSTASG,5830,True,10,
1255,ELPLGILGEL,5830,True,10,
1256,YFPRGMSVPG,5830,True,10,
1257,GAPRSLIGTA,5830,True,10,
1258,MGPQGMHTAS,5830,True,10,
1259,EVPRMLIAEV,5830,True,10,
1260,MPVKGMYDIL,5830,True,10,
1261,TSPLGYTASG,5830,True,10,
1262,HMPLGFRGKQ,5830,True,10,
1263,PCPLGYRGAF,5830,True,10,
1264,FYPRGLTDGA,5830,True,10,
1265,FGPRPVLGMV,5830,True,10,
1266,DVPRPVTASG,5830,True,10,
1267,SVPRGVRDKI,5830,True,10,
1268,YVPIGIHSTW,5830,True,10,
1269,MFPRGVKDVA,5830,True,10,
1270,LVGRALIGQT,5830,True,10,
1271,IGPVPFWDTR,5830,True,10,
1272,EPWRALTGTF,5830,True,10,
1273,VLPRSWLGNL,5830,True,10,
1274,TDPLGIRVSL,5830,True,10,
1275,YNPAGVKGQK,5830,True,10,
1276,QEPRGVMAGG,5830,True,10,
1277,DLPVGLWGVF,5830,True,10,
1278,ERPKGVTASG,5830,True,10,
1279,TEPRGVTASG,5830,True,10,
1280,SQPRGFIGAT,5830,True,10,
1281,TMPRSVYGTG,5830,True,10,
1282,YGVRGVTASG,5830,True,10,
1283,QMPVGIWDQR,5830,True,10,
1284,WTPRGNRGAG,5830,True,10,
1285,SLPAGVTGMK,5830,True,10,
1286,GSPRMLRGPG,5830,True,10,
1287,TQPVPFMGWG,5830,True,10,
1288,GWPRGVYTAS,5830,True,10,
1289,EWPSWMKGLH,5830,True,10,
1290,VCPVGMRGMG,5830,True,10,
1291,QDPRGVRGNY,5830,True,10,
1292,MLPRPVMAGA,5830,True,10,
1293,PTPRGVLGTR,5830,True,10,
1294,STPRGQVDIP,5830,True,10,
1295,QGPYGMLTGT,5830,True,10,
1296,VGPRAVKGMA,5830,True,10,
1297,HLPLGIKDTG,5830,True,10,
1298,AVPVGIRSEV,5830,True,10,
1299,MGPVGIYDLK,5830,True,10,
1300,IDPRNILGSH,5830,True,10,
1301,QAPVGIWDML,5830,True,10,
1302,FYPRAFQGTF,5830,True,10,
1303,WPVKGMRGNR,5830,True,10,
1304,QNPRGVTGVT,5830,True,10,
1305,WTPRGMRGEF,5830,True,10,
1306,RAPVHMLGTL,5830,True,10,
1307,GDPRGVRGNI,5830,True,10,
1308,LVPRPILYSQ,5830,True,10,
1309,MPPKGVTASG,5830,True,10,
1310,DAPRGLTDGH,5830,True,10,
1311,WIPRPVIDRM,5830,True,10,
1312,MFPKGVRGPQ,5830,True,10,
1313,YVPKGVTASG,5830,True,10,
1314,TPPVELMGLK,5830,True,10,
1315,KDPVGMTGML,5830,True,10,
1316,QLPRPILDIA,5830,True,10,
1317,GMPKGVYSTG,5830,True,10,
1318,QSPRPVMGWG,5830,True,10,
1319,YHPMGIRDEA,5830,True,10,
1320,KFPRGMWGWR,5830,True,10,
1321,VAPVGITGMG,5830,True,10,
1322,PYPRGVTASG,5830,True,10,
1323,TDPRGVFDPF,5830,True,10,
1324,LKPRGVIDQG,5830,True,10,
1325,MEPLGIKGLF,5830,True,10,
1326,AMPKGVTASG,5830,True,10,
1327,PLPRAIKGHQ,5830,True,10,
1328,TDPKGVFDMI,5830,True,10,
1329,GIPAPVMGQR,5830,True,10,
1330,SNPLGVIGQH,5830,True,10,
1331,GVPRAVTGTG,5830,True,10,
1332,WMPRGVAGIG,5830,True,10,
1333,HGPRGSLDGL,5830,True,10,
1334,GCPRGMRGWQ,5830,True,10,
1335,YAPRGLSDHG,5830,True,10,
1336,PSPRNVIGQG,5830,True,10,
1337,SEPLGIRDEW,5830,True,10,
1338,RDPVGMQSRI,5830,True,10,
1339,NKPSGWTASG,5830,True,10,
1340,FDPIGFWDMW,5830,True,10,
1341,LRPVGVTGMG,5830,True,10,
1342,RSPVGMYDGK,5830,True,10,
1343,LHPLGFRGVW,5830,True,10,
1344,KMPRGVTASG,5830,True,10,
1345,TPTGWLYGRG,5830,True,10,
1346,LFPRGVRDQI,5830,True,10,
1347,NPPRGVYDQL,5830,True,10,
1348,DFPRGVMDRS,5830,True,10,
1349,MTPRGSTDKG,5830,True,10,
1350,SMPRGVTGIK,5830,True,10,
1351,SMPKGVMSIS,5830,True,10,
1352,GNPRGVRTAS,5830,True,10,
1353,MIPLGWTASG,5830,True,10,
1354,YIPRPILGTS,5830,True,10,
1355,TPVRAIRGML,5830,True,10,
1356,VHPRGSTASG,5830,True,10,
1357,HMPRYIRGAR,5830,True,10,
1358,NVPKGMIGER,5830,True,10,
1359,VYPRGVKDGH,5830,True,10,
1360,APECRPMDLS,5830,True,10,
1361,FGPLGIKSEW,5830,True,10,
1362,FTPVGIHGHA,5830,True,10,
1363,VGPGAYLGIG,5830,True,10,
1364,PWPRGIRTAS,5830,True,10,
1365,RWPRGVTASG,5830,True,10,
1366,WYPRGMGTMG,5830,True,10,
1367,TRPRGVTASG,5830,True,10,
1368,TPVYGMYDMQ,5830,True,10,
1369,LVPRPVMDEA,5830,True,10,
1370,EVPRGVRTAG,5830,True,10,
1371,ADPRGMKGHA,5830,True,10,
1372,LKPVGWTGNG,5830,True,10,
1373,VIPRPVIDEG,5830,True,10,
1374,SLPRPYMDMT,5830,True,10,
1375,YTPRGVQASG,5830,True,10,
1376,PTPRGVFDTG,5830,True,10,
1377,IYPRPWRAWS,5830,True,10,
1378,DFVRGVRGAG,5830,True,10,
1379,TRPVGVTASG,5830,True,10,
1380,SMPRGVTASG,5830,True,10,
1381,LMPRAIYGMG,5830,True,10,
1382,FTPRGMQDSG,5830,True,10,
1383,LHPIGWTGTH,5830,True,10,
1384,VKPKGVYDGK,5830,True,10,
1385,LDPRSNRNWG,5830,True,10,
1386,NMPKGVTGWL,5830,True,10,
1387,VWPVGIWDMK,5830,True,10,
1388,YRALGIYGMT,5830,True,10,
1389,IGPRAILGNK,5830,True,10,
1390,ETPKGVRDMR,5830,True,10,
1391,FQPRGVRDRS,5830,True,10,
1392,THPAGMKTML,5830,True,10,
1393,DGPAGMKTVG,5830,True,10,
1394,PEPLGILSKG,5830,True,10,
1395,PWPRGIRTGA,5830,True,10,
1396,FGPWGVKGVT,5830,True,10,
1397,WTPRGQTYTG,5830,True,10,
1398,WVPRGVRAMG,5830,True,10,
1399,LYPRGVIAEA,5830,True,10,
1400,TVPVMIYGNR,5830,True,10,
1401,FYPINMVGMR,5830,True,10,
1402,MRPRGVTDMG,5830,True,10,
1403,TYVRAVHGQS,5830,True,10,
1404,AGPRPIYDAG,5830,True,10,
1405,KLPRSWIGTG,5830,True,10,
1406,LIPRPVYDPG,5830,True,10,
1407,HNPRGVLSLT,5830,True,10,
1408,DPPSGWTASG,5830,True,10,
1409,IFPRGWEVLG,5830,True,10,
1410,FQPRSVAGLK,5830,True,10,
1411,FMPAGIYDNR,5830,True,10,
1412,LFPRGVITSR,5830,True,10,
1413,IPVLGLSGRR,5830,True,10,
1414,STPAGMRGPA,5830,True,10,
1415,RFPVGMTGNT,5830,True,10,
1416,SIPRPVLGEG,5830,True,10,
1417,FWPLGIRTAK,5830,True,10,
1418,HSHQGMRGML,5830,True,10,
1419,SQPKGVYDVG,5830,True,10,
1420,HAPLGIYTVG,5830,True,10,
1421,NGPRGVMDNL,5830,True,10,
1422,YTPRGNKDGT,5830,True,10,
1423,HVPRGVTDHQ,5830,True,10,
1424,LYPRPIWALK,5830,True,10,
1425,NRPRSLQGLR,5830,True,10,
1426,LFWGAYQGLT,5830,True,10,
1427,ARPRWLTGKG,5830,True,10,
1428,HDPYGMKGPV,5830,True,10,
1429,WMPRGVKGTF,5830,True,10,
1430,KNPKGMRGRQ,5830,True,10,
1431,RKPAGVKGAY,5830,True,10,
1432,YPAVGILGGW,5830,True,10,
1433,DYPRGMKTAS,5830,True,10,
1434,TWPRGVQTES,5830,True,10,
1435,WYPRGVIALF,5830,True,10,
1436,CVPRGVADLA,5830,True,10,
1437,PVPVGLADEV,5830,True,10,
1438,GDPRGFRDRL,5830,True,10,
1439,MTPVGMRGIL,5830,True,10,
1440,SGPKGVMDTA,5830,True,10,
1441,MLWRALTDKY,5830,True,10,
1442,HIPRPVIARG,5830,True,10,
1443,FTPAGVRGKA,5830,True,10,
1444,DMPRGVFDIY,5830,True,10,
1445,SFPMGVRGVA,5830,True,10,
1446,VNPRSWAGEF,5830,True,10,
1447,GVPKGMTGAF,5830,True,10,
1448,HVPRAVKDWS,5830,True,10,
1449,PMPKGVTGVT,5830,True,10,
1450,TIPTGFRTIG,5830,True,10,
1451,PMVLGIRDGT,5830,True,10,
1452,TAPRAVYGAV,5830,True,10,
1453,QHPRGSTGLS,5830,True,10,
1454,ENALGLRGEH,5830,True,10,
1455,LDSIPILDSF,5830,True,10,
1456,GWPRGVKTAS,5830,True,10,
1457,LFPRGVADRG,5830,True,10,
1458,SRPVGLTGHT,5830,True,10,
1459,NYPLGVRNMK,5830,True,10,
1460,GFPRAFQGIG,5830,True,10,
1461,MSPRGVTASG,5830,True,10,
1462,IPVRALTALG,5830,True,10,
1463,TSPVGLYGVF,5830,True,10,
1464,LYPRPIAGER,5830,True,10,
1465,VYPRAFGTLS,5830,True,10,
1466,YRPKGVTGHY,5830,True,10,
1467,GDPLGVTGQW,5830,True,10,
1468,GWPRGVFSMF,5830,True,10,
1469,VAPRGSTASG,5830,True,10,
1470,VGPRPVQAEG,5830,True,10,
1471,DYPKGVIAQG,5830,True,10,
1472,DTPLGIYGHK,5830,True,10,
1473,TSPRMLIGHA,5830,True,10,
1474,NFPRGYLDNT,5830,True,10,
1475,DMVRAIFGRF,5830,True,10,
1476,NWVRGVWGRI,5830,True,10,
1477,TIPSGVTASG,5830,True,10,
1478,YDPLGMRNTR,5830,True,10,
1479,QYPVGLIGER,5830,True,10,
1480,GVPRAVRTAS,5830,True,10,
1481,EAPRGVTDGS,5830,True,10,
1482,LAPRGVVTIA,5830,True,10,
1483,IRAVALYGVT,5830,True,10,
1484,ASPRPILGIY,5830,True,10,
1485,LHPRGVTAIG,5830,True,10,
1486,TAPVHIKGTS,5830,True,10,
1487,DVPRAVKTAS,5830,True,10,
1488,THPYGMKGEK,5830,True,10,
1489,GAPLGVLGVS,5830,True,10,
1490,FVPKAVQSMG,5830,True,10,
1491,TVPVGMWGRL,5830,True,10,
1492,QIPRPVMGKA,5830,True,10,
1493,GYPRGQTASG,5830,True,10,
1494,LYPRPILGIS,5830,True,10,
1495,TNPRWIKGLV,5830,True,10,
1496,RWVRGMHGQS,5830,True,10,
1497,RVPVWMFGLY,5830,True,10,
1498,TGPKWMRGST,5830,True,10,
1499,HYPRAILGPW,5830,True,10,
1500,GYPRSMLAGL,5830,True,10,
1501,GVPRGWTGNG,5830,True,10,
1502,GDPRGMLTAS,5830,True,10,
1503,TRPRGVMDAG,5830,True,10,
1504,TMPRGVMGQS,5830,True,10,
1505,DRPRPYWGMS,5830,True,10,
1506,PWPRGVIGEG,5830,True,10,
1507,TVPRAIYGTQ,5830,True,10,
1508,GTPIGLYTAS,5830,True,10,
1509,TPPRGVRDGA,5830,True,10,
1510,PNPRGVTASG,5830,True,10,
1511,LPTRGLFGAM,5830,True,10,
1512,MSPRGVTASG,5830,True,10,
1513,VYPKGMHGIT,5830,True,10,
1514,STPRGQVSWQ,5830,True,10,
1515,WTPLGMKSMG,5830,True,10,
1516,LRPRPILGPK,5830,True,10,
1517,GQPRSLWGQA,5830,True,10,
1518,LYPRAFLGVT,5830,True,10,
1519,MLPRNILGPI,5830,True,10,
1520,DHPVGMTGEG,5830,True,10,
1521,YLPRAVQDHT,5830,True,10,
1522,TYPRDIGALS,5830,True,10,
1523,TYPKGMRGVY,5830,True,10,
1524,WTPRGMKGVA,5830,True,10,
1525,VWPRAVANLR,5830,True,10,
1526,CFPRAVRAGS,5830,True,10,
1527,VLPSGWTARG,5830,True,10,
1528,GTPRGQVHIL,5830,True,10,
1529,MAPKGMRSNF,5830,True,10,
1530,QVPAWIKGMH,5830,True,10,
1531,GDPRGVLGIQ,5830,True,10,
1532,VMPRPVFAKG,5830,True,10,
1533,YTPRPLVDVK,5830,True,10,
1534,TEPFGMRGPF,5830,True,10,
1535,PKPVGVYDVH,5830,True,10,
1536,TAPINLIGPS,5830,True,10,
1537,FTPRGNWGKQ,5830,True,10,
1538,AYPRGVMDRS,5830,True,10,
1539,QPPRGVMSQI,5830,True,10,
1540,DWPAGVTGKG,5830,True,10,
1541,FYPLGIRSGW,5830,True,10,
1542,TRPKGVFGNQ,5830,True,10,
1543,DSPKGVLGTI,5830,True,10,
1544,GAPRGVLGAG,5830,True,10,
1545,PIPRYWIGTF,5830,True,10,
1546,NIPVPLYSIA,5830,True,10,
1547,VTPIGIFGIQ,5830,True,10,
1548,NFPRGVTASG,5830,True,10,
1549,RLPKGVRDEG,5830,True,10,
1550,YMPRSLSGEA,5830,True,10,
1551,VTPKGVWDSH,5830,True,10,
1552,TDPRGVFAIK,5830,True,10,
1553,DGPKGVTGIK,5830,True,10,
1554,LVPRGILDVG,5830,True,10,
1555,GQPRGVMGVK,5830,True,10,
1556,IVPKGVTGQA,5830,True,10,
1557,VLPRSWIGHG,5830,True,10,
1558,DIPRPVMDNG,5830,True,10,
1559,DHPRGVTASG,5830,True,10,
1560,STPLGYIDTG,5830,True,10,
1561,SDPLGIRTAS,5830,True,10,
1562,IEPLGVRGWQ,5830,True,10,
1563,TGPRSLVAVH,5830,True,10,
1564,ASPRPVSDVT,5830,True,10,
1565,RYPRAILGSG,5830,True,10,
1566,EYPKGMRGTL,5830,True,10,
1567,DMPRGVTASG,5830,True,10,
1568,TSPVAMRGST,5830,True,10,
1569,GFPRGVTSMR,5830,True,10,
1570,YRPRGVLGKG,5830,True,10,
1571,RHPVAFTGQK,5830,True,10,
1572,LKPKGVRDNR,5830,True,10,
1573,VAPRGVHDEG,5830,True,10,
1574,LFPRGVTDMY,5830,True,10,
1575,MHPIGVTASG,5830,True,10,
1576,YAPRGIWDLQ,5830,True,10,
1577,ITPRPLYGRF,5830,True,10,
1578,LFPKGMRNMR,5830,True,10,
1579,AYPRPVMNGL,5830,True,10,
1580,TKPIGMRSHS,5830,True,10,
1581,TQPRGVSAGY,5830,True,10,
1582,TFPRGVSTKG,5830,True,10,
1583,SIPRPVMAGH,5830,True,10,
1584,DSPRAILGIG,5830,True,10,
1585,SHPRGVTDRG,5830,True,10,
1586,IMPRPISDEF,5830,True,10,
1587,WTPRGSFDAG,5830,True,10,
1588,EGPRPLMALQ,5830,True,10,
1589,MNPLGVRGES,5830,True,10,
1590,TVGAPGEMTS,5830,True,10,
1591,MYPIGITGPG,5830,True,10,
1592,VIPRPVTASG,5830,True,10,
1593,HTWYGLWDMS,5830,True,10,
1594,NFPRGMHSTA,5830,True,10,
1595,DVPRGVFDRV,5830,True,10,
1596,TAPIHMLGTA,5830,True,10,
1597,TVPRAWSGTA,5830,True,10,
1598,VFPRGYTGWG,5830,True,10,
1599,FMPRGVRDTH,5830,True,10,
1600,HGPSGWTASG,2484,True,10,
1601,VNPRDMSANG,2484,True,10,
1602,PAPRWSRAWF,2484,True,10,
1603,RQVRGVYAPA,2484,True,10,
1604,YGPRAVIAEV,2484,True,10,
1605,QVPRSWYGPG,2484,True,10,
1606,MWPREVRSHS,2484,True,10,
1607,SVPRVLHAES,2484,True,10,
1608,MVPRAVFAEK,2484,True,10,
1609,RAPRGATVNW,2484,True,10,
1610,FGPRGVTASG,2484,True,10,
1611,LTPRGWITEK,2484,True,10,
1612,NTPKGMYAMW,2484,True,10,
1613,DHPRGMHSMH,2484,True,10,
1614,PGPRSYLGVI,2484,True,10,
1615,YNWRGLMNSN,2484,True,10,
1616,MVPRGWTASG,2484,True,10,
1617,WRPAGVKYNA,2484,True,10,
1618,VSVWGWQGWY,2484,True,10,
1619,QLPRAFYAGL,2484,True,10,
1620,LHPRQYNAPF,2484,True,10,
1621,SKPVGMTAGS,2484,True,10,
1622,RFPRGSTASG,2484,True,10,
1623,KTPRGYTGSG,2484,True,10,
1624,NPPRPVMGKY,2484,True,10,
1625,QPPRAITGAQ,2484,True,10,
1626,MPPRGVTASG,2484,True,10,
1627,RVPRGVRPNQ,2484,True,10,
1628,QRPGWIRSVR,2484,True,10,
1629,SNPAGMRTAS,2484,True,10,
1630,WVPRGVRDEY,2484,True,10,
1631,TNVKGMASKT,2484,True,10,
1632,AIPGWVHAKV,2484,True,10,
1633,SGPRSWTDTA,2484,True,10,
1634,AFTRNLYAPA,2484,True,10,
1635,GQPRNVMTAS,2484,True,10,
1636,TFPRPFAGPT,2484,True,10,
1637,LGPRTLVAGL,2484,True,10,
1638,KGPRGYTASG,2484,True,10,
1639,DGPAWMRNAY,2484,True,10,
1640,QRPAGVFTPQ,2484,True,10,
1641,HWPRQVRTIW,2484,True,10,
1642,YKPRGYTASG,2484,True,10,
1643,TSPRGSWAPS,2484,True,10,
1644,KTPRGNLAEG,2484,True,10,
1645,LWEPVPFAPL,2484,True,10,
1646,QVPRQVLGQF,2484,True,10,
1647,PMPVGFTGPK,2484,True,10,
1648,TKVNAFRGTG,2484,True,10,
1649,FSPRGNVDEY,2484,True,10,
1650,YWPRGSTASG,2484,True,10,
1651,TMPRTLVSPL,2484,True,10,
1652,RHPAGVQSRG,2484,True,10,
1653,MTPLGQISQS,2484,True,10,
1654,TLVRSLMSMQ,2484,True,10,
1655,NDPRNILGHA,2484,True,10,
1656,LRPRAYPSGK,2484,True,10,
1657,DYIQGLRGWT,2484,True,10,
1658,YCPAGMRGLG,2484,True,10,
1659,YKPAGVRDHY,2484,True,10,
1660,TMPRQIKGKI,2484,True,10,
1661,PWPRAFKGPW,2484,True,10,
1662,NDPRASQDYK,2484,True,10,
1663,GSPRQMATAS,2484,True,10,
1664,FNPRSWRSAG,2484,True,10,
1665,VAHQWMVGPG,2484,True,10,
1666,RVPRGVMGHY,2484,True,10,
1667,DLPTGFHSEV,2484,True,10,
1668,QGPRGVRVAH,2484,True,10,
1669,GLPRYWTASG,2484,True,10,
1670,VTPRGSQSHA,2484,True,10,
1671,RAPLGFRSTS,2484,True,10,
1672,GQPRTLYGTG,2484,True,10,
1673,TPPRAFKGPH,2484,True,10,
1674,VWPRAVRTLS,2484,True,10,
1675,VRPRGVTSHA,2484,True,10,
1676,RDPRSLYAEF,2484,True,10,
1677,HQPRGVYAPG,2484,True,10,
1678,QGPAPMWGVR,2484,True,10,
1679,QTPKGVYTAS,2484,True,10,
1680,APWCSDQLIV,2484,True,10,
1681,EQPRGMHSRF,2484,True,10,
1682,TRPSGVHTAS,2484,True,10,
1683,RIPRPVYAMW,2484,True,10,
1684,DKPLGQRDVT,2484,True,10,
1685,MRPRSLQSQY,2484,True,10,
1686,YTPRQMSVPA,2484,True,10,
1687,RTPKGYYGQH,2484,True,10,
1688,CMPRAFRAGA,2484,True,10,
1689,SMPRGYTGNR,2484,True,10,
1690,IMPRDYHGQK,2484,True,10,
1691,YHPRSYRVNK,2484,True,10,
1692,STPKGMYGTS,2484,True,10,
1693,NPPRGMDVWH,2484,True,10,
1694,MFPRPVRAQK,2484,True,10,
1695,ITPRSWFSNY,2484,True,10,
1696,WQPVPMWSNA,2484,True,10,
1697,VYPRVLQSIL,2484,True,10,
1698,MYPRSWTSPV,2484,True,10,
1699,NSPRQYIGMV,2484,True,10,
1700,RSPRTLRGAL,2484,True,10,
1701,HAPRGSTASG,2484,True,10,known_sequence
1702,YSPRGVYAVF,2484,True,10,
1703,VFPRGVTGAT,2484,True,10,
1704,NVPRGVRKHS,2484,True,10,
1705,LPTRGLTASG,2484,True,10,
1706,DHPLGQITGQ,2484,True,10,
1707,NAVWGIRAGT,2484,True,10,
1708,RPPRSLYSTG,2484,True,10,
1709,QFPRGVTASG,2484,True,10,
1710,WGPRSHRVPH,2484,True,10,
1711,YKPVGQASAV,2484,True,10,
1712,HAPRGSTASG,2484,True,10,known_sequence
1713,NEPRGNTASG,2484,True,10,
1714,RGPVGMHSTR,2484,True,10,
1715,WPPRGDSGTW,2484,True,10,
1716,DWVLGCLSWQ,2484,True,10,
1717,YTPRGSTASG,2484,True,10,
1718,TAPAGVRGKQ,2484,True,10,
1719,QLPRGQHYTR,2484,True,10,
1720,PSPRGVRVPT,2484,True,10,
1721,QSPRNVRSIL,2484,True,10,
1722,HTVFWMFSGR,2484,True,10,
1723,WRPRGYADRW,2484,True,10,
1724,QNVRGMSGQG,2484,True,10,
1725,PHPRSHLGIG,2484,True,10,
1726,PNPRGQYFKL,2484,True,10,
1727,VWPLGWTTMV,2484,True,10,
1728,ITVFGMHASG,2484,True,10,
1729,GWVRALHASF,2484,True,10,
1730,EWPRQYLGML,2484,True,10,
1731,YLPRGQSNGK,2484,True,10,
1732,QYPVPFAAQG,2484,True,10,
1733,HSPRQYVGSG,2484,True,10,
1734,DIPAGVTASG,2484,True,10,
1735,PTPRGQFDQA,2484,True,10,
1736,PTPRGVHVRS,2484,True,10,
1737,FQPKGMHSQG,2484,True,10,
1738,RNPASWLDNR,2484,True,10,
1739,VFPRGQHSPK,2484,True,10,
1740,RYPLGSTASG,2484,True,10,
1741,PMPRYWIASH,2484,True,10,
1742,IYPHSMLSAR,2484,True,10,
1743,QAPLGQIGPH,2484,True,10,
1744,DRPRGDYSNL,2484,True,10,
1745,TWPSGWTASG,2484,True,10,
1746,TAPRSKAVPH,2484,True,10,
1747,KTPRGSTASG,2484,True,10,
1748,FNPAGMRNMT,2484,True,10,
1749,SMPRGVTASG,2484,True,10,
1750,YIPRAVHGPW,2484,True,10,
1751,KGPSGWTGQG,2484,True,10,
1752,RAPAGVRVNW,2484,True,10,
1753,KLPRGVSDAG,2484,True,10,
1754,WAPRGFTASG,2484,True,10,
1755,DPPRSLYGWQ,2484,True,10,
1756,KRPRGNYGMW,2484,True,10,
1757,SMPRGVFVIR,2484,True,10,
1758,PRPRGVTASG,2484,True,10,
1759,WGPRSYTAHS,2484,True,10,
1760,YPPRDVTASG,2484,True,10,
1761,IFPRGATASG,2484,True,10,
1762,VRVFWMRGWG,2484,True,10,
1763,RQPAPVLGVL,2484,True,10,
1764,PLGRALWGNL,2484,True,10,
1765,ATPRGNTNKS,2484,True,10,
1766,FQPTGLVGPQ,2484,True,10,
1767,TAPINILAPS,2484,True,10,
1768,VFPQGMKTIW,2484,True,10,
1769,WDPRGSHGPT,2484,True,10,
1770,LYPRSHMAPQ,2484,True,10,
1771,FIYRGLWGTG,2484,True,10,
1772,IFTRGMYGPA,2484,True,10,
1773,MWPREVGAGT,2484,True,10,
1774,RDPFGMRGWG,2484,True,10,
1775,YVPRGVMDIG,2484,True,10,
1776,YSPRGVRTGI,2484,True,10,
1777,VWPRGVHATS,2484,True,10,
1778,YVPRGVTVIA,2484,True,10,
1779,LVPRSHLGQY,2484,True,10,
1780,PVPRGVTASG,2484,True,10,
1781,HGPRQYAGPH,2484,True,10,
1782,YAPRSMYGAG,2484,True,10,
1783,HGPAGMGSGY,2484,True,10,
1784,MVPREVHGIA,2484,True,10,
1785,DMPRGMHALK,2484,True,10,
1786,LAPNAYHGAG,2484,True,10,
1787,RGPKGMGSNK,2484,True,10,
1788,HTPRGVTASG,2484,True,10,
1789,HGPRSYIGEH,2484,True,10,
1790,SHPRGFTASG,2484,True,10,
1791,GPPRSMYGNK,2484,True,10,
1792,ITPIELWAPK,2484,True,10,
1793,RLPRAFMAHW,2484,True,10,
1794,MVPVHMIGVY,2484,True,10,
1795,SYPRAFRGPA,2484,True,10,
1796,HMPRQVRALK,2484,True,10,
1797,TSPVGMHAHF,2484,True,10,
1798,CHPIGMTNPF,2484,True,10,
1799,PSPRGVTASG,2484,True,10,
1800,HTPRGNIASF,2484,True,10,
1801,VWPRPSWSAQ,2484,True,10,
1802,NYPVNMLGNQ,2484,True,10,
1803,GTPRGSASGY,2484,True,10,
1804,TQPRSYLGTY,2484,True,10,
1805,PQPRDQYGAY,2484,True,10,
1806,YTPRGNEGRQ,2484,True,10,
1807,YPPREVIAHQ,2484,True,10,
1808,ATPKGMYGPH,2484,True,10,
1809,TPPRSWVNQY,2484,True,10,
1810,MAPSWVKGKQ,2484,True,10,
1811,GSRVSRSLNL,2484,True,10,
1812,PYPRGQWAPK,2484,True,10,
1813,VPEPCAGAPP,2484,True,10,
1814,EGPRGYTATL,2484,True,10,
1815,RSPRGSAFMF,2484,True,10,
1816,FAPRGSTASG,2484,True,10,
1817,GKPRSYWSGH,2484,True,10,
1818,KNPRGSRGMA,2484,True,10,
1819,RFPRPITASG,2484,True,10,known_sequence
1820,LGPAPMWGQG,2484,True,10,
1821,SYPRGVTASG,2484,True,10,
1822,TMPKGVTASG,2484,True,10,
1823,TFPRGNRGML,2484,True,10,
1824,KTPRGQTASG,2484,True,10,
1825,LAPRGKGSLF,2484,True,10,
1826,YQPRSWIGTG,2484,True,10,
1827,CNPRGMKVAY,2484,True,10,
1828,FGPRSYIAHK,2484,True,10,
1829,LNPRSWTASG,2484,True,10,
1830,LVPRGVTASG,2484,True,10,
1831,WGPRGKTSNG,2484,True,10,
1832,YPPRGSRDGY,2484,True,10,
1833,WAPRGSHSGY,2484,True,10,
1834,TSPVGFHNPA,2484,True,10,
1835,SMPKGVTGRL,2484,True,10,
1836,GLPREVSTAS,2484,True,10,
1837,TRPVGFYGPV,2484,True,10,
1838,NGPYGMHAPW,2484,True,10,
1839,HTPRGMLSHT,2484,True,10,
1840,LSPRTLTGLS,2484,True,10,
1841,EVYRGMTASG,2484,True,10,
1842,VPPRVLYAHW,2484,True,10,
1843,PSPRGVTASG,2484,True,10,
1844,QSPRNWRGRW,2484,True,10,
1845,EAPRGVTASG,2484,True,10,
1846,QPPRGVRGIK,2484,True,10,
1847,HNPRGDVFNA,2484,True,10,
1848,TAPRSNHANL,2484,True,10,
1849,QPPAGVFAWH,2484,True,10,
1850,DPVYGMHSIF,2484,True,10,
1851,AFPRGVRTGA,2484,True,10,
1852,NTPRGNYSAS,2484,True,10,
1853,TFVRAMTGPY,2484,True,10,
1854,LKPSGWTASG,2484,True,10,
1855,EIPRPVSAIL,2484,True,10,
1856,VIPRGVTVGT,2484,True,10,
1857,GLPRYWTGVL,2484,True,10,
1858,GPGPKWAKHF,2484,True,10,
1859,PKPVGMRTDG,2484,True,10,
1860,GVPRAVSATH,2484,True,10,
1861,VMPRVYDGAY,2484,True,10,
1862,QHPLGIYSPS,2484,True,10,
1863,FHPMGYRTNL,2484,True,10,
1864,SIPLGQISGK,2484,True,10,
1865,TYPVPMLSIQ,2484,True,10,
1866,EIPRPVTASG,2484,True,10,
1867,EQPRSWKGEI,2484,True,10,
1868,SDPRGWRAIF,2484,True,10,
1869,YPWASMYGPV,2484,True,10,
1870,SGPRSMLGTA,2484,True,10,
1871,MHPIGMLTAG,2484,True,10,
1872,PVPRGVTASG,2484,True,10,
1873,TAPRSMTAWS,2484,True,10,
1874,WHPRGQVSTQ,2484,True,10,
1875,PVPRGWTASG,2484,True,10,
1876,SEPLGYIALI,2484,True,10,
1877,WMPRQNVQTY,2484,True,10,
1878,TIPRPVAGRH,2484,True,10,
1879,GVPRGVTSTA,2484,True,10,
1880,IHPYGQRVPF,2484,True,10,
1881,YRPRGSTASG,2484,True,10,
1882,QTPVGLFSHS,2484,True,10,
1883,VGPRAFLGIQ,2484,True,10,
1884,DVPRGVTASG,2484,True,10,
1885,YFPVGMWSEH,2484,True,10,
1886,PGPRSWYGNG,2484,True,10,
1887,GLPRAFRDAY,2484,True,10,
1888,WPPRGNRGPG,2484,True,10,
1889,YSPMHMLGST,2484,True,10,
1890,WVPRGWTDGQ,2484,True,10,
1891,ITPRGFMSTG,2484,True,10,
1892,YWPRGVRTHK,2484,True,10,
1893,MHSRGMAGVH,2484,True,10,
1894,YIPREVLGTG,2484,True,10,
1895,VFPRAFAGWF,2484,True,10,
1896,ANPRGSTASG,2484,True,10,
1897,HGPRGFKNHY,2484,True,10,
1898,TGPVELHSLV,2484,True,10,
1899,QDPRGQHSIT,2484,True,10,
1900,LVWKGLTAWF,2484,True,10,
1901,DTVRGLWAPQ,2484,True,10,
1902,SMARGMWGHI,2484,True,10,
1903,TVPRAWIGIG,2484,True,10,
1904,IVPRGQRVLY,2484,True,10,
1905,GIPYVMRGNQ,2484,True,10,
1906,PMPRSLFSHT,2484,True,10,
1907,SIPASVRDLK,2484,True,10,
1908,HTPVWYLGER,2484,True,10,
1909,FAPRGSHDHQ,2484,True,10,
1910,MQPRGSHGNL,2484,True,10,
1911,FRPAQMYDNG,2484,True,10,
1912,TSPIGMRSGT,2484,True,10,
1913,MQPRSWTGRH,2484,True,10,
1914,YRPRNYVAQH,2484,True,10,
1915,YGPRGVTASG,2484,True,10,
1916,YDPRGLSTNG,2484,True,10,
1917,GRPRGDVTAS,2484,True,10,
1918,DQPRGVRTGR,2484,True,10,
1919,GPPRSWMGIQ,2484,True,10,
1920,FPPRGQHGWI,2484,True,10,
1921,SHPRGSTDNG,2484,True,10,
1922,GAPRGQTASG,2484,True,10,
1923,SAVRSLIAVL,2484,True,10,
1924,PTPRSHRTAF,2484,True,10,
1925,VGPRSLFAIW,2484,True,10,
1926,VCPRGMHGVT,2484,True,10,
1927,FEPRGVIAIA,2484,True,10,
1928,SHPKGVFSAY,2484,True,10,
1929,PRPRGSTASG,2484,True,10,
1930,GQPRGNVTAS,2484,True,10,
1931,RVPRGQTASG,2484,True,10,
1932,SPNLGETLMQ,2484,True,10,
1933,MPPRNVTGMV,2484,True,10,
1934,VHPRVILGEK,2484,True,10,
1935,AMPRGVWGMR,2484,True,10,
1936,TRPRGVRAEL,2484,True,10,
1937,TVPRAWRGMH,2484,True,10,
1938,PQPRSWTSEI,2484,True,10,
1939,ATPVGLRDGL,2484,True,10,
1940,WAPRGFTASG,2484,True,10,
1941,GCPRGFHTAS,2484,True,10,
1942,RTPRGQVASG,2484,True,10,
1943,LRPRVYVGPG,2484,True,10,
1944,PVPRPVLALT,2484,True,10,
1945,RYPRGWTASG,2484,True,10,
1946,MHPRGMSDIW,2484,True,10,
1947,KTPSGWTANY,2484,True,10,
1948,FCPYGMWSPA,2484,True,10,
1949,GVPRAVTSQG,2484,True,10,
1950,PVPRMLYGSG,2484,True,10,
1951,VPPRVLWGHT,2484,True,10,
1952,SGPLGVRTTA,2484,True,10,
1953,SNPLGVIVMK,2484,True,10,
1954,VHVRGPFGLD,2484,True,10,
1955,GMPVGMHGWL,2484,True,10,
1956,RKPRGDMVAF,2484,True,10,
1957,TFPRSFQSPL,2484,True,10,
1958,FLPRAVKDSW,2484,True,10,
1959,NTPYGQRTAS,2484,True,10,
1960,WIARAMFGPF,2484,True,10,
1961,RGPRPVSDQA,2484,True,10,
1962,YGPRNVLSTY,2484,True,10,
1963,MHPKGVTASG,2484,True,10,
1964,NHPMGMHSER,2484,True,10,
1965,VSPRAYAGTG,2484,True,10,
1966,QRPRGVRAGF,2484,True,10,
1967,IMPRSVLGIG,2484,True,10,
1968,QGPHGFLGMG,2484,True,10,
1969,RHPRSMVGHV,2484,True,10,
1970,WAPRGSISEQ,2484,True,10,
1971,WSPRGYTASG,2484,True,10,
1972,TAPRSNTASG,2484,True,10,
1973,HMPRQVRGTF,2484,True,10,
1974,WMPSGMRNRW,2484,True,10,
1975,VSPTGFRSIL,2484,True,10,
1976,PTPRGWTASG,2484,True,10,
1977,QSVRGVTASG,2484,True,10,
1978,FIPMWSRSAG,2484,True,10,
1979,FTPRQSFSLF,2484,True,10,
1980,YDPIGSYSKV,2484,True,10,
1981,GNPSGWIGPY,2484,True,10,
1982,HWPRGRSPMI,2484,True,10,
1983,HDPRQMSGPY,2484,True,10,
1984,SKPRGMKTAS,2484,True,10,
1985,PGPRVLYDIT,2484,True,10,
1986,NPPRAVSVRG,2484,True,10,
1987,SPVRGMYSPH,2484,True,10,
1988,FDPRSNTAGF,2484,True,10,
1989,GQPSGWTASG,2484,True,10,
1990,WQPRGYTASG,2484,True,10,
1991,GPPKGVMAPF,2484,True,10,
1992,FSPSGWTASG,2484,True,10,
1993,AYPRAFSGSF,2484,True,10,
1994,ALRPRGVPWD,2484,True,10,
1995,AIPRPVTASG,2484,True,10,
1996,KSPRGYFGVV,2484,True,10,
1997,SHPSGVTASG,2484,True,10,
1998,QKPRGVRDMG,2484,True,10,
1999,TPPRTLTSVG,2484,True,10,
2000,DVPRGSTEIT,7446,True,10,
2001,MSWSAYQGHA,7446,True,10,
2002,SWPARFYDTF,7446,True,10,
2003,TMVRAYHGMG,7446,True,10,
2004,GMPRQVTASG,7446,True,10,
2005,KGPRGSMYGQ,7446,True,10,
2006,PNPRSYMGTI,7446,True,10,
2007,GVPRGVRAGA,7446,True,10,
2008,VTVRGMTASG,7446,True,10,
2009,ANPRYWTASG,7446,True,10,
2010,VWMGWMAGIY,7446,True,10,
2011,DMVRGNTASG,7446,True,10,
2012,VRWRAMHAWS,7446,True,10,
2013,AFARGMWAER,7446,True,10,
2014,VGPHWATASG,7446,True,10,
2015,AMPRYMIGKF,7446,True,10,
2016,TAWRAMTASG,7446,True,10,
2017,VNVRAMHGWG,7446,True,10,
2018,VYPRGMQGEG,7446,True,10,
2019,GRPRWLTASG,7446,True,10,
2020,PFVRGMTQGT,7446,True,10,
2021,QTPRWMTSHY,7446,True,10,
2022,VPVRGMYAPG,7446,True,10,
2023,MHPRSYHGPQ,7446,True,10,
2024,HMPRWMGHEA,7446,True,10,
2025,AQSTGRALWF,7446,True,10,
2026,FIYRGMYGSL,7446,True,10,
2027,TMPRASTASG,7446,True,10,
2028,GPRPKRSGPF,7446,True,10,
2029,VLVRAVWGPV,7446,True,10,
2030,TPVGWMHGPT,7446,True,10,
2031,AWTRGMYGSH,7446,True,10,
2032,VGPRAVGAGI,7446,True,10,
2033,YTVRGMYSMA,7446,True,10,
2034,EQPRDVFSGY,7446,True,10,
2035,HTVRGMVSGF,7446,True,10,
2036,GQPRSWYGSK,7446,True,10,
2037,TNPIGMRTAG,7446,True,10,
2038,SEPRGWTASG,7446,True,10,
2039,RGPRGWTASG,7446,True,10,
2040,ESVRGVQDRA,7446,True,10,
2041,RQPVWMYGEF,7446,True,10,
2042,GNPRSWIGQF,7446,True,10,
2043,FVPRGNTGSG,7446,True,10,
2044,DRVRGVTASG,7446,True,10,
2045,LRPRGMHTAS,7446,True,10,
2046,GLPRMDHLAG,7446,True,10,
2047,IGPRGSTASG,7446,True,10,
2048,TSPRGVKDVI,7446,True,10,
2049,QGPRASPGPY,7446,True,10,
2050,FVPEWMHAMG,7446,True,10,
2051,MPYVNMYGVF,7446,True,10,
2052,PYPRAYQGSF,7446,True,10,
2053,HGVRGMHAGR,7446,True,10,
2054,RKPRSWIDTR,7446,True,10,
2055,VWPRWMKTSK,7446,True,10,
2056,TAVNWMTSHT,7446,True,10,
2057,RAPSWVYCGY,7446,True,10,
2058,VTWRAMYGVG,7446,True,10,
2059,MIVRGMTASG,7446,True,10,
2060,SWETVIVAEP,7446,True,10,
2061,SQPVMMTASG,7446,True,10,
2062,PTPRGVHAEG,7446,True,10,
2063,HVPRGQAYPY,7446,True,10,
2064,WVPRGQVYNT,7446,True,10,
2065,DYPRWMDSMA,7446,True,10,
2066,MGPRGFASPW,7446,True,10,
2067,NTPRGNRAHQ,7446,True,10,
2068,TMPRGMFSEY,7446,True,10,
2069,NTPRWMGAPG,7446,True,10,
2070,LGPRWYMAWT,7446,True,10,
2071,AINRAWQGMY,7446,True,10,
2072,QKPRGVTGHF,7446,True,10,
2073,VGAWGMYSTG,7446,True,10,
2074,MNPSGMRTGV,7446,True,10,
2075,KPMFWMRGMG,7446,True,10,
2076,DGVRAFIAGA,7446,True,10,
2077,MVPRWMYGWL,7446,True,10,
2078,THPRWMNGPS,7446,True,10,
2079,VQPRGSAVHL,7446,True,10,
2080,VTPRGDTASG,7446,True,10,
2081,VAPRGSTASG,7446,True,10,
2082,GDPRSYIGHG,7446,True,10,
2083,QGARAMYGMF,7446,True,10,
2084,MKNPVHPMFD,7446,True,10,
2085,ATPRGVKVLY,7446,True,10,
2086,VRVRGMHATF,7446,True,10,
2087,KFWRAYTASG,7446,True,10,
2088,VSPVWMWATF,7446,True,10,
2089,NVPRGVHVMG,7446,True,10,
2090,DQPRDMAGVG,7446,True,10,
2091,RAVRGMAVNF,7446,True,10,
2092,PGVRSHFTAS,7446,True,10,
2093,TRPRGVMDTW,7446,True,10,
2094,GVPRGVSTAS,7446,True,10,
2095,NMCVPVYWQC,7446,True,10,
2096,QWPRGFHTMG,7446,True,10,
2097,SIPRWSTHAR,7446,True,10,
2098,NSWRGLFDGH,7446,True,10,
2099,VFPSGVSVTY,7446,True,10,
2100,FTPGWMHAGI,7446,True,10,
2101,HRPRGNSDWH,7446,True,10,
2102,GYWYAFWAMS,7446,True,10,
2103,HLPRWSISLH,7446,True,10,
2104,RQPRLDVAGW,7446,True,10,
2105,TNPRWMAGTS,7446,True,10,
2106,VGPKWMHGVQ,7446,True,10,
2107,PVVWWSHATA,7446,True,10,
2108,GTPRGNSVQF,7446,True,10,
2109,MNTIHWYLGQ,7446,True,10,
2110,AHPRGNTASG,7446,True,10,
2111,GKPRWVMAGA,7446,True,10,
2112,MWPLGMFTGW,7446,True,10,
2113,PRPVWYMSGR,7446,True,10,
2114,RIPRWSTASG,7446,True,10,
2115,ATPRGNRAEH,7446,True,10,
2116,GAWMSMHGIH,7446,True,10,
2117,AMPRWVTASG,7446,True,10,
2118,AEPRGMRATV,7446,True,10,
2119,AMPRWVTASG,7446,True,10,
2120,MVPRGSTASG,7446,True,10,
2121,VLYRGMYGML,7446,True,10,
2122,RMPRSYASPS,7446,True,10,
2123,ANVRGMHGNQ,7446,True,10,
2124,KVPRGSWVWG,7446,True,10,
2125,SYPAGVRSTA,7446,True,10,
2126,YFPRGMRGIL,7446,True,10,
2127,YKVRGMYSTG,7446,True,10,
2128,VLPRWSAGKH,7446,True,10,
2129,NTVGWMYGVL,7446,True,10,
2130,YAVRAVGAHF,7446,True,10,
2131,AIPRGNTASG,7446,True,10,
2132,AEPRSWLDRY,7446,True,10,
2133,FQPRGFKSTF,7446,True,10,
2134,AKVRGMYSMH,7446,True,10,
2135,VTVRGMYGTR,7446,True,10,
2136,TDPRASAGIW,7446,True,10,
2137,VTPSGSVATF,7446,True,10,
2138,IMHRWMNGGR,7446,True,10,
2139,MWRPKYSVMA,7446,True,10,
2140,NPTRWMKGNT,7446,True,10,
2141,YGRAGRAVWY,7446,True,10,
2142,KMPRGSTASG,7446,True,10,
2143,DPVWGIYSKY,7446,True,10,
2144,QHPRGVTDSR,7446,True,10,
2145,IWPRGMHNLG,7446,True,10,
2146,MGPRAYIGWT,7446,True,10,
2147,SRVRGVHNVG,7446,True,10,
2148,PMVRWYHGYH,7446,True,10,
2149,FIPRWSYGRG,7446,True,10,
2150,SATVWMDGVT,7446,True,10,
2151,FAISWVAKGH,7446,True,10,
2152,TIPRWMSGAS,7446,True,10,
2153,MSVRGVYSVI,7446,True,10,
2154,GTVRGMTASG,7446,True,10,
2155,LHPRSMYVPG,7446,True,10,
2156,HSPRGVRAGY,7446,True,10,
2157,ARPRGASIGF,7446,True,10,
2158,ENPKWMKGEV,7446,True,10,
2159,SGPVWMAGTA,7446,True,10,
2160,GIPRWSTASG,7446,True,10,
2161,GLPRSWTASG,7446,True,10,
2162,PVPKWSYGTK,7446,True,10,
2163,QMPVGMHSTI,7446,True,10,
2164,NGVRGDSWRP,7446,True,10,
2165,TFPRGSTASG,7446,True,10,
2166,WTPRGEMNRG,7446,True,10,
2167,RTPVGMYDNF,7446,True,10,
2168,GEPRGYTASG,7446,True,10,
2169,TMPRGFTASG,7446,True,10,
2170,GHTAWMVAMY,7446,True,10,
2171,GVPRGVITAS,7446,True,10,
2172,TYPRGDTVGA,7446,True,10,
2173,QRVRGVYADA,7446,True,10,
2174,YQPRAYIGPV,7446,True,10,
2175,RTVKGMYSGV,7446,True,10,
2176,FGPFWMKHVH,7446,True,10,
2177,VFPRGSTASG,7446,True,10,
2178,ANPRGMHTGS,7446,True,10,
2179,ENPRWITGRQ,7446,True,10,
2180,DQPRGNYSGH,7446,True,10,
2181,AMPRWMHGGY,7446,True,10,
2182,AVDPWTGPVL,7446,True,10,
2183,FHPRGYRAGY,7446,True,10,
2184,GVPRGVRTAS,7446,True,10,known_sequence
2185,VQPRGFYDEF,7446,True,10,
2186,TKPRYMYASV,7446,True,10,
2187,EKVRGMWTAS,7446,True,10,
2188,RVPRGVHDTF,7446,True,10,
2189,KAPRGSRYSY,7446,True,10,
2190,YQTQGMPTGH,7446,True,10,
2191,APRVGRFGEA,7446,True,10,
2192,GTPRWMNTRH,7446,True,10,
2193,FRPRWYFDWG,7446,True,10,
2194,MSPRGVTDPY,7446,True,10,
2195,GIPRWVAGMQ,7446,True,10,
2196,FHPVWMSAMI,7446,True,10,
2197,HGPRSMHSVT,7446,True,10,
2198,HIPYWFHSAT,7446,True,10,
2199,TGVKGMYGMY,7446,True,10,
2200,TGWRAYHNSG,7446,True,10,
2201,SKPRGMTVGY,7446,True,10,
2202,TVPRGVHSMG,7446,True,10,
2203,KPVEWMYSIV,7446,True,10,
2204,APSHWAPVKF,7446,True,10,
2205,WVSRGMAGNA,7446,True,10,
2206,NPWRAYRAIS,7446,True,10,
2207,DVPRGNVSGK,7446,True,10,
2208,TVVRAVAGMT,7446,True,10,
2209,VRPVWDHATF,7446,True,10,
2210,FRPRGNRVTA,7446,True,10,
2211,MRPRGSHYET,7446,True,10,
2212,TAPRGSWYQG,7446,True,10,
2213,RERVARSVGQ,7446,True,10,
2214,HNWSGMVATF,7446,True,10,
2215,WAPQWMRGSV,7446,True,10,
2216,DVPRGVFAMF,7446,True,10,
2217,GPPDWMHNRA,7446,True,10,
2218,QSPRWMVGEH,7446,True,10,
2219,FIPRLGMYER,7446,True,10,
2220,MFPRAYRANG,7446,True,10,
2221,AYPRGMHDGT,7446,True,10,
2222,GDPRAMATAS,7446,True,10,
2223,PSPRGVMATW,7446,True,10,
2224,QMPKWMHGMW,7446,True,10,
2225,VGWRAYADAR,7446,True,10,
2226,GQPRGFGVMR,7446,True,10,
2227,FWVRGMRAVG,7446,True,10,
2228,PGAWPHWATG,7446,True,10,
2229,PVWKGMTASG,7446,True,10,
2230,IVPVWMKGTY,7446,True,10,
2231,RMVRGVYAVF,7446,True,10,
2232,FRPRWMRGMV,7446,True,10,
2233,MYVRSMWGWF,7446,True,10,
2234,PHVRGVTASG,7446,True,10,
2235,YAVRAHRGKY,7446,True,10,
2236,NGPRGDVSTH,7446,True,10,
2237,IGPRAVTASG,7446,True,10,
2238,KGVRGMYANG,7446,True,10,
2239,ASPRKYIGIY,7446,True,10,
2240,IEVRWYHSPH,7446,True,10,
2241,VFPRVHRTAS,7446,True,10,
2242,FIPMWSHSTL,7446,True,10,
2243,TVPRGVHDMR,7446,True,10,
2244,IGVRGWHGPF,7446,True,10,
2245,MSPRGQYIKI,7446,True,10,
2246,MPREPRSIYA,7446,True,10,
2247,EQPRGVTASG,7446,True,10,
2248,ITPRGYTASG,7446,True,10,
2249,VGPTGMHSTG,7446,True,10,
2250,HTVRGMVGEK,7446,True,10,
2251,KVPRGVTSNH,7446,True,10,
2252,GSVRGMYTAS,7446,True,10,
2253,VFPRGVHDVG,7446,True,10,
2254,IFPRGDVLNV,7446,True,10,
2255,QAPRGSTASG,7446,True,10,
2256,RLPVAMKGHA,7446,True,10,
2257,LNPRGWTASG,7446,True,10,
2258,CGPKGMHSWR,7446,True,10,
2259,VIPVWMHGNQ,7446,True,10,
2260,PGPRSYLSKG,7446,True,10,
2261,GKPRGSHSWA,7446,True,10,
2262,DGPRGVHDEI,7446,True,10,
2263,QPVRWYASQA,7446,True,10,
2264,TLETEAWIPI,7446,True,10,
2265,VQCWVQVFTL,7446,True,10,
2266,QWPVGMYSTG,7446,True,10,
2267,KEPRGMHGQH,7446,True,10,
2268,TAPRGNTASG,7446,True,10,
2269,WTPRSMTASG,7446,True,10,
2270,KVPRGDTASG,7446,True,10,
2271,AKPRGMYSEV,7446,True,10,
2272,YRPRSYHGMR,7446,True,10,
2273,KIPRMYTAYG,7446,True,10,
2274,VFPRGQVGNK,7446,True,10,
2275,VAPRYWTASG,7446,True,10,
2276,FDVYGMYVGH,7446,True,10,
2277,IYVGWMYGTY,7446,True,10,
2278,AMPKGVTASG,7446,True,10,
2279,MRPRGSIVQT,7446,True,10,
2280,VMPRGNGDVG,7446,True,10,
2281,YGPRGVRDTR,7446,True,10,
2282,IQYFGIRARA,7446,True,10,
2283,ARPRWMKGHQ,7446,True,10,
2284,TSPVWMQGTF,7446,True,10,
2285,GASFGMRTAS,7446,True,10,
2286,VLVRAHTASG,7446,True,10,
2287,GDPRGMKTAS,7446,True,10,
2288,VRPRGFTASG,7446,True,10,
2289,SGPRAYNGTA,7446,True,10,
2290,TFVRGFTASG,7446,True,10,
2291,VGPRGMATAS,7446,True,10,
2292,GAFKWVHVTA,7446,True,10,
2293,QVPRGVRVTF,7446,True,10,
2294,VDPRGSWGRG,7446,True,10,
2295,PHWRAYPVMS,7446,True,10,
2296,EMPGWMYATK,7446,True,10,
2297,NMPRSMTASG,7446,True,10,
2298,THYRGMHVGV,7446,True,10,
2299,LTRTGRPVGD,7446,True,10,
2300,GQPRSYTASG,7446,True,10,
2301,MWPTWMIGHY,7446,True,10,
2302,RKPVGMHDGW,7446,True,10,
2303,DFPRGMSVNF,7446,True,10,
2304,YAPRGSYDEF,7446,True,10,
2305,TIPRWVMAKG,7446,True,10,
2306,RSARGFTASG,7446,True,10,
2307,MLPRGMKGTW,7446,True,10,
2308,KPVRGMYDTK,7446,True,10,
2309,RPVRGVHAGH,7446,True,10,
2310,KGVRGEVYMP,7446,True,10,
2311,DTPRWMIAGT,7446,True,10,
2312,DEYRGMRAGA,7446,True,10,
2313,TYSECQSLRF,7446,True,10,
2314,TSVRGVRYVG,7446,True,10,
2315,QRPRVMQVGN,7446,True,10,
2316,FVARAMYSGR,7446,True,10,
2317,VNPVGMHAIV,7446,True,10,
2318,NAPRGSRAGC,7446,True,10,
2319,TYPRSYVSGA,7446,True,10,
2320,MQPKGMHGMG,7446,True,10,
2321,LGPRGMKTAS,7446,True,10,
2322,KVPRGSTASG,7446,True,10,
2323,SMPRGVTDGI,7446,True,10,
2324,DGPRAFHAIG,7446,True,10,
2325,EKVRAVSAMW,7446,True,10,
2326,ATYRGMQAPK,7446,True,10,
2327,TSPVWMHSTR,7446,True,10,
2328,KHPRGSYGES,7446,True,10,
2329,WGPRGVTVSK,7446,True,10,
2330,KQPRGYTDVG,7446,True,10,
2331,IMPRWSTASG,7446,True,10,
2332,MWPKGNTASG,7446,True,10,
2333,NRPAWMHSMW,7446,True,10,
2334,ISTRAMTSQW,7446,True,10,
2335,PVWRAFYAKF,7446,True,10,
2336,GRPRGVRVAG,7446,True,10,
2337,YVPKWMTGSL,7446,True,10,
2338,VPWRAFQGNL,7446,True,10,
2339,KQPRGVTASG,7446,True,10,
2340,QMPVWMHGTG,7446,True,10,
2341,RGPRGYTASG,7446,True,10,
2342,NQPRGVHAIP,7446,True,10,
2343,WCPRGMKNPW,7446,True,10,
2344,STVRGMVSTF,7446,True,10,
2345,YMPIHMHNVG,7446,True,10,
2346,GTPRGNTASG,7446,True,10,
2347,ENPRWMHGVG,7446,True,10,
2348,AMPRYMYGTA,7446,True,10,
2349,MAPRWMHGHV,7446,True,10,
2350,GYPRAFYDGI,7446,True,10,
2351,GAPRGSWTAS,7446,True,10,
2352,ILPRGMTASG,7446,True,10,
2353,AGPRGYGSTV,7446,True,10,
2354,TFPRGYHAVR,7446,True,10,
2355,TGWRGMYASA,7446,True,10,
2356,PYPVGFRDEH,7446,True,10,
2357,TQPRSWTWRT,7446,True,10,
2358,WQPRSHRAGV,7446,True,10,
2359,WQPVWMYGKV,7446,True,10,
2360,FGQRAMTASG,7446,True,10,
2361,TIPRAYTASG,7446,True,10,
2362,RWVRGVYTGQ,7446,True,10,
2363,TVTWGMASGL,7446,True,10,
2364,HVPRGSHDGH,7446,True,10,
2365,LSRWMRMYLP,7446,True,10,
2366,IDWRAYTASG,7446,True,10,
2367,MVPVWMTASG,7446,True,10,
2368,VGPKWMKWGT,7446,True,10,
2369,FHPKWMYGEA,7446,True,10,
2370,NTPRGNIGHR,7446,True,10,
2371,LTPVWMLSAH,7446,True,10,
2372,VGVRAVYTAS,7446,True,10,
2373,PRPRSDFDMH,7446,True,10,
2374,LVQVWMHGQI,7446,True,10,
2375,TKPRGMITAS,7446,True,10,
2376,ARPRWVHDNG,7446,True,10,
2377,HPKMGNRVMP,7446,True,10,
2378,TSVMGMYSGY,7446,True,10,
2379,TFPRGFTASG,7446,True,10,
2380,IMPRGNVSHW,7446,True,10,
2381,HAPRGVTASG,7446,True,10,
2382,VTPRGNSVTH,7446,True,10,
2383,FMPRAFATHR,7446,True,10,
2384,GMPRWMKGHG,7446,True,10,
2385,QSPRWMYGNW,7446,True,10,
2386,SKPRGARNMY,7446,True,10,
2387,LAPRGSQEVG,7446,True,10,
2388,MSPRGMTASG,7446,True,10,
2389,PRVPRGFMVQ,7446,True,10,
2390,KSPRGYHSAF,7446,True,10,
2391,GHSQGWNAMF,7446,True,10,
2392,DVPRGVTASG,7446,True,10,
2393,AGPRSYSQGY,7446,True,10,
2394,DKVRGMTASG,7446,True,10,
2395,GQPRGVKTKA,7446,True,10,
2396,SVPRGVYVGA,7446,True,10,
2397,WKYRGMTASG,7446,True,10,
2398,VQPHWSYAQG,7446,True,10,
2399,NWRERKTMVA,7446,True,10,
2400,GTPRAVRAHR,6676,True,10,
2401,KMPYGMAVMA,6676,True,10,
2402,AMPRAVVGEA,6676,True,10,
2403,VTVRALHGEK,6676,True,10,
2404,PNPLGVTGLR,6676,True,10,
2405,VHPRQVYATK,6676,True,10,
2406,RGPRTLIGAL,6676,True,10,
2407,DMPRQVMGPI,6676,True,10,
2408,GMPSGWTGMT,6676,True,10,
2409,RMPRQVYGIK,6676,True,10,
2410,STPRGMRAMH,6676,True,10,
2411,TVPYGMRGQK,6676,True,10,
2412,PKPSGVWGPH,6676,True,10,
2413,GHPRSHYGPV,6676,True,10,
2414,TAPRFLIGSA,6676,True,10,
2415,WMPRSWYGLI,6676,True,10,
2416,PNPAGMRGNH,6676,True,10,
2417,GVPHGFKGRI,6676,True,10,
2418,PQVFGPVSRA,6676,True,10,
2419,YPPRMLHSNT,6676,True,10,
2420,AKPVGMIGMV,6676,True,10,
2421,HYPRSWTNPK,6676,True,10,
2422,MPPRSYHGHV,6676,True,10,
2423,TPPRSYTASG,6676,True,10,
2424,HQPRGQVSRL,6676,True,10,
2425,RGPRPYIGMQ,6676,True,10,
2426,GPPSSWRAMG,6676,True,10,
2427,TRPEGVRAGR,6676,True,10,
2428,NHPRAVHSAS,6676,True,10,
2429,YAPRSWIAGF,6676,True,10,
2430,HVPRTLVGQH,6676,True,10,
2431,VSPRGVWGTI,6676,True,10,
2432,MTPRQVHARK,6676,True,10,
2433,GRPRSYWGIS,6676,True,10,
2434,RGPRTIMGEL,6676,True,10,
2435,KIPSAYGGEG,6676,True,10,
2436,FVPRQVTASG,6676,True,10,
2437,QGPRQVLNRG,6676,True,10,
2438,SGPSGWTATA,6676,True,10,
2439,HGPRGSTASG,6676,True,10,
2440,SRPVNYAGEF,6676,True,10,
2441,RPPKGMISAR,6676,True,10,
2442,GAPVSFRGRQ,6676,True,10,
2443,PVPRQVRGNA,6676,True,10,
2444,DVPSGWTASG,6676,True,10,
2445,GVPRAQISGA,6676,True,10,
2446,GQPAGVRGHQ,6676,True,10,
2447,QAPRSWTGPW,6676,True,10,
2448,GIPRPVYGVQ,6676,True,10,
2449,PHPQSWKGRI,6676,True,10,
2450,TSPAGVRGKA,6676,True,10,
2451,AVPRGVRAQG,6676,True,10,
2452,SRPLGIHSTG,6676,True,10,
2453,PAPRSWRGMG,6676,True,10,
2454,QNPVSMQGAS,6676,True,10,
2455,LMPRAVWGMG,6676,True,10,
2456,SPVYGMTASG,6676,True,10,
2457,NSPLSWRGLR,6676,True,10,
2458,TAPRGVFSQH,6676,True,10,
2459,SVPSGWTASG,6676,True,10,
2460,VPPRSYRQLI,6676,True,10,
2461,TWPLGYRGTG,6676,True,10,
2462,GNPSGWTASG,6676,True,10,
2463,SAPRAVLGPH,6676,True,10,
2464,IGPRPVAGRS,6676,True,10,
2465,TPPSGWTAGR,6676,True,10,
2466,GMPRQVLGPF,6676,True,10,
2467,SAPRGVMAMT,6676,True,10,
2468,HPPRSYFGHT,6676,True,10,
2469,GMPRQVRSIT,6676,True,10,
2470,NTPRGSRSAY,6676,True,10,
2471,TAPTAFRGVL,6676,True,10,
2472,RFPRSYTASG,6676,True,10,
2473,RQPRAVTASG,6676,True,10,
2474,RAPLHWHGQA,6676,True,10,
2475,SRPLGYTGWQ,6676,True,10,
2476,RQPRSWRGKA,6676,True,10,
2477,HRPRGVTASG,6676,True,10,
2478,TFPRPVWAVF,6676,True,10,
2479,TGPSGMKVTG,6676,True,10,
2480,EGPRNVMSTQ,6676,True,10,
2481,LVPRTLYSPY,6676,True,10,
2482,HRPREVYAHR,6676,True,10,
2483,TDPSGMRGWT,6676,True,10,
2484,GPPRSWTSRF,6676,True,10,
2485,SVPRAIVGRH,6676,True,10,
2486,TPHQNLFGMA,6676,True,10,
2487,SVPVGMHVHV,6676,True,10,
2488,VAPRGSTASG,6676,True,10,
2489,AWPSGWTASG,6676,True,10,
2490,VWPRQVRAGT,6676,True,10,
2491,LRPRQVHGWH,6676,True,10,
2492,RQPRSWRGWQ,6676,True,10,
2493,RSPLGMTGEQ,6676,True,10,
2494,HMPSGFTASG,6676,True,10,
2495,LSPRTYVGTV,6676,True,10,
2496,FVPRAVHSNQ,6676,True,10,
2497,IPPREFRGHL,6676,True,10,
2498,WPPRSVYGER,6676,True,10,
2499,GVPRAVRGRF,6676,True,10,
2500,LHPSGWTGPV,6676,True,10,
2501,PQPGHVTASG,6676,True,10,
2502,GVPRQVLSEG,6676,True,10,
2503,INPAHWQAER,6676,True,10,
2504,QGPRQVRGTA,6676,True,10,
2505,SAPRAYHSMG,6676,True,10,
2506,VHPRSYTASG,6676,True,10,
2507,KPPAGVRTGH,6676,True,10,
2508,TPPSGMWAEH,6676,True,10,
2509,HPPRGVKAHV,6676,True,10,
2510,YAPRGSTASG,6676,True,10,
2511,RAPRPVKGTL,6676,True,10,
2512,WGPSGWTASG,6676,True,10,
2513,HKPSGVRSRG,6676,True,10,
2514,SIPNHLSAQG,6676,True,10,
2515,SIPRAIYGPH,6676,True,10,
2516,AVPRQVTGPF,6676,True,10,
2517,GRPSAFYTAG,6676,True,10,
2518,WSPSGWTGSH,6676,True,10,
2519,VQPSGVRARA,6676,True,10,
2520,SFPRVLYSMA,6676,True,10,
2521,KAPRSLRGPL,6676,True,10,
2522,MAPRSYISLK,6676,True,10,
2523,MGPQGVRGMA,6676,True,10,
2524,MSESKGYFTP,6676,True,10,
2525,PGPKGVIVAY,6676,True,10,
2526,IKPAGMYGPA,6676,True,10,
2527,QPPRSWTASG,6676,True,10,
2528,MPPRGVTASG,6676,True,10,
2529,SRPASMIASF,6676,True,10,
2530,PRPRQIRGAR,6676,True,10,
2531,NSPSGFVGAK,6676,True,10,
2532,SVPRQVWSPK,6676,True,10,
2533,SVPSGWTASG,6676,True,10,
2534,MTPRAVLGSF,6676,True,10,
2535,KVPSGWTGSG,6676,True,10,
2536,AKPLGVSAPL,6676,True,10,
2537,TAPLGQINLQ,6676,True,10,
2538,KVPRGVLGTW,6676,True,10,
2539,RGPRSYTSAT,6676,True,10,
2540,DIPRPQASPG,6676,True,10,
2541,HWPRAVHGTR,6676,True,10,
2542,SPPRAFTASG,6676,True,10,
2543,NVPKGVRSKQ,6676,True,10,
2544,TVPRAVHSEK,6676,True,10,
2545,SMPRAVRNGV,6676,True,10,
2546,VPPRGFMGQI,6676,True,10,
2547,HSPVGMHSHG,6676,True,10,
2548,WIPRSYLAGR,6676,True,10,
2549,GVPRAVRSGA,6676,True,10,
2550,QHPREVYAGI,6676,True,10,
2551,RVPTAFRAQG,6676,True,10,
2552,KMPRQVTGHV,6676,True,10,
2553,HKPRSYTSML,6676,True,10,
2554,PFPRAVKGTG,6676,True,10,
2555,AEPFGVRGIR,6676,True,10,
2556,PGPRSWYGPT,6676,True,10,
2557,KGPSGWTGPR,6676,True,10,
2558,IQPRPVWAIT,6676,True,10,
2559,DHPSGFRARF,6676,True,10,
2560,TAPRAVKGTL,6676,True,10,
2561,NWPRAVMAMQ,6676,True,10,
2562,QPPRQVIGQK,6676,True,10,
2563,KQPSGWIGAT,6676,True,10,
2564,RPWHGMHAQR,6676,True,10,
2565,QRPLGFTASG,6676,True,10,
2566,PGPRSYRGAG,6676,True,10,
2567,EPPRQVKGEG,6676,True,10,
2568,ASPRMLMGTI,6676,True,10,
2569,TQPRQVRGQK,6676,True,10,
2570,KNPAGMRTGF,6676,True,10,
2571,GAPRAVTASG,6676,True,10,
2572,RGPSSYTGHQ,6676,True,10,
2573,GMPRMLYGLG,6676,True,10,
2574,GTPRGRSTAT,6676,True,10,
2575,PAPRSVRAGF,6676,True,10,
2576,HGPRPFHGNG,6676,True,10,
2577,GAPRSVTASG,6676,True,10,
2578,KQPRGVFGNL,6676,True,10,
2579,QPPRGVIANF,6676,True,10,
2580,WTPMGMRAPH,6676,True,10,
2581,YFPRGSRARG,6676,True,10,
2582,YTPSGPYQGY,6676,True,10,
2583,THPRSYTASG,6676,True,10,
2584,RAPSNFYGQG,6676,True,10,
2585,RYPVAMHGHL,6676,True,10,
2586,MRPRSLYGLA,6676,True,10,
2587,AVPRQVRSGI,6676,True,10,
2588,KVPRGVHATS,6676,True,10,
2589,GPPRPFGNAR,6676,True,10,
2590,YNPRQVRGKI,6676,True,10,
2591,EIPRQVRGAG,6676,True,10,
2592,NGPRKYMGRK,6676,True,10,
2593,QPPRQVRGMG,6676,True,10,
2594,GRPLGVITAS,6676,True,10,
2595,GTPRTLYSPV,6676,True,10,
2596,RPPESYFAKS,6676,True,10,
2597,YVPRQVTGTV,6676,True,10,
2598,RAPVAFHSHF,6676,True,10,
2599,VTPLGFWSLF,6676,True,10,
2600,SVPSGVWSGS,6676,True,10,
2601,MGPSGMHGT,6676,True,9,length
2602,QHPSGFSGML,6676,True,10,
2603,AGPRTLRGMV,6676,True,10,
2604,KMPRTIWAGW,6676,True,10,
2605,DVEPFLVGQG,6676,True,10,
2606,ATPRTLRNLA,6676,True,10,
2607,TNPSGWRSPG,6676,True,10,
2608,SHPRSYIGHG,6676,True,10,
2609,QVPKAVRGPA,6676,True,10,
2610,GVPRAVYTAS,6676,True,10,
2611,SKPSGVYAMA,6676,True,10,
2612,VSPVGFWSGA,6676,True,10,
2613,DWPREVRGKI,6676,True,10,
2614,KVPRSVIGRA,6676,True,10,
2615,AGPRAVHATY,6676,True,10,
2616,NYPAPFWGMQ,6676,True,10,
2617,HVPRQVMGAT,6676,True,10,
2618,VAPRSRAAGQ,6676,True,10,
2619,RAPTAFWSPL,6676,True,10,
2620,CMPRGVRAWI,6676,True,10,
2621,TVPQGVRSER,6676,True,10,
2622,GNPRPFQGNA,6676,True,10,
2623,RQPRVFSGPG,6676,True,10,
2624,FTPRQMWGQG,6676,True,10,
2625,GMPRQVFDHG,6676,True,10,
2626,SRVLGVWGMA,6676,True,10,
2627,TVPSGFTSQR,6676,True,10,
2628,QKPRQVTASG,6676,True,10,
2629,MPPRSWIGRF,6676,True,10,
2630,RVPRGVRGHI,6676,True,10,
2631,GPPRNVHGIQ,6676,True,10,
2632,ETPIGLHSEK,6676,True,10,
2633,SAPRGSWGEK,6676,True,10,
2634,IPPRPVRGAY,6676,True,10,
2635,VAPRPFIAMI,6676,True,10,
2636,RNPAGVRGQG,6676,True,10,
2637,QTPRGSMSNH,6676,True,10,
2638,GPVRAVTASG,6676,True,10,
2639,QHPAGVRGPT,6676,True,10,
2640,VPPSGFHGSF,6676,True,10,
2641,VMPRAVHSYH,6676,True,10,
2642,DVPSGWTASG,6676,True,10,
2643,RPPRSLYGIG,6676,True,10,
2644,VTPLGQISEI,6676,True,10,
2645,GPQKGIQAQF,6676,True,10,
2646,ASPRPFTGKR,6676,True,10,
2647,PHPSGFLSVT,6676,True,10,
2648,TAPRSYHGMG,6676,True,10,
2649,MSPLGFTASG,6676,True,10,
2650,YRPRSLYGSR,6676,True,10,
2651,EAPRSHRGAG,6676,True,10,
2652,KVPRGVRANI,6676,True,10,
2653,AIPRPVLGAQ,6676,True,10,
2654,TAPLGFVKTV,6676,True,10,
2655,QGPRGVTASG,6676,True,10,
2656,QVPRQVRGPR,6676,True,10,
2657,KPMHGLTASG,6676,True,10,
2658,NPVRAVRGRS,6676,True,10,
2659,LTVRGMHGMS,6676,True,10,
2660,TAPTGFRSPL,6676,True,10,
2661,TAPRAVMAPG,6676,True,10,
2662,TPPRQVMAPW,6676,True,10,
2663,NPPSHWMGPK,6676,True,10,
2664,YSPLGFRGHA,6676,True,10,
2665,RGPRAVTSGR,6676,True,10,
2666,MTPRPQWSRG,6676,True,10,
2667,SVPSGVRATA,6676,True,10,
2668,GTPVELYGAG,6676,True,10,
2669,HQPSGVTASG,6676,True,10,
2670,RTPMGMRGTH,6676,True,10,
2671,AGPKGMIGQG,6676,True,10,
2672,HMPRQVYVPR,6676,True,10,
2673,QAPRGVRASR,6676,True,10,
2674,GTPMAQRTAS,6676,True,10,
2675,MSPRQVRGAG,6676,True,10,
2676,RTPIGMHGPK,6676,True,10,
2677,HTVRGVHSGT,6676,True,10,
2678,RAPRGVISNS,6676,True,10,
2679,WPPRTLFGMA,6676,True,10,
2680,HSPLGYHGPR,6676,True,10,
2681,YAPLSQSTWG,6676,True,10,
2682,HRPRSYKGAG,6676,True,10,
2683,TGPRSWRSRA,6676,True,10,
2684,NQPRSWISAV,6676,True,10,
2685,FSPMGMAGRH,6676,True,10,
2686,SVPSGFYGMK,6676,True,10,
2687,VRPRQYRGHK,6676,True,10,
2688,TQPRGFAGQS,6676,True,10,
2689,GPPRSYRSEA,6676,True,10,
2690,ATPRGVRGQT,6676,True,10,
2691,HMPRQVLSLI,6676,True,10,
2692,SRPRSYFANG,6676,True,10,
2693,VGPGAMKNEH,6676,True,10,
2694,RQPRSWTASG,6676,True,10,
2695,RPPSAFYANF,6676,True,10,
2696,HAPMGVRGQG,6676,True,10,
2697,KAPVQMAGQT,6676,True,10,
2698,QRPAGVTASG,6676,True,10,
2699,FAPRGSTSGK,6676,True,10,
2700,NVPRAVRASG,6676,True,10,
2701,STPSGNWRLG,6676,True,10,
2702,QGPRAVRGTK,6676,True,10,
2703,HRPDQMHGMG,6676,True,10,
2704,RAPRSMLSWK,6676,True,10,
2705,KTPSGVRTGL,6676,True,10,
2706,YGPRQVRGRG,6676,True,10,
2707,FDPRGVAGHA,6676,True,10,
2708,HNVFSFRGPG,6676,True,10,
2709,TGPYGLRTAS,6676,True,10,
2710,PGPQGMRTAS,6676,True,10,
2711,RGPRPFWSWG,6676,True,10,
2712,ETPRGQVASG,6676,True,10,
2713,SAPRSYRGPL,6676,True,10,
2714,WRPSGVRGQH,6676,True,10,
2715,PARPTRLAKL,6676,True,10,
2716,TSVKWMRGTG,6676,True,10,
2717,KTPHGFYSPF,6676,True,10,
2718,HVPSGWTAGT,6676,True,10,
2719,WGPRGVTASG,6676,True,10,
2720,RNPREVRGPV,6676,True,10,
2721,VGPRPTNWIG,6676,True,10,
2722,MPPWGVIGPS,6676,True,10,
2723,RGPYHMTGNR,6676,True,10,
2724,GPPRAFVGQS,6676,True,10,
2725,KVPRQMLGQK,6676,True,10,
2726,HAPSGFTGPQ,6676,True,10,
2727,LRPREIHGQA,6676,True,10,
2728,MGPWGSTASG,6676,True,10,
2729,PIPREVRAVG,6676,True,10,
2730,PGPAPFWGPR,6676,True,10,
2731,APPQGVTSRH,6676,True,10,
2732,ALPTGMRGWH,6676,True,10,
2733,RVPRQVMSIW,6676,True,10,
2734,RPPLGFTASG,6676,True,10,
2735,GVPRAVRGHG,6676,True,10,
2736,MTPRTLYGIT,6676,True,10,
2737,PIPRPVLGVA,6676,True,10,
2738,TAPRSVLGRG,6676,True,10,
2739,GPPRSYTASG,6676,True,10,
2740,HGPSGFSGTY,6676,True,10,
2741,STPRGMHSPI,6676,True,10,
2742,KFPSGWTASG,6676,True,10,
2743,NYPAGWTASG,6676,True,10,
2744,GDPYGMVSSR,6676,True,10,
2745,TPPRSWFGRT,6676,True,10,
2746,NAPRSWTASR,6676,True,10,
2747,RPPQGVHAQL,6676,True,10,
2748,TVPRGVRGTY,6676,True,10,
2749,YRVAGVYSNG,6676,True,10,
2750,EQPRGVLGIG,6676,True,10,
2751,IYPRAYQGRY,6676,True,10,
2752,MSPRKFWGRS,6676,True,10,
2753,GSPRQYRGLT,6676,True,10,
2754,MNPSGWTASG,6676,True,10,
2755,TAPRYLQGLA,6676,True,10,
2756,VPPRAVHAHA,6676,True,10,
2757,EAPFGFQGMH,6676,True,10,
2758,PRPAGVRGPA,6676,True,10,
2759,SRPRVLRGPS,6676,True,10,
2760,PIPRPVHAQG,6676,True,10,
2761,HMPRQVRASK,6676,True,10,
2762,QSPRMLYGEQ,6676,True,10,
2763,SDPSGVRGHT,6676,True,10,
2764,RLPAGVTSGS,6676,True,10,
2765,HNPAGMRTRF,6676,True,10,
2766,RVPRQVKGTR,6676,True,10,
2767,AGPRPVRGAF,6676,True,10,
2768,TVPSGWTGSR,6676,True,10,
2769,RMPRPVYDIQ,6676,True,10,
2770,APPSGWVGTA,6676,True,10,
2771,KAPRGVYGHI,6676,True,10,
2772,LGRFSRFYSP,6676,True,10,
2773,PIPHPFTGMG,6676,True,10,
2774,DTPIGMHTNH,6676,True,10,
2775,NMPRQVRGTK,6676,True,10,
2776,GRPSPFWVEL,6676,True,10,
2777,NHPAGMRSHG,6676,True,10,
2778,RFPAGFTASG,6676,True,10,
2779,TPPRSYFGRY,6676,True,10,
2780,APPRSYTGSG,6676,True,10,
2781,NQPRAIHSWS,6676,True,10,
2782,WTPRQVIGWK,6676,True,10,
2783,VSIRGQTASG,6676,True,10,
2784,VKPHGFFSLK,6676,True,10,
2785,GWPRQVSANH,6676,True,10,
2786,SPVYSQSARG,6676,True,10,
2787,LGYRGMWAMI,6676,True,10,
2788,DPPRGVHGAK,6676,True,10,
2789,GMPSGVRGSA,6676,True,10,
2790,WGPRQVTGQA,6676,True,10,
2791,PGPSGMRGSV,6676,True,10,
2792,KVPSGMWGWM,6676,True,10,
2793,VYPSGFTAHV,6676,True,10,
2794,QIPSWSTGHQ,6676,True,10,
2795,WVPRQVMNPR,6676,True,10,
2796,GVPRKVRGPR,6676,True,10,
2797,RAPRGVRVPK,6676,True,10,
2798,AQPRSWVGTA,6676,True,10,
2799,LRPRQVRGRS,6676,True,10,
2800,GPPRSMFNQA,824,True,10,
2801,HVPRGVRALY,824,True,10,
2802,TMPRGMKGHS,824,True,10,
2803,RRPAGVRAPK,824,True,10,
2804,WEPRGSRGRV,824,True,10,
2805,LVPRGMRGWA,824,True,10,
2806,RPPRGVRNGS,824,True,10,
2807,SDPRGVRGWT,824,True,10,
2808,SHPIGMRGNF,824,True,10,
2809,FVPRGMHNAI,824,True,10,
2810,HAPRGSVSIG,824,True,10,
2811,AQPRPVRAHG,824,True,10,
2812,QMPRGVTGWH,824,True,10,
2813,SRPRGVFGPL,824,True,10,
2814,MQPIPIVGWY,824,True,10,
2815,QRPRGVMAHV,824,True,10,
2816,GWPRGMKTAS,824,True,10,
2817,TQPRPVSGSK,824,True,10,
2818,MRPRGVKTNF,824,True,10,
2819,RRPAGVKGNS,824,True,10,
2820,GQPRGVFGWA,824,True,10,
2821,TAPRGSMGMF,824,True,10,
2822,QHVRGVFGMI,824,True,10,
2823,QTPRGVFAVH,824,True,10,
2824,QGPRASTGRA,824,True,10,
2825,DMPRGFKGVH,824,True,10,
2826,KYPRAFSGKW,824,True,10,
2827,VIPRPVYGRG,824,True,10,
2828,ISPFGNQGWQ,824,True,10,
2829,ADPRGMKSNA,824,True,10,
2830,QTPRGMTTVH,824,True,10,
2831,FNPRGMKGGI,824,True,10,
2832,VKPSGVFASA,824,True,10,
2833,DIPRGVRGAT,824,True,10,
2834,VAPRSVFGQF,824,True,10,
2835,GTPVGMYSTR,824,True,10,
2836,FQPRGVRTHR,824,True,10,
2837,YPPRGVRDAG,824,True,10,
2838,TQPRGVRGTA,824,True,10,
2839,TKPRGVISLI,824,True,10,
2840,YAPRGVTASG,824,True,10,
2841,RVPRGLSSIT,824,True,10,
2842,MAPKGVYAWT,824,True,10,
2843,NVPRGVRVRH,824,True,10,
2844,AQPVGMRAGI,824,True,10,
2845,FHPRGVRSRQ,824,True,10,
2846,GLPRAVRGNA,824,True,10,
2847,RQPRGVFNMG,824,True,10,
2848,VLPRAILGWG,824,True,10,
2849,LIPRAVTKQR,824,True,10,
2850,TRPRGVRSHG,824,True,10,
2851,TQPRGVMGSW,824,True,10,
2852,FVPRGVRSQF,824,True,10,
2853,RVPRGVHGRI,824,True,10,
2854,AKPRGVFGQV,824,True,10,
2855,FSPRGVRGNY,824,True,10,
2856,PRVRGVRAHG,824,True,10,
2857,FRPRGVTASG,824,True,10,
2858,SMPRGVRGTF,824,True,10,
2859,RVPRGVRNGR,824,True,10,
2860,TSPRGVRGTA,824,True,10,
2861,NQPSGWTAVA,824,True,10,
2862,IDPRGMRGAS,824,True,10,
2863,AVPSGWRNRF,824,True,10,
2864,HVPRGVLGSH,824,True,10,
2865,GKPKGMSGTA,824,True,10,
2866,TSPRGMRGER,824,True,10,
2867,GVPRGVFTAS,824,True,10,
2868,MFPRGMRNQW,824,True,10,
2869,EQPRGVRGKR,824,True,10,
2870,MVPRGVTGSK,824,True,10,
2871,PIPRVLTGAQ,824,True,10,
2872,FAPRGYTASG,824,True,10,
2873,ARPRAIQGTQ,824,True,10,
2874,LVPRGVYVTA,824,True,10,
2875,GFPRGVRGIS,824,True,10,
2876,VGPRGVRGAF,824,True,10,
2877,RTPRGNRGNT,824,True,10,
2878,ATPRGNRGHL,824,True,10,
2879,QAPRGVKGTD,824,True,10,
2880,RSPRGVTASG,824,True,10,
2881,FAPRNVQGPL,824,True,10,
2882,PVKGPQSNVG,824,True,10,
2883,TFPRGMTASG,824,True,10,
2884,WVPRGVRGHG,824,True,10,
2885,RTPRGVFTMG,824,True,10,
2886,SKPSGVRGRT,824,True,10,
2887,LRPRSMLGPK,824,True,10,
2888,FRPGPMKGMG,824,True,10,
2889,GVPRAVWTAS,824,True,10,
2890,TPPVSMSGAK,824,True,10,
2891,ADPTGMQGRF,824,True,10,
2892,VRPRSFYGMQ,824,True,10,
2893,WTPRGNTGML,824,True,10,
2894,SDPRGMRGMG,824,True,10,
2895,AQPRGVRVAS,824,True,10,
2896,GTPRAVYTAS,824,True,10,
2897,TVPRGVSANA,824,True,10,
2898,AVPRGVKNRL,824,True,10,
2899,QVPRGVRSTA,824,True,10,
2900,PWPRGRSVSR,824,True,10,
2901,IRPRPVISQT,824,True,10,
2902,PTPRGVRGQK,824,True,10,
2903,RVPRGVRGTG,824,True,10,
2904,QVPRGVRGLY,824,True,10,
2905,ANPRGMKTAG,824,True,10,
2906,EQPRGYTGQA,824,True,10,
2907,ASPVGMWGMQ,824,True,10,
2908,GKPRGYFSTA,824,True,10,
2909,QRPNGMRNWT,824,True,10,
2910,GAPRGVTASG,824,True,10,
2911,THPRAYLGHF,824,True,10,
2912,SRPRGVRGRA,824,True,10,
2913,TSPVGMRGIR,824,True,10,
2914,GMPRGSRGHS,824,True,10,
2915,NSPASFLGNF,824,True,10,
2916,VRPRAYSGWA,824,True,10,
2917,STPRGNTGNH,824,True,10,
2918,HGPRGSVSWQ,824,True,10,
2919,VRPAGVRAWG,824,True,10,
2920,KTPRGNVGSA,824,True,10,
2921,TPVFGMRGPV,824,True,10,
2922,KHPIGLRGTQ,824,True,10,
2923,PQPRGVANKY,824,True,10,
2924,HNPRGNFGQS,824,True,10,
2925,MHMSGMHGMA,824,True,10,
2926,HTPRGQSTMT,824,True,10,
2927,QVPRGVRGVG,824,True,10,
2928,DPPRSLYGQV,824,True,10,
2929,FGPSGMRGTG,824,True,10,
2930,MHVPRSTHNQ,824,True,10,
2931,VSPRGVRVHK,824,True,10,
2932,QGPRSVRGQG,824,True,10,
2933,TAPRGMKTPI,824,True,10,
2934,QDPYGMRVPR,824,True,10,
2935,KTPSGMKSNG,824,True,10,
2936,GAPRGSRSRL,824,True,10,
2937,FQPVGMHSMH,824,True,10,
2938,NMPSGWTASG,824,True,10,
2939,SVPYGMTGLF,824,True,10,
2940,PGPRSYKGNV,824,True,10,
2941,RPPRGVRVRA,824,True,10,
2942,TVPRAIRGPY,824,True,10,
2943,AVPRGVTGTG,824,True,10,
2944,VTPKGMAGVG,824,True,10,
2945,ASVWGMRGPQ,824,True,10,
2946,TIPRGVKGNV,824,True,10,
2947,YAPRGSRGTG,824,True,10,
2948,IAPRGVKGMS,824,True,10,
2949,DRPRGMRGMW,824,True,10,
2950,YAPKGMRNMG,824,True,10,
2951,HRPRSYMGVG,824,True,10,
2952,TAPRGVRSER,824,True,10,
2953,YVPRGVRGTG,824,True,10,
2954,YRPLGQRTRH,824,True,10,
2955,LRPRGVKTAS,824,True,10,
2956,TAIRGSHGNI,824,True,10,
2957,WVPRGVRVGK,824,True,10,
2958,DLPNPFWGVW,824,True,10,
2959,SQPTGMRVMR,824,True,10,
2960,TGPRAITGIG,824,True,10,
2961,HNPRGQTGAI,824,True,10,
2962,IGPRGVMGTG,824,True,10,
2963,KYPWGMRNMV,824,True,10,
2964,APPRSWVGAY,824,True,10,
2965,VMPRGFTANS,824,True,10,
2966,TVPRAVYALT,824,True,10,
2967,TMPRAVNGPQ,824,True,10,
2968,HGPRGMKGHK,824,True,10,
2969,GVPRGVRTAS,824,True,10,known_sequence
2970,RTPKGMYSQV,824,True,10,
2971,SHPRGVRGLK,824,True,10,
2972,FIPRPVKNAL,824,True,10,
2973,FRPGPMLGLH,824,True,10,
2974,QGPRGVMSHS,824,True,10,
2975,LNPRGVRAIL,824,True,10,
2976,IGPRAVNGAI,824,True,10,
2977,QGPRPIMGIK,824,True,10,
2978,TKPRGVRGHT,824,True,10,
2979,HRPRPFLGIQ,824,True,10,
2980,VTPRGNTGVG,824,True,10,
2981,TMPRGVRGPG,824,True,10,
2982,VQPRTMQGIH,824,True,10,
2983,SPPRGVRGAK,824,True,10,
2984,HRPMSLLGIG,824,True,10,
2985,QTPRGNTASG,824,True,10,
2986,VTPRGQFGIG,824,True,10,
2987,GLPRAVHTAS,824,True,10,
2988,QGPRAIYGIR,824,True,10,
2989,DLPRGVTASG,824,True,10,
2990,FAPRGMRNMG,824,True,10,
2991,EMPVGMLSGH,824,True,10,
2992,WVPRGVRAWG,824,True,10,
2993,KHPRGVRSGL,824,True,10,
2994,RTPRGNVGWS,824,True,10,
2995,YFARGMQSLA,824,True,10,
2996,SHPIGMRGNV,824,True,10,
2997,RSPRGIRTAW,824,True,10,
2998,GTPIGIFTAS,824,True,10,
2999,WSPRGVRASG,824,True,10,
3000,RAPRGSTASG,824,True,10,
3001,VNPRGVRGHR,824,True,10,
3002,AGPRSYMGRH,824,True,10,
3003,EMPRGMGTAG,824,True,10,
3004,QKPRAYFGEA,824,True,10,
3005,SHPRGYTGVW,824,True,10,
3006,GVPRAVQDAG,824,True,10,
3007,GQPRSYIGNQ,824,True,10,
3008,TKPVGMHGKQ,824,True,10,
3009,GFPRGVTSQH,824,True,10,
3010,GKPRGVRSGW,824,True,10,
3011,FQPRNVKGMF,824,True,10,
3012,FGPRGVKGLT,824,True,10,
3013,TGPIGIRSGK,824,True,10,
3014,QVPRGVRVAG,824,True,10,
3015,ETPRGQTGWY,824,True,10,
3016,VFPRGVRSLS,824,True,10,
3017,STPRGNFGWK,824,True,10,
3018,GMPRAVKGSK,824,True,10,
3019,VKPSGVHGHW,824,True,10,
3020,GVPRGVRVMR,824,True,10,
3021,PFPRGFRTAS,824,True,10,
3022,SAPRSMFSIG,824,True,10,
3023,IVPRGVTGKR,824,True,10,
3024,VFPRGVRAHL,824,True,10,
3025,DMPRGVRGMS,824,True,10,
3026,KQPRGFRGNG,824,True,10,
3027,VRPRGVTASG,824,True,10,
3028,AQPRGVFNAT,824,True,10,
3029,PKPVGMRGPH,824,True,10,
3030,KVPRGVRGYI,824,True,10,
3031,ARVRGVRGMH,824,True,10,
3032,PTPRGVRSQG,824,True,10,
3033,RVPRGVFTPL,824,True,10,
3034,AVPRGVRGHW,824,True,10,
3035,RHVRGMYGNG,824,True,10,
3036,QNPRGWTVMG,824,True,10,
3037,FVPRGVMGTG,824,True,10,
3038,YSPRAYRGSL,824,True,10,
3039,FMPRGVRGTA,824,True,10,
3040,RAPRGVKGMA,824,True,10,
3041,GIPRGVRGRV,824,True,10,
3042,VSPVGMRGVG,824,True,10,
3043,HYPRGVRGNG,824,True,10,
3044,HIPRGVRNTR,824,True,10,
3045,QMPKGMRGNY,824,True,10,
3046,QFPRGSQGSQ,824,True,10,
3047,LPPRGVTGHG,824,True,10,
3048,VGPVAMWAWK,824,True,10,
3049,RKPAGVRGEY,824,True,10,
3050,AMPRKVTASG,824,True,10,
3051,VQPRGVFAIF,824,True,10,
3052,KIPQGVRGAV,824,True,10,
3053,GKPRGSRSAI,824,True,10,
3054,VRPRGVRNGH,824,True,10,
3055,LMPRAFMGPR,824,True,10,
3056,FGPYGMRGNG,824,True,10,
3057,APWKGLIGPL,824,True,10,
3058,TKPYGYRGKS,824,True,10,
3059,ASPRGVTASG,824,True,10,
3060,DVPRGVRSKR,824,True,10,
3061,ANPRGVRAPS,824,True,10,
3062,HAPRGVTASV,824,True,10,
3063,VAPTGMRGHS,824,True,10,
3064,NQPRGVRGNG,824,True,10,
3065,QAPRGVRAGG,824,True,10,
3066,SIPRPVIKIS,824,True,10,
3067,AIPRPVMANF,824,True,10,
3068,TNVRGMRGAG,824,True,10,
3069,RWPRGNTGWR,824,True,10,
3070,VIPRAVRGHG,824,True,10,
3071,SFPRGVRQLS,824,True,10,
3072,VWPAGMRGER,824,True,10,
3073,WIPRPVRGQY,824,True,10,
3074,RVPVGMRGPF,824,True,10,
3075,SGPVGMRGTA,824,True,10,
3076,WAPRGMGTQA,824,True,10,
3077,SWVRGMRGMH,824,True,10,
3078,NFPRGVKGLK,824,True,10,
3079,QGPSGMRGTG,824,True,10,
3080,TVPRVLSGTY,824,True,10,
3081,MDPKGMRGTY,824,True,10,
3082,VGPRGMASNS,824,True,10,
3083,FQPRGVRGKV,824,True,10,
3084,TGPRGMKTAS,824,True,10,
3085,HQPRGSFGTI,824,True,10,
3086,GVPRGVATAS,824,True,10,
3087,QAPRGVTNMG,824,True,10,
3088,RQPRGVRGTH,824,True,10,
3089,RAPRGSWGVG,824,True,10,
3090,IPPRAVAGQT,824,True,10,
3091,YQPRGVTGPG,824,True,10,
3092,QRPRGVKTHR,824,True,10,
3093,EIPRAVKGPR,824,True,10,
3094,HRPRGVRSAV,824,True,10,
3095,TFPRGFSAPG,824,True,10,
3096,TGPVGMVGRT,824,True,10,
3097,IMPRGVFASK,824,True,10,
3098,VQPRGMATNF,824,True,10,
3099,WLPRAVKGNQ,824,True,10,
3100,KVPRGVTVPR,824,True,10,
3101,SAPRGVTASG,824,True,10,
3102,ERPRGVRGKT,824,True,10,
3103,SRPRGVRAQR,824,True,10,
3104,VAPVGMRGNT,824,True,10,
3105,QRPRGVTGRG,824,True,10,
3106,LDPRGVRAPH,824,True,10,
3107,NSPRGFTGRY,824,True,10,
3108,KLPRGVRGQS,824,True,10,
3109,FRPKGMRNNG,824,True,10,
3110,QRPRGVTAVS,824,True,10,
3111,NPARGVLGAR,824,True,10,
3112,AGPRSNRGNT,824,True,10,
3113,FQPRGFGNSG,824,True,10,
3114,MVPSGVAQIG,824,True,10,
3115,TGPRGVRDMR,824,True,10,
3116,TNPVGMRGPQ,824,True,10,
3117,QWPRGVRTHS,824,True,10,
3118,RQPRGVIGNF,824,True,10,
3119,NVPRGVTSRV,824,True,10,
3120,QTPRGQANLA,824,True,10,
3121,ASPRGVRGIS,824,True,10,
3122,SEPRGVRGWS,824,True,10,
3123,GEPRGVRTAS,824,True,10,
3124,APPRAFYGPG,824,True,10,
3125,GTPRGVFSWG,824,True,10,
3126,RGPRGVRTAS,824,True,10,
3127,ESPRGVRGAF,824,True,10,
3128,DRPRGVRGEF,824,True,10,
3129,VIPAGMRVGA,824,True,10,
3130,SAPRGSTASG,824,True,10,
3131,FGPVPNPAMG,824,True,10,
3132,VTPRGVYSTG,824,True,10,
3133,QTPRGVRHMI,824,True,10,
3134,HTVYGMRGMV,824,True,10,
3135,IAPRGSTASG,824,True,10,
3136,HVPRGVRNGR,824,True,10,
3137,KTPRGNTAGA,824,True,10,
3138,FTPRGVKSTL,824,True,10,
3139,VTPRGVFAGT,824,True,10,
3140,HVPRGVRNPA,824,True,10,
3141,VQPRGVTGPS,824,True,10,
3142,SGPRGVRTAS,824,True,10,
3143,IFPRGMTNAK,824,True,10,
3144,FTPRGMRTNV,824,True,10,
3145,GKPRGVRTAS,824,True,10,
3146,RLPRATWGIR,824,True,10,
3147,TVPVAFRGST,824,True,10,
3148,KMPRGSKSGF,824,True,10,
3149,AVPRAISGVA,824,True,10,
3150,IFPRGVSGIY,824,True,10,
3151,PGPRGMKSLK,824,True,10,
3152,ESPRGVMGRQ,824,True,10,
3153,ASPSGWTASG,824,True,10,
3154,TRPRGFADGA,824,True,10,
3155,EAPRSTMGIG,824,True,10,
3156,SRPRGVRGRG,824,True,10,
3157,PRPRGVRGEF,824,True,10,
3158,VMPRGFRSMG,824,True,10,
3159,RHPSGWTAHR,824,True,10,
3160,FPPRGSLGST,824,True,10,
3161,TAPAGVRATG,824,True,10,
3162,VGPRGVWNMR,824,True,10,
3163,AIPRSNFGVG,824,True,10,
3164,FKPVGMHSIG,824,True,10,
3165,TVPVGMTGHF,824,True,10,
3166,LVPRGVTVAH,824,True,10,
3167,HVPRGVTGSG,824,True,10,
3168,GVPRGVRGVS,824,True,10,
3169,VSPRGVRGRG,824,True,10,
3170,AKPRGNVGAW,824,True,10,
3171,IHPRGSTGQT,824,True,10,
3172,FQPKGNTDTA,824,True,10,
3173,VMPRGVTNRH,824,True,10,
3174,VQPSGVIGQI,824,True,10,
3175,TFPRGMASVA,824,True,10,
3176,QVPRGVFNAV,824,True,10,
3177,RAPRSNRGMG,824,True,10,
3178,LFPRGVKVGL,824,True,10,
3179,MGPAGVKGNI,824,True,10,
3180,NAPRGMKTVA,824,True,10,
3181,VGPRGSQGAL,824,True,10,
3182,KAPRGVRGVH,824,True,10,
3183,PYPRGVRGPK,824,True,10,
3184,HAPRGQIGVF,824,True,10,
3185,TVPRAFGSGV,824,True,10,
3186,RTPVGMTASG,824,True,10,
3187,EKPRGVRAIW,824,True,10,
3188,NSPVGMAAGT,824,True,10,
3189,MWPRGMKTPI,824,True,10,
3190,HAPRGSTASG,824,True,10,known_sequence
3191,MTPRGVFAIS,824,True,10,
3192,VIPNPFVGHG,824,True,10,
3193,ITPRGQVAGV,824,True,10,
3194,QYPRGNRGLA,824,True,10,
3195,GAPRSVLGNV,824,True,10,
3196,QIPRGVKGKG,824,True,10,
3197,EHPRGMKNSF,824,True,10,
3198,FSARGMAGIY,824,True,10,
3199,FNVRGMRGNR,824,True,10,
3200,WVPRYLYVIY,8287,True,10,
3201,QTPRSVLGAG,8287,True,10,
3202,FPVRASMSFG,8287,True,10,
3203,GIPRAVTDMK,8287,True,10,
3204,GVPRAWHAPI,8287,True,10,
3205,PHGRALQGEY,8287,True,10,
3206,TPPRPFMDPT,8287,True,10,
3207,WMPRGVMGTF,8287,True,10,
3208,TAPLGFINGT,8287,True,10,
3209,IWPLGWIDHS,8287,True,10,
3210,MVPRAVKSAS,8287,True,10,
3211,LHPRTVMVLR,8287,True,10,
3212,LTPKWMIGQF,8287,True,10,
3213,GIVRAIYSQW,8287,True,10,
3214,IHPIGFYTQG,8287,True,10,
3215,GAPVAFLTAS,8287,True,10,
3216,VRPRDVIGPL,8287,True,10,
3217,LQPRTLVTVT,8287,True,10,
3218,VFPRAFYDMH,8287,True,10,
3219,LYPVGFLDTY,8287,True,10,
3220,SPVRAILGWV,8287,True,10,
3221,SAPRGSRYSV,8287,True,10,
3222,GMPRYMYGPR,8287,True,10,
3223,MLPRALYGEH,8287,True,10,
3224,TYPRGQYGLG,8287,True,10,
3225,DTPLGQITNV,8287,True,10,
3226,PTPRYWIAGL,8287,True,10,
3227,PHVRGVYDMG,8287,True,10,
3228,MIPRMVAGHL,8287,True,10,
3229,MTPRYWHGAV,8287,True,10,
3230,TSPRWLFDQS,8287,True,10,
3231,MTPRNVLGIF,8287,True,10,
3232,EIPRPYLGNW,8287,True,10,
3233,THPRSWVGGK,8287,True,10,
3234,YNPIPFQSIR,8287,True,10,
3235,SYPRAFMGPG,8287,True,10,
3236,MVPRGVHGWT,8287,True,10,
3237,PQPIGFWDMQ,8287,True,10,
3238,GLPVAFYGPG,8287,True,10,
3239,HWPRWRSDMG,8287,True,10,
3240,MVPSWMLREF,8287,True,10,
3241,MGPLNMWGSY,8287,True,10,
3242,VTPVGFYNEG,8287,True,10,
3243,GPPRSWTASG,8287,True,10,
3244,KPEPRSHFSL,8287,True,10,
3245,PLPRYWRGVF,8287,True,10,
3246,LPTRWLTGMF,8287,True,10,
3247,MEPRYWQTMG,8287,True,10,
3248,YRPRPFLDGH,8287,True,10,
3249,THPVGMHTLG,8287,True,10,
3250,AVPRAWTGPA,8287,True,10,
3251,NVPRGVTASG,8287,True,10,
3252,WFPRPIWANT,8287,True,10,
3253,YRPRGQVLPR,8287,True,10,
3254,DPVYGMYVAQ,8287,True,10,
3255,YHPVGMWSEL,8287,True,10,
3256,PWPTGWRSTK,8287,True,10,
3257,VDPYGWTAKG,8287,True,10,
3258,HPVRGMRGWH,8287,True,10,
3259,TAPRNYLGSH,8287,True,10,
3260,PQPRNPFGPF,8287,True,10,
3261,MIPLGQIGIW,8287,True,10,
3262,ETPRWMKGHT,8287,True,10,
3263,WGPRGVTASG,8287,True,10,
3264,TDPRSWRGPA,8287,True,10,
3265,SMPRDYRGSG,8287,True,10,
3266,WRPRSYMGAR,8287,True,10,
3267,HFPRDIHAMY,8287,True,10,
3268,ATVLWVHSMA,8287,True,10,
3269,STVRGMTASG,8287,True,10,
3270,HFVWNVLAIA,8287,True,10,
3271,FMPRNVMGKF,8287,True,10,
3272,QHPIGMRSLT,8287,True,10,
3273,RNPLGWKSGW,8287,True,10,
3274,WLPRAVYAWG,8287,True,10,
3275,VKPVNMWGTV,8287,True,10,
3276,LFPRSWRGMT,8287,True,10,
3277,DHPYGMRDRL,8287,True,10,
3278,TGPVPFWDVQ,8287,True,10,
3279,HWPSGWTASG,8287,True,10,
3280,LGPRSWIGKT,8287,True,10,
3281,YSPRNVMGPL,8287,True,10,
3282,LPTRALYGLH,8287,True,10,
3283,QFARGQWDIF,8287,True,10,
3284,AVPKWMRVIR,8287,True,10,
3285,SFPRGVRYPS,8287,True,10,
3286,KTPVGFYGNA,8287,True,10,
3287,PVPRYWRDAR,8287,True,10,
3288,QSPRPFMAKY,8287,True,10,
3289,GTPLGQIDVW,8287,True,10,
3290,FTPKNQYGNT,8287,True,10,
3291,STVRGMYGVL,8287,True,10,
3292,VHPRPVMAGF,8287,True,10,
3293,DGPLGMWNQF,8287,True,10,
3294,NIPSWSFSHF,8287,True,10,
3295,IMPRYWIGVA,8287,True,10,
3296,RGPSGWIGTR,8287,True,10,
3297,PEPRSWTGNY,8287,True,10,
3298,MPPRDIFVPW,8287,True,10,
3299,WDPRGMWGER,8287,True,10,
3300,GRPRSDYIGD,8287,True,10,
3301,YLPRWMLNTG,8287,True,10,
3302,VYPRAYIDMG,8287,True,10,
3303,DLPYGMRNIY,8287,True,10,
3304,MDPRQVLGPR,8287,True,10,
3305,LPVKGMTDHY,8287,True,10,
3306,QNPYGWYDTQ,8287,True,10,
3307,VMPRTLIGQG,8287,True,10,
3308,HWPRAVHAPA,8287,True,10,
3309,CQPKGVYTNG,8287,True,10,
3310,YHPIHIWARV,8287,True,10,
3311,YPVSGWHGTS,8287,True,10,
3312,LYWGGMRSTY,8287,True,10,
3313,LVPRYWTASG,8287,True,10,
3314,MKPVPNEARQ,8287,True,10,
3315,RWPLGFQDLF,8287,True,10,
3316,LDPRWMIAKS,8287,True,10,
3317,HNPSWVTASG,8287,True,10,
3318,TSPRYWIGAR,8287,True,10,
3319,PHPLGFISQI,8287,True,10,
3320,MQPRDIWGPY,8287,True,10,
3321,TAPYGMYREW,8287,True,10,
3322,RAPLHVRNQW,8287,True,10,
3323,IGPYGYTASG,8287,True,10,
3324,IRPRVIHDGA,8287,True,10,
3325,LDPRGDALPV,8287,True,10,
3326,YTPIGSMDVG,8287,True,10,
3327,PTPRSNRSNT,8287,True,10,
3328,FDPRSNRGPA,8287,True,10,
3329,YMPRYWIGWG,8287,True,10,
3330,SMPRPYWDGL,8287,True,10,
3331,DGPYGFTDPK,8287,True,10,
3332,AWPRGWITGV,8287,True,10,
3333,LIPRPVMDSG,8287,True,10,
3334,PTPRYWVDRY,8287,True,10,
3335,MCPSGWTASG,8287,True,10,
3336,TGPSWITASG,8287,True,10,
3337,PGPSGWMAES,8287,True,10,
3338,IQHPRSRDNY,8287,True,10,
3339,MSPRYMIVPH,8287,True,10,
3340,KYPRSYTASG,8287,True,10,
3341,HVPRQVIDKK,8287,True,10,
3342,EQPGWSTAMA,8287,True,10,
3343,NTPRAVTSTG,8287,True,10,
3344,SKPLGVMGQW,8287,True,10,
3345,HGPRGFVAIG,8287,True,10,
3346,APPRAVLSVW,8287,True,10,
3347,TYPRGVTASG,8287,True,10,
3348,RPVAGVHATV,8287,True,10,
3349,TPVRSWFGPQ,8287,True,10,
3350,FAPRGVFDPC,8287,True,10,
3351,WNYGALIAPG,8287,True,10,
3352,WLPLMYTGWV,8287,True,10,
3353,VGPSGWTASG,8287,True,10,
3354,YHPLGFKSPT,8287,True,10,
3355,AGPINVWGEW,8287,True,10,
3356,KPVSGWTSPS,8287,True,10,
3357,AFPRPIYSNK,8287,True,10,
3358,SEPRGVRDGH,8287,True,10,
3359,TMPLSQYGEW,8287,True,10,
3360,TGPKSWRTAS,8287,True,10,
3361,YSPRPYTASG,8287,True,10,
3362,MYVRAIYGNS,8287,True,10,
3363,GQPRVLHGEH,8287,True,10,
3364,FLPRAFTASG,8287,True,10,
3365,LMGRPLKVAS,8287,True,10,
3366,TVPKWMIGPI,8287,True,10,
3367,SYPRAYTASG,8287,True,10,known_sequence
3368,GMPRYMLDGS,8287,True,10,
3369,QMPLGYRSPF,8287,True,10,
3370,PMPFHWRTWY,8287,True,10,
3371,GEPRSWTASG,8287,True,10,
3372,YPPRSMLNLG,8287,True,10,
3373,YPWGSMYSNQ,8287,True,10,
3374,VMPRYWRSTS,8287,True,10,
3375,PTWRAYWGMG,8287,True,10,
3376,AYPRAYTDPG,8287,True,10,
3377,YEPLMYSDMR,8287,True,10,
3378,FHPRSWFTNL,8287,True,10,
3379,VTPRYWIGNQ,8287,True,10,
3380,MTPRSWVGWI,8287,True,10,
3381,EIPRYWAGMH,8287,True,10,
3382,VYPRAFKGPK,8287,True,10,
3383,HFPRPFIGPR,8287,True,10,
3384,MSPRQSLDSH,8287,True,10,
3385,GYPRAVQGMG,8287,True,10,
3386,DYPRAFWGML,8287,True,10,
3387,WRVRMLHGMK,8287,True,10,
3388,KTPRGYRSGK,8287,True,10,
3389,TPTRWLIGAH,8287,True,10,
3390,YTPKWIYAGK,8287,True,10,
3391,MEPRWIMSTY,8287,True,10,
3392,FAPRYWYAHA,8287,True,10,
3393,MTPIGWTAQG,8287,True,10,
3394,SVPKGVYSTF,8287,True,10,
3395,TMPRYWIGWG,8287,True,10,
3396,RVPKGVFDVK,8287,True,10,
3397,SPPAWMTGQG,8287,True,10,
3398,YQPRSWVGMS,8287,True,10,
3399,MGPSG,8287,True,5,length
3400,WTPRYWRDPA,8287,True,10,
3401,HDPRSWRPSA,8287,True,10,
3402,IGPRSWRTAS,8287,True,10,
3403,MHWRAFMQPQ,8287,True,10,
3404,VYPRPVIALG,8287,True,10,
3405,IRPRPWIGKL,8287,True,10,
3406,ATPRYWTASG,8287,True,10,
3407,LPTYNLYGSG,8287,True,10,
3408,AHPRSWHGMT,8287,True,10,
3409,NTPVSNGTYT,8287,True,10,
3410,TWPRSWTGMH,8287,True,10,
3411,WIPRYWRAGI,8287,True,10,
3412,NPPKWIRGSQ,8287,True,10,
3413,RMPRPWIDGT,8287,True,10,
3414,WSPSGWTASG,8287,True,10,
3415,LEPRNVHYGH,8287,True,10,
3416,NLPTAFLANA,8287,True,10,
3417,WTPKGVYDRG,8287,True,10,
3418,ATPRYWRGAK,8287,True,10,
3419,YDPRDIHGIG,8287,True,10,
3420,WTVRGVYASK,8287,True,10,
3421,GTVRAMYGPW,8287,True,10,
3422,QVPRYWIVHG,8287,True,10,
3423,PTPRYWRTPG,8287,True,10,
3424,TWPRAFYNQV,8287,True,10,
3425,VSPIHMHGNR,8287,True,10,
3426,WRPVGMWTFS,8287,True,10,
3427,ETPRSNFGNF,8287,True,10,
3428,WQPKGMKTGF,8287,True,10,
3429,HVPRGVRYSH,8287,True,10,
3430,LNVRAVKSMG,8287,True,10,
3431,THPRSWIGAV,8287,True,10,
3432,SVPRVLAGAR,8287,True,10,
3433,YPVYGMRDRF,8287,True,10,
3434,LTPLGFYSGT,8287,True,10,
3435,VIPRYWRGEF,8287,True,10,
3436,FAYRSLMSVG,8287,True,10,
3437,NVPRAWTASG,8287,True,10,
3438,MTPRYWIGEW,8287,True,10,
3439,VDPSGWTASG,8287,True,10,
3440,YPVRGMTGNG,8287,True,10,
3441,CGPRGYTDMA,8287,True,10,
3442,PTPRSNIATF,8287,True,10,
3443,MIPRYWTASG,8287,True,10,
3444,MYPRPFWSGL,8287,True,10,
3445,GEPKGVMDGR,8287,True,10,
3446,RIPKGVTASG,8287,True,10,
3447,RFPRPYKGSQ,8287,True,10,
3448,MQPKGMYGVY,8287,True,10,
3449,FQWSAFMSRM,8287,True,10,
3450,RQPRYWTASG,8287,True,10,
3451,GFPRAFHTAS,8287,True,10,
3452,WAPLGYTNKQ,8287,True,10,
3453,GTPIGMYTAS,8287,True,10,
3454,DIPRWYLGQY,8287,True,10,
3455,FNPRYLWSLF,8287,True,10,
3456,DIPRAWTDLW,8287,True,10,
3457,PGPRYWIGPV,8287,True,10,
3458,HDPLGWTASG,8287,True,10,
3459,NMPRWMQSGT,8287,True,10,
3460,MGPWGMFDTH,8287,True,10,
3461,TWPRDVLGKT,8287,True,10,
3462,AGEQGPRTAG,8287,True,10,
3463,NSPRNYLGWG,8287,True,10,
3464,THARSWIGAY,8287,True,10,
3465,YMPRYFTASG,8287,True,10,
3466,NTPRWIMSGT,8287,True,10,
3467,LTPKGVRGSF,8287,True,10,
3468,MVPVGFVGTR,8287,True,10,
3469,FMPRWLVGNA,8287,True,10,
3470,GWPVDFWSGT,8287,True,10,
3471,WDPKGVRAPG,8287,True,10,
3472,PSPRAVKGPY,8287,True,10,
3473,HFTRWLWSMG,8287,True,10,
3474,YKPRDYTSAG,8287,True,10,
3475,DPPRSWRGLY,8287,True,10,
3476,VSPVGFAGPF,8287,True,10,
3477,LPTRWLIGWT,8287,True,10,
3478,YLPRAYIGAL,8287,True,10,
3479,MRPRPVTGEF,8287,True,10,
3480,IAPRSNRGVS,8287,True,10,
3481,FIPLNWQNMG,8287,True,10,
3482,NMPREIYGMG,8287,True,10,
3483,MTPRSWIGSG,8287,True,10,
3484,VVPRPWRGIY,8287,True,10,
3485,DEPRSWRGAK,8287,True,10,
3486,HIPRDLKGWF,8287,True,10,
3487,RLPRMLIGNL,8287,True,10,
3488,VHPKGQISAL,8287,True,10,
3489,VSPRNYMGNG,8287,True,10,
3490,WKPAGVRSWH,8287,True,10,
3491,TGPSGWTASG,8287,True,10,
3492,FLPRAFRGHS,8287,True,10,
3493,GTVRAMIGEG,8287,True,10,
3494,TAPRPYASAG,8287,True,10,
3495,LTPIGIYTPF,8287,True,10,
3496,QWPVNMQNPQ,8287,True,10,
3497,GVPRAWYDMH,8287,True,10,
3498,SVPRVYRDEL,8287,True,10,
3499,GLPRYWISEQ,8287,True,10,
3500,GTPRSYIAPG,8287,True,10,
3501,WMPRYWTARA,8287,True,10,
3502,NAPRPYLGLG,8287,True,10,
3503,LPARNFWDIH,8287,True,10,
3504,SVPLPWQGPG,8287,True,10,
3505,GPVYGMWSVK,8287,True,10,
3506,HTVRGVYSLG,8287,True,10,
3507,KGPRPFYDSA,8287,True,10,
3508,EPPRYWIAGH,8287,True,10,
3509,VPPRSWTASG,8287,True,10,
3510,GMPRQVTASG,8287,True,10,
3511,YPVRAVYAGH,8287,True,10,
3512,PQPKGVIGWS,8287,True,10,
3513,APTRWLYGIR,8287,True,10,
3514,HIPRPVMAPL,8287,True,10,
3515,VYHRPLMSQA,8287,True,10,
3516,VPPRPVLGAS,8287,True,10,
3517,YLIPRYVSGT,8287,True,10,
3518,IFPWNVRTHS,8287,True,10,
3519,HLPRYWTASG,8287,True,10,
3520,QSPRWMRTAF,8287,True,10,
3521,SKPLGMGNPY,8287,True,10,
3522,HRPLGFTNPK,8287,True,10,
3523,YTPKWMYGQA,8287,True,10,
3524,QYPRNILGPF,8287,True,10,
3525,MNPRMLYGNI,8287,True,10,
3526,IKPKGQTASG,8287,True,10,
3527,NTPRYWRVGS,8287,True,10,
3528,ANVRALYGPH,8287,True,10,
3529,HQPRYWHAQG,8287,True,10,
3530,HDPRWITASG,8287,True,10,
3531,ENPKGMQTAT,8287,True,10,
3532,VAPRFLYDQL,8287,True,10,
3533,QWPRSWTNQK,8287,True,10,
3534,QPPRNILGTV,8287,True,10,
3535,DNPKGMLYIK,8287,True,10,
3536,PFPRGVRTHG,8287,True,10,
3537,HNPRSWTASG,8287,True,10,
3538,PAWEAYLGWS,8287,True,10,
3539,IPWRALIGPT,8287,True,10,
3540,EMPRYWIGHS,8287,True,10,
3541,WMPRYWRADT,8287,True,10,
3542,YPVYSWAGQF,8287,True,10,
3543,GDPRSWTNIH,8287,True,10,
3544,WRHLPLFSGA,8287,True,10,
3545,IVPKWMRQEH,8287,True,10,
3546,RFPRNIHNAS,8287,True,10,
3547,WTPKGQVAVG,8287,True,10,
3548,NAPEWYRAPY,8287,True,10,
3549,HDPRNYFGRS,8287,True,10,
3550,PLYASFAGIK,8287,True,10,
3551,MHPRAQAYIG,8287,True,10,
3552,YEPRSWIGQK,8287,True,10,
3553,NSPVWMYSAF,8287,True,10,
3554,YNPRSMLSQW,8287,True,10,
3555,PDPRYWRTNR,8287,True,10,
3556,EKPLGYRDNG,8287,True,10,
3557,WQPRYWMGPG,8287,True,10,
3558,LFPRMLTGPS,8287,True,10,
3559,LAVRAVYAPH,8287,True,10,
3560,WTPRGSWSLI,8287,True,10,
3561,WPVYSLIGWS,8287,True,10,
3562,HWPRWIMTAS,8287,True,10,
3563,WFPRAYIGSY,8287,True,10,
3564,WNPRWIMQGV,8287,True,10,
3565,WTPRQYTGFH,8287,True,10,
3566,EDPVSMFGNG,8287,True,10,
3567,HFPRSYMGNG,8287,True,10,
3568,WSPRSWRTNS,8287,True,10,
3569,FVPRVLYTNR,8287,True,10,
3570,VTPLGSWGSQ,8287,True,10,
3571,QPPRSWRNGW,8287,True,10,
3572,YFPRAFMSIT,8287,True,10,
3573,ALPRYLSGWK,8287,True,10,
3574,NHPIHIYSAQ,8287,True,10,
3575,WMPVGMANLG,8287,True,10,
3576,MPARNVFGMF,8287,True,10,
3577,TYPRSWIGWY,8287,True,10,
3578,QYVRGVRSPT,8287,True,10,
3579,PLPKWITHWG,8287,True,10,
3580,PGPRYWRALH,8287,True,10,
3581,TIPRPSIGFT,8287,True,10,
3582,VPPRNIYVNK,8287,True,10,
3583,NFPRVLHSIT,8287,True,10,
3584,ITQIPARDTF,8287,True,10,
3585,DVPKGVTSPW,8287,True,10,
3586,GPVRGMTGEH,8287,True,10,
3587,LSTLALYAQV,8287,True,10,
3588,WNPLSWRGSV,8287,True,10,
3589,WQPRSWTASG,8287,True,10,
3590,DYPLHNTGVG,8287,True,10,
3591,QLVRAVYDKT,8287,True,10,
3592,WKPRGVISGV,8287,True,10,
3593,TMPRYWTASG,8287,True,10,
3594,MPVWGIYDSL,8287,True,10,
3595,YFPRAFRGWY,8287,True,10,
3596,SVPRGVTVMG,8287,True,10,
3597,TMPRSYIDQT,8287,True,10,
3598,LVPRYWSAWI,8287,True,10,
3599,PKWRAYSGTF,8287,True,10,
3600,IVPVWMTGQT,4698,True,10,
3601,QVPVWMTASG,4698,True,10,
3602,ISPRWMIGTI,4698,True,10,
3603,ENPSWITASG,4698,True,10,
3604,YFPKWMIGSH,4698,True,10,
3605,AMPKWMIGWT,4698,True,10,
3606,AVSWGMFVKL,4698,True,10,
3607,GFPRGSTAQY,4698,True,10,
3608,GQPRWMQSPH,4698,True,10,
3609,KCPTGMHAPG,4698,True,10,
3610,PHPINMAGAF,4698,True,10,
3611,HIPVWMTASG,4698,True,10,
3612,VLPRWMSANI,4698,True,10,
3613,AGPNWMHGNG,4698,True,10,
3614,KVPVWMTASG,4698,True,10,
3615,GNPKWMRHWT,4698,True,10,
3616,LSPRWMTGTY,4698,True,10,
3617,SGVFWMRATA,4698,True,10,
3618,SRPRWMTASG,4698,True,10,
3619,AKPAGMSDVA,4698,True,10,
3620,NPPAWMKGNW,4698,True,10,
3621,HVPRWMGAST,4698,True,10,
3622,TGSGEWSPAD,4698,True,10,
3623,NGVEWMTASG,4698,True,10,
3624,SGPVNMTATA,4698,True,10,
3625,RHPWSIKGHF,4698,True,10,
3626,ALPAWMHGHW,4698,True,10,
3627,WAPRWMHGQK,4698,True,10,
3628,AYPRWMYSPF,4698,True,10,
3629,GSPRWITASG,4698,True,10,
3630,ENPAWMHGKF,4698,True,10,
3631,GMPRWMKSEG,4698,True,10,
3632,LGVSWMHGSI,4698,True,10,
3633,PEPLGIHGQG,4698,True,10,
3634,VGPVWMHAMW,4698,True,10,
3635,FQPSWMIGIF,4698,True,10,
3636,FTPRWIHSGI,4698,True,10,
3637,FSPRWMYHAK,4698,True,10,
3638,WSPRWMRGNY,4698,True,10,
3639,VTPVWMHASA,4698,True,10,
3640,FEPVWMHSAY,4698,True,10,
3641,EDPSWMQGIF,4698,True,10,
3642,MGTFWMHSMY,4698,True,10,
3643,SMPRWMYSTS,4698,True,10,
3644,QPVWGMTASG,4698,True,10,
3645,EVARAMSATH,4698,True,10,
3646,MFPVGMQTMS,4698,True,10,
3647,IQPAWMKGAI,4698,True,10,
3648,YSQLGMHGQV,4698,True,10,
3649,GAPVNMSGQG,4698,True,10,
3650,TSVLGMHGNG,4698,True,10,
3651,HVPKWMKGTH,4698,True,10,
3652,DQVFWMIGQY,4698,True,10,
3653,PNPAWMKGNH,4698,True,10,
3654,VDPEWMTGKQ,4698,True,10,
3655,TAPVWMTASG,4698,True,10,
3656,FAPRWMNGQY,4698,True,10,
3657,QPVWGIYAVG,4698,True,10,
3658,MFPRWLYAWG,4698,True,10,
3659,SNYVPKDLIS,4698,True,10,
3660,ALVWGMHANG,4698,True,10,
3661,MQPQWMTASG,4698,True,10,
3662,TVTWAMYATW,4698,True,10,
3663,IFPTGMKVRW,4698,True,10,
3664,DSPYWMTASG,4698,True,10,
3665,TPPVWMTASG,4698,True,10,
3666,DHPSWMKGSF,4698,True,10,
3667,EMPSWMHGIT,4698,True,10,
3668,TLPRWMLGNH,4698,True,10,
3669,VRPAGMHDKF,4698,True,10,
3670,KLPSWMTASG,4698,True,10,
3671,NTPVWMTASG,4698,True,10,
3672,STVYWMRGES,4698,True,10,
3673,IWPAWMSNGV,4698,True,10,
3674,QLPRWLVGPF,4698,True,10,
3675,EYPVWMISNQ,4698,True,10,
3676,WNPVWMTVEA,4698,True,10,
3677,SPVNWMSASR,4698,True,10,
3678,AGPEWMRGNY,4698,True,10,
3679,SNPAWMTASG,4698,True,10,
3680,TVPVWMTASG,4698,True,10,
3681,GEMYGWDYIM,4698,True,10,
3682,DMPSWIMGHG,4698,True,10,
3683,APWEGSKLYG,4698,True,10,
3684,GNPAWMKGMA,4698,True,10,
3685,FVPGWMSANQ,4698,True,10,
3686,LTPVWMHGLS,4698,True,10,
3687,SGARSMYATA,4698,True,10,
3688,NTPSWILGTW,4698,True,10,
3689,ERPGWMTASG,4698,True,10,
3690,NRPAGMATMT,4698,True,10,
3691,TLVLSLQGHG,4698,True,10,
3692,ELPRWMFGSF,4698,True,10,
3693,GWPAWMRHNA,4698,True,10,
3694,SRPRWMKGVS,4698,True,10,
3695,TVPVHMAGPV,4698,True,10,
3696,PGPSGMFGAF,4698,True,10,
3697,AYPRGQTASG,4698,True,10,
3698,SQPVNMTASG,4698,True,10,
3699,MLPSWIVAPT,4698,True,10,
3700,LVPSWLHAWR,4698,True,10,
3701,EREAWERKPF,4698,True,10,
3702,GSPIWMKSTI,4698,True,10,
3703,TAPVNFHAWG,4698,True,10,
3704,ADPRGMAGNL,4698,True,10,
3705,KLPRWMKGVY,4698,True,10,
3706,GVPKWMKGAG,4698,True,10,
3707,PIYVWAFDPL,4698,True,10,
3708,GTPYWMVGWV,4698,True,10,
3709,FWPAGMQVMG,4698,True,10,
3710,TYPVWMTASG,4698,True,10,
3711,VHPKWMHNLW,4698,True,10,
3712,DGPKWMRHMA,4698,True,10,
3713,DSPVWMTASG,4698,True,10,
3714,GQPVWMNAGY,4698,True,10,
3715,PMDSWDSALP,4698,True,10,
3716,DFARSMYGTH,4698,True,10,
3717,QNPVWMTASG,4698,True,10,
3718,KMPSWMTGSF,4698,True,10,
3719,TNPIEMHGKY,4698,True,10,
3720,DMVKWMTASG,4698,True,10,
3721,PQPVWMKGMS,4698,True,10,
3722,GTPSWIHGHL,4698,True,10,
3723,GAPRWMKGNL,4698,True,10,
3724,VTPVWMTASG,4698,True,10,
3725,GLPRWMTASG,4698,True,10,
3726,TYPVWMDGKW,4698,True,10,
3727,VLFPRWTASG,4698,True,10,
3728,PAPVWMTASG,4698,True,10,
3729,TDPVNMKGIY,4698,True,10,
3730,INPVWMTASG,4698,True,10,
3731,QVPRWMNGEV,4698,True,10,
3732,TSCNYAQGAT,4698,True,10,
3733,APWPEWMVKV,4698,True,10,
3734,STPRGMTASG,4698,True,10,
3735,DVPQWMAGHR,4698,True,10,
3736,NTPAWMHALF,4698,True,10,
3737,RNPAWMVGSH,4698,True,10,
3738,NVPRWMSGHA,4698,True,10,
3739,RGPVHMIAGA,4698,True,10,
3740,RDPAWMAGHT,4698,True,10,
3741,SMPRWMHGWT,4698,True,10,
3742,APAYHMHGSL,4698,True,10,
3743,HNPAWMRGWH,4698,True,10,
3744,SIPAWMSGHG,4698,True,10,
3745,VPVWGMKGVK,4698,True,10,
3746,AVPQWIWANA,4698,True,10,
3747,AGPSWSMATL,4698,True,10,
3748,KMPKWMVGNT,4698,True,10,
3749,YTPHWMHGSV,4698,True,10,
3750,KRPVWMWAEA,4698,True,10,
3751,SQPVNMTASG,4698,True,10,
3752,FGPRSMTASG,4698,True,10,
3753,DIPAWMDSWH,4698,True,10,
3754,QMPRWMHGMA,4698,True,10,
3755,FGPWNMIGEW,4698,True,10,
3756,PEPRWMKGWL,4698,True,10,
3757,DTPKWMTASG,4698,True,10,
3758,DTPGWMKGAF,4698,True,10,
3759,GYPKWMNSQK,4698,True,10,
3760,SAPRWMTGEV,4698,True,10,
3761,GTPRWSTASG,4698,True,10,
3762,SLPRNMHAGQ,4698,True,10,
3763,PAPKWMSGAG,4698,True,10,
3764,MAPINMHDTA,4698,True,10,
3765,GTPIWMHGSW,4698,True,10,
3766,FPHQNMWGIG,4698,True,10,
3767,AVGRAMYDLQ,4698,True,10,
3768,GKPVWMRSPK,4698,True,10,
3769,LPGKGMTASG,4698,True,10,
3770,IGYAWMHGTG,4698,True,10,
3771,FAPRWLSVQG,4698,True,10,
3772,VFPQSMYGIT,4698,True,10,
3773,GSPVWMHVGI,4698,True,10,
3774,LGPRWMKGNK,4698,True,10,
3775,PMPRWMQGNG,4698,True,10,
3776,TMPRWMHGSH,4698,True,10,
3777,GRENSAYMGV,4698,True,10,
3778,VEPRWMAGMG,4698,True,10,
3779,TIPRSMWGQY,4698,True,10,
3780,VKPAGMHSNA,4698,True,10,
3781,PYPGWMHGPY,4698,True,10,
3782,GAPRWMNGTA,4698,True,10,
3783,GSPRWMVAPF,4698,True,10,
3784,MPWGNMRALY,4698,True,10,
3785,EAPRWMSGNV,4698,True,10,
3786,RQPRPMHGKW,4698,True,10,
3787,QIPRWIKGHW,4698,True,10,
3788,AMWESMHRPY,4698,True,10,
3789,QIPRWMASNG,4698,True,10,
3790,QSPRWITASG,4698,True,10,
3791,MVPKWMNALH,4698,True,10,
3792,YWPRWMGVMS,4698,True,10,
3793,GFPRWMTASG,4698,True,10,
3794,YTPNWMTVTK,4698,True,10,
3795,VPWENFKGPQ,4698,True,10,
3796,FSPRWMKGAV,4698,True,10,
3797,TNPVWMISWI,4698,True,10,
3798,SAPVWMTASG,4698,True,10,
3799,PQPSWITASG,4698,True,10,
3800,PAPGWMKGTY,4698,True,10,
3801,EVTWAWHAWV,4698,True,10,
3802,NVPVWMAGIR,4698,True,10,
3803,GVPSWQIECF,4698,True,10,
3804,VKVSWMRGMS,4698,True,10,
3805,EGYQGLFSGV,4698,True,10,
3806,DGPVWMTASG,4698,True,10,
3807,GGPSWLNAWT,4698,True,10,
3808,NFPKWMHGSI,4698,True,10,
3809,VTPRWLASVW,4698,True,10,
3810,VLPRWMKAIG,4698,True,10,
3811,SAPAWMNGTG,4698,True,10,
3812,NFPRWMQGTA,4698,True,10,
3813,HIARGMWGMG,4698,True,10,
3814,GVPRWMKGNG,4698,True,10,
3815,PNPKWMKHIT,4698,True,10,
3816,MSPKWLWAMT,4698,True,10,
3817,LMPRWMHGGA,4698,True,10,
3818,RDPTGMHGTI,4698,True,10,
3819,AYPRGMTDLI,4698,True,10,
3820,TNPRWMHGVQ,4698,True,10,
3821,RTPVHMHNPI,4698,True,10,
3822,TNPAWMHGAK,4698,True,10,
3823,QHPMGMTASG,4698,True,10,
3824,LTPRWMSAMF,4698,True,10,
3825,DKPAWMTASG,4698,True,10,
3826,TAVAGMTASG,4698,True,10,
3827,PAPRWSMGVI,4698,True,10,
3828,VMPRWMHGKS,4698,True,10,
3829,QGVRWYSGQH,4698,True,10,
3830,EAPRWMSAEH,4698,True,10,
3831,TKPSNMKGAQ,4698,True,10,
3832,SVPVWMQGTH,4698,True,10,
3833,DTPYWMVATH,4698,True,10,
3834,LRALWMDGIE,4698,True,10,
3835,SVPRWMTASG,4698,True,10,
3836,YQPEWMASVG,4698,True,10,
3837,VLVAGWYGMA,4698,True,10,
3838,MNPSWLKGAY,4698,True,10,
3839,GAVRGVRSHA,4698,True,10,
3840,NRPSWMTASG,4698,True,10,
3841,TVPRWMTASG,4698,True,10,
3842,VFPRNLVAHA,4698,True,10,
3843,TSPRWLRMVT,4698,True,10,
3844,DLPAWMKGAG,4698,True,10,
3845,NYPSGMHGHS,4698,True,10,
3846,LTPAWMHATS,4698,True,10,
3847,GTPGWINGIF,4698,True,10,
3848,VTPVWMYGVF,4698,True,10,
3849,GVPRSMYDVG,4698,True,10,
3850,GRPRWITASG,4698,True,10,
3851,TPVAWMYSQG,4698,True,10,
3852,GLPRKMSGWW,4698,True,10,
3853,FGPKWMYGAI,4698,True,10,
3854,TMPRWMNHMA,4698,True,10,
3855,GVPRWIQAHY,4698,True,10,
3856,VRPRWMSAQY,4698,True,10,
3857,MTPVSMWDGQ,4698,True,10,
3858,MAPKWMRGAQ,4698,True,10,
3859,FIPMWMQGIF,4698,True,10,
3860,QSPRWMIVQY,4698,True,10,
3861,THPHGFTASG,4698,True,10,
3862,SGPKWMKGTA,4698,True,10,
3863,FEPRGSFDSG,4698,True,10,
3864,GSPVWAGGSM,4698,True,10,
3865,GVPKWMKGVR,4698,True,10,
3866,RAPVWMKAQV,4698,True,10,
3867,ATPVNMHGPL,4698,True,10,
3868,NTPSWMTHTA,4698,True,10,
3869,IVPKWMNSMV,4698,True,10,
3870,TRPVWMHANG,4698,True,10,
3871,TFPKWMIGVY,4698,True,10,
3872,EVPKWMKGIH,4698,True,10,
3873,GVPKWMTASG,4698,True,10,
3874,FRPVWMTASG,4698,True,10,
3875,TVPRWMKGPW,4698,True,10,
3876,MTPAWMKGIV,4698,True,10,
3877,DGPIWMTASG,4698,True,10,
3878,KTPVGQWQPA,4698,True,10,
3879,RAPEWMYTGA,4698,True,10,
3880,ERALHMAGQI,4698,True,10,
3881,VYPVNMTGHG,4698,True,10,
3882,MMPRWMTGNG,4698,True,10,
3883,MGPWHMIAMG,4698,True,10,
3884,QRPIWMTASG,4698,True,10,
3885,PAPMWMDGKG,4698,True,10,
3886,NLVNWMSALV,4698,True,10,
3887,HNPAWMRAIH,4698,True,10,
3888,GTPVWMYGML,4698,True,10,
3889,VFPQGMHASG,4698,True,10,
3890,NVPVWMAHIW,4698,True,10,
3891,PTPRWMIGAI,4698,True,10,
3892,WLAWGLVGPK,4698,True,10,
3893,GDPMWMIGIF,4698,True,10,
3894,TPSVWMHSAG,4698,True,10,
3895,SIPRWMNAVG,4698,True,10,
3896,FNPVNMAGET,4698,True,10,
3897,DRPAGMHGQI,4698,True,10,
3898,GNPSWMHSAS,4698,True,10,
3899,DVPSWVIANS,4698,True,10,
3900,ERPAGMHAQG,4698,True,10,
3901,KTPIGQMDRG,4698,True,10,
3902,ILPRWMKGPV,4698,True,10,
3903,MLPAWMKGSF,4698,True,10,
3904,FTPKWMADHG,4698,True,10,
3905,TSPRWMTASG,4698,True,10,
3906,SGPRSMHATA,4698,True,10,
3907,GVPNWMTSHS,4698,True,10,
3908,SQPTGMHGRG,4698,True,10,
3909,GTVSWMKGAF,4698,True,10,
3910,EYPRWMNAPL,4698,True,10,
3911,LDPRWMNAMF,4698,True,10,
3912,YGPKWMAGQL,4698,True,10,
3913,ARPRWMHAGR,4698,True,10,
3914,NGPAWMKGTV,4698,True,10,
3915,KPPVWMTGNF,4698,True,10,
3916,ESVKGMDGIS,4698,True,10,
3917,MGSWGMHSHY,4698,True,10,
3918,TGPSWSTASG,4698,True,10,
3919,MTPRSMVGAH,4698,True,10,
3920,VYPVNMWGMH,4698,True,10,
3921,DKPAWMSGNG,4698,True,10,
3922,GVPSWIMVAG,4698,True,10,
3923,AFPQWMIANQ,4698,True,10,
3924,FTPSWIKAHG,4698,True,10,
3925,AMPRWMSTHI,4698,True,10,
3926,SNPFWMKGPL,4698,True,10,
3927,GNPSGMKTAS,4698,True,10,
3928,MQPVWMHGPH,4698,True,10,
3929,ETPSWMGVGS,4698,True,10,
3930,HVPVWMQGPA,4698,True,10,
3931,MIPRWMTGQS,4698,True,10,
3932,LSPRWMIGST,4698,True,10,
3933,KDPRWMTASG,4698,True,10,
3934,SNPRPIHAPF,4698,True,10,
3935,RLPVWMHAGF,4698,True,10,
3936,IDTRWYHAQI,4698,True,10,
3937,YFPRWMIGNA,4698,True,10,
3938,KDPIGMTASG,4698,True,10,
3939,VTPVWMHGPW,4698,True,10,
3940,MVPLEMHGKW,4698,True,10,
3941,TEPRSMKGIA,4698,True,10,
3942,TDPKGMHGMI,4698,True,10,
3943,QMPRWMNSWT,4698,True,10,
3944,IFVEWMSGAF,4698,True,10,
3945,TVPRGMHSAF,4698,True,10,
3946,GNPRWMKGTR,4698,True,10,
3947,LEPRWMQGEF,4698,True,10,
3948,VEAINMHGMH,4698,True,10,
3949,TNPSWIKGEY,4698,True,10,
3950,PRPGWMKGQI,4698,True,10,
3951,KPVKGMISTV,4698,True,10,
3952,RSPVWMSGNL,4698,True,10,
3953,DLVRAMTASG,4698,True,10,
3954,MDPIWMYAQG,4698,True,10,
3955,TDPVWMSAQF,4698,True,10,
3956,NSPVWMTASG,4698,True,10,
3957,AGPAWMTFNA,4698,True,10,
3958,LEPRWMHDMA,4698,True,10,
3959,LQPRWLSATF,4698,True,10,
3960,GMPRDVMAVG,4698,True,10,
3961,WDPKWMRGWS,4698,True,10,
3962,VTVLWMQGTG,4698,True,10,
3963,PGPSWMVGVG,4698,True,10,
3964,FSVKWMRGLH,4698,True,10,
3965,SMPRWMAGMI,4698,True,10,
3966,VMPKWMQGQA,4698,True,10,
3967,GEPRNVIGSS,4698,True,10,
3968,THPVWMAGRF,4698,True,10,
3969,STPLYMYAGT,4698,True,10,
3970,DEPAGMTASG,4698,True,10,
3971,VYPHWMTASG,4698,True,10,
3972,RFPRWMASHG,4698,True,10,
3973,KMPRWMNGMS,4698,True,10,
3974,TGPVWMTASG,4698,True,10,
3975,PVPVWMTASG,4698,True,10,
3976,NAPVWMTASG,4698,True,10,
3977,TAPVWMHGVS,4698,True,10,
3978,ASPSWVIAPL,4698,True,10,
3979,ATPVGMHSNF,4698,True,10,
3980,PSPRWLSAGS,4698,True,10,
3981,NVPVWMAGSK,4698,True,10,
3982,VGPTWMAGTG,4698,True,10,
3983,TQPKWMVAMY,4698,True,10,
3984,PNVSWMIGPG,4698,True,10,
3985,TRPVWMYGQR,4698,True,10,
3986,DEPIPGVAQY,4698,True,10,
3987,IGPVWMRGIA,4698,True,10,
3988,GPEVPLQASY,4698,True,10,
3989,AIPMWSTASG,4698,True,10,
3990,INPVWMAGHG,4698,True,10,
3991,GAPRWMTASG,4698,True,10,
3992,PVPGWMKGEW,4698,True,10,
3993,QCPRWMAGAH,4698,True,10,
3994,EAPGWMAGHH,4698,True,10,
3995,RSPVHMTASG,4698,True,10,
3996,EAPRNYNGNL,4698,True,10,
3997,VAPRWMSGVL,4698,True,10,
3998,LMVGWMSGVH,4698,True,10,
3999,VSVNWMTASG,4698,True,10,
4000,GMPRKVMAGF,1880,True,10,
4001,FAPSMLTASG,1880,True,10,
4002,FKWFAYVGTW,1880,True,10,
4003,FRPRQYTASG,1880,True,10,
4004,NSPYGFTASG,1880,True,10,
4005,TMWRAFWSTK,1880,True,10,
4006,VTPRTLVSNA,1880,True,10,
4007,TNPAQMTGPH,1880,True,10,
4008,SPVKGMTASG,1880,True,10,
4009,VPRVARSASG,1880,True,10,
4010,HWPVGMHGPR,1880,True,10,
4011,NVPRVLYGTL,1880,True,10,
4012,GPPRDILASV,1880,True,10,
4013,SFPRTILGNG,1880,True,10,
4014,GAPTAFWGNL,1880,True,10,
4015,HVWEPQTSKA,1880,True,10,
4016,SFPRNYRGQV,1880,True,10,
4017,AFPRSHTASG,1880,True,10,
4018,MNPSGWHGVS,1880,True,10,
4019,HSKAPMWSPG,1880,True,10,
4020,ARAYTLWGNY,1880,True,10,
4021,TAPLGFRGWI,1880,True,10,
4022,WLPRLYSGSR,1880,True,10,
4023,FVPRQVTASG,1880,True,10,
4024,LTPRYWSDPY,1880,True,10,
4025,TGPSQWLGIW,1880,True,10,
4026,IPYFPMWGNI,1880,True,10,
4027,GFPRDFSGTG,1880,True,10,
4028,GTPKAMKSGR,1880,True,10,
4029,RQPRNIMSLS,1880,True,10,
4030,TSPRYLFGLQ,1880,True,10,
4031,IGPRTINAIG,1880,True,10,
4032,SMVHRFVGPW,1880,True,10,
4033,LVPRQVSAPA,1880,True,10,
4034,TAPVQIWAWG,1880,True,10,
4035,GEPRTLMAPY,1880,True,10,
4036,NMPRNVWGNA,1880,True,10,
4037,GNPRSWTASG,1880,True,10,
4038,GVPVNFLTAS,1880,True,10,
4039,VAVRAIYAVG,1880,True,10,
4040,FKPRGVHAKA,1880,True,10,
4041,GSPRTLFANG,1880,True,10,
4042,SPRPKRLVTP,1880,True,10,
4043,HMPLGQMNGF,1880,True,10,
4044,GPVRSLIGAS,1880,True,10,
4045,WSPRGQAITL,1880,True,10,
4046,AHPLGVRSWG,1880,True,10,
4047,HGPRTLYGVK,1880,True,10,
4048,GIRAKRAPLW,1880,True,10,
4049,EGPRQVRSEW,1880,True,10,
4050,MMPRQVLGWS,1880,True,10,
4051,SNPLYWRGAY,1880,True,10,
4052,RVPRAVFTMG,1880,True,10,
4053,NKTRGLWAVF,1880,True,10,
4054,TEPRSWFGRQ,1880,True,10,
4055,GNPRTLVSGA,1880,True,10,
4056,QAPRDVFAIY,1880,True,10,
4057,VYPRAVRAGL,1880,True,10,
4058,WVPLNVINVW,1880,True,10,
4059,RDVRFMSAPQ,1880,True,10,
4060,VAPRQIWSGK,1880,True,10,
4061,RPRPRRDLSA,1880,True,10,
4062,TFPRAFSGAY,1880,True,10,
4063,CVPRTLFSIL,1880,True,10,
4064,ATPVDLSAWY,1880,True,10,
4065,WTPRGSTDIL,1880,True,10,
4066,SFPRTLVARG,1880,True,10,
4067,KMPSGVHDTW,1880,True,10,
4068,IAPRNHRGIG,1880,True,10,
4069,HVPRQVFTAS,1880,True,10,
4070,YIPREVLGQF,1880,True,10,
4071,PTPRQVTASG,1880,True,10,
4072,LMPRTLHSWG,1880,True,10,
4073,YVPRQVFGVQ,1880,True,10,
4074,TGPVEMKSNR,1880,True,10,
4075,PDPRGVTSES,1880,True,10,
4076,TVPKGVYSIG,1880,True,10,
4077,FIPMWSTGKF,1880,True,10,
4078,RIPRPVTASG,1880,True,10,
4079,YPTRAITGRW,1880,True,10,
4080,SQWLAYTGPG,1880,True,10,
4081,THPRTLYGVI,1880,True,10,
4082,QMPRQVKAHF,1880,True,10,
4083,MGPRPVFDPF,1880,True,10,
4084,IYPRSHRVPW,1880,True,10,
4085,APPRFLMGTK,1880,True,10,
4086,VTPRSNVAPF,1880,True,10,
4087,SMPRSYWGAF,1880,True,10,
4088,VFPRGVTASG,1880,True,10,
4089,PQHRAMTASG,1880,True,10,
4090,TGPRTLVGTK,1880,True,10,
4091,VYPRPFSAPY,1880,True,10,
4092,VKPRGVTASG,1880,True,10,
4093,HQPRSWQGAR,1880,True,10,
4094,KWTRPFMGKQ,1880,True,10,
4095,GDPRSVMSTA,1880,True,10,
4096,FDPRGVGAIA,1880,True,10,
4097,LVPKWITASG,1880,True,10,
4098,WRPRNYMGWG,1880,True,10,
4099,NAVYWMVSPR,1880,True,10,
4100,RAPRVLTASG,1880,True,10,
4101,YFPRDILGVW,1880,True,10,
4102,PVPRQVHAMF,1880,True,10,
4103,GTPVWMLSHS,1880,True,10,
4104,TAPRPVSDWS,1880,True,10,
4105,IAPAGVRAEY,1880,True,10,
4106,TGPRVYLGQA,1880,True,10,
4107,EMPRNVYGIV,1880,True,10,
4108,HMPRQLAGRI,1880,True,10,
4109,KVPRGVTASG,1880,True,10,
4110,WVPVWMRGWF,1880,True,10,
4111,GQPRNVLAEI,1880,True,10,
4112,NYVRAIYSGF,1880,True,10,
4113,SGPLKVIGTA,1880,True,10,
4114,STPLGYTASG,1880,True,10,
4115,LGPRQVTASG,1880,True,10,
4116,VFWGSLYAPA,1880,True,10,
4117,LMPRGVTASG,1880,True,10,
4118,KAPRGSTGET,1880,True,10,
4119,HDPRAVHAGS,1880,True,10,
4120,MGPRAVASAG,1880,True,10,
4121,MYPRASTASG,1880,True,10,
4122,PRPRPFTASG,1880,True,10,
4123,DAPVAFYGTS,1880,True,10,
4124,FTPRGQTASG,1880,True,10,
4125,FEFRAMSGIS,1880,True,10,
4126,MPRPRSGLFL,1880,True,10,
4127,SRPRGVRGWT,1880,True,10,
4128,MVPRQVIAWA,1880,True,10,
4129,DVPFMIHGSL,1880,True,10,
4130,GIPFMMWSWG,1880,True,10,
4131,KQPRTYIGSG,1880,True,10,
4132,LMPREVWGNV,1880,True,10,
4133,LGRNARIMYS,1880,True,10,
4134,TRVYAMYSVG,1880,True,10,
4135,THVFALISNK,1880,True,10,
4136,GGPRTLISVT,1880,True,10,
4137,WTPLGVTASG,1880,True,10,
4138,EPAYNFHATQ,1880,True,10,
4139,NPCMTPQPIV,1880,True,10,
4140,SRPASMWAGF,1880,True,10,
4141,EFPRLYIGRL,1880,True,10,
4142,WVPKWNTASG,1880,True,10,
4143,HPPRNLIAVG,1880,True,10,
4144,SLPRPWTASG,1880,True,10,
4145,GTPRTLYSGK,1880,True,10,
4146,MEPIPIYSIQ,1880,True,10,
4147,TVPRTLWASR,1880,True,10,
4148,FPREPRYMSV,1880,True,10,
4149,VTPRGSTASG,1880,True,10,
4150,AMPRQVTASG,1880,True,10,
4151,ETRTGRSAMA,1880,True,10,
4152,VWVKGWASRI,1880,True,10,
4153,VDPVWMQSPG,1880,True,10,
4154,YLVRAHTGIF,1880,True,10,
4155,NWPREVATHT,1880,True,10,
4156,QAPKGMHGMS,1880,True,10,
4157,GTPRQVRSMI,1880,True,10,
4158,IYPAGVTASG,1880,True,10,
4159,TGVYAMVGTH,1880,True,10,
4160,VRPRSYTASG,1880,True,10,
4161,WVPRAVHAPL,1880,True,10,
4162,WRPSGWTAGF,1880,True,10,
4163,FTPMAVYSKG,1880,True,10,
4164,VKPYGMTASG,1880,True,10,
4165,GVPRAVTGEH,1880,True,10,
4166,NRPAQMSAGT,1880,True,10,
4167,TGVSWYWSVG,1880,True,10,
4168,ATPRWIFTNG,1880,True,10,
4169,GTVRGMYAHI,1880,True,10,
4170,CDPISQYAQH,1880,True,10,
4171,MGFRAMSGPY,1880,True,10,
4172,EMPRLYTGVH,1880,True,10,
4173,DGPYFWRGHA,1880,True,10,
4174,TVPKAWRSHG,1880,True,10,
4175,VTPSVEGNIS,1880,True,10,
4176,MTPRKFLGQL,1880,True,10,
4177,GVRYGRAVGS,1880,True,10,
4178,ISPTGVRARF,1880,True,10,
4179,IHPRGSASGT,1880,True,10,
4180,SPPRTLIAEW,1880,True,10,
4181,DYPRDYTASG,1880,True,10,
4182,GAPRSWLVGQ,1880,True,10,
4183,SPRPQRASPG,1880,True,10,
4184,MLPRTLYSNA,1880,True,10,
4185,KYWFAYLGLF,1880,True,10,
4186,RFPRDILGHR,1880,True,10,
4187,NAPRGSKGEF,1880,True,10,
4188,VQPRSWTASG,1880,True,10,
4189,RIPAWVLSTH,1880,True,10,
4190,YAPRSWTGPA,1880,True,10,
4191,NPGRAMGANT,1880,True,10,
4192,PIPREVKSLF,1880,True,10,
4193,YAPRVLWGMK,1880,True,10,
4194,WGPSGWTASG,1880,True,10,
4195,QVPRAIVAPV,1880,True,10,
4196,VQPIHMHYNL,1880,True,10,
4197,GKPRKYSGEG,1880,True,10,
4198,NRPRKFVAIH,1880,True,10,
4199,PKVYWLQGNQ,1880,True,10,
4200,YGPRGSMAMI,1880,True,10,
4201,TRPLGVTASG,1880,True,10,
4202,SGPRGVTATA,1880,True,10,
4203,HTPREVRSEY,1880,True,10,
4204,MGPRQVTASG,1880,True,10,
4205,PFPRAFLSGL,1880,True,10,
4206,KNPREVHGTF,1880,True,10,
4207,HFPRDVHAGF,1880,True,10,
4208,SEPKWVTASG,1880,True,10,
4209,VTPRELRASG,1880,True,10,
4210,TSPRLYISAT,1880,True,10,
4211,GWPREVRALV,1880,True,10,
4212,GRPRSLSSIK,1880,True,10,
4213,PAYFPITGRS,1880,True,10,
4214,TLTRPHMSAH,1880,True,10,
4215,YPVMGMHSMG,1880,True,10,
4216,AQRPQRSAVT,1880,True,10,
4217,TMPRYMIVAY,1880,True,10,
4218,INPLGFRSHR,1880,True,10,
4219,TYPRAVKSWK,1880,True,10,
4220,PVPRYWIAPT,1880,True,10,
4221,WVPRQVRGGI,1880,True,10,
4222,GSPRQLRATW,1880,True,10,
4223,VWPRAFWSVA,1880,True,10,
4224,TEYRSIWAKV,1880,True,10,
4225,RGPRNVTASG,1880,True,10,
4226,EKRKPRSEPT,1880,True,10,
4227,CRPRSYLGTQ,1880,True,10,
4228,MSPRTFVASF,1880,True,10,
4229,GTPRGVFSTA,1880,True,10,
4230,TPPREVTGTK,1880,True,10,
4231,VMPRQVTGSF,1880,True,10,
4232,GVPRAVTASG,1880,True,10,known_sequence
4233,WGVRNLYGNG,1880,True,10,
4234,FEWLSMRATQ,1880,True,10,
4235,MWPRQVLGNG,1880,True,10,
4236,THVFWLFSMR,1880,True,10,
4237,WMGRAMHSAF,1880,True,10,
4238,RNVQGVRSHA,1880,True,10,
4239,FVPRGVTASG,1880,True,10,
4240,TVPRAWYSGH,1880,True,10,
4241,QIPRQVKAVR,1880,True,10,
4242,LIPRPVLDSY,1880,True,10,
4243,MGPWKMKGWV,1880,True,10,
4244,KYPVELHSNQ,1880,True,10,
4245,MGPRSLFSGL,1880,True,10,
4246,DSPVAMRGPG,1880,True,10,
4247,YQPRGVTASG,1880,True,10,
4248,VTPRGVRDAY,1880,True,10,
4249,AKPARWLGSG,1880,True,10,
4250,ISPRQLWGLS,1880,True,10,
4251,AVTYAGSVGF,1880,True,10,
4252,TPPRLYMGPQ,1880,True,10,
4253,NTPRQVTGWL,1880,True,10,
4254,PVPVWMHGWQ,1880,True,10,
4255,KTVYWMYGPQ,1880,True,10,
4256,GRPRQVHSNL,1880,True,10,
4257,NLPRTIYSTA,1880,True,10,
4258,TAPRSVYTNW,1880,True,10,
4259,DFPRGVRTGT,1880,True,10,
4260,TSPRYLYGPS,1880,True,10,
4261,GLPRAVLGHI,1880,True,10,
4262,MSPRKFTASG,1880,True,10,known_sequence
4263,GAPVQMRGMS,1880,True,10,
4264,NVPRQVKGHG,1880,True,10,
4265,YVPRAVSAGY,1880,True,10,
4266,YIPASVWGIS,1880,True,10,
4267,MNPRPVTASG,1880,True,10,
4268,FNPYGMHVQH,1880,True,10,
4269,SAPRAVHDEA,1880,True,10,
4270,WPFYGITASG,1880,True,10,
4271,YTVFSGPLFP,1880,True,10,
4272,HNPRNVTASG,1880,True,10,
4273,TPVGWMRGSW,1880,True,10,
4274,AKPRGYTASG,1880,True,10,
4275,MRPRTLVGRG,1880,True,10,
4276,SHARAMWAVS,1880,True,10,
4277,HIPRPVLAHG,1880,True,10,
4278,PTVWSIWANF,1880,True,10,
4279,CIPSWVTASG,1880,True,10,
4280,PHPVSFSGPT,1880,True,10,
4281,PRVLSQSGRW,1880,True,10,
4282,AWYFSMGRSG,1880,True,10,
4283,TVPVHMWAMF,1880,True,10,
4284,GHVLWMYGPI,1880,True,10,
4285,KWPRQVFTAS,1880,True,10,
4286,DPPRGVFDMA,1880,True,10,
4287,KVPRTLHDNK,1880,True,10,
4288,QGPRGVTGHG,1880,True,10,
4289,AYPRGQVGIG,1880,True,10,
4290,LNPAGVRGPG,1880,True,10,
4291,TIARAWKGHQ,1880,True,10,
4292,SVPRVLWDIV,1880,True,10,
4293,HMVRGVTASG,1880,True,10,
4294,FGPRTLVGST,1880,True,10,
4295,YVPRVLTASG,1880,True,10,
4296,RSPRMLVSNS,1880,True,10,
4297,MAPKLGYPYN,1880,True,10,
4298,KIPRMLSGEK,1880,True,10,
4299,WTPRGNHDVG,1880,True,10,
4300,GSVRAVYGVT,1880,True,10,
4301,NTPRSNVAPA,1880,True,10,
4302,FQFQDPLRSH,1880,True,10,
4303,LPALPFKGVY,1880,True,10,
4304,GMPRQVTASG,1880,True,10,
4305,TGVSWMASIG,1880,True,10,
4306,LKPRGVKSQF,1880,True,10,
4307,NPYGATASGD,1880,True,10,
4308,STPLGQIGHR,1880,True,10,
4309,VSPMWVHAGT,1880,True,10,
4310,NRPRGFTASG,1880,True,10,
4311,PQFKGPLMGD,1880,True,10,
4312,KVPRGVHGPR,1880,True,10,
4313,KMIKGSAVMR,1880,True,10,
4314,KVPRAVTGTG,1880,True,10,
4315,TMPYGMHGMR,1880,True,10,
4316,WQPRSYSASG,1880,True,10,
4317,KVPRGVFARA,1880,True,10,
4318,WGPFGFRDAQ,1880,True,10,
4319,RLPVAFYDGA,1880,True,10,
4320,TGPGVFTSGS,1880,True,10,
4321,QTVFWVFGMF,1880,True,10,
4322,VGPQGVVDAY,1880,True,10,
4323,TAPRGSTASG,1880,True,10,
4324,IYPRAYAGIG,1880,True,10,
4325,FPAFNWRGQS,1880,True,10,
4326,WNPLGVFDVA,1880,True,10,
4327,YGVRAVYSTG,1880,True,10,
4328,PPRFDRWAPI,1880,True,10,
4329,NAPRTYVAIT,1880,True,10,
4330,NRPRGVTASG,1880,True,10,
4331,KSPRGVYAEG,1880,True,10,
4332,SFPRKYSAGA,1880,True,10,
4333,KPPKGVFAGV,1880,True,10,
4334,WVPRQYHAMI,1880,True,10,
4335,TVLRDLTASG,1880,True,10,
4336,VWPREVRSTS,1880,True,10,
4337,IGVRAVWGTA,1880,True,10,
4338,KVPRAVSTNY,1880,True,10,
4339,GVPRGVTDGA,1880,True,10,
4340,MVPRQIWDLK,1880,True,10,
4341,GVPRAVHTAS,1880,True,10,
4342,CVPSGVRAEY,1880,True,10,
4343,NEPRNVLGVS,1880,True,10,
4344,KNPVPVHSEA,1880,True,10,
4345,NMPRKVTASG,1880,True,10,
4346,RPPRTLIAGF,1880,True,10,
4347,TGPSGWNVRG,1880,True,10,
4348,QPPRNVRGPG,1880,True,10,
4349,VPPRAFTGIS,1880,True,10,
4350,TRPRPVLALG,1880,True,10,
4351,FQPRSWTASG,1880,True,10,
4352,FLPRYWTGPA,1880,True,10,
4353,VPWGNFQGQG,1880,True,10,
4354,WVPRQVMVKF,1880,True,10,
4355,TAPRAVASNT,1880,True,10,
4356,DPPRSPRVTG,1880,True,10,
4357,DAPINDWANG,1880,True,10,
4358,GYPRAFLSNY,1880,True,10,
4359,GVPRGVKDPL,1880,True,10,
4360,FMPRQVTSRW,1880,True,10,
4361,NQVMGMWGVF,1880,True,10,
4362,VTPRAIHAVR,1880,True,10,
4363,TAPREVWAGH,1880,True,10,
4364,NRPRSYSGPV,1880,True,10,
4365,DTPRGVRSIF,1880,True,10,
4366,IPTVWLWGMI,1880,True,10,
4367,LIPTAFTASG,1880,True,10,
4368,NVPRAILSAY,1880,True,10,
4369,WPMGRLIAGI,1880,True,10,
4370,PVPRGVTASG,1880,True,10,
4371,HVPVQMKGVH,1880,True,10,
4372,NMYRGMYSIY,1880,True,10,
4373,DAPRWSMAER,1880,True,10,
4374,FKPYGQRSWC,1880,True,10,
4375,NVPKNVLASG,1880,True,10,
4376,VAPRSMYGWG,1880,True,10,
4377,EHPRWSMSIG,1880,True,10,
4378,MLHRALYSTG,1880,True,10,
4379,LVARQMLAMY,1880,True,10,
4380,ETPRQVSAHK,1880,True,10,
4381,MLVFWYWAQG,1880,True,10,
4382,FGYRGLRSGS,1880,True,10,
4383,VSNLPFWSHC,1880,True,10,
4384,DAPVDIYSWG,1880,True,10,
4385,LDPYGMHGPF,1880,True,10,
4386,MGPSGMWAVS,1880,True,10,
4387,KQPRSWTASG,1880,True,10,
4388,DKPKGDSFNL,1880,True,10,
4389,GFPRPFWSIL,1880,True,10,
4390,YNPSWVLSGQ,1880,True,10,
4391,YQPRQVMAVW,1880,True,10,
4392,LIPRYWPASK,1880,True,10,
4393,GQPTGFSAMG,1880,True,10,
4394,GEPRSYIGQF,1880,True,10,
4395,PMPRYWRGVR,1880,True,10,
4396,GNPSWQMDIH,1880,True,10,
4397,IRYLPADKTL,1880,True,10,
4398,VPFEPRAPTG,1880,True,10,
4399,TVPLQWRSNG,1880,True,10,
4400,PMPRYWQGRW,1451,True,10,
4401,ITPYGSYNSG,1451,True,10,
4402,WSPSSWIGQA,1451,True,10,
4403,PQARLSAQPG,1451,True,10,
4404,AMTWNWYGHG,1451,True,10,
4405,LYPREYLDQW,1451,True,10,
4406,SIPRPYWQRH,1451,True,10,
4407,FAPRGQVNLA,1451,True,10,
4408,YWPRGMHRHF,1451,True,10,
4409,QDPRPFMDIQ,1451,True,10,
4410,WLPRYWTGAH,1451,True,10,
4411,LYPRGWTASG,1451,True,10,
4412,EYPSWVLGHG,1451,True,10,
4413,YLPSWIHGAG,1451,True,10,
4414,HMPRYFIGNT,1451,True,10,
4415,RTPVGMYNPG,1451,True,10,
4416,CNPLGQWGPQ,1451,True,10,
4417,TGASWLTAHG,1451,True,10,
4418,SKPRNYKGSG,1451,True,10,
4419,YVPRNVLGMH,1451,True,10,
4420,IQPRAYRNPH,1451,True,10,
4421,YIPRYWRGTH,1451,True,10,
4422,PDPYGMRGRY,1451,True,10,
4423,YRPAQMKGWQ,1451,True,10,
4424,GYPRAFLGMT,1451,True,10,
4425,YQPRTLYGPA,1451,True,10,
4426,HIPFPFWGSY,1451,True,10,
4427,SFARGIYGWG,1451,True,10,
4428,GWPVGFWNMG,1451,True,10,
4429,GRPVWMWGMQ,1451,True,10,
4430,VSPIHMWGTG,1451,True,10,
4431,QIPSWIWGWI,1451,True,10,
4432,HPPRSMYTGF,1451,True,10,
4433,ITPRELWGIW,1451,True,10,
4434,STPRGNGSPH,1451,True,10,
4435,WMPRSWQTPA,1451,True,10,
4436,EWPRNYRGPV,1451,True,10,
4437,QSPVWMRGEQ,1451,True,10,
4438,RYPAPFWAPY,1451,True,10,
4439,TNPSWIYHVK,1451,True,10,
4440,WAPRSNRGKY,1451,True,10,
4441,IQPRNYLGLR,1451,True,10,
4442,YHPIPMYNWQ,1451,True,10,
4443,AGPHSWTASG,1451,True,10,
4444,ETPSWVLNEG,1451,True,10,
4445,YPPRSWYGIG,1451,True,10,
4446,NCPSGWTASG,1451,True,10,
4447,QHPVSFYGPH,1451,True,10,
4448,RPPLPFWGAI,1451,True,10,
4449,NPPRGNVNEF,1451,True,10,
4450,STPVSWHGNV,1451,True,10,
4451,WDPRSWYAPI,1451,True,10,
4452,KGPRGQSIGL,1451,True,10,
4453,LHPLGFYSIR,1451,True,10,
4454,NQPAGVRGMA,1451,True,10,
4455,DNAPFWQGMK,1451,True,10,
4456,LNPVGFTGIG,1451,True,10,
4457,DLPVPFWGQH,1451,True,10,
4458,TLAWHWFGQK,1451,True,10,
4459,KGPSGWTASG,1451,True,10,
4460,GDPFGMRNPG,1451,True,10,
4461,GPDVPLYAMG,1451,True,10,
4462,VKPSGWTASG,1451,True,10,
4463,WTPYGQRNAR,1451,True,10,
4464,YQARQMWGEQ,1451,True,10,
4465,QFPRTLYGPQ,1451,True,10,
4466,ETPQGNWDWY,1451,True,10,
4467,YLPSWMHVVW,1451,True,10,
4468,YWPRPFTAGF,1451,True,10,
4469,HRPRPFVNYG,1451,True,10,
4470,KYPTGFRNGW,1451,True,10,
4471,HQPIGFQGVI,1451,True,10,
4472,WNPRSYRGEA,1451,True,10,
4473,FRPRGVTASG,1451,True,10,
4474,NGPWSWQGMR,1451,True,10,
4475,GIPSWSTGVQ,1451,True,10,
4476,CVPRGVTGQF,1451,True,10,
4477,YFPTGFRTNQ,1451,True,10,
4478,CTPVELWAVF,1451,True,10,
4479,VNPYGMHGPG,1451,True,10,
4480,HTVYSWYGPG,1451,True,10,
4481,KSPRGVFDAQ,1451,True,10,
4482,DPPRPYIGQS,1451,True,10,
4483,VSPLSWIGTF,1451,True,10,
4484,TIPYANRGWG,1451,True,10,
4485,PYPWSWLGWL,1451,True,10,
4486,CNPFGMRGLG,1451,True,10,
4487,HTPKGQMGTK,1451,True,10,
4488,SMPRPYQGLS,1451,True,10,
4489,GPVYGMHGPH,1451,True,10,
4490,TVPRGVTGEG,1451,True,10,
4491,WYPRAYRGPW,1451,True,10,
4492,PDPRGMAGHQ,1451,True,10,
4493,HGPSNYRGWR,1451,True,10,
4494,SYPGWMIGHG,1451,True,10,
4495,NGPINMYGWQ,1451,True,10,
4496,IPRLPRVIPA,1451,True,10,
4497,PGPRYWSAHL,1451,True,10,
4498,GMPRYWRTAS,1451,True,10,
4499,GQPSHWIGHS,1451,True,10,
4500,DSPVWYRGSK,1451,True,10,
4501,VPPEPNQSIA,1451,True,10,
4502,AHPIGVLGNH,1451,True,10,
4503,RVPRQVFGIA,1451,True,10,
4504,QNPVGMWVPR,1451,True,10,
4505,AQPVHMYSVF,1451,True,10,
4506,TGPSWIRGSQ,1451,True,10,
4507,SLPTAFANPT,1451,True,10,
4508,RTPVGNYGMF,1451,True,10,
4509,WSPVGYTGMG,1451,True,10,
4510,YTPRQYRGHY,1451,True,10,
4511,FKPRGNTASG,1451,True,10,
4512,FNPAWSRGWG,1451,True,10,
4513,WHPYGMYTPG,1451,True,10,
4514,WMPRQYRGEG,1451,True,10,
4515,PIPQHWIGPT,1451,True,10,
4516,HWPRQYFVLR,1451,True,10,
4517,TPPRSWRGAR,1451,True,10,
4518,PDPRSYTASG,1451,True,10,
4519,LGPLPQESEQ,1451,True,10,
4520,HMPRAFYGML,1451,True,10,
4521,QPYGNMHGLK,1451,True,10,
4522,AWPTGFTNMI,1451,True,10,
4523,PGVEPVNAIG,1451,True,10,
4524,GYPVSMYGIH,1451,True,10,
4525,TQPSCWAGIA,1451,True,10,
4526,LWPRPYWNSA,1451,True,10,
4527,FRPRAYWGNS,1451,True,10,
4528,HWPRQMIGIT,1451,True,10,
4529,THPVPNWSHR,1451,True,10,
4530,YGPQHWRGFY,1451,True,10,
4531,YFVRAHRGQW,1451,True,10,
4532,PIPTGFRAQG,1451,True,10,
4533,TLPRWLYTWG,1451,True,10,
4534,QNPIHMYGTH,1451,True,10,
4535,DWPSGWTASG,1451,True,10,
4536,LMPRYMHGWG,1451,True,10,
4537,KTPIGMHGWY,1451,True,10,
4538,YSPVWMIGQY,1451,True,10,
4539,MTPVHMLGMG,1451,True,10,
4540,YDPRGQVGQI,1451,True,10,
4541,HNPRAVYGTF,1451,True,10,
4542,WSPLSWRATW,1451,True,10,
4543,ANPLGFYNPL,1451,True,10,
4544,TNPLGFMSPY,1451,True,10,
4545,GHPRGEFYTG,1451,True,10,
4546,LNPWAWYGES,1451,True,10,
4547,SWVMGIYGEA,1451,True,10,
4548,IMPSGWTATR,1451,True,10,
4549,QYPRSWSGTG,1451,True,10,
4550,LTPRWMLNHI,1451,True,10,
4551,VLPESWIGLV,1451,True,10,
4552,VTPEWMRGPI,1451,True,10,
4553,SFPRAYFGVK,1451,True,10,
4554,LVPRGWTASG,1451,True,10,
4555,NWPREVYGVN,1451,True,10,
4556,VGPVPFWGEV,1451,True,10,
4557,VWPAGVFYQT,1451,True,10,
4558,WTPESLYGLV,1451,True,10,
4559,TDPSGWTSPG,1451,True,10,
4560,WIPMSDRGNF,1451,True,10,
4561,RYPVGMYGES,1451,True,10,
4562,YNPIHMWGVG,1451,True,10,
4563,GTPRGSRELY,1451,True,10,
4564,SPALGMYSPL,1451,True,10,
4565,FYPAPWQGAV,1451,True,10,
4566,PWPAWSRSGH,1451,True,10,
4567,GNPRSYWGTG,1451,True,10,
4568,VIPSWMLGAR,1451,True,10,
4569,VQPRSWFAPA,1451,True,10,
4570,TQPLSWQSGV,1451,True,10,
4571,LMPLGVYGSL,1451,True,10,
4572,QNPAWMIGTW,1451,True,10,
4573,HSPLGFYNVK,1451,True,10,
4574,NFPQGWTASG,1451,True,10,
4575,FIPVPFQSTG,1451,True,10,
4576,DEPRAYRGQF,1451,True,10,
4577,GVPVPFYGNF,1451,True,10,
4578,YQPRSWRGRY,1451,True,10,
4579,IYPRSYTGRG,1451,True,10,
4580,YGPSGWTASG,1451,True,10,
4581,MIPMWSHGLK,1451,True,10,
4582,NWPRGQVNQG,1451,True,10,
4583,MTPRGQVYPG,1451,True,10,
4584,HYPSGWTDPA,1451,True,10,
4585,IVPRPIHGLH,1451,True,10,
4586,TIPYGMYTMR,1451,True,10,
4587,YMPRSYTASG,1451,True,10,
4588,TNPYSWQGPQ,1451,True,10,
4589,RFPRSWQGAY,1451,True,10,
4590,DAPAGVLGLA,1451,True,10,
4591,CSPRPYWGNG,1451,True,10,
4592,HGPRGVTVRH,1451,True,10,
4593,QAPRGQVYNS,1451,True,10,
4594,ASPLGQSTPY,1451,True,10,
4595,MLPWSWYDPG,1451,True,10,
4596,LWPRGQVSPS,1451,True,10,
4597,YWPRAYSGQA,1451,True,10,
4598,GKPVGWFSHG,1451,True,10,
4599,RGPIHMWGTL,1451,True,10,
4600,YNPSWVTGPQ,1451,True,10,
4601,WLPRAFHGNY,1451,True,10,
4602,HEPRSMHGMK,1451,True,10,
4603,CQPRNYIGQG,1451,True,10,
4604,VGPRPYSGTW,1451,True,10,
4605,CVPQGMWGPQ,1451,True,10,
4606,TQPYGMTGAG,1451,True,10,
4607,PNPRSWTWMA,1451,True,10,
4608,HWPLGWIGIY,1451,True,10,
4609,GLPYMLYGPK,1451,True,10,
4610,VYVRGMYGEK,1451,True,10,
4611,CAPRFLWTAS,1451,True,10,
4612,SVPVWMWGPY,1451,True,10,
4613,IYPRGVYTPS,1451,True,10,
4614,TIPYHIYGWH,1451,True,10,
4615,HTPYNQYGTQ,1451,True,10,
4616,FVPSGFWALQ,1451,True,10,
4617,PTPRSYTGEW,1451,True,10,
4618,SHPRGFTNGR,1451,True,10,
4619,TNPEWMLGVR,1451,True,10,
4620,HYPRSYRAPQ,1451,True,10,
4621,NMPVWMYGHV,1451,True,10,
4622,NDPQGMVGQS,1451,True,10,
4623,LGHQWMRSIK,1451,True,10,
4624,PRPAHWQGAW,1451,True,10,
4625,HGPSGWTASG,1451,True,10,
4626,LGPRPYSGMW,1451,True,10,
4627,GMPSGFYDMY,1451,True,10,
4628,WIPLWSQGAV,1451,True,10,
4629,GLPVHMHTAS,1451,True,10,
4630,PLYHGLAGWR,1451,True,10,
4631,HGPKWMRHWV,1451,True,10,
4632,VDPQGMHDPW,1451,True,10,
4633,DSPFGWTAGW,1451,True,10,
4634,QHPRQYRGMH,1451,True,10,
4635,LYPVPFWGPS,1451,True,10,
4636,QWPFHWIGLT,1451,True,10,
4637,NGPYHWRAGV,1451,True,10,
4638,MHLNSLYGMS,1451,True,10,
4639,MIPRPFTASG,1451,True,10,
4640,FMPRSWYGRQ,1451,True,10,
4641,EHPRSHYGWQ,1451,True,10,
4642,TLPKSWQGAR,1451,True,10,
4643,MWPREFYGQS,1451,True,10,
4644,LYPRGVTGWT,1451,True,10,
4645,NWPRELFGQT,1451,True,10,
4646,TFPWSWIGHS,1451,True,10,
4647,VPPENMHGNR,1451,True,10,
4648,FGPIWMHGWG,1451,True,10,
4649,TYPINIYGTA,1451,True,10,
4650,VPPSGWTAQA,1451,True,10,
4651,WGPRNYLGPG,1451,True,10,
4652,QNPRGVTASG,1451,True,10,
4653,INPVWMLGPK,1451,True,10,
4654,RDPRGMKGVG,1451,True,10,
4655,HLPRYWTGQG,1451,True,10,
4656,PYPWGWTASG,1451,True,10,
4657,WYPRAYRGAG,1451,True,10,
4658,MWPYGMHVGR,1451,True,10,
4659,VVPSGFMGNH,1451,True,10,
4660,GQPRSWIGNH,1451,True,10,
4661,GAPSWSMNIK,1451,True,10,
4662,HYPVGMRNPA,1451,True,10,
4663,QFPRGVMGTG,1451,True,10,
4664,FDPLGQIGVL,1451,True,10,
4665,IGYPQWMVHG,1451,True,10,
4666,PHPSGWTGTG,1451,True,10,
4667,KSPRGRDVIS,1451,True,10,
4668,GVPRGVHGTY,1451,True,10,
4669,WPPRMLYGMK,1451,True,10,
4670,QPPRGFHGQW,1451,True,10,
4671,MTPSWLVNPT,1451,True,10,
4672,GTPRSNYGVT,1451,True,10,
4673,VNPRGYTGMA,1451,True,10,
4674,YRVLHLFSQH,1451,True,10,
4675,TQPYGMHSPY,1451,True,10,
4676,WDPRPQSGEA,1451,True,10,
4677,IWPTGLTGTA,1451,True,10,
4678,CRPRQYWSKG,1451,True,10,
4679,WVPRGSIGWQ,1451,True,10,
4680,QNPFWMRGWL,1451,True,10,
4681,TYPRAFLGHK,1451,True,10,
4682,DWPRSYIGNW,1451,True,10,
4683,YQPSGWRGPL,1451,True,10,
4684,THPYGWTASG,1451,True,10,
4685,EFPYGFQGHY,1451,True,10,
4686,GAPAGVQGHR,1451,True,10,
4687,DSPKGMRNPG,1451,True,10,
4688,YSPSDYRFSY,1451,True,10,
4689,WAPESWRGNQ,1451,True,10,
4690,NTPSWSLGNR,1451,True,10,
4691,DYWPNPRGPK,1451,True,10,
4692,EPPRGFHGQK,1451,True,10,
4693,MYPVNMHGNY,1451,True,10,
4694,CLPYGMHVNT,1451,True,10,
4695,DIPTGFWNLI,1451,True,10,
4696,ATPKWIHGPK,1451,True,10,
4697,MGPWGMWGTG,1451,True,10,
4698,QHPRSWRGIL,1451,True,10,
4699,MPWHCTPGVT,1451,True,10,
4700,WPPRSWTASG,1451,True,10,
4701,GHPRSYWSWG,1451,True,10,
4702,TWPVGFYGQG,1451,True,10,
4703,YNPINMFNIA,1451,True,10,
4704,IEPRSWYGQH,1451,True,10,
4705,NLPEMIRGWG,1451,True,10,
4706,PNPRYWRGQA,1451,True,10,
4707,TGPRAFKGAT,1451,True,10,
4708,QVPSWSWDSV,1451,True,10,
4709,DIPLNSRGKG,1451,True,10,
4710,LMPRSWHGMV,1451,True,10,
4711,SIPKGQMGWQ,1451,True,10,
4712,TDPVGFYGAY,1451,True,10,
4713,HPPRNQLGPG,1451,True,10,
4714,DTPSWLYGIT,1451,True,10,
4715,HPPRGMTSVL,1451,True,10,
4716,SVPSGVLNIW,1451,True,10,
4717,YSPRVYRSQV,1451,True,10,
4718,HTPRGQYDPG,1451,True,10,
4719,VDPIAMYSGW,1451,True,10,
4720,YMPRNFSGWG,1451,True,10,
4721,SHPRSHYGWH,1451,True,10,
4722,DWPSGWTASG,1451,True,10,
4723,TQVFGPHLPQ,1451,True,10,
4724,VGNPPRPDPL,1451,True,10,
4725,PGPSWIHAIW,1451,True,10,
4726,GWPRGAMGVF,1451,True,10,
4727,NPPRSYIGPF,1451,True,10,
4728,GTPRGSTASG,1451,True,10,
4729,YFPRSWIGWA,1451,True,10,
4730,WCPRGSTAKQ,1451,True,10,
4731,YQPSGFASQA,1451,True,10,
4732,KCPEAMYGEF,1451,True,10,
4733,GSPRTLYGSR,1451,True,10,
4734,YTPRPYLGEA,1451,True,10,
4735,HQPRPFTGEH,1451,True,10,
4736,SLPRPYSGIW,1451,True,10,
4737,LDPRSWYGVA,1451,True,10,
4738,VTPEWMLGNG,1451,True,10,
4739,HWPRWYTGTA,1451,True,10,
4740,QHPRGQVNVW,1451,True,10,
4741,NWPAWFIGWH,1451,True,10,
4742,PIPFYNRGNQ,1451,True,10,
4743,HEPRSWQVNG,1451,True,10,
4744,ENARSMYGLA,1451,True,10,
4745,RPPLGFHNPH,1451,True,10,
4746,YHPRGNTGPY,1451,True,10,
4747,NIPYWNRGHQ,1451,True,10,
4748,HNREKRPVEP,1451,True,10,
4749,TWPAGVFSQA,1451,True,10,
4750,EVPKSYWGWT,1451,True,10,
4751,PDPYGMRTAS,1451,True,10,
4752,HWPRDIVGQG,1451,True,10,
4753,PWPRGQAVNA,1451,True,10,
4754,YCPVGMHSPG,1451,True,10,
4755,HLPLSWWGAQ,1451,True,10,
4756,GVPQGVRTAS,1451,True,10,
4757,GPPRGSPAGK,1451,True,10,
4758,RVPRYWIGSA,1451,True,10,
4759,TAPRGMRNPV,1451,True,10,
4760,LHPASFRGLG,1451,True,10,
4761,WPPLGFRGLN,1451,True,10,
4762,LWPYGWIGTW,1451,True,10,
4763,VDPQCMIGNG,1451,True,10,
4764,WPVLGQFNPQ,1451,True,10,
4765,YMPKWMRGPH,1451,True,10,
4766,VLPESWHSQG,1451,True,10,
4767,QPPRGQVGMV,1451,True,10,
4768,FSPRPFIAQY,1451,True,10,
4769,SEPRNYLGPI,1451,True,10,
4770,DRPSWIYNIQ,1451,True,10,
4771,YYPRGVSGTW,1451,True,10,
4772,VPPEPNGVHW,1451,True,10,
4773,LSTWPGNAPN,1451,True,10,
4774,FHPSNWRSTV,1451,True,10,
4775,VFPRGVRNIG,1451,True,10,
4776,DTPLGMVGQW,1451,True,10,
4777,CLPMASHGHG,1451,True,10,
4778,FSPVWMTGPH,1451,True,10,
4779,DVPKWIHGPW,1451,True,10,
4780,VMPRAYLGKG,1451,True,10,
4781,YNWPLYTGHQ,1451,True,10,
4782,WFPRGSVAGT,1451,True,10,
4783,CQPVGMWAGF,1451,True,10,
4784,RLPVAYWDLW,1451,True,10,
4785,SFPRGSRVTA,1451,True,10,
4786,HTPSWIYGWL,1451,True,10,
4787,YVPRGVHDGT,1451,True,10,
4788,TNPFGMHGMG,1451,True,10,
4789,HNPRGSTASG,1451,True,10,
4790,DAPRGFRNPQ,1451,True,10,
4791,FYPRAFLGTG,1451,True,10,
4792,DPPYHMLGNF,1451,True,10,
4793,QPPSHWIGPY,1451,True,10,
4794,GPGPIRCRSQ,1451,True,10,
4795,DVPYAWIGPW,1451,True,10,
4796,GHPVAFWGAT,1451,True,10,
4797,NMPRSYMGAL,1451,True,10,
4798,LYPRSLYGAH,1451,True,10,
4799,HTPYGSWGSH,1451,True,10,
4800,GNPRAVMVMQ,13513,True,10,
4801,WAPRSMYGKR,13513,True,10,
4802,KVARGMFYPT,13513,True,10,
4803,VAPRANVAST,13513,True,10,
4804,PAPRYWIGGK,13513,True,10,
4805,GSPRPFLGLV,13513,True,10,
4806,MTIRGNMVQA,13513,True,10,
4807,IYPRASKVLK,13513,True,10,
4808,QWKPRYMGEP,13513,True,10,
4809,AVPRVLTASG,13513,True,10,
4810,TKPSGVTGNH,13513,True,10,
4811,MHPWGQRGPR,13513,True,10,
4812,PIPRPVMNGW,13513,True,10,
4813,PFPRVFRGRG,13513,True,10,
4814,SAPRGNTNGV,13513,True,10,
4815,PRVDPGPLWP,13513,True,10,
4816,VPWSGMHTVQ,13513,True,10,
4817,TQPRGVTVTA,13513,True,10,
4818,WVEMRNPVHQ,13513,True,10,
4819,TWVRSHMGNW,13513,True,10,
4820,NAPRGSTDIS,13513,True,10,
4821,QGPKSWRTTA,13513,True,10,
4822,TIPRWSMNGY,13513,True,10,
4823,WRPRSYRGVK,13513,True,10,
4824,KDPFGMRNVL,13513,True,10,
4825,YAPAGVKQPF,13513,True,10,
4826,MVPRGVMVQF,13513,True,10,
4827,VPRQKRQATP,13513,True,10,
4828,HFPRGAVGWI,13513,True,10,
4829,PTPRSYTAGY,13513,True,10,
4830,VKPVGMQVPT,13513,True,10,
4831,WGPRSWVGRA,13513,True,10,
4832,VQPRVYIGKH,13513,True,10,
4833,PGPRAVIGTK,13513,True,10,
4834,YAPRGSTDGH,13513,True,10,
4835,GAPRSWTASG,13513,True,10,
4836,DWVRSHPYLI,13513,True,10,
4837,SLVRAVHATF,13513,True,10,
4838,IPMFSLHIRG,13513,True,10,
4839,IRVSHWTASG,13513,True,10,
4840,MRPVPMHAQR,13513,True,10,
4841,VEARAMSGMH,13513,True,10,
4842,SNPRGYRDMK,13513,True,10,
4843,SAPAGVWVWH,13513,True,10,
4844,FKPRGVHDTF,13513,True,10,
4845,TAPRGSAGNY,13513,True,10,
4846,VSVMGVRSQT,13513,True,10,
4847,TSPVAMTVSG,13513,True,10,
4848,TPTRNMYSWY,13513,True,10,
4849,HMPRGVTGGT,13513,True,10,
4850,HRPRGFTASG,13513,True,10,
4851,GVPRAVGTAS,13513,True,10,
4852,TWPRGVYVMG,13513,True,10,
4853,SAPRAVHKWG,13513,True,10,
4854,AHPRAVFDMT,13513,True,10,
4855,RGPRMLHGPT,13513,True,10,
4856,QAPRAFAGTQ,13513,True,10,
4857,TRPRSMLNIQ,13513,True,10,
4858,PNPWGSHVGF,13513,True,10,
4859,YAPRGSTASG,13513,True,10,
4860,QGPRAVTGEL,13513,True,10,
4861,QTPRSYTDMD,13513,True,10,
4862,QMVRGMYGPA,13513,True,10,
4863,VLPRGAHGAF,13513,True,10,
4864,YHPRGMGSEG,13513,True,10,
4865,AGPRSMKNPA,13513,True,10,
4866,ATPRGNTATG,13513,True,10,
4867,SHPRGNTASG,13513,True,10,
4868,YGWAPMMATR,13513,True,10,
4869,GYPRAYWNVY,13513,True,10,
4870,TVPRAVHSEG,13513,True,10,
4871,YRVTGMYAMR,13513,True,10,
4872,ATPRGQVSEI,13513,True,10,
4873,VLPIHMAVNQ,13513,True,10,
4874,HIPTGMHTAS,13513,True,10,
4875,VGPWNWHNPG,13513,True,10,
4876,FLPRYWTGAF,13513,True,10,
4877,TAPVHMYSVK,13513,True,10,
4878,VGRSPRWVAG,13513,True,10,
4879,TLPRAVSNGV,13513,True,10,
4880,ITPRHWKAVA,13513,True,10,
4881,GQPRGFADVA,13513,True,10,
4882,WSPRGFRGNY,13513,True,10,
4883,NQPRGFGQNG,13513,True,10,
4884,QAPRSWTSAK,13513,True,10,
4885,KQPRGVMVGL,13513,True,10,
4886,WYPRGMKNTV,13513,True,10,
4887,MKPRGVTASG,13513,True,10,
4888,TFWRAFHSIY,13513,True,10,
4889,WGPRAVYATI,13513,True,10,
4890,LFPRVGFGWF,13513,True,10,
4891,HFSPRPMYGW,13513,True,10,
4892,FAPRYPVQHV,13513,True,10,
4893,WQPRSYIGSG,13513,True,10,
4894,QKPVGNASRL,13513,True,10,
4895,IRPRGSTASG,13513,True,10,
4896,MSPRGVFAWF,13513,True,10,
4897,VTPSGFYAMW,13513,True,10,
4898,TMPRGFRTGV,13513,True,10,
4899,RMPRGSTASG,13513,True,10,
4900,YFPRAFLSIQ,13513,True,10,
4901,IVPRWMHGQY,13513,True,10,
4902,TIPRAVHRQG,13513,True,10,
4903,LAVRAVNGYG,13513,True,10,
4904,GRVAGEHTAS,13513,True,10,
4905,QAPRNWISGI,13513,True,10,
4906,AVPRSWKGSG,13513,True,10,
4907,HVPRAVYVIF,13513,True,10,
4908,VFPRAVFVIL,13513,True,10,
4909,MVPRSWIGIL,13513,True,10,
4910,GTPRGSTAHF,13513,True,10,
4911,KVPRAVLATF,13513,True,10,
4912,FIPRAVQVWL,13513,True,10,
4913,DMGEQCFYRI,13513,True,10,
4914,HQWMSMTASG,13513,True,10,
4915,MTPVWMRGAV,13513,True,10,
4916,DMPRASHGMS,13513,True,10,
4917,VVPRQSKNWH,13513,True,10,
4918,PFRWKRDVYI,13513,True,10,
4919,VAVRSHSNEA,13513,True,10,
4920,KFVSGNSDTG,13513,True,10,
4921,LPTRWMRGGT,13513,True,10,
4922,LYPRGSTASG,13513,True,10,
4923,QMPRAVTGAY,13513,True,10,
4924,MQPRHYAGSI,13513,True,10,
4925,CQPKWIFGNG,13513,True,10,
4926,KPWAGMQGPT,13513,True,10,
4927,MNPRGSTGPR,13513,True,10,
4928,PERAGKQVKE,13513,True,10,
4929,FWPSGMYANS,13513,True,10,
4930,HAPRGDMSNG,13513,True,10,
4931,TGPIEIYNAR,13513,True,10,
4932,AKWRGMYDRG,13513,True,10,
4933,HAPVGFYSEV,13513,True,10,
4934,AVPTGMYTIH,13513,True,10,
4935,GHVRAHSVGY,13513,True,10,
4936,GTPRKNVTAS,13513,True,10,
4937,VQWRAFYAGY,13513,True,10,
4938,MQPRGVRDAK,13513,True,10,
4939,KVPRGVMDSI,13513,True,10,
4940,NAPQGVFSWG,13513,True,10,
4941,RTPRKMVSWR,13513,True,10,
4942,QRPRVLYSAF,13513,True,10,
4943,RVPRGSQGWL,13513,True,10,
4944,FAPAGVTASG,13513,True,10,
4945,YMPRAVSASI,13513,True,10,
4946,IQPRAVHAAT,13513,True,10,
4947,VAPRGSTATG,13513,True,10,
4948,VIRVARWAVG,13513,True,10,
4949,AVPRGVIAPA,13513,True,10,
4950,TFWRGIWVMG,13513,True,10,
4951,SAPRAYSVHG,13513,True,10,
4952,KAIKHQSVGS,13513,True,10,
4953,WPWRAFQSIT,13513,True,10,
4954,FQPRGVTASG,13513,True,10,
4955,VWPRAVTGSG,13513,True,10,
4956,RAPRGSTASG,13513,True,10,
4957,DSPRGVTASG,13513,True,10,
4958,SRPRMYVNWA,13513,True,10,
4959,AGPWGWVVPH,13513,True,10,
4960,VSPRYLSDNF,13513,True,10,
4961,MHPASFKGWY,13513,True,10,
4962,HQPRGSTVGF,13513,True,10,
4963,MRWRGMTASG,13513,True,10,
4964,VPPRAVRGTS,13513,True,10,
4965,HAPRGSTASG,13513,True,10,known_sequence
4966,GAPRSWTASG,13513,True,10,
4967,IRPAGVHAHT,13513,True,10,
4968,WVQMGMHGIG,13513,True,10,
4969,FWPVGMVSGT,13513,True,10,
4970,HQPRGQISPH,13513,True,10,
4971,AMPRQVLGTR,13513,True,10,
4972,MWSRSHRFWL,13513,True,10,
4973,KVPRGVTASG,13513,True,10,
4974,KHPRGSFDTG,13513,True,10,
4975,GMPRGVKGIW,13513,True,10,
4976,RSPRTYQGAS,13513,True,10,
4977,FSPRASTNQK,13513,True,10,
4978,QRPRWSKGET,13513,True,10,
4979,HRPRSWTASG,13513,True,10,
4980,SHPRGSWSYD,13513,True,10,
4981,RDPRSWTNLK,13513,True,10,
4982,HIPRYFHVQS,13513,True,10,
4983,YGPTGSTASG,13513,True,10,
4984,IVPNWSTASG,13513,True,10,
4985,RVPRGVAVPF,13513,True,10,
4986,AKPVGMHSGA,13513,True,10,
4987,VRPRGSFMRI,13513,True,10,
4988,HGPRGAFRTQ,13513,True,10,
4989,ADVRAVYGEG,13513,True,10,
4990,GRPRESTASG,13513,True,10,
4991,NRPRGYTNMA,13513,True,10,
4992,DGQPRYRGPF,13513,True,10,
4993,HWVRAVYAGW,13513,True,10,
4994,TSPVGMIGTA,13513,True,10,
4995,VPWSGLSAMA,13513,True,10,
4996,TRPRAYRSAF,13513,True,10,
4997,IARGMRPVDR,13513,True,10,
4998,HPWGHAMGQG,13513,True,10,
4999,TKVRGVYSKI,13513,True,10,
5000,RPPLGVRTQH,13513,True,10,
5001,FGYQGMAGYL,13513,True,10,
5002,HSWRGMTASG,13513,True,10,
5003,YVPTGMHSLS,13513,True,10,
5004,FIPVWSTAQF,13513,True,10,
5005,MVPRGVRNPG,13513,True,10,
5006,GIPLWSNGQV,13513,True,10,
5007,VIPRAVKGKY,13513,True,10,
5008,WKPRGNVAGL,13513,True,10,
5009,GNPRAVSGQW,13513,True,10,
5010,VLPREWHGEA,13513,True,10,
5011,NPPRAVSTPW,13513,True,10,
5012,WVPRGQVFIT,13513,True,10,
5013,AYPRGNRVGY,13513,True,10,
5014,AHPKSWRTMF,13513,True,10,
5015,PRPRAYLGAG,13513,True,10,
5016,IKPSGVFVTV,13513,True,10,
5017,MGPVWMHGAS,13513,True,10,
5018,GNPKGSWSGI,13513,True,10,
5019,GPVRAVYAVT,13513,True,10,
5020,MYPRASQYGY,13513,True,10,
5021,YAPIWMVGTG,13513,True,10,
5022,PAPRAVHDGS,13513,True,10,
5023,GFPRVLYKQY,13513,True,10,
5024,VTPRAVFVPK,13513,True,10,
5025,VPPRAVTVRH,13513,True,10,
5026,FQPRGNAVMW,13513,True,10,
5027,MSPRGYTVAI,13513,True,10,
5028,TKPVGDMASP,13513,True,10,
5029,GSPRPFTASG,13513,True,10,
5030,NPAMGVTVRK,13513,True,10,
5031,FGPRGPKGHP,13513,True,10,
5032,NVPRAVMSWI,13513,True,10,
5033,CIVRAVKDPY,13513,True,10,
5034,PCPRGYFGRH,13513,True,10,
5035,RWPVSMWGTR,13513,True,10,
5036,GSVRGMHSTG,13513,True,10,
5037,GSPRGDRTAS,13513,True,10,
5038,GVPRAVRVAR,13513,True,10,
5039,RMPRSMIGNR,13513,True,10,
5040,AMWEATRAWI,13513,True,10,
5041,MPRTPRFAHW,13513,True,10,
5042,RMPRQVKSGW,13513,True,10,
5043,MRVRWYSRVK,13513,True,10,
5044,SRVKWMIGWV,13513,True,10,
5045,AQPAGVFVPQ,13513,True,10,
5046,FTPRQYADVR,13513,True,10,
5047,YAPRGSWSRQ,13513,True,10,
5048,NAPRGSTASG,13513,True,10,
5049,RTPVANYSLK,13513,True,10,
5050,WEVRGVFVLG,13513,True,10,
5051,TKPVGMHRHS,13513,True,10,
5052,HMPRAYSAPA,13513,True,10,
5053,TVPRAWHNMA,13513,True,10,
5054,DMRQMRELPA,13513,True,10,
5055,PGPRSYTNTF,13513,True,10,
5056,FYVRAHSGPS,13513,True,10,
5057,YGPRASTASG,13513,True,10,
5058,YNPIWMISTA,13513,True,10,
5059,VSPRQVLASV,13513,True,10,
5060,YRPRAVQNAP,13513,True,10,
5061,SRPRGVTVGY,13513,True,10,
5062,ALVRAVYNGY,13513,True,10,
5063,IGPRGSVAPL,13513,True,10,
5064,HRPTGMHAGT,13513,True,10,
5065,GAPRSHRVWF,13513,True,10,
5066,GMPRGSTASG,13513,True,10,
5067,VYPRSMYNPG,13513,True,10,
5068,MWVRAHRQTG,13513,True,10,
5069,ISVRGVRVSG,13513,True,10,
5070,WKPRGMHVGG,13513,True,10,
5071,FKPRGNFGRH,13513,True,10,
5072,HGPRGNFAIY,13513,True,10,
5073,YTPRGNKGKA,13513,True,10,
5074,GRPRGSTVGV,13513,True,10,
5075,RCPRSWTNGI,13513,True,10,
5076,RWPRAVKTGK,13513,True,10,
5077,DVPRGSTYGR,13513,True,10,
5078,GWPRGDGVGG,13513,True,10,
5079,RVPKGVSAQT,13513,True,10,
5080,SMPRGATGNA,13513,True,10,
5081,QTPRGSTVGS,13513,True,10,
5082,YGPRGDPVQT,13513,True,10,
5083,VMPRGMHNAY,13513,True,10,
5084,SRPAQMATMR,13513,True,10,
5085,MTPRGNITAS,13513,True,10,
5086,DVPRGVRTKS,13513,True,10,
5087,RAPRGSTASG,13513,True,10,
5088,VTPRGVMVIK,13513,True,10,
5089,QTPRGNRAET,13513,True,10,
5090,VQPRGNTASG,13513,True,10,
5091,TAPRGSQGSF,13513,True,10,
5092,GMCQDARISV,13513,True,10,
5093,ISPRKRTNKI,13513,True,10,
5094,RQPRSWTASG,13513,True,10,
5095,RKPVGMYTES,13513,True,10,
5096,QGPRAVKVAF,13513,True,10,
5097,FMPRGQVWTA,13513,True,10,
5098,GTPRGEVGHS,13513,True,10,
5099,IWPRSHYAQK,13513,True,10,
5100,FPVRGNTGPQ,13513,True,10,
5101,VPWSGMYALK,13513,True,10,
5102,WAERSMYGMA,13513,True,10,
5103,MQWEGAVSKT,13513,True,10,
5104,KVPKNQMNTI,13513,True,10,
5105,WPRVRREMLW,13513,True,10,
5106,ENPKWMHGQI,13513,True,10,
5107,EIPRSWTASG,13513,True,10,
5108,KYPRAYKGWT,13513,True,10,
5109,HAPRGQVSWG,13513,True,10,
5110,YWPLGFHSHL,13513,True,10,
5111,NYPRAVLVWS,13513,True,10,
5112,TPPRGSQSTF,13513,True,10,
5113,TWTAWLFSNS,13513,True,10,
5114,QEWRGMHSPG,13513,True,10,
5115,ILPRYWSASR,13513,True,10,
5116,VAPGSGSNGG,13513,True,10,
5117,GWVRAVWGMQ,13513,True,10,
5118,AQPRSYLANV,13513,True,10,
5119,KTPVWYMGNR,13513,True,10,
5120,YTPRGSHDAH,13513,True,10,
5121,APTRWMKGPL,13513,True,10,
5122,QVPRGVHTRF,13513,True,10,
5123,VSPRQVIVGQ,13513,True,10,
5124,YWVSVRATYN,13513,True,10,
5125,NRTVPKSVGL,13513,True,10,
5126,ITVRWYVANY,13513,True,10,
5127,IFWRAYKGSR,13513,True,10,
5128,RRQPRPFGNG,13513,True,10,
5129,CIPRGSAVEA,13513,True,10,
5130,VAPRAVIGER,13513,True,10,
5131,FTYSWMRNWI,13513,True,10,
5132,LKPRGVTATG,13513,True,10,
5133,FMGRAFAGMW,13513,True,10,
5134,YVPRGVTGGF,13513,True,10,
5135,VFPRAFAGWA,13513,True,10,
5136,SAPRGSTGQK,13513,True,10,
5137,FIPRAVYTGQ,13513,True,10,
5138,TGPVAMHSGK,13513,True,10,
5139,GMWMGMPQNT,13513,True,10,
5140,RFHRAYSAWS,13513,True,10,
5141,FAPLGFRQHR,13513,True,10,
5142,MKPVWYLSNR,13513,True,10,
5143,KEPRSWTASG,13513,True,10,
5144,PRYRGSYATG,13513,True,10,
5145,YIPRPYTGKG,13513,True,10,
5146,FHPVWMSAHV,13513,True,10,
5147,QSPRGVRAPF,13513,True,10,
5148,DRPLGFWVNW,13513,True,10,
5149,VIPRPWYGRT,13513,True,10,
5150,DAPRGSWSWF,13513,True,10,
5151,IRPRPFMSEV,13513,True,10,
5152,GVPRAVFDHG,13513,True,10,
5153,SAVRAVTSEH,13513,True,10,
5154,VPWRAFQSGY,13513,True,10,
5155,TVPRAWHDMY,13513,True,10,
5156,LFPRGKSANA,13513,True,10,
5157,WTPRYWKDPI,13513,True,10,
5158,TFWGPTNIPA,13513,True,10,
5159,WYPRAVKAGA,13513,True,10,
5160,SYPRASRDIW,13513,True,10,
5161,RGPRPVISAI,13513,True,10,
5162,PKVRSHANGS,13513,True,10,
5163,ANRPDRAPSP,13513,True,10,
5164,DIPRGSTVGY,13513,True,10,
5165,HNPTGMYSTL,13513,True,10,
5166,MQPRAVSNWT,13513,True,10,
5167,TGVRSVRGSF,13513,True,10,
5168,KGPSGYTASG,13513,True,10,
5169,QTKVIRNTRT,13513,True,10,
5170,TEPRGSVSGF,13513,True,10,
5171,VSRSYRSVPP,13513,True,10,
5172,YSPRGVHVMA,13513,True,10,
5173,WTPRGNSYGL,13513,True,10,
5174,DTVRGVWQGF,13513,True,10,
5175,ASPRAYTASG,13513,True,10,
5176,EAPVGMRGHG,13513,True,10,
5177,WIPRAYMGQA,13513,True,10,
5178,TFPRSYFGSA,13513,True,10,
5179,INWRGVYGVY,13513,True,10,
5180,YLPRAFSNRT,13513,True,10,
5181,GQPRGVRTAS,13513,True,10,
5182,KMPRYVQAIS,13513,True,10,
5183,HWPVGMHGWG,13513,True,10,
5184,SDPRSWVGMQ,13513,True,10,
5185,IMPRGQVDFQ,13513,True,10,
5186,AIPAWSKGEI,13513,True,10,
5187,QFPRAYQGQT,13513,True,10,
5188,TAPRGSTVNQ,13513,True,10,
5189,PWPRQYVGSR,13513,True,10,
5190,AMPRGSHGIH,13513,True,10,
5191,FTPRESTSGS,13513,True,10,
5192,KPEAKRSVGA,13513,True,10,
5193,GMPRGVFNRT,13513,True,10,
5194,IMPRGYSPGH,13513,True,10,
5195,PRPVHMFGTV,13513,True,10,
5196,VPPRAWHSHT,13513,True,10,
5197,FNVRGMRSGA,13513,True,10,
5198,YHPRAFGSAR,13513,True,10,
5199,CKPRGFWDRY,13513,True,10,
5200,MRPRIYMAVS,10158,True,10,
5201,WKPSGMVNRF,10158,True,10,
5202,RPWHGLRGML,10158,True,10,
5203,MGPRQVKGAL,10158,True,10,
5204,YAPRKVMGPK,10158,True,10,
5205,SYPKGVHVEF,10158,True,10,
5206,KMPRQVFAWF,10158,True,10,
5207,AVPRQVFAKG,10158,True,10,
5208,SHPRKYMGVH,10158,True,10,
5209,QLPRQVWLGT,10158,True,10,
5210,RTHLGLYVRA,10158,True,10,
5211,KTPRTLVGER,10158,True,10,
5212,GVPRYLFTAS,10158,True,10,
5213,TKPRGQSWAR,10158,True,10,
5214,TPVGWMYGQH,10158,True,10,
5215,VHPQGVTASG,10158,True,10,
5216,GRPKNLSTAS,10158,True,10,
5217,TVPRQVHGHW,10158,True,10,
5218,KWPSEMRGNA,10158,True,10,
5219,TNVFWYRGSK,10158,True,10,
5220,GHPRKFISLV,10158,True,10,
5221,VAPKWVMAVG,10158,True,10,
5222,ATWPQLRNEQ,10158,True,10,
5223,GPPRLYIGPF,10158,True,10,
5224,ARPGAVFARS,10158,True,10,
5225,YQPRQVWVRI,10158,True,10,
5226,GMPRQVTGWG,10158,True,10,
5227,ILPREILAGW,10158,True,10,
5228,RVPKGQMDVW,10158,True,10,
5229,GAPKGMHGTV,10158,True,10,
5230,NLVFWMWGLH,10158,True,10,
5231,NIRKMRGVPQ,10158,True,10,
5232,GAPRKLWAGK,10158,True,10,
5233,GGPKQMRGWY,10158,True,10,
5234,TPPSGWTSMA,10158,True,10,
5235,IVLRQLQGWR,10158,True,10,
5236,KPRVPRPWGE,10158,True,10,
5237,RKVRGVTASG,10158,True,10,
5238,GPPRGNFGIF,10158,True,10,
5239,RPRPRTMHPK,10158,True,10,
5240,FQPRQVTGSY,10158,True,10,
5241,TMPGRMLQPH,10158,True,10,
5242,IRPRQVSSGH,10158,True,10,
5243,HAPRQLSNPW,10158,True,10,
5244,AVPRQVHAPH,10158,True,10,
5245,LGLGMMYGLT,10158,True,10,
5246,RPPRTLYNGQ,10158,True,10,
5247,GRPRKFHQGK,10158,True,10,
5248,TGPVRLHQGY,10158,True,10,
5249,YRPRQMKGHF,10158,True,10,
5250,GIPRTLISGF,10158,True,10,
5251,ALPREVFDVG,10158,True,10,
5252,PDPKGMRGWK,10158,True,10,
5253,NSPRFLKGVA,10158,True,10,
5254,VAPRQVLNGK,10158,True,10,
5255,RLPKLLWGTI,10158,True,10,
5256,STPKGVMAPR,10158,True,10,
5257,GVPRQVKTAS,10158,True,10,
5258,NPVYNLWSGI,10158,True,10,
5259,QKPRGQSFNW,10158,True,10,
5260,NRPAQMYGAF,10158,True,10,
5261,GAPRQVFSLA,10158,True,10,
5262,IEPRGSTVSH,10158,True,10,
5263,SLPRMLWDLA,10158,True,10,
5264,VEPRNVLGPK,10158,True,10,
5265,AQVFRLIGQR,10158,True,10,
5266,TAVNWMYGAW,10158,True,10,
5267,KMPKGVMAWI,10158,True,10,
5268,WVPKGQMVKL,10158,True,10,
5269,RQPRQVLGPT,10158,True,10,
5270,EPRIARFVFN,10158,True,10,
5271,VPPRVLWHLY,10158,True,10,
5272,TAPMRFYGPG,10158,True,10,
5273,WPTRWLHALY,10158,True,10,
5274,RQPFKYTARK,10158,True,10,
5275,KQPRQLSYSA,10158,True,10,
5276,PFPRKFRGWG,10158,True,10,
5277,DMPYGMRNPA,10158,True,10,
5278,LVPRQVRAGA,10158,True,10,
5279,RQPRGVFVNL,10158,True,10,
5280,FHPVQMQGVL,10158,True,10,
5281,PDVWGIYAVA,10158,True,10,
5282,GAPRGQVGEW,10158,True,10,
5283,GQPRGQVFIF,10158,True,10,
5284,VAPRLVINRK,10158,True,10,
5285,RGPRTVTASG,10158,True,10,
5286,RPYGLWGSNF,10158,True,10,
5287,KGPKGMTVAL,10158,True,10,
5288,RKPRAILGNV,10158,True,10,
5289,GIPRQVTSVF,10158,True,10,
5290,KSPRKYLGPW,10158,True,10,
5291,RAPAKFWGWY,10158,True,10,
5292,TGVRLLWGSG,10158,True,10,
5293,KSVSGMYNKH,10158,True,10,
5294,MRPRQVLNWL,10158,True,10,
5295,VRPRQLYDNS,10158,True,10,
5296,GLPRVRAVAL,10158,True,10,
5297,GAPDQMASPR,10158,True,10,
5298,GEVRGVYATV,10158,True,10,
5299,ARPRQILSEG,10158,True,10,
5300,DPPMHVFANR,10158,True,10,
5301,DPPRQVMGTG,10158,True,10,
5302,QTPRQVLARK,10158,True,10,
5303,PTPRGSTVQA,10158,True,10,
5304,GIPRKVFSGK,10158,True,10,
5305,RYPRPFANVF,10158,True,10,
5306,MAPRQVMGLY,10158,True,10,
5307,KYPRKLYSEG,10158,True,10,
5308,KSPRKYTGRV,10158,True,10,
5309,HVPRQVMAWT,10158,True,10,
5310,PGPREVLAHA,10158,True,10,
5311,YGTRLGSQWM,10158,True,10,
5312,KAPARFLGRY,10158,True,10,
5313,GKPRQLRGPY,10158,True,10,
5314,KPVSNLYGNG,10158,True,10,
5315,ASPRQYKGPS,10158,True,10,
5316,EVSQGMWGMV,10158,True,10,
5317,MNPRQVVAHV,10158,True,10,
5318,RSPRQVFAES,10158,True,10,
5319,QWPRQILGPR,10158,True,10,
5320,TVPFGMTASG,10158,True,10,
5321,NHPKGMRVPH,10158,True,10,
5322,GHPRSWLSMY,10158,True,10,
5323,NRPSPFYAGK,10158,True,10,
5324,VPPRQVMGTS,10158,True,10,
5325,YAPRQIKGNQ,10158,True,10,
5326,IKPAGVHVRW,10158,True,10,
5327,MVPRQVMGWS,10158,True,10,
5328,GNPAQMKTAS,10158,True,10,
5329,GAPRKFQSWI,10158,True,10,
5330,RGPSGMLGVT,10158,True,10,
5331,EGNKPAKFPI,10158,True,10,
5332,QGPRQVKSGI,10158,True,10,
5333,NGVRLLISMK,10158,True,10,
5334,GRPAEVAGPF,10158,True,10,
5335,ETPRQVSVAW,10158,True,10,
5336,EAPRQVWGAF,10158,True,10,
5337,VTVRQMYNTG,10158,True,10,
5338,HQPRQVFVNL,10158,True,10,
5339,YSINQMYGVH,10158,True,10,
5340,IQWPSWRGEI,10158,True,10,
5341,ENWRALYGVR,10158,True,10,
5342,KMPRELTASG,10158,True,10,
5343,KAPRQVRDGH,10158,True,10,
5344,FAPRELIGKS,10158,True,10,
5345,RHRPWRSIRD,10158,True,10,
5346,GVPREVLGRL,10158,True,10,
5347,GAPRKLYSWF,10158,True,10,
5348,FAPVQMKGNG,10158,True,10,
5349,KMVRGVTASG,10158,True,10,
5350,TPVSELWGES,10158,True,10,
5351,IPGPRGESPR,10158,True,10,
5352,IKTAKVTSQV,10158,True,10,
5353,AVPRQVTASG,10158,True,10,
5354,AVPRQVMGNL,10158,True,10,
5355,WRPLGFKSIR,10158,True,10,
5356,AGPRQVRAEY,10158,True,10,
5357,EPRPKRFGAT,10158,True,10,
5358,GVPRKLFGLY,10158,True,10,
5359,SPAQRLSAQH,10158,True,10,
5360,GRPRQVLSEH,10158,True,10,
5361,KGRVLRSIFY,10158,True,10,
5362,PVPVWMQGLT,10158,True,10,
5363,KAPVQLVGSY,10158,True,10,
5364,TVPRQVIGTK,10158,True,10,
5365,SNPRQLWNVH,10158,True,10,
5366,DGVGWMYSVM,10158,True,10,
5367,EIPKRMWSLG,10158,True,10,
5368,WVPKGNWSTR,10158,True,10,
5369,GAPRKLIGWL,10158,True,10,
5370,EMPRQVINPN,10158,True,10,
5371,DRPKGMLDPA,10158,True,10,
5372,EALGELWGTQ,10158,True,10,
5373,GTPRQVTASG,10158,True,10,
5374,TPVWKMHGPF,10158,True,10,
5375,NQPRVLYTLG,10158,True,10,
5376,RGAQAMWGMH,10158,True,10,
5377,KGPRGQAGQA,10158,True,10,
5378,RGPRQVRVRA,10158,True,10,
5379,GTPRGVRTAS,10158,True,10,
5380,QAPRQVNSLK,10158,True,10,
5381,LPVHKLYGVK,10158,True,10,
5382,SGPSGWQVTA,10158,True,10,
5383,PGRPLRSVAF,10158,True,10,
5384,GVPRGVHVPH,10158,True,10,
5385,HDPRQSRAHT,10158,True,10,
5386,VFPRMLHGGF,10158,True,10,
5387,WGPKQMRGHS,10158,True,10,
5388,RAPRKFIGNS,10158,True,10,
5389,VKPSGVWVTK,10158,True,10,
5390,NVPKGMRGWH,10158,True,10,
5391,TRPRQVRAEF,10158,True,10,
5392,DAPREVRGWF,10158,True,10,
5393,AMVRKLSGVA,10158,True,10,
5394,RVPRGVRGKV,10158,True,10,
5395,INVYAPVGPF,10158,True,10,
5396,TVPRELWSGT,10158,True,10,
5397,LKPRGVAYTF,10158,True,10,
5398,ADPKGMRVTS,10158,True,10,
5399,VIVSKMWGVG,10158,True,10,
5400,TMPRQVASRH,10158,True,10,
5401,TPPKGVTASG,10158,True,10,
5402,KGPKGMKTAS,10158,True,10,
5403,TGVSWLYGPY,10158,True,10,known_sequence
5404,NRPRQYALTK,10158,True,10,
5405,RGPRTLIAGL,10158,True,10,
5406,GHPKGMYVLT,10158,True,10,
5407,RVPRQVFAWY,10158,True,10,
5408,PVVRQLWSMW,10158,True,10,
5409,MPPRDLFGVS,10158,True,10,
5410,GKPRQLSTAS,10158,True,10,
5411,IGPKGQVAKP,10158,True,10,
5412,QRPRQVLASR,10158,True,10,
5413,TPPRQVLGAS,10158,True,10,
5414,WQPRGVIAPY,10158,True,10,
5415,GVPRGVRSLQ,10158,True,10,
5416,HAPRSQRNSA,10158,True,10,
5417,RKPAKMSGKH,10158,True,10,
5418,AFPRDLSTKH,10158,True,10,
5419,AFPRQVMGVQ,10158,True,10,
5420,KIPSKYTASG,10158,True,10,
5421,SDVRKLIGNL,10158,True,10,
5422,GAPRQVGTAS,10158,True,10,
5423,KTPRAYIAVQ,10158,True,10,
5424,MAPRYWSYLF,10158,True,10,
5425,QPPADVWASG,10158,True,10,
5426,QMPRQVFGRF,10158,True,10,
5427,DKPFGVFVWR,10158,True,10,
5428,RKPVGWKGKA,10158,True,10,
5429,VFPRVLTASG,10158,True,10,
5430,WGPARMLGVH,10158,True,10,
5431,PSRSPRAHYV,10158,True,10,
5432,GRPRQLYSWS,10158,True,10,
5433,YTVFWMYGQS,10158,True,10,
5434,QVPRQVRAEY,10158,True,10,
5435,DTPRKFGSES,10158,True,10,
5436,IRPRTLVGWG,10158,True,10,
5437,HHPINLWTIS,10158,True,10,
5438,APPRAVWVQY,10158,True,10,
5439,VGPKNQINPI,10158,True,10,
5440,TMPRQVLSQF,10158,True,10,
5441,TAPKGMVSNF,10158,True,10,
5442,GVPRQVLGNA,10158,True,10,
5443,YAMQAFPARY,10158,True,10,
5444,RMPRKFIGVF,10158,True,10,
5445,KLVRGMSVPV,10158,True,10,
5446,QRPRQVLGSA,10158,True,10,
5447,GHPVELWSQY,10158,True,10,
5448,LIPRPIVGLL,10158,True,10,
5449,CHPKGVMSAW,10158,True,10,
5450,WVPRQVQGIH,10158,True,10,
5451,GAPRQDVFMS,10158,True,10,
5452,LPPRGVTASG,10158,True,10,
5453,WQTQEHYITE,10158,True,10,
5454,KRVLELWQMW,10158,True,10,
5455,WPPMQLWGWK,10158,True,10,
5456,TGVFWMTASG,10158,True,10,
5457,GPPKLIMGNA,10158,True,10,
5458,KSPRQYRVMH,10158,True,10,
5459,NAPSGMTASG,10158,True,10,
5460,KQPRQVLEPG,10158,True,10,
5461,FAPKGMKTGA,10158,True,10,
5462,GRPLGQTASG,10158,True,10,
5463,QPPRDVLAVG,10158,True,10,
5464,GPPRTLVGMQ,10158,True,10,
5465,SQPIELYSLW,10158,True,10,
5466,TVPKNVRAPQ,10158,True,10,
5467,GDPTGMRTAS,10158,True,10,
5468,SVPRLYIGLW,10158,True,10,
5469,HKPVQYWSRS,10158,True,10,
5470,DVRMRRAFEP,10158,True,10,
5471,QPWFNMYKGS,10158,True,10,
5472,KRPAQWTGSF,10158,True,10,
5473,YVPRQVSGAV,10158,True,10,
5474,EVPFRLYGMG,10158,True,10,
5475,LAIRALRVPW,10158,True,10,
5476,VMPRQVTASG,10158,True,10,
5477,RAPRVFWGKF,10158,True,10,
5478,TSMSALVGTW,10158,True,10,
5479,MSPRKFIAVH,10158,True,10,
5480,SGPRTLMGTA,10158,True,10,
5481,PRPRQYWVLS,10158,True,10,
5482,AKIYGLFSIW,10158,True,10,
5483,SYLGELWGVS,10158,True,10,
5484,QGPRQVKTAS,10158,True,10,
5485,MPPRQVTASG,10158,True,10,
5486,HAPRQVRGST,10158,True,10,
5487,KTPRGNVNMA,10158,True,10,
5488,MYPKQMRNWG,10158,True,10,
5489,ANPRQLKGKH,10158,True,10,
5490,KTVLWLTGPW,10158,True,10,
5491,LVPRQVYAGI,10158,True,10,
5492,EPNMGPQLVW,10158,True,10,
5493,KVPRKLAGPY,10158,True,10,
5494,GTPLKMVGSL,10158,True,10,
5495,RTPIGIHVIF,10158,True,10,
5496,PGVRPLFRPL,10158,True,10,
5497,TRVRELWGSG,10158,True,10,
5498,GSPVQLIGIQ,10158,True,10,
5499,GRPRTLVGEA,10158,True,10,
5500,ASPRQVLGRH,10158,True,10,
5501,GSPVQMYATS,10158,True,10,
5502,GVPRQVWGKS,10158,True,10,
5503,SDPSGVTASG,10158,True,10,
5504,GRPRQMNDGV,10158,True,10,
5505,TKVFAYSAVK,10158,True,10,
5506,DKPHGVFAWG,10158,True,10,
5507,RTPVGLVGEW,10158,True,10,
5508,VKPVQMWSEK,10158,True,10,
5509,HTPKGVYAVQ,10158,True,10,
5510,TQPKGMHSTV,10158,True,10,
5511,REPSKLFGRS,10158,True,10,
5512,GRPRQLWMVF,10158,True,10,
5513,GVPRQVTASG,10158,True,10,
5514,WQPRSHIGLI,10158,True,10,
5515,GIPAPMWGLT,10158,True,10,
5516,TPPSWSHVNH,10158,True,10,
5517,GHPRQLVTAS,10158,True,10,
5518,GSNEGPKWAE,10158,True,10,
5519,QYPVELYGQL,10158,True,10,
5520,TVPKGVYSVS,10158,True,10,
5521,GRPRQVWSGK,10158,True,10,
5522,HPPRLYWAVF,10158,True,10,
5523,KGPRQLFGIH,10158,True,10,
5524,RMPRQVLGNW,10158,True,10,
5525,GREKPAVWTG,10158,True,10,
5526,IAPRQVTASG,10158,True,10,
5527,PYPRDIYAIH,10158,True,10,
5528,GAPKGMTVPL,10158,True,10,
5529,FPRPKRFAVD,10158,True,10,
5530,GFPRQVFTAS,10158,True,10,
5531,KHPKGMHQIL,10158,True,10,
5532,TDPRGVFSPH,10158,True,10,
5533,RGPKQLWAPF,10158,True,10,
5534,WKPAGVTASG,10158,True,10,
5535,YEPKNVRANL,10158,True,10,
5536,GAPRKVMAIW,10158,True,10,
5537,KSPRKLYAKA,10158,True,10,
5538,KMPHRFVGIY,10158,True,10,
5539,VAPKGMSVPF,10158,True,10,
5540,RNPRQYKGVF,10158,True,10,
5541,VTPVELYGKF,10158,True,10,
5542,PYPFKYFATI,10158,True,10,
5543,RPPLGFVNEG,10158,True,10,
5544,GMPKGVTASG,10158,True,10,
5545,RNPAPFWNTA,10158,True,10,
5546,GRPRGQTVTG,10158,True,10,
5547,QPVGWMFSIG,10158,True,10,
5548,GAPGAMRTAS,10158,True,10,
5549,VHRPAMRQEQ,10158,True,10,
5550,LFPRKFKVHW,10158,True,10,
5551,KIPTGAWVPW,10158,True,10,
5552,KVPRQWVGPH,10158,True,10,
5553,LAPKQWRGPF,10158,True,10,
5554,SKPRLYQGTL,10158,True,10,
5555,IWPRELKGNK,10158,True,10,
5556,HVPRQVFSWS,10158,True,10,
5557,HPVKGMWGMY,10158,True,10,
5558,KTPRQLGVEV,10158,True,10,
5559,IKPAGMTVGA,10158,True,10,
5560,GNPRPVYNWS,10158,True,10,
5561,KSPRKYLAPT,10158,True,10,
5562,WTPRQVQGWS,10158,True,10,
5563,HRPQDLYGVI,10158,True,10,
5564,AVPRQVRALA,10158,True,10,
5565,PMVRQLMGPL,10158,True,10,
5566,DLPKGMINRG,10158,True,10,
5567,PQPVELWGWI,10158,True,10,
5568,NAPRTLVSTA,10158,True,10,
5569,LHPSDMWSRG,10158,True,10,
5570,EWPRQLYSVI,10158,True,10,
5571,RAPRELKGNF,10158,True,10,
5572,HGPRQMKGET,10158,True,10,
5573,WPPRQVIGMH,10158,True,10,
5574,GAPRGSTVQK,10158,True,10,
5575,NEPRQYSGSI,10158,True,10,
5576,RVPVGLTSIS,10158,True,10,
5577,WQPGKMLQVY,10158,True,10,
5578,QMPRQVFSAH,10158,True,10,
5579,LMVMGMYSAG,10158,True,10,
5580,QSPVQWVGSQ,10158,True,10,
5581,VMPRGVQDSF,10158,True,10,
5582,TVPWKLSAGF,10158,True,10,
5583,RVPKGVIVNS,10158,True,10,
5584,GKPRKYIGAY,10158,True,10,
5585,KVSPAKGVLT,10158,True,10,
5586,VRPRELYAPW,10158,True,10,
5587,GAPRQVTASG,10158,True,10,
5588,AGPVELWGWH,10158,True,10,
5589,TRPRLYIGPS,10158,True,10,
5590,SKPWGMYGER,10158,True,10,
5591,NKPGGMHNKG,10158,True,10,
5592,SQPIHLHNVH,10158,True,10,
5593,RVPKGVTASG,10158,True,10,
5594,RPPLGVVDIA,10158,True,10,
5595,RQPRQVFVIW,10158,True,10,
5596,MPVWGVTASG,10158,True,10,
5597,MAPRKFSGAY,10158,True,10,
5598,RAPAKFWSGH,10158,True,10,
5599,TMPVRYFGAQ,10158,True,10,
5600,QPPHAFTDHF,8834,True,10,
5601,INPIHLWGVG,8834,True,10,
5602,RMYPVMVHFL,8834,True,10,
5603,WYPRGMADVK,8834,True,10,
5604,VFPQGMLTKI,8834,True,10,
5605,DFPRAFLTHS,8834,True,10,
5606,YPRLRRTNFD,8834,True,10,
5607,RHPVPFNYIT,8834,True,10,
5608,YRPTGMTASG,8834,True,10,
5609,MPRVRRLDMI,8834,True,10,
5610,INPFWSMDRY,8834,True,10,
5611,MNPEYWRALF,8834,True,10,
5612,SMPRWMLDEG,8834,True,10,
5613,PKPRPVWDIK,8834,True,10,
5614,MIPRPVMNLR,8834,True,10,
5615,YCVRAVLDGI,8834,True,10,
5616,RIWRAYVDTG,8834,True,10,
5617,IMPRPVAYMI,8834,True,10,
5618,AYPRAYIGSW,8834,True,10,
5619,CTPIPIVDGV,8834,True,10,
5620,SAPRPWAGES,8834,True,10,
5621,DRPRPVLNGY,8834,True,10,
5622,DKPSPFYGEA,8834,True,10,
5623,WLPRPFLDQR,8834,True,10,
5624,VWPRFLRTEA,8834,True,10,
5625,TGPSWVHQTG,8834,True,10,
5626,YEYRNVYGTR,8834,True,10,
5627,LQTPMAFSNI,8834,True,10,
5628,QIPRYVTASG,8834,True,10,
5629,NVPRSWTASG,8834,True,10,
5630,ACPKSLVDGA,8834,True,10,
5631,TMPWSVRDLH,8834,True,10,
5632,LWPRNVRTAG,8834,True,10,
5633,GSPASWRTAS,8834,True,10,
5634,PCPLSYHDSY,8834,True,10,
5635,KAPWGNQVSY,8834,True,10,
5636,DGPQAVIDSY,8834,True,10,
5637,DTPMAVRDGI,8834,True,10,
5638,MSPLSWTGEV,8834,True,10,
5639,YRIYSMHGRT,8834,True,10,
5640,MRPSPFWNST,8834,True,10,
5641,WVPRWSTVKA,8834,True,10,
5642,HYPRAVMDIL,8834,True,10,
5643,STPRSNTVGF,8834,True,10,
5644,YTPRNWRTNS,8834,True,10,
5645,TIPRPVLDAH,8834,True,10,
5646,VWPLGVRTGI,8834,True,10,
5647,FRPRPVMDQA,8834,True,10,
5648,SFPRPVMLGH,8834,True,10,
5649,PDPRSYTGSG,8834,True,10,
5650,LMPSPFLDGV,8834,True,10,
5651,TWPRAVRNGI,8834,True,10,
5652,MPPHPFYGRV,8834,True,10,
5653,NKPAPWRTFG,8834,True,10,
5654,SPPKGVLDGV,8834,True,10,
5655,LQPLYWRDWF,8834,True,10,
5656,FSPLWSIVGW,8834,True,10,
5657,IGPSWIKHGL,8834,True,10,
5658,WYPRAYSGRS,8834,True,10,
5659,FKPRWNGRSP,8834,True,10,
5660,YHAIHMQGPR,8834,True,10,
5661,RLPNPFMANS,8834,True,10,
5662,WYPRAFIDTS,8834,True,10,
5663,YHPVAMVAVK,8834,True,10,
5664,TYPAGVADAY,8834,True,10,
5665,YRPLASVNTL,8834,True,10,
5666,AMPRWVWDRK,8834,True,10,
5667,YLPRPVSLQI,8834,True,10,
5668,RYTWPMYNST,8834,True,10,
5669,ELPAYWRDAV,8834,True,10,
5670,TYPYPWVDMR,8834,True,10,
5671,PLVRAHRDGS,8834,True,10,
5672,LYPVPFGDTG,8834,True,10,
5673,IQPQAVFDVR,8834,True,10,
5674,QNPKSWRTQF,8834,True,10,
5675,NRPANVQDTA,8834,True,10,
5676,KGPSTYQNGW,8834,True,10,
5677,WYPSPFTASG,8834,True,10,
5678,PFPTGMHNHG,8834,True,10,
5679,VIPRLYQDPG,8834,True,10,
5680,QYPRPYMGIF,8834,True,10,
5681,PQPRPFANTG,8834,True,10,
5682,WVPRAVSDMF,8834,True,10,
5683,LVPRYWTDLG,8834,True,10,
5684,TAPRSWIGNF,8834,True,10,
5685,FMPRAVQDAF,8834,True,10,
5686,KIPLYPVDLA,8834,True,10,
5687,DHRIVKNVPA,8834,True,10,
5688,FHPRAVFTHR,8834,True,10,
5689,SLPAGVTASG,8834,True,10,
5690,YQPVPMADTR,8834,True,10,
5691,YWGRPLWVPS,8834,True,10,
5692,FQPAWSRGTH,8834,True,10,
5693,QTRWVRGTGP,8834,True,10,
5694,LFPRPIKDVW,8834,True,10,
5695,MLPRAVMDPT,8834,True,10,
5696,APPKASRGMG,8834,True,10,
5697,TAPINIQYWG,8834,True,10,
5698,NRPASWTSWL,8834,True,10,
5699,EWPRYMTASG,8834,True,10,
5700,VNPIVLASAK,8834,True,10,
5701,AIPRAVTASG,8834,True,10,
5702,VEPRPVLDAS,8834,True,10,
5703,TPVAWLQDTG,8834,True,10,
5704,RNPVHMTASG,8834,True,10,
5705,PGPRVLYDPK,8834,True,10,
5706,GTPRSNFDYA,8834,True,10,
5707,KVPRAVIDTY,8834,True,10,
5708,WGPRAVSDNT,8834,True,10,
5709,MGPWPVQNGF,8834,True,10,
5710,WHPAGFYDNG,8834,True,10,
5711,TRPRPFTASG,8834,True,10,
5712,NIPRPVLDGF,8834,True,10,
5713,YVPRAVQDVG,8834,True,10,
5714,KVPRPVTASG,8834,True,10,
5715,TEPRMYIDGR,8834,True,10,
5716,TQWEPLMSEH,8834,True,10,
5717,VGPYLWRNIR,8834,True,10,
5718,HCPLMYTNGL,8834,True,10,
5719,HEPRMLTDAQ,8834,True,10,
5720,GWPVSFRDQG,8834,True,10,
5721,LPTRSMKGIY,8834,True,10,
5722,WAPRWSIDNA,8834,True,10,
5723,PGLVWRGQTA,8834,True,10,
5724,NAPFHWRTGS,8834,True,10,
5725,MAPLNVRTGV,8834,True,10,
5726,APWVAYRGPG,8834,True,10,
5727,TVPYAVFDRQ,8834,True,10,
5728,DNPSWVTASG,8834,True,10,
5729,YMPRAVINGT,8834,True,10,
5730,SLPRPYLDGW,8834,True,10,
5731,YNPRAVTASG,8834,True,10,
5732,THPIPIFDEK,8834,True,10,
5733,HNPRSYIDSG,8834,True,10,
5734,RPEPREVWPV,8834,True,10,
5735,LGPVHMIDAV,8834,True,10,
5736,YTPLGYTNGA,8834,True,10,
5737,TPVLSWIDMS,8834,True,10,
5738,MYPWSWRTVY,8834,True,10,
5739,RIPRPVHDTQ,8834,True,10,
5740,APPAQVQDNG,8834,True,10,
5741,MAPVSFRGTA,8834,True,10,
5742,QWPAYWRTAY,8834,True,10,
5743,AYPRPVMYPS,8834,True,10,
5744,IAPRFWSDTR,8834,True,10,
5745,SRPVPFTASG,8834,True,10,
5746,RVPRPVMLWG,8834,True,10,
5747,FPTRWMWGVQ,8834,True,10,
5748,LWPSNQITIG,8834,True,10,
5749,TAVYAIADLK,8834,True,10,
5750,HKPLSYIDNK,8834,True,10,
5751,PTPRVLYSRG,8834,True,10,
5752,VWPVAFRTKY,8834,True,10,
5753,KDPRQVFDAS,8834,True,10,
5754,MIPRSNITIG,8834,True,10,
5755,RLPRAITNPS,8834,True,10,
5756,LTPRYWRDWL,8834,True,10,
5757,NIPAWVRDAH,8834,True,10,
5758,QFPRAFINPA,8834,True,10,
5759,GPCYPQPMWK,8834,True,10,
5760,RYPRPFYDSG,8834,True,10,
5761,IATPPVYDER,8834,True,10,
5762,MVPRYWVDAH,8834,True,10,
5763,MDVFNMRSEG,8834,True,10,
5764,NGPSWVTHPV,8834,True,10,
5765,TWPFWSTASG,8834,True,10,
5766,AQWHPLMQVG,8834,True,10,
5767,EPWEAPRLIF,8834,True,10,
5768,THMRHLIGQH,8834,True,10,
5769,VQPSGFQNVK,8834,True,10,
5770,WWPVAMTASG,8834,True,10,
5771,LARQARLIVM,8834,True,10,
5772,TAPENQYSGT,8834,True,10,
5773,RMWAPFYSWS,8834,True,10,
5774,KSPLASTNLS,8834,True,10,
5775,DGPAWMTGWT,8834,True,10,
5776,FDPVNMAGMG,8834,True,10,
5777,MPVYSMSDMA,8834,True,10,
5778,MGPWHVTASG,8834,True,10,
5779,IKPRPWIDSL,8834,True,10,
5780,WLPRPYMGVK,8834,True,10,
5781,LNPRFLKDMR,8834,True,10,
5782,QFPRPYAGQA,8834,True,10,
5783,LYPRAIWNVG,8834,True,10,
5784,MPWRAFADMV,8834,True,10,
5785,RYPVPFWDQG,8834,True,10,
5786,MPPLSFFDPW,8834,True,10,
5787,KYPMNDPAQG,8834,True,10,
5788,CMPRQVFDVH,8834,True,10,
5789,YPVRAVYDVA,8834,True,10,
5790,VMPRSVFNAI,8834,True,10,
5791,VDPYGMANAR,8834,True,10,
5792,APPFHWTASG,8834,True,10,
5793,ISPMGNTDTV,8834,True,10,
5794,LWPWSWRTIA,8834,True,10,
5795,WPALDFLDTR,8834,True,10,
5796,MWPRGVTVPA,8834,True,10,
5797,GSPRPFLTAS,8834,True,10,
5798,KYPVPFWGNW,8834,True,10,
5799,KMPSGFQMGV,8834,True,10,
5800,YFPRMILDNW,8834,True,10,
5801,TGPFYMRGVS,8834,True,10,
5802,IPPRVIRSEG,8834,True,10,
5803,PRPSWVTDRT,8834,True,10,
5804,HWPVAFLDPV,8834,True,10,
5805,KWPAWIYTGS,8834,True,10,
5806,YMPRAVRDNL,8834,True,10,
5807,LTPRYWTASG,8834,True,10,known_sequence
5808,FVPRPFSDSF,8834,True,10,
5809,KPRFLRTVLA,8834,True,10,
5810,HVPRQVTASG,8834,True,10,known_sequence
5811,WVPRAVRTMY,8834,True,10,
5812,WNPAQMRTWG,8834,True,10,
5813,WAPVSMRGNF,8834,True,10,
5814,NKPASWRTGA,8834,True,10,
5815,MWPRAVTTIG,8834,True,10,
5816,FAPRAFRWPI,8834,True,10,
5817,MYPRASVDTY,8834,True,10,
5818,VGPRSWTGWV,8834,True,10,
5819,DTPHWLNRIA,8834,True,10,
5820,LVWAAIVGWA,8834,True,10,
5821,TSVLAWQDVG,8834,True,10,
5822,MTPRSMLTPG,8834,True,10,
5823,MTPRSWTSKS,8834,True,10,
5824,QWPVAFRDGQ,8834,True,10,
5825,RIPLVYMDKT,8834,True,10,
5826,GWPRAVRTAS,8834,True,10,
5827,RMPLSYQNAF,8834,True,10,
5828,EYPQAVFDVF,8834,True,10,
5829,NWPIHMITAR,8834,True,10,
5830,AVPRSWTNML,8834,True,10,
5831,QVPRAVNTRG,8834,True,10,
5832,PIPFMWRGTR,8834,True,10,
5833,QMPAYWRTGR,8834,True,10,
5834,WPVRSLIGPG,8834,True,10,
5835,PFPRNSLDLG,8834,True,10,
5836,FNPRPVIDTV,8834,True,10,
5837,LVPRPVTASG,8834,True,10,
5838,NRPLQMKTVI,8834,True,10,
5839,TNPLSWRGNI,8834,True,10,
5840,GWPVPFWNIQ,8834,True,10,
5841,IAPEWMKSAQ,8834,True,10,
5842,IYPRPMQDGL,8834,True,10,
5843,MRPRAVTDPS,8834,True,10,
5844,VYPRAFRDPI,8834,True,10,
5845,PEPRPQRDAF,8834,True,10,
5846,YVPVMYLDQT,8834,True,10,
5847,MHWVPLRLLK,8834,True,10,
5848,TIPVYMLNQF,8834,True,10,
5849,RFPASFSDAL,8834,True,10,
5850,PCPLSWQDTF,8834,True,10,
5851,MLPRPVLDGT,8834,True,10,
5852,PMPRYFHDTA,8834,True,10,
5853,RYARPFTASG,8834,True,10,
5854,IMPRPFIYER,8834,True,10,
5855,WVYFPLQGQY,8834,True,10,
5856,QRPRQVIDII,8834,True,10,
5857,CPPRPVMDTG,8834,True,10,
5858,YMPRPVIYMQ,8834,True,10,
5859,RDPYAQAVPG,8834,True,10,
5860,YMPRAVRNGI,8834,True,10,
5861,RDPRAILDTS,8834,True,10,
5862,ELPAGVSDAG,8834,True,10,
5863,MLPLNWRTIG,8834,True,10,
5864,LTPRYELVDS,8834,True,10,
5865,YGPIPIRDPY,8834,True,10,
5866,PFPRPFMDIA,8834,True,10,
5867,NYPRPFTDML,8834,True,10,
5868,EWPRPVADGY,8834,True,10,
5869,WPRYKRASIV,8834,True,10,
5870,MYPRAWYTSS,8834,True,10,
5871,YVPSWSINQA,8834,True,10,
5872,SDPRSWTGMR,8834,True,10,
5873,YWPRPFLNGG,8834,True,10,
5874,YRPRSYINIG,8834,True,10,
5875,WFPRGVMDWG,8834,True,10,
5876,WTPRSNRDSV,8834,True,10,
5877,AKPFPWLYWH,8834,True,10,
5878,PRPRWNWGLR,8834,True,10,
5879,LTPRYWTASG,8834,True,10,known_sequence
5880,LVPRPVMGQI,8834,True,10,
5881,KPWRAFRDGA,8834,True,10,
5882,FNPRPFLDMQ,8834,True,10,
5883,RPPVPFANTW,8834,True,10,
5884,TIYKPGVQYP,8834,True,10,
5885,PIPRYWRDSA,8834,True,10,
5886,FRPAQMKDTK,8834,True,10,
5887,KLPAWSTASG,8834,True,10,
5888,LDPMHMLGQY,8834,True,10,
5889,KPWYPLTNTK,8834,True,10,
5890,MWPRPVATGG,8834,True,10,
5891,SWPLAVYTSA,8834,True,10,
5892,VTPIPDHVIR,8834,True,10,
5893,KVPRAVLDAG,8834,True,10,
5894,RAPLPVRDHL,8834,True,10,
5895,NAPAYPQGKF,8834,True,10,
5896,KHPIPYTASG,8834,True,10,
5897,LRPRPWANEI,8834,True,10,
5898,CLPGHWTNMA,8834,True,10,
5899,YAPRSWRVRG,8834,True,10,
5900,GRPRSYMDER,8834,True,10,
5901,YSPSSWTASG,8834,True,10,
5902,YPPRAFIDIY,8834,True,10,
5903,GKPLPSIDPR,8834,True,10,
5904,IRPVYWRDGF,8834,True,10,
5905,SCPLMTDGRL,8834,True,10,
5906,STVFPRAFLA,8834,True,10,
5907,WGPRAVTGNS,8834,True,10,
5908,QNCTRPDLQL,8834,True,10,
5909,RWPAWVRDPL,8834,True,10,
5910,YPRFQKDAST,8834,True,10,
5911,PIPRPVLDQG,8834,True,10,
5912,SPPLPFMGNW,8834,True,10,
5913,TNPASWITKS,8834,True,10,
5914,LDPYHMVDGF,8834,True,10,
5915,VPPRGRTIGL,8834,True,10,
5916,HPYPWAMFPY,8834,True,10,
5917,MPWRAFRDGG,8834,True,10,
5918,SKPWAWRTQY,8834,True,10,
5919,QLPLQWMNTR,8834,True,10,
5920,YLPRAFTASG,8834,True,10,
5921,DQPVPFYDMK,8834,True,10,
5922,WHPRPNTASG,8834,True,10,
5923,VNPRSWRDWV,8834,True,10,
5924,EIPFWSYDAV,8834,True,10,
5925,LPWRAFRDVY,8834,True,10,
5926,FQPRYWMDAR,8834,True,10,
5927,RGPVPMSDTY,8834,True,10,
5928,YLPRPWVGGY,8834,True,10,
5929,LPRPVPGASA,8834,True,10,
5930,GMPRAFINSK,8834,True,10,
5931,VQWVPFSVPL,8834,True,10,
5932,TLPQSWRTYG,8834,True,10,
5933,IPPNPFTASG,8834,True,10,
5934,HWPASFRSEI,8834,True,10,
5935,QWPRAVRTLF,8834,True,10,
5936,WAPRSWTNGL,8834,True,10,
5937,RAPSWSHDWR,8834,True,10,
5938,GMPRQVTGIY,8834,True,10,
5939,FSPLAVRDSK,8834,True,10,
5940,NSPVSFRGWY,8834,True,10,
5941,HNPRGVADKV,8834,True,10,
5942,WIPASWATEV,8834,True,10,
5943,MRPRPVLDPA,8834,True,10,
5944,MRPRNVFNTY,8834,True,10,
5945,WQPRNVYDHG,8834,True,10,
5946,TMPRAFVDPK,8834,True,10,
5947,VTPRWLMNES,8834,True,10,
5948,PLVRYWRDSG,8834,True,10,
5949,IMPRNVMANI,8834,True,10,
5950,GWPRAVLTAS,8834,True,10,
5951,TRPRQYADGA,8834,True,10,
5952,FVPVWMSGKY,8834,True,10,
5953,YIPRPVQDSI,8834,True,10,
5954,YMVRAVYNPG,8834,True,10,
5955,LGPRAVRTAS,8834,True,10,
5956,ATPRGNARNY,8834,True,10,
5957,TVPVSFVDEG,8834,True,10,
5958,RVPRAFADPI,8834,True,10,
5959,FTPRASYDLY,8834,True,10,
5960,NRVEPLMAVK,8834,True,10,
5961,RKPLASTVPS,8834,True,10,
5962,SIPRASQSPW,8834,True,10,
5963,YGPRSWRTNY,8834,True,10,
5964,YQPVPFMRIA,8834,True,10,
5965,TLPASWRGNH,8834,True,10,
5966,MAWRAYRDRF,8834,True,10,
5967,LTPGAMGNAT,8834,True,10,
5968,VSPLPFINPR,8834,True,10,
5969,FLPRPVLDAS,8834,True,10,
5970,NMPRPIKGWL,8834,True,10,
5971,IKTRVPKLAP,8834,True,10,
5972,LTPRSNQDAT,8834,True,10,
5973,NHPQAVFDSV,8834,True,10,
5974,FIPFYWRVNV,8834,True,10,
5975,WNPFWNLNGF,8834,True,10,
5976,NPWYAYTASG,8834,True,10,
5977,IPRPSKFYTA,8834,True,10,
5978,WSPVAYMNMH,8834,True,10,
5979,GPVFAWRTAS,8834,True,10,
5980,GYPRAFTVWG,8834,True,10,
5981,DVPRAVSQNR,8834,True,10,
5982,VYPRPFWDSK,8834,True,10,
5983,YIPLVYTDPG,8834,True,10,
5984,YDPRGVTASG,8834,True,10,
5985,WPPSHWISNF,8834,True,10,
5986,YVPRAVRNAK,8834,True,10,
5987,GMPRLVKDHG,8834,True,10,
5988,SIPRPVLGRG,8834,True,10,
5989,QPPVPFWDIF,8834,True,10,
5990,PDPRPVADGI,8834,True,10,
5991,GTPVAMYAGA,8834,True,10,
5992,MPPRQVLDVI,8834,True,10,
5993,PIPRPVYNGI,8834,True,10,
5994,SQPIHMQNGH,8834,True,10,
5995,VDPWSWRTNI,8834,True,10,
5996,LYPRPYVNGS,8834,True,10,
5997,WSPSPFTDMG,8834,True,10,
5998,QGPWSWMTAS,8834,True,10,
5999,WSPLMYVGWT,8834,True,10,
6000,VPPLGFSAGR,9478,True,10,
6001,GFPLGQITAS,9478,True,10,
6002,HSPRQFHSVS,9478,True,10,
6003,VRVLAVTASG,9478,True,10,
6004,PGPRTLSANG,9478,True,10,
6005,RMPLGTVSMG,9478,True,10,
6006,TVPYGVFSGF,9478,True,10,
6007,ANPRQYRNPH,9478,True,10,
6008,MQPRAYTNPL,9478,True,10,
6009,KAPSGFTSMS,9478,True,10,
6010,PDPFGMVGEG,9478,True,10,
6011,RMPRAVHSMG,9478,True,10,
6012,GAPAPFMSLV,9478,True,10,
6013,AEPRQYLGSW,9478,True,10,
6014,MTPLGFAGPW,9478,True,10,
6015,EAPSGWTASG,9478,True,10,
6016,LRPVQYLGLG,9478,True,10,
6017,SRPRTLMGVA,9478,True,10,
6018,VIPRQVYSIQ,9478,True,10,
6019,MTPSKMYNPV,9478,True,10,
6020,HGPSELHTAS,9478,True,10,
6021,KVPSGVKRPF,9478,True,10,
6022,EAPLGQMSVY,9478,True,10,
6023,QMPRTIMGKR,9478,True,10,
6024,GQPRSYRGSH,9478,True,10,
6025,TGPFGMHSTG,9478,True,10,
6026,TAPRGSTASG,9478,True,10,
6027,ASPLGFRSEY,9478,True,10,
6028,RAPRSWLGQS,9478,True,10,
6029,QAPRAFYSAG,9478,True,10,
6030,AVPRQVIGVH,9478,True,10,
6031,MAPRQYTASG,9478,True,10,
6032,NGPYQMRGTF,9478,True,10,
6033,SGPKGMRVTA,9478,True,10,
6034,GSPRTLVTAS,9478,True,10,
6035,INPRQVIAPR,9478,True,10,
6036,HPPRAFYSMS,9478,True,10,
6037,IAPARFSGPS,9478,True,10,
6038,TAPRQVRSTL,9478,True,10,
6039,GAPRVSTASG,9478,True,10,
6040,QFPFKMHGAG,9478,True,10,
6041,KPVNALWTNA,9478,True,10,
6042,MGPWSVRSQF,9478,True,10,
6043,SAPRPFWGIQ,9478,True,10,
6044,RGPSSYTASG,9478,True,10,known_sequence
6045,TGPSGFRATG,9478,True,10,
6046,EGSGPLWSEI,9478,True,10,
6047,FHPSAFTNLG,9478,True,10,
6048,YQPIPIQAMF,9478,True,10,
6049,EKPRGQVSPG,9478,True,10,
6050,VGPRPFQSGF,9478,True,10,
6051,IPPGPMWGRI,9478,True,10,
6052,GSPRAFIGPG,9478,True,10,
6053,GAPMAVMSVH,9478,True,10,
6054,PGPRTLVSAL,9478,True,10,
6055,GPPRGVHSNL,9478,True,10,
6056,AHPRQVRGQG,9478,True,10,
6057,RGPVQLTSNH,9478,True,10,
6058,GTPIELTAHF,9478,True,10,
6059,YAPRSYTGHI,9478,True,10,
6060,QIPRAVFSGR,9478,True,10,
6061,QAPSAYFGNR,9478,True,10,
6062,PSPRQVTASG,9478,True,10,
6063,MRPAQMSGQV,9478,True,10,
6064,SAPRVYMGMA,9478,True,10,
6065,QGPWAVTSRL,9478,True,10,
6066,QPPHAFLGPF,9478,True,10,
6067,WRPSEMRGIR,9478,True,10,
6068,LAVRSESNKI,9478,True,10,
6069,TVPSGWTASG,9478,True,10,
6070,YAPRQVFSEL,9478,True,10,
6071,PGVPRPRMSQ,9478,True,10,
6072,RSPASYHGTI,9478,True,10,
6073,FAPRSYTSPW,9478,True,10,
6074,LPPLGFSGIR,9478,True,10,
6075,AKPARFVGIQ,9478,True,10,
6076,TPPRSYFARQ,9478,True,10,
6077,KAPLGFTASG,9478,True,10,
6078,APPHPFLANY,9478,True,10,
6079,QGHAPFVKIG,9478,True,10,
6080,RAPGSMFNAY,9478,True,10,
6081,YVPRVLHSLT,9478,True,10,
6082,KGPSGQFSTA,9478,True,10,
6083,MPPRQVLGKH,9478,True,10,
6084,TQPVAFYGPG,9478,True,10,
6085,PAPRQVLGEK,9478,True,10,
6086,FAPRQVISTA,9478,True,10,
6087,KQPSAYISRQ,9478,True,10,
6088,PAPLGVMVTA,9478,True,10,
6089,IAPAKVRGRP,9478,True,10,
6090,MRPSGVMVQH,9478,True,10,
6091,RSPLGFTVWS,9478,True,10,
6092,HGPQPMWAMI,9478,True,10,
6093,VKPSGFTVSA,9478,True,10,
6094,HRPSGWTAMA,9478,True,10,
6095,YGPSGMFSHT,9478,True,10,
6096,MVPSQIRNSR,9478,True,10,
6097,AGPRPYVAKL,9478,True,10,
6098,SRPRQYTGSR,9478,True,10,
6099,RTPRGNFAMY,9478,True,10,
6100,KPPLGFTVGW,9478,True,10,
6101,MAGFPRPSGA,9478,True,10,
6102,VPPSGFRSTA,9478,True,10,
6103,RPPRQVSGTA,9478,True,10,
6104,TAPIELYGWQ,9478,True,10,
6105,GRPRQYRGTA,9478,True,10,
6106,DAPRGVHAIT,9478,True,10,
6107,PAPRSVMSAT,9478,True,10,
6108,YAPNAFHSGS,9478,True,10,
6109,VSPSGFTASG,9478,True,10,
6110,RAPVAFIGWH,9478,True,10,
6111,AGPWAVYGPG,9478,True,10,
6112,IRPRQYRGPK,9478,True,10,
6113,KMPSQVYANS,9478,True,10,
6114,QPPHMFRGNY,9478,True,10,
6115,MKPAGVFAVS,9478,True,10,
6116,QRPRAFANMI,9478,True,10,
6117,VAPREVHAPS,9478,True,10,
6118,PKPSGVTSRH,9478,True,10,
6119,GAPRVLSGNF,9478,True,10,
6120,PSPIGRSVMW,9478,True,10,
6121,LAPRQVKSYG,9478,True,10,
6122,MHPKQLFGPH,9478,True,10,
6123,TAPHQFRGPG,9478,True,10,
6124,FAPRMLIVGT,9478,True,10,
6125,TRPLGFYSEV,9478,True,10,
6126,DVPKGMFQPV,9478,True,10,
6127,KGPAGMTSTA,9478,True,10,
6128,ASPRQYTGNG,9478,True,10,
6129,RAPAQMTGPW,9478,True,10,
6130,VIPYTMFAIK,9478,True,10,
6131,RVPSKLFGHY,9478,True,10,
6132,YAPRQVLGGT,9478,True,10,
6133,MAPLGFSAPQ,9478,True,10,
6134,TAPINFWSEF,9478,True,10,
6135,AVPSWVHAPF,9478,True,10,
6136,GIPSGMTSET,9478,True,10,
6137,RAPAQVTNAR,9478,True,10,
6138,YRPRQYMGWF,9478,True,10,
6139,GRPREFYGPY,9478,True,10,
6140,GAPSAFTGMS,9478,True,10,
6141,FGPSGFMGLY,9478,True,10,
6142,TAPNAFYGPI,9478,True,10,
6143,AKPREVRGNK,9478,True,10,
6144,RPPLHMTVNI,9478,True,10,
6145,RAPAGVPAIS,9478,True,10,
6146,SRAWGVFTVS,9478,True,10,
6147,RAPLHVRATQ,9478,True,10,
6148,NPPMGVRVTA,9478,True,10,
6149,GPPSGWTSIR,9478,True,10,
6150,GAPRTLVTAS,9478,True,10,
6151,NTPVQMWGAH,9478,True,10,
6152,RVPSAQTNPA,9478,True,10,
6153,QRPRQYLNPV,9478,True,10,
6154,TVPGVFWSAQ,9478,True,10,
6155,FPPRLQTASG,9478,True,10,
6156,APPKAVMAMW,9478,True,10,
6157,RVPSTLFGMQ,9478,True,10,
6158,MAPRSWTNWQ,9478,True,10,
6159,PAPRTLSNGL,9478,True,10,
6160,MKPSGVTASG,9478,True,10,
6161,KAPAGVTASG,9478,True,10,
6162,GKPRGMTVRG,9478,True,10,
6163,RGPFMGNMGI,9478,True,10,
6164,TPPSGWTANH,9478,True,10,
6165,GPPRQVSTAS,9478,True,10,
6166,TPPRQSGVEH,9478,True,10,
6167,KSPVGFLGNG,9478,True,10,
6168,KPPLGFIAVA,9478,True,10,
6169,GPPFADPALF,9478,True,10,
6170,IPPSAFISNH,9478,True,10,
6171,RVPSKILAKS,9478,True,10,
6172,LGPRSWTMSQ,9478,True,10,
6173,AAPRVLFGNH,9478,True,10,
6174,PGPRAVLDMR,9478,True,10,
6175,PIPRGVMSMI,9478,True,10,
6176,TNPYGMHAMQ,9478,True,10,
6177,FPVRAFISIS,9478,True,10,
6178,MKPAGMTGKS,9478,True,10,
6179,MRPSAQSFHF,9478,True,10,
6180,NPPRAVASGR,9478,True,10,
6181,LPPYGFRNEI,9478,True,10,
6182,KPPKGMYNMV,9478,True,10,
6183,TQPRQVLAIH,9478,True,10,
6184,ATPRGNTASG,9478,True,10,
6185,HGPSGFRAMW,9478,True,10,
6186,VGPRTLVGSL,9478,True,10,
6187,TPPRAYSGPQ,9478,True,10,
6188,TAPRSWTASG,9478,True,10,
6189,MTPLGQIVPA,9478,True,10,
6190,EPPRTLVGMG,9478,True,10,
6191,AGPHTFLGMW,9478,True,10,
6192,RPPLGVFSPG,9478,True,10,
6193,LPPLCQSTPA,9478,True,10,
6194,RMPSGVTLEW,9478,True,10,
6195,KSPSPFRQVL,9478,True,10,
6196,IWPSELHSPH,9478,True,10,
6197,VPPMRFIGMH,9478,True,10,
6198,GMPRKYQGIW,9478,True,10,
6199,QGPFGQHSPT,9478,True,10,
6200,CSPRTLIGHI,9478,True,10,
6201,FAPRSNTNTG,9478,True,10,
6202,NPPSGFRVMY,9478,True,10,
6203,GMPRQVRVMA,9478,True,10,
6204,QMPRQVTSHG,9478,True,10,
6205,TAPRAVTASG,9478,True,10,
6206,NRPSGWTASG,9478,True,10,
6207,YVPRQVHNMG,9478,True,10,
6208,QRPIELYGKS,9478,True,10,
6209,HVPSAQRVTK,9478,True,10,
6210,IPAFNSRGVT,9478,True,10,
6211,KPPSAFVATH,9478,True,10,
6212,AHVSAFRGLV,9478,True,10,
6213,MTPLSQYAPF,9478,True,10,
6214,HGPMGFTASG,9478,True,10,
6215,NSPLSYMNTW,9478,True,10,
6216,GAPRSQSNER,9478,True,10,
6217,VQPWGMFSQG,9478,True,10,
6218,GAPMAVRTAV,9478,True,10,
6219,TVPYQMKGMG,9478,True,10,
6220,AVPSGVTNQS,9478,True,10,
6221,APPHSFRSAY,9478,True,10,
6222,KMPSGWTASG,9478,True,10,
6223,KPPSGFWAPL,9478,True,10,
6224,GVPLGFQVTY,9478,True,10,
6225,QGPRQVRALF,9478,True,10,
6226,PAPRSWQSEI,9478,True,10,
6227,SNPAQMFANY,9478,True,10,
6228,MGPKAMIGPI,9478,True,10,
6229,NPVYAMTASG,9478,True,10,
6230,YVPKQIYGTG,9478,True,10,
6231,AKPLGIFNER,9478,True,10,
6232,SAPLGVMSEW,9478,True,10,
6233,TGPVEFTGNG,9478,True,10,
6234,VAPRAVHAGI,9478,True,10,
6235,AQPSGFTGQT,9478,True,10,
6236,TRPAQMRGVF,9478,True,10,
6237,APPHAFLGQA,9478,True,10,
6238,PHPSGQKVGS,9478,True,10,
6239,GPPRAVLSGW,9478,True,10,
6240,RAPLGFTVMV,9478,True,10,
6241,GAPSGMFSEK,9478,True,10,
6242,MLPRAVAGIY,9478,True,10,
6243,RPMYGPGLTN,9478,True,10,
6244,AVPFQIRGPV,9478,True,10,
6245,QPPRAFHGTQ,9478,True,10,
6246,GRPSGWTASG,9478,True,10,
6247,TRPSAQISAI,9478,True,10,
6248,EAPFGFQAEA,9478,True,10,
6249,RTPMAYAGPQ,9478,True,10,
6250,VAPMGVFVMR,9478,True,10,
6251,STPQAVTGAF,9478,True,10,
6252,GPPMQVFTAS,9478,True,10,
6253,MIPRPVWSIT,9478,True,10,
6254,KVPSELWVKF,9478,True,10,
6255,RAPLQVTASG,9478,True,10,
6256,APPRAVRSWA,9478,True,10,
6257,GNPMAFRTAS,9478,True,10,
6258,GRPAQMHNQW,9478,True,10,
6259,KNPNQMRSTH,9478,True,10,
6260,VAPQGVFSHQ,9478,True,10,
6261,TAPGPMLSNT,9478,True,10,
6262,QTPRSYFASA,9478,True,10,
6263,NVPSGWTASG,9478,True,10,
6264,TVPSEQSVPI,9478,True,10,
6265,FTPRQVTASG,9478,True,10,
6266,MKPAGMTVPV,9478,True,10,
6267,LRPRQYWSPQ,9478,True,10,
6268,TPPLGFYTAS,9478,True,10,
6269,IRPSAQSNPT,9478,True,10,
6270,YPPRQYTGSK,9478,True,10,
6271,KVPSGMFSVG,9478,True,10,
6272,QAPRQVTNAG,9478,True,10,
6273,RGPSSYLGSY,9478,True,10,
6274,GHVWPFLASF,9478,True,10,
6275,VAPRPVIAHA,9478,True,10,
6276,PAVRAVTNPG,9478,True,10,
6277,GAPRSQISGT,9478,True,10,
6278,FDPYGMAMWF,9478,True,10,
6279,VRPAQVSVPH,9478,True,10,
6280,HYPSGQTAIK,9478,True,10,
6281,KTPRGQVSLV,9478,True,10,
6282,HAPRGSTVKH,9478,True,10,
6283,GRPLQVYTGR,9478,True,10,
6284,WIPRQYTGTH,9478,True,10,
6285,GSPLSWRGIR,9478,True,10,
6286,RMPRQVHGVS,9478,True,10,
6287,KVPSMIHGEL,9478,True,10,
6288,GTPRGMAYSF,9478,True,10,
6289,FQPFMQHNIF,9478,True,10,
6290,MPPRSHRGNI,9478,True,10,
6291,TIPFQVFGTH,9478,True,10,
6292,RPPLGFTGTY,9478,True,10,
6293,SAPLGFIVGF,9478,True,10,
6294,ARPLGVRGWA,9478,True,10,
6295,QGPMAMLGPV,9478,True,10,
6296,PGPRTEFGIT,9478,True,10,
6297,TAPSAFYANE,9478,True,10,
6298,SPPRTLISNA,9478,True,10,
6299,STPLGFTASG,9478,True,10,
6300,RPPASDISGW,9478,True,10,
6301,QSPGEMVNPR,9478,True,10,
6302,QPPRAFWNIH,9478,True,10,
6303,IAYFQITASG,9478,True,10,
6304,QSPVGFRGPT,9478,True,10,
6305,TVPQGVRSKW,9478,True,10,
6306,GRPRTLHAQK,9478,True,10,
6307,AIPSAYVGQR,9478,True,10,
6308,ARPRQVRASG,9478,True,10,
6309,GPPLGFISNY,9478,True,10,
6310,GPPSGFMSNV,9478,True,10,
6311,PGPSGPFVPF,9478,True,10,
6312,IAPLQVRGQS,9478,True,10,
6313,RPPSAYAGEF,9478,True,10,
6314,FPPIELWGAT,9478,True,10,
6315,YVPEGFTSAH,9478,True,10,
6316,KFPAQMRGPW,9478,True,10,
6317,AGPAQVFAPL,9478,True,10,
6318,RGPSSLFATK,9478,True,10,
6319,QAPRPVMGAT,9478,True,10,
6320,MAPRAVMSKY,9478,True,10,
6321,LTVFAMHSIT,9478,True,10,
6322,TNPINLFGTR,9478,True,10,
6323,VAPRQVIVQY,9478,True,10,
6324,GKPIPFMANL,9478,True,10,
6325,MHPSRFWSEY,9478,True,10,
6326,WGPSGMVNTA,9478,True,10,
6327,LAPLQVRNKF,9478,True,10,
6328,LSPLGFVGPG,9478,True,10,
6329,SAVFSFRGRI,9478,True,10,
6330,YTVYELYSPI,9478,True,10,
6331,RAPARFVNPW,9478,True,10,
6332,RSPSAFTASG,9478,True,10,
6333,RAPLAFQAVQ,9478,True,10,
6334,TAPRQVRVMA,9478,True,10,
6335,MQPRQVRSGS,9478,True,10,
6336,HGPASFTSMA,9478,True,10,
6337,ARPSAVSAIS,9478,True,10,
6338,GNPSGMTASG,9478,True,10,
6339,GRPLGVHGRA,9478,True,10,
6340,AHPSGFRVPQ,9478,True,10,
6341,TAPINFHAPA,9478,True,10,
6342,QAPRQVISIG,9478,True,10,
6343,RVPRPVFALY,9478,True,10,
6344,FPVYGMHSNG,9478,True,10,
6345,QGPSAMISTR,9478,True,10,
6346,TPPRAFTSPL,9478,True,10,
6347,GRPVEFRTAS,9478,True,10,
6348,VKPSGVTASG,9478,True,10,known_sequence
6349,RPPRTMSATQ,9478,True,10,
6350,EGPFRLSGIT,9478,True,10,
6351,GWPSGFTASG,9478,True,10,
6352,KSPSQYFGWI,9478,True,10,
6353,QAPWGVYAPQ,9478,True,10,
6354,VGPRSYIGQR,9478,True,10,
6355,TPPRQVRGSF,9478,True,10,
6356,RLPRAIHQPI,9478,True,10,
6357,PGPRAIFGPQ,9478,True,10,
6358,RPPLGFYVER,9478,True,10,
6359,RMPSGVTASG,9478,True,10,
6360,PDPFGMTGTF,9478,True,10,
6361,TGPRQVAGEL,9478,True,10,
6362,QGPAPFWAPR,9478,True,10,
6363,QNPRTIASNF,9478,True,10,
6364,MAPRQVFAMV,9478,True,10,
6365,RVPSGFYASA,9478,True,10,
6366,YAPAQVRQGA,9478,True,10,
6367,SHPRQVINVI,9478,True,10,
6368,QRPAQMRGMF,9478,True,10,
6369,QGPARMLNMK,9478,True,10,
6370,PARFIRGPAK,9478,True,10,
6371,HAPRGDFAPF,9478,True,10,
6372,MPPLGQMSPG,9478,True,10,
6373,GPRSSRSAIM,9478,True,10,
6374,KSPSGWTASG,9478,True,10,
6375,NGPSGLWSQI,9478,True,10,
6376,RTPLGFHSHA,9478,True,10,
6377,ATIRGFAAVF,9478,True,10,
6378,GAPRQVHGAI,9478,True,10,
6379,TEPFGMRSMS,9478,True,10,
6380,PRPLQYLGMR,9478,True,10,
6381,RGPRPFSAST,9478,True,10,
6382,GAPRSWTASG,9478,True,10,
6383,GKPSGVPTAS,9478,True,10,
6384,RGPFMILGWG,9478,True,10,
6385,VRPSAYIGNI,9478,True,10,
6386,ANPLGFRSQG,9478,True,10,
6387,TAPLAFMVGT,9478,True,10,
6388,NPPLGFTGRF,9478,True,10,
6389,RPPSAFHAMI,9478,True,10,
6390,QAPRSYADWT,9478,True,10,
6391,KGPRSYTGQL,9478,True,10,
6392,RPPHAFLVMR,9478,True,10,
6393,SYPSAFYSKA,9478,True,10,
6394,RPPSAFIAGY,9478,True,10,
6395,GVPRFVRTAS,9478,True,10,
6396,AKPAGVWGRG,9478,True,10,
6397,TPPSGFTASG,9478,True,10,
6398,VPPRVLHGPT,9478,True,10,
6399,RGPRSYHSNG,9478,True,10,
6400,YEGRPCSYVD,7162,True,10,
6401,VGPKSWQVGR,7162,True,10,
6402,RFPRGSWDGG,7162,True,10,
6403,KGPVWMLDNF,7162,True,10,
6404,LMPRYMSDGI,7162,True,10,
6405,TGVKWMYSMR,7162,True,10,
6406,SRPRSYTDRG,7162,True,10,
6407,KDWRAYQGIG,7162,True,10,
6408,EAVMGPRSNF,7162,True,10,
6409,TRPVNYLAMT,7162,True,10,
6410,PYPRGMHDQH,7162,True,10,
6411,YDPLGWHDWA,7162,True,10,
6412,VIPLWSQDSH,7162,True,10,
6413,MSPSGWTASG,7162,True,10,
6414,HPPRGSTAWT,7162,True,10,
6415,GYPRDFADHR,7162,True,10,
6416,EMPRWMYSNW,7162,True,10,
6417,FTPLGQIDRG,7162,True,10,
6418,WRPVWYTSPL,7162,True,10,
6419,FIPRPFWDGI,7162,True,10,
6420,WVPMWMKHVS,7162,True,10,
6421,IMPRNSHNEY,7162,True,10,
6422,IGPAWMLGVA,7162,True,10,
6423,MNPRSWTASG,7162,True,10,
6424,ALPRYWTASG,7162,True,10,
6425,PRPRMLYDNG,7162,True,10,
6426,MPWGSMRAIW,7162,True,10,
6427,EIPMWSTDWT,7162,True,10,
6428,AWPREVYDEY,7162,True,10,
6429,PMPRWIHAPH,7162,True,10,
6430,PFWASMSAWL,7162,True,10,
6431,FRPMWSTSQY,7162,True,10,
6432,MWRGARDAPS,7162,True,10,
6433,KCPFGMTDKA,7162,True,10,
6434,PSPRYLHDAF,7162,True,10,
6435,WAPRSYHDTL,7162,True,10,
6436,HAFVGETASG,7162,True,10,
6437,GTVYWMYGHS,7162,True,10,
6438,QWPSWLKTGS,7162,True,10,
6439,QKPRNYMDYF,7162,True,10,
6440,SPVRDLHSEY,7162,True,10,
6441,SIVRAVYGHY,7162,True,10,
6442,VRPRGSYDGI,7162,True,10,
6443,GPWEALYDPA,7162,True,10,
6444,VNPRNYAGNW,7162,True,10,
6445,TWPREVWDVL,7162,True,10,
6446,HIYWAWYVLS,7162,True,10,
6447,NHPAWMRTET,7162,True,10,
6448,QMYPQWSAWQ,7162,True,10,
6449,PQPYGFWDKH,7162,True,10,
6450,CVTQWASGIY,7162,True,10,
6451,KTPYGMTVPA,7162,True,10,
6452,KPKMVRAEHF,7162,True,10,
6453,SWPRPYWSYV,7162,True,10,
6454,YNTLWNAAKT,7162,True,10,
6455,GTVKWMYGEW,7162,True,10,
6456,DSPYGMTASG,7162,True,10,
6457,WRPRYLYAGV,7162,True,10,
6458,KQPYGMHSVH,7162,True,10,
6459,KMPRGFYTWY,7162,True,10,
6460,SHARAMTASG,7162,True,10,
6461,PEPSGWTDTL,7162,True,10,
6462,DGPFSWRTWS,7162,True,10,
6463,IFPRAYSDAL,7162,True,10,
6464,WFPVGSTASG,7162,True,10,
6465,AGPMWSTDGS,7162,True,10,
6466,DSCDERHLGD,7162,True,10,
6467,WTPLGQIDFW,7162,True,10,
6468,DFPLNWRTGG,7162,True,10,
6469,YTPREVIDGA,7162,True,10,
6470,GSPRLYISGW,7162,True,10,
6471,WKPLGMHDNH,7162,True,10,
6472,FDPYGQWVIW,7162,True,10,
6473,NQPVSMYSEW,7162,True,10,
6474,VQPRSWTSEV,7162,True,10,
6475,EIPFWAETYA,7162,True,10,
6476,DLPYGMHDGW,7162,True,10,
6477,TPSVAGHYIS,7162,True,10,
6478,WQPRVLYAIF,7162,True,10,
6479,KWPYGMVTEF,7162,True,10,
6480,ASPRYWTASG,7162,True,10,
6481,FWPVEMYVEW,7162,True,10,
6482,RYPMGQHIGY,7162,True,10,
6483,QYPRDYRSAW,7162,True,10,
6484,APPRDLYTLY,7162,True,10,
6485,VPWGSMISPW,7162,True,10,
6486,LIPFPFHDWA,7162,True,10,
6487,RTPRSYTDLG,7162,True,10,
6488,YMPRNVFSMG,7162,True,10,
6489,FGPVWMHDHG,7162,True,10,
6490,TLVPWNWAGP,7162,True,10,
6491,PNPRSFTASG,7162,True,10,
6492,FVPRASANGY,7162,True,10,
6493,FMVLGMWATQ,7162,True,10,
6494,DHPVPMWDPF,7162,True,10,
6495,PVPRAVLDTH,7162,True,10,
6496,WDPRYMKGAY,7162,True,10,
6497,DWPRELHTAS,7162,True,10,
6498,NCPMGMLDVH,7162,True,10,
6499,EVRPMRAEFM,7162,True,10,
6500,KSPLGYADGA,7162,True,10,
6501,YDPIWMLTPY,7162,True,10,
6502,SLYRAYIAWA,7162,True,10,
6503,YGPRGSKVTW,7162,True,10,
6504,SWPRDYTASG,7162,True,10,
6505,EFAYRSMYTD,7162,True,10,
6506,KLPGWLHAMF,7162,True,10,
6507,GTPKWMRHAK,7162,True,10,
6508,WAPRSVRDIW,7162,True,10,
6509,FQPRDYTDGF,7162,True,10,
6510,NAPVNFWDLD,7162,True,10,
6511,QAPVNFYDQA,7162,True,10,
6512,PEWLPREAFE,7162,True,10,
6513,LMPRYMAGQW,7162,True,10,
6514,LWPRAYDAEA,7162,True,10,
6515,FDPKGMYSMQ,7162,True,10,
6516,LDVYGMYSPS,7162,True,10,
6517,MIPRNWHGGT,7162,True,10,
6518,GWPREVMDAY,7162,True,10,
6519,WLPRWLWDGY,7162,True,10,
6520,MVPRYMVDYG,7162,True,10,
6521,IGVRAMYAWH,7162,True,10,
6522,DGPISMYNAW,7162,True,10,
6523,IFPMNSWDWG,7162,True,10,
6524,AIRVYRSVLA,7162,True,10,
6525,WYPRGDSYNQ,7162,True,10,
6526,IRSYPMWDWY,7162,True,10,
6527,FAPMWMHTVR,7162,True,10,
6528,VPVNWMHGPG,7162,True,10,
6529,PGVFWMYSAY,7162,True,10,
6530,FTPLWMRTGY,7162,True,10,
6531,LQLRWYTDIL,7162,True,10,
6532,WSPWAWRTAS,7162,True,10,
6533,LYPRVHSFGS,7162,True,10,
6534,WHPSWSMAQW,7162,True,10,
6535,WFYGNFDGHK,7162,True,10,
6536,QTPRPYMGPL,7162,True,10,
6537,EAPGWMRYQK,7162,True,10,
6538,APWGSMWGKW,7162,True,10,
6539,EVAQGIYDPF,7162,True,10,
6540,FQPRSYLDSR,7162,True,10,
6541,MRPADMWDAH,7162,True,10,
6542,YMVPRGRFAM,7162,True,10,
6543,NCWFPKGSEM,7162,True,10,
6544,WVREYRFIPQ,7162,True,10,
6545,RSPAWMHDWG,7162,True,10,
6546,YSPIWMWAGF,7162,True,10,
6547,SHPYGQVAGQ,7162,True,10,
6548,GSPRTLVAPH,7162,True,10,
6549,DNPLSWLGWH,7162,True,10,
6550,DRIGHLWSQW,7162,True,10,
6551,NWPRDLYASR,7162,True,10,
6552,WMPKNMYTNY,7162,True,10,
6553,TAPKWMVDPA,7162,True,10,
6554,STGESMYDPA,7162,True,10,
6555,FVPRSWRTWS,7162,True,10,
6556,WMPRGSTASG,7162,True,10,
6557,AMWRAYTDLG,7162,True,10,
6558,LPTRWLYAPY,7162,True,10,
6559,QIPRMLDVGF,7162,True,10,
6560,VLPRYWIANG,7162,True,10,
6561,PHYPGPNLAN,7162,True,10,
6562,WAPRSWFVAH,7162,True,10,
6563,QWPAWMYSRV,7162,True,10,
6564,IMPGWMFVIK,7162,True,10,
6565,NMPRWYHVNY,7162,True,10,
6566,HVPRFMTASG,7162,True,10,
6567,GCGASNPKWG,7162,True,10,
6568,FTPLWMRSPK,7162,True,10,
6569,LTPMWMLANL,7162,True,10,
6570,HLPRWLSTVW,7162,True,10,
6571,TQPVWMLSAG,7162,True,10,
6572,GVYQGLYDKG,7162,True,10,
6573,TPWRGMWDQT,7162,True,10,
6574,FMPRPVQDEL,7162,True,10,
6575,MKPVWMTGEA,7162,True,10,
6576,GDPRSYIDIF,7162,True,10,
6577,HWPRWMKHTA,7162,True,10,
6578,TKPSGWTVRA,7162,True,10,
6579,LFPRPFWDLA,7162,True,10,
6580,TSPVAYQDPA,7162,True,10,
6581,PQPRDVWSKY,7162,True,10,
6582,WTPRGQVAMQ,7162,True,10,
6583,HFPAGMHDSA,7162,True,10,
6584,YHPIWMRVHV,7162,True,10,
6585,AKPRNYWDHA,7162,True,10,
6586,DIPRPYISLW,7162,True,10,
6587,MTPRYWIAST,7162,True,10,
6588,CLPRAYLDNH,7162,True,10,
6589,YKPLGYYDHW,7162,True,10,
6590,AWGRAMHRGW,7162,True,10,
6591,SLPRAFQDTY,7162,True,10,
6592,LYPRNYHVGL,7162,True,10,
6593,WAGPRSGYPK,7162,True,10,
6594,KYPGWMVNVL,7162,True,10,
6595,FVPRGVTVKA,7162,True,10,
6596,SGPMWIHVTA,7162,True,10,
6597,DWPSCWKAPQ,7162,True,10,
6598,PGPEWYWGWA,7162,True,10,
6599,ASPRQVHDVW,7162,True,10,
6600,VLCNLPWLQY,7162,True,10,
6601,HWPVGFWDIS,7162,True,10,
6602,DRPRSYSDLS,7162,True,10,
6603,FMPREYRAWK,7162,True,10,
6604,HFVRGMHSEK,7162,True,10,
6605,CHPYDMHTLW,7162,True,10,
6606,LIPRPMADHY,7162,True,10,
6607,MLPRTLIDVL,7162,True,10,
6608,IQALAYHDPH,7162,True,10,
6609,EIPYWMHDSQ,7162,True,10,
6610,FKPAGMYATG,7162,True,10,
6611,FYPRDLYVGQ,7162,True,10,
6612,RYPVGLHDMA,7162,True,10,
6613,GKPRGETASG,7162,True,10,
6614,LWYWSEQAMY,7162,True,10,
6615,GHVYWMTSHV,7162,True,10,
6616,PTPVAMHTGW,7162,True,10,
6617,GAPRSDIVGY,7162,True,10,
6618,IDARSLHSRS,7162,True,10,
6619,NFVSWMHVRT,7162,True,10,
6620,TFARSWVAWQ,7162,True,10,
6621,LQPRGYIDSG,7162,True,10,
6622,WEAQPMWAYI,7162,True,10,
6623,PIPLNYLVKG,7162,True,10,
6624,WKTWAWSDMR,7162,True,10,
6625,PRPRQYVDKA,7162,True,10,
6626,VWPREQAFIY,7162,True,10,
6627,HTPIWMYDEA,7162,True,10,
6628,LVNPYGCFAW,7162,True,10,
6629,KAPRGSKDIL,7162,True,10,
6630,GVPRSWIDAW,7162,True,10,
6631,GQPRSYIDAH,7162,True,10,
6632,CSPYGMWDTA,7162,True,10,
6633,YSPRGLTVKY,7162,True,10,
6634,PHPISNQDTY,7162,True,10,
6635,GMPVHMWSAY,7162,True,10,
6636,FVPRGSWDPW,7162,True,10,
6637,CFPMWSTASG,7162,True,10,
6638,VTPLWSTSGF,7162,True,10,
6639,MGPWGMHYMH,7162,True,10,
6640,CVPKNQMDGT,7162,True,10,
6641,TMPLGQIETF,7162,True,10,
6642,DPMEHLWSEP,7162,True,10,
6643,MSPRWIYVPL,7162,True,10,
6644,WSPRPFSDGY,7162,True,10,
6645,HVPRQVIDEW,7162,True,10,
6646,GFPRAFTVEW,7162,True,10,
6647,QGPRNLHTAS,7162,True,10,
6648,QGPVNMHTAS,7162,True,10,
6649,DTPRGYSDMI,7162,True,10,
6650,TIPYWMYVGW,7162,True,10,
6651,IMPMWIYVHY,7162,True,10,
6652,LSPRGMHSTW,7162,True,10,
6653,HMASHWYDWH,7162,True,10,
6654,TSPRWLYVTK,7162,True,10,
6655,SGPSGWTDTA,7162,True,10,
6656,WHWASMYAPY,7162,True,10,
6657,SGPVWSWVTA,7162,True,10,
6658,AVPRYWVDYK,7162,True,10,
6659,NMPRGSWATG,7162,True,10,
6660,VWPRELHDPY,7162,True,10,
6661,IHWLALRQIA,7162,True,10,
6662,WGVSWYTDTG,7162,True,10,
6663,SPVSWAYDLV,7162,True,10,
6664,EFPLWSTASG,7162,True,10,
6665,WVPKWMRVHS,7162,True,10,
6666,SYPRSYLSEG,7162,True,10,
6667,DMWRAYHGMR,7162,True,10,
6668,IHPLGQIDLW,7162,True,10,
6669,FLPRASWDQI,7162,True,10,
6670,FSPRKYLGRV,7162,True,10,
6671,ITPRGNYDTA,7162,True,10,
6672,PCPVGMWTAS,7162,True,10,
6673,HYPYAMLATW,7162,True,10,
6674,WAPRDYTASG,7162,True,10,
6675,HPYRSIMALF,7162,True,10,
6676,DPPRAYIDIQ,7162,True,10,
6677,CEPLGYHDTA,7162,True,10,
6678,ILPREYADIW,7162,True,10,
6679,PGVRGMHDSK,7162,True,10,
6680,RTPRGSTVTW,7162,True,10,
6681,LYPRGYTVAT,7162,True,10,
6682,FDPRSYMDMY,7162,True,10,
6683,IWPKWMRVGL,7162,True,10,
6684,FQPRPFYDRI,7162,True,10,
6685,MRPRGSWDAF,7162,True,10,
6686,ITPRGQVFVL,7162,True,10,
6687,LPARWVSAWY,7162,True,10,
6688,QTPMWSHDTY,7162,True,10,
6689,SYCMVGYWPG,7162,True,10,
6690,SCVRGMSDSL,7162,True,10,
6691,YPVNAFRTTA,7162,True,10,
6692,MAPRGQWDTH,7162,True,10,
6693,RIPRWSMDPF,7162,True,10,
6694,LRIRGYWDHL,7162,True,10,
6695,MFARGMHDTG,7162,True,10,
6696,FGYQHMRGNS,7162,True,10,
6697,WLPRAYSVMY,7162,True,10,
6698,TYPRPTRDQF,7162,True,10,
6699,YWPRQYFDWK,7162,True,10,
6700,HAPRAYVDGH,7162,True,10,
6701,WQPRNYQDKW,7162,True,10,
6702,NCPRWMGDQF,7162,True,10,
6703,QPRPPRSKPP,7162,True,10,
6704,DYVRDLYSEK,7162,True,10,
6705,MDPACSAGPW,7162,True,10,
6706,YIPAWSATAG,7162,True,10,
6707,LFGRAMHGPQ,7162,True,10,
6708,VRPRVLYDWS,7162,True,10,
6709,WPSKGFMATY,7162,True,10,
6710,WYPMWVMVPQ,7162,True,10,
6711,MAWAGMADEH,7162,True,10,
6712,QEPRSYHDQA,7162,True,10,
6713,SMPHGFHDEH,7162,True,10,
6714,RGPSSYWDPK,7162,True,10,
6715,IYPRDIFSWQ,7162,True,10,
6716,AWGVPTIYTN,7162,True,10,
6717,QDPKSMTASG,7162,True,10,
6718,TYPRDYIATW,7162,True,10,
6719,PSPRWLMDWS,7162,True,10,
6720,AHWMAYTASG,7162,True,10,
6721,WPVYWMIAEQ,7162,True,10,
6722,SWYRGMYAEA,7162,True,10,
6723,HMPLGMTVEG,7162,True,10,
6724,ADPYGMHDGF,7162,True,10,
6725,DTPRGQSWAP,7162,True,10,
6726,IFPKWMRSGF,7162,True,10,
6727,NISRHIYDIT,7162,True,10,
6728,IMPKNSWDTF,7162,True,10,
6729,RLPVMLWDAV,7162,True,10,
6730,EWPRASWDQS,7162,True,10,
6731,MARVKRGANP,7162,True,10,
6732,LPFPYWPMNI,7162,True,10,
6733,SMPRQIYAWF,7162,True,10,
6734,ASPVSMYGIA,7162,True,10,
6735,WPPKWIMDGI,7162,True,10,
6736,TCPRGMWNMF,7162,True,10,
6737,WGPRDIYDMG,7162,True,10,
6738,LMPRPYMDPW,7162,True,10,
6739,CAPLSWHDSR,7162,True,10,
6740,GTPKWMYAGQ,7162,True,10,
6741,TMPHGFHVGT,7162,True,10,
6742,WIKGELISVT,7162,True,10,
6743,PFWRAFHDAF,7162,True,10,
6744,PYGRPLPFVT,7162,True,10,
6745,PTPVWMYAGW,7162,True,10,
6746,HAYFWMRVGL,7162,True,10,
6747,IYPRPYSDHQ,7162,True,10,
6748,WGPRGSQDWF,7162,True,10,
6749,LKPSWILYTS,7162,True,10,
6750,DTPSGWTASG,7162,True,10,
6751,LVAKWMHTMA,7162,True,10,
6752,WRPVYWRMED,7162,True,10,
6753,RSALGEDLGS,7162,True,10,
6754,ITPLNSWDIG,7162,True,10,
6755,RSPLWMRTET,7162,True,10,
6756,SWPREYWTPF,7162,True,10,
6757,YFARMGFYHS,7162,True,10,
6758,HIPAWSTASG,7162,True,10,
6759,MTPRGMHDEA,7162,True,10,
6760,YKPRGSTASG,7162,True,10,
6761,SMPREYLDVK,7162,True,10,
6762,WSPRTYRAMS,7162,True,10,
6763,FDPRTLVAEW,7162,True,10,
6764,KLPRWITASG,7162,True,10,
6765,TLPAWLIDHG,7162,True,10,
6766,TKPYGYWAET,7162,True,10,
6767,YRAVSMHSKF,7162,True,10,
6768,SPWRAYTDRW,7162,True,10,
6769,TDPRELSDVQ,7162,True,10,
6770,PHPKNMYVTA,7162,True,10,
6771,HGPRQYIDPQ,7162,True,10,
6772,IQPLNPYDEG,7162,True,10,
6773,PGPRSYTASG,7162,True,10,
6774,YVPVWMHDHW,7162,True,10,
6775,SYVRGMYDGH,7162,True,10,
6776,KMPRWMQHEY,7162,True,10,
6777,WSPRPYSDRY,7162,True,10,
6778,SGPRSWTDTA,7162,True,10,
6779,PGPISMHNRF,7162,True,10,
6780,QLSRGMIARI,7162,True,10,
6781,KMPRGSPVCG,7162,True,10,
6782,DTPVGMTASG,7162,True,10,
6783,YWPRDIYDWK,7162,True,10,
6784,TSPKGVTDAY,7162,True,10,
6785,DVPRAFYDSI,7162,True,10,
6786,GAPRPVLDGH,7162,True,10,
6787,WMPRPYWDKF,7162,True,10,
6788,YFPRGQMDGY,7162,True,10,
6789,LSPRTLADAL,7162,True,10,
6790,EIPRWLHDNR,7162,True,10,
6791,MAFYEIPAVS,7162,True,10,
6792,STPLGFDDMV,7162,True,10,
6793,QNPSWMHYVF,7162,True,10,
6794,STVKWMYSEK,7162,True,10,
6795,QVPRGITDTW,7162,True,10,
6796,QNPIHMLAHG,7162,True,10,
6797,MYWSGMPLDG,7162,True,10,
6798,YIPRPFYAWC,7162,True,10,
6799,LMPRTLFDHK,7162,True,10,
6800,SAPLPVRSNY,11195,True,10,
6801,GAPRQVRGSQ,11195,True,10,
6802,RPPLAFHGRY,11195,True,10,
6803,RPPSAFTASG,11195,True,10,
6804,QVPRQVRGPG,11195,True,10,
6805,VRPSAYQGAQ,11195,True,10,
6806,PKPSGVTASG,11195,True,10,
6807,GPSQGQHRLH,11195,True,10,
6808,FQPSPFWSAG,11195,True,10,
6809,PVPRQVRGQS,11195,True,10,
6810,TPPSEQIGAL,11195,True,10,
6811,VTPMAMYGIQ,11195,True,10,
6812,VKPSGFTASG,11195,True,10,
6813,QPPHAFYSMT,11195,True,10,
6814,GVPSGFSGSY,11195,True,10,
6815,QPPRNVHVNA,11195,True,10,
6816,GPPAEVYGRQ,11195,True,10,
6817,VRVAYLHGPR,11195,True,10,
6818,RPPSAFTASG,11195,True,10,
6819,HVPRQVRGMA,11195,True,10,
6820,PAPSRFWAGQ,11195,True,10,
6821,KAPAQWYGQS,11195,True,10,
6822,KPPSAFTGPG,11195,True,10,
6823,RPPSAFTGIR,11195,True,10,
6824,RPPSSVYSGK,11195,True,10,
6825,SHPRMLTGMR,11195,True,10,
6826,PIPRPFSGRI,11195,True,10,
6827,ANPSAQRGPQ,11195,True,10,
6828,QMPRQVRGKT,11195,True,10,
6829,PMPSAFYGQT,11195,True,10,
6830,TAPGAMHAQH,11195,True,10,
6831,RGPAPMWSHA,11195,True,10,
6832,YPVKGMHSHI,11195,True,10,
6833,GRPSPFLAIW,11195,True,10,
6834,KPPSGFSAMF,11195,True,10,
6835,KRPSAYTGRY,11195,True,10,
6836,RQPSPFWGVQ,11195,True,10,
6837,VRPRGSTASG,11195,True,10,
6838,FEPQRMVGEF,11195,True,10,
6839,PAPAEVRSNG,11195,True,10,
6840,RMPRTLVGNS,11195,True,10,
6841,RPPAQVRGPR,11195,True,10,
6842,TPPHLSYGQH,11195,True,10,
6843,TMPSAYISNF,11195,True,10,
6844,SGPWAIVNTA,11195,True,10,
6845,RPPFMSQGEI,11195,True,10,
6846,RPPSMYTGHL,11195,True,10,
6847,PAPRQVRGEV,11195,True,10,
6848,AVPSAQTGRH,11195,True,10,
6849,RGPSSYRGQG,11195,True,10,
6850,RVPSTMYGPR,11195,True,10,
6851,PAPFSWYGQA,11195,True,10,
6852,PAPSGWTASG,11195,True,10,
6853,RHPSAQSQGV,11195,True,10,
6854,TPPSEQSGAS,11195,True,10,
6855,RGPSSYIGSA,11195,True,10,
6856,IPPSSYQAIY,11195,True,10,
6857,RNPAQMRGQA,11195,True,10,
6858,TAPREVFAPY,11195,True,10,
6859,RAPSAFWGQS,11195,True,10,
6860,KGPSGWTASG,11195,True,10,
6861,YPPSAFHSHL,11195,True,10,
6862,GPPLGFISNL,11195,True,10,
6863,SKPSGFTASG,11195,True,10,
6864,GTPYGFTASG,11195,True,10,
6865,NPPSAFYAEY,11195,True,10,
6866,GPPLGFVSAK,11195,True,10,
6867,VPPEPMHSRL,11195,True,10,
6868,TIPSGVTSVA,11195,True,10,
6869,TVPWGQSSGT,11195,True,10,
6870,APPSPFWGQI,11195,True,10,
6871,NGPAPFWARV,11195,True,10,
6872,RTPYTPHAHG,11195,True,10,
6873,QGPHSFQGPR,11195,True,10,
6874,PRPSPFWSQK,11195,True,10,
6875,RGPVQMRGPR,11195,True,10,
6876,MPPSPFWAKA,11195,True,10,
6877,RPPLGFIAPS,11195,True,10,
6878,KMPSTMRGHR,11195,True,10,
6879,RVPKGVFSMA,11195,True,10,
6880,HRPSAYQGRK,11195,True,10,
6881,RYPSGWTSNA,11195,True,10,
6882,RVPSKLHGPH,11195,True,10,
6883,GPPSAVYGVQ,11195,True,10,
6884,IRPGQMLGQA,11195,True,10,
6885,QAPSAFTGQW,11195,True,10,
6886,VPPEAVMGSV,11195,True,10,
6887,QAPRSYQSAK,11195,True,10,
6888,RMVFHMFGPG,11195,True,10,
6889,QPPSHMYNVR,11195,True,10,
6890,VGPQSWRGPS,11195,True,10,
6891,RVPSQVTVRY,11195,True,10,
6892,FMPSAFSASR,11195,True,10,
6893,PVPSAQSSQV,11195,True,10,
6894,PGPHAFHGQY,11195,True,10,
6895,YRPSAYSGPV,11195,True,10,
6896,RAPSRFTGAF,11195,True,10,
6897,TPPSELWAWS,11195,True,10,
6898,RTPMAFRGRF,11195,True,10,
6899,RPPSMSTGPG,11195,True,10,
6900,RAPSMLYGAI,11195,True,10,
6901,PFPSGWTASG,11195,True,10,
6902,RTPHAFRSGQ,11195,True,10,
6903,GPPHAFYSAT,11195,True,10,
6904,GVPSAQHSTQ,11195,True,10,
6905,TAPSSYFSRY,11195,True,10,
6906,FPPSSFGAQY,11195,True,10,
6907,APPWGQVSGI,11195,True,10,
6908,YTPSAYYNAH,11195,True,10,
6909,KPPLGFRGPF,11195,True,10,
6910,TVPSQIVSRH,11195,True,10,
6911,YTPSAYSGWS,11195,True,10,
6912,RAPSMLWGWY,11195,True,10,
6913,NRPSPFWYMH,11195,True,10,
6914,GVPRQVQVRG,11195,True,10,
6915,SGPSAYFGTA,11195,True,10,
6916,RPPSSELGVY,11195,True,10,
6917,SPPLPFIGKF,11195,True,10,
6918,HPPRQYRGLF,11195,True,10,
6919,RPPSAFTNWG,11195,True,10,
6920,NMPSAYTGEI,11195,True,10,
6921,TVPRQVTASG,11195,True,10,
6922,RAPAQVMGEI,11195,True,10,
6923,PAPRPVRAEK,11195,True,10,
6924,RAPSPFWATG,11195,True,10,
6925,FPPSAFQGQS,11195,True,10,
6926,RKPAPYMGPL,11195,True,10,
6927,GVPMQVFSRS,11195,True,10,
6928,RVPRQVRARV,11195,True,10,
6929,GPPSAFTGPR,11195,True,10,
6930,RVPSTLFASG,11195,True,10,
6931,HPPSSTRGLF,11195,True,10,
6932,PAPSSYRGKG,11195,True,10,
6933,TMPLGFRGRT,11195,True,10,
6934,ARPSAFQAQA,11195,True,10,
6935,GPPSPFWGPQ,11195,True,10,
6936,TPPMQVMSRH,11195,True,10,
6937,RNPSAMTGPR,11195,True,10,
6938,KGPSGVKGNR,11195,True,10,
6939,EPPRQVRGQH,11195,True,10,
6940,VAPSQIWGKG,11195,True,10,
6941,GPPSWVRGPH,11195,True,10,
6942,PGRALRGYNI,11195,True,10,
6943,IRVWPIHGTI,11195,True,10,
6944,YTPMQMSGHG,11195,True,10,
6945,RAPSSWVGRS,11195,True,10,
6946,RAPSLYIGNK,11195,True,10,
6947,PAPSSFRSMR,11195,True,10,
6948,AVPSGVHSNI,11195,True,10,
6949,VAPRQVFGQI,11195,True,10,
6950,QSPVQMRGNG,11195,True,10,
6951,GKPSAYHGML,11195,True,10,
6952,VKPSGVIGSG,11195,True,10,
6953,MVPHQVRTAS,11195,True,10,
6954,VMPSPFMGPQ,11195,True,10,
6955,PAPSSWRGMK,11195,True,10,
6956,HGPSGPHSPS,11195,True,10,
6957,VPPSAFMNVS,11195,True,10,
6958,VGPSGFKGAS,11195,True,10,
6959,RTPEAYMGPQ,11195,True,10,
6960,RTPMAFWSHR,11195,True,10,
6961,TAPARFTASG,11195,True,10,
6962,IRPSMYRGRK,11195,True,10,
6963,QPPLGFQSMQ,11195,True,10,
6964,RPPSAFYNMA,11195,True,10,
6965,KAPSAFYSMG,11195,True,10,
6966,GPPLQVRGNG,11195,True,10,
6967,RPPSAQMGPG,11195,True,10,
6968,RAPLHMRGPR,11195,True,10,
6969,HVPSQVLGRQ,11195,True,10,
6970,RNPSAFSGSV,11195,True,10,
6971,VTPSGFRGPW,11195,True,10,
6972,RAPSSYHALV,11195,True,10,
6973,AMPSQVRGHG,11195,True,10,
6974,KGPSGVMASA,11195,True,10,
6975,PVPKQQGSIV,11195,True,10,
6976,RPPSHWIGKG,11195,True,10,
6977,RPPSSLHAFI,11195,True,10,
6978,HPPSAYYGQG,11195,True,10,
6979,PRPSAVTASG,11195,True,10,
6980,PGPSPFWGMA,11195,True,10,
6981,APPHAFTGRI,11195,True,10,
6982,RVPRQVTGWI,11195,True,10,
6983,PSPRQVHGEQ,11195,True,10,
6984,PGPSAYKGAH,11195,True,10,
6985,RPPSSDNGPG,11195,True,10,
6986,TRPSAFRVRF,11195,True,10,
6987,QMPRQVRALW,11195,True,10,
6988,NIPSNQHSNF,11195,True,10,
6989,KGPESYRGSA,11195,True,10,
6990,GPPSAFQGST,11195,True,10,
6991,MPPFSMHGIR,11195,True,10,
6992,VPPSTFRSNL,11195,True,10,
6993,RMPRQVRGSG,11195,True,10,
6994,SLPRPYRAPG,11195,True,10,
6995,FAPAQVRSHW,11195,True,10,
6996,GPPSAFISTG,11195,True,10,
6997,KPPSGFASHK,11195,True,10,
6998,IPPSAYRGPL,11195,True,10,
6999,WTPSGMRSAQ,11195,True,10,
7000,RAPSMLHYMF,11195,True,10,
7001,VMPSGFYSQF,11195,True,10,
7002,NRPSPFWGVK,11195,True,10,
7003,RQPSNFLGMF,11195,True,10,
7004,RLPWSLGTVA,11195,True,10,
7005,TKPSGVLSMV,11195,True,10,
7006,IGPWAWRGML,11195,True,10,
7007,MKPSAQSAIG,11195,True,10,
7008,VPPSAYRGTY,11195,True,10,
7009,MTPSAMHSRV,11195,True,10,
7010,KSPAEMKGHQ,11195,True,10,
7011,QRPSAYWGKQ,11195,True,10,
7012,CGPSGFTSGS,11195,True,10,
7013,NQPSAYMGPW,11195,True,10,
7014,QPPRQVMGAG,11195,True,10,
7015,VPPSAFWGQY,11195,True,10,
7016,KPPLGFTYHV,11195,True,10,
7017,RTPMAFYATR,11195,True,10,
7018,RVPRQVTGSH,11195,True,10,
7019,RAPGSMFGEG,11195,True,10,
7020,SQPSPFWSIG,11195,True,10,
7021,VLPSGFHSTG,11195,True,10,
7022,GRPSAYTGPY,11195,True,10,
7023,RGPSSYRNQL,11195,True,10,
7024,VRPSRLFAHG,11195,True,10,
7025,IPPSPFWAML,11195,True,10,
7026,SVPSAYTGWI,11195,True,10,
7027,PGPWAVTGHT,11195,True,10,
7028,EVPSAQFAQG,11195,True,10,
7029,HVPRQVKGPV,11195,True,10,
7030,SQPSPFTGIR,11195,True,10,
7031,RQPHQFWAPT,11195,True,10,
7032,RTPRTMYGMQ,11195,True,10,
7033,MPPSGFHATY,11195,True,10,
7034,RVPLGQVAKA,11195,True,10,
7035,RCPRTIYGLW,11195,True,10,
7036,TPPSSYRSIG,11195,True,10,
7037,KPPSEQSVHI,11195,True,10,
7038,CAPSAFWSAG,11195,True,10,
7039,GRPRMLFSAP,11195,True,10,
7040,RPPSSLYGKI,11195,True,10,
7041,PNPSQMRGAQ,11195,True,10,
7042,NGPYGMTSVI,11195,True,10,
7043,MTPSAYIGRG,11195,True,10,
7044,RPPSPFMGHV,11195,True,10,
7045,RKPSGVFAHK,11195,True,10,
7046,KVPRGVTSRT,11195,True,10,
7047,NRPSAYFGPT,11195,True,10,
7048,NAPSAMTASG,11195,True,10,
7049,TPPYTMHGAW,11195,True,10,
7050,VAPSSYINKV,11195,True,10,
7051,VPPSEQHSLI,11195,True,10,
7052,RTPHAFMGPV,11195,True,10,
7053,GPPSHMLNQG,11195,True,10,
7054,GPPSAFTASG,11195,True,10,
7055,KPPSAFTSIG,11195,True,10,
7056,RVPSQVLGLG,11195,True,10,
7057,RMPSAQWGIK,11195,True,10,
7058,QRPSAYTSRY,11195,True,10,
7059,RAPEAVYSKV,11195,True,10,
7060,RMPSAFYGIG,11195,True,10,
7061,RPPSSYRSRA,11195,True,10,
7062,RVPSALTSAG,11195,True,10,
7063,QTPRQVRSPK,11195,True,10,
7064,PMPFHLSNKG,11195,True,10,
7065,RVPSGVFAAT,11195,True,10,
7066,MNPSAQTGHL,11195,True,10,
7067,RPPSAFHSMV,11195,True,10,
7068,VPPEPMHSGF,11195,True,10,
7069,IFPASFHGPH,11195,True,10,
7070,GTPSGWTSAG,11195,True,10,
7071,RTPAGVTASG,11195,True,10,
7072,APPSHLTASG,11195,True,10,
7073,APPSAVTNGI,11195,True,10,
7074,RPPSPFLGNK,11195,True,10,
7075,KRYGPFPNHS,11195,True,10,
7076,PVPSAWTASG,11195,True,10,
7077,VPPSGFQAVL,11195,True,10,
7078,SPPSAMTGMA,11195,True,10,
7079,TRPSMLAGVG,11195,True,10,
7080,YVPSAIHGQG,11195,True,10,
7081,APPGPMWGMG,11195,True,10,
7082,QMVHQMRGWQ,11195,True,10,
7083,KAPSMLRGEG,11195,True,10,
7084,RGPSSYTGIS,11195,True,10,
7085,VPPSPFWSGS,11195,True,10,
7086,AGPSAYAGRW,11195,True,10,
7087,KRPAQVLGPQ,11195,True,10,
7088,YGPSGFRGMH,11195,True,10,
7089,RPPSSWTSAI,11195,True,10,
7090,RMPSQMWGMG,11195,True,10,
7091,KSPEGMYGEG,11195,True,10,
7092,QSPGEMRGNL,11195,True,10,
7093,GPPHAFQGPI,11195,True,10,
7094,KAPSSWTGNG,11195,True,10,
7095,TAPSMLYNPG,11195,True,10,
7096,QTPVQLYGSK,11195,True,10,
7097,VAPQRFAGPV,11195,True,10,
7098,NPPSAFTNRL,11195,True,10,
7099,RAPSAFAQLA,11195,True,10,
7100,KPPSAYRSNK,11195,True,10,
7101,ASPSSFMSMG,11195,True,10,
7102,PRPSAYHGIQ,11195,True,10,
7103,RPPSAFYGMQ,11195,True,10,
7104,VPPLPESNVA,11195,True,10,
7105,EAPSRLTNRG,11195,True,10,
7106,KPPSAFQGHA,11195,True,10,
7107,HRPSAYSGAI,11195,True,10,
7108,TVPRQVLSRL,11195,True,10,
7109,ERPSAVTGLR,11195,True,10,
7110,PFPSGFTGLR,11195,True,10,
7111,RFPLAVRGHT,11195,True,10,
7112,SRPSAFWNGH,11195,True,10,
7113,YGPSAMRYVA,11195,True,10,
7114,RTPSAYHGPI,11195,True,10,
7115,APPGSKHNRT,11195,True,10,
7116,RAPSSWTGGR,11195,True,10,
7117,TPPSQVYGPG,11195,True,10,
7118,PNPFEQRGLS,11195,True,10,
7119,QPPHAFHKQI,11195,True,10,
7120,KVPSAQFGSV,11195,True,10,
7121,MPPLGFTSRG,11195,True,10,
7122,WAPSSSTGKG,11195,True,10,
7123,GPPRQVRSQV,11195,True,10,
7124,TGPSQMYSPG,11195,True,10,
7125,APPRQVRSEF,11195,True,10,
7126,PGPVELYAPL,11195,True,10,
7127,KPPSAFTSKG,11195,True,10,
7128,QAPRPVFAMR,11195,True,10,
7129,NAPSLYRGVY,11195,True,10,
7130,ARPESFRGHG,11195,True,10,
7131,AVPRQVLGPG,11195,True,10,
7132,RVPSKIRGPS,11195,True,10,
7133,REPQIHTASG,11195,True,10,
7134,RPPSAFRGHQ,11195,True,10,
7135,PRPSQYRSIH,11195,True,10,
7136,NRPSAVTGAF,11195,True,10,
7137,NAPNAFVGQG,11195,True,10,
7138,IKPAGVRSAR,11195,True,10,
7139,RAPSSSTGQA,11195,True,10,
7140,RPPNHFTGMV,11195,True,10,
7141,QPPHAFHSPS,11195,True,10,
7142,YPPSSLRSNV,11195,True,10,
7143,VAPSSYHAMI,11195,True,10,
7144,KRVLQMRSRI,11195,True,10,
7145,EVPYQVTGMS,11195,True,10,
7146,PKPSTLYGQY,11195,True,10,
7147,RAPLGFHVQV,11195,True,10,
7148,RDPSPFWSMF,11195,True,10,
7149,HPPLGFTASG,11195,True,10,
7150,NPPMHVTSAS,11195,True,10,
7151,GPERMKGAIP,11195,True,10,
7152,RAPSSMFGRG,11195,True,10,
7153,RVTWPMAGPG,11195,True,10,
7154,GAPRTLVGRA,11195,True,10,
7155,SRPLQYHSQF,11195,True,10,
7156,DMPSRYTGRH,11195,True,10,
7157,RPPSEVQAKR,11195,True,10,
7158,RHVYGMASQS,11195,True,10,
7159,QAPHQFQGKH,11195,True,10,
7160,GAPSGFTASG,11195,True,10,
7161,NPPSAFYSMI,11195,True,10,
7162,GPPRSYTGNS,11195,True,10,
7163,MNPSQMTGQS,11195,True,10,
7164,RVPSAFYSRV,11195,True,10,
7165,GPPSEQSTAS,11195,True,10,
7166,KPPSAFYSGK,11195,True,10,
7167,PMPRQVMGVG,11195,True,10,
7168,VGPSGFTASG,11195,True,10,
7169,QGPIPFWGTQ,11195,True,10,
7170,APPSGWTASG,11195,True,10,
7171,YKPSAYSGLG,11195,True,10,
7172,ALPEAIHSQA,11195,True,10,
7173,QPPHQFLGAH,11195,True,10,
7174,ARPSAYHGTV,11195,True,10,
7175,YPPSTLRAPQ,11195,True,10,
7176,SGPSGVRQTA,11195,True,10,
7177,RVPVQMHSPH,11195,True,10,
7178,TPPSSYRSMV,11195,True,10,
7179,AGPSQPRSGT,11195,True,10,
7180,RPVYGMYSAF,11195,True,10,
7181,RPPSAFWAMS,11195,True,10,
7182,EYPSAYMSVG,11195,True,10,
7183,QAPAHVSAQR,11195,True,10,
7184,TPPSAYRGPI,11195,True,10,
7185,RGPSGMTAPG,11195,True,10,
7186,SRPAQVFAPF,11195,True,10,
7187,RGPSSYLSQG,11195,True,10,
7188,PRPSAQTSHR,11195,True,10,
7189,MWPSGMTASG,11195,True,10,
7190,KTPRKYIGNV,11195,True,10,
7191,APPMGVRAWS,11195,True,10,
7192,KPPSEQSGRT,11195,True,10,
7193,GPPSAFLSQY,11195,True,10,
7194,MRPSYQIGVQ,11195,True,10,
7195,PGPSAYTGIA,11195,True,10,
7196,SGPYGMRGTA,11195,True,10,
7197,RGPSSYIAQY,11195,True,10,
7198,VPPEPMSYVF,11195,True,10,
7199,RIPASVRGIQ,11195,True,10,
7200,SAPLKFTGAT,10910,True,10,
7201,VLPRSWTASG,10910,True,10,known_sequence
7202,RAPSRLFNPY,10910,True,10,
7203,FMPKNQMGAT,10910,True,10,
7204,ATPSAYSGPW,10910,True,10,
7205,YMPREVKGQS,10910,True,10,
7206,AVPRQVVGAW,10910,True,10,
7207,QRPRQYWSVY,10910,True,10,
7208,WAPFGMTVKI,10910,True,10,
7209,PRPRQYSNPH,10910,True,10,
7210,VAPRSVTVGW,10910,True,10,
7211,GTPSKMINMH,10910,True,10,
7212,RMPVELKGEV,10910,True,10,
7213,KPPREVTASG,10910,True,10,
7214,GYPRPVIQHF,10910,True,10,
7215,RVPRKLYSGQ,10910,True,10,
7216,HSPSNMTGLK,10910,True,10,
7217,LTPRYWTASG,10910,True,10,known_sequence
7218,RHARPVIARF,10910,True,10,
7219,PRVEALYSTR,10910,True,10,
7220,GTPMGNHSPW,10910,True,10,
7221,TSPRGDMAMH,10910,True,10,
7222,TAVAGMSGTA,10910,True,10,
7223,QKPRGYTASG,10910,True,10,
7224,RTPSGVTAGY,10910,True,10,
7225,PHVFWNRSKY,10910,True,10,
7226,RWPVHYTASG,10910,True,10,
7227,YKPKGVFAPA,10910,True,10,
7228,FVPYKQVGSG,10910,True,10,
7229,LGPRQYFGIG,10910,True,10,
7230,TPPKQLTGAW,10910,True,10,
7231,KDPRGSTAIK,10910,True,10,
7232,FWPRQVRAGQ,10910,True,10,
7233,STGLGLHGPW,10910,True,10,
7234,VSPSGFTASG,10910,True,10,
7235,WVPRAVRSVG,10910,True,10,
7236,RAPLPVIAEI,10910,True,10,
7237,VYPRNVLGTH,10910,True,10,
7238,HSPRQVTASG,10910,True,10,
7239,RVPVGMHNTH,10910,True,10,
7240,YVPIPMWSGR,10910,True,10,
7241,PVPRQVMANA,10910,True,10,
7242,RAPRTRSWGA,10910,True,10,
7243,SVPLSQSGRP,10910,True,10,
7244,HAPWGVTASG,10910,True,10,
7245,TAVGWMYGVY,10910,True,10,
7246,YRPSPFWSGK,10910,True,10,
7247,HGPRQVSAPT,10910,True,10,
7248,YNPYGQMGAL,10910,True,10,
7249,RQPRSWTGSR,10910,True,10,
7250,QCPRLYSGQI,10910,True,10,
7251,PAPLGITASG,10910,True,10,
7252,ILKVAEPQFI,10910,True,10,
7253,AHPYGQHGLY,10910,True,10,
7254,SRPFQYTGIV,10910,True,10,
7255,SRPIGYHAVF,10910,True,10,
7256,GAPRGSTASG,10910,True,10,
7257,AKPRGQPFGT,10910,True,10,
7258,SRPRTLVSAG,10910,True,10,
7259,QPPLHWISWY,10910,True,10,
7260,CVPRAVWSTG,10910,True,10,
7261,PMPRQVSVRF,10910,True,10,
7262,SLPTGMHSTS,10910,True,10,
7263,VRPRSMLGWF,10910,True,10,
7264,RQPAPYLGGT,10910,True,10,
7265,TSPAWLTGIF,10910,True,10,
7266,RVPVGFWAEF,10910,True,10,
7267,EAPREVKGHW,10910,True,10,
7268,SRPLQYWGEY,10910,True,10,
7269,LTPRQVTASG,10910,True,10,
7270,ETPRQVHGAY,10910,True,10,
7271,VTPSGFYGTG,10910,True,10,
7272,ATPRGNFGWL,10910,True,10,
7273,SAPLKFIAPW,10910,True,10,
7274,PVTWAQFGPR,10910,True,10,
7275,FPPKGSTASG,10910,True,10,
7276,PWPRELKGHG,10910,True,10,
7277,LGPRQVKAEF,10910,True,10,
7278,NSPRKFYGSA,10910,True,10,
7279,VRPSTLTASG,10910,True,10,
7280,TYPREFKAMW,10910,True,10,
7281,VRPVQYWNHG,10910,True,10,
7282,YHPRQVYNPH,10910,True,10,
7283,PVPRQVFAWG,10910,True,10,
7284,FHPRKFSGTQ,10910,True,10,
7285,QFPRGQVSDH,10910,True,10,
7286,QVPRQVKGAR,10910,True,10,
7287,GPVFSFHAGR,10910,True,10,
7288,SYPRELYGKG,10910,True,10,
7289,VNPYGNFDPF,10910,True,10,
7290,RKPQLWIGEY,10910,True,10,
7291,FQPSGWTASG,10910,True,10,
7292,STPRTIFSGY,10910,True,10,
7293,AVPRGVTASG,10910,True,10,
7294,HKPRSFLGTG,10910,True,10,
7295,PAVFGVYGFL,10910,True,10,
7296,EVDPTKSKSG,10910,True,10,
7297,HMPRQVTGQW,10910,True,10,
7298,GLVRAVHSKV,10910,True,10,
7299,VIPRTITASG,10910,True,10,
7300,CQPSGWTALR,10910,True,10,
7301,QRPSGWTASG,10910,True,10,
7302,IAVRAVTASG,10910,True,10,
7303,SGPKGVTAVT,10910,True,10,
7304,VPPTGFVGHF,10910,True,10,
7305,VGPKQLIGPQ,10910,True,10,
7306,WPPSAFYSKT,10910,True,10,
7307,FVPTGMWAGV,10910,True,10,
7308,SPYLPFISVS,10910,True,10,
7309,RVPRTLTGSG,10910,True,10,
7310,LSPRSWLGTF,10910,True,10,
7311,MKPSGVFSMT,10910,True,10,
7312,TSPRKFHGPQ,10910,True,10,
7313,WTPRKYISQH,10910,True,10,
7314,RKPSGWTASG,10910,True,10,
7315,VGPHPVLGAF,10910,True,10,
7316,GAPRPVMAKI,10910,True,10,
7317,IGPSGWAGIQ,10910,True,10,
7318,PGPVAMLAPG,10910,True,10,
7319,FQPRGVTASG,10910,True,10,
7320,VRPFGVRSHV,10910,True,10,
7321,RPVSAMSGIS,10910,True,10,
7322,NLPRAVTASG,10910,True,10,
7323,CAPMAVRGKA,10910,True,10,
7324,GAPRTLVGWQ,10910,True,10,
7325,QIPREVRSAF,10910,True,10,
7326,IKPAGMYSPH,10910,True,10,
7327,RPPLGYTGHT,10910,True,10,
7328,ASPRSWSGQL,10910,True,10,
7329,YPPRKFTAGP,10910,True,10,
7330,TPVGWMRGTW,10910,True,10,
7331,GMPRQVMGPG,10910,True,10,
7332,NMPRQVRSGA,10910,True,10,
7333,PAPRSLDVAR,10910,True,10,
7334,TAPSGWTASG,10910,True,10,
7335,GAPRSFYSHG,10910,True,10,
7336,HVPRQVTSPS,10910,True,10,
7337,GVPSKLSSQI,10910,True,10,
7338,YVPSAIFGAK,10910,True,10,
7339,TVPMQVHAIS,10910,True,10,
7340,KGPRQVFARS,10910,True,10,
7341,LRPSGWTASG,10910,True,10,
7342,TPPSSLHAGS,10910,True,10,
7343,HSPLSYQSWV,10910,True,10,
7344,GRPRTLVGWG,10910,True,10,
7345,AFPAGVHSPF,10910,True,10,
7346,WLPRAIFGHT,10910,True,10,
7347,SAPRTLVAIV,10910,True,10,
7348,MGPRKFIGHL,10910,True,10,
7349,DPPYGMVGHY,10910,True,10,
7350,DVPRQVRGHA,10910,True,10,
7351,RVPRFLFGLV,10910,True,10,
7352,KPPRGMAGQH,10910,True,10,
7353,IVPRAHSASF,10910,True,10,
7354,STPSGQTAKF,10910,True,10,
7355,KIPYGMHAKV,10910,True,10,
7356,LPPRQYASPH,10910,True,10,
7357,WTPRSDVAPQ,10910,True,10,
7358,NERWTMFGPR,10910,True,10,
7359,MKPIGMTVLS,10910,True,10,
7360,TGPSGVFGPH,10910,True,10,
7361,NVPRQVKGVG,10910,True,10,
7362,AIPNVFRGMG,10910,True,10,
7363,ATPRQVIAHF,10910,True,10,
7364,WNPSGWTASG,10910,True,10,
7365,RPVSAFTASG,10910,True,10,
7366,NIPVWMRGHA,10910,True,10,
7367,HPPRQVSDWT,10910,True,10,
7368,ITPIELTSGY,10910,True,10,
7369,SRPRTLYAPH,10910,True,10,
7370,TPPFKMTGPY,10910,True,10,
7371,TSPRKFIAPW,10910,True,10,
7372,VTPIELYANA,10910,True,10,
7373,SGPRGVTATA,10910,True,10,
7374,STVRNVYMLI,10910,True,10,
7375,KAPGSWIGPQ,10910,True,10,
7376,KTPRQYFSMQ,10910,True,10,
7377,SGPMAVRTTA,10910,True,10,
7378,SWPYGMTASG,10910,True,10,
7379,SHPLGVTGSH,10910,True,10,
7380,CAPESLTASG,10910,True,10,
7381,IPRVPRGTGP,10910,True,10,
7382,QVPKNQMSGT,10910,True,10,
7383,PSPRYSRATS,10910,True,10,
7384,IEPRGVKAKF,10910,True,10,
7385,KPVSAYWGKV,10910,True,10,
7386,VRVLGVFSMV,10910,True,10,
7387,HLPRTLYAKW,10910,True,10,
7388,GSPRAFSGVF,10910,True,10,
7389,QIPRQVRNPW,10910,True,10,
7390,VSPRQVTASG,10910,True,10,
7391,STPRQMSNWG,10910,True,10,
7392,HQPGAMHSHA,10910,True,10,
7393,FRPRKFHGHG,10910,True,10,
7394,KSPKWITGVS,10910,True,10,
7395,VIPREVWGQF,10910,True,10,
7396,GSPRPFLAPF,10910,True,10,
7397,KIPMWMIGPF,10910,True,10,
7398,PKPRAYAGTH,10910,True,10,
7399,YGVRAIFYAL,10910,True,10,
7400,AGPRQVYANS,10910,True,10,
7401,RVPKGVTAKY,10910,True,10,
7402,QEPRAVYSLS,10910,True,10,
7403,SGPKGMFATA,10910,True,10,
7404,IVPRKVRYVG,10910,True,10,
7405,SAPRTLYAIS,10910,True,10,
7406,TPPAQMRGPH,10910,True,10,
7407,FPPMNVTGIW,10910,True,10,
7408,TIPRAFTASG,10910,True,10,
7409,MVRVARSVGV,10910,True,10,
7410,DAPRSVTGHT,10910,True,10,
7411,WTPRGNPVWF,10910,True,10,
7412,VLPRGQTFPY,10910,True,10,
7413,WGPSAYLGPL,10910,True,10,
7414,ILPRAFWSQG,10910,True,10,
7415,IPAYNFYGIT,10910,True,10,
7416,WTPSGQSYNF,10910,True,10,
7417,TPPRERNYMP,10910,True,10,
7418,TFPRSHMNRT,10910,True,10,
7419,RGPSSYFGRW,10910,True,10,
7420,YAPLGWTGHT,10910,True,10,
7421,RPPSGMHGVG,10910,True,10,
7422,APPRQVTGRH,10910,True,10,
7423,SFPRKFTGMG,10910,True,10,
7424,YVPRQVLGPL,10910,True,10,
7425,WQPRGVFSQS,10910,True,10,
7426,TPASGFRGIS,10910,True,10,
7427,RAPLGQMSGY,10910,True,10,
7428,KVPRGVHSTS,10910,True,10,
7429,QGPAPFWSEY,10910,True,10,
7430,RPPDPMWGTS,10910,True,10,
7431,PFPREVYSQI,10910,True,10,
7432,GPVYNMFGMG,10910,True,10,
7433,HYPRGNYGMQ,10910,True,10,
7434,SGPVAFTSTA,10910,True,10,
7435,GVPRAVYGTQ,10910,True,10,
7436,CTPKSVIAIS,10910,True,10,
7437,ASPRLYIGQW,10910,True,10,
7438,HLPREVISKY,10910,True,10,
7439,MKPSGVLDMF,10910,True,10,
7440,WAPRQVKGLF,10910,True,10,
7441,GPVYRWTASG,10910,True,10,
7442,VSPSGFTGNS,10910,True,10,
7443,GAPRSWTGRI,10910,True,10,
7444,ATPRGNIMMF,10910,True,10,
7445,IQYGEVFAPA,10910,True,10,
7446,GSPRKFMAIH,10910,True,10,
7447,RPPRAFNGTL,10910,True,10,
7448,RKPAPWRGAH,10910,True,10,
7449,YDPAEVWAMR,10910,True,10,
7450,KSPVPFYGKH,10910,True,10,
7451,YVPRQVFGHV,10910,True,10,
7452,RTPLMYTASG,10910,True,10,
7453,FVPRQVMGTH,10910,True,10,
7454,RLVEPRSVLP,10910,True,10,
7455,LTPRSHYGNF,10910,True,10,
7456,FSPRAFVAPF,10910,True,10,
7457,NVPRQVTSIH,10910,True,10,
7458,GPREPRSRKS,10910,True,10,
7459,RSPRTLFGPG,10910,True,10,
7460,SVPSKLMAQV,10910,True,10,
7461,GAPRGSTVQF,10910,True,10,
7462,MFPKGVMATR,10910,True,10,
7463,TPPVELYAPF,10910,True,10,
7464,SAPRTLYAMV,10910,True,10,
7465,GIPRPVLSKA,10910,True,10,
7466,SRLGLDYTLH,10910,True,10,
7467,GIPRPVHTAS,10910,True,10,
7468,SQPSEMTGSW,10910,True,10,
7469,VVPRAVYSPG,10910,True,10,
7470,KPPRSWRSQF,10910,True,10,
7471,GRPSGWTASG,10910,True,10,
7472,YVPRQVKSGF,10910,True,10,
7473,VAPHAFWVQR,10910,True,10,
7474,ATPRTLYGMH,10910,True,10,
7475,IAPSMLSGPI,10910,True,10,
7476,GTPRGSTASG,10910,True,10,
7477,FHPIGLWSMH,10910,True,10,
7478,EAPMRFHGNA,10910,True,10,
7479,QVPRQVTASG,10910,True,10,
7480,EPVYSLYGNR,10910,True,10,
7481,NQPRQVKGWL,10910,True,10,
7482,KHPRGFTASG,10910,True,10,
7483,TGPSGLVGEF,10910,True,10,
7484,TMPRQYSGPH,10910,True,10,
7485,NAPAPVTAGK,10910,True,10,
7486,PVPRQVKSPG,10910,True,10,
7487,RAQYRAFMNR,10910,True,10,
7488,ASPRQVYGTF,10910,True,10,
7489,LRPRTLFSIV,10910,True,10,
7490,TGPSGVYAIV,10910,True,10,
7491,WAPARFRSVK,10910,True,10,
7492,EAPRQVTSRG,10910,True,10,
7493,SGPRTILSTA,10910,True,10,
7494,SFPLKFTGPH,10910,True,10,
7495,VRPMQYRGVA,10910,True,10,
7496,GAPSRFTGPY,10910,True,10,
7497,FGPSGFRSLW,10910,True,10,
7498,PMPRQVFGPV,10910,True,10,
7499,TVPRILSGRY,10910,True,10,
7500,QVPRQVMAHV,10910,True,10,
7501,TGPSGMTGPY,10910,True,10,
7502,DAPSSYFAWI,10910,True,10,
7503,MSPRTFVGTS,10910,True,10,
7504,EWPSRMLSTA,10910,True,10,
7505,AHPVELRGIW,10910,True,10,
7506,YAPRPVYDGS,10910,True,10,
7507,PGPRGVKSQL,10910,True,10,
7508,WQPRQVIAQL,10910,True,10,
7509,YRPLGYHGWS,10910,True,10,
7510,PGVYSMFSPI,10910,True,10,
7511,PQPRQVFAGI,10910,True,10,
7512,VEAGPGWFYA,10910,True,10,
7513,EPVSPIWSVF,10910,True,10,
7514,HTPRGQISHR,10910,True,10,
7515,RAPSLIYGEY,10910,True,10,
7516,QVPRQVHVGK,10910,True,10,
7517,QTPRQVKGHV,10910,True,10,
7518,RGPSSYMGSG,10910,True,10,
7519,TQPVKMYGVW,10910,True,10,
7520,HQPREVHGEG,10910,True,10,
7521,HVPSQVRAMH,10910,True,10,
7522,RFPRNVRGWI,10910,True,10,
7523,RTPSGWTASG,10910,True,10,
7524,QMPRQVFATQ,10910,True,10,
7525,YPPSKQSFST,10910,True,10,
7526,PLAWYGHSMF,10910,True,10,
7527,QRPGLMRGTG,10910,True,10,
7528,SPPRAFGSMK,10910,True,10,
7529,WAPRPFSAQL,10910,True,10,
7530,GPEKPPVHGP,10910,True,10,
7531,FGPSGSQSVF,10910,True,10,
7532,GVPRVLYDMH,10910,True,10,
7533,RVRAKRSILP,10910,True,10,
7534,YPPSGFWGPQ,10910,True,10,
7535,HGPKQLYAIV,10910,True,10,
7536,EQPSAQMAKL,10910,True,10,
7537,YDPFSNRGYL,10910,True,10,
7538,YRPRSLYGPV,10910,True,10,
7539,QPVFALQGEH,10910,True,10,
7540,AFGRPNFRWS,10910,True,10,
7541,GFPRKFVAGI,10910,True,10,
7542,TGPRLYIGQW,10910,True,10,
7543,TYPRQYWSMS,10910,True,10,
7544,FEPTGLFSLK,10910,True,10,
7545,APVYAMHATA,10910,True,10,
7546,ALVFWSMSGQ,10910,True,10,
7547,RFPRPVMSQT,10910,True,10,
7548,LAPGAYTGNG,10910,True,10,
7549,FSPRQVHAWV,10910,True,10,
7550,RYSGSMPFPA,10910,True,10,
7551,FCPREVLAMF,10910,True,10,
7552,SVPRTLVGSL,10910,True,10,
7553,AHPRTLFSTW,10910,True,10,
7554,SAPLKFKGMV,10910,True,10,
7555,VRASRLVGWQ,10910,True,10,
7556,IVPRQVISAE,10910,True,10,
7557,HVPRQVTGMW,10910,True,10,
7558,RVPRKIWSVL,10910,True,10,
7559,RPPSSLYDSG,10910,True,10,
7560,HKPRPFHAPI,10910,True,10,
7561,IVPRQVTGAG,10910,True,10,
7562,GIPFPFWGQW,10910,True,10,
7563,FSPRQVSAIL,10910,True,10,
7564,MVPSAIYGAH,10910,True,10,
7565,RAPSLYMGLW,10910,True,10,
7566,LKPVGLTANF,10910,True,10,
7567,PVPRQVTASG,10910,True,10,
7568,TRPAQMHGVL,10910,True,10,
7569,PTMRHFTGLS,10910,True,10,
7570,IPVMGMWGRI,10910,True,10,
7571,SPPRTLVAEV,10910,True,10,
7572,AHPRGSTASG,10910,True,10,
7573,GSPRQYWGTA,10910,True,10,
7574,PAVYWMIAVI,10910,True,10,
7575,WAPVGMVGTG,10910,True,10,
7576,NVPRQVLAVH,10910,True,10,
7577,TPPRAFSGTW,10910,True,10,
7578,TPPIELWGMY,10910,True,10,
7579,THPRAVYVSF,10910,True,10,
7580,ALPVAFTASG,10910,True,10,
7581,WRPRQVIACG,10910,True,10,
7582,TPPSKLMGTW,10910,True,10,
7583,EAPRGSRAPF,10910,True,10,
7584,VMPSGFHGAW,10910,True,10,
7585,MVPSTLFSMS,10910,True,10,
7586,VRPLQYFAIS,10910,True,10,
7587,MTPRSMWGQW,10910,True,10,
7588,WVPVELTSPF,10910,True,10,
7589,SGPAPMWHTA,10910,True,10,
7590,KVPKGVYVIV,10910,True,10,
7591,CGPRTLYGLT,10910,True,10,
7592,GAPRSMFAVL,10910,True,10,
7593,VTPIELYAVY,10910,True,10,
7594,VQPRTLYAIG,10910,True,10,
7595,AKPSGWTASG,10910,True,10,
7596,PAPARFRTAT,10910,True,10,
7597,GEPRGQVMVW,10910,True,10,
7598,NPPKGMHGRK,10910,True,10,
7599,NKPSGVTSWK,10910,True,10,
7600,TSPGAMFGIQ,6857,True,10,
7601,TMPRAFVAPF,6857,True,10,
7602,VLWSGLMGTY,6857,True,10,
7603,CTPVNLHARV,6857,True,10,
7604,DSPHWLSGHR,6857,True,10,
7605,HMPRQVKSYR,6857,True,10,
7606,PGYRGLWSHY,6857,True,10,
7607,AYPRAYAGPG,6857,True,10,
7608,PVPRQVKSGS,6857,True,10,
7609,VAPRPVASYT,6857,True,10,
7610,PVPRAVSGTA,6857,True,10,
7611,ILPRSWTGPL,6857,True,10,
7612,GSPRQMRVKG,6857,True,10,
7613,VIPRPVKAMV,6857,True,10,
7614,YVAKPIVGEH,6857,True,10,
7615,RIPRPVKAIT,6857,True,10,
7616,TWPVELHSIK,6857,True,10,
7617,YGPSGYTASG,6857,True,10,
7618,YFPRGQTSNA,6857,True,10,
7619,RIPRPVTASG,6857,True,10,
7620,VPYMYVAGYK,6857,True,10,
7621,NSPRGMRDPV,6857,True,10,
7622,GQPRGFRAHI,6857,True,10,
7623,IAPRGSWDGS,6857,True,10,
7624,EPVYWMRGTG,6857,True,10,
7625,GVPRQVHTAS,6857,True,10,
7626,CKPRGNTASG,6857,True,10,
7627,VMPRAFHGPF,6857,True,10,
7628,KPYASMFSWG,6857,True,10,
7629,SPPLGFISRW,6857,True,10,
7630,RHPSGWTGSV,6857,True,10,
7631,ADPVHMFGRW,6857,True,10,
7632,QPPRDVLGNS,6857,True,10,
7633,QTPKGMTFWI,6857,True,10,
7634,KPPTGVTASG,6857,True,10,
7635,HGPSGWTASG,6857,True,10,
7636,THPIGMHALQ,6857,True,10,
7637,PSVKGVYAIG,6857,True,10,
7638,KWPRQLRDQG,6857,True,10,
7639,TEPRGYKGST,6857,True,10,
7640,RGPRQVFAHY,6857,True,10,
7641,SEPRDIKSGH,6857,True,10,
7642,FTPKGKSVKV,6857,True,10,
7643,APNHPVHAKF,6857,True,10,
7644,FHPRSWTGRG,6857,True,10,
7645,NFPHGFADHV,6857,True,10,
7646,QPWRALTASG,6857,True,10,
7647,WSPRGVKGIA,6857,True,10,
7648,RQPVNSWSRS,6857,True,10,
7649,MLPREVYATG,6857,True,10,
7650,FLARALHAPL,6857,True,10,
7651,SVPRQVTGMF,6857,True,10,
7652,SPVRGMYGKH,6857,True,10,
7653,KYPRPMKGHY,6857,True,10,
7654,CIPSWSWAPS,6857,True,10,
7655,NTPFNPNKSQ,6857,True,10,
7656,QPPKGVMAMK,6857,True,10,
7657,SPYGSMIGMS,6857,True,10,
7658,LQSGMVHRMQ,6857,True,10,
7659,KGPYGMKGSY,6857,True,10,
7660,QRVKGMVAQR,6857,True,10,
7661,YQPKGMHGQI,6857,True,10,
7662,ALPRAFWDWY,6857,True,10,
7663,TGPRNYSGTV,6857,True,10,
7664,HRPSWVTASG,6857,True,10,
7665,PFPLGQTSQL,6857,True,10,
7666,KGPKGMTGLY,6857,True,10,
7667,AQCMHIHRHF,6857,True,10,
7668,FVPRQVFSVG,6857,True,10,
7669,VDPRSWTASG,6857,True,10,
7670,SAPRGSRSNR,6857,True,10,
7671,SQPREIYGPY,6857,True,10,
7672,WVPRGVRAGQ,6857,True,10,
7673,SDPLGQIAPF,6857,True,10,
7674,WHPRGYFAIQ,6857,True,10,
7675,FRPRGSTASG,6857,True,10,
7676,ATVLSLHANI,6857,True,10,
7677,QYPRGWISAY,6857,True,10,
7678,VKVRGMYGLW,6857,True,10,
7679,QTGRPLVAMG,6857,True,10,
7680,FGPIHMFAKG,6857,True,10,
7681,HSPRSNTFLH,6857,True,10,
7682,MKPRGQVSIA,6857,True,10,
7683,EHPRGYRSPG,6857,True,10,
7684,DPRTARPLES,6857,True,10,
7685,TYPRGVFSMK,6857,True,10,
7686,WTPRGNISLI,6857,True,10,
7687,MTVRGMWGAQ,6857,True,10,
7688,VSPRKFIAQG,6857,True,10,
7689,GWPRAVHTAS,6857,True,10,
7690,RYPVNMHGPS,6857,True,10,
7691,GFGLAFIYPL,6857,True,10,
7692,YTPRQVQAKR,6857,True,10,
7693,QRPRGVTASG,6857,True,10,
7694,YSTRAMFGPY,6857,True,10,
7695,TAPRSWMWGY,6857,True,10,
7696,TRPRSYIASF,6857,True,10,
7697,CYPTGLRSPA,6857,True,10,
7698,CVPRGQASKW,6857,True,10,
7699,KPVSGMYSVW,6857,True,10,
7700,QKPNGMHGNG,6857,True,10,
7701,IDPRQWTGLG,6857,True,10,
7702,SAVRGVTASG,6857,True,10,
7703,SYPVAMHATI,6857,True,10,
7704,LTPRTLIYEL,6857,True,10,
7705,LPTRGLFGLF,6857,True,10,
7706,VSPRTLMSQL,6857,True,10,
7707,GPVYGMTGHI,6857,True,10,
7708,EPSKGMRGPA,6857,True,10,
7709,CMPHKFRGPV,6857,True,10,
7710,IFPRDYIAWY,6857,True,10,
7711,FSVRGMIGPG,6857,True,10,
7712,GYPRGSQGHG,6857,True,10,
7713,AHPRGQVDIA,6857,True,10,
7714,VMPSGSWGWI,6857,True,10,
7715,TLPRAVIAGS,6857,True,10,
7716,VHPAGFTASG,6857,True,10,
7717,YHPSGFLANH,6857,True,10,
7718,LKVAGMHNFT,6857,True,10,
7719,ARPRDLSAWY,6857,True,10,
7720,STPLGQIYHT,6857,True,10,
7721,ERPRTLYSHF,6857,True,10,
7722,WHPRGYHGTG,6857,True,10,
7723,LPTRPAMWYH,6857,True,10,
7724,TAPKGMTASG,6857,True,10,
7725,LAPREVYSGR,6857,True,10,
7726,LKPRSPFGHG,6857,True,10,
7727,TAVRSLYAHI,6857,True,10,
7728,FDPYGWTASG,6857,True,10,
7729,GEPRGSMDSG,6857,True,10,
7730,AHPAGVKGQH,6857,True,10,
7731,PWPREVYSPR,6857,True,10,
7732,CDPRGQWSLH,6857,True,10,
7733,TYPRGMKSER,6857,True,10,
7734,MGPRGSTASG,6857,True,10,
7735,SLPRPIHSHL,6857,True,10,
7736,MNPRSYIAIH,6857,True,10,
7737,GRPVGYQDVA,6857,True,10,
7738,FYPSGWRAPG,6857,True,10,
7739,PSRPRRSVLT,6857,True,10,
7740,YNPTGMTGQF,6857,True,10,
7741,EMPRNVKGQF,6857,True,10,
7742,NVPRQVTASG,6857,True,10,
7743,VTRPKRWLSI,6857,True,10,
7744,RQVRGVRAVG,6857,True,10,
7745,MSPKGVTASG,6857,True,10,known_sequence
7746,TSPKGMHGSY,6857,True,10,
7747,YWPRGMKTGW,6857,True,10,
7748,EPRKPRKAPK,6857,True,10,
7749,CVPVEMRGPS,6857,True,10,
7750,DRPASMHGQS,6857,True,10,
7751,HQPRQVTASG,6857,True,10,
7752,LPTRWLQGTY,6857,True,10,
7753,RQWYGIRVTA,6857,True,10,
7754,NIPRGSTASG,6857,True,10,
7755,SAPRTLVANL,6857,True,10,
7756,ELPKLIMGWH,6857,True,10,
7757,LIPRSHYGIF,6857,True,10,
7758,TFPRGWQGSQ,6857,True,10,
7759,STPRYMYGMG,6857,True,10,
7760,GSPRKFTASG,6857,True,10,
7761,RTPKGVTAHT,6857,True,10,
7762,KPPSGWTASG,6857,True,10,
7763,TMPRGVFSAL,6857,True,10,
7764,EGPVNMHGPI,6857,True,10,
7765,HDPRQIGATG,6857,True,10,
7766,GSPRTLIAIR,6857,True,10,
7767,PRPKGVTASG,6857,True,10,
7768,SGPRTSMSTA,6857,True,10,
7769,SHRKPRPSPR,6857,True,10,
7770,RHPLGLYATV,6857,True,10,
7771,PRPQAVKTGV,6857,True,10,
7772,RYPRGSTASG,6857,True,10,
7773,DQPSGFTASG,6857,True,10,
7774,LYPHSWTASG,6857,True,10,
7775,RPGPNVPAKC,6857,True,10,
7776,GSVAPLYDNK,6857,True,10,
7777,SRPRSLTASG,6857,True,10,
7778,YSPVGMHAMY,6857,True,10,
7779,TSPAGVRSPK,6857,True,10,
7780,TYPRQYSGEF,6857,True,10,
7781,WYRQPRPVSL,6857,True,10,
7782,KAPKGNFGAI,6857,True,10,
7783,DSRFARVGLV,6857,True,10,
7784,RLPRVLISGR,6857,True,10,
7785,DRPKGVSVPF,6857,True,10,
7786,NPPLGFASAT,6857,True,10,
7787,ATPRGDTMEF,6857,True,10,
7788,TGVRGMYAVV,6857,True,10,
7789,AHPVAFWSWG,6857,True,10,
7790,GTPREVTGQY,6857,True,10,
7791,RLPSAYTASG,6857,True,10,
7792,VMPSGFRGPL,6857,True,10,
7793,CSPGLLSGRQ,6857,True,10,
7794,MPPRQYRGIK,6857,True,10,
7795,ATPRSHVAMH,6857,True,10,
7796,TLVRSLFLAF,6857,True,10,
7797,SHPRGLTASG,6857,True,10,
7798,TRPRVLSANI,6857,True,10,
7799,STPRGNTASG,6857,True,10,
7800,SHPRGVHSLT,6857,True,10,
7801,HILMGMLGKY,6857,True,10,
7802,GHVRGVHSGV,6857,True,10,
7803,SCPRGMHVAY,6857,True,10,
7804,SPVYNMAGST,6857,True,10,
7805,KCPRSMFGPI,6857,True,10,
7806,ATPRWLYGRQ,6857,True,10,
7807,TVPRPVIGWF,6857,True,10,
7808,RLPAGVKGIQ,6857,True,10,
7809,MLPVHMLGWS,6857,True,10,
7810,HVWHGLIATG,6857,True,10,
7811,IYPVNMYSGF,6857,True,10,
7812,PSPVQLWAVA,6857,True,10,
7813,PYPRGLSFMR,6857,True,10,
7814,WTPRGNVYMV,6857,True,10,
7815,HAPRGSRVGS,6857,True,10,
7816,MTPRYFRAMH,6857,True,10,
7817,GRPRSLITGS,6857,True,10,
7818,YVPRQVRAWL,6857,True,10,
7819,PAPRNLKGAY,6857,True,10,
7820,MAPSHWISVT,6857,True,10,
7821,PAPRGSQAMI,6857,True,10,
7822,GPVSAFQSAY,6857,True,10,
7823,TDPRQVFSHF,6857,True,10,
7824,RSPRTYRVHA,6857,True,10,
7825,PRPRDLKGSR,6857,True,10,
7826,TVTQNLQGSF,6857,True,10,
7827,GAPRSDFVLG,6857,True,10,
7828,GIPRPVRDAR,6857,True,10,
7829,DKPRGVRAMV,6857,True,10,
7830,SGPKGVTASG,6857,True,10,
7831,FVPRGQVFPG,6857,True,10,
7832,GAPGSGPLAG,6857,True,10,
7833,PKPRGVHGKS,6857,True,10,
7834,WPARPLGTWY,6857,True,10,
7835,TVPVQMHGPH,6857,True,10,
7836,RGPRQYFGKT,6857,True,10,
7837,ADARAMWGPW,6857,True,10,
7838,YNPSWIHGPF,6857,True,10,
7839,VRPLGVMTNI,6857,True,10,
7840,FIPMSWKGTY,6857,True,10,
7841,QTPRGSWSGK,6857,True,10,
7842,THPVGMHGRS,6857,True,10,
7843,QEPRSWTASG,6857,True,10,
7844,TGPRQVRAIK,6857,True,10,
7845,AGPRVLYAVA,6857,True,10,
7846,TLPKSDGMPN,6857,True,10,
7847,RSPRKFLGST,6857,True,10,
7848,DMPLGVIDTS,6857,True,10,
7849,GPVYGMHSWG,6857,True,10,
7850,QPGRPGPYHG,6857,True,10,
7851,TIVGWMLGHR,6857,True,10,
7852,NDYRSLKSAI,6857,True,10,
7853,RPVAGMHANF,6857,True,10,
7854,SVPRTLVGWH,6857,True,10,
7855,DPPVGMHGPY,6857,True,10,
7856,EQPRAVHAVI,6857,True,10,
7857,VSPRTLVAQK,6857,True,10,
7858,TSPRMLAGMK,6857,True,10,
7859,AVPRGVTASG,6857,True,10,
7860,GRPRSYIDQK,6857,True,10,
7861,WHPRSWRGNA,6857,True,10,
7862,AIPAWSMAQW,6857,True,10,
7863,ISPRGLTSHA,6857,True,10,
7864,STVFHMIAPG,6857,True,10,
7865,WAPREILSPV,6857,True,10,
7866,PYGVRNFYSN,6857,True,10,
7867,SHPVHMLSAT,6857,True,10,
7868,GPAYHLYASF,6857,True,10,
7869,YVPVPMWVGH,6857,True,10,
7870,WSPRVLAVSF,6857,True,10,
7871,GSPRNVFDLY,6857,True,10,
7872,RAPRGMFAQH,6857,True,10,
7873,PDPRGSWASL,6857,True,10,
7874,RSPRTLTASG,6857,True,10,
7875,MSPRSWIGSY,6857,True,10,
7876,EVPLNSISGK,6857,True,10,
7877,LAPASNHSHL,6857,True,10,
7878,VRPRTLMANR,6857,True,10,
7879,WSPRVLHQGL,6857,True,10,
7880,NKPSGWTASG,6857,True,10,
7881,PSPRYLFSAG,6857,True,10,
7882,GFPRSHRTAS,6857,True,10,
7883,KQPRNLSGPY,6857,True,10,
7884,LTPRSHQVWG,6857,True,10,
7885,GVPRGVTASG,6857,True,10,
7886,QVPKNQMGTL,6857,True,10,
7887,YQPRQVFGTA,6857,True,10,
7888,QIPRPVHAIG,6857,True,10,
7889,SPPRGQMAEL,6857,True,10,
7890,PYPRGYTASG,6857,True,10,
7891,GSPRTLYSPQ,6857,True,10,
7892,QRPAGVMALS,6857,True,10,
7893,YGPLGVKGTK,6857,True,10,
7894,GKPRPVTASG,6857,True,10,
7895,PDPIGMHGVF,6857,True,10,
7896,RTPRAYKGAK,6857,True,10,
7897,PQPRNVHAGW,6857,True,10,
7898,RSPRTLIAPK,6857,True,10,
7899,GSPRLLYAQG,6857,True,10,
7900,NAPRGMRGAW,6857,True,10,
7901,EGPRGSFGPG,6857,True,10,
7902,CWPRELKGHY,6857,True,10,
7903,EWPAGMWTAS,6857,True,10,
7904,FPPRVLHAPA,6857,True,10,
7905,SYPRAYLAPW,6857,True,10,
7906,KAPAGVRAMW,6857,True,10,
7907,RKPAPWRGLG,6857,True,10,
7908,FSPRQVTASG,6857,True,10,
7909,YTPRGNTASG,6857,True,10,
7910,RIPDWMLGMK,6857,True,10,
7911,NHPRGQVSLP,6857,True,10,
7912,SNPAGMTSMF,6857,True,10,
7913,TVPRAWKGNG,6857,True,10,
7914,YRPRGVKGQA,6857,True,10,
7915,TAVGWYSGTF,6857,True,10,
7916,PWPREVTSGH,6857,True,10,
7917,QPRVARSARH,6857,True,10,
7918,SHLAPFYGWR,6857,True,10,
7919,SPTRWMAGST,6857,True,10,
7920,PMARYLFGNW,6857,True,10,
7921,APPKSLYGNK,6857,True,10,
7922,SAPRTLNAPT,6857,True,10,
7923,ERIRGLWGPI,6857,True,10,
7924,NVPRAWQNHG,6857,True,10,
7925,GTVYGMYGTF,6857,True,10,
7926,ILPRNYLGSK,6857,True,10,
7927,RCVRGLHGRG,6857,True,10,
7928,KARFMRWTSA,6857,True,10,
7929,WVPRQVKDIS,6857,True,10,
7930,FTPRQMKGAT,6857,True,10,
7931,FHRSPRPFMT,6857,True,10,
7932,FDVRALHGMH,6857,True,10,
7933,RHPVSNRSWI,6857,True,10,
7934,VTPLGQINVY,6857,True,10,
7935,GSPLSWRGQY,6857,True,10,
7936,QPPTGFRDPA,6857,True,10,
7937,MTPRKMVGQL,6857,True,10,
7938,QNPVSMYGST,6857,True,10,
7939,QLRNPRSYVS,6857,True,10,
7940,TNPRAVYAMI,6857,True,10,
7941,VQPRNYIGAK,6857,True,10,
7942,NGPKGMYSQV,6857,True,10,
7943,MFVKGEHGFD,6857,True,10,
7944,TRPSGWTASG,6857,True,10,
7945,TVPKGVFAVR,6857,True,10,
7946,WVPSWSHVAY,6857,True,10,
7947,KSPRTLYSMH,6857,True,10,
7948,LRARGVTASG,6857,True,10,
7949,WTPSGVKASG,6857,True,10,
7950,LYPRNYHGHV,6857,True,10,
7951,KSPSGWTGKL,6857,True,10,
7952,SRPRTLFDAG,6857,True,10,
7953,GFAHGLKSNY,6857,True,10,
7954,RAPRPLWAWY,6857,True,10,
7955,WHPLGFRSMH,6857,True,10,
7956,RTPKGQVAIT,6857,True,10,
7957,SNPKGMQSQF,6857,True,10,
7958,YRPAQMLGMI,6857,True,10,
7959,NRPSARPTGL,6857,True,10,
7960,PVDAGWTAQI,6857,True,10,
7961,GTVFWYFSGS,6857,True,10,
7962,MKPWSWRSWG,6857,True,10,
7963,QKPRGNFDAF,6857,True,10,
7964,HSPMHLYSVK,6857,True,10,
7965,QHPKGVRAVW,6857,True,10,
7966,KAPRTLVSML,6857,True,10,
7967,IDPKWMKGHS,6857,True,10,
7968,RVPRGVTASG,6857,True,10,
7969,MPMFHGWRTG,6857,True,10,
7970,AKPAGVKGAG,6857,True,10,
7971,PAPRSGDVLI,6857,True,10,
7972,TSPRQYRARA,6857,True,10,
7973,RVPREIYSIF,6857,True,10,
7974,VPPVPDHNPK,6857,True,10,
7975,QKPRNYIAMR,6857,True,10,
7976,STPVGLTATY,6857,True,10,
7977,FCPVHMFAKG,6857,True,10,
7978,FDPRSNRGRH,6857,True,10,
7979,IVPRGVTSHK,6857,True,10,
7980,PMVRYLKGPG,6857,True,10,
7981,GQPRGVTASG,6857,True,10,
7982,VQPRQVTASG,6857,True,10,
7983,CGPVRFTASG,6857,True,10,
7984,HTVRGMSGMT,6857,True,10,
7985,AMPKGVFDVH,6857,True,10,
7986,PGPRSVIGSG,6857,True,10,
7987,PRPRSYRGPW,6857,True,10,
7988,TYPRGWISGT,6857,True,10,
7989,AEPSGVTASG,6857,True,10,
7990,FKPSGWISIT,6857,True,10,
7991,VSPRTLIANH,6857,True,10,
7992,WQPRLYTGRY,6857,True,10,
7993,TEPRNVIGPW,6857,True,10,
7994,TVPRQWMSIY,6857,True,10,
7995,PNPAQMRTGR,6857,True,10,
7996,VQPRGVHAQA,6857,True,10,
7997,WAPRGSTASG,6857,True,10,
7998,DTPYGMKTPG,6857,True,10,
7999,RTVRGMKGPV,6857,True,10,
8000,PRPSAFRDEF,2443,True,10,
8001,RTVTGMHSAG,2443,True,10,
8002,CAVAWLMGPH,2443,True,10,
8003,PLNRIRFLTD,2443,True,10,
8004,TATNAPYPHP,2443,True,10,
8005,LTPRQVNGVK,2443,True,10,
8006,RPRPLRFSEA,2443,True,10,
8007,GPPSLIYGPH,2443,True,10,
8008,TRPAQMRNEH,2443,True,10,
8009,PGPRSYTASG,2443,True,10,
8010,NPVYNLFSPG,2443,True,10,
8011,TMPRQVFAMW,2443,True,10,
8012,VRPMQYVGLQ,2443,True,10,
8013,QVPRQVKDVG,2443,True,10,
8014,GSPIPLWSPG,2443,True,10,
8015,FSPLSWRAEL,2443,True,10,
8016,HSVYSLWGMY,2443,True,10,
8017,QGPFAMYGEL,2443,True,10,
8018,AGPSGWVPNA,2443,True,10,
8019,ERPIELYAIW,2443,True,10,
8020,GFPLGQITAS,2443,True,10,
8021,EAPLGFVYHK,2443,True,10,
8022,VSPLDQSVTG,2443,True,10,
8023,VMPRGVAYWG,2443,True,10,
8024,HVPVWYLGQS,2443,True,10,
8025,ITPLYWRHQF,2443,True,10,
8026,IVPLNSWGHK,2443,True,10,
8027,NSPSDLYSHA,2443,True,10,
8028,VTPSELYDEG,2443,True,10,
8029,IVPSWILGVG,2443,True,10,
8030,VQPSGFTASG,2443,True,10,
8031,FPPYSWQTPG,2443,True,10,
8032,GAVFSLSTAS,2443,True,10,
8033,VRPLQYTGPA,2443,True,10,
8034,SAPSLYFAHY,2443,True,10,
8035,IRPRSYLGTF,2443,True,10,
8036,QAPRQVTASG,2443,True,10,
8037,GVPRQVQTAS,2443,True,10,
8038,QEVFGMYAMF,2443,True,10,
8039,KPPSSYFVMY,2443,True,10,
8040,QAPMGVVYAG,2443,True,10,
8041,PPVLGFTASG,2443,True,10,
8042,SAPSDLKGQF,2443,True,10,
8043,TAPSELWGGR,2443,True,10,
8044,TAPAQMHNTL,2443,True,10,
8045,TQPTGLTALG,2443,True,10,
8046,SPSKGEAMQF,2443,True,10,
8047,GFPLGQIGPG,2443,True,10,
8048,EPVWSLMGPG,2443,True,10,
8049,NAPHQMLGNK,2443,True,10,
8050,NAPAHWTSWF,2443,True,10,
8051,GQPRPLVTAS,2443,True,10,
8052,QRVLAVYGAH,2443,True,10,
8053,QSPVEMWGPS,2443,True,10,
8054,AVPRQVTGEQ,2443,True,10,
8055,YPSIPVIAGT,2443,True,10,
8056,VPPLPVMYPH,2443,True,10,
8057,QGPYHMLNEW,2443,True,10,
8058,GPVFSLSTAS,2443,True,10,
8059,WAVLGMHSRS,2443,True,10,
8060,VGVFWLRGPA,2443,True,10,
8061,REPVAYHVSG,2443,True,10,
8062,DMPFCLRGPF,2443,True,10,
8063,TVPYQMRGET,2443,True,10,
8064,VPPRQYLGWT,2443,True,10,
8065,RAPASMLGPH,2443,True,10,
8066,QPPFTLNTQL,2443,True,10,
8067,WPVYSLWGAQ,2443,True,10,
8068,PAPRQVMVIL,2443,True,10,
8069,VGPRSLSAQG,2443,True,10,
8070,GRPVSLYALG,2443,True,10,
8071,SRPYGLVFWA,2443,True,10,
8072,WVPRARFSWV,2443,True,10,
8073,FGTVALYAPY,2443,True,10,
8074,LVPFRLSGPI,2443,True,10,
8075,RGPVQMYSEG,2443,True,10,
8076,GTPRESVTAS,2443,True,10,
8077,EQPIPGQCIY,2443,True,10,
8078,TPAQHMWGEA,2443,True,10,
8079,RSPSLYWSGV,2443,True,10,
8080,ARVAPEFSLG,2443,True,10,
8081,TEFAGLSGPI,2443,True,10,
8082,RPALDMWVGF,2443,True,10,
8083,GTPIELYTAS,2443,True,10,known_sequence
8084,VKPVYWMGPA,2443,True,10,
8085,PNVFSLISPS,2443,True,10,
8086,FRPLQYLAPQ,2443,True,10,
8087,GSPRQYTGWS,2443,True,10,
8088,SLPTGLFSGQ,2443,True,10,
8089,PRPRQYWNHA,2443,True,10,
8090,NFVFYLQTPH,2443,True,10,
8091,VAPAGMHGPS,2443,True,10,
8092,YVPSAQYTGT,2443,True,10,
8093,RVPRQVFAEA,2443,True,10,
8094,PVPKLLYSLV,2443,True,10,
8095,RPPSNFLSAQ,2443,True,10,
8096,TRPFGLYSEQ,2443,True,10,
8097,RQPTGFRVAG,2443,True,10,
8098,GSPRAFTSTG,2443,True,10,
8099,VNPIPLWSQS,2443,True,10,
8100,AVPRQVLYGL,2443,True,10,
8101,VDPYGMHYES,2443,True,10,
8102,VRPLQYTGTA,2443,True,10,
8103,QVPVELWGPA,2443,True,10,
8104,QGPAEMTQES,2443,True,10,
8105,RIPEPLSAPS,2443,True,10,
8106,SRPLQYLNQI,2443,True,10,
8107,SGPYHVTVTA,2443,True,10,
8108,IPASWLSGHS,2443,True,10,
8109,IRPRRLSNGR,2443,True,10,
8110,KGPVAYTASG,2443,True,10,
8111,NAPLPVYNPV,2443,True,10,
8112,EPVWGVTASG,2443,True,10,
8113,PGEVPRASRP,2443,True,10,
8114,EAPLAVLTQW,2443,True,10,
8115,VPFQGLSDMS,2443,True,10,
8116,RSPRTLFSPF,2443,True,10,
8117,HAPLQMTGPG,2443,True,10,
8118,ERPVPYASPV,2443,True,10,
8119,PVPKQLFSAG,2443,True,10,
8120,SGPIELWATA,2443,True,10,
8121,PTPWRFINPG,2443,True,10,
8122,DPYFSMSNWF,2443,True,10,
8123,VGPAQMLDAG,2443,True,10,
8124,VAPTGLFAEK,2443,True,10,
8125,KDPSGFWFSG,2443,True,10,
8126,TAPSGWTASG,2443,True,10,
8127,RAPEFLYGLT,2443,True,10,
8128,EPVYWMRGTR,2443,True,10,
8129,LSPRQYSGMA,2443,True,10,
8130,TSPVELASGI,2443,True,10,
8131,SHPSQYFGVA,2443,True,10,
8132,HAPLGFAYNG,2443,True,10,
8133,RVPVGLFSTA,2443,True,10,
8134,ATPRQVIGNT,2443,True,10,
8135,EAIGNFWGNW,2443,True,10,
8136,QPPLSWVTSA,2443,True,10,
8137,RMPLYMHGMT,2443,True,10,
8138,VIPFMGAPGY,2443,True,10,
8139,NPVLSQSTFT,2443,True,10,
8140,IAPREILGTG,2443,True,10,
8141,RNPAQMAGNG,2443,True,10,
8142,NPPTGLTASG,2443,True,10,
8143,RSPLMSWAGF,2443,True,10,
8144,RAPLPFIGEG,2443,True,10,
8145,WVFQELRGTG,2443,True,10,
8146,SPPINMIGMG,2443,True,10,
8147,HPAYNFRGNA,2443,True,10,
8148,HVPSTLVSAG,2443,True,10,
8149,VIPFPFIGQD,2443,True,10,
8150,GEPRWVMSVA,2443,True,10,
8151,TAPAEVWAQG,2443,True,10,
8152,RSPLSYISGS,2443,True,10,
8153,FHPYQLRNRI,2443,True,10,
8154,RQPYLWRSQP,2443,True,10,
8155,TLPTGNHAWR,2443,True,10,
8156,EVPFRLFGET,2443,True,10,
8157,RGPSSYTASG,2443,True,10,known_sequence
8158,YSPSSWTVPR,2443,True,10,
8159,TSPYGYRNPF,2443,True,10,
8160,KPVFSLMGNY,2443,True,10,
8161,ADPYHMYGSG,2443,True,10,
8162,VQPRELYGPG,2443,True,10,
8163,PHGASLTASG,2443,True,10,
8164,PQPSGFIDPV,2443,True,10,
8165,RIPRFLWSPT,2443,True,10,
8166,RNPLGYIVTA,2443,True,10,
8167,PAVRAHWDPR,2443,True,10,
8168,AMPLSQTGSG,2443,True,10,
8169,SGPSDYASTA,2443,True,10,
8170,NIPSWSIGPV,2443,True,10,
8171,GPPLSFLDNS,2443,True,10,
8172,RIPLPYSTAV,2443,True,10,
8173,QKLASLVGRG,2443,True,10,
8174,TRPVAFLSVT,2443,True,10,
8175,TVPRQVSDKS,2443,True,10,
8176,AVPLPVTSPG,2443,True,10,
8177,PVPSWLIGTG,2443,True,10,
8178,AVTFALHAPG,2443,True,10,
8179,RAEDTDQYGY,2443,True,10,
8180,GAPVQLITAS,2443,True,10,
8181,KSPLSYIGWT,2443,True,10,
8182,TAPYQMRTAS,2443,True,10,
8183,PPGTSLRGAG,2443,True,10,
8184,VEPFGYWATA,2443,True,10,
8185,PRPHLGSGWA,2443,True,10,
8186,GAPFHMTNWR,2443,True,10,
8187,GIPLPSMNWG,2443,True,10,
8188,RSPLKFTGGQ,2443,True,10,
8189,GRVHPHNSGF,2443,True,10,
8190,LGPAPMIAVK,2443,True,10,
8191,IGAFHLYGPL,2443,True,10,
8192,AGPSRLSGTK,2443,True,10,
8193,PAPSSLWDLG,2443,True,10,
8194,QRVDLLHSHF,2443,True,10,
8195,MVPKWMRGEL,2443,True,10,
8196,TSPFAYVGES,2443,True,10,
8197,HVPLWSHATV,2443,True,10,
8198,SLYRALYSPV,2443,True,10,
8199,KGPLSYFGEF,2443,True,10,
8200,TPSVKLYAWG,2443,True,10,
8201,RAPSSYRVSY,2443,True,10,
8202,YTPSGFYVHF,2443,True,10,
8203,ASPLASTYPF,2443,True,10,
8204,GAPREQLAWQ,2443,True,10,
8205,PVPVQMKTPQ,2443,True,10,
8206,IGPFRLFDEF,2443,True,10,
8207,EIPSWIMYEK,2443,True,10,
8208,VTPASMYGPA,2443,True,10,
8209,MRPSAQTASG,2443,True,10,
8210,QRPFRLSGDF,2443,True,10,
8211,HPPYASWGTL,2443,True,10,
8212,KPPSDLWVEH,2443,True,10,
8213,GSPVQMTGNV,2443,True,10,
8214,HAPVQYTASG,2443,True,10,
8215,KPPASLSTEG,2443,True,10,
8216,GDPLGQIFPI,2443,True,10,
8217,LAPRYWTASG,2443,True,10,known_sequence
8218,TAPRQVTGNG,2443,True,10,
8219,IPNFGLAMAG,2443,True,10,
8220,VAPAQMRGTQ,2443,True,10,
8221,VAPRPFGDIR,2443,True,10,
8222,GVPSQVPTAS,2443,True,10,
8223,ADPYQMRTWF,2443,True,10,
8224,AGPIHMAGVT,2443,True,10,
8225,ARPVQYHGES,2443,True,10,
8226,GDPSAMLSTG,2443,True,10,
8227,GPPRQVKSLG,2443,True,10,
8228,FPPYDVAVNG,2443,True,10,
8229,NVPVQLHGPG,2443,True,10,
8230,DTPYGSTASG,2443,True,10,
8231,TNVFWYTGQT,2443,True,10,
8232,TGPYQMWNPY,2443,True,10,
8233,SIPNAFLGEV,2443,True,10,
8234,GRPAQVQTAS,2443,True,10,
8235,RAPSMLTASG,2443,True,10,known_sequence
8236,TSPYGYFDWL,2443,True,10,
8237,DQFGALYGPG,2443,True,10,
8238,YTMYPMFNGS,2443,True,10,
8239,PSPRQVIVLQ,2443,True,10,
8240,FIPFPFMNPG,2443,True,10,
8241,VHPSGFWVER,2443,True,10,
8242,QRPLQYTGIF,2443,True,10,
8243,PRVAIYQGVA,2443,True,10,
8244,NDPVSYTASG,2443,True,10,
8245,EAPRNVHGMK,2443,True,10,
8246,RARFKRGVLV,2443,True,10,
8247,AGPSPFTASG,2443,True,10,
8248,SRPLQYTGTI,2443,True,10,
8249,RAPLNFMVTF,2443,True,10,
8250,GDPLPQMGAI,2443,True,10,
8251,MRPIELYAPQ,2443,True,10,
8252,PKPAQMIGSQ,2443,True,10,
8253,PRPSYLHAYV,2443,True,10,
8254,RPHFSNIAPY,2443,True,10,
8255,PRPRQFIGNH,2443,True,10,
8256,EPLYDMSGLH,2443,True,10,
8257,CDPSAFTSEG,2443,True,10,
8258,EQPVQMHNEG,2443,True,10,
8259,ERPLPQMTAS,2443,True,10,
8260,EQPFPDSYSV,2443,True,10,
8261,MVPVYLMGNL,2443,True,10,
8262,CTPYGMTASG,2443,True,10,
8263,QSPVQMYSAF,2443,True,10,
8264,PVPRKLVSAH,2443,True,10,
8265,WKPIELWGTH,2443,True,10,
8266,GVPLWVTASG,2443,True,10,
8267,GAPRQVYTAS,2443,True,10,
8268,RPVAQMASPY,2443,True,10,
8269,RPPLMLAVAY,2443,True,10,
8270,RGPVQMVGQF,2443,True,10,
8271,VYPFRLNWGA,2443,True,10,
8272,VRIYGLHSLH,2443,True,10,
8273,GAPARFTASG,2443,True,10,
8274,KSPLGYLSAT,2443,True,10,
8275,VAPMLWRSNW,2443,True,10,
8276,RIPVLYIGPG,2443,True,10,
8277,HPPSGWTASG,2443,True,10,
8278,SPVKAQSLGT,2443,True,10,
8279,FQPSPFWDSH,2443,True,10,
8280,AVAFHWHGPR,2443,True,10,
8281,TPPSAFRAPK,2443,True,10,
8282,GPVYSLYTAS,2443,True,10,
8283,AEPFGMHGPG,2443,True,10,
8284,QAPSHWIVWL,2443,True,10,
8285,QPVFALFSPW,2443,True,10,
8286,PDPSAVTASG,2443,True,10,
8287,RSPLMYIGHP,2443,True,10,
8288,QVPVQMWNPK,2443,True,10,
8289,DVAFHWLGSY,2443,True,10,
8290,QAPRQITGSW,2443,True,10,
8291,RTPIGMVGEH,2443,True,10,
8292,TVPYQLAVNK,2443,True,10,
8293,VSTLPLHSNG,2443,True,10,
8294,PGVFWMSFPF,2443,True,10,
8295,KGPSGWTASG,2443,True,10,
8296,SGPSDLMNTA,2443,True,10,
8297,TPPVELTASG,2443,True,10,known_sequence
8298,PGPSMVIDSY,2443,True,10,
8299,FPPGAMSNTR,2443,True,10,
8300,RKVYGMYSPF,2443,True,10,
8301,RVPVELHDQG,2443,True,10,
8302,GCPSAMITAS,2443,True,10,
8303,VQPFQLYSER,2443,True,10,
8304,RNFQALANPK,2443,True,10,
8305,PQPRHYIGAH,2443,True,10,
8306,LRPRQYTGAK,2443,True,10,
8307,ADPRQLIGAL,2443,True,10,
8308,ARPFWMRHLV,2443,True,10,
8309,RQLAAFYSLH,2443,True,10,
8310,TNPYGMYGEI,2443,True,10,
8311,ATPSWVHSMF,2443,True,10,
8312,RGPVLYIGWL,2443,True,10,
8313,EVARAWYSTG,2443,True,10,
8314,STVFHQISEA,2443,True,10,
8315,VPPSPWTGNR,2443,True,10,
8316,GQPFAWTGSR,2443,True,10,
8317,SHVFWDTSGK,2443,True,10,
8318,NVPVQMIVNH,2443,True,10,
8319,QRPLQYTGWG,2443,True,10,
8320,ARPSALASEH,2443,True,10,
8321,PGPAPMSAAH,2443,True,10,
8322,TRPSPFWGST,2443,True,10,
8323,PAVYGISALG,2443,True,10,
8324,VGPSGMTASG,2443,True,10,
8325,RIPASMKDTF,2443,True,10,
8326,ARPVQYTGVG,2443,True,10,
8327,AIPRAYTVPL,2443,True,10,
8328,EPLYDMHGHY,2443,True,10,
8329,VGPAPMWSQG,2443,True,10,
8330,IVPQRLSGVQ,2443,True,10,
8331,INVFWYTGWI,2443,True,10,
8332,DTPYQYRSPH,2443,True,10,
8333,KPVYGMFSGH,2443,True,10,
8334,IDPSGFTASG,2443,True,10,
8335,ITPSWMINQG,2443,True,10,
8336,PRHVPEDPLN,2443,True,10,
8337,SVPSHVLTTA,2443,True,10,
8338,TPVGWMRSPG,2443,True,10,
8339,QYPVELRGSL,2443,True,10,
8340,RTPVQMYSNW,2443,True,10,
8341,RDPLQMRDSG,2443,True,10,
8342,RDPSGFLSVI,2443,True,10,
8343,PGPRQYAGNR,2443,True,10,
8344,GQVRALTSGW,2443,True,10,
8345,EVSQGLASVG,2443,True,10,
8346,PDPYGLVYLV,2443,True,10,
8347,KTPTGLSGNF,2443,True,10,
8348,RAPLHMQYEG,2443,True,10,
8349,FGPRMLYGNT,2443,True,10,
8350,ADPYGMRFNV,2443,True,10,
8351,RLPVAYTASG,2443,True,10,
8352,VTPLGQISEH,2443,True,10,
8353,TVPSWIHGAH,2443,True,10,
8354,TLPVPFANGR,2443,True,10,
8355,PHTPLGQVSF,2443,True,10,
8356,EIPFHLVSGF,2443,True,10,
8357,GNPMPYHSNF,2443,True,10,
8358,RSPLSYTAPV,2443,True,10,
8359,QPLSWVLAGF,2443,True,10,
8360,GAPRILTSQG,2443,True,10,
8361,GPVFALIAHG,2443,True,10,
8362,FTPSWSTASG,2443,True,10,
8363,ALYASLIGEG,2443,True,10,
8364,TRPSWVHVGW,2443,True,10,
8365,GQPFQYQGQH,2443,True,10,
8366,PSPRYLIGRT,2443,True,10,
8367,MRPSWVTASG,2443,True,10,
8368,SNPSPFTASG,2443,True,10,
8369,PSPYSWVANS,2443,True,10,
8370,RTPVAMTASG,2443,True,10,
8371,VTPLYWAGPR,2443,True,10,
8372,PSPSDYTASG,2443,True,10,
8373,VGPRLYQGPK,2443,True,10,
8374,FRPHWSRHGI,2443,True,10,
8375,KAPSDLVGTG,2443,True,10,
8376,SVPSKLMGPI,2443,True,10,
8377,WPVYDLRARL,2443,True,10,
8378,GRPRQYLSEL,2443,True,10,
8379,GHPIPFWMGY,2443,True,10,
8380,QGMQMLPRQF,2443,True,10,
8381,WSPRQYMAQH,2443,True,10,
8382,AWPVAFLAEH,2443,True,10,
8383,MAPINMRNLG,2443,True,10,
8384,PAPRLYLGQT,2443,True,10,
8385,NPFKGQTLPI,2443,True,10,
8386,YQPSQYTNWH,2443,True,10,
8387,IGPAPMWNTQ,2443,True,10,
8388,HAPRQIWALG,2443,True,10,
8389,VQAHILYGNG,2443,True,10,
8390,DPPYQMVAHW,2443,True,10,
8391,HTPVQYYSVW,2443,True,10,
8392,GSPREIHGSH,2443,True,10,
8393,YAPSHWIGPH,2443,True,10,
8394,PAPLDVMGKG,2443,True,10,
8395,TPPSYLYAEQ,2443,True,10,
8396,APIRAYFGWY,2443,True,10,
8397,ISPVQYWSMG,2443,True,10,
8398,AGVFSWYSMA,2443,True,10,
8399,KDPGSMRNSR,2443,True,10,
8400,NRPLGFTGQI,1840,True,10,
8401,GVPRAVQGTQ,1840,True,10,
8402,HFPRAYTGSH,1840,True,10,
8403,HTVRGVYQMI,1840,True,10,
8404,FMPRYFYAQW,1840,True,10,
8405,RWPAHWRGAW,1840,True,10,
8406,IGVRAVSGQH,1840,True,10,
8407,YRPRQYSAPG,1840,True,10,
8408,RAPRFWYGPL,1840,True,10,
8409,FRVLGLHGVY,1840,True,10,
8410,NTPRGNTGTG,1840,True,10,
8411,TSPRYWTASG,1840,True,10,
8412,VLPRPFISIR,1840,True,10,
8413,RMPRYFLNMS,1840,True,10,
8414,FMPRAYFGMV,1840,True,10,
8415,RPPRSSIGWI,1840,True,10,
8416,VRAVHFYGNW,1840,True,10,
8417,AFVRAIYSPY,1840,True,10,
8418,TSPRAYTGAQ,1840,True,10,
8419,WFVRGVTVNT,1840,True,10,
8420,SKPRGNTGSG,1840,True,10,
8421,VHPRAFLGWV,1840,True,10,
8422,FYPVHFLGMS,1840,True,10,
8423,WHPRSWIGAY,1840,True,10,
8424,VNPSWRSVAS,1840,True,10,
8425,TMPGAMKGTW,1840,True,10,
8426,KWPRAYTASG,1840,True,10,
8427,SAPRGVTALA,1840,True,10,
8428,GVPRAVSAMT,1840,True,10,
8429,VPPREVRSQK,1840,True,10,
8430,TSPYGQKSGY,1840,True,10,
8431,QDPRSYRALF,1840,True,10,
8432,HNTLWMFSMQ,1840,True,10,
8433,ITPRSYLGMQ,1840,True,10,
8434,PQPRAYKGWR,1840,True,10,
8435,KVPVWMYGTS,1840,True,10,
8436,WFWFAFRGQG,1840,True,10,
8437,LRPREVSTAS,1840,True,10,
8438,TEPRSWTASG,1840,True,10,
8439,TQPTGFTASG,1840,True,10,
8440,GMPRYVKVIA,1840,True,10,
8441,TRPRSYFSMW,1840,True,10,
8442,WRPRWYIGNA,1840,True,10,
8443,MAPRYWTGLR,1840,True,10,
8444,TAPRSWQVTY,1840,True,10,
8445,RWALGMYGAQ,1840,True,10,
8446,TVPRAWIGNV,1840,True,10,
8447,TEPRGSTSEG,1840,True,10,
8448,YVPRAVYNQK,1840,True,10,
8449,HQPRSYFGMV,1840,True,10,
8450,WHQRGPVHPN,1840,True,10,
8451,THPRSLYGQG,1840,True,10,
8452,DSPRYWIGAQ,1840,True,10,
8453,PQPRMKSGSR,1840,True,10,
8454,YGPRAVTVHL,1840,True,10,
8455,QLPRAYLSHL,1840,True,10,
8456,YVPRAVKAMF,1840,True,10,
8457,QTPRGQVAGY,1840,True,10,
8458,YVPRSWIGWV,1840,True,10,
8459,MIPRYWAGWG,1840,True,10,
8460,GWPRGVFTAS,1840,True,10,
8461,MTPRSYKSMS,1840,True,10,
8462,RAPLHWIGRT,1840,True,10,
8463,NFPRGSTSGK,1840,True,10,
8464,DGPRGYTVMW,1840,True,10,
8465,LMPRYWRGIY,1840,True,10,
8466,PHVRGVTASG,1840,True,10,
8467,SWGRALHNMF,1840,True,10,
8468,LWYRSMLGRG,1840,True,10,
8469,FTPMGFYSMG,1840,True,10,
8470,GMPRASHGMI,1840,True,10,
8471,FPPRNVLGPL,1840,True,10,
8472,GSPRQWRTAS,1840,True,10,
8473,VLPRAFWAGT,1840,True,10,
8474,YPVSSLYGHG,1840,True,10,
8475,VHPRSWISGH,1840,True,10,
8476,RGPVAFYAPY,1840,True,10,
8477,AMPRYWTASG,1840,True,10,
8478,DTPRGFSDGY,1840,True,10,
8479,DQPSGWTASG,1840,True,10,
8480,SQPRVLVGGR,1840,True,10,
8481,NAPSGWTVPY,1840,True,10,
8482,AKPRGYLSPG,1840,True,10,
8483,QKPRNYMAPI,1840,True,10,
8484,SVPRGVRVGR,1840,True,10,
8485,AFPRYWRTWS,1840,True,10,
8486,QPVRAVYGLF,1840,True,10,
8487,LGPYHMLGPT,1840,True,10,
8488,WIPRAVAALH,1840,True,10,
8489,KSPRGWTVGW,1840,True,10,
8490,MWARSYVGWY,1840,True,10,
8491,GVPRAVLTAS,1840,True,10,
8492,TRPRVTFGPL,1840,True,10,
8493,WMPRSMYGMK,1840,True,10,
8494,DVPKGVYSWI,1840,True,10,
8495,GAPRSDYISQ,1840,True,10,
8496,NWPRGYFASK,1840,True,10,
8497,YGPRPYASTS,1840,True,10,
8498,EGVFGIFSWT,1840,True,10,
8499,RSPVGFYVSR,1840,True,10,
8500,AIPRSWTASG,1840,True,10,
8501,YMPRNVSAML,1840,True,10,
8502,DGVRAVHGWY,1840,True,10,
8503,ITPRGDVSIR,1840,True,10,
8504,MYPRVYLGPG,1840,True,10,
8505,TVPRAWSDIS,1840,True,10,
8506,LTPRTYVGTW,1840,True,10,
8507,LVPRGVRAMW,1840,True,10,
8508,HIVAGMAGSF,1840,True,10,
8509,WMPRAYAGTF,1840,True,10,
8510,KMPRPFWAMG,1840,True,10,
8511,AVPRAVYGPV,1840,True,10,
8512,GIPRSWTSAR,1840,True,10,
8513,RSPVHMLGQS,1840,True,10,
8514,VHVRALIAPS,1840,True,10,
8515,AGPRSHYGHG,1840,True,10,
8516,ERPSGVTASG,1840,True,10,
8517,GSPRQMKTAT,1840,True,10,
8518,HQPRNVTGEF,1840,True,10,
8519,HMPRYYIALA,1840,True,10,
8520,HFAYHWSGPG,1840,True,10,
8521,VFPRVYTASG,1840,True,10,
8522,RHPRPFVGNM,1840,True,10,
8523,DVPRYWRGVF,1840,True,10,
8524,FVPRQVFALF,1840,True,10,
8525,FSPRVLSQVF,1840,True,10,
8526,VLPRAFIGQF,1840,True,10,
8527,RTPRGVYSEF,1840,True,10,
8528,VPERVIYSPF,1840,True,10,
8529,RPPRGLTASG,1840,True,10,
8530,NVPRAWTGEV,1840,True,10,
8531,IMNPFCWGMF,1840,True,10,
8532,HIPRPVHAPG,1840,True,10,
8533,TDPFGFRNLF,1840,True,10,
8534,MWPVHMLGVK,1840,True,10,
8535,SAPRYWISNR,1840,True,10,
8536,PFPRGYTNHA,1840,True,10,
8537,PHPRSWSGAQ,1840,True,10,
8538,GKPRSYFGWY,1840,True,10,
8539,LVPKSVSVTG,1840,True,10,
8540,GRPRAVLTAS,1840,True,10,
8541,YRVLARGVFR,1840,True,10,
8542,QSPRYWQTVS,1840,True,10,
8543,IQVRAYIGQS,1840,True,10,
8544,SVPRNVIGQA,1840,True,10,
8545,VPWRPLFYWG,1840,True,10,
8546,VGPVSFRGAR,1840,True,10,
8547,WGPSGWTSQT,1840,True,10,
8548,WYPRAYTNHR,1840,True,10,
8549,SHVRAVRGES,1840,True,10,
8550,KHPRSHRADW,1840,True,10,
8551,GNPRSYTASG,1840,True,10,
8552,FHPRAFYNGT,1840,True,10,
8553,HTVRGVRGPT,1840,True,10,
8554,HVPRQVRALK,1840,True,10,
8555,PTPRYWIAPG,1840,True,10,
8556,QSPRYWRPGY,1840,True,10,
8557,YTVRSWYGLH,1840,True,10,
8558,GWPRSHRTAS,1840,True,10,
8559,YLPRAFLGPI,1840,True,10,
8560,VGVRAVTASG,1840,True,10,
8561,MPREVRSVYN,1840,True,10,
8562,SVPRAFNGPG,1840,True,10,
8563,MRPRILMSQY,1840,True,10,
8564,LRVWGCRAWN,1840,True,10,
8565,MQPRGVMSPK,1840,True,10,
8566,SGPRSYIGTA,1840,True,10,
8567,WGPRSYLGNL,1840,True,10,
8568,QWPRQYRSES,1840,True,10,
8569,RWRQPRAVAQ,1840,True,10,
8570,IFPARFSGPA,1840,True,10,
8571,HCPRPFWAIG,1840,True,10,
8572,PWRTVKASPP,1840,True,10,
8573,RDWRAFTGAL,1840,True,10,
8574,RAYRAMFSVY,1840,True,10,
8575,RTPHGMYNSG,1840,True,10,
8576,TSPREVTGQS,1840,True,10,
8577,TKVSGWTASG,1840,True,10,
8578,MQPRDILGAF,1840,True,10,
8579,MVPRYLYVGL,1840,True,10,
8580,PVPRGWTASG,1840,True,10,
8581,LIFSQWIVPK,1840,True,10,
8582,VQPRSWRGNA,1840,True,10,
8583,TYPRAVHQGF,1840,True,10,
8584,IKPRGWTASG,1840,True,10,
8585,PMVRYLFSPT,1840,True,10,
8586,VRVLSLFATF,1840,True,10,
8587,GRPVGFYSTQ,1840,True,10,
8588,VYPRAFYAPV,1840,True,10,
8589,NYPRSWTASG,1840,True,10,
8590,SMPRQYTGPG,1840,True,10,
8591,FHPRGSTASG,1840,True,10,
8592,PIPRYWRASQ,1840,True,10,
8593,NVPRAVIVAR,1840,True,10,
8594,TPVYWMRSPY,1840,True,10,
8595,MTPYGMTNPL,1840,True,10,
8596,RSPRGVTASG,1840,True,10,
8597,RQPRYWTASG,1840,True,10,
8598,VVPRAVQASH,1840,True,10,
8599,ETPRGQVSHY,1840,True,10,
8600,KSWYGMRVGA,1840,True,10,
8601,HIPRYWTASG,1840,True,10,
8602,RGPSGYTASG,1840,True,10,
8603,QNPRSYISTI,1840,True,10,
8604,VGPRAFYAPT,1840,True,10,
8605,TAVRAIYSAW,1840,True,10,
8606,TKPRGQFSGF,1840,True,10,
8607,LTPRYWAGPG,1840,True,10,
8608,VSPRAFYASG,1840,True,10,
8609,EMPRSWTNPR,1840,True,10,
8610,GKPKGQSTAS,1840,True,10,
8611,GRPRGVRTAS,1840,True,10,
8612,IWPRAYKGVW,1840,True,10,
8613,GWPRAVFTAS,1840,True,10,
8614,LVPRASTGTR,1840,True,10,
8615,SFPRMLVGIF,1840,True,10,
8616,KVPRYWTASG,1840,True,10,
8617,SQPRNYQGPQ,1840,True,10,
8618,PWPREVYGAH,1840,True,10,
8619,ISVRAVWGQG,1840,True,10,
8620,LTPVGSWRQV,1840,True,10,
8621,HTPRGSYTAK,1840,True,10,
8622,LVPVGFRGSL,1840,True,10,
8623,WYFASMVSMS,1840,True,10,
8624,KHPRGVFVPQ,1840,True,10,
8625,PSPVDQMGKA,1840,True,10,
8626,HDPRSLYGSG,1840,True,10,
8627,SVPVGFQGIR,1840,True,10,
8628,IKPWAWISVF,1840,True,10,
8629,IRTVIQSLGP,1840,True,10,
8630,TPVYGMYSVY,1840,True,10,
8631,KNPEGVRGAI,1840,True,10,
8632,AVARAWYGTG,1840,True,10,
8633,SQPRGVMGHL,1840,True,10,
8634,KHPYGFRSLR,1840,True,10,
8635,KGPRTLNSNL,1840,True,10,
8636,YRPAGVLGVG,1840,True,10,
8637,RNPRFLIAMI,1840,True,10,
8638,QSPKGVTGRI,1840,True,10,
8639,ARPVSNWGWF,1840,True,10,
8640,TNPRSYRVPI,1840,True,10,
8641,RNPVGMSGPW,1840,True,10,
8642,TDPRAFVGQH,1840,True,10,
8643,IFPRGVFSPQ,1840,True,10,
8644,VPARSWTGPL,1840,True,10,
8645,SVPRAFLNWQ,1840,True,10,
8646,VKPVYWRAQW,1840,True,10,
8647,GNPRSWRTAS,1840,True,10,
8648,EWPRGSTASG,1840,True,10,
8649,WAPRSNTASG,1840,True,10,
8650,YSPRQYANIK,1840,True,10,
8651,VGPRYWQGIQ,1840,True,10,
8652,HRVYGLTASG,1840,True,10,
8653,HTVRGVRGAQ,1840,True,10,
8654,HTPRAYWGLH,1840,True,10,
8655,HAPRPFQSIG,1840,True,10,
8656,WVPRAVQSEH,1840,True,10,
8657,WMPRYFIGQH,1840,True,10,
8658,NQPRSWRGVW,1840,True,10,
8659,DVPRQVFGLY,1840,True,10,
8660,YPRELRSALI,1840,True,10,
8661,LWVRAHRSAH,1840,True,10,
8662,SKPRGYTGML,1840,True,10,
8663,QGPRSWTGMS,1840,True,10,
8664,MSPVGFWNQR,1840,True,10,
8665,PSPRTFYVMF,1840,True,10,
8666,LVPRQVWYVS,1840,True,10,
8667,WHPRSWIGAT,1840,True,10,
8668,WTPRSNYAMF,1840,True,10,
8669,FSPRAFLANY,1840,True,10,
8670,QWGRALRGPF,1840,True,10,
8671,GYPRAFYGIR,1840,True,10,
8672,PVPRPVSGPW,1840,True,10,
8673,DNPFGFRAKF,1840,True,10,
8674,HMTQWLYGAS,1840,True,10,
8675,EHPRGQVALG,1840,True,10,
8676,RMPRYFYGSW,1840,True,10,
8677,SRPRPFYSTK,1840,True,10,
8678,RNPRGMSYAW,1840,True,10,
8679,TQPRAFWGAH,1840,True,10,
8680,TPFGSLYGWR,1840,True,10,
8681,TGPKGMSGPG,1840,True,10,
8682,RSVRGVSGTV,1840,True,10,
8683,PAPRAVQSPR,1840,True,10,
8684,YVPSGWTASG,1840,True,10,
8685,CRPRAVFSRW,1840,True,10,
8686,KLPRAYQGHA,1840,True,10,
8687,WNPRSWRGPA,1840,True,10,
8688,DYPRAFAGAT,1840,True,10,
8689,CMPRYWQGVR,1840,True,10,
8690,TGPRSWLGMI,1840,True,10,
8691,VWPREVIAPQ,1840,True,10,
8692,VPPRSWFTPQ,1840,True,10,
8693,WVPRMLVGIF,1840,True,10,
8694,GHPYGFRTAS,1840,True,10,
8695,TSMNSLFVMT,1840,True,10,
8696,RNPYNWRNEV,1840,True,10,
8697,FHPRGVTVGK,1840,True,10,
8698,SHPRGYTQRS,1840,True,10,
8699,PLPRYWTGQK,1840,True,10,
8700,PHVRAHRVIK,1840,True,10,
8701,IQPRGWTASG,1840,True,10,
8702,GRPRSYITAS,1840,True,10,
8703,FVPRAQYSWL,1840,True,10,
8704,SPRIPKSEVK,1840,True,10,
8705,VMPRSYFGWF,1840,True,10,
8706,VLPRDYHGSI,1840,True,10,
8707,IWVAGIYSQG,1840,True,10,
8708,MYPRTLVGQF,1840,True,10,
8709,FGPYGMRVMY,1840,True,10,
8710,YRPRGFRNAV,1840,True,10,
8711,FHPRAIYGMY,1840,True,10,
8712,KYPRAYKGPI,1840,True,10,
8713,HYPRGSTASG,1840,True,10,
8714,VMPRSWTNPQ,1840,True,10,
8715,PDVRSWFAGS,1840,True,10,
8716,DPVYWMRGAA,1840,True,10,
8717,TPVRAVYGPY,1840,True,10,
8718,EFPASFRVAW,1840,True,10,
8719,CVPRAVRNGR,1840,True,10,
8720,KTPRNYYGVF,1840,True,10,
8721,HQPRGVRNRS,1840,True,10,
8722,MGPVNFFAGR,1840,True,10,
8723,QTPRGYTAPK,1840,True,10,
8724,VTPRGNTGNF,1840,True,10,
8725,YCPRGMKSPA,1840,True,10,
8726,TYPRAFYDQF,1840,True,10,
8727,LFPRGKSDWQ,1840,True,10,
8728,RKPAPWYGNT,1840,True,10,
8729,DTPIGMRSQF,1840,True,10,
8730,TAPVAFYSGH,1840,True,10,
8731,VMPRSWIAWR,1840,True,10,
8732,GMPRYLAVFH,1840,True,10,
8733,AFPRPFWSAF,1840,True,10,
8734,ATPRSNLGSL,1840,True,10,
8735,DVPRAWTGMV,1840,True,10,
8736,HQPRGRGVRS,1840,True,10,
8737,GSVRAVIGAY,1840,True,10,
8738,QWPRAYRSGY,1840,True,10,
8739,FKPRSYWARK,1840,True,10,
8740,FHPRAYSTIS,1840,True,10,
8741,WAPRGVVAQL,1840,True,10,
8742,WLPRGVTASG,1840,True,10,
8743,TQPRSWYGPV,1840,True,10,
8744,HFPRGVMSNS,1840,True,10,
8745,YAPVAFLGTW,1840,True,10,
8746,QGPRSYWGMF,1840,True,10,
8747,HPVFGMWSTA,1840,True,10,
8748,LEVRGMWGNK,1840,True,10,
8749,YTPRGNTTVT,1840,True,10,
8750,NGPSGMRTFW,1840,True,10,
8751,MKYRGYRGPV,1840,True,10,
8752,TVPRAWTGML,1840,True,10,
8753,IAPRYWIGWQ,1840,True,10,
8754,KIPRTYHGPG,1840,True,10,
8755,RSPRTFVGAW,1840,True,10,
8756,WHPRNVHGGY,1840,True,10,
8757,YQPRGFVGIG,1840,True,10,
8758,YTPLGYSGPG,1840,True,10,
8759,GRPRSYRGST,1840,True,10,
8760,TNPRSWTASG,1840,True,10,
8761,TGPYAWFGMG,1840,True,10,
8762,RIPRAYHGAI,1840,True,10,
8763,FVPRQVLGVI,1840,True,10,
8764,PFVRAVRGVF,1840,True,10,
8765,RIPRMLYVGW,1840,True,10,
8766,AFPRGVTASG,1840,True,10,
8767,HMPRNVKSIK,1840,True,10,
8768,DVPRAVKGTR,1840,True,10,
8769,RPPVAFWGVG,1840,True,10,
8770,MAPRSNIGLG,1840,True,10,
8771,DWPVPFWPVY,1840,True,10,
8772,FHLRGLTGMH,1840,True,10,
8773,FWEPRSMGAP,1840,True,10,
8774,VHPIGFHGQG,1840,True,10,
8775,VTVRGMTASG,1840,True,10,
8776,ATPRSNTASG,1840,True,10,
8777,VYPRAYIGWG,1840,True,10,
8778,ELPRYWISVH,1840,True,10,
8779,MRAGAIYGIG,1840,True,10,
8780,MWPRSHISMG,1840,True,10,
8781,PTPVSNHYWV,1840,True,10,
8782,FLPRSWQGTI,1840,True,10,
8783,LVPRAFSGAY,1840,True,10,
8784,TRPVNYWYGF,1840,True,10,
8785,RGPVPFWAGR,1840,True,10,
8786,SVPRAVQVPG,1840,True,10,
8787,KTPVGYSNPL,1840,True,10,
8788,KSPRGYFTMW,1840,True,10,
8789,TIPRYWLAPQ,1840,True,10,
8790,YPPRAYIGHA,1840,True,10,
8791,GLPRPVKGNV,1840,True,10,
8792,EYPYGWIGTH,1840,True,10,
8793,KTPRGNTASG,1840,True,10,
8794,NPVWGIFGWG,1840,True,10,
8795,RVPRGVISLK,1840,True,10,
8796,QPPRAFHVSY,1840,True,10,
8797,APPRAYVGNL,1840,True,10,
8798,RYPRAFASGF,1840,True,10,
8799,SWPRAFLVPG,1840,True,10,
8800,NTPYGQVDIT,10926,True,10,
8801,VTPLYLSDPH,10926,True,10,
8802,GRPRSYTASG,10926,True,10,
8803,THPINIYDLQ,10926,True,10,
8804,WSPKGMRNEA,10926,True,10,
8805,RFAISMWGVG,10926,True,10,
8806,MYGRALYSTF,10926,True,10,
8807,CNPRSYIDQG,10926,True,10,
8808,GDVKGMYDPY,10926,True,10,
8809,TFPVAFTASG,10926,True,10,
8810,EGPRYLKGQT,10926,True,10,
8811,HWPRNYADTQ,10926,True,10,
8812,YTPRAVQDMG,10926,True,10,
8813,RVPRAIADGQ,10926,True,10,
8814,WLGLPLYGWT,10926,True,10,
8815,MQNPRAYMHT,10926,True,10,
8816,AESLNCDFLT,10926,True,10,
8817,YGARSLTASG,10926,True,10,
8818,YVPKNQMDNV,10926,True,10,
8819,STPRAVKDQY,10926,True,10,
8820,GDPYPWRDQY,10926,True,10,
8821,HTPRSYTDRG,10926,True,10,
8822,FYPRAMHAGV,10926,True,10,
8823,WNWRALTASG,10926,True,10,
8824,RPALDMYAGL,10926,True,10,
8825,WGPRNVMTAS,10926,True,10,
8826,RHPLYWRDPY,10926,True,10,
8827,MYPRPIHDGA,10926,True,10,
8828,WAPRGYQDMH,10926,True,10,
8829,TMPRNIAGPT,10926,True,10,
8830,NYPLSWRGSG,10926,True,10,
8831,YWPREVRDAQ,10926,True,10,
8832,HKWSAYIDRF,10926,True,10,
8833,GEPLAITASG,10926,True,10,
8834,AKPAGVRSPT,10926,True,10,
8835,NTPVAYTDPV,10926,True,10,
8836,RYPLNSRDWS,10926,True,10,
8837,LWGRALTASG,10926,True,10,
8838,FGPKWMRHAK,10926,True,10,
8839,HFPRGYADNA,10926,True,10,
8840,YQPVPFGDYG,10926,True,10,
8841,TYPRAVIDAL,10926,True,10,
8842,MIPKGVYDGI,10926,True,10,
8843,LHTKPLMATH,10926,True,10,
8844,QMPRYFRAGK,10926,True,10,
8845,TYAVPFLGTG,10926,True,10,
8846,NAHRALRDQG,10926,True,10,
8847,NSVFAIYSLT,10926,True,10,
8848,NKVSAWTGFA,10926,True,10,
8849,GSPIPLWDGY,10926,True,10,
8850,WRPRSLYANY,10926,True,10,
8851,LYWNALMAKF,10926,True,10,
8852,KIPRPWTASG,10926,True,10,
8853,YSPLSWRSEW,10926,True,10,
8854,YRPMHLWAWG,10926,True,10,
8855,DLPAGVLDRV,10926,True,10,
8856,YMPRDVMDQT,10926,True,10,
8857,AGVWPILSTV,10926,True,10,
8858,TWYRSLIAMG,10926,True,10,
8859,YMPRDYQSGA,10926,True,10,
8860,EDVYNLRAWI,10926,True,10,
8861,YGPVPFLDGK,10926,True,10,
8862,NHPKGVRQAI,10926,True,10,
8863,TLPRPWQDPY,10926,True,10,
8864,YHPRNVFDQG,10926,True,10,
8865,KPTRNLTASG,10926,True,10,
8866,YKPRYWTGES,10926,True,10,
8867,WGRVWRPLIT,10926,True,10,
8868,WHVFGMRDRY,10926,True,10,
8869,NTALPLYGTF,10926,True,10,
8870,LVGRALYDQL,10926,True,10,
8871,DQARALSGWH,10926,True,10,
8872,TRPVALQSNY,10926,True,10,
8873,AWAVALYALG,10926,True,10,
8874,IVPRAVYDQF,10926,True,10,
8875,IHPRPVMDAQ,10926,True,10,
8876,KFWYGIRAVG,10926,True,10,
8877,LHPLAYLDWL,10926,True,10,
8878,VTPNAFYDIA,10926,True,10,
8879,SAPRAYHDAT,10926,True,10,
8880,VQPRNYAVNA,10926,True,10,
8881,WAPRNIVNVF,10926,True,10,
8882,SMPRPITASG,10926,True,10,
8883,WGPRSHQTAS,10926,True,10,
8884,QPWAHYIDLG,10926,True,10,
8885,SYPRAYRDMF,10926,True,10,
8886,DWPTGLRSNG,10926,True,10,
8887,SQPRPYTASG,10926,True,10,
8888,PYPRAFLDTS,10926,True,10,
8889,SNPRAIAGQH,10926,True,10,
8890,YQPVNVTDYG,10926,True,10,
8891,DSPIPIRDWL,10926,True,10,
8892,VRPMNDWATY,10926,True,10,
8893,WHFYGLRDNA,10926,True,10,
8894,HLPRAYIDVW,10926,True,10,
8895,RNPLPFRSEH,10926,True,10,
8896,YGTWPLTASG,10926,True,10,
8897,LRATAFRALA,10926,True,10,
8898,VKPLGQITGT,10926,True,10,
8899,MQPVPNWYRS,10926,True,10,
8900,YPGRALRANY,10926,True,10,
8901,WNPRNVRDQG,10926,True,10,
8902,YAHAWLMGGQ,10926,True,10,
8903,DIPRYWTASG,10926,True,10,
8904,YMPRNVYATS,10926,True,10,
8905,PMSVGLGAPT,10926,True,10,
8906,HYAYNFRAQG,10926,True,10,
8907,HWPRGVISGA,10926,True,10,
8908,GVPRYWTGPT,10926,True,10,
8909,FDPRDVLAVT,10926,True,10,
8910,WVPRAVRDEQ,10926,True,10,
8911,TRASRLTGPG,10926,True,10,
8912,WFPRPVSDQY,10926,True,10,
8913,LYSWAWTASG,10926,True,10,
8914,FWPRGWTASG,10926,True,10,
8915,YFPRPVMASW,10926,True,10,
8916,ATCPLQYLAL,10926,True,10,
8917,ADPRNYAGVQ,10926,True,10,
8918,FYPRPIWDGL,10926,True,10,
8919,WRVLALIDNH,10926,True,10,
8920,NVPKNVRDPA,10926,True,10,
8921,WDPRSHRTWG,10926,True,10,
8922,HIPASVRAGL,10926,True,10,
8923,YYPRGELTAS,10926,True,10,
8924,TGFWTLRDGY,10926,True,10,
8925,IMHRALRAQT,10926,True,10,
8926,KLPLNWRSIH,10926,True,10,
8927,QTPLHSTASG,10926,True,10,
8928,MWPRYLWDSK,10926,True,10,
8929,NPWRALSDPY,10926,True,10,
8930,HRPRPVWDET,10926,True,10,
8931,NRVLPLADLY,10926,True,10,
8932,KYPRPFLDPF,10926,True,10,
8933,RHPRNIMAMG,10926,True,10,
8934,SGPYSWQDTA,10926,True,10,
8935,DPSYGLRSMG,10926,True,10,
8936,WHPRNVMDAT,10926,True,10,
8937,WLPRAVHDLT,10926,True,10,
8938,FYPAHFSEPG,10926,True,10,
8939,WGPRFLWDQS,10926,True,10,
8940,QVPRPVRDWK,10926,True,10,
8941,WNARAMYAQG,10926,True,10,
8942,LYWPLAPYPT,10926,True,10,
8943,AQSLAFYGMA,10926,True,10,
8944,HNPRAFADAQ,10926,True,10,
8945,MFPRSHRAGW,10926,True,10,
8946,SYPRAVTASG,10926,True,10,
8947,AVARAWMGSG,10926,True,10,
8948,PWPVGIADGG,10926,True,10,
8949,DYPYPVRDQA,10926,True,10,
8950,YTPKGQYDSG,10926,True,10,
8951,YDTQHLWDLS,10926,True,10,
8952,RHPKGMYDNI,10926,True,10,
8953,GTPRSYTASG,10926,True,10,
8954,HYPRPLATGV,10926,True,10,
8955,TYPRAIHSTG,10926,True,10,
8956,PSPRAYRDPK,10926,True,10,
8957,YDTQALWDVW,10926,True,10,
8958,PMWGAFYGQA,10926,True,10,
8959,GSPLPFMDML,10926,True,10,
8960,NAPAFWRDSI,10926,True,10,
8961,GPWGALWDQH,10926,True,10,
8962,YSPVNMYSNF,10926,True,10,
8963,MFPRGVIDGF,10926,True,10,
8964,RLGVPWIYDG,10926,True,10,
8965,KQPRPITASG,10926,True,10,
8966,FTPLNMKDTR,10926,True,10,
8967,LKPNAFSDGQ,10926,True,10,
8968,QDPKGVYDGQ,10926,True,10,
8969,NWPRSYLDIK,10926,True,10,
8970,EPYYNMYGLI,10926,True,10,
8971,LTPIHMIKSG,10926,True,10,
8972,PWPRPVHDVQ,10926,True,10,
8973,QVARPLYDGH,10926,True,10,
8974,FDPRAVANTK,10926,True,10,
8975,DAPLGVRAWI,10926,True,10,
8976,YWALPWTASG,10926,True,10,
8977,INPLNVHDAG,10926,True,10,
8978,TDPRSYTASG,10926,True,10,
8979,KGARSLISET,10926,True,10,
8980,EGPLNYIGWG,10926,True,10,
8981,RGPYHLWDTV,10926,True,10,
8982,YTPRPVRDAT,10926,True,10,
8983,AGPRSYRDNG,10926,True,10,
8984,WMPRFLHDSL,10926,True,10,
8985,SDPYGMRDQH,10926,True,10,
8986,RLPVAYRDEY,10926,True,10,
8987,KEPLNYAGQL,10926,True,10,
8988,VMGRPLWDHT,10926,True,10,
8989,YKPVAYQDEY,10926,True,10,
8990,LWHLPLIAGY,10926,True,10,
8991,NLPLPWRDGL,10926,True,10,
8992,THPRAYIDPA,10926,True,10,
8993,GHPRGMSDEA,10926,True,10,
8994,QKFWYPYTMI,10926,True,10,
8995,LSPRNYADPA,10926,True,10,
8996,NTPRSYTASG,10926,True,10,
8997,LKHPVKMDGS,10926,True,10,
8998,RPGYNLIAPR,10926,True,10,
8999,IEYLPINDHY,10926,True,10,
9000,SHMVALYDTV,10926,True,10,
9001,ETPRPVLGPG,10926,True,10,
9002,YIPTAFRDVS,10926,True,10,
9003,SLPRPLSAGQ,10926,True,10,
9004,KYPVPFSALR,10926,True,10,
9005,RPAQGIYDMR,10926,True,10,
9006,ADPRPYMDHK,10926,True,10,
9007,EWPRYWRDSG,10926,True,10,
9008,WAPRAVRDVS,10926,True,10,
9009,QVPRYSKDPF,10926,True,10,
9010,RMANPLWGQL,10926,True,10,
9011,QHPLNSRDAV,10926,True,10,
9012,SVARPFYDGY,10926,True,10,
9013,SDPLNYATGS,10926,True,10,
9014,THPRSWTASG,10926,True,10,
9015,QEPRNLGSGT,10926,True,10,
9016,RFPRPITASG,10926,True,10,known_sequence
9017,VGPYHILDAG,10926,True,10,
9018,ILCLEPFAGD,10926,True,10,
9019,DHPKSYTASG,10926,True,10,
9020,CYPRSWIDAG,10926,True,10,
9021,LHWGALTASG,10926,True,10,
9022,TGPRAYSDKG,10926,True,10,
9023,MWPRPLDNTG,10926,True,10,
9024,RYPRAFSDGI,10926,True,10,
9025,NYPVPMYDEK,10926,True,10,
9026,QDPRGWTVAG,10926,True,10,
9027,RTPRAYQDIY,10926,True,10,
9028,GNPRPFYDVL,10926,True,10,
9029,FEPRNILDHW,10926,True,10,
9030,TIPRLYSDGS,10926,True,10,
9031,LDPRSWQDGR,10926,True,10,
9032,INPRPVFDLQ,10926,True,10,
9033,KSPVYLTDGV,10926,True,10,
9034,GMCPYSGLPV,10926,True,10,
9035,GPAVPLYAIA,10926,True,10,
9036,KEPRNVLDGF,10926,True,10,
9037,GSVRPLYDAQ,10926,True,10,
9038,MAPRSWQDTV,10926,True,10,
9039,YGTLALTASG,10926,True,10,
9040,WYPVNMWAVK,10926,True,10,
9041,ACPVSLYNGF,10926,True,10,
9042,VNPIHMHDMK,10926,True,10,
9043,YFPRAVLDGI,10926,True,10,
9044,VTWQPLMAWA,10926,True,10,
9045,FGYRALGSWD,10926,True,10,
9046,NVPRSWRDPG,10926,True,10,
9047,WKPVAYWDPV,10926,True,10,
9048,LWPRGVTASG,10926,True,10,
9049,HVPRQVRDGW,10926,True,10,
9050,GIPRPVMDGT,10926,True,10,
9051,HYPRAFKDSL,10926,True,10,
9052,AVGRPLTASG,10926,True,10,
9053,MTPRNVRDGK,10926,True,10,
9054,LDPRNVLDPK,10926,True,10,
9055,NEPRPVLDWF,10926,True,10,
9056,QMPRYWTASG,10926,True,10,
9057,FIPKWIRAWG,10926,True,10,
9058,TNPINLISGA,10926,True,10,
9059,RQWRAFHDAG,10926,True,10,
9060,NTSLAWYGEQ,10926,True,10,
9061,PLYMGLWDKQ,10926,True,10,
9062,VHVRAHSDHY,10926,True,10,
9063,LTPVPRDTEY,10926,True,10,
9064,KYARAWIASR,10926,True,10,
9065,NSPYGYKDAQ,10926,True,10,
9066,VQAYSLRGPG,10926,True,10,
9067,TDPRNVRANT,10926,True,10,
9068,RYPVPFYDPR,10926,True,10,
9069,AWARNLLGNF,10926,True,10,
9070,KFVLGLSDSQ,10926,True,10,
9071,RGPVAYADGR,10926,True,10,
9072,MKWRAYWGLT,10926,True,10,
9073,TQPRSWKDHG,10926,True,10,
9074,PDVSARLDAV,10926,True,10,
9075,LTPRYWIDLA,10926,True,10,
9076,EDPRDVMDLG,10926,True,10,
9077,GTPIPISTAS,10926,True,10,
9078,NTYSALISVG,10926,True,10,
9079,SRYLPMTASG,10926,True,10,known_sequence
9080,NKPRYWADGL,10926,True,10,
9081,AFVRAIWDEG,10926,True,10,
9082,IWPAGVRGAY,10926,True,10,
9083,RPPLSVYDRF,10926,True,10,
9084,YEPRAVKATY,10926,True,10,
9085,RLPLNWRNSF,10926,True,10,
9086,EVARPLSDIK,10926,True,10,
9087,HTVNPLYSNY,10926,True,10,
9088,SHPRSWTNEK,10926,True,10,
9089,DFPYGFRDWS,10926,True,10,
9090,TPVRAIYAVS,10926,True,10,
9091,WYPRAVTASG,10926,True,10,
9092,QFPRPVRDGV,10926,True,10,
9093,HGPIPLWDVY,10926,True,10,
9094,NYPRPIADAL,10926,True,10,
9095,HYPRAVYDMG,10926,True,10,
9096,CYPRAFISET,10926,True,10,
9097,RYAVALYDKW,10926,True,10,
9098,VHLRWYMDGL,10926,True,10,
9099,NGPYNWRANV,10926,True,10,
9100,ESYRGLYSVL,10926,True,10,
9101,NYPRAFYDQF,10926,True,10,
9102,GTPRPVYDIY,10926,True,10,
9103,YFPRNIYDTA,10926,True,10,
9104,CLPYGLTDPT,10926,True,10,
9105,PKPAGVRDGA,10926,True,10,
9106,NCPRPVYDPY,10926,True,10,
9107,AWPRAVRDWA,10926,True,10,
9108,PLEDPYNAHK,10926,True,10,
9109,WKPRNYAGRS,10926,True,10,
9110,DNPYSWQDWR,10926,True,10,
9111,WCSLPLRAML,10926,True,10,
9112,RKPVAIYDTY,10926,True,10,
9113,YATPYANIPR,10926,True,10,
9114,WAPKGYRDVG,10926,True,10,
9115,GRPASWAGPR,10926,True,10,
9116,HDPRFLFDGS,10926,True,10,
9117,LYGRALRDWF,10926,True,10,
9118,RDPYGMRDGY,10926,True,10,
9119,LWTRWLSDGD,10926,True,10,
9120,THPRAFRGHW,10926,True,10,
9121,DNPIHWRGQF,10926,True,10,
9122,GNPLNVRTAS,10926,True,10,
9123,MSWRALTASG,10926,True,10,
9124,HLPVAYQDTQ,10926,True,10,
9125,WEPRNVMGTF,10926,True,10,
9126,GYPVNFLDNR,10926,True,10,
9127,GKAYSLYATR,10926,True,10,
9128,WLPKGVLSLI,10926,True,10,
9129,FHPLSQMVGS,10926,True,10,
9130,WQVPRYTSPQ,10926,True,10,
9131,TWPRSWFDQY,10926,True,10,
9132,TFARSHYSRW,10926,True,10,
9133,EVSYAWRADY,10926,True,10,
9134,AWFHIMDLCP,10926,True,10,
9135,RMPRNVTASG,10926,True,10,
9136,NLVYGLYDPG,10926,True,10,
9137,KGPSGYTASG,10926,True,10,
9138,VIPRPVHDEH,10926,True,10,
9139,VRWRALQDNG,10926,True,10,
9140,LYWPLAMAQK,10926,True,10,
9141,DRPTGLYSEV,10926,True,10,
9142,FAPRYLSDNQ,10926,True,10,
9143,PHPRSILSMS,10926,True,10,
9144,NVPRAVTDGV,10926,True,10,
9145,MNPRWVTASG,10926,True,10,
9146,YEPLKYTASG,10926,True,10,
9147,GHWRPLIATK,10926,True,10,
9148,KDSRAYSDGW,10926,True,10,
9149,WQPHPFYDWH,10926,True,10,
9150,HIPLNVKSGV,10926,True,10,
9151,EGPYPWSDRG,10926,True,10,
9152,TKPVPYISGR,10926,True,10,
9153,IYPYHYRAWS,10926,True,10,
9154,WVAYNFMGAG,10926,True,10,
9155,YSTLREALQT,10926,True,10,
9156,GYPRSHISMY,10926,True,10,
9157,MKPIPIWDGI,10926,True,10,
9158,VWPRPWIDGA,10926,True,10,
9159,YVPTGLRDNF,10926,True,10,
9160,QWPRFLATSI,10926,True,10,
9161,TWPRSLSDAV,10926,True,10,
9162,TAPLNVKGST,10926,True,10,
9163,LWAYHLQSGF,10926,True,10,
9164,SHPVGIADWA,10926,True,10,
9165,WHPRSHRDMY,10926,True,10,
9166,MDPSGFRDVG,10926,True,10,
9167,LTPKGQDLGW,10926,True,10,
9168,YMARGIYGAH,10926,True,10,
9169,DSPRPYMDIY,10926,True,10,
9170,TGPKHIFDWG,10926,True,10,
9171,EHPKGVTDTA,10926,True,10,
9172,THPVGIYDMY,10926,True,10,
9173,LNPKNVRAWA,10926,True,10,
9174,QSPRSWTASG,10926,True,10,
9175,GHVRAIYDTG,10926,True,10,
9176,IVPKNQHGNL,10926,True,10,
9177,PHWKGMGSQR,10926,True,10,
9178,LQWYGIRDIA,10926,True,10,
9179,HTPRGVTASG,10926,True,10,
9180,RSPVAYLDMR,10926,True,10,
9181,WHPRNYRSGY,10926,True,10,
9182,TKPYGQINEG,10926,True,10,
9183,MIPRPYSDTI,10926,True,10,
9184,HFPRNVATWA,10926,True,10,
9185,LYPRDIYDPK,10926,True,10,
9186,NMPYNYADTS,10926,True,10,
9187,SVARNWYGVK,10926,True,10,
9188,WDPRAVATIY,10926,True,10,
9189,QGVKGLYDWG,10926,True,10,
9190,WYPRAVIDKF,10926,True,10,
9191,HWHPVQPLGA,10926,True,10,
9192,AYPRAFKANQ,10926,True,10,
9193,MYPRDIGTEY,10926,True,10,
9194,IYPRSHLDEQ,10926,True,10,
9195,TWPRPISDMG,10926,True,10,
9196,NWPRSLYDIY,10926,True,10,
9197,VNAKPWTASG,10926,True,10,
9198,WSPVSYTASG,10926,True,10,
9199,RSPRPFMDWG,10926,True,10,
9200,LGPYMYHDWK,10300,True,10,
9201,WCPLTLYDGV,10300,True,10,
9202,KHFPYDFVFT,10300,True,10,
9203,SHPLPVWDAR,10300,True,10,
9204,ANPLPWIDHF,10300,True,10,
9205,TNTYWAHDYF,10300,True,10,
9206,IFGRPLWDGW,10300,True,10,
9207,VHPWSVFDTY,10300,True,10,
9208,HPWCYWGSLI,10300,True,10,
9209,WYPWAWRDGF,10300,True,10,
9210,PHPWLQIDGF,10300,True,10,
9211,YYPMAVWDSG,10300,True,10,
9212,VDPYGMTDSW,10300,True,10,
9213,SDPREIHDNS,10300,True,10,
9214,VRYGWMTASG,10300,True,10,
9215,YMPSDVTSNV,10300,True,10,
9216,NFPLNWHDTS,10300,True,10,
9217,PRVHAVYDSG,10300,True,10,
9218,PHTAYLYDWG,10300,True,10,
9219,HYPHSFSAHY,10300,True,10,
9220,WRPSHWIDQL,10300,True,10,
9221,RNPFPWFAGH,10300,True,10,
9222,DGPYPWWDLG,10300,True,10,
9223,YTPLGLDGNG,10300,True,10,
9224,NQYYPLWDHS,10300,True,10,
9225,PKYEYTEWCS,10300,True,10,
9226,GMPRTLADEH,10300,True,10,
9227,CGPKAVTASG,10300,True,10,
9228,HIHAWSVDTF,10300,True,10,
9229,CEPKGVYDLF,10300,True,10,
9230,SDPYGMTDGA,10300,True,10,
9231,HFAFNFHDQA,10300,True,10,
9232,VYPSWIHDPW,10300,True,10,
9233,SCPLNYWDPF,10300,True,10,
9234,RFTMDLWAGQ,10300,True,10,
9235,MTPYWMRHWA,10300,True,10,
9236,YGAYNFWAIG,10300,True,10,
9237,NLVWNYVGSA,10300,True,10,
9238,NTPYNMLDAQ,10300,True,10,
9239,DNPLSWRTGW,10300,True,10,
9240,INPAWSHDPG,10300,True,10,
9241,KSPSTLYDGF,10300,True,10,
9242,HSPVQYWDAW,10300,True,10,
9243,TMTHWLFDMG,10300,True,10,
9244,QFWHPLHTLW,10300,True,10,
9245,VWPVELWDKS,10300,True,10,
9246,HWPRELWGHQ,10300,True,10,
9247,CLYRAYAGEW,10300,True,10,
9248,WRPYAFTDAH,10300,True,10,
9249,HTVYWMLDMV,10300,True,10,
9250,GWGLALYGPF,10300,True,10,
9251,YATWSWTGEK,10300,True,10,
9252,FHAYHMWSPY,10300,True,10,
9253,ERAWGIYDPA,10300,True,10,
9254,VNYFPLWTLA,10300,True,10,
9255,EWPSPFWDHF,10300,True,10,
9256,YWDPNFYDIA,10300,True,10,
9257,HVPTNFWDWG,10300,True,10,
9258,SFPLDMHDHT,10300,True,10,
9259,WGPVAFWDVW,10300,True,10,
9260,YDPLGQTDKF,10300,True,10,
9261,YLPRYWYDAF,10300,True,10,
9262,KWYRSEWLRQ,10300,True,10,
9263,HLPRAFDDWA,10300,True,10,
9264,YTPIPIRDAW,10300,True,10,
9265,WEVYAWTAHV,10300,True,10,
9266,YPWGPITLPQ,10300,True,10,
9267,TVPYAWTGQG,10300,True,10,
9268,YFWPWYHDAS,10300,True,10,
9269,HCPIPIWDTF,10300,True,10,
9270,FGPYPVDDNW,10300,True,10,
9271,TNPFHWRGTS,10300,True,10,
9272,HVPSTLWDVG,10300,True,10,
9273,WEPRPVLDTH,10300,True,10,
9274,WDPYGFTDHR,10300,True,10,
9275,WRPSAYTDPR,10300,True,10,
9276,DFPYSWGVSH,10300,True,10,
9277,WMPSWSAGPG,10300,True,10,
9278,GYAYHLVDGI,10300,True,10,
9279,HFTWPLWAGY,10300,True,10,
9280,YSTLPWMDTA,10300,True,10,
9281,FDPFGMQDTI,10300,True,10,
9282,LPRYSRYVQN,10300,True,10,
9283,FHPHPFTASG,10300,True,10,
9284,MYPVNMLGHG,10300,True,10,
9285,SWYFPWDQPA,10300,True,10,
9286,HLPWSWTASG,10300,True,10,
9287,YFHPLASNGL,10300,True,10,
9288,GAPLNYSDTH,10300,True,10,
9289,HVPNYIHDLY,10300,True,10,
9290,DRPLGFHDEW,10300,True,10,
9291,HMIYPWGLIF,10300,True,10,
9292,FSPLDMHGMR,10300,True,10,
9293,CPYFSMSAGR,10300,True,10,
9294,TCPLYWSDPK,10300,True,10,
9295,FPVYAWADGH,10300,True,10,
9296,HTVYWSTSGV,10300,True,10,
9297,HYPLPSWDLK,10300,True,10,
9298,TDPQPVHDTW,10300,True,10,
9299,FEPLYWRDWF,10300,True,10,
9300,HYPVPFWDNH,10300,True,10,
9301,KHAHLAGLAR,10300,True,10,
9302,AMHPGFWDTH,10300,True,10,
9303,WHFVALDYEP,10300,True,10,
9304,FDVYNLHDIG,10300,True,10,
9305,YKPFKYIDPY,10300,True,10,
9306,YKPAGVTDLA,10300,True,10,
9307,SWNYALRDLH,10300,True,10,
9308,HIPFPFHAGY,10300,True,10,
9309,GRLYPFWDAG,10300,True,10,
9310,YAVFNFYDLW,10300,True,10,
9311,GTPIELYDGK,10300,True,10,
9312,FHPLKVYDGH,10300,True,10,
9313,MCPYPNEDLT,10300,True,10,
9314,HHPWPVWDWF,10300,True,10,
9315,HYPWAWQDMQ,10300,True,10,
9316,KAPLHYTDKA,10300,True,10,
9317,MGPWFWAGIW,10300,True,10,
9318,WQPKPVIDLT,10300,True,10,
9319,YDPYPFWDGR,10300,True,10,
9320,MWHYAWYGTQ,10300,True,10,
9321,NVCEDWMWSG,10300,True,10,
9322,TWPYTLADRW,10300,True,10,
9323,GMPSAFSDPA,10300,True,10,
9324,GFGLPLWDVA,10300,True,10,
9325,RAPAGVKDNT,10300,True,10,
9326,WVPSAVAVIQ,10300,True,10,
9327,SNPFASVAQA,10300,True,10,
9328,GDPYNWHDPG,10300,True,10,
9329,ICVLALHGSL,10300,True,10,
9330,YLPTCLWDKT,10300,True,10,
9331,YEPYAMWDGG,10300,True,10,
9332,VSPYWITDVI,10300,True,10,
9333,CWPYELQDGR,10300,True,10,
9334,YMPWDQPGCH,10300,True,10,
9335,HRASNFADTQ,10300,True,10,
9336,PHWYPLADER,10300,True,10,
9337,MPHYNLYDPI,10300,True,10,
9338,SDPFGFHAGF,10300,True,10,
9339,FYPLNSWDGH,10300,True,10,
9340,PFPWSVHDTG,10300,True,10,
9341,SPWKSIADWH,10300,True,10,
9342,WDHLALWDSA,10300,True,10,
9343,VLWAGLWKVY,10300,True,10,
9344,FDTWPWDRSG,10300,True,10,
9345,CWPSELWSNL,10300,True,10,
9346,VLPWNWHDMW,10300,True,10,
9347,CYPYTLHDPK,10300,True,10,
9348,HDPYPIWDQV,10300,True,10,
9349,VIPRPVWDVY,10300,True,10,
9350,YMSYPFHGAY,10300,True,10,
9351,CHPSARNVPD,10300,True,10,
9352,HWPVEFWDAH,10300,True,10,
9353,SYPLTIYDAH,10300,True,10,
9354,HYPLSWTNAG,10300,True,10,
9355,SHPLWSVDGF,10300,True,10,
9356,GWPRLYQDMA,10300,True,10,
9357,KDPYGYIDGV,10300,True,10,
9358,DWSRGLTDGW,10300,True,10,
9359,FGCGVFTLAK,10300,True,10,
9360,RSPRAFRDEQ,10300,True,10,
9361,WPVYNLWGHW,10300,True,10,
9362,CLPYHLHDHH,10300,True,10,
9363,HNCDPGKPID,10300,True,10,
9364,FIPYHMYDGF,10300,True,10,
9365,VAPSWSIDEI,10300,True,10,
9366,HNPRSWFDQV,10300,True,10,
9367,HYPWRMHDPY,10300,True,10,
9368,LCPVPMHDPA,10300,True,10,
9369,GSPLSWTDMA,10300,True,10,
9370,WGPWPVWDTS,10300,True,10,
9371,RAPYHIHDTR,10300,True,10,
9372,WKPINYHDVY,10300,True,10,
9373,HGYVPDFWRG,10300,True,10,
9374,CDPVAFSDRG,10300,True,10,
9375,RHRSWRPTHL,10300,True,10,
9376,HAPAKMDGEP,10300,True,10,
9377,RMPLGFHDLF,10300,True,10,
9378,GVPLNVHNWS,10300,True,10,
9379,TSPYLLAGSH,10300,True,10,
9380,HPWSALVDPQ,10300,True,10,
9381,CRSYPLWDNW,10300,True,10,
9382,THWYFKVYSP,10300,True,10,
9383,NIPLVYHDPQ,10300,True,10,
9384,HTPKWSTGVS,10300,True,10,
9385,VIPKWIHDVR,10300,True,10,
9386,HHPWMQRDTA,10300,True,10,
9387,CDPRPVWAPY,10300,True,10,
9388,LVTYALWDAF,10300,True,10,
9389,HKPYGLTDAG,10300,True,10,
9390,YHNYPFPMGW,10300,True,10,
9391,PGVFNYADHG,10300,True,10,
9392,CYHYPISDQA,10300,True,10,
9393,HYPLPWRDAF,10300,True,10,
9394,MQWAIDRGSW,10300,True,10,
9395,DYPWYERVGA,10300,True,10,
9396,KVPRAVTDRY,10300,True,10,
9397,TFPHSWKDTH,10300,True,10,
9398,IVYGALYDIW,10300,True,10,
9399,GCPLSWRTIG,10300,True,10,
9400,DSPLPWIDPV,10300,True,10,
9401,WDPSHWIGNW,10300,True,10,
9402,SFPIPIWDWT,10300,True,10,
9403,YMPLSYHDQW,10300,True,10,
9404,VHPSPFWDEA,10300,True,10,
9405,SRPLNYHDEA,10300,True,10,
9406,LDPRNLYDSF,10300,True,10,
9407,WSPMDYTGWG,10300,True,10,
9408,ESPFWSMDPH,10300,True,10,
9409,LHPIPIHDKA,10300,True,10,
9410,KIREKRMVAP,10300,True,10,
9411,WHPSAFWDHG,10300,True,10,
9412,LWHFALADST,10300,True,10,
9413,LRPEPLYDWA,10300,True,10,
9414,EHIWAWYGNV,10300,True,10,
9415,IQWYGAMGEH,10300,True,10,
9416,WFVWNFVDGA,10300,True,10,
9417,TGPSGFYDAG,10300,True,10,
9418,FYWPAYRDEG,10300,True,10,
9419,THPYNYWDTF,10300,True,10,
9420,WPYFPLQWIA,10300,True,10,
9421,CYPRDILGAG,10300,True,10,
9422,TIGRAYIATA,10300,True,10,
9423,QEWYGLHDHT,10300,True,10,
9424,NPTWAWPLPA,10300,True,10,
9425,HFPLDVTGHS,10300,True,10,
9426,GHPSPFWDSG,10300,True,10,
9427,TVDERFPWIT,10300,True,10,
9428,WHPTNLWTWG,10300,True,10,
9429,LRALAWHDAY,10300,True,10,
9430,MSPWSWRDGW,10300,True,10,
9431,RHPRPFWDGY,10300,True,10,
9432,MSPRWLYDAS,10300,True,10,
9433,CFPFLNADGF,10300,True,10,
9434,DYGRGLYDEL,10300,True,10,
9435,HRPLDYKGTA,10300,True,10,
9436,FYPVNFHDTH,10300,True,10,
9437,SVPSAWTASG,10300,True,10,
9438,QDVFNWYDPS,10300,True,10,
9439,HCPLPWTASG,10300,True,10,
9440,RTPRELWDGY,10300,True,10,
9441,ACPHPLHQWG,10300,True,10,
9442,VPWGAFLYTG,10300,True,10,
9443,LEFARYEIWT,10300,True,10,
9444,PVAFNPIATH,10300,True,10,
9445,KYFYPDWFSM,10300,True,10,
9446,HYPVNMHDPW,10300,True,10,
9447,VFKFYAQVTA,10300,True,10,
9448,TQAFAMTGQH,10300,True,10,
9449,HWPRVAWLHA,10300,True,10,
9450,FIPVELHSTI,10300,True,10,
9451,ELPRYWQDHF,10300,True,10,
9452,SYVLPWISQS,10300,True,10,
9453,ACPMAYYDPY,10300,True,10,
9454,IWPREVRDMA,10300,True,10,
9455,NMPSWLYSGF,10300,True,10,
9456,HSPYDPSDWR,10300,True,10,
9457,KWRSPRDVKP,10300,True,10,
9458,PRPYDLYDGT,10300,True,10,
9459,RDPEAYFDGW,10300,True,10,
9460,VDPVNVYDSY,10300,True,10,
9461,SCQYPSDLAP,10300,True,10,
9462,YTPIELWDVG,10300,True,10,
9463,WQPWYWRDWQ,10300,True,10,
9464,RFPLSYLDMK,10300,True,10,
9465,HWPVELWDWY,10300,True,10,
9466,WVPRTIWDGA,10300,True,10,
9467,WFPFKYWDGF,10300,True,10,
9468,FSPRCMWQAG,10300,True,10,
9469,CLPYTLHDPT,10300,True,10,
9470,IHITVESQSY,10300,True,10,
9471,FLPRPYWDQK,10300,True,10,
9472,FSPLDMYDVY,10300,True,10,
9473,RPTPVRDVLG,10300,True,10,
9474,FWPRELTASG,10300,True,10,
9475,HVPNWSQDVT,10300,True,10,
9476,CRPDYLWGTG,10300,True,10,
9477,PWHSNLFDAW,10300,True,10,
9478,ERAVHFWDQV,10300,True,10,
9479,KPPWDWGDGF,10300,True,10,
9480,NWPRAYTDQH,10300,True,10,
9481,HVPRQVTGNG,10300,True,10,
9482,HEAYHLWDPK,10300,True,10,
9483,HVPSNVYDTV,10300,True,10,
9484,TPWYPGHLCS,10300,True,10,
9485,HRPLASTDPI,10300,True,10,
9486,GYPVPFWDAY,10300,True,10,
9487,CNPFHWVDQG,10300,True,10,
9488,SVPLNSHDTW,10300,True,10,
9489,NMPWSVWTGA,10300,True,10,
9490,DHFMGWYDYT,10300,True,10,
9491,YGPSGYSDGK,10300,True,10,
9492,TEWLPWGSHT,10300,True,10,
9493,ICPVAFTDEA,10300,True,10,
9494,SWYGHLWDPF,10300,True,10,
9495,HRPVAFYDTR,10300,True,10,
9496,YWPRAVTDGY,10300,True,10,
9497,TEPRGWTDVK,10300,True,10,
9498,SNPFHLTDNY,10300,True,10,
9499,HTCMYWPIDQ,10300,True,10,
9500,ITPFYLHDTG,10300,True,10,
9501,GRPLRFLDAY,10300,True,10,
9502,YWPSELWDHA,10300,True,10,
9503,VMWGAYWDSG,10300,True,10,
9504,HIWTCAFLVL,10300,True,10,
9505,GLPVAFTDLG,10300,True,10,
9506,WNSYSLWDNG,10300,True,10,
9507,MAIEWDYDIP,10300,True,10,
9508,VHPSTWIDVY,10300,True,10,
9509,MVASHLYDPF,10300,True,10,
9510,HAPRHFWDTG,10300,True,10,
9511,HDPYTMWDVR,10300,True,10,
9512,LFPRPWWDPH,10300,True,10,
9513,YMWHAFGDPT,10300,True,10,
9514,ANGVNAIDVQ,10300,True,10,
9515,RQPYAIWDWG,10300,True,10,
9516,YQTWYAGLIG,10300,True,10,
9517,KDPYPLWDPL,10300,True,10,
9518,GWAYFLTSWF,10300,True,10,
9519,HFWAPVFDLT,10300,True,10,
9520,HFPLDYTGTY,10300,True,10,
9521,HCPLYWTASG,10300,True,10,
9522,ILARAWFDTI,10300,True,10,
9523,VPGHNLRNLG,10300,True,10,
9524,CSVYNLWDQG,10300,True,10,
9525,WHVNAFTDKG,10300,True,10,
9526,HSPRLYWDPG,10300,True,10,
9527,EPAFWTGWGS,10300,True,10,
9528,VKPLPWAGWS,10300,True,10,
9529,HWPRYLWDVS,10300,True,10,
9530,WGPSGFDQRG,10300,True,10,
9531,KWPYSWVDAW,10300,True,10,
9532,GISFPDEVKW,10300,True,10,
9533,ETIHYLRQEG,10300,True,10,
9534,FQPSAYWDKV,10300,True,10,
9535,CEPFWTGITF,10300,True,10,
9536,PYHYNIYDWF,10300,True,10,
9537,YWNPRPFYDL,10300,True,10,
9538,WAYRSLWDGG,10300,True,10,
9539,VAIHPFWQFR,10300,True,10,
9540,HRPLGYWDGI,10300,True,10,
9541,RTPYHMWDHG,10300,True,10,
9542,SWYFPLWYSG,10300,True,10,
9543,FPYGPLWDFG,10300,True,10,
9544,GHPYLQRDHT,10300,True,10,
9545,AFWYPLVDQL,10300,True,10,
9546,YSPRPWQDHW,10300,True,10,
9547,HEPKNVSDHQ,10300,True,10,
9548,YVPKQVYDPF,10300,True,10,
9549,WSPHAFYSPR,10300,True,10,
9550,HKTWALRDGH,10300,True,10,
9551,YNPKGVTDGF,10300,True,10,
9552,WEPRNVMDAY,10300,True,10,
9553,RDPWGWADKT,10300,True,10,
9554,LDTRNARGTE,10300,True,10,
9555,VNPKWMRHWG,10300,True,10,
9556,PVAVHLWGNT,10300,True,10,
9557,SEPTGLADLF,10300,True,10,
9558,WPVLNSWDTS,10300,True,10,
9559,IPWYGLHDAS,10300,True,10,
9560,DRPLGFTDTY,10300,True,10,
9561,WDPINMVQEQ,10300,True,10,
9562,NDPYGMHDAY,10300,True,10,
9563,LMAFHWYDWV,10300,True,10,
9564,VWPVELWGWH,10300,True,10,
9565,SLPRTLFDIQ,10300,True,10,
9566,HMPLYWQDHY,10300,True,10,
9567,KYPSTLYDAG,10300,True,10,
9568,WWPRAYKDSK,10300,True,10,
9569,WFPYNFWDVA,10300,True,10,
9570,TWPAEPFDAW,10300,True,10,
9571,DHPFHLQDPH,10300,True,10,
9572,QHVWPVFDGA,10300,True,10,
9573,PNALDFWDWQ,10300,True,10,
9574,HRHPYLWDMY,10300,True,10,
9575,KWVYNYRDGF,10300,True,10,
9576,YPWKMLHDPL,10300,True,10,
9577,KTPLYWRDAW,10300,True,10,
9578,HEVWPWSDKF,10300,True,10,
9579,NWPLTIWDWR,10300,True,10,
9580,WGTLALYDPY,10300,True,10,
9581,RYPVNFYDEK,10300,True,10,
9582,KPIEWKFSAR,10300,True,10,
9583,SEPLTIWVTA,10300,True,10,
9584,WDPFWMSAES,10300,True,10,
9585,VFPWDYHVWG,10300,True,10,
9586,HGPYDYWDHT,10300,True,10,
9587,VTPWAWHDHW,10300,True,10,
9588,RGPYHWIGTH,10300,True,10,
9589,VYPWAWHGEQ,10300,True,10,
9590,MLWFNLWDGH,10300,True,10,
9591,LCHAWANVTG,10300,True,10,
9592,YLWMNYLDGR,10300,True,10,
9593,YHTAWLQDHL,10300,True,10,
9594,KRPRTLVDSA,10300,True,10,
9595,TYPLASHDGY,10300,True,10,
9596,FCPTGLYDEW,10300,True,10,
9597,VHPVPFTDPY,10300,True,10,
9598,MTPKGVWDLY,10300,True,10,
9599,RWPREIYDSF,10300,True,10,
9600,NQPRAYRGMR,4761,True,10,
9601,NMPRAFIGRG,4761,True,10,
9602,LMPRSYRGER,4761,True,10,
9603,FRPRGYTASG,4761,True,10,
9604,VLPRPVMATQ,4761,True,10,
9605,CYPRGMRSQF,4761,True,10,
9606,GKPIPFRAHG,4761,True,10,
9607,HQPRAFQVMQ,4761,True,10,
9608,VSPRGMRSMY,4761,True,10,
9609,GLPRAFTASG,4761,True,10,
9610,YPARGNTGMQ,4761,True,10,
9611,QGPRAYKGMI,4761,True,10,
9612,GVPRGVYTAS,4761,True,10,
9613,MYPRAFHGTH,4761,True,10,
9614,MQPKGMYASG,4761,True,10,
9615,KVPRAWRAGV,4761,True,10,
9616,YVPRGVRAGR,4761,True,10,
9617,SVPRGVRGIQ,4761,True,10,
9618,GMPRAFRSHG,4761,True,10,
9619,PFPRAYLGPG,4761,True,10,
9620,TFPRAYIGRI,4761,True,10,
9621,YAPRGNTASG,4761,True,10,
9622,TSPRAFTASG,4761,True,10,
9623,MGPRGVRSRV,4761,True,10,
9624,RVPRGVIAGF,4761,True,10,
9625,NVPRGVTASG,4761,True,10,
9626,FTPSGKGRSG,4761,True,10,
9627,PFPRAFIANI,4761,True,10,
9628,VMPQGMHATA,4761,True,10,
9629,PNPRGSMSKG,4761,True,10,
9630,MNPRGVRSTG,4761,True,10,
9631,AMPRAYRSMH,4761,True,10,
9632,VQPRGVRSGI,4761,True,10,
9633,EMPRGMRGHG,4761,True,10,
9634,YGPRAYRAKG,4761,True,10,
9635,MTPRGWTAMS,4761,True,10,
9636,RWPVGMHTAS,4761,True,10,
9637,PIPRGSTASG,4761,True,10,
9638,YQPRSYMGML,4761,True,10,
9639,QMPRAYHGAV,4761,True,10,
9640,WRPSGWTASG,4761,True,10,
9641,MHPRGYTSRV,4761,True,10,
9642,HVPRGVTAHG,4761,True,10,
9643,MGPQGMRSTA,4761,True,10,
9644,VSPRGFWAMK,4761,True,10,
9645,NAPRSYRAGH,4761,True,10,
9646,LAPRSWTASG,4761,True,10,
9647,RMPRGFRASF,4761,True,10,
9648,GPPRAFYATV,4761,True,10,
9649,FTPRGSRSVY,4761,True,10,
9650,KTPRGYRVHS,4761,True,10,
9651,PGPRAYRGEF,4761,True,10,
9652,GMPRGVRAGR,4761,True,10,
9653,PMPRAFHGRN,4761,True,10,
9654,AQPRGVTASG,4761,True,10,
9655,HTPRGATASG,4761,True,10,
9656,YWPRGFTASG,4761,True,10,
9657,VIPRAVKAMG,4761,True,10,
9658,TRPRGMRGQV,4761,True,10,
9659,LKPSGWTASG,4761,True,10,
9660,QGPRSWTGAH,4761,True,10,
9661,TVPWSVRVGS,4761,True,10,
9662,VAPRPFRSWH,4761,True,10,
9663,LIPRPFHASG,4761,True,10,
9664,QGPRAYHAQS,4761,True,10,
9665,MDPRGVIAWT,4761,True,10,
9666,MAPRAYSGPG,4761,True,10,
9667,TGPRGMKTAS,4761,True,10,
9668,PRPRSYRGRG,4761,True,10,
9669,VAPRAVHAHR,4761,True,10,
9670,LNPRGYTASG,4761,True,10,
9671,RMPRGFRAGH,4761,True,10,
9672,RMPRAFRGAI,4761,True,10,
9673,NGPYGMRVEQ,4761,True,10,
9674,WLPRAVRSHA,4761,True,10,
9675,WIPRGVRSGH,4761,True,10,
9676,HTPRGYTVPK,4761,True,10,
9677,QVPRAVHDVY,4761,True,10,
9678,AIPRSYMNQY,4761,True,10,
9679,PSPRSYTASG,4761,True,10,
9680,WMPRGMRAPF,4761,True,10,
9681,SAPRGSTVPR,4761,True,10,
9682,QAPRAVYTVH,4761,True,10,
9683,GAPRAYRGMS,4761,True,10,
9684,TMPRSYMGRI,4761,True,10,
9685,FNPRGMKSPG,4761,True,10,
9686,MTPRGVFSAI,4761,True,10,
9687,KQPRSYTASG,4761,True,10,
9688,QMPRAYRAEL,4761,True,10,
9689,QTPRGMHGNT,4761,True,10,
9690,TPPRSWTASG,4761,True,10,
9691,IGVRAVMASQ,4761,True,10,
9692,MVPRGVYSHY,4761,True,10,
9693,PMPRNYMSKA,4761,True,10,
9694,MWPRGMLSVG,4761,True,10,
9695,PMPRAVHGRG,4761,True,10,
9696,LMPRAYRAML,4761,True,10,
9697,TRPAGVRAHV,4761,True,10,
9698,VIPRPYIGRL,4761,True,10,
9699,YRPAGVRTAH,4761,True,10,
9700,FMPRSYRGPR,4761,True,10,
9701,GMPRGVRSTY,4761,True,10,
9702,MPWRGLYVPQ,4761,True,10,
9703,NRPRSYFSGP,4761,True,10,
9704,WMPRAYRAQV,4761,True,10,
9705,VYPGAYQSKH,4761,True,10,
9706,YMPRAYIGNL,4761,True,10,
9707,SGPRSYISTA,4761,True,10,
9708,LMPRSYIAGY,4761,True,10,
9709,MLPRAFRSHK,4761,True,10,
9710,VMPSGFYAMK,4761,True,10,
9711,TKPVGMYSNR,4761,True,10,
9712,PVPRAYISGQ,4761,True,10,
9713,TGPRSMYGQQ,4761,True,10,
9714,TNPRSYRGQG,4761,True,10,
9715,MQPRSYFGMQ,4761,True,10,
9716,MYPAGMRSMH,4761,True,10,
9717,PRPRGYTGRK,4761,True,10,
9718,RAPQGVRSAG,4761,True,10,
9719,DLPRGMWAMS,4761,True,10,
9720,WVPRGVRAQA,4761,True,10,
9721,GVPSGWQSIK,4761,True,10,
9722,MRPRGYRAHA,4761,True,10,
9723,RTPMGMYNRI,4761,True,10,
9724,VAPRGSTASG,4761,True,10,
9725,GMPRAVYAGY,4761,True,10,
9726,ANPYGMRGET,4761,True,10,
9727,VMPEGMRSIT,4761,True,10,
9728,FEPRGMLSMH,4761,True,10,
9729,MPPRGYHARY,4761,True,10,
9730,RIPRAFHSHS,4761,True,10,
9731,TQPRAYRAGA,4761,True,10,
9732,IMPRGYMSGG,4761,True,10,
9733,FMPRGMTGWF,4761,True,10,
9734,MGPLGMYSEQ,4761,True,10,
9735,KVPRGVRTAS,4761,True,10,
9736,VYPRAYMNRI,4761,True,10,
9737,ERPRGYRGWF,4761,True,10,
9738,WNPRSYKGRA,4761,True,10,
9739,SGPRGSTASG,4761,True,10,
9740,MTPRGFQAQY,4761,True,10,
9741,MMPRAYRAMG,4761,True,10,
9742,VSPRGMRSAI,4761,True,10,
9743,SQPRPFRVGA,4761,True,10,
9744,LDPRGMRSMI,4761,True,10,
9745,QMPRAYRGNH,4761,True,10,
9746,NVPRGVTDKR,4761,True,10,
9747,MTPRGFRVRL,4761,True,10,
9748,MTPRGYTASG,4761,True,10,
9749,TGPRGYFVLG,4761,True,10,
9750,YQPRGMQSGI,4761,True,10,
9751,QAPRGVTASG,4761,True,10,
9752,MPPRGVRAIL,4761,True,10,
9753,TLPRAFYGRW,4761,True,10,
9754,PGPRAYHAIG,4761,True,10,
9755,QMPRAYRGSY,4761,True,10,
9756,VMPRGMRSMK,4761,True,10,
9757,RQPRSYLGAH,4761,True,10,
9758,RMPRGVMAVG,4761,True,10,
9759,MIPRPYRAMV,4761,True,10,
9760,RMPRSYIGQG,4761,True,10,
9761,MCPRGMRAGV,4761,True,10,
9762,QAPRSYRGHK,4761,True,10,
9763,MRPRSYRSAV,4761,True,10,
9764,FDPRAFKSGS,4761,True,10,
9765,RPPAGVRAGV,4761,True,10,
9766,MKPRNYRGQF,4761,True,10,
9767,KNPRGYRGSW,4761,True,10,
9768,GTPRGMHSTA,4761,True,10,
9769,QVPRGWIGLT,4761,True,10,
9770,ARPRGYHSVY,4761,True,10,
9771,KHPMGMRNQK,4761,True,10,
9772,IVPRGVRSQR,4761,True,10,
9773,YGPVGMRGNG,4761,True,10,
9774,AIPRSYQGMQ,4761,True,10,
9775,YLPRAFRASL,4761,True,10,
9776,NGPRGMRSGI,4761,True,10,
9777,QGPRGMHASF,4761,True,10,
9778,MYPRAFQVTK,4761,True,10,
9779,MFPRGFRSMH,4761,True,10,
9780,RIPRGYQASG,4761,True,10,
9781,VYPRGMHAEG,4761,True,10,
9782,LNPRVLIAHY,4761,True,10,
9783,GIPRPLYNRK,4761,True,10,
9784,GAPRGVRSFG,4761,True,10,
9785,GMPRAFTASG,4761,True,10,
9786,SMPRGFRAHI,4761,True,10,
9787,QAPRAVRSGA,4761,True,10,
9788,EAPRGSTASG,4761,True,10,
9789,GLPRAYIAWA,4761,True,10,
9790,SPAHGFTASG,4761,True,10,
9791,AMPRAYRGMF,4761,True,10,
9792,IMPRGVRYRI,4761,True,10,
9793,PSPRAYRGTY,4761,True,10,
9794,YIPLGMYSRG,4761,True,10,
9795,PMPRNYIGIR,4761,True,10,
9796,MYPRGSAMNF,4761,True,10,
9797,MTPRGMYSWK,4761,True,10,
9798,KVPRGVTASG,4761,True,10,
9799,NIPRAVYGAF,4761,True,10,
9800,GMPRSMWQWF,4761,True,10,
9801,MNPEGMRAWA,4761,True,10,
9802,YEPRGVRANR,4761,True,10,
9803,APPNGFQSHT,4761,True,10,
9804,KMPSGVRAIH,4761,True,10,
9805,RGPVGMRGHI,4761,True,10,
9806,PTPRGFRAMY,4761,True,10,
9807,MAPRAYHAQF,4761,True,10,
9808,TVPRALNGRW,4761,True,10,
9809,QNPAGMRSVA,4761,True,10,
9810,MPPRSYIKNR,4761,True,10,
9811,TIPRGVRGAF,4761,True,10,
9812,PAPRSYRNQI,4761,True,10,
9813,SAPRSYRAGV,4761,True,10,
9814,TLPRAIRGML,4761,True,10,
9815,STPLGQISWS,4761,True,10,
9816,TQPRSYRGAS,4761,True,10,
9817,ISPVGMRVAH,4761,True,10,
9818,GKPAGVHAPW,4761,True,10,
9819,GQPRAVTASG,4761,True,10,
9820,LRPRSYKGKW,4761,True,10,
9821,QWPRPYSAMK,4761,True,10,
9822,MFPRAFGSTH,4761,True,10,
9823,TMPRGMWSGF,4761,True,10,
9824,KGPRGVRSVI,4761,True,10,
9825,MVPRGSRSGI,4761,True,10,
9826,QKPKGVTASG,4761,True,10,
9827,KQPRAYIGNQ,4761,True,10,
9828,KMPRAYRGQS,4761,True,10,
9829,MGPQGMKGPH,4761,True,10,
9830,MNPSGMRGAR,4761,True,10,
9831,SKPRGMRASH,4761,True,10,
9832,AYPRAFRGMG,4761,True,10,
9833,SQPRPVFAWQ,4761,True,10,
9834,WGPSGVRAGS,4761,True,10,
9835,MNPRGYQAEG,4761,True,10,
9836,TPPRGSRNHY,4761,True,10,
9837,MPPRGVRGKI,4761,True,10,
9838,KVPSGIRSLY,4761,True,10,
9839,NMPRNYIAIY,4761,True,10,
9840,WVPRGVRAWQ,4761,True,10,
9841,PLARAWSAGI,4761,True,10,
9842,PIVRGVRNRT,4761,True,10,
9843,WIPRGVIGKQ,4761,True,10,
9844,MAPRGVHAGR,4761,True,10,
9845,PIPRPFQSGI,4761,True,10,
9846,PYPRPFRAGV,4761,True,10,
9847,TVPRAITASG,4761,True,10,
9848,MAPRGVYVTG,4761,True,10,
9849,VQPRAYIGQF,4761,True,10,
9850,QMPRSYTNLG,4761,True,10,
9851,MVPRGVQAIS,4761,True,10,
9852,RFPRGMRGSQ,4761,True,10,
9853,MSPRGVRATR,4761,True,10,
9854,MDPRSYRGRL,4761,True,10,
9855,IVPRGVRAQY,4761,True,10,
9856,AMPRGVMVMG,4761,True,10,
9857,FQPRGFYAIR,4761,True,10,
9858,VGPRGWTVGR,4761,True,10,
9859,RNPVGFIAGR,4761,True,10,
9860,GTPSGMRTAS,4761,True,10,
9861,MVPRAYIAQY,4761,True,10,
9862,RSPRGMHSGQ,4761,True,10,
9863,NAPRPFTASG,4761,True,10,
9864,VAPRPFPQTQ,4761,True,10,
9865,KIPRGVWAGR,4761,True,10,
9866,HNPRSYIAEH,4761,True,10,
9867,FSPRSYTASG,4761,True,10,
9868,DPPRAFIAWA,4761,True,10,
9869,KSPRGYRANA,4761,True,10,
9870,GMPRGMHSQG,4761,True,10,
9871,TPPRPYMGPR,4761,True,10,
9872,MHPRSYIDGI,4761,True,10,
9873,IAVRAVWGRG,4761,True,10,
9874,VMPRAYRAHG,4761,True,10,
9875,RTPRGNRAPL,4761,True,10,
9876,GYPRAFKGSA,4761,True,10,
9877,RVPRGYRSTV,4761,True,10,
9878,WGPSGMRVLV,4761,True,10,
9879,MFPRGMRSGH,4761,True,10,
9880,MVPRGVRAEG,4761,True,10,
9881,MMPRGWTASG,4761,True,10,
9882,PGPRSYIGPF,4761,True,10,
9883,MYPRAFRAWG,4761,True,10,
9884,MWPRGMHSVS,4761,True,10,
9885,AVPKGVHSQK,4761,True,10,
9886,WVPRGVRSGR,4761,True,10,
9887,RGPAGMKSEA,4761,True,10,
9888,SYPLPFWGRS,4761,True,10,
9889,VMPRAYRAGT,4761,True,10,
9890,LFPRGMHAMY,4761,True,10,
9891,APWRAMYSHT,4761,True,10,
9892,MPPRSYRAWS,4761,True,10,
9893,SNPRGMFSVH,4761,True,10,
9894,ARPRGYTASG,4761,True,10,
9895,HAPRGVRSMI,4761,True,10,
9896,PTPRGVTASG,4761,True,10,
9897,IQPSGMRGTQ,4761,True,10,
9898,GFPAGMHSSY,4761,True,10,
9899,IPWKGMVAMG,4761,True,10,
9900,LMPRAYLGRY,4761,True,10,
9901,IMPRAYRAHR,4761,True,10,
9902,GAPRAVLAGL,4761,True,10,
9903,MSPRSWQAGF,4761,True,10,
9904,WMPRSYQGNS,4761,True,10,
9905,VFMEPHMSTA,4761,True,10,
9906,GVPRGVRAGW,4761,True,10,
9907,VMPRSYRAAW,4761,True,10,
9908,SNPEGMRSMG,4761,True,10,
9909,RQPRAYTASG,4761,True,10,
9910,YGPRAYRSPH,4761,True,10,
9911,PAPRAYKANK,4761,True,10,
9912,PVPRGVRSTG,4761,True,10,
9913,VAPRSMHAEK,4761,True,10,
9914,AYPRAFRNHY,4761,True,10,
9915,ANPRSYIAGI,4761,True,10,
9916,MYPRAVYASI,4761,True,10,
9917,MVPRGVRANR,4761,True,10,
9918,QPPRAFRSGR,4761,True,10,
9919,TMPRSYWGNR,4761,True,10,
9920,NMPRSYFARG,4761,True,10,
9921,TMPRSYIGAG,4761,True,10,
9922,YRPRGMWAEQ,4761,True,10,
9923,MFPRAFKGQR,4761,True,10,
9924,NIPRAVRSGR,4761,True,10,
9925,VMPRGVLANY,4761,True,10,
9926,NPPRAFHSRV,4761,True,10,
9927,MTPRGVQSTS,4761,True,10,
9928,GIPRPFYAQI,4761,True,10,
9929,SAPRGVFATH,4761,True,10,
9930,MQPRPFRAPF,4761,True,10,
9931,SQPRGMYSAY,4761,True,10,
9932,PDPMGMRSHG,4761,True,10,
9933,SGPAGMTATA,4761,True,10,
9934,SVPRGVRAQL,4761,True,10,
9935,EMPRAYRSWS,4761,True,10,
9936,AQPRPVRAKY,4761,True,10,
9937,RVPVGMTASG,4761,True,10,
9938,MVPRGVTASG,4761,True,10,
9939,MNPRSYIATR,4761,True,10,
9940,YMPRAYRVHI,4761,True,10,
9941,EMPRGVRAER,4761,True,10,
9942,DNPRGFRASI,4761,True,10,
9943,MWPRGMRSGI,4761,True,10,
9944,VAPRGYKGET,4761,True,10,
9945,TKPRPYIATK,4761,True,10,
9946,VMPRGFKSHS,4761,True,10,
9947,NVPRAVRAGA,4761,True,10,
9948,SQPRGMYQAH,4761,True,10,
9949,SPPRGSTASG,4761,True,10,
9950,VPPHGFMVQV,4761,True,10,
9951,PRPRGYTASG,4761,True,10,
9952,WMPRGVISTR,4761,True,10,
9953,LPPAGVRGSY,4761,True,10,
9954,RLPRAFIAHG,4761,True,10,
9955,RGPVGMRSTR,4761,True,10,
9956,MAPRAFKSGR,4761,True,10,
9957,MPWRAFWSVK,4761,True,10,
9958,QMPRPVRTAS,4761,True,10,
9959,PYPRGDIGAG,4761,True,10,
9960,GVPRSWTASG,4761,True,10,
9961,PGPRSYIGAK,4761,True,10,
9962,MHPSGFRVSQ,4761,True,10,
9963,MNPRGFRVQL,4761,True,10,
9964,KMPRGVYSLK,4761,True,10,
9965,VVPRAFQAGV,4761,True,10,
9966,QAPRAYQGIF,4761,True,10,
9967,SIPRPYWATV,4761,True,10,
9968,QMPRSYISQG,4761,True,10,
9969,HTPRGYSGPI,4761,True,10,
9970,TRPRAYTSRA,4761,True,10,
9971,WMPSGMRSAV,4761,True,10,
9972,WFPRGFRANS,4761,True,10,
9973,GMPRAFRSQY,4761,True,10,
9974,TVPRGVRGPV,4761,True,10,
9975,YGPRAFHGPA,4761,True,10,
9976,KWPRGMVASI,4761,True,10,
9977,SKPVGMTASG,4761,True,10,
9978,RMPRGYRGHQ,4761,True,10,
9979,MPPRGYIGRS,4761,True,10,
9980,LKPLGFRSPH,4761,True,10,
9981,SMPRGVRANK,4761,True,10,
9982,AGPRAVLANV,4761,True,10,
9983,NTPRGMRSEH,4761,True,10,
9984,MVPRGVRSQY,4761,True,10,
9985,QKPRGKTGRI,4761,True,10,
9986,RGPRPYMAGA,4761,True,10,
9987,KHWGGMWSVH,4761,True,10,
9988,FRPRGYTASG,4761,True,10,
9989,GVPRAVMAWV,4761,True,10,
9990,MPPRGMRGSA,4761,True,10,
9991,TMPRSYHGSG,4761,True,10,
9992,AGPRPFRGQF,4761,True,10,
9993,QVPRGVRSER,4761,True,10,
9994,MNPRGMKAGA,4761,True,10,
9995,MVPRGVRAPH,4761,True,10,
9996,TSPRILYAMG,4761,True,10,
9997,TMPRAYTASG,4761,True,10,
9998,WNPRAYTGWS,4761,True,10,
9999,HVPRGQMGRA,4761,True,10,
10000,NQPSGVRSGR,7265,True,10,
10001,ARPSGWTGMG,7265,True,10,
10002,NSPSAYRNMG,7265,True,10,
10003,MVPSGVRNHS,7265,True,10,
10004,RVPKGVRGMG,7265,True,10,
10005,YPPSGFRSGA,7265,True,10,
10006,GQPGAMRAHF,7265,True,10,
10007,QAPRGVRSQL,7265,True,10,
10008,GRPSGWTSPT,7265,True,10,
10009,STPLGYQGTG,7265,True,10,
10010,RNPAPFRGRT,7265,True,10,
10011,TSPHGFRGVQ,7265,True,10,
10012,VGPAPMWGPV,7265,True,10,
10013,MGPWHIMGQK,7265,True,10,
10014,KPPSAFWGQF,7265,True,10,
10015,NWPSGWTASG,7265,True,10,
10016,TPPVSFRGMG,7265,True,10,
10017,GMPAGVKGWH,7265,True,10,
10018,MAPRGVMASG,7265,True,10,
10019,FQPRGMRGNI,7265,True,10,
10020,QLRVKRSHSQ,7265,True,10,
10021,TRPNAFWSRL,7265,True,10,
10022,NVPRVLWGAH,7265,True,10,
10023,VPPRGVRGMQ,7265,True,10,
10024,GPPRAVKGMG,7265,True,10,
10025,NRPEGVKGLF,7265,True,10,
10026,MGPSGMRGEF,7265,True,10,
10027,TGPSGFQGHH,7265,True,10,
10028,GAPRSMLGAR,7265,True,10,
10029,GRPQAVRSEY,7265,True,10,
10030,RQPSGFRGSQ,7265,True,10,
10031,GDPAGVRGTW,7265,True,10,
10032,HAPSGMRGHY,7265,True,10,
10033,YGMRGMFGLR,7265,True,10,
10034,STPSGMYNPV,7265,True,10,
10035,LAPSGVKSMG,7265,True,10,
10036,QVPRAVRSRT,7265,True,10,
10037,SMPSGFTGRQ,7265,True,10,
10038,GAPSGYMGQW,7265,True,10,
10039,MGPQGMRGAQ,7265,True,10,
10040,LVPRGVRGPH,7265,True,10,
10041,TVPRGVRGPA,7265,True,10,
10042,RSPASMFGKA,7265,True,10,
10043,SQPYGMHSQI,7265,True,10,
10044,VSPAGVRGKF,7265,True,10,
10045,RTPVGIYSAY,7265,True,10,
10046,QRPSGVRVPH,7265,True,10,
10047,QNPSGVKGKT,7265,True,10,
10048,GVPRQVRGQA,7265,True,10,
10049,QHPSGFVSIF,7265,True,10,
10050,YQPQGVRGMG,7265,True,10,
10051,TQPSGFRGVI,7265,True,10,
10052,STPHGFTGIA,7265,True,10,
10053,SMPLGYHGMK,7265,True,10,
10054,EMPSGVRGQR,7265,True,10,
10055,IFPQGMRGQR,7265,True,10,
10056,HMPRGVMSNR,7265,True,10,
10057,TRPSGVTASG,7265,True,10,
10058,HMPKGMRSHK,7265,True,10,
10059,RKPAGVHAHF,7265,True,10,
10060,KRPSGVRSGH,7265,True,10,
10061,QRPSGVRSGS,7265,True,10,
10062,ARVAGVRGHF,7265,True,10,
10063,QAPRAVKGAF,7265,True,10,
10064,KMPSGFHSMG,7265,True,10,
10065,RVPRPVRNRT,7265,True,10,
10066,AVPRQVRSMG,7265,True,10,
10067,GIPSAIRGWF,7265,True,10,
10068,IPPSGWRGNG,7265,True,10,
10069,GQPGAMFGIT,7265,True,10,
10070,QPPRGVHSRT,7265,True,10,
10071,GTPRAYRGSA,7265,True,10,
10072,RQPHGFYGKH,7265,True,10,
10073,ASPVGMRGMQ,7265,True,10,
10074,AQPSAFLGMS,7265,True,10,
10075,WLPEAFRNPW,7265,True,10,
10076,TTPYGMRGWR,7265,True,10,
10077,SQPRGVFGQA,7265,True,10,
10078,TQPRGVMARG,7265,True,10,
10079,HGPAGMRGMA,7265,True,10,
10080,HKPSGFYAPR,7265,True,10,
10081,NTPSGQHAMF,7265,True,10,
10082,KPPSGFTGTA,7265,True,10,
10083,QSPRVYQGPF,7265,True,10,
10084,QAPRGVRDRA,7265,True,10,
10085,QSPRGVFQPF,7265,True,10,
10086,GSPASFRGNF,7265,True,10,
10087,PIPHGFFGLR,7265,True,10,
10088,NQPRQYVGRG,7265,True,10,
10089,RAPRGVTASG,7265,True,10,
10090,GRPSGWTSRS,7265,True,10,
10091,QIPRQYRGTG,7265,True,10,
10092,RWPAGVRSLK,7265,True,10,
10093,AGPHGFHGVR,7265,True,10,
10094,AGPRSYRGWG,7265,True,10,
10095,VFPQGVMAHR,7265,True,10,
10096,MRPRSYRGAF,7265,True,10,
10097,QAPSGWTGIR,7265,True,10,
10098,GNPRGVRSIA,7265,True,10,
10099,QRPRVLIGMR,7265,True,10,
10100,MDPSGMRSMH,7265,True,10,
10101,KVPSGWTGIR,7265,True,10,
10102,QPPRAYRGQI,7265,True,10,
10103,RQPSGVMNWR,7265,True,10,
10104,FMPKGVTGRT,7265,True,10,
10105,HAPRGSMGIY,7265,True,10,
10106,HVPSGFRGWR,7265,True,10,
10107,GQPSGWTGQR,7265,True,10,
10108,SVPRGVRGVS,7265,True,10,
10109,VNPSGMRSNL,7265,True,10,
10110,RFPSGVTALI,7265,True,10,
10111,ARPSGVRTHV,7265,True,10,
10112,DKPSGFRGRW,7265,True,10,
10113,PGPAPMHGMR,7265,True,10,
10114,VHPRAVLGEH,7265,True,10,
10115,PVPRQVYGWY,7265,True,10,
10116,RMPSGFYGMT,7265,True,10,
10117,HVPRQIMGPR,7265,True,10,
10118,QPPSHWIGRQ,7265,True,10,
10119,HLPWGVRGPR,7265,True,10,
10120,GTPRAVRVQR,7265,True,10,
10121,PMPGAMRSGR,7265,True,10,
10122,YGPFGFRGPY,7265,True,10,
10123,RQPSGFSAPT,7265,True,10,
10124,RVPRGVRGAH,7265,True,10,
10125,QPPSGWTASG,7265,True,10,
10126,AHPIAIMSMT,7265,True,10,
10127,PHPSGFQAIG,7265,True,10,
10128,QMPRQVMANF,7265,True,10,
10129,GDPLGMRNTK,7265,True,10,
10130,TMPRGVRGHK,7265,True,10,
10131,RVPRGVRNMF,7265,True,10,
10132,QGPSGVFGKH,7265,True,10,
10133,SRPRQYRGIQ,7265,True,10,
10134,RAPAGVRGMR,7265,True,10,
10135,SQPSGVRGHV,7265,True,10,
10136,FPPSGVRGSI,7265,True,10,
10137,HSPSGFYSMV,7265,True,10,
10138,ATPRGVMGQR,7265,True,10,
10139,HGPSGMRGQV,7265,True,10,
10140,VAPEPMKSAV,7265,True,10,
10141,QGPRMIHGNG,7265,True,10,
10142,TVSQGLMGLH,7265,True,10,
10143,KVPRQYRGHS,7265,True,10,
10144,ITPSGQIGKR,7265,True,10,
10145,TKPAPWQGVK,7265,True,10,
10146,GRPAGVRGSR,7265,True,10,
10147,VRPEFLHGRG,7265,True,10,
10148,RPPSGVHSMK,7265,True,10,
10149,PVFQGLRGQK,7265,True,10,
10150,TSPRQYTGMG,7265,True,10,
10151,EAPSGMRGMG,7265,True,10,
10152,VAPESMYSMF,7265,True,10,
10153,VFPQGMRNPV,7265,True,10,
10154,GSPRSFRSNL,7265,True,10,
10155,MPPRGSTASG,7265,True,10,
10156,MPPRQVHGRI,7265,True,10,
10157,HPPSGVRGRV,7265,True,10,
10158,VAPEAIFGVL,7265,True,10,
10159,IRPNAFRGQK,7265,True,10,
10160,NAPRSWIGHS,7265,True,10,
10161,RAPEGVRGNG,7265,True,10,
10162,WTPSKMISGS,7265,True,10,
10163,MAPSGVRGNR,7265,True,10,
10164,QGPSGFRGHG,7265,True,10,
10165,TKPFGFRGSG,7265,True,10,
10166,NTPRPYMGVA,7265,True,10,
10167,THPFGFRSQR,7265,True,10,
10168,GHPSGFRNAG,7265,True,10,
10169,MLPRAVYGPR,7265,True,10,
10170,SAPRAFTNPG,7265,True,10,
10171,RAPESMRGAH,7265,True,10,
10172,YPPRASQGMG,7265,True,10,
10173,GRPRQYRGPL,7265,True,10,
10174,NMPRQVLNRI,7265,True,10,
10175,PMPRSYRNMG,7265,True,10,
10176,TMPRGVRGTS,7265,True,10,
10177,WNPSGMRGHA,7265,True,10,
10178,RPPSGVKAMR,7265,True,10,
10179,PVPRGVLGQI,7265,True,10,
10180,MRPSAQHGMR,7265,True,10,
10181,YRPRSYQANY,7265,True,10,
10182,MYPSGFWGPG,7265,True,10,
10183,EQPRAVKGHQ,7265,True,10,
10184,GPPLGFHGQR,7265,True,10,
10185,WMPSGMRGIA,7265,True,10,
10186,LKPSGVRVNK,7265,True,10,
10187,MVPSGVRANG,7265,True,10,
10188,ADPRGMHGPH,7265,True,10,
10189,RKPAGVFGNY,7265,True,10,
10190,GPPQAVRTAS,7265,True,10,
10191,SVPSAIWGWR,7265,True,10,
10192,RGPSGMLGSH,7265,True,10,
10193,DPPRGFTGRQ,7265,True,10,
10194,DVPRGMGSLS,7265,True,10,
10195,WFPSGMRGQH,7265,True,10,
10196,FRPQGVRGIR,7265,True,10,
10197,VQPSGFRNWR,7265,True,10,
10198,RSPASMRNHG,7265,True,10,
10199,TAPASVRGRG,7265,True,10,
10200,RGPAGVRGHG,7265,True,10,
10201,GVPRGVASAH,7265,True,10,
10202,MNPAGYRSTS,7265,True,10,
10203,MAPRGVQATV,7265,True,10,
10204,QSPRQVHTLH,7265,True,10,
10205,NVPRQVFGKA,7265,True,10,
10206,RVEPAPYKVM,7265,True,10,
10207,QRVRGVSGVQ,7265,True,10,
10208,GYPRGFNGHA,7265,True,10,
10209,GIPSAMLGQR,7265,True,10,
10210,RNPAHFHSRG,7265,True,10,
10211,RQPRAYQGQK,7265,True,10,
10212,GVPKGVWSLI,7265,True,10,
10213,TPMGPLHSKT,7265,True,10,
10214,TGPAQMRSGV,7265,True,10,
10215,SQPSGFRQRG,7265,True,10,
10216,KAPHGFWGML,7265,True,10,
10217,MVPRAVRGLR,7265,True,10,
10218,VAPAGVRSMR,7265,True,10,
10219,VFPMGMRSWF,7265,True,10,
10220,RVPRGVTVNY,7265,True,10,
10221,GPPRAVRGMQ,7265,True,10,
10222,RDPVAYHVQG,7265,True,10,
10223,TAPRGVQGMI,7265,True,10,
10224,NAPRGFWGQV,7265,True,10,
10225,KSPVGYTGQG,7265,True,10,
10226,GRPEGFRGMR,7265,True,10,
10227,NQPASFIGQT,7265,True,10,
10228,SRPRPYQGVT,7265,True,10,
10229,VMPSGFRGRV,7265,True,10,
10230,QRPRGVRVRR,7265,True,10,
10231,TAPSGFYGRT,7265,True,10,
10232,VIPQGMRSMV,7265,True,10,
10233,GAPRGSTASG,7265,True,10,
10234,QGPKGMHGVR,7265,True,10,
10235,ANPSGVYAMI,7265,True,10,
10236,QVPRAIHAQI,7265,True,10,
10237,PTPRSVLGSG,7265,True,10,
10238,AGPTGMYSMG,7265,True,10,
10239,AGPRSYINVS,7265,True,10,
10240,AIPRVYRGRY,7265,True,10,
10241,SQPSGVRGEV,7265,True,10,
10242,PQPRAVRGQV,7265,True,10,
10243,RAPSMITGNV,7265,True,10,
10244,WCPSGMRASG,7265,True,10,
10245,RSPRTYVGMT,7265,True,10,
10246,KRPDGFRGRV,7265,True,10,
10247,TQPAGMRGKG,7265,True,10,
10248,YGPSGMRSQH,7265,True,10,
10249,KAPSGMRGQR,7265,True,10,
10250,RVPRAVRGHY,7265,True,10,
10251,PMPRQVWGKS,7265,True,10,
10252,RVPRGVHATY,7265,True,10,
10253,VRPSWSQAKL,7265,True,10,
10254,NAPAGVHKLF,7265,True,10,
10255,RMPRGVANSH,7265,True,10,
10256,VVPRAVYGMH,7265,True,10,
10257,MAPRGVHGQG,7265,True,10,
10258,RVPRPVKGMG,7265,True,10,
10259,TMPAQVRGKR,7265,True,10,
10260,RVPKGVTGMA,7265,True,10,
10261,YGPQPFWGQI,7265,True,10,
10262,MNPHGFRGPV,7265,True,10,
10263,KVPSGQSNSR,7265,True,10,
10264,MGPRSYLGRK,7265,True,10,
10265,RVPRAVHGQF,7265,True,10,
10266,LAPRGVTGHK,7265,True,10,
10267,RIPRPVAGVI,7265,True,10,
10268,TPPRGFWVGR,7265,True,10,
10269,PAPAGVRSMG,7265,True,10,
10270,QQPRGVRGMT,7265,True,10,
10271,HPPSGVRGQK,7265,True,10,
10272,GRPSAFQGNA,7265,True,10,
10273,QHVRGVFGNR,7265,True,10,
10274,WRPSGVTASG,7265,True,10,
10275,MRPSGVRAVR,7265,True,10,
10276,TVPSGFQAMF,7265,True,10,
10277,MTPQGMTNSW,7265,True,10,
10278,NGPMAMSGPY,7265,True,10,
10279,QIPSGMRGQA,7265,True,10,
10280,KPPSGFSGQG,7265,True,10,
10281,KNPRSYRGTS,7265,True,10,
10282,MRPAQMQGRK,7265,True,10,
10283,MVPRGVSGHL,7265,True,10,
10284,TFPRAFRGRV,7265,True,10,
10285,RSPSPFWGPA,7265,True,10,
10286,MRPEGVRGQF,7265,True,10,
10287,QPVRGVYSTS,7265,True,10,
10288,SFVFAMRGMS,7265,True,10,
10289,GPPRNFSGQI,7265,True,10,
10290,PAPAGVHAIQ,7265,True,10,
10291,TQPFGFRSMQ,7265,True,10,
10292,NPPSHWIGMF,7265,True,10,
10293,AGPRSYFGPG,7265,True,10,
10294,VEPAGMRGTK,7265,True,10,
10295,RAPEGVTGRH,7265,True,10,
10296,TNPSGFRGHR,7265,True,10,
10297,DVPSGVRGKQ,7265,True,10,
10298,EQPRGVRSEG,7265,True,10,
10299,HVPSGVTVRA,7265,True,10,
10300,RIPRPYVGNK,7265,True,10,
10301,LRPSGVRARI,7265,True,10,
10302,DGPSGMRGTR,7265,True,10,
10303,MSPRQYIGSG,7265,True,10,
10304,STPIELYSHT,7265,True,10,
10305,RHPSGFRGMG,7265,True,10,
10306,GTPRGVRTAS,7265,True,10,
10307,HNPSGFRGTQ,7265,True,10,
10308,NRPSGFWSTS,7265,True,10,
10309,GEPRSMRGVW,7265,True,10,
10310,HGPAPFWSRK,7265,True,10,
10311,GNPRSWIGRK,7265,True,10,
10312,QAPQGVRGHR,7265,True,10,
10313,HVPRQVRGNK,7265,True,10,
10314,RAPAGFRGAR,7265,True,10,
10315,PLWSGFQGPK,7265,True,10,
10316,GVPRAVRGRA,7265,True,10,
10317,PQPVGIWGSG,7265,True,10,
10318,AVPRAVIGAT,7265,True,10,
10319,VMVSHLYGMF,7265,True,10,
10320,SQPYGMRGWR,7265,True,10,
10321,TMPSGVHGHK,7265,True,10,
10322,GRPASWYGQA,7265,True,10,
10323,DIPSGFRNHV,7265,True,10,
10324,SVPHGFQVQR,7265,True,10,
10325,HRPEGMHGMK,7265,True,10,
10326,WNPSGFRGWT,7265,True,10,
10327,NQPSGMRGMW,7265,True,10,
10328,AVPRAVLGWS,7265,True,10,
10329,MVPSGFQSRW,7265,True,10,
10330,ITPRGVLGMG,7265,True,10,
10331,GTPSGWTRQG,7265,True,10,
10332,ATPRQVRGMF,7265,True,10,
10333,GPPSGFRGWR,7265,True,10,
10334,RGPSSYMGQR,7265,True,10,
10335,AMPAHMVGAR,7265,True,10,
10336,PGPSGPRGIG,7265,True,10,
10337,FVPSGWTASG,7265,True,10,
10338,GHPMSFRNPK,7265,True,10,
10339,RQPYGFLGSH,7265,True,10,
10340,FVPRGVRGRA,7265,True,10,
10341,TGPSGMRGHK,7265,True,10,
10342,GVPSGFIGMI,7265,True,10,
10343,DPPSGFRAKG,7265,True,10,
10344,FQVRGMYGMG,7265,True,10,
10345,GNPSAMYGVA,7265,True,10,
10346,GQPRSYRNPA,7265,True,10,
10347,PQPRSYLGTK,7265,True,10,
10348,MVPRGVMNHA,7265,True,10,
10349,TGPKGMRGPQ,7265,True,10,
10350,GQPRGVTASG,7265,True,10,
10351,AKPSGVRARH,7265,True,10,
10352,KNPAGMRAVH,7265,True,10,
10353,RAPVAFAGQY,7265,True,10,
10354,NPPSGFRGMR,7265,True,10,
10355,MGPVGMRGLR,7265,True,10,
10356,MTPSAYIAMI,7265,True,10,
10357,VQPSTMRGKG,7265,True,10,
10358,MQPSGVRGMR,7265,True,10,
10359,QVPRQVRGLG,7265,True,10,
10360,RGPSSYRGMA,7265,True,10,
10361,TSPVAYRVMT,7265,True,10,
10362,GRPSGWHGIT,7265,True,10,
10363,QMPRQFMGRT,7265,True,10,
10364,KQPRGFHSMQ,7265,True,10,
10365,NVPAGVLGLQ,7265,True,10,
10366,GMPRGMHAVK,7265,True,10,
10367,RIPRPYKGPH,7265,True,10,
10368,MNPSGMRGTI,7265,True,10,
10369,GRPRSYKGPG,7265,True,10,
10370,TGPYGMRGHR,7265,True,10,
10371,DASWIRGTGE,7265,True,10,
10372,RPPQHVSGRA,7265,True,10,
10373,RVPSGVKGIQ,7265,True,10,
10374,VWPSGMRGVR,7265,True,10,
10375,PQEWGKYIPF,7265,True,10,
10376,MQHMGNPAKY,7265,True,10,
10377,WRVARESVIG,7265,True,10,
10378,QRPRGSTASG,7265,True,10,
10379,TAPSGMRNSG,7265,True,10,
10380,QMPAGVRGSV,7265,True,10,
10381,IKPSGPVGHW,7265,True,10,
10382,QPPRSYRGHK,7265,True,10,
10383,VTPSGFHGRA,7265,True,10,
10384,SVPSALMGMV,7265,True,10,
10385,NIPSGMTGPT,7265,True,10,
10386,TGPSGWTSVR,7265,True,10,
10387,QVPRQVYGRS,7265,True,10,
10388,RTPMGMRGTR,7265,True,10,
10389,IAPAGVFKQG,7265,True,10,
10390,SGPSGFAGTA,7265,True,10,
10391,MGPWGVTGPR,7265,True,10,
10392,PVPSGVRGEQ,7265,True,10,
10393,RPPQAFQGQH,7265,True,10,
10394,AYPSHLVGTI,7265,True,10,
10395,GAPRSMRGHT,7265,True,10,
10396,TMPSGVQGTR,7265,True,10,
10397,RHPSGVRTGA,7265,True,10,
10398,QGPGPMTGMI,7265,True,10,
10399,NTPSGMYGQR,7265,True,10,
10400,DIPRPVWQGS,6148,True,10,
10401,RVPRPIMAAF,6148,True,10,
10402,SQPRAYRGAR,6148,True,10,
10403,RVPVGIKTAS,6148,True,10,
10404,VRPRSWTASG,6148,True,10,
10405,GIPRPVYANG,6148,True,10,
10406,ADPRWYSGQI,6148,True,10,
10407,HTPRAVKAQK,6148,True,10,
10408,SMPRPYSTLG,6148,True,10,
10409,FRPRSLYDGY,6148,True,10,
10410,DAPIHLQTNR,6148,True,10,
10411,SMVRAVYQKQ,6148,True,10,
10412,QHPRAFKGWG,6148,True,10,
10413,IVPRAVKATL,6148,True,10,
10414,PKPRGVRVEQ,6148,True,10,
10415,GNPRAFRTAS,6148,True,10,
10416,YQPRGMSTQH,6148,True,10,
10417,PMPRAVSAMS,6148,True,10,
10418,QRPRPFSTAS,6148,True,10,
10419,SAPKGVRDRQ,6148,True,10,
10420,KAPRAVHAPS,6148,True,10,
10421,LVPRPVWATA,6148,True,10,
10422,IAPLHWRSEG,6148,True,10,
10423,YKPRGYRDAA,6148,True,10,
10424,LAPRAVQTGF,6148,True,10,
10425,GAPLGFTVWS,6148,True,10,
10426,LPPLPWRGWS,6148,True,10,
10427,YAPRAVYDAI,6148,True,10,
10428,RHPKGVTASG,6148,True,10,
10429,CMPRDIKGPY,6148,True,10,
10430,KAPRGSTDNV,6148,True,10,
10431,AVPRAWYAHF,6148,True,10,
10432,VPVRDLIGNG,6148,True,10,
10433,QMPKGMKNWV,6148,True,10,
10434,YWPRAFAAEA,6148,True,10,
10435,LMVRAVRAGF,6148,True,10,
10436,VPPVPFWSPW,6148,True,10,
10437,IHVRAVYGPL,6148,True,10,
10438,CPPLGQEYNS,6148,True,10,
10439,CTPRSWRATG,6148,True,10,
10440,MTPVSMHSRT,6148,True,10,
10441,RFPRPIYAEP,6148,True,10,
10442,FYPRPVLNGL,6148,True,10,
10443,MAPRSHIGMW,6148,True,10,
10444,QKPVPFWAPG,6148,True,10,
10445,PAPRFLTSHF,6148,True,10,
10446,YRPRPVTASG,6148,True,10,
10447,PVPRPVMDMT,6148,True,10,
10448,FKPRGYTASG,6148,True,10,
10449,RQPRNVHAEK,6148,True,10,
10450,KAPKGMYTPG,6148,True,10,
10451,WVPRGQHYMV,6148,True,10,
10452,WIPRSWYSWK,6148,True,10,
10453,TPPRAQGTAS,6148,True,10,
10454,AFPRSWRAQL,6148,True,10,
10455,DAPRGVRAGH,6148,True,10,
10456,RAPASVRGSH,6148,True,10,
10457,VKPLGLTASG,6148,True,10,
10458,PYPRAFPAIL,6148,True,10,
10459,HGHRGLWDPQ,6148,True,10,
10460,RPPLAFTASG,6148,True,10,
10461,CAPKGMRSGH,6148,True,10,
10462,PRPRSLLSLG,6148,True,10,
10463,LGPRAVWDSK,6148,True,10,
10464,ACPRAMKGKY,6148,True,10,
10465,TPVSGLYGEH,6148,True,10,
10466,QAPRAVKDWH,6148,True,10,
10467,TPPRSWRTGK,6148,True,10,
10468,ESPQAVQALG,6148,True,10,
10469,FGPRSWVASG,6148,True,10,
10470,TSVRALYSHR,6148,True,10,
10471,FYPRGQITNS,6148,True,10,
10472,SPPRPFKGQS,6148,True,10,
10473,SLNRALWDVE,6148,True,10,
10474,EMPRSWTASG,6148,True,10,
10475,TYPRSMLVGQ,6148,True,10,
10476,YTPVSYAGPT,6148,True,10,
10477,NDFIPTGLKA,6148,True,10,
10478,SWPRGMTASG,6148,True,10,
10479,SKPSGVATGK,6148,True,10,
10480,TYPRAFSTGR,6148,True,10,
10481,MIPRPVHAPT,6148,True,10,
10482,PVPRAWQDAY,6148,True,10,
10483,HLPLGFTASG,6148,True,10,
10484,YAPRSMLNVG,6148,True,10,
10485,EGPRSWRGAY,6148,True,10,
10486,RGPYGMRGTH,6148,True,10,
10487,APPRAVYTNR,6148,True,10,
10488,YRVWAVRDAR,6148,True,10,
10489,KGSRALRSLK,6148,True,10,
10490,HVPVSWAGTQ,6148,True,10,
10491,GIPRYMHSAS,6148,True,10,
10492,QIPRPVMDSA,6148,True,10,
10493,NTPIWVHTGY,6148,True,10,
10494,MYPRAFSGTG,6148,True,10,
10495,GKPRSLYSEK,6148,True,10,
10496,VHIAWFKSHI,6148,True,10,
10497,HKPRSMRGEW,6148,True,10,
10498,MKVRAVWSWA,6148,True,10,
10499,GSPRPFTASG,6148,True,10,
10500,WMPRGYTASG,6148,True,10,
10501,KAPRPVMDNF,6148,True,10,
10502,PVPRPVQATW,6148,True,10,
10503,AFPRAFLDPQ,6148,True,10,
10504,FNVYGMRSEW,6148,True,10,
10505,DVPRAWRDKS,6148,True,10,
10506,SQPVGMYTEG,6148,True,10,
10507,YRPRPFMDRW,6148,True,10,
10508,NHPIGIYDWQ,6148,True,10,
10509,HNPRSYRSTA,6148,True,10,
10510,HGPRGYTASG,6148,True,10,
10511,AIPVPFVGLH,6148,True,10,
10512,PHGYPAIAPG,6148,True,10,
10513,WPPKSLMSNI,6148,True,10,
10514,GHPAGVRTAS,6148,True,10,
10515,IHPQGMRESG,6148,True,10,
10516,ALPRAVAVPG,6148,True,10,
10517,SPPRAFKGTG,6148,True,10,
10518,HGYPHAYGRS,6148,True,10,
10519,IMPRNVLVQW,6148,True,10,
10520,MKPYGMLTNF,6148,True,10,
10521,GLPRAFLAKI,6148,True,10,
10522,HMPRPYWGAT,6148,True,10,
10523,TCPRPVKGLA,6148,True,10,
10524,NGPRNVYTAS,6148,True,10,
10525,GFPRTLRTAS,6148,True,10,
10526,INPSAMVTWA,6148,True,10,
10527,EHPRAVTASG,6148,True,10,
10528,LTPRGLYTEW,6148,True,10,
10529,TVPRAWRAQG,6148,True,10,
10530,RTPKGMWSTV,6148,True,10,
10531,TVPKGVKEPT,6148,True,10,
10532,GKPLGQISEH,6148,True,10,
10533,KPPRPYRDAF,6148,True,10,
10534,TAPVAFRSQS,6148,True,10,
10535,QMPYGMRTGI,6148,True,10,
10536,HSPSGWTASG,6148,True,10,
10537,VSPRPVFDVT,6148,True,10,
10538,YWPRAYFGGM,6148,True,10,
10539,GRPRSWTASG,6148,True,10,
10540,KAPRSWHGPQ,6148,True,10,
10541,RPPLGFYDES,6148,True,10,
10542,QKPRNYQGVQ,6148,True,10,
10543,KMPRSYIGEY,6148,True,10,
10544,SAPRAFKATG,6148,True,10,
10545,QPPRGWTQPF,6148,True,10,
10546,FHPRGVTASG,6148,True,10,
10547,AKPGAMTGKG,6148,True,10,
10548,GPPRSWTASG,6148,True,10,
10549,RYPRPFWAGI,6148,True,10,
10550,YTPKGVQSGQ,6148,True,10,
10551,WRPRAFKGEA,6148,True,10,
10552,PSPYGLIDGY,6148,True,10,
10553,QAPRNVKAMK,6148,True,10,
10554,SQPRGMKTKF,6148,True,10,
10555,ILPRAYRDQV,6148,True,10,
10556,CGRHPRAIGL,6148,True,10,
10557,FKPRGNTASG,6148,True,10,
10558,SFPRAFYDSW,6148,True,10,
10559,GPPRSWTASG,6148,True,10,
10560,CTPRGSWAET,6148,True,10,
10561,LVPRAWIDGA,6148,True,10,
10562,HVPRGVRAGF,6148,True,10,
10563,CWPRGQMGNG,6148,True,10,
10564,HTPKGVKVAY,6148,True,10,
10565,AVPRAVKVPF,6148,True,10,
10566,HFPRGMRDGG,6148,True,10,
10567,WFPRAYTASG,6148,True,10,
10568,MKPRPIMDMY,6148,True,10,
10569,FGPRAFYSWY,6148,True,10,
10570,FGPKGMKTAS,6148,True,10,
10571,PYVYGMYAPG,6148,True,10,
10572,PGPSGWTAGV,6148,True,10,
10573,FVPRAVYDRL,6148,True,10,
10574,KMPRAYIGAS,6148,True,10,
10575,GFPRAVRTAS,6148,True,10,
10576,HSPLGFTDNG,6148,True,10,
10577,YGPRGVRTEY,6148,True,10,
10578,PTPRGVYTAS,6148,True,10,
10579,HWPRAVYSPA,6148,True,10,
10580,QHPRSHTASG,6148,True,10,
10581,HFPRGQVFIV,6148,True,10,
10582,SGPRPYIGTA,6148,True,10,
10583,HFPRDIFSLG,6148,True,10,
10584,RSPLSWRGEL,6148,True,10,
10585,CYPRAVRGET,6148,True,10,
10586,APPRAFLAWG,6148,True,10,
10587,PFPRSWRATY,6148,True,10,
10588,GFPRGWTASG,6148,True,10,
10589,HFPGAMRAGQ,6148,True,10,
10590,QGPRSWQGQA,6148,True,10,
10591,GQPASWRTAS,6148,True,10,
10592,TRPINLWSNY,6148,True,10,
10593,YAPRPVFVIQ,6148,True,10,
10594,YTPRGNHAGS,6148,True,10,
10595,IVPRAWSDGK,6148,True,10,
10596,RHPIPFSAMQ,6148,True,10,
10597,TSPRGVTASG,6148,True,10,
10598,LYPRGLSANA,6148,True,10,
10599,MSPRGVMAGA,6148,True,10,
10600,SIPRAVKGQV,6148,True,10,
10601,RTPIGIWSAV,6148,True,10,
10602,HNPRAYRAGG,6148,True,10,
10603,YAPRAVHDVR,6148,True,10,
10604,VFPRPFVAPQ,6148,True,10,
10605,HGPKGMYAMF,6148,True,10,
10606,CGPRSWKAGT,6148,True,10,
10607,SRPRTLIAWR,6148,True,10,
10608,FRPRPFKGWS,6148,True,10,
10609,WKPAGMRVTV,6148,True,10,
10610,ATPYGIRTFG,6148,True,10,
10611,YVPRAVKTVI,6148,True,10,
10612,KRPEGVTASG,6148,True,10,
10613,AKPRPVYAPS,6148,True,10,
10614,QAPRAVTASG,6148,True,10,
10615,AMPRAYTGSL,6148,True,10,
10616,VNPRAVKGQS,6148,True,10,
10617,HGPKGMSTAS,6148,True,10,
10618,KGPSGYTASG,6148,True,10,
10619,EVIRAVWGSA,6148,True,10,
10620,TAPRAVAQTQ,6148,True,10,
10621,SEVRGMRAEF,6148,True,10,
10622,RSPRMLSAQG,6148,True,10,
10623,GVPRAVSVGA,6148,True,10,
10624,WKPYGMRGEA,6148,True,10,
10625,WRPRSLYSMV,6148,True,10,
10626,LAPRAVRKWY,6148,True,10,
10627,KVPRAWSDNI,6148,True,10,
10628,EVPRAVRAGY,6148,True,10,
10629,MVPRAVRNWK,6148,True,10,
10630,RSPLGWTASG,6148,True,10,
10631,TLPVAFTSTG,6148,True,10,
10632,NGPYGMATVH,6148,True,10,
10633,RHPRPFMSAS,6148,True,10,
10634,NWPKGMRNKG,6148,True,10,
10635,RFPRPIYDMW,6148,True,10,
10636,MSPRPFWSGQ,6148,True,10,
10637,MHPRGVRAVA,6148,True,10,
10638,PAVYGLWGEI,6148,True,10,
10639,GVPRAVRVMT,6148,True,10,
10640,TGPKSWRTAS,6148,True,10,
10641,HGPRPVWDGS,6148,True,10,
10642,YFPRPIYNVT,6148,True,10,
10643,NGPYNMRSEA,6148,True,10,
10644,TVPWSWVARG,6148,True,10,
10645,YIPRAVMATH,6148,True,10,
10646,PGPRAVLDGA,6148,True,10,
10647,KAPRGYVYLG,6148,True,10,
10648,TKPRPSNAPL,6148,True,10,
10649,TVPRAWKASG,6148,True,10,
10650,FRPRPFYAWF,6148,True,10,
10651,YKPAGMRNWY,6148,True,10,
10652,VYPWRLHANT,6148,True,10,
10653,GPPRPVYVHT,6148,True,10,
10654,LNPRAFIDMF,6148,True,10,
10655,GVPRAVQTAS,6148,True,10,
10656,DGPLGFRDLS,6148,True,10,
10657,DGPSGWTASG,6148,True,10,
10658,VKPVPSWALG,6148,True,10,
10659,RGPYHVRTAS,6148,True,10,
10660,PKGYALRAPI,6148,True,10,
10661,TCPLGQISPH,6148,True,10,
10662,FWVLSLMSGF,6148,True,10,
10663,PMPRAVWAPI,6148,True,10,
10664,MVPRPVYSTR,6148,True,10,
10665,WSPRAYRATW,6148,True,10,
10666,YKPLGYRDGT,6148,True,10,
10667,VCPYGMRDGW,6148,True,10,
10668,FSPRSWRGEI,6148,True,10,
10669,ETPYGQRTEV,6148,True,10,
10670,YQPRNVRTGQ,6148,True,10,
10671,IFPRAFKGWF,6148,True,10,
10672,ASPRPVMAPV,6148,True,10,
10673,NAPRNVMASY,6148,True,10,
10674,SQPYGMRNGG,6148,True,10,
10675,RTPYGMTQEF,6148,True,10,
10676,WMPRSLYTQF,6148,True,10,
10677,GPVYAVRAMS,6148,True,10,
10678,RPPLAFTASG,6148,True,10,
10679,TAPSGWTASG,6148,True,10,
10680,FAPKGMKVNS,6148,True,10,
10681,HGPRPVRALR,6148,True,10,
10682,VIPRAVHAPL,6148,True,10,
10683,HKPRNVLGPY,6148,True,10,
10684,NTPRSLYTVA,6148,True,10,
10685,TDPRGMTASG,6148,True,10,
10686,HVPRAVGDWT,6148,True,10,
10687,IHPRGQAVSL,6148,True,10,
10688,TGPWVYWSTI,6148,True,10,
10689,YQPSGWTAIS,6148,True,10,
10690,QKPKGMHGQT,6148,True,10,
10691,RGPAGMRTAS,6148,True,10,
10692,PVPRAYQSGR,6148,True,10,
10693,HFPRSHIAEY,6148,True,10,
10694,LTVLGLWSGT,6148,True,10,
10695,TVPRAWQSVR,6148,True,10,
10696,FYARGMQDWY,6148,True,10,
10697,QVPRAVWDVK,6148,True,10,
10698,KMPRPVIAET,6148,True,10,
10699,ACPYGMYSTY,6148,True,10,
10700,AVPRPVIAGI,6148,True,10,
10701,HAPRSWTSWY,6148,True,10,
10702,MAPRSWTSAT,6148,True,10,
10703,WKPSGWTASG,6148,True,10,
10704,VRPRSNTASG,6148,True,10,
10705,QIPRYWRTLK,6148,True,10,
10706,VRPRGFQSQG,6148,True,10,
10707,FRPSGWRDGW,6148,True,10,
10708,YAPIHMLGHF,6148,True,10,
10709,HSPRGVWSPT,6148,True,10,
10710,SGPRNYIVTA,6148,True,10,
10711,NPPRAVRAGS,6148,True,10,
10712,TPPRSWTASG,6148,True,10,
10713,AIRHPRSVLD,6148,True,10,
10714,YRPRQYIGPK,6148,True,10,
10715,PAPRAVYAWL,6148,True,10,
10716,MAVRAHYSGT,6148,True,10,
10717,EPPRNVMAEW,6148,True,10,
10718,YMPRAVYAEI,6148,True,10,
10719,SPPRAYTASG,6148,True,10,
10720,CYPRGQVYWS,6148,True,10,
10721,YEPIPILDQH,6148,True,10,
10722,KHPYGMRTPA,6148,True,10,
10723,WAPLGMRSQY,6148,True,10,
10724,GPPVPFMSGI,6148,True,10,
10725,QTPRSWLGSH,6148,True,10,
10726,IDPTAWRSEV,6148,True,10,
10727,KPRVGWTLKG,6148,True,10,
10728,DGPRSLFAGL,6148,True,10,
10729,YTPRPLYGTF,6148,True,10,
10730,ETPSGWTASG,6148,True,10,
10731,VKPAGFRSPV,6148,True,10,
10732,GRPLGYTVMR,6148,True,10,
10733,ALPRAVSVPF,6148,True,10,
10734,TVPRKLKGPY,6148,True,10,
10735,GWPRPVKAPY,6148,True,10,
10736,QAPRPVFAIG,6148,True,10,
10737,VSPVPFWSRQ,6148,True,10,
10738,GVPRAVLSPI,6148,True,10,
10739,ATPRSWQTEG,6148,True,10,
10740,YWPREILGTV,6148,True,10,
10741,PHPRSWRTAS,6148,True,10,
10742,MHPYGMRMGF,6148,True,10,
10743,FGPRPYTASG,6148,True,10,
10744,QAPWGWAVTS,6148,True,10,
10745,MVPRPVLSMR,6148,True,10,
10746,QRPRSHRVQG,6148,True,10,
10747,FVPRAVHAPW,6148,True,10,
10748,VLPRPFWATG,6148,True,10,
10749,PMPKGMYSPG,6148,True,10,
10750,RQVRAIWSWS,6148,True,10,
10751,FHPLGYRGHS,6148,True,10,
10752,KEPRGVLNEV,6148,True,10,
10753,TLPRAIHGTG,6148,True,10,
10754,SCPRAVQSQH,6148,True,10,
10755,WPPRPFIDPG,6148,True,10,
10756,WFPRSHRALW,6148,True,10,
10757,MRVLALWSNS,6148,True,10,
10758,LMPRAIWGHQ,6148,True,10,
10759,RNPLGQTGVF,6148,True,10,
10760,HDPRGVKAEH,6148,True,10,
10761,VMPRAFMDVF,6148,True,10,
10762,FGPYGMRTAS,6148,True,10,
10763,QPPVPFWTAW,6148,True,10,
10764,SDPRDVKSAV,6148,True,10,
10765,RMPRAFTSPA,6148,True,10,
10766,GWPRGVRTAS,6148,True,10,
10767,SHVRGVRASG,6148,True,10,
10768,HSPRAIFAPY,6148,True,10,
10769,MWPREVLAPI,6148,True,10,
10770,IFPRAYSTGH,6148,True,10,
10771,DSPRGVIAES,6148,True,10,
10772,YRPHGFTASG,6148,True,10,
10773,WRPRSMLNGW,6148,True,10,
10774,AYPRAFTASG,6148,True,10,
10775,WTPRPLATPS,6148,True,10,
10776,FVPRPVHAQW,6148,True,10,
10777,HIPRQYTASG,6148,True,10,
10778,HAPRNYLNPQ,6148,True,10,
10779,LVPRPIVNQY,6148,True,10,
10780,APPWGIATGA,6148,True,10,
10781,SKPRGYTSIS,6148,True,10,
10782,TVPYGQMSTL,6148,True,10,
10783,SVPRSWTASG,6148,True,10,
10784,KPVSALQDLG,6148,True,10,
10785,HYPRAVRAPY,6148,True,10,
10786,MAPRSHRASL,6148,True,10,
10787,HGPRQLYGPG,6148,True,10,
10788,YMPRNVHALI,6148,True,10,
10789,QVPRAILVGY,6148,True,10,
10790,CAPRNVIAEG,6148,True,10,
10791,RYIHPRSGNA,6148,True,10,
10792,HGPRAVLATG,6148,True,10,
10793,WRPGAYTGAG,6148,True,10,
10794,NRPAGVFDYF,6148,True,10,
10795,MAPRGSWVTL,6148,True,10,
10796,RAPHGFTASG,6148,True,10,
10797,LAPRPVHANI,6148,True,10,
10798,GYPRAFSTAS,6148,True,10,known_sequence
10799,PNPYGMTVGS,6148,True,10,
10800,ISPRGVHVTK,10590,True,10,
10801,DFPRAVMVKI,10590,True,10,
10802,TCPRDLKTGL,10590,True,10,
10803,RPHRGIRAMW,10590,True,10,
10804,DYPRGMAVIA,10590,True,10,
10805,YRPRWLSYMK,10590,True,10,
10806,YRPAGVRVWS,10590,True,10,
10807,SVPRKYTATR,10590,True,10,
10808,RGARGSMFSF,10590,True,10,
10809,YDPYGMRVIG,10590,True,10,
10810,GYPRGSTVNL,10590,True,10,
10811,THPRTLIDKS,10590,True,10,
10812,QPVRWYSDTH,10590,True,10,
10813,GSPVGMKTAS,10590,True,10,
10814,NVPRGDTYHA,10590,True,10,
10815,SLPRMLIDWA,10590,True,10,
10816,TVPVPMWAPF,10590,True,10,
10817,VTPRKWTDAL,10590,True,10,
10818,DGPKGDKVIP,10590,True,10,
10819,AGPRTLVGKR,10590,True,10,
10820,MRPLGQMNHK,10590,True,10,
10821,YGPKNVLDIY,10590,True,10,
10822,SNPRPVTAHG,10590,True,10,
10823,GVGRALISWK,10590,True,10,
10824,QRPRTLSVWH,10590,True,10,
10825,TWPRQMKSPI,10590,True,10,
10826,RTPKGMYDGL,10590,True,10,
10827,RLPVAFRSEK,10590,True,10,
10828,DRPKGMTASG,10590,True,10,
10829,DKPRSNTDQN,10590,True,10,
10830,PNPRNILDTW,10590,True,10,
10831,FVIGWMRGMT,10590,True,10,
10832,RYPRPLLGEL,10590,True,10,
10833,YVAKPRPGPV,10590,True,10,
10834,VDPKGMRWGY,10590,True,10,
10835,PDVRAIRSGP,10590,True,10,
10836,TKVIGWELHG,10590,True,10,
10837,TWYRSLWDGS,10590,True,10,
10838,LWPRYWVDRS,10590,True,10,
10839,WIPRPWVGRA,10590,True,10,
10840,KMPRGVHVLT,10590,True,10,
10841,VHLRSHYGHF,10590,True,10,
10842,PHPRSWRTPK,10590,True,10,
10843,TLPKGDNGRC,10590,True,10,
10844,HMARSLIALG,10590,True,10,
10845,LNPRNYAVWA,10590,True,10,
10846,NGPRSHRVTA,10590,True,10,
10847,ATPRSMVGQG,10590,True,10,
10848,ARARSIWGMW,10590,True,10,
10849,DSPKGMVDMA,10590,True,10,
10850,ASPRVLTDGA,10590,True,10,
10851,GYALGMNTKH,10590,True,10,
10852,RPRDQRDAFS,10590,True,10,
10853,LAWAWMYDQT,10590,True,10,
10854,NYPRGMRLEW,10590,True,10,
10855,GTPAGMKTAS,10590,True,10,
10856,WAPRSMKHTI,10590,True,10,
10857,IVPAWSHDPY,10590,True,10,
10858,VYPKGMHVWV,10590,True,10,
10859,TAPRGSTVMQ,10590,True,10,
10860,PVPRYWTDPA,10590,True,10,
10861,LSPRKFHDLK,10590,True,10,
10862,TVPRAWTDRF,10590,True,10,
10863,RLEAPWHPNY,10590,True,10,
10864,GVPRAVITAS,10590,True,10,
10865,WIPTGMHTQY,10590,True,10,
10866,WMPRGMKTMT,10590,True,10,
10867,LQPRGSMDVG,10590,True,10,
10868,PKPVGNLDRV,10590,True,10,
10869,TSPVSWRTIR,10590,True,10,
10870,VTPKGMTASG,10590,True,10,
10871,QPVGWMRGHG,10590,True,10,
10872,SPGVGTWNFN,10590,True,10,
10873,PVEPAGSMMC,10590,True,10,
10874,VGPRGSNGTR,10590,True,10,
10875,ILTRNWIAGW,10590,True,10,
10876,QRPRDVLDPY,10590,True,10,
10877,GSPRVLVTAY,10590,True,10,
10878,CDPRGMKTIG,10590,True,10,
10879,PEPRSWTASG,10590,True,10,
10880,GKPRGNTVSG,10590,True,10,
10881,VWVRALIDQK,10590,True,10,
10882,TPPRSWVSGK,10590,True,10,
10883,VTVRGLWDAY,10590,True,10,
10884,WGYAGMYVPR,10590,True,10,
10885,TSPTGLISET,10590,True,10,
10886,SLRKWRVPYA,10590,True,10,
10887,IMVRGVTDGH,10590,True,10,
10888,SLPDHIYAWT,10590,True,10,
10889,CLGRPAQKWP,10590,True,10,
10890,GYPRSEALPE,10590,True,10,
10891,SFPRKYIGHT,10590,True,10,
10892,SHVRGVYDPK,10590,True,10,
10893,QGPVPMLDKW,10590,True,10,
10894,WRPRGNTASG,10590,True,10,
10895,HYIAGVGNMW,10590,True,10,
10896,TRSAWLASEG,10590,True,10,
10897,PTPRSWIDKV,10590,True,10,
10898,MVPRKMLAPI,10590,True,10,
10899,PWGRGVRDWR,10590,True,10,
10900,TIPKWIQSMY,10590,True,10,
10901,WLYKSMVLEM,10590,True,10,
10902,KEWRGMTASG,10590,True,10,
10903,NIVKGMYSEA,10590,True,10,
10904,MPMWSLVGIT,10590,True,10,
10905,VGPRSWISGF,10590,True,10,
10906,QSPRNVRARW,10590,True,10,
10907,CIPRAVTDMK,10590,True,10,
10908,LWPRGWTAIW,10590,True,10,
10909,TTPRDIVDRI,10590,True,10,
10910,MVPKGVYGVF,10590,True,10,
10911,KRPRGVTVHY,10590,True,10,
10912,QVPRPVHDRV,10590,True,10,
10913,HTVRGMYSEA,10590,True,10,
10914,TAWGSMWVQL,10590,True,10,
10915,WAPKGMHNPG,10590,True,10,
10916,LSPRAVTASG,10590,True,10,
10917,HCVRMASWPL,10590,True,10,
10918,RWPRWLSTAS,10590,True,10,
10919,TQPIGMHGIM,10590,True,10,
10920,VAPRTLVAGL,10590,True,10,
10921,GNARGWTASG,10590,True,10,
10922,FMYGSLFDMG,10590,True,10,
10923,RNPRSMYTAW,10590,True,10,
10924,FNPRPIIVLS,10590,True,10,
10925,RVPKGVRDLQ,10590,True,10,
10926,KTPVGMRDKY,10590,True,10,
10927,FAPRGDVKTH,10590,True,10,
10928,GPVRGVKDGW,10590,True,10,
10929,PIPRSWQDEF,10590,True,10,
10930,GQVRAVQDGQ,10590,True,10,
10931,PKPVGMYVEA,10590,True,10,
10932,HSPRKYLDVR,10590,True,10,
10933,FPVRGMYTGQ,10590,True,10,
10934,GTPRGNTVMG,10590,True,10,
10935,NTVRGMYDGY,10590,True,10,
10936,GHPIHMLTAS,10590,True,10,
10937,QPREPRMFPR,10590,True,10,
10938,TNVRSLITGT,10590,True,10,
10939,WTPRGQVAPQ,10590,True,10,
10940,MYRPRRTSGY,10590,True,10,
10941,ADPRWLMALS,10590,True,10,
10942,RSPRMLIDPG,10590,True,10,
10943,SMPKGMIDAF,10590,True,10,
10944,DTPIGMKVGL,10590,True,10,
10945,ASPAGMKTGK,10590,True,10,
10946,VGPKGMKDTR,10590,True,10,
10947,PMVRYLYGQV,10590,True,10,
10948,DWPRSWKTAL,10590,True,10,
10949,PWKPADGITE,10590,True,10,
10950,QFPRAFKGTI,10590,True,10,
10951,KPVRAESFSG,10590,True,10,
10952,RLPRMLFDVA,10590,True,10,
10953,VFPRGQVFQY,10590,True,10,
10954,TQIRSLWNHL,10590,True,10,
10955,KLPRATISMR,10590,True,10,
10956,WNPRSNYGMQ,10590,True,10,
10957,WMPRGVRDMA,10590,True,10,
10958,IYPRSNSDNS,10590,True,10,
10959,FAVRGMHDVY,10590,True,10,
10960,HYPRAFIDKV,10590,True,10,
10961,GCPRGMKTAS,10590,True,10,
10962,PSPRGVTDKH,10590,True,10,
10963,NEPRGYRDAT,10590,True,10,
10964,HWPVSMYSEK,10590,True,10,
10965,DYPRGVGLHT,10590,True,10,
10966,GVPRAVKYLH,10590,True,10,
10967,GLPRGSTDRK,10590,True,10,
10968,IAPRGSSDWK,10590,True,10,
10969,TRPRPFDAWF,10590,True,10,
10970,GAIPRASIMW,10590,True,10,
10971,GPYGNLRDGR,10590,True,10,
10972,VYPRAFSVPA,10590,True,10,
10973,WHPRGQVSPL,10590,True,10,
10974,SVPRGVMDAH,10590,True,10,
10975,YVPRGVTVQR,10590,True,10,
10976,KGPRGMKTGV,10590,True,10,
10977,WAPRGSGVHL,10590,True,10,
10978,DAPRGSMVRA,10590,True,10,
10979,HMVRAVLSGF,10590,True,10,
10980,IHMVHATHIC,10590,True,10,
10981,VPVRGMYDEF,10590,True,10,
10982,AMARAMTGGH,10590,True,10,
10983,DLPVGMKTEW,10590,True,10,
10984,PTWRGLMDGW,10590,True,10,
10985,WHPVAMLVHY,10590,True,10,
10986,KTPYGMRFTI,10590,True,10,
10987,FIPRAVRDHL,10590,True,10,
10988,DWPMGMKTPH,10590,True,10,
10989,YQPRGNFDAF,10590,True,10,
10990,SGPKGMKTAS,10590,True,10,
10991,QIPKWSTASG,10590,True,10,
10992,FTPVWMRGAS,10590,True,10,
10993,TAPRGPVSLF,10590,True,10,
10994,WRPHGFHDPL,10590,True,10,
10995,DSPLGVMNAL,10590,True,10,
10996,VKPIGMAVRV,10590,True,10,
10997,QFPLGNTNGF,10590,True,10,
10998,GKVRAITGPG,10590,True,10,
10999,QAPVWMVAHY,10590,True,10,
11000,TGPRAMKGGY,10590,True,10,
11001,TSPRGQVWRW,10590,True,10,
11002,RHPRTLVNWG,10590,True,10,
11003,AFWNGFMQWY,10590,True,10,
11004,VPVRWMTASG,10590,True,10,
11005,VYPRPMADQR,10590,True,10,
11006,FGDGRLFAQT,10590,True,10,
11007,WGPLGMRGEA,10590,True,10,
11008,WDVRGMHSMA,10590,True,10,
11009,LWPAWLAVTA,10590,True,10,
11010,ASPRGQVREQ,10590,True,10,
11011,LWRKRRAKCP,10590,True,10,
11012,PWVKGMYVRQ,10590,True,10,
11013,DRPRQVFVWT,10590,True,10,
11014,ASPKGMIDKR,10590,True,10,
11015,MWRPARSVGW,10590,True,10,
11016,TLPRGWRDGF,10590,True,10,
11017,HYMDPTYPKG,10590,True,10,
11018,ATVRGNLNEP,10590,True,10,
11019,FKPRNVKVPG,10590,True,10,
11020,ATPRMLYAKG,10590,True,10,
11021,TYWRAMKDRY,10590,True,10,
11022,IPVLGRSIMG,10590,True,10,
11023,HKWYGMRGAG,10590,True,10,
11024,ASPIGMHVPW,10590,True,10,
11025,NIPRPVHGLK,10590,True,10,
11026,ARPRWMKTMA,10590,True,10,
11027,TDPRWILNQL,10590,True,10,
11028,NDPRSNTAGG,10590,True,10,
11029,ATPRGNWSER,10590,True,10,
11030,GRPRGDIVQL,10590,True,10,
11031,WLPRAFIDRW,10590,True,10,
11032,KQPRNVKTQG,10590,True,10,
11033,EKPKWIMVKS,10590,True,10,
11034,TMGRLGMSVW,10590,True,10,
11035,HKPIPLWDSG,10590,True,10,
11036,TYPRGMATGK,10590,True,10,
11037,ESPRGVKGLW,10590,True,10,
11038,LRWRGLHDTK,10590,True,10,
11039,WSPRGSHVMI,10590,True,10,
11040,PNPRNHVGRQ,10590,True,10,
11041,TLPKSGPLHV,10590,True,10,
11042,PIPMWNRHAL,10590,True,10,
11043,AIPTGMFTWR,10590,True,10,
11044,HRIYALVGMG,10590,True,10,
11045,REPRGYLDIY,10590,True,10,
11046,TRTAWLASMG,10590,True,10,
11047,DMPRGYQVKR,10590,True,10,
11048,HLPRWLMDVA,10590,True,10,
11049,YFPRSMLGPG,10590,True,10,
11050,RYPRGLLDVS,10590,True,10,
11051,WQPRSHRTVG,10590,True,10,
11052,KYPRPMKGPY,10590,True,10,
11053,GPWRALSDVK,10590,True,10,
11054,MFPRGQWDIW,10590,True,10,
11055,ARPMGMQVGR,10590,True,10,
11056,PAPRYWQTQR,10590,True,10,
11057,FLPRMLWDRV,10590,True,10,
11058,WPVWGQKTNA,10590,True,10,
11059,TAPKLVKDHI,10590,True,10,
11060,KFVRGMWKGK,10590,True,10,
11061,QFPRQVMDHV,10590,True,10,
11062,HRPASMRAGT,10590,True,10,
11063,YLPKGMVDPY,10590,True,10,
11064,DPVPWQNVAP,10590,True,10,
11065,DIPRPVLDSY,10590,True,10,
11066,HRPRWIKHAI,10590,True,10,
11067,TVPRAWIDEG,10590,True,10,
11068,AQVGRLIGWV,10590,True,10,
11069,HIPRSLYDRF,10590,True,10,
11070,FPWRALQDVI,10590,True,10,
11071,FLPRPVFDGY,10590,True,10,
11072,VTEMRYPLYG,10590,True,10,
11073,PLEHLYPRYS,10590,True,10,
11074,LVPKWLMRAF,10590,True,10,
11075,FYPRGEVFPC,10590,True,10,
11076,GFWRAFYDMT,10590,True,10,
11077,SMARGNTDLY,10590,True,10,
11078,WVPRGVIDGL,10590,True,10,
11079,LDPRNVLALQ,10590,True,10,
11080,VSPRPFWDGG,10590,True,10,
11081,TIPMWMHTKA,10590,True,10,
11082,SNPSWLKDKG,10590,True,10,
11083,MYPRAIYAIY,10590,True,10,
11084,VIPRPVRDHQ,10590,True,10,
11085,HVWRALYDMA,10590,True,10,
11086,ATPRGNTASG,10590,True,10,
11087,SDPKWMKGTW,10590,True,10,
11088,YNPYGMADRG,10590,True,10,
11089,SVTKGMVAGP,10590,True,10,
11090,DAPRGAVSEQ,10590,True,10,
11091,VDPKGMKTIQ,10590,True,10,
11092,TMSRAMIAHR,10590,True,10,
11093,SKVRLLHGPG,10590,True,10,
11094,ATPVGLHYPQ,10590,True,10,
11095,YPIRGLWDIY,10590,True,10,
11096,THPRGSVDPL,10590,True,10,
11097,VRPVGFTASG,10590,True,10,
11098,GVPRAVTASG,10590,True,10,known_sequence
11099,EVSVQDPHAF,10590,True,10,
11100,SLPRAIHDPH,10590,True,10,
11101,MTPRGNVVGH,10590,True,10,
11102,MWTRGLWAWA,10590,True,10,
11103,VGYRSLVAHY,10590,True,10,
11104,TENRGMIVAF,10590,True,10,
11105,GIPFPYMTAS,10590,True,10,
11106,KIPRAVQTMF,10590,True,10,
11107,RNPVGMTDMG,10590,True,10,
11108,LNGRAGSVKG,10590,True,10,
11109,MSPRKFHDLY,10590,True,10,
11110,TAWGWMRGGF,10590,True,10,
11111,EAPRYMVTAK,10590,True,10,
11112,EQPRYWQDPV,10590,True,10,
11113,THPRPVMDNL,10590,True,10,
11114,PSPRYLWARW,10590,True,10,
11115,RTPRWLVSIK,10590,True,10,
11116,NDPKGVRDSH,10590,True,10,
11117,PTPVELHDVL,10590,True,10,
11118,NWRQPGSLTH,10590,True,10,
11119,WVPRNVLVHA,10590,True,10,
11120,TGPVGMDTTW,10590,True,10,
11121,FGRPNKSTRE,10590,True,10,
11122,RIPVWMKGWG,10590,True,10,
11123,YWPRTLVSGL,10590,True,10,
11124,AIPGPMYRIW,10590,True,10,
11125,NIARAMWGTN,10590,True,10,
11126,PAWAGMASGT,10590,True,10,
11127,WKPRGVKREH,10590,True,10,
11128,WFPRWIKGQR,10590,True,10,
11129,WSPRGVKNRW,10590,True,10,
11130,SLPRMLWDPL,10590,True,10,
11131,MWSMGVFAKP,10590,True,10,
11132,TVPRKIKDPI,10590,True,10,
11133,ASPRWLTASG,10590,True,10,
11134,HRVRGVTDKR,10590,True,10,
11135,SVPRGVKDIL,10590,True,10,
11136,LKPRGDAGKQ,10590,True,10,
11137,MKPRNVLVWV,10590,True,10,
11138,DMPKGVRDHG,10590,True,10,
11139,IFPRSHTVHV,10590,True,10,
11140,WSPAGMKTHK,10590,True,10,
11141,AQPSGWTASG,10590,True,10,
11142,RFPRGVRAEL,10590,True,10,
11143,VLPRPWGTQF,10590,True,10,
11144,WVPRGVMDMQ,10590,True,10,
11145,GTVRGVADGT,10590,True,10,
11146,VGLNSMDVKG,10590,True,10,
11147,VERYGRIVIG,10590,True,10,
11148,QFPRGDVFRE,10590,True,10,
11149,VEARAMHGAR,10590,True,10,
11150,FRPRGNRTNV,10590,True,10,
11151,TNPRGNTSIT,10590,True,10,
11152,SQVRALYTPW,10590,True,10,
11153,GKPVGMKTAS,10590,True,10,
11154,FPVRGMKDPT,10590,True,10,
11155,ISPRPFWDVG,10590,True,10,
11156,EHPRAMKTGH,10590,True,10,
11157,YHPKGVKDPR,10590,True,10,
11158,NMPRWIMDMG,10590,True,10,
11159,EFPAGFKTWR,10590,True,10,
11160,HTMLWSTASG,10590,True,10,
11161,CQPRNFADRI,10590,True,10,
11162,AIWRALSDGK,10590,True,10,
11163,EKVRGMYDIK,10590,True,10,
11164,KWPIGMRSIY,10590,True,10,
11165,YVPRAVTVKT,10590,True,10,
11166,LVRVGKWTIP,10590,True,10,
11167,PIPLWSMDRL,10590,True,10,
11168,GWPRMLISLW,10590,True,10,
11169,GSPRSWITAS,10590,True,10,
11170,CGPRGMKTGY,10590,True,10,
11171,AHVKWLMSRT,10590,True,10,
11172,MIPRMLKDGH,10590,True,10,
11173,IRVRGVHAGA,10590,True,10,
11174,MWARFILGQL,10590,True,10,
11175,HPVLWMRGLH,10590,True,10,
11176,GAPRSWRVNI,10590,True,10,
11177,VAPRSWTGAT,10590,True,10,
11178,SYARHMYDPY,10590,True,10,
11179,PHWSGLRDMV,10590,True,10,
11180,DVPKWMRHLR,10590,True,10,
11181,WYPRAHVDHG,10590,True,10,
11182,VNEPKYLAPK,10590,True,10,
11183,TYPRGLSYGA,10590,True,10,
11184,EDPRSWRTIG,10590,True,10,
11185,GLWRAVAGKW,10590,True,10,
11186,ATPRGNRVYG,10590,True,10,
11187,WRPRGLRGEG,10590,True,10,
11188,VKPVGMYDTA,10590,True,10,
11189,VGPRGSTASG,10590,True,10,
11190,EQPRGNAVIG,10590,True,10,
11191,CWPRGQAPTV,10590,True,10,
11192,HYVRGMHDPA,10590,True,10,
11193,VSPVWMYAPF,10590,True,10,
11194,GKPRNVWYTG,10590,True,10,
11195,RSPVGWTGLG,10590,True,10,
11196,AVARPVSGTK,10590,True,10,
11197,TAPRAMSVPT,10590,True,10,
11198,TVPRSWYDRW,10590,True,10,
11199,GFPRSWTASG,10590,True,10,
11200,TYPRGVHGPQ,2028,True,10,
11201,PWPRSWQGQW,2028,True,10,
11202,PSPRSWIGAL,2028,True,10,
11203,ASPRVSRGWG,2028,True,10,
11204,QGVRGMHGLI,2028,True,10,
11205,CTPRGNTNVA,2028,True,10,
11206,VIPRPFYARG,2028,True,10,
11207,FCPLSWSDHT,2028,True,10,
11208,TIPRPVMNGT,2028,True,10,
11209,TNPVGQLGVL,2028,True,10,
11210,SFPNPLMAHF,2028,True,10,
11211,PLFIPNEFGR,2028,True,10,
11212,PWPSGVHSKS,2028,True,10,
11213,SAPRGVFGMV,2028,True,10,
11214,GNPAGMTASG,2028,True,10,
11215,SRPRTLVGPR,2028,True,10,
11216,PKPLNSIGIV,2028,True,10,
11217,RARSPRDAPT,2028,True,10,
11218,FSPLWPVGTR,2028,True,10,
11219,MEPRNVKGPH,2028,True,10,
11220,ASPRLYIGMG,2028,True,10,
11221,ARPRSLTASG,2028,True,10,
11222,RVPKGVHDVS,2028,True,10,
11223,VLPRAINGHG,2028,True,10,
11224,CQPRAVTGSI,2028,True,10,
11225,YPRPRRILTN,2028,True,10,
11226,SYPRVLSGIG,2028,True,10,
11227,YTPRSNRTIY,2028,True,10,
11228,HRPVGNLGIY,2028,True,10,
11229,AYPRAFIGPS,2028,True,10,
11230,SKPRNFSGQR,2028,True,10,
11231,HYPRSHQGLT,2028,True,10,
11232,RVPKQVYVIG,2028,True,10,
11233,VTPRGQTSPG,2028,True,10,
11234,NIPRPQMAVG,2028,True,10,
11235,NGPRGNTASG,2028,True,10,
11236,WSPRGFTSIH,2028,True,10,
11237,WTPRGNVYPR,2028,True,10,
11238,PMHSHLTGPF,2028,True,10,
11239,LMPRGVFNIR,2028,True,10,
11240,TMPGRMSNTL,2028,True,10,
11241,TAPRSNIGAT,2028,True,10,
11242,CTPRSWTGQF,2028,True,10,
11243,FRPGSMHGVG,2028,True,10,
11244,HRYLAMHGAV,2028,True,10,
11245,QYPRAFRGVG,2028,True,10,
11246,VKPRGMHGNQ,2028,True,10,
11247,SAPRSNTGMA,2028,True,10,
11248,WQPSGWQSHV,2028,True,10,
11249,RVPKNQVGWF,2028,True,10,
11250,LQPRNIYGWA,2028,True,10,
11251,HTPRGNTASG,2028,True,10,
11252,TVPYGMHGPT,2028,True,10,
11253,MTPRKVMGAG,2028,True,10,
11254,VAPGSMYGVF,2028,True,10,
11255,AQPRNLAGPK,2028,True,10,
11256,PTPRGVTAWH,2028,True,10,
11257,FTPRQVTGRQ,2028,True,10,
11258,RIPRPVMSNG,2028,True,10,
11259,QTPVGFTGHT,2028,True,10,
11260,GSPRTLYGQG,2028,True,10,
11261,SKVRGMHNIG,2028,True,10,
11262,SIPASVHQAK,2028,True,10,
11263,HVPRQVMGHH,2028,True,10,
11264,QCPMGMTGIW,2028,True,10,
11265,YHPRAVSGET,2028,True,10,
11266,SAHRALRGTK,2028,True,10,
11267,TQPRGVFGMG,2028,True,10,
11268,PAPRSTMALL,2028,True,10,
11269,RAPDQVSTGA,2028,True,10,
11270,VYSPYPVAKV,2028,True,10,
11271,FRPGPLSRML,2028,True,10,
11272,TRVRAHNVIV,2028,True,10,
11273,MTPRTIYVIT,2028,True,10,
11274,VSTLALHGPA,2028,True,10,
11275,WRPRGVTASG,2028,True,10,
11276,PTPRNVIGTG,2028,True,10,
11277,RYPRGSTASG,2028,True,10,
11278,TGPKGMKSMF,2028,True,10,
11279,TYPRAVAGES,2028,True,10,
11280,SIPIPMAGHQ,2028,True,10,
11281,SVPKNSHGQV,2028,True,10,
11282,ALPRAFHSMG,2028,True,10,
11283,TLPRGVHDNH,2028,True,10,
11284,GRPRGFADAG,2028,True,10,
11285,CRPSGVTGHS,2028,True,10,
11286,TFPSWISGVQ,2028,True,10,
11287,NTPRGSTASG,2028,True,10,
11288,PFPHFLKGTV,2028,True,10,
11289,SCPLGQTDKG,2028,True,10,
11290,VLPRSWYGMH,2028,True,10,
11291,SVPSTLEGTV,2028,True,10,
11292,TLPRGSTGMG,2028,True,10,
11293,GHPRGVFAMY,2028,True,10,
11294,GKPRDIGVPY,2028,True,10,
11295,RFPLHSIYQG,2028,True,10,
11296,EWPSKLHGPI,2028,True,10,
11297,VMPRTLNTGY,2028,True,10,
11298,TWPREIKGVW,2028,True,10,
11299,CAPRGSTVRG,2028,True,10,
11300,RFPRGVKGSW,2028,True,10,
11301,TSPVWMYGVQ,2028,True,10,
11302,SPPRTLFGIK,2028,True,10,
11303,ARPRPFWATG,2028,True,10,
11304,QRPRTLHAGR,2028,True,10,
11305,GIPVHMTGHG,2028,True,10,
11306,DFPRAFTASG,2028,True,10,
11307,CRPRGVRGQA,2028,True,10,
11308,RAPVGMWGAT,2028,True,10,
11309,WNPVKYIGPG,2028,True,10,
11310,AWPREVTASG,2028,True,10,
11311,IHPRSHINPS,2028,True,10,
11312,RMPRQVYSTG,2028,True,10,
11313,LPWYGMRGMN,2028,True,10,
11314,GPPRAFMDAV,2028,True,10,
11315,RSRPGRSGPA,2028,True,10,
11316,LFPKGVLDHA,2028,True,10,
11317,TMPRGVTGHG,2028,True,10,
11318,PVPRPVTASG,2028,True,10,
11319,ICSLPTRFMA,2028,True,10,
11320,NTPKGDFAVK,2028,True,10,
11321,HLPFWSIGWK,2028,True,10,
11322,HVPRASTGMG,2028,True,10,
11323,TLTHWVHKPA,2028,True,10,
11324,TPWRAFVGIF,2028,True,10,
11325,WNVRSISGRH,2028,True,10,
11326,KMPSGVHGEL,2028,True,10,
11327,PHYGSMAGPR,2028,True,10,
11328,TNPVGMHGMV,2028,True,10,
11329,CIPRAVKGVF,2028,True,10,
11330,TIPSWSTASW,2028,True,10,
11331,NPPMSWQGMG,2028,True,10,
11332,PWNPRSVYAN,2028,True,10,
11333,YNPAPGWPWS,2028,True,10,
11334,TWVRGMSGLG,2028,True,10,
11335,FVPREIHGQF,2028,True,10,
11336,YNPHSWVGMH,2028,True,10,
11337,AFPRGVMGTW,2028,True,10,
11338,PWPRGVGVPT,2028,True,10,
11339,GQPRGVFGSH,2028,True,10,
11340,SRPRTLVGVG,2028,True,10,
11341,VHPIHIHAPG,2028,True,10,
11342,AQPKGVTGHF,2028,True,10,
11343,PLYRAMKGTH,2028,True,10,
11344,PSPRAVTGNG,2028,True,10,
11345,IRPRAFSGIL,2028,True,10,
11346,MAPRGNHDAF,2028,True,10,
11347,PNPHSWTGMG,2028,True,10,
11348,SIPGAMTGPG,2028,True,10,
11349,PYPRGVKGNG,2028,True,10,
11350,MKPSGVHDMY,2028,True,10,
11351,TCPLPWRNAR,2028,True,10,
11352,TYPRAVRGWR,2028,True,10,
11353,NSPSGMTGPQ,2028,True,10,
11354,MTPKGVYDHR,2028,True,10,
11355,HRPSGWTAGS,2028,True,10,
11356,INLRWTASGQ,2028,True,10,
11357,HFHRAFRGTV,2028,True,10,
11358,WHVRGVADGR,2028,True,10,
11359,FPRVLRGAGM,2028,True,10,
11360,TIPYSMLGSI,2028,True,10,
11361,IYWPMPTHIK,2028,True,10,
11362,VSPRTYADRH,2028,True,10,
11363,LIPRPTNFAQ,2028,True,10,
11364,LPTDWAMFGW,2028,True,10,
11365,IAPRYFMATR,2028,True,10,
11366,SLFRALKRVT,2028,True,10,
11367,HIVRAVTGHW,2028,True,10,
11368,RQPAGVKSIK,2028,True,10,
11369,LHPRTLVGSG,2028,True,10,
11370,MNWRAFTMNH,2028,True,10,
11371,TQPRGMGGPG,2028,True,10,
11372,YVPRGVIGMK,2028,True,10,
11373,RAPRGVFSHF,2028,True,10,
11374,KRVRGVTGTK,2028,True,10,
11375,YPAKGMTGPI,2028,True,10,
11376,TGPVNMYGPQ,2028,True,10,
11377,PTRSPRLYAG,2028,True,10,
11378,KPPRGVTSPV,2028,True,10,
11379,YCPTGLHDAH,2028,True,10,
11380,SLPASVTGKH,2028,True,10,
11381,SFPRPFRGQF,2028,True,10,
11382,PVTQWMYGVG,2028,True,10,
11383,IQPRPVSSPF,2028,True,10,
11384,FSPRPFTASG,2028,True,10,
11385,KTPRGNVDTA,2028,True,10,
11386,EYPGAMHNHG,2028,True,10,
11387,QTPREVHGPW,2028,True,10,
11388,IFPRAFAMQH,2028,True,10,
11389,YNPRGSTSRI,2028,True,10,
11390,TSVIGWFSIA,2028,True,10,
11391,GKPRSHFNAT,2028,True,10,
11392,HFPRGSTVLR,2028,True,10,
11393,TVPSWSADGF,2028,True,10,
11394,PRWRAFRGTF,2028,True,10,
11395,DLPRGVHGWF,2028,True,10,
11396,GPAFHILGVQ,2028,True,10,
11397,HRPRGSTRMT,2028,True,10,
11398,HPPRGSTGAW,2028,True,10,
11399,CHPLGITSRG,2028,True,10,
11400,DWPRAVKAIG,2028,True,10,
11401,TPVGWMTGHQ,2028,True,10,
11402,PQPIHMRGSR,2028,True,10,
11403,TVPRGVAVAR,2028,True,10,
11404,QRPRGVSTIH,2028,True,10,
11405,LDFYHSISRT,2028,True,10,
11406,RVPRGVTASG,2028,True,10,
11407,VWPGEVRTWH,2028,True,10,
11408,IMPRNVWGRG,2028,True,10,
11409,SRPTGLHGTG,2028,True,10,
11410,VFPKGVTASG,2028,True,10,
11411,PFWRAFTASG,2028,True,10,
11412,QTPRSYHGKG,2028,True,10,
11413,HGVRGMRSVR,2028,True,10,
11414,PGPRSKSVPT,2028,True,10,
11415,NSPRQYTGPS,2028,True,10,
11416,EIARAMYGHG,2028,True,10,
11417,RLPNWSQGIR,2028,True,10,
11418,FPLCPSPRTR,2028,True,10,
11419,QVPRAVTGHG,2028,True,10,
11420,WSPRGFKVAH,2028,True,10,
11421,FSPRGVQGHV,2028,True,10,
11422,RHPRSHTNHG,2028,True,10,
11423,VFPREFLGWY,2028,True,10,
11424,RMPRDVNLGA,2028,True,10,
11425,LQPKGMYGAG,2028,True,10,
11426,KPWRAFLGMG,2028,True,10,
11427,MTPIEIYSAQ,2028,True,10,
11428,KTPKGVYDTA,2028,True,10,
11429,QHPRTLTASG,2028,True,10,
11430,PRPLGVKSMG,2028,True,10,
11431,TRPLGSTGNV,2028,True,10,
11432,WEPRQVRSAI,2028,True,10,
11433,TPVNWMTGRG,2028,True,10,
11434,EVPRAWMGVQ,2028,True,10,
11435,QKPRPFRSYG,2028,True,10,
11436,QVPRAVSDHY,2028,True,10,
11437,VPCSPIFRFS,2028,True,10,
11438,YSPRGVTSLA,2028,True,10,
11439,VWGDWDQNAV,2028,True,10,
11440,NVPYTMFGPI,2028,True,10,
11441,NVPRGVTGNR,2028,True,10,
11442,SWPKGMIGHT,2028,True,10,
11443,DWPVWMQGPH,2028,True,10,
11444,TYPWSWRGMR,2028,True,10,
11445,VAPRSWIGTG,2028,True,10,
11446,VNPVGMTASG,2028,True,10,
11447,KSPVGYSGQT,2028,True,10,
11448,TGPKGMHGPR,2028,True,10,
11449,SVPRGVTASG,2028,True,10,
11450,PTPRSYHGRT,2028,True,10,
11451,WSPRKYIGVH,2028,True,10,
11452,PTVRGVKDPR,2028,True,10,
11453,VAPRGSTASG,2028,True,10,
11454,SVPRTLSVMG,2028,True,10,
11455,ATPRGDTGKG,2028,True,10,
11456,AKARGMFGHG,2028,True,10,
11457,RYPRGDTRMA,2028,True,10,
11458,DGPRGVKGPG,2028,True,10,
11459,TNPVGMHRHR,2028,True,10,
11460,WIPRPVMKAW,2028,True,10,
11461,WGTRGLTASG,2028,True,10,
11462,GIPKGMHGKY,2028,True,10,
11463,PGQEGMYARF,2028,True,10,
11464,TRPRSYTGKG,2028,True,10,
11465,MCPRPTMGIS,2028,True,10,
11466,FTPRGNRYLG,2028,True,10,
11467,NWPGSFRVHT,2028,True,10,
11468,FPYGSLQNLG,2028,True,10,
11469,MQMGPQPRMF,2028,True,10,
11470,HSPRSYFGMY,2028,True,10,
11471,TIPRPVLDES,2028,True,10,
11472,SVPRLAKGQF,2028,True,10,
11473,LWPRGFHDNK,2028,True,10,
11474,ELPKSWTGHY,2028,True,10,
11475,VYPASFYGHV,2028,True,10,
11476,CPPRAVLDPY,2028,True,10,
11477,WFPRGVHAWS,2028,True,10,
11478,WGPRQVTASG,2028,True,10,
11479,IHRQRRATQF,2028,True,10,
11480,FIPFWVHGMY,2028,True,10,
11481,ETPKWSMGTQ,2028,True,10,
11482,SLVRAVYNQG,2028,True,10,
11483,QTPRSEVTMG,2028,True,10,
11484,TTPVELTGTL,2028,True,10,
11485,DTPRGQFTSA,2028,True,10,
11486,HFPRGVTASG,2028,True,10,
11487,PSPVQVRSVT,2028,True,10,
11488,YWTPRQVNGY,2028,True,10,
11489,STPRGNLGWT,2028,True,10,
11490,TDPRSWTASG,2028,True,10,
11491,TSLGELHGRA,2028,True,10,
11492,SDPKGMRGTH,2028,True,10,
11493,TPRQARSTLC,2028,True,10,
11494,TSPRKFTGPH,2028,True,10,
11495,RTPVGMRVMA,2028,True,10,
11496,GTPKGLYSGV,2028,True,10,
11497,KPPRGNTDGH,2028,True,10,
11498,RLPRMLVYHG,2028,True,10,
11499,ESPRGVTGLA,2028,True,10,
11500,HQPKGVWDTA,2028,True,10,
11501,IWPRPRHAKD,2028,True,10,
11502,WNPAGFRNTG,2028,True,10,
11503,FTPRSHTVIA,2028,True,10,
11504,IRPRDIYSGR,2028,True,10,
11505,STPNRIMGTR,2028,True,10,
11506,IRPRSWHASL,2028,True,10,
11507,MPFYGLTSEG,2028,True,10,
11508,IFPRQVTGVF,2028,True,10,
11509,NHPRGSQSAK,2028,True,10,
11510,TWPRQVTASG,2028,True,10,
11511,GVPRLYIGMS,2028,True,10,
11512,WHPGSFTGWF,2028,True,10,
11513,PRPRSWLGQG,2028,True,10,
11514,MSPRKQVKAF,2028,True,10,
11515,MPKWTNVCAD,2028,True,10,
11516,HPRAGRVPSH,2028,True,10,
11517,QVPRGVTGIQ,2028,True,10,
11518,PWVLSQSTLG,2028,True,10,
11519,RPALNFNGMQ,2028,True,10,
11520,GHPRQVMTAS,2028,True,10,
11521,YPVKGSYGST,2028,True,10,
11522,VYPRGSISGH,2028,True,10,
11523,YFPRGNRDSY,2028,True,10,
11524,VRPRASTGIT,2028,True,10,
11525,TKPREVGMRA,2028,True,10,
11526,GRPRQVAGRQ,2028,True,10,
11527,TRPRGVFDHA,2028,True,10,
11528,PVRPKRNADP,2028,True,10,
11529,EVGRAWIGWA,2028,True,10,
11530,QMVRAVNSPG,2028,True,10,
11531,WNPSWVFGMG,2028,True,10,
11532,SFPRGMTGPK,2028,True,10,
11533,DAPRGSGSMG,2028,True,10,
11534,RKPAGVKGAS,2028,True,10,
11535,TNPSWVRGRF,2028,True,10,
11536,TRPRGVHDGT,2028,True,10,
11537,VFYRSMTNRH,2028,True,10,
11538,HSPVGMYGRT,2028,True,10,
11539,AGPVHMWTMY,2028,True,10,
11540,TSPRAVRGMI,2028,True,10,
11541,ITPVQLYGKG,2028,True,10,
11542,PYPRGSTASG,2028,True,10,
11543,YLPRYWQASF,2028,True,10,
11544,MIPHPFLHWH,2028,True,10,
11545,DHPRGSHGER,2028,True,10,
11546,VPRFLRVWGP,2028,True,10,
11547,PVPRYWIGEI,2028,True,10,
11548,EMPGRMKGWG,2028,True,10,
11549,TFARQMLFTQ,2028,True,10,
11550,VTPKGVTASG,2028,True,10,
11551,YWPRQVTSEV,2028,True,10,
11552,TFPRNFGRAR,2028,True,10,
11553,GIPGVATGPG,2028,True,10,
11554,GTPRNIRGWG,2028,True,10,
11555,PAPRSWTGHG,2028,True,10,
11556,GVPRKQTASG,2028,True,10,
11557,YTPKLYTGVH,2028,True,10,
11558,HQPRGSITIR,2028,True,10,
11559,EFPRAFSDPA,2028,True,10,
11560,IHPRGQTGVH,2028,True,10,
11561,AKVRGVYDIG,2028,True,10,
11562,QFWGSFGPTQ,2028,True,10,
11563,YAPRGSMDLH,2028,True,10,
11564,REPRTIMAVG,2028,True,10,
11565,PHFWQLRGKA,2028,True,10,
11566,TPVRAVSGWG,2028,True,10,
11567,LFRMLRSTPQ,2028,True,10,
11568,TVPKWMQGPA,2028,True,10,
11569,SCPRGLFGHA,2028,True,10,
11570,TIPYNQRTGA,2028,True,10,
11571,NYPRAFTGPI,2028,True,10,
11572,EVPRAILVAG,2028,True,10,
11573,TPPINLTGIV,2028,True,10,
11574,LCPLSQVGQW,2028,True,10,
11575,VWVRSIRGAT,2028,True,10,
11576,DPPRGVTGHG,2028,True,10,
11577,MPWGHMYGIT,2028,True,10,
11578,PTPRSWRTRG,2028,True,10,
11579,FPGVQPTGHG,2028,True,10,
11580,VRPRQVHTGW,2028,True,10,
11581,VSPRSWIGKG,2028,True,10,
11582,NVPRGVSYIF,2028,True,10,
11583,HFPLGVKGIT,2028,True,10,
11584,KYPRGVHGWH,2028,True,10,
11585,QPPRSWTGNG,2028,True,10,
11586,TLPTGLSDRG,2028,True,10,
11587,GYPAGMHGKT,2028,True,10,
11588,YRPRSMLGWK,2028,True,10,
11589,YSPRLYKRSH,2028,True,10,
11590,STPLAVYGSI,2028,True,10,
11591,SGSRGLFGTA,2028,True,10,
11592,CAPRSWRDSA,2028,True,10,
11593,RHPSRFLSIG,2028,True,10,
11594,VTPMQYWGSR,2028,True,10,
11595,ERIYAFLGIG,2028,True,10,
11596,WTPSGNWIPG,2028,True,10,
11597,SCPNSWTGHA,2028,True,10,
11598,KTPREVHDMH,2028,True,10,
11599,LDPKGMTGTF,2028,True,10,
11600,VRPYGMTHPL,922,True,10,
11601,QMVYGMSAWI,922,True,10,
11602,FRPRGVRVRK,922,True,10,
11603,QRPRNVLAHF,922,True,10,
11604,ATPVAVIDGN,922,True,10,
11605,GHPRNSGSEL,922,True,10,
11606,FQPRNVFTMY,922,True,10,
11607,QRPRTLHAVK,922,True,10,
11608,RSRTARSAVK,922,True,10,
11609,HRPRQYRGPY,922,True,10,
11610,HRPAGSTASG,922,True,10,
11611,GIPRPVRGVQ,922,True,10,
11612,KPVWGFTASG,922,True,10,
11613,PGPSGMGNWA,922,True,10,
11614,LYPRQVKGEA,922,True,10,
11615,SAPRTLVGWR,922,True,10,
11616,WKPRGMASGA,922,True,10,
11617,KQPRSYRGWR,922,True,10,
11618,SHPRSERFVI,922,True,10,
11619,YAPRLYKAPM,922,True,10,
11620,LMPRQVSNIH,922,True,10,
11621,NHPRNVSAVH,922,True,10,
11622,AVPRAVYDIK,922,True,10,
11623,NQPRYMSVNT,922,True,10,
11624,GPVMAYSCVA,922,True,10,
11625,VSPSGMRQVH,922,True,10,
11626,VGPEPQVYTI,922,True,10,
11627,RHPLGFTSWF,922,True,10,
11628,HTVWGVFANY,922,True,10,
11629,YSRHKRAVFE,922,True,10,
11630,FTPREVYGEQ,922,True,10,
11631,APPRAVYAMS,922,True,10,
11632,GQPRSWQTAS,922,True,10,
11633,CPPRSMLGIL,922,True,10,
11634,SYPRAVHVWI,922,True,10,
11635,KHPHWMRAPS,922,True,10,
11636,MIPSQYRGMQ,922,True,10,
11637,YFPRVITASG,922,True,10,
11638,VAPRAVYSVS,922,True,10,
11639,DKPRGQVNLQ,922,True,10,
11640,ERVLGVYALW,922,True,10,
11641,LMPGAMFSGA,922,True,10,
11642,ALPRAVQGSW,922,True,10,
11643,TWPIELYGQW,922,True,10,
11644,GIPRAVLVAI,922,True,10,
11645,QIPRSAPLPI,922,True,10,
11646,GWPREVRTAS,922,True,10,
11647,VGPRSVMDAG,922,True,10,
11648,KTPMANLNPS,922,True,10,
11649,VAPRKFRGIS,922,True,10,
11650,WYPRGYTASG,922,True,10,
11651,GAPRQVRAPY,922,True,10,
11652,HRPRWSMGAH,922,True,10,
11653,HPPRQVTAGW,922,True,10,
11654,RKPAPWVGPG,922,True,10,
11655,KVPRAVRSWV,922,True,10,
11656,QVRAPRASVP,922,True,10,
11657,GVPTGMHSTQ,922,True,10,
11658,CHPAQMRGVQ,922,True,10,
11659,VIPRAVHAGH,922,True,10,
11660,KFPRGVRAGS,922,True,10,
11661,FLRIRRTPGP,922,True,10,
11662,QRPRGVTSEK,922,True,10,
11663,VAPRAVIAEG,922,True,10,
11664,RGPRGVSNPF,922,True,10,
11665,LKVLGVYSNA,922,True,10,
11666,GVPRAVKTAS,922,True,10,
11667,MYPRAVTGNS,922,True,10,
11668,GPPRSWTASG,922,True,10,
11669,PKWHGLFALI,922,True,10,
11670,HTPVAMHSEG,922,True,10,
11671,QQPRSWAGNQ,922,True,10,
11672,VKPSGMFVPY,922,True,10,
11673,QVPRQVHGEG,922,True,10,
11674,IWPREVRSNV,922,True,10,
11675,PEPRPVRDFW,922,True,10,
11676,RTPLPSRVGY,922,True,10,
11677,YHIASQRSMT,922,True,10,
11678,ARPRSNTASG,922,True,10,
11679,WRPVAYTASG,922,True,10,
11680,TMPVYMHGNI,922,True,10,
11681,RAPLHTSVRW,922,True,10,
11682,KWPRQYIGWH,922,True,10,
11683,PMPREIKASH,922,True,10,
11684,KTPRGQTVPS,922,True,10,
11685,LPYFPLQSPS,922,True,10,
11686,GLPRPVMAHA,922,True,10,
11687,KRPRQYRGMV,922,True,10,
11688,VAPRSWMGPY,922,True,10,
11689,GHPRSWTSGV,922,True,10,
11690,AGPRVLKGYL,922,True,10,
11691,NKPSAQRTGY,922,True,10,
11692,PFPRGSHDMV,922,True,10,
11693,QTPRSNQVGY,922,True,10,
11694,WPPRVLANPG,922,True,10,
11695,TAPRTLVAMR,922,True,10,
11696,GVPRAVLGEW,922,True,10,
11697,RTPRGNVSGY,922,True,10,
11698,HMPREVHAPI,922,True,10,
11699,YPRQARAVGA,922,True,10,
11700,ARPRGQTVTG,922,True,10,
11701,PARWVRAVDP,922,True,10,
11702,FPPREVMGPI,922,True,10,
11703,GVPRAVRDLA,922,True,10,
11704,QWPREVRSEI,922,True,10,
11705,NKPRGSTAGP,922,True,10,
11706,AHRSPRSPSP,922,True,10,
11707,TRPVELWSNK,922,True,10,
11708,TRPRGVSVIF,922,True,10,
11709,TPPRQVYSWS,922,True,10,
11710,HAPRTLVSKR,922,True,10,
11711,RPPQAWNARF,922,True,10,
11712,GLVRAVHNAF,922,True,10,
11713,KRPRSMISAF,922,True,10,
11714,KSPRGQVSRG,922,True,10,
11715,AKPTGSWAPV,922,True,10,
11716,VIPRTLVASY,922,True,10,
11717,ADPLGSTVAI,922,True,10,
11718,WLPREVIARH,922,True,10,
11719,WHPRQYRGIG,922,True,10,
11720,PSRYKRYLTW,922,True,10,
11721,RHPSSYTAKG,922,True,10,
11722,RMPRQIGSQT,922,True,10,
11723,GTPIEIYSVA,922,True,10,
11724,GNPIHMQSTG,922,True,10,
11725,APPHRFITPI,922,True,10,
11726,SRPRSYTASG,922,True,10,
11727,GTPRGMSNGI,922,True,10,
11728,RERPVRFFAT,922,True,10,
11729,QRVLWMHSAF,922,True,10,
11730,YVLQGLHQEI,922,True,10,
11731,KQPRAVNVGQ,922,True,10,
11732,VHPRNYRGVH,922,True,10,
11733,PKPVPFQATR,922,True,10,
11734,AKPVAYSKWG,922,True,10,
11735,AFWYGIAVMK,922,True,10,
11736,FSPRQVFGTI,922,True,10,
11737,RNPFGFRSPI,922,True,10,
11738,RHYQGLWAEF,922,True,10,
11739,ASPKGVQATF,922,True,10,
11740,ARPEWYFGGF,922,True,10,
11741,KPPRTLVAGY,922,True,10,
11742,EKVYGMWSGS,922,True,10,
11743,RKPVNYAGNQ,922,True,10,
11744,ERPRSHRVIV,922,True,10,
11745,KGPVELRVWR,922,True,10,
11746,YRPRGVFVNK,922,True,10,
11747,APWYSPMALE,922,True,10,
11748,TRPRSATSAK,922,True,10,
11749,GHPRGVRYHG,922,True,10,
11750,PARPLRPLFP,922,True,10,
11751,HWPRQVTASG,922,True,10,
11752,AMARAWTASG,922,True,10,
11753,TLPVAFTASG,922,True,10,
11754,GKVRPLWSYH,922,True,10,
11755,WQRFPRSNGE,922,True,10,
11756,HKPRGVWSGV,922,True,10,
11757,GTVYPQMPFA,922,True,10,
11758,PFPRAVMAGF,922,True,10,
11759,MPPRSHRGLI,922,True,10,
11760,QAPRAVSTNK,922,True,10,
11761,VFPRPVMGSA,922,True,10,
11762,KFTRGLWGSY,922,True,10,
11763,QNPSAYTAGH,922,True,10,
11764,GAPRAVYTAS,922,True,10,
11765,RYPVNMYSGL,922,True,10,
11766,GVPRQVRVRG,922,True,10,
11767,LKPRGSTGGK,922,True,10,
11768,YTPRASVGTY,922,True,10,
11769,AMPKGVTASG,922,True,10,
11770,CQIRGVTASG,922,True,10,
11771,SQPTGEVRMP,922,True,10,
11772,RWPKGMTASG,922,True,10,
11773,SVPRAVWAPF,922,True,10,
11774,RGPSSYQAKS,922,True,10,
11775,WQVRGVFTWG,922,True,10,
11776,VAPRQVRDEG,922,True,10,
11777,VGPRAVYQTV,922,True,10,
11778,FSPRSWTSGV,922,True,10,
11779,HAPRSQLNTL,922,True,10,
11780,IHPRGVTASG,922,True,10,
11781,RPRQKRLHLE,922,True,10,
11782,THPIALWSPY,922,True,10,
11783,YAPRQVLGIF,922,True,10,
11784,HRPRGNMYIG,922,True,10,
11785,AKPRSWTAGQ,922,True,10,
11786,GAPRSSTASG,922,True,10,
11787,FAPRGSWDEK,922,True,10,
11788,YEPRWSTGVA,922,True,10,
11789,HAPRVLSAQS,922,True,10,
11790,RGPAQMKNGY,922,True,10,
11791,NVPRQVHSTA,922,True,10,
11792,FWPREQRSTV,922,True,10,
11793,KGPRAVMVGQ,922,True,10,
11794,TVPRVLTVQS,922,True,10,
11795,SGPIGMSVTA,922,True,10,
11796,KAPRPVAGSA,922,True,10,
11797,RKPRAVSNKI,922,True,10,
11798,MRPRTLSAPW,922,True,10,
11799,VQPRSWTASG,922,True,10,
11800,AQPVPMLANW,922,True,10,
11801,YWPREVRAGL,922,True,10,
11802,NVPRAVMNHL,922,True,10,
11803,RPPRAFKSWF,922,True,10,
11804,IQPRSWRVEQ,922,True,10,
11805,IGFPVPQRFP,922,True,10,
11806,KGPAPDFAQS,922,True,10,
11807,ATPASMYDPK,922,True,10,
11808,AVSWAWFGAV,922,True,10,
11809,YMPRQVMDPA,922,True,10,
11810,PHPVQMRGPF,922,True,10,
11811,RMPRQVHSRF,922,True,10,
11812,VHVFWMHAPY,922,True,10,
11813,CVPRQVIAPY,922,True,10,
11814,VTPVQMRSGF,922,True,10,
11815,TGPGAMRGSY,922,True,10,
11816,WRPSAMHGTG,922,True,10,
11817,THPIPLFAPI,922,True,10,
11818,SVPSAIHSHS,922,True,10,
11819,VRPRQYANPR,922,True,10,
11820,FWPLGFRTAS,922,True,10,
11821,GAPRSWLAGF,922,True,10,
11822,YSPREVTASG,922,True,10,
11823,YNVRGVYNGV,922,True,10,
11824,TPPRSVIAMS,922,True,10,
11825,GLVRAFWAPK,922,True,10,
11826,IYPRAVRAPQ,922,True,10,
11827,EMPRQVRACD,922,True,10,
11828,RGPRSYTASG,922,True,10,
11829,GAVSNFSSGI,922,True,10,
11830,MIPFHMRAPS,922,True,10,
11831,VAPRKFTASG,922,True,10,
11832,TGPRTLWAEG,922,True,10,
11833,FHPAGVTASG,922,True,10,
11834,SAPVAFTDVK,922,True,10,
11835,MNPRSYLAGH,922,True,10,
11836,WAPRSNRVGW,922,True,10,
11837,GTPRAVRTAS,922,True,10,
11838,WRPRGSVTAS,922,True,10,
11839,HIPYWVMAMF,922,True,10,
11840,QVPRAVTGTA,922,True,10,
11841,ASPRYMIYEV,922,True,10,
11842,RYPRAFYNMS,922,True,10,
11843,VRPRQVMVQI,922,True,10,
11844,DFPRDHSTIK,922,True,10,
11845,MPVSAVQSNY,922,True,10,
11846,GAPRAVSTAS,922,True,10,
11847,WHPVSMWGNY,922,True,10,
11848,ATPRVYRGQF,922,True,10,
11849,WGPRSNGVNF,922,True,10,
11850,VGVRAWSTAS,922,True,10,
11851,VHPRQVRVPL,922,True,10,
11852,VDAFNISGMK,922,True,10,
11853,WPRPKRSIFP,922,True,10,
11854,KLARAWTASG,922,True,10,
11855,HVPRQVFDGV,922,True,10,
11856,KGPVAYLSTV,922,True,10,
11857,MSPRKFISPA,922,True,10,
11858,PFPRVIWSAS,922,True,10,
11859,YGPRLVIGVI,922,True,10,
11860,LAPRTVTASG,922,True,10,
11861,HPGRPYISRS,922,True,10,
11862,DKPKSYFDNV,922,True,10,
11863,TPVGWMSGVK,922,True,10,
11864,RAPLHFTASG,922,True,10,
11865,ASPRQVTASG,922,True,10,
11866,YQPRAEVYVI,922,True,10,
11867,GQARLGQSVA,922,True,10,
11868,KLPRAYLSNW,922,True,10,
11869,LARAARAVEP,922,True,10,
11870,VAPRSWMSNA,922,True,10,
11871,NSVYGMYAPI,922,True,10,
11872,STPSWIHDKR,922,True,10,
11873,AVPRAWLAGW,922,True,10,
11874,LHPRQYLVAK,922,True,10,
11875,AWPKGVTVKI,922,True,10,
11876,NLPTAFRSPW,922,True,10,
11877,RSPMAYIANS,922,True,10,
11878,ERVLPQSYVL,922,True,10,
11879,HGPRPVWATF,922,True,10,
11880,MQPKSVFGIL,922,True,10,
11881,GVPRASLTAS,922,True,10,
11882,GFPRQVRASI,922,True,10,
11883,VHPSGFTASG,922,True,10,
11884,TPPRSWTASG,922,True,10,
11885,RSPLSYMSGY,922,True,10,
11886,WKPRMLSAGF,922,True,10,
11887,GRPRSWTNGR,922,True,10,
11888,FTPRGQSKPF,922,True,10,
11889,KAPRSWTGNV,922,True,10,
11890,MNPRPFSAPW,922,True,10,
11891,QPVYAMHAGT,922,True,10,
11892,GKPRTLVAVG,922,True,10,
11893,QNPRSWHGVQ,922,True,10,
11894,IVPRAVSDKS,922,True,10,
11895,IVPRAVSDGF,922,True,10,
11896,LRPRGSTGIV,922,True,10,
11897,RPAQDPASGP,922,True,10,
11898,VPWVPLFAWR,922,True,10,
11899,GVPRAVRNGL,922,True,10,
11900,GRPRGVRVQS,922,True,10,
11901,TGPRQVTASG,922,True,10,
11902,QWPREVISPL,922,True,10,
11903,PARAYRGEVM,922,True,10,
11904,MVPRGVTASG,922,True,10,
11905,RAPRGSTASG,922,True,10,
11906,GPRQWRSANF,922,True,10,
11907,TMPRVLWALT,922,True,10,
11908,FKPRGVTDGH,922,True,10,
11909,ANPRPLVDHW,922,True,10,
11910,GLPVAFRGTA,922,True,10,
11911,IGPRQVFAIA,922,True,10,
11912,GRPRKYHVRQ,922,True,10,
11913,DPVYNQKGTF,922,True,10,
11914,LYPVAMWAPT,922,True,10,
11915,HMSRGVHAGY,922,True,10,
11916,HVPRQVRHEY,922,True,10,
11917,TGPAPMWGRH,922,True,10,
11918,YVPRAVKVGY,922,True,10,
11919,RAPARFKGTV,922,True,10,
11920,QRPSPFLANA,922,True,10,
11921,IMPRAVWNMS,922,True,10,
11922,TWPVAMWGTR,922,True,10,
11923,AVPRGVTASG,922,True,10,
11924,HPVYGMHYPS,922,True,10,
11925,SFPRVMRAEH,922,True,10,
11926,PTPRSVYDMA,922,True,10,
11927,GFPRGVTASG,922,True,10,
11928,KLPRGVHVAW,922,True,10,
11929,GFPRAVKSNH,922,True,10,
11930,QLPRPVSVHW,922,True,10,
11931,RFPRSWYGAK,922,True,10,
11932,KAPRSMSGQS,922,True,10,
11933,WMPKSVMGQR,922,True,10,
11934,FQPRSHVNVI,922,True,10,
11935,YPRAVRSAKI,922,True,10,
11936,PGPRAIASEW,922,True,10,
11937,PSPRKFQGMT,922,True,10,
11938,NYPRAFASPG,922,True,10,
11939,CPPRASAVWL,922,True,10,
11940,EVPRAVAGKT,922,True,10,
11941,KPRPARPVSL,922,True,10,
11942,IAYQGLKSWV,922,True,10,
11943,WQPRQVRAGY,922,True,10,
11944,VNEASMSGPI,922,True,10,
11945,WTPRAVRSVH,922,True,10,
11946,YFPREYADEH,922,True,10,
11947,TVPRAVKAGT,922,True,10,
11948,GEPRNIASHA,922,True,10,
11949,HRTMWLWSNT,922,True,10,
11950,VNYRGVYATQ,922,True,10,
11951,GAPRSWRGPI,922,True,10,
11952,SDPRSWMVWQ,922,True,10,
11953,LPRSPRVAVP,922,True,10,
11954,ERPRTVMAEG,922,True,10,
11955,GTPRGMANTL,922,True,10,
11956,RARAKRAVAP,922,True,10,
11957,KAPRGVLDQI,922,True,10,
11958,PMRSKRVAEL,922,True,10,
11959,RGRSIVSLIS,922,True,10,
11960,RVPRGVTASG,922,True,10,
11961,TPVYELRSIF,922,True,10,
11962,HPIAYESGPR,922,True,10,
11963,AVPRSWLGPS,922,True,10,
11964,LAPREVHAGI,922,True,10,
11965,VHPRIEAGKL,922,True,10,
11966,HQPRGVRAGV,922,True,10,
11967,KIPRAVHAVA,922,True,10,
11968,PVRMPRSPDF,922,True,10,
11969,KYPVQYSGQK,922,True,10,
11970,LKPVAMWSPG,922,True,10,
11971,HQPRVYIATH,922,True,10,
11972,RPVSAFWAHF,922,True,10,
11973,VRPRVQTASG,922,True,10,
11974,VQPRTIGVQG,922,True,10,
11975,VRPREQTASG,922,True,10,
11976,SMPRQFRAEF,922,True,10,
11977,YMPRAVTGIQ,922,True,10,
11978,SVPSAVMSTY,922,True,10,
11979,QMPRQVRSAF,922,True,10,
11980,FGRPAKQSFV,922,True,10,
11981,QKPAGNKGYF,922,True,10,
11982,HTPVNMLGWA,922,True,10,
11983,TWPYGVRSNA,922,True,10,
11984,LHRQKRSVFD,922,True,10,
11985,PAPRSHMGRS,922,True,10,
11986,KSPRPFLGVR,922,True,10,
11987,DYPWSWRDLG,922,True,10,
11988,WEGRPLPRLA,922,True,10,
11989,EVPRAVKSAH,922,True,10,
11990,IRAWAMTSTL,922,True,10,
11991,RYPVAMTSET,922,True,10,
11992,GRARAWMGIW,922,True,10,
11993,PVPRAVLAMG,922,True,10,
11994,WGPRQVRQDY,922,True,10,
11995,TSPRASHGAG,922,True,10,
11996,ARVEAFRAPS,922,True,10,
11997,DFPRAFGAIQ,922,True,10,
11998,GNPRAVRTAS,922,True,10,
11999,HVWMAFMASH,922,True,10,
12000,IGAYPLAGPL,8990,True,10,
12001,YWVLSLISTG,8990,True,10,
12002,YRPRNLSGPK,8990,True,10,
12003,QNPKSLYDTR,8990,True,10,
12004,TLPVAFQGMT,8990,True,10,
12005,NTPKWLYGPT,8990,True,10,
12006,RFPVPMTGIG,8990,True,10,
12007,YTPKGLSDPG,8990,True,10,
12008,QSPRDIFAKF,8990,True,10,
12009,HQPTGLTASG,8990,True,10,
12010,LHPRTLVGMI,8990,True,10,
12011,LYPRSLWDSG,8990,True,10,
12012,GTPRGLTDGS,8990,True,10,
12013,SAPRALTAGF,8990,True,10,
12014,AWPKALNGET,8990,True,10,
12015,SYPRNLDGQG,8990,True,10,
12016,NMPKGVTASG,8990,True,10,
12017,IVPRDLVGSK,8990,True,10,
12018,LDPKSLYDSL,8990,True,10,
12019,GFPRSYIGHY,8990,True,10,
12020,NYPRDLSGAH,8990,True,10,
12021,GKPVPMYGAG,8990,True,10,
12022,HGLWSLSAHV,8990,True,10,
12023,LWAVGLRGLR,8990,True,10,
12024,TSPAYLKGAT,8990,True,10,
12025,DWPTGLVGET,8990,True,10,
12026,ESPTGLYDNR,8990,True,10,
12027,RLPKYLVGWT,8990,True,10,
12028,SGPKGLSDTA,8990,True,10,
12029,GHPVGLFHMR,8990,True,10,
12030,YTPRGLSDHV,8990,True,10,
12031,TYPLYLRGHY,8990,True,10,
12032,SAPLSLYDSG,8990,True,10,
12033,HVPKSLTASG,8990,True,10,
12034,DNPRPVLAPG,8990,True,10,
12035,SRPTGLIGEG,8990,True,10,
12036,KHPLASTASG,8990,True,10,
12037,DAPRFLIGWA,8990,True,10,
12038,YHPVMLHGQG,8990,True,10,
12039,QHPVSLWGWQ,8990,True,10,
12040,NQPRGQSLSG,8990,True,10,
12041,PLPRYLKGHL,8990,True,10,
12042,QAPLHVHAGQ,8990,True,10,
12043,CHPRNLSAQH,8990,True,10,
12044,KMPRAIRGPH,8990,True,10,
12045,GFAKPLWSVA,8990,True,10,
12046,TSPRPLSDPQ,8990,True,10,
12047,HKPLPSMGWG,8990,True,10,
12048,QVPKSLAGWG,8990,True,10,
12049,IYPTGLRGTV,8990,True,10,
12050,NTPLGQIGQF,8990,True,10,
12051,DQPVPMYVIR,8990,True,10,
12052,GLTYPQSNLA,8990,True,10,
12053,PKPKSMLGNA,8990,True,10,
12054,YKPVNLRGKW,8990,True,10,
12055,SYPRAIYAER,8990,True,10,
12056,DAPINLWSWF,8990,True,10,
12057,DQSYGLFAIG,8990,True,10,
12058,QDPKGQDSRG,8990,True,10,
12059,QRPKGLVDQT,8990,True,10,
12060,THPVALYDAT,8990,True,10,
12061,LDPVGISGEG,8990,True,10,
12062,LPARNLVGAY,8990,True,10,
12063,PTPVYLISNK,8990,True,10,
12064,DTPVGLYDMI,8990,True,10,
12065,GPVYPLWGVK,8990,True,10,
12066,HFPADLKGKT,8990,True,10,
12067,ANPAGVRGMY,8990,True,10,
12068,TYPRDLSGTG,8990,True,10,
12069,QKPIPLWGEV,8990,True,10,
12070,THPVSLMSLT,8990,True,10,
12071,NTPKGNLDIF,8990,True,10,
12072,DYPRPIVARY,8990,True,10,
12073,PHPTAIWTAT,8990,True,10,
12074,YIPRSNRDAG,8990,True,10,
12075,GKPTGLVDSW,8990,True,10,
12076,CQPTGLTASG,8990,True,10,
12077,THPSGFRALW,8990,True,10,
12078,YPATPLWNSW,8990,True,10,
12079,MRPVNSIGHG,8990,True,10,
12080,TSPRMLSGVH,8990,True,10,
12081,DLPTGLTDMH,8990,True,10,
12082,GWPAGLSTAS,8990,True,10,
12083,TRPVALTSLA,8990,True,10,
12084,DNVRSLIGPT,8990,True,10,
12085,EQIYGLRGVA,8990,True,10,
12086,AQPTGLTDTY,8990,True,10,
12087,PTPLHLYGMT,8990,True,10,
12088,SWPVELRGNG,8990,True,10,
12089,DNPIHLRGQG,8990,True,10,
12090,YSPKGLTGLG,8990,True,10,
12091,DSPVALWGIF,8990,True,10,
12092,SGPTALQGTA,8990,True,10,
12093,LNPVPLVKQY,8990,True,10,
12094,QWPRELKGVA,8990,True,10,
12095,DYPAGLSGHG,8990,True,10,
12096,SWPAYLRGKG,8990,True,10,
12097,RHPHSLIGHI,8990,True,10,
12098,HLPLNWAGMK,8990,True,10,
12099,VTPKGLHGPG,8990,True,10,
12100,DQPRPLHGIT,8990,True,10,
12101,DLPRSLYGMA,8990,True,10,
12102,GYPRAWTGTI,8990,True,10,
12103,INPKGMKGEI,8990,True,10,
12104,AFPRSLFGMK,8990,True,10,
12105,SMPKLLYGPV,8990,True,10,
12106,RKPVNLTGPR,8990,True,10,
12107,TSPVSYTALT,8990,True,10,
12108,KRPSALTASG,8990,True,10,
12109,HQPRGQVLPI,8990,True,10,
12110,SDPKGMRGTV,8990,True,10,
12111,SAPKGMRQGF,8990,True,10,
12112,HDWMALTASG,8990,True,10,
12113,LTPKNLYGLK,8990,True,10,
12114,MHPIALHGTK,8990,True,10,
12115,VDPIHLWAWA,8990,True,10,
12116,MSPVGLTSPV,8990,True,10,
12117,FRARGLWDQI,8990,True,10,
12118,NDPLSLHNWF,8990,True,10,
12119,VHPINLWATS,8990,True,10,
12120,YWPRDIKGWV,8990,True,10,
12121,HNPVALMGPG,8990,True,10,
12122,SQPVPFQANT,8990,True,10,
12123,WDPKGMRGPA,8990,True,10,
12124,DWPTGLNDMV,8990,True,10,
12125,NSPRNLSNPF,8990,True,10,
12126,WHVLSLYSMY,8990,True,10,
12127,RGPVPFTASG,8990,True,10,
12128,GFPRSLHSGK,8990,True,10,
12129,FAPKGMTDAF,8990,True,10,
12130,YDPAGMRDQS,8990,True,10,
12131,VFPRPLWAEI,8990,True,10,
12132,EQPVPLWNPA,8990,True,10,
12133,GDPKGMRSGI,8990,True,10,
12134,TIPKAITGPT,8990,True,10,
12135,QHPLPQTNAT,8990,True,10,
12136,SLPRPLWGVG,8990,True,10,
12137,NDPYGMKTAC,8990,True,10,
12138,ADPAGVKGSA,8990,True,10,
12139,MFGRALQGAV,8990,True,10,
12140,FDPRDLSWMK,8990,True,10,
12141,GTPRSWFGPW,8990,True,10,
12142,NKPRSLYGAF,8990,True,10,
12143,NQPYGMRNEQ,8990,True,10,
12144,AGPKFLTASG,8990,True,10,
12145,AQPVPMIDQV,8990,True,10,
12146,DSPSGLYGHW,8990,True,10,
12147,ASPVALMRHW,8990,True,10,
12148,PMAVGLSGMT,8990,True,10,
12149,TRPVNLSGMW,8990,True,10,
12150,DTPRSLIGHG,8990,True,10,
12151,TPLSHLHGLR,8990,True,10,
12152,MAPRSLVGWR,8990,True,10,
12153,NDPRGLTDRA,8990,True,10,
12154,SYPVALTGGR,8990,True,10,
12155,ITPKGQLNKI,8990,True,10,
12156,LDPKGMRSEW,8990,True,10,
12157,YDVYSLIGNH,8990,True,10,
12158,TLPLSLIGPG,8990,True,10,
12159,HMVRALYGWG,8990,True,10,
12160,RWPAWLDSWQ,8990,True,10,
12161,NYPRDIRGML,8990,True,10,
12162,DAPVPMNGPK,8990,True,10,
12163,LFPKGLSAIG,8990,True,10,
12164,FHPIQLYSLF,8990,True,10,
12165,YSRSKRSVMS,8990,True,10,
12166,NCVLGLYQPR,8990,True,10,
12167,LWPRFLYGNG,8990,True,10,
12168,YSPKGVTASG,8990,True,10,
12169,DTPRPLVGAQ,8990,True,10,
12170,QHPVSLRSIG,8990,True,10,
12171,TSPRSLMSWG,8990,True,10,
12172,TFPKGVRNQG,8990,True,10,
12173,ADWASLYGLK,8990,True,10,
12174,YEAVSLRGMR,8990,True,10,
12175,SFPRDIKGNI,8990,True,10,
12176,NWPRGLSGQG,8990,True,10,
12177,DVPRDLSGWQ,8990,True,10,
12178,QSPVQLTSPL,8990,True,10,
12179,DQPTGLRSIA,8990,True,10,
12180,WTPSALRGWG,8990,True,10,
12181,GHPIPIWDVT,8990,True,10,
12182,CRPSGLFDST,8990,True,10,
12183,NMPKSLFGAL,8990,True,10,
12184,KTPVNLTSWR,8990,True,10,
12185,CLPNAFRGWR,8990,True,10,
12186,DFPRGLSDTG,8990,True,10,
12187,NTPRGLTASG,8990,True,10,
12188,NAPKGMKTGA,8990,True,10,
12189,HQPRGQSDMK,8990,True,10,
12190,TPTKWLMAQG,8990,True,10,
12191,RNPIPIVAPH,8990,True,10,
12192,RTPKGLMDPS,8990,True,10,
12193,WSPKGVTSIS,8990,True,10,
12194,AHPVALTASG,8990,True,10,
12195,TLPRAIYGRS,8990,True,10,
12196,VRPRPLWGLV,8990,True,10,
12197,HLPTALKAPR,8990,True,10,
12198,YVPSGLQGSY,8990,True,10,
12199,QFPRGLASQR,8990,True,10,
12200,DEPLGIKGPG,8990,True,10,
12201,DTPYGMRTAS,8990,True,10,
12202,YHPKGQPVIR,8990,True,10,
12203,VRALYQPGPG,8990,True,10,
12204,GRPRPIKGWG,8990,True,10,
12205,HVPVNLIGNQ,8990,True,10,
12206,LFPAGLQGHR,8990,True,10,
12207,GIPSPFLGSA,8990,True,10,
12208,SLPTDLWGPH,8990,True,10,
12209,TIPRFLSTQG,8990,True,10,
12210,QWPRQLFGHA,8990,True,10,
12211,ESVKGMIALY,8990,True,10,
12212,GLPTSLQTAS,8990,True,10,
12213,RLPNPLHGKV,8990,True,10,
12214,REPNYLTASG,8990,True,10,
12215,NWVLSLIGLA,8990,True,10,
12216,NIPRSLTASG,8990,True,10,
12217,SRPVNLAGLF,8990,True,10,
12218,CRPRPLASLT,8990,True,10,
12219,PQPLSQRGIG,8990,True,10,
12220,NDPKALYSWA,8990,True,10,
12221,DYPRSLSAHQ,8990,True,10,
12222,GFPRKLYGPH,8990,True,10,
12223,FPVLGLVGPL,8990,True,10,
12224,RDPVGLTASG,8990,True,10,
12225,YHPRDLSAEY,8990,True,10,
12226,TDPKGLSDPY,8990,True,10,
12227,SAHGSLMATL,8990,True,10,
12228,FAPRGMATGV,8990,True,10,
12229,DYARPLSGQK,8990,True,10,
12230,NSVNYLHGLG,8990,True,10,
12231,AQPRDLYGIG,8990,True,10,
12232,YSPVNLIGEY,8990,True,10,
12233,HFPKGQVDMR,8990,True,10,
12234,LTPKGLYGPV,8990,True,10,
12235,GVPRPVLDVL,8990,True,10,
12236,NPPKLILGVQ,8990,True,10,
12237,IHPRSLKASI,8990,True,10,
12238,ANPKSLTASG,8990,True,10,
12239,VHPRNLSGST,8990,True,10,
12240,YPSHSLVTLV,8990,True,10,
12241,EDPRGLTASG,8990,True,10,
12242,KYPVPMIGNW,8990,True,10,
12243,IEPKSLITPI,8990,True,10,
12244,CGARSLTASG,8990,True,10,
12245,SWPVGLSDNQ,8990,True,10,
12246,SNPINLRGIN,8990,True,10,
12247,THPKSLYGTQ,8990,True,10,
12248,DLPTALKGKW,8990,True,10,
12249,GHPVSLTASG,8990,True,10,
12250,NCPTGLATGA,8990,True,10,
12251,RWPVSLYGQG,8990,True,10,
12252,EGASGLTSIW,8990,True,10,
12253,VKPLYLWGVA,8990,True,10,
12254,DQPVALYGTR,8990,True,10,
12255,KTPKGQDSIK,8990,True,10,
12256,QCPKGMQGQT,8990,True,10,
12257,GHPVSLTASG,8990,True,10,
12258,RVPKPQWDVQ,8990,True,10,
12259,DYPKSLYDRQ,8990,True,10,
12260,AWPREIRTKG,8990,True,10,
12261,GLPDALIGQV,8990,True,10,
12262,DHPRNLQSPF,8990,True,10,
12263,GRPTALTASG,8990,True,10,
12264,RWPVSLRGQG,8990,True,10,
12265,EHPKGLTASG,8990,True,10,
12266,ASPRPAYAIA,8990,True,10,
12267,HLPRQLYDLK,8990,True,10,
12268,RDPVSLYSQG,8990,True,10,
12269,DYVRAVYDQV,8990,True,10,
12270,GMPRDLKGAG,8990,True,10,
12271,TVPKNLHGIH,8990,True,10,
12272,DSPVNLWGNF,8990,True,10,
12273,DVPKSLVGHL,8990,True,10,
12274,TNPINLYGWH,8990,True,10,
12275,YNPVNMQGML,8990,True,10,
12276,GSPRQLYDNK,8990,True,10,
12277,DLPTALRGQT,8990,True,10,
12278,NYPRAIQSAF,8990,True,10,
12279,PLEWRSYLEC,8990,True,10,
12280,DWPIGIRTGA,8990,True,10,
12281,IVPKNQTGHG,8990,True,10,
12282,TQPRYLRGWG,8990,True,10,
12283,DHPKGMRGLW,8990,True,10,
12284,GMPRDVYTAS,8990,True,10,
12285,LYPRPHIDLI,8990,True,10,
12286,ANPVSLRGLR,8990,True,10,
12287,TGPTGLIDNY,8990,True,10,
12288,DIPTAVQALQ,8990,True,10,
12289,HTPVSLWSAG,8990,True,10,
12290,VWPEMLTGMV,8990,True,10,
12291,DHPKGQYGIT,8990,True,10,
12292,DTPSWLRGNH,8990,True,10,
12293,VDPKGLQSPY,8990,True,10,
12294,FYPRAIQALT,8990,True,10,
12295,CPPKSLRGWY,8990,True,10,
12296,HQPVPFDTLQ,8990,True,10,
12297,ERPKGVTGQA,8990,True,10,
12298,DGPRPILAPA,8990,True,10,
12299,SGPKSLRGWL,8990,True,10,
12300,IQHQSLRGVT,8990,True,10,
12301,HTVYSLIAHQ,8990,True,10,
12302,HLGLALTGML,8990,True,10,
12303,MFPRDLLGAL,8990,True,10,
12304,PEFDPKSILT,8990,True,10,
12305,CHPVALVATF,8990,True,10,
12306,GAPRPVQTAS,8990,True,10,
12307,GYPRDLAGPF,8990,True,10,
12308,GHFWPLVGMT,8990,True,10,
12309,TQPVFLRGTG,8990,True,10,
12310,QTPSGLIGWF,8990,True,10,
12311,SEPLGLVGNV,8990,True,10,
12312,HSPRELRGSK,8990,True,10,
12313,GPLYHLTNLI,8990,True,10,
12314,TDPRYLTASG,8990,True,10,
12315,RTPRGLSDHF,8990,True,10,
12316,WIPRYLSGMG,8990,True,10,
12317,LTPVYLRAVT,8990,True,10,
12318,YVTYPLYGLW,8990,True,10,
12319,TWPYGLGDNG,8990,True,10,
12320,FDPAYLRDSK,8990,True,10,
12321,DTPKGLVDA,8990,True,9,length
12322,LSPRDIRGVY,8990,True,10,
12323,FETLPLVARA,8990,True,10,
12324,QHPRNIKGVT,8990,True,10,
12325,VAPNHLSGTL,8990,True,10,
12326,TPLYGLTDNG,8990,True,10,
12327,PNVWGIRDAS,8990,True,10,
12328,GDPVPLWTAS,8990,True,10,
12329,NIPTAGRTSY,8990,True,10,
12330,DYPRSLMGHG,8990,True,10,
12331,ITALPLSGVG,8990,True,10,
12332,SLPTHLQAWG,8990,True,10,
12333,PVPRPLSDIG,8990,True,10,
12334,IWPVELTGHS,8990,True,10,
12335,LQPKSLVGPG,8990,True,10,
12336,PYARALIGRS,8990,True,10,
12337,YQPRDLGAGT,8990,True,10,
12338,PYAYHLQGPA,8990,True,10,
12339,SWPRFLKGNT,8990,True,10,
12340,YHPKGMTASG,8990,True,10,
12341,DVARNLAGAG,8990,True,10,
12342,FGPVQLKSNS,8990,True,10,
12343,LRPVNLQSPI,8990,True,10,
12344,DRPHPLTGLH,8990,True,10,
12345,MGPKGLSDKG,8990,True,10,
12346,WPYLNLRQGT,8990,True,10,
12347,GDPKNLKGRS,8990,True,10,
12348,RSPRTLITGV,8990,True,10,
12349,VNWRPLMAQF,8990,True,10,
12350,DAHIPLWGVG,8990,True,10,
12351,RTPIGLTASG,8990,True,10,
12352,DRPRSLFAVW,8990,True,10,
12353,SHPLPVLSAR,8990,True,10,
12354,DHPIPLYDLG,8990,True,10,
12355,GQPNAFQGQA,8990,True,10,
12356,DSAVALHGRS,8990,True,10,
12357,HLDKHAYIST,8990,True,10,
12358,WDPRGLVGEW,8990,True,10,
12359,LAHRALWGLG,8990,True,10,
12360,EDPKSLYGNG,8990,True,10,
12361,DLARGLTGQR,8990,True,10,
12362,CQPTGLIVTK,8990,True,10,
12363,YSPVQMYGAG,8990,True,10,
12364,DTPTGLRGNS,8990,True,10,
12365,KHPIALYGMW,8990,True,10,
12366,DSPKGMRGPK,8990,True,10,
12367,DRPADLKGVR,8990,True,10,
12368,YSPGHLMAKQ,8990,True,10,
12369,PTPRSHRGAA,8990,True,10,
12370,ENPRSLASMH,8990,True,10,
12371,GLPRSLQGNV,8990,True,10,
12372,IHLASLMSPF,8990,True,10,
12373,TSPRDLIGKY,8990,True,10,
12374,FRPINLWTLG,8990,True,10,
12375,GMPRSLAGPY,8990,True,10,
12376,ILPGALSGSY,8990,True,10,
12377,YHPKGQTASG,8990,True,10,
12378,TYPKAIYGWT,8990,True,10,
12379,PVTYALWGWI,8990,True,10,
12380,QKPKNLYGIV,8990,True,10,
12381,TWPSGLQDNT,8990,True,10,
12382,GPWAPLSGMR,8990,True,10,
12383,VNPAHLTGEG,8990,True,10,
12384,NQPTGLTSKQ,8990,True,10,
12385,YDVSALISQH,8990,True,10,
12386,VIPRPLYGHR,8990,True,10,
12387,NHPVSLWANQ,8990,True,10,
12388,FHPKGLTGSG,8990,True,10,
12389,DSPVSLLGPQ,8990,True,10,
12390,AHPVPLRSTY,8990,True,10,
12391,DMPVHMLGPK,8990,True,10,
12392,EYPKLLTGPT,8990,True,10,
12393,PEWLPLRSIS,8990,True,10,
12394,ATPVELSGVG,8990,True,10,
12395,TGASGLYGPS,8990,True,10,
12396,HVPKGLYGLV,8990,True,10,
12397,CWPTGLRTGK,8990,True,10,
12398,VKPKGLTASG,8990,True,10,
12399,DHPRGQWSIR,8990,True,10,
12400,HPPMNQMVIS,1567,True,10,
12401,KMPRGSVARV,1567,True,10,
12402,RKPGAYTGPW,1567,True,10,
12403,SMPRQYHGNQ,1567,True,10,
12404,MGPRSYRGDS,1567,True,10,
12405,FRPRVYRAGF,1567,True,10,
12406,GYPSWIHATY,1567,True,10,
12407,AYPWSWQAHL,1567,True,10,
12408,QPPYGYVGWR,1567,True,10,
12409,QIPRAFTGQH,1567,True,10,
12410,NIPRPVHAGR,1567,True,10,
12411,GPRPRGFVML,1567,True,10,
12412,WVPRASKAGF,1567,True,10,
12413,VPPRAFIGHQ,1567,True,10,
12414,HYPVAYQSQK,1567,True,10,
12415,THPRAYYGQY,1567,True,10,
12416,YQPRGVTASG,1567,True,10,
12417,KPPRQVRDSG,1567,True,10,
12418,PIPRGVRGPS,1567,True,10,
12419,FPPHGFTASG,1567,True,10,
12420,GWTPHPSAQA,1567,True,10,
12421,NMPRSYRGWA,1567,True,10,
12422,VYPQGVRKVQ,1567,True,10,
12423,YKPHPFWTVY,1567,True,10,
12424,AKPRAYHGKG,1567,True,10,
12425,YAPRGSIAMY,1567,True,10,
12426,HKVLSQYGQT,1567,True,10,
12427,SYPRAYRAWA,1567,True,10,
12428,YHPQAQTGIV,1567,True,10,
12429,WFPRGQTYGK,1567,True,10,
12430,RGPYHWQNWF,1567,True,10,
12431,VGPSGFWVHI,1567,True,10,
12432,FNPRQYIGRF,1567,True,10,
12433,DQARAWKGWL,1567,True,10,
12434,PTPRAYKGVS,1567,True,10,
12435,GAPKGMHGTH,1567,True,10,
12436,RPPRAFKVTG,1567,True,10,
12437,MGPRGSFDSH,1567,True,10,
12438,HAPRSWLGWS,1567,True,10,
12439,RGPVNFWDTS,1567,True,10,
12440,GTPSAQWDPY,1567,True,10,
12441,CHPRSWVDPY,1567,True,10,
12442,HPMQAFHSGW,1567,True,10,
12443,ARPRSWTASG,1567,True,10,
12444,RKPWAWTASG,1567,True,10,
12445,AFPRAFHAHA,1567,True,10,
12446,NEPRSWTASG,1567,True,10,
12447,SNPRAYLGAW,1567,True,10,
12448,RKPAPWTSVG,1567,True,10,
12449,VFPRVLHGAV,1567,True,10,
12450,HRPLASLNHR,1567,True,10,
12451,LVPRKYTGTH,1567,True,10,
12452,HNPRNVRSTW,1567,True,10,
12453,HYPREFKGVY,1567,True,10,
12454,TPPRVYHVEI,1567,True,10,
12455,HWPRESWNPK,1567,True,10,
12456,QRPRPWHNRF,1567,True,10,
12457,KHGRAVWAGF,1567,True,10,
12458,PIPMWSHGSG,1567,True,10,
12459,WNPKSWRSWH,1567,True,10,
12460,IYPLNSWGPK,1567,True,10,
12461,CTPVNYHVNV,1567,True,10,
12462,RMPRQYRTLR,1567,True,10,
12463,SKPRPYMAGP,1567,True,10,
12464,HKPRYWTASG,1567,True,10,
12465,RPPQGVFDHF,1567,True,10,
12466,PQPRSWRTAH,1567,True,10,
12467,NPPRPFWDGW,1567,True,10,
12468,FMPSAQTASG,1567,True,10,known_sequence
12469,PGPRSWIGPG,1567,True,10,
12470,GNPRAYFARS,1567,True,10,
12471,IMPRNYHGWF,1567,True,10,
12472,WKPSTLYGWF,1567,True,10,
12473,GPRPWREPMS,1567,True,10,
12474,GMPRAYLGPF,1567,True,10,
12475,WMPRSYLGEF,1567,True,10,
12476,MCPYHMQSWK,1567,True,10,
12477,MRPHGFLDKG,1567,True,10,
12478,EVARAWYSQH,1567,True,10,
12479,CEPRAWYSWG,1567,True,10,
12480,CFPRGNRVPS,1567,True,10,
12481,GWPREVYDHI,1567,True,10,
12482,RPEKPFGMAE,1567,True,10,
12483,YFPVPFWQGL,1567,True,10,
12484,DSPRPYHATA,1567,True,10,
12485,WPPRSWRGVY,1567,True,10,
12486,EPPRNYQGRG,1567,True,10,
12487,GEPASWRSQA,1567,True,10,
12488,QGPRSYHATG,1567,True,10,
12489,VARAPRPADV,1567,True,10,
12490,SPPLSNVGWY,1567,True,10,
12491,KYPVAWRHVH,1567,True,10,
12492,TKPRAYMGQV,1567,True,10,
12493,RPYGNFQANY,1567,True,10,
12494,YWPRGQYDYK,1567,True,10,
12495,GAPRAFHNSI,1567,True,10,
12496,WPPRAVWTAS,1567,True,10,
12497,WPMPREWGSM,1567,True,10,
12498,RIPASWQGEL,1567,True,10,
12499,KVPRPVSAPK,1567,True,10,
12500,RQPRTVYATW,1567,True,10,
12501,SWVSPQWYRF,1567,True,10,
12502,TIPAYWRTKR,1567,True,10,
12503,YWPRASHGIG,1567,True,10,
12504,WPPRGSYVWI,1567,True,10,
12505,GSPYGWNARH,1567,True,10,
12506,HVEPREFGKS,1567,True,10,
12507,KRPAQYTGLK,1567,True,10,
12508,QMPRPVFATQ,1567,True,10,
12509,PDPRSWTASG,1567,True,10,
12510,WYVWGWSVKY,1567,True,10,
12511,KWPRLYIGQG,1567,True,10,
12512,GHVRAHTGPQ,1567,True,10,
12513,IKPRGDSGIQ,1567,True,10,
12514,QKPRPYMGQT,1567,True,10,
12515,KLPRAYTAPS,1567,True,10,
12516,HYPYGMRAWY,1567,True,10,
12517,SGPIPFWSTA,1567,True,10,
12518,QLPYHWQGVW,1567,True,10,
12519,QKPYGWQATG,1567,True,10,
12520,KAPAHWRGPF,1567,True,10,
12521,RMPYGQGVQI,1567,True,10,
12522,TAPRAFHAGF,1567,True,10,
12523,TNPSWSTSGS,1567,True,10,
12524,HRHRAFSQRV,1567,True,10,
12525,MVPKNQMVNH,1567,True,10,
12526,SFPRPYMSWV,1567,True,10,
12527,NSPLASTASG,1567,True,10,
12528,QVPREVYASA,1567,True,10,
12529,HAPRSYMGEQ,1567,True,10,
12530,WIPRSNYGWY,1567,True,10,
12531,TYPRAFAGWI,1567,True,10,
12532,YSPRKYKGPK,1567,True,10,
12533,VPPRAFGDKF,1567,True,10,
12534,YAPRSMLDEG,1567,True,10,
12535,INPREVHDQA,1567,True,10,
12536,FWPRGYIGVQ,1567,True,10,
12537,HYPRVAGINA,1567,True,10,
12538,LGPRSYWANK,1567,True,10,
12539,MLPRASHSTQ,1567,True,10,
12540,QVPRSWIVGI,1567,True,10,
12541,FHPYGFTVGK,1567,True,10,
12542,ERPRSHQSVQ,1567,True,10,
12543,GYPLPFMGTA,1567,True,10,
12544,VGPCVWARNR,1567,True,10,
12545,IRPRGYTASG,1567,True,10,
12546,CPPRPFWDWF,1567,True,10,
12547,ANPRSYLAGY,1567,True,10,
12548,ASPVAYWSGK,1567,True,10,
12549,DMPRSYIARW,1567,True,10,
12550,RCPRPWTASG,1567,True,10,
12551,VNPRNYRVHR,1567,True,10,
12552,WHPIPFWAEQ,1567,True,10,
12553,WHPYGYTASG,1567,True,10,
12554,YNPKNQMSQG,1567,True,10,
12555,TSPYGWQVRN,1567,True,10,
12556,RFPRPYWATR,1567,True,10,
12557,ELPGSYLGWA,1567,True,10,
12558,DHVRAVMSPY,1567,True,10,
12559,NNPRSWIGAY,1567,True,10,
12560,TDPRGYFGVS,1567,True,10,
12561,KFPRAYHGWY,1567,True,10,
12562,VYPCPSWVTG,1567,True,10,
12563,QGPRPYWNSI,1567,True,10,
12564,DAPRQYKGLG,1567,True,10,
12565,TQPRGYKGPI,1567,True,10,
12566,QGPRAYMGWA,1567,True,10,
12567,KHPRGDMVNS,1567,True,10,
12568,MGPYHWQDVG,1567,True,10,
12569,GYPRNSFAMY,1567,True,10,
12570,FRPRQYKVRS,1567,True,10,
12571,WGPAPFWSGT,1567,True,10,
12572,PTPRGYFSNT,1567,True,10,
12573,SHPRAYLSVY,1567,True,10,
12574,RQPRNYQGWG,1567,True,10,
12575,RVPRSWTSNI,1567,True,10,
12576,PGPRSWRSNH,1567,True,10,
12577,MWPKGVYAPK,1567,True,10,
12578,EQPRNYLASY,1567,True,10,
12579,VAPAGVQVLH,1567,True,10,
12580,IYPRGSWYTI,1567,True,10,
12581,HVPRQVMTGH,1567,True,10,
12582,KMWRAYFNWT,1567,True,10,
12583,PKPVGWQGWR,1567,True,10,
12584,SVPRQVIGQI,1567,True,10,
12585,PRPRGYHGHA,1567,True,10,
12586,RTPIELYGKQ,1567,True,10,
12587,RMPREVTGPT,1567,True,10,
12588,QGPWHVWGWS,1567,True,10,
12589,YWVRGVWAGY,1567,True,10,
12590,TRPLASQAPW,1567,True,10,
12591,LPRPKRTPLA,1567,True,10,
12592,RMPVGNHSRY,1567,True,10,
12593,PNPRSYLGTW,1567,True,10,
12594,KRPVPFWDKY,1567,True,10,
12595,AGPMHMWSVG,1567,True,10,
12596,LTPRGSWYMT,1567,True,10,
12597,RNWEHLWYHR,1567,True,10,
12598,RTPVGNMAVR,1567,True,10,
12599,HKPVSYAGNS,1567,True,10,
12600,WTVRGNWVEV,1567,True,10,
12601,FRPSAYFSNG,1567,True,10,
12602,MYPRGVHAGW,1567,True,10,
12603,QVPRAWIGRI,1567,True,10,
12604,WTPVQMFSRA,1567,True,10,
12605,RQWYGMRGVT,1567,True,10,
12606,ANPRGVHAWR,1567,True,10,
12607,VRPRQYRGMR,1567,True,10,
12608,PWPRGQANSQ,1567,True,10,
12609,WSPLWSKSHW,1567,True,10,
12610,RQPRNYIAIH,1567,True,10,
12611,VKPWAWHVKT,1567,True,10,
12612,TWPIWMKSGQ,1567,True,10,
12613,VNWPAYAGWT,1567,True,10,
12614,HNPHWMRSWI,1567,True,10,
12615,YLPRAYHGEK,1567,True,10,
12616,RIPRPVIATW,1567,True,10,
12617,YTPYAQRAHG,1567,True,10,
12618,NYPRAYIGVG,1567,True,10,
12619,CHPSWVMSPQ,1567,True,10,
12620,SYPLASQGTA,1567,True,10,
12621,PFPRAFKTPV,1567,True,10,
12622,GFPRSWYDNW,1567,True,10,
12623,VWPREQRSMT,1567,True,10,
12624,PSPRPFSDTI,1567,True,10,
12625,LQWYGMYAPY,1567,True,10,
12626,THPVAMYGWG,1567,True,10,
12627,TIPYGQTASG,1567,True,10,
12628,ANPQSWVSPV,1567,True,10,
12629,PHPRTYLGPQ,1567,True,10,
12630,LQPVPNPATT,1567,True,10,
12631,VHPKNQMSTI,1567,True,10,
12632,PSPRGVSAPI,1567,True,10,
12633,KYPRSYVGPI,1567,True,10,
12634,QAPKPQRFIW,1567,True,10,
12635,WPWRAYWQVG,1567,True,10,
12636,YAPRKYVGHG,1567,True,10,
12637,MLPRAITASG,1567,True,10,
12638,STPRAFYSGA,1567,True,10,
12639,DHPRGSTASG,1567,True,10,
12640,FRPRAYWAWI,1567,True,10,
12641,GFWTPRPLWD,1567,True,10,
12642,MGPKNSWAGW,1567,True,10,
12643,FAPRGYAGGW,1567,True,10,
12644,PGRPWRPFYA,1567,True,10,
12645,PAPRSGDVKW,1567,True,10,
12646,QTPRGQSYGQ,1567,True,10,
12647,QEPRSWRGTQ,1567,True,10,
12648,TVPKNQWGIK,1567,True,10,
12649,QDPRQVTASG,1567,True,10,
12650,WAPRGSTASG,1567,True,10,
12651,GAPRPVITAS,1567,True,10,
12652,PLPRGYTDGR,1567,True,10,
12653,VNPRAYYGVR,1567,True,10,
12654,AYPRAFQAGW,1567,True,10,
12655,HEVRAVYAGW,1567,True,10,
12656,AMGRAFTYMY,1567,True,10,
12657,HTARGMWSVG,1567,True,10,
12658,KHYPHGWNWR,1567,True,10,
12659,DFVHRALYLG,1567,True,10,
12660,RHPRQYTSVT,1567,True,10,
12661,TGPWPWVGAT,1567,True,10,
12662,MQPRTLYGKY,1567,True,10,
12663,SYPYGMRGQL,1567,True,10,
12664,FEPRPVMAQT,1567,True,10,
12665,VNPAGYTAGR,1567,True,10,
12666,PYPRLYTGQG,1567,True,10,
12667,RMPRQFRVGW,1567,True,10,
12668,YVPRAWTVHT,1567,True,10,
12669,PRPQGQKVTY,1567,True,10,
12670,PQPRYWRGEF,1567,True,10,
12671,YNPRSWRTSA,1567,True,10,
12672,KWCRPGMPVR,1567,True,10,
12673,AMPKNRMDGI,1567,True,10,
12674,NEPRPQWSQL,1567,True,10,
12675,WGPMGMKGQH,1567,True,10,
12676,KVPRAQFDNG,1567,True,10,
12677,KDPRNSWSEL,1567,True,10,
12678,MRPRSYIGKQ,1567,True,10,
12679,KQPRAYTASG,1567,True,10,
12680,WHPRGYHGIG,1567,True,10,
12681,DLPHCFADRG,1567,True,10,
12682,HLVRAHRSMK,1567,True,10,
12683,PTPRGQTEGL,1567,True,10,
12684,RYPRAFVSNW,1567,True,10,
12685,AYARPFWSIR,1567,True,10,
12686,PNPSWVWVGQ,1567,True,10,
12687,RSPRPFWGEG,1567,True,10,
12688,LVPRPYWAIY,1567,True,10,
12689,YPRSMRSYMS,1567,True,10,
12690,WVPRAVWSTA,1567,True,10,
12691,DKPRNYMGGT,1567,True,10,
12692,PKPVYYASNH,1567,True,10,
12693,YVPRAVRAQH,1567,True,10,
12694,FVPRQYHGNF,1567,True,10,
12695,LCPRGYWDPR,1567,True,10,
12696,CGPYAWRSVQ,1567,True,10,
12697,KCPRSWAGLG,1567,True,10,
12698,MHPMRWVGWV,1567,True,10,
12699,WVARQLYAPI,1567,True,10,
12700,HRPMGVYTAS,1567,True,10,
12701,LFPRAFWGEH,1567,True,10,
12702,HPVRAVHAHY,1567,True,10,
12703,FIPMWSQAQK,1567,True,10,
12704,YHPYSWRTIY,1567,True,10,
12705,RHRPKRPAPS,1567,True,10,
12706,HPPREVKAWV,1567,True,10,
12707,TYPRASMGPK,1567,True,10,
12708,PMEYIPYERQ,1567,True,10,
12709,PYPRPFSGAY,1567,True,10,
12710,QWPRTIWNHF,1567,True,10,
12711,SYPRAYYAVR,1567,True,10,
12712,AVPKWMHGTI,1567,True,10,
12713,SFPRGWTASG,1567,True,10,
12714,RGPYHWRAGF,1567,True,10,
12715,YHPVQFRTAS,1567,True,10,
12716,ANPLGFRWGF,1567,True,10,
12717,WFPRGASKNT,1567,True,10,
12718,HETRPRSFPR,1567,True,10,
12719,MVPRQVTASG,1567,True,10,
12720,STPRGNYSPI,1567,True,10,
12721,HYPRAHLGPW,1567,True,10,
12722,PRPTPNPLTK,1567,True,10,
12723,EVPRSWRGAS,1567,True,10,
12724,WDPRSWYNTH,1567,True,10,
12725,RNPHPGFPFQ,1567,True,10,
12726,PSPRYDTASG,1567,True,10,
12727,CHPRGYTASG,1567,True,10,
12728,HNPRPVHAWG,1567,True,10,
12729,GFPRNFWDHR,1567,True,10,
12730,NSPRKFYAQW,1567,True,10,
12731,YTPRAVMVAG,1567,True,10,
12732,PGLNYILQIT,1567,True,10,
12733,DAPRQYVGIY,1567,True,10,
12734,PLPRYWTASG,1567,True,10,
12735,SEVPRSTASG,1567,True,10,
12736,CRPRSWTASG,1567,True,10,
12737,PQPHGFYSEI,1567,True,10,
12738,AMPRQYWDHW,1567,True,10,
12739,TWPRDYTGAW,1567,True,10,
12740,KMPSGWTVAF,1567,True,10,
12741,RYPVAMYGWI,1567,True,10,
12742,PSPRYWQGVK,1567,True,10,
12743,APWQGMQGQV,1567,True,10,
12744,TYPSGWVGGW,1567,True,10,
12745,PLFWTPIASH,1567,True,10,
12746,YNPRAYTASG,1567,True,10,
12747,PQPRAFYSGR,1567,True,10,
12748,SQRPMRDVFT,1567,True,10,
12749,WPPRSYTGES,1567,True,10,
12750,VWPYGQQNFG,1567,True,10,
12751,GFPRTLMHQF,1567,True,10,
12752,HGPWSWSVQG,1567,True,10,
12753,HTVYWVRSGQ,1567,True,10,
12754,LSPRAVAYHG,1567,True,10,
12755,MTPRQVKNWV,1567,True,10,
12756,DRPYSWQAAT,1567,True,10,
12757,PLPWSWKAFY,1567,True,10,
12758,QAGRPQTVYT,1567,True,10,
12759,PAPRDLYAMI,1567,True,10,
12760,VQPRTLVANA,1567,True,10,
12761,FRPSHWTASG,1567,True,10,
12762,SKPRGSTASG,1567,True,10,
12763,DMPSAQYGPR,1567,True,10,
12764,DVPRGVASAT,1567,True,10,
12765,EYPGWRMYGW,1567,True,10,
12766,WPRPRRPIFD,1567,True,10,
12767,RTPVANTASG,1567,True,10,
12768,GHVRGVHDLY,1567,True,10,
12769,HPWRAFHDHY,1567,True,10,
12770,LTPMGMHSWV,1567,True,10,
12771,FTPRQWRSTH,1567,True,10,
12772,KNPKWVMGQQ,1567,True,10,
12773,VGPHPWPVIV,1567,True,10,
12774,PIPRSYLAIH,1567,True,10,
12775,CMPRAYHGHK,1567,True,10,
12776,MEPARFWSGK,1567,True,10,
12777,ITVRSVYAWQ,1567,True,10,
12778,NQPVPFWSPA,1567,True,10,
12779,RPPRGSWVNG,1567,True,10,
12780,MRPRQYLDGH,1567,True,10,
12781,LVPRAVTASG,1567,True,10,
12782,HVPRSWRDEH,1567,True,10,
12783,VYPKGQHVRT,1567,True,10,
12784,INPEAYHGQA,1567,True,10,
12785,GVPRYWWGNY,1567,True,10,
12786,NRPRSYTYTG,1567,True,10,
12787,ANCGPYMSGQ,1567,True,10,
12788,FDPYGMHAWK,1567,True,10,
12789,CVPRGVMVWY,1567,True,10,
12790,KMPSGWTASG,1567,True,10,
12791,PKPRNVIVAR,1567,True,10,
12792,RTPSHWIANA,1567,True,10,
12793,RAPLHWIAQA,1567,True,10,
12794,RPVYNQYGIR,1567,True,10,
12795,HPPRSWTASG,1567,True,10,
12796,GHPRSWQSVS,1567,True,10,
12797,WYPRAYINAR,1567,True,10,
12798,HPWQALWGPR,1567,True,10,
12799,HGPRSYWSTL,1567,True,10,
12800,GRPRSYTNKF,2606,True,10,
12801,PGPMPFWAKG,2606,True,10,
12802,QAPRAFHSMI,2606,True,10,
12803,QPPHAFKGPV,2606,True,10,
12804,LPPLSYKGNK,2606,True,10,
12805,VPPYGMWTGY,2606,True,10,
12806,EAPSAYTASG,2606,True,10,
12807,LPPLGFHSPQ,2606,True,10,
12808,TVPVPFYSPG,2606,True,10,
12809,IPPYHMWSPA,2606,True,10,
12810,RPPAGSFSQR,2606,True,10,
12811,VPPEAIYSNA,2606,True,10,
12812,HPPSGFLGPQ,2606,True,10,
12813,GSPRQYRGTK,2606,True,10,
12814,PRPRAYLGNR,2606,True,10,
12815,TPPSGFSAEV,2606,True,10,
12816,PAPGPMWGNS,2606,True,10,
12817,PVPSGFYVRQ,2606,True,10,
12818,RLPVAYHSPF,2606,True,10,
12819,RPPRQFIAGF,2606,True,10,
12820,GTPYGQTASG,2606,True,10,
12821,RGPYMYRGQI,2606,True,10,
12822,RAPEPMHAPH,2606,True,10,
12823,GAPLPFWANY,2606,True,10,
12824,IMPAGFTASG,2606,True,10,
12825,PGPYHYLGQG,2606,True,10,
12826,RTVLGLWSMW,2606,True,10,
12827,QPPSGWTASG,2606,True,10,
12828,YVPSGWTASG,2606,True,10,
12829,GMPLGFHSPY,2606,True,10,
12830,TAPSMIYGAY,2606,True,10,
12831,RAPLPSMNGF,2606,True,10,
12832,IGPQGMHGVA,2606,True,10,
12833,GVPRPFWSTQ,2606,True,10,
12834,MPETMYPLVQ,2606,True,10,
12835,MVPSAYMGRG,2606,True,10,
12836,RPPHAFISGI,2606,True,10,
12837,KMPYGMYVLR,2606,True,10,
12838,SGPLGYTATA,2606,True,10,
12839,RVPSGMHSVY,2606,True,10,
12840,RAPSAFYGTR,2606,True,10,
12841,GPPLGFHYIG,2606,True,10,
12842,GRPSPFWAPS,2606,True,10,
12843,RIPTAFHSRW,2606,True,10,
12844,KGPSGWTASG,2606,True,10,
12845,VHPQGMHGIT,2606,True,10,
12846,ALPRAYIGAH,2606,True,10,
12847,PAPNAFYAPQ,2606,True,10,
12848,PLPTGFQSPV,2606,True,10,
12849,NAPNPFWSWY,2606,True,10,
12850,RPAQGLYSPA,2606,True,10,
12851,AMAWGIWAGF,2606,True,10,
12852,FPPLGFHGPL,2606,True,10,
12853,QNPSGFQATY,2606,True,10,
12854,SVPSAYFAGG,2606,True,10,
12855,VGPQGMHVTS,2606,True,10,
12856,GAPYGFRGRG,2606,True,10,
12857,AMPLGFHKGH,2606,True,10,
12858,RPAQGMHAEI,2606,True,10,
12859,GTPLGFYTAS,2606,True,10,
12860,CMPSGWTASG,2606,True,10,
12861,GRPRTLTSAS,2606,True,10,
12862,TMPGPMWGSQ,2606,True,10,
12863,APPYAFTASG,2606,True,10,
12864,HPPLGFRSMY,2606,True,10,
12865,PQGPRLMGHI,2606,True,10,
12866,FRPLGFYGAG,2606,True,10,
12867,NVPSGMHYTY,2606,True,10,
12868,WRPAQYRSPQ,2606,True,10,
12869,GTPLNFYGSA,2606,True,10,
12870,GPPSGFQAWF,2606,True,10,
12871,RTPIGFLQAG,2606,True,10,
12872,GPPSGMLYPQ,2606,True,10,
12873,LHPSAYLAMY,2606,True,10,
12874,ITPSGWTASG,2606,True,10,
12875,WPVWGIYSVG,2606,True,10,
12876,IPPLGFYTQS,2606,True,10,
12877,VPPEPMHGPA,2606,True,10,
12878,SPPAGVPDRL,2606,True,10,
12879,IPPAGFTGIR,2606,True,10,
12880,RPPSSWTASG,2606,True,10,
12881,RQPWAFSGIY,2606,True,10,
12882,IGPWFMHGAH,2606,True,10,
12883,TPPFGFRGEI,2606,True,10,
12884,RAPLHVFANR,2606,True,10,
12885,GVPRAFTGPG,2606,True,10,
12886,GPPLGFQGQG,2606,True,10,
12887,YVPRQVRGKY,2606,True,10,
12888,GVPSGFTASG,2606,True,10,
12889,RYPAPMWSGH,2606,True,10,
12890,RFPLGFWSQS,2606,True,10,
12891,MEPFGMWSPS,2606,True,10,
12892,NRPSPFWSGY,2606,True,10,
12893,RVPSPFIATI,2606,True,10,
12894,QGPWGWTSMV,2606,True,10,
12895,RAPSWIYGPH,2606,True,10,
12896,PSPIGLWSEL,2606,True,10,
12897,KNPLGQIGLF,2606,True,10,
12898,AGPRAFSAHV,2606,True,10,
12899,PRPRQYIGLW,2606,True,10,
12900,TVPWAWSGWM,2606,True,10,
12901,WAPRPFWGQY,2606,True,10,
12902,PAPLGFTSPR,2606,True,10,
12903,MRPSPFTASG,2606,True,10,
12904,SPPLGFRGHA,2606,True,10,
12905,PRVAPFWAPG,2606,True,10,
12906,GRPAGFRSGY,2606,True,10,
12907,GNPSGWTASG,2606,True,10,
12908,RNPAPFWVPQ,2606,True,10,
12909,RQPRSYLSAI,2606,True,10,
12910,SAPLGFRSQT,2606,True,10,
12911,YMPSGWTASG,2606,True,10,
12912,WPNPIRGPFL,2606,True,10,
12913,RHPSPFWSGF,2606,True,10,
12914,RAPHSMWGYF,2606,True,10,
12915,PGPSAYFAPF,2606,True,10,
12916,RPPSAFWSHI,2606,True,10,
12917,GRPHGFWSVT,2606,True,10,
12918,TGPYSYSVPQ,2606,True,10,
12919,VRPSGWTATY,2606,True,10,
12920,HPPFGLHSMQ,2606,True,10,
12921,YGPSGFMYQH,2606,True,10,
12922,KPPSGFTASG,2606,True,10,
12923,QRPAGVHGGY,2606,True,10,
12924,RVPVGMHSES,2606,True,10,
12925,PAPRAYHGTA,2606,True,10,
12926,PAPGSFSANG,2606,True,10,
12927,AVPVAYLPAQ,2606,True,10,
12928,GPPLGFTASG,2606,True,10,
12929,GPPSGFHSGH,2606,True,10,
12930,RMPSGVMAST,2606,True,10,
12931,RVPSGFHANA,2606,True,10,
12932,KPPSGWMSEQ,2606,True,10,
12933,STPSGMYATS,2606,True,10,
12934,PGPYSWQGVT,2606,True,10,
12935,GPPSNMHSPH,2606,True,10,
12936,RVPSAFHSMV,2606,True,10,
12937,IGPQGMHGNI,2606,True,10,
12938,SPPLGFRANW,2606,True,10,
12939,RMPSGFYSPA,2606,True,10,
12940,PAPRSYTGST,2606,True,10,
12941,GAPLGFTASG,2606,True,10,
12942,GADPIGSPKG,2606,True,10,
12943,HAPRGFHSVA,2606,True,10,
12944,KVPSTMASLH,2606,True,10,
12945,CPPSGMTSAS,2606,True,10,
12946,PPPSSWQGNG,2606,True,10,
12947,GAPSGWTASG,2606,True,10,
12948,PVPSGWTASG,2606,True,10,
12949,ASPLDVISIV,2606,True,10,
12950,GMPSGFTASG,2606,True,10,
12951,EPPYGMHVMY,2606,True,10,
12952,RPPLPFWAPL,2606,True,10,
12953,RGLWQMSGHS,2606,True,10,
12954,GQPMAFSGAG,2606,True,10,
12955,RMPLGFHNPF,2606,True,10,
12956,GVPRGVRAPG,2606,True,10,
12957,TQPGSFLSIS,2606,True,10,
12958,NAPSAFYGVG,2606,True,10,
12959,PGPEPMWAWA,2606,True,10,
12960,NVPSGFHSGI,2606,True,10,
12961,GLPYGFWSYF,2606,True,10,
12962,IGPQPMWGHG,2606,True,10,
12963,AKPSGWTASG,2606,True,10,
12964,RMPVGFWSQR,2606,True,10,
12965,FLPRAFYAGH,2606,True,10,
12966,GPPSPFWAPS,2606,True,10,
12967,MPPWGVTASG,2606,True,10,
12968,GGPRTLISAT,2606,True,10,
12969,IMPSGWTASG,2606,True,10,
12970,GYPVELRGWV,2606,True,10,
12971,QPPSGWTASG,2606,True,10,
12972,ARPGAYTNGR,2606,True,10,
12973,GMPSAFLGTA,2606,True,10,
12974,PLPRAFISGF,2606,True,10,
12975,HPPSGFRGLA,2606,True,10,
12976,LMPRQYRAMA,2606,True,10,
12977,VAPRGVIGRW,2606,True,10,
12978,PQPSPFSAMS,2606,True,10,
12979,IAPSSWQASL,2606,True,10,
12980,HPPAGFTGPR,2606,True,10,
12981,TVPYAMWNVL,2606,True,10,
12982,PRPSAFMGEA,2606,True,10,
12983,SGPYGMWVTA,2606,True,10,
12984,VPPSAYTASG,2606,True,10,
12985,MGPWGMHSPT,2606,True,10,
12986,QHPSGWFAEL,2606,True,10,
12987,PRPAQMWNAQ,2606,True,10,
12988,GKPSGWTSTA,2606,True,10,
12989,YAPRPFLSEF,2606,True,10,
12990,YVPRPFWAVL,2606,True,10,
12991,GVPSGVTASG,2606,True,10,
12992,SGPSGFFATA,2606,True,10,
12993,SVPSGWTASG,2606,True,10,
12994,GPPAPFWGVA,2606,True,10,
12995,GAPLGFRSMQ,2606,True,10,
12996,LPPLAFISHG,2606,True,10,
12997,PGPSGFWGGV,2606,True,10,
12998,GRPSGWTSIF,2606,True,10,
12999,PRPAGVRGWT,2606,True,10,
13000,KPPSGRNMDI,2606,True,10,
13001,GAPAGVFSEQ,2606,True,10,
13002,GPPSGWMSVG,2606,True,10,
13003,RYPSVWSAGY,2606,True,10,
13004,TPPVSFRGRS,2606,True,10,
13005,IWPAGERSYG,2606,True,10,
13006,GSPLGFRGPA,2606,True,10,
13007,GSPLGLFTAS,2606,True,10,
13008,WAPASVFAMT,2606,True,10,
13009,GLPRAFVSHY,2606,True,10,
13010,KGPSGWTASG,2606,True,10,
13011,CRPMGMFSTG,2606,True,10,
13012,SGPSGFIGTA,2606,True,10,
13013,HMPSGYTSIR,2606,True,10,
13014,IQPSGWTSWG,2606,True,10,
13015,TPPRPFLAGI,2606,True,10,
13016,VPPRGFLGPY,2606,True,10,
13017,RCPLGFVSMA,2606,True,10,
13018,GGPSAFTASG,2606,True,10,
13019,GPPSAFRGPV,2606,True,10,
13020,GAPLGFSNGH,2606,True,10,
13021,KAPAGMHNPA,2606,True,10,
13022,TQPHGFQSMV,2606,True,10,
13023,GPPSGWTSGL,2606,True,10,
13024,MVPSGFRSVY,2606,True,10,
13025,YRPLGYTASG,2606,True,10,
13026,SRPLAYWGPA,2606,True,10,
13027,GAPSAYTNPW,2606,True,10,
13028,CGPWGVTASG,2606,True,10,
13029,SPPRPFWSNV,2606,True,10,
13030,PVPSGWTASG,2606,True,10,
13031,IRPAQVYASG,2606,True,10,
13032,LGVFSFRGRT,2606,True,10,
13033,RPPSAFTASG,2606,True,10,
13034,RGPSGFRVMW,2606,True,10,
13035,PGPSGWTASG,2606,True,10,
13036,PAPLGYTASG,2606,True,10,
13037,ISPMGMYGPG,2606,True,10,
13038,LPPLGFHVQT,2606,True,10,
13039,IRPSAYAGPF,2606,True,10,
13040,GPAQAFYGPS,2606,True,10,
13041,TAPSGWTASG,2606,True,10,
13042,GSPYGMTASG,2606,True,10,
13043,VPPSGFWAPQ,2606,True,10,
13044,VMPSGWISVF,2606,True,10,
13045,HPPSGFTASG,2606,True,10,
13046,YGPSGFISGA,2606,True,10,
13047,FGPYGMFYMG,2606,True,10,
13048,MRPSAMYSWS,2606,True,10,
13049,GVPSAFWGQT,2606,True,10,
13050,GRPSPFWAPR,2606,True,10,
13051,APPWGVAGNG,2606,True,10,
13052,GRVMGVYAGG,2606,True,10,
13053,GGPSGMLSNL,2606,True,10,
13054,RLPRPYHSLG,2606,True,10,
13055,KAPAHFSGPH,2606,True,10,
13056,FVPSGFTASG,2606,True,10,
13057,VPPSGFTASG,2606,True,10,
13058,GMPSGWTASG,2606,True,10,
13059,TGPWGMVYMA,2606,True,10,
13060,PAPSGWTASG,2606,True,10,
13061,RHPSGFTASG,2606,True,10,
13062,MYPSGFQATS,2606,True,10,
13063,ATPESMWGAV,2606,True,10,
13064,GRPAGFTASG,2606,True,10,
13065,GRPFGMTASG,2606,True,10,
13066,GPPSGFSATR,2606,True,10,
13067,RPPFSYFAGH,2606,True,10,
13068,TPPMGFIAHV,2606,True,10,
13069,GRPHAFHAPS,2606,True,10,
13070,RGPYAFQSTV,2606,True,10,
13071,GMPYGFQSPF,2606,True,10,
13072,GVPSGWTSGK,2606,True,10,
13073,IGPSGFTASG,2606,True,10,
13074,LMPLGYTASG,2606,True,10,
13075,KMPSGFTASG,2606,True,10,
13076,KPPSGSTSPY,2606,True,10,
13077,AVPHMLYAIS,2606,True,10,
13078,RVPRGVTASG,2606,True,10,
13079,PVPSGFTASG,2606,True,10,
13080,GRPGPMWATG,2606,True,10,
13081,VTPYGMHSMY,2606,True,10,
13082,RPPSAFYGQR,2606,True,10,
13083,RGPYMIRNGH,2606,True,10,
13084,AGPGPMWYAG,2606,True,10,
13085,VGPQGVLSEA,2606,True,10,
13086,AMPWAVFSAQ,2606,True,10,
13087,AGPSGYTASG,2606,True,10,
13088,LPPLGFIAPG,2606,True,10,
13089,AEPYGMHYGH,2606,True,10,
13090,MRPSPFWAVF,2606,True,10,
13091,GPPRAYTGKG,2606,True,10,
13092,NPPSGFTASG,2606,True,10,
13093,GPPISFLSGI,2606,True,10,
13094,KRPAGVTASG,2606,True,10,
13095,YTPLGQIGSI,2606,True,10,
13096,RAPLHMINPS,2606,True,10,
13097,PRPEPFIAPQ,2606,True,10,
13098,GVPSGVMSGY,2606,True,10,
13099,PMPLGFRTGA,2606,True,10,
13100,FTPYGMYGKR,2606,True,10,
13101,GPPESFTASG,2606,True,10,
13102,SQPHAFHSTG,2606,True,10,
13103,AVPRAWYVIK,2606,True,10,
13104,MIPRPYMGMI,2606,True,10,
13105,FAPSSYSAQS,2606,True,10,
13106,GHPAGFYAPT,2606,True,10,
13107,QRPSPFWAPV,2606,True,10,
13108,TVPYSWQGQL,2606,True,10,
13109,RGPYAVRANY,2606,True,10,
13110,VGPSGFQYSG,2606,True,10,
13111,GAPRSLWSGH,2606,True,10,
13112,ALPFMYWAGL,2606,True,10,
13113,MPVYGMWGQV,2606,True,10,
13114,VPPEPMHAGV,2606,True,10,
13115,RPPHAFYSNI,2606,True,10,
13116,RPPHGFHSTS,2606,True,10,
13117,CMPFGMHGAY,2606,True,10,
13118,GAPAGVTASG,2606,True,10,
13119,SGPFGMRNTA,2606,True,10,
13120,HPPSGFWSAV,2606,True,10,
13121,PMPLGFVAMR,2606,True,10,
13122,HWPSGFQSMI,2606,True,10,
13123,APPHAFIGQY,2606,True,10,
13124,YAPSGFMSGR,2606,True,10,
13125,AYPSGFHQKS,2606,True,10,
13126,VGPRAFVAGK,2606,True,10,
13127,NPPVSMRGQF,2606,True,10,
13128,MIPSGVHAMY,2606,True,10,
13129,VAPDQVHGNY,2606,True,10,
13130,ELPAGFTASG,2606,True,10,
13131,VAPSGFKAPG,2606,True,10,
13132,TPPNAFLSKH,2606,True,10,
13133,IVPRAYTGPG,2606,True,10,
13134,RAPASLFYLG,2606,True,10,
13135,QMPLGYTASG,2606,True,10,
13136,QRPRQYLSAI,2606,True,10,
13137,PLGTPRTASG,2606,True,10,
13138,QAPLGFHAHR,2606,True,10,
13139,MPPLGFWMQY,2606,True,10,
13140,VPPEPMWGHA,2606,True,10,
13141,LMPSGFWSEV,2606,True,10,
13142,MVPSGFHSWF,2606,True,10,
13143,AVPSGWTASG,2606,True,10,
13144,QFPRPYLSWG,2606,True,10,
13145,EPPFGFRSGI,2606,True,10,
13146,RPPLGFTGEG,2606,True,10,
13147,VPPEPFWANY,2606,True,10,
13148,QAPRGSTASG,2606,True,10,
13149,ARPSGWYGPA,2606,True,10,
13150,WRPTGLYSQV,2606,True,10,
13151,RTPLGFTASG,2606,True,10,
13152,VRPAPFWALG,2606,True,10,
13153,GVPSGWTASG,2606,True,10,
13154,YRPSGPTASG,2606,True,10,
13155,VKPVGVTASG,2606,True,10,
13156,IGPYPWWGQY,2606,True,10,
13157,NRPAEVRALA,2606,True,10,
13158,VPPRPFLASF,2606,True,10,
13159,PRPSAYTASG,2606,True,10,
13160,VPPEAIKSHS,2606,True,10,
13161,RAPASMHSVY,2606,True,10,
13162,MAPHGFYGQR,2606,True,10,
13163,RGPIPFWSHS,2606,True,10,
13164,PAPRSYRAPW,2606,True,10,
13165,MPPWGQTASG,2606,True,10,
13166,RIPYGFRSPH,2606,True,10,
13167,TRPVGFRSCA,2606,True,10,
13168,HRPSGWTASG,2606,True,10,
13169,VGPYPFWGHY,2606,True,10,
13170,APPYAYLNRS,2606,True,10,
13171,MPPRSYFAPY,2606,True,10,
13172,MRPAQFHGNG,2606,True,10,
13173,GLPMNFHSGV,2606,True,10,
13174,APPYGFSAQR,2606,True,10,
13175,PPPYAYQGPL,2606,True,10,
13176,IRPMAYQGNS,2606,True,10,
13177,PKPAQVRGPF,2606,True,10,
13178,IAPRAYRSGN,2606,True,10,
13179,VGPWGWQVLR,2606,True,10,
13180,RHPHPFWSAG,2606,True,10,
13181,IGPAHWRGHV,2606,True,10,
13182,NAPSAFYVHW,2606,True,10,
13183,PLPYGFTASG,2606,True,10,
13184,PAPGPFNARF,2606,True,10,
13185,PGPQGMHQGQ,2606,True,10,
13186,PIPFHLYATV,2606,True,10,
13187,QPPMAFHSPF,2606,True,10,
13188,SPPVSFRGFA,2606,True,10,
13189,RLPVPFWSIA,2606,True,10,
13190,GPPHAFRTAS,2606,True,10,
13191,CAPSAFTASG,2606,True,10,
13192,PGPAPMWNPI,2606,True,10,
13193,SPPMGVRTAS,2606,True,10,
13194,RPPSAFISGI,2606,True,10,
13195,MVPSGFTASG,2606,True,10,
13196,GRPAGMYTAS,2606,True,10,
13197,SPPLGITGTF,2606,True,10,
13198,GRPSPFWAEH,2606,True,10,
13199,TWPLGFYSPG,2606,True,10,
13200,EPPSWIMNMG,10238,True,10,
13201,IGPVLLHSQG,10238,True,10,
13202,STPLGQINRV,10238,True,10,
13203,GTPLGQIGLG,10238,True,10,
13204,WLPTGLFGRT,10238,True,10,
13205,NTPVELWSPG,10238,True,10,
13206,IGPQGMRGTG,10238,True,10,
13207,EPPRGQSPLA,10238,True,10,
13208,VSPVWMRGPF,10238,True,10,
13209,QGPGFMWNSR,10238,True,10,
13210,YQPRPLMGAY,10238,True,10,
13211,SDPLGVQGQR,10238,True,10,
13212,LRPLGQIGLT,10238,True,10,
13213,GEPSGVYGAF,10238,True,10,
13214,GHPQGMRGMY,10238,True,10,
13215,THPIPIYNRQ,10238,True,10,
13216,LHPSGWTGSG,10238,True,10,
13217,GDPYGMRGET,10238,True,10,
13218,NQPRSMLGLR,10238,True,10,
13219,WGPSGLINGQ,10238,True,10,
13220,TNPVNMWGST,10238,True,10,
13221,GDPRSLFGRF,10238,True,10,
13222,HYPSWSMGNK,10238,True,10,
13223,TSPRLYLGAQ,10238,True,10,
13224,TPPLGQSGLA,10238,True,10,
13225,GAPLGIFNLG,10238,True,10,
13226,PHPYGQVGAL,10238,True,10,
13227,GQPSWIFGAG,10238,True,10,
13228,MTPSWLFGSY,10238,True,10,
13229,YQPIPIYGNG,10238,True,10,
13230,WQPSGWTGQW,10238,True,10,
13231,KFPQGMRNPL,10238,True,10,
13232,PVPRYLTGRS,10238,True,10,
13233,CDPRGMKGQG,10238,True,10,
13234,GTPRQLFGLG,10238,True,10,
13235,DCPRPLWGVL,10238,True,10,
13236,TLPYHLYGLT,10238,True,10,
13237,QDPVGLYGEQ,10238,True,10,
13238,VIPTGFTASG,10238,True,10,
13239,ADPSGIRGTV,10238,True,10,
13240,GEPQGMRNPA,10238,True,10,
13241,HLPTALHGML,10238,True,10,
13242,HDPYGMLGTA,10238,True,10,
13243,GWPLGLSNTW,10238,True,10,
13244,TNPVNMYGTI,10238,True,10,
13245,TWPAWLWGTR,10238,True,10,
13246,CSPMSDPNVL,10238,True,10,
13247,MTPSGVHNGF,10238,True,10,
13248,VYPGAMHGPH,10238,True,10,
13249,TWPVGLHNPL,10238,True,10,
13250,QWPRPLSGAV,10238,True,10,
13251,DYPSGLWGSK,10238,True,10,
13252,MHPVNMHGQG,10238,True,10,
13253,VYPTGFHNAR,10238,True,10,
13254,KPPKGQMNTF,10238,True,10,
13255,ELPAHWIGPV,10238,True,10,
13256,WLPVSMYGQH,10238,True,10,
13257,SAPIHQHSPW,10238,True,10,
13258,GRPLGQITAS,10238,True,10,
13259,KMPSGVFGGR,10238,True,10,
13260,DAPAGVFNHG,10238,True,10,
13261,GPPLGIRNQV,10238,True,10,
13262,GPPLMQIGEI,10238,True,10,
13263,WNPSGWISTQ,10238,True,10,
13264,RNPAGMRGVG,10238,True,10,
13265,LVPVWMAGAY,10238,True,10,
13266,GEPSGMRGEK,10238,True,10,
13267,SRPLNLSNAY,10238,True,10,
13268,NQPRAYTGIR,10238,True,10,
13269,DMPINMLGAW,10238,True,10,
13270,TFPLGITGPK,10238,True,10,
13271,FDPIGLYNIS,10238,True,10,
13272,WDPAGMIGHL,10238,True,10,
13273,GSPLGVYNLF,10238,True,10,
13274,GWVGHLYGQI,10238,True,10,
13275,GRPLGITASG,10238,True,10,
13276,HFPVGLTNET,10238,True,10,
13277,SVPSGWTASG,10238,True,10,
13278,RLPAGMYNVG,10238,True,10,
13279,QNPSGWTGPV,10238,True,10,
13280,GDPLGIFNQR,10238,True,10,
13281,RVPLMMWGHG,10238,True,10,
13282,TVPSWNWNQV,10238,True,10,
13283,TWPVGLGGQT,10238,True,10,
13284,GSPLSWRNWT,10238,True,10,
13285,FMPDQVRGSA,10238,True,10,
13286,RYPRGLHGHW,10238,True,10,
13287,LWPVHMYSWG,10238,True,10,
13288,FIPTGLSGPQ,10238,True,10,
13289,QTPGWLQGTG,10238,True,10,
13290,EQPSWIHGTG,10238,True,10,
13291,GQPVNMWGPW,10238,True,10,
13292,PMPLGIFNVS,10238,True,10,
13293,INPAWMRGWG,10238,True,10,
13294,PDPVGMRGLH,10238,True,10,
13295,TLPVHMTGLW,10238,True,10,
13296,HMPLGQSNPQ,10238,True,10,
13297,TGPSGWTASG,10238,True,10,
13298,STPYGLYGQA,10238,True,10,
13299,MKPDQLYGWL,10238,True,10,
13300,WGPSGWTASG,10238,True,10,
13301,GTPRSLFGLW,10238,True,10,
13302,KTPAGMWNWV,10238,True,10,
13303,DVPRWSQSGV,10238,True,10,
13304,GFPSGWTASG,10238,True,10,
13305,DGPASMRGPK,10238,True,10,
13306,TQPIHMHNQG,10238,True,10,
13307,MYPAGVRGPR,10238,True,10,
13308,GDPFGMRNPR,10238,True,10,
13309,HRPLGQTGQY,10238,True,10,
13310,VSPLGLSGNI,10238,True,10,
13311,LSPLGIYNGI,10238,True,10,
13312,GYPQGVLGSR,10238,True,10,
13313,PDPQGMRNGF,10238,True,10,
13314,QVEVPSGYGT,10238,True,10,
13315,GAPRSLFGAT,10238,True,10,
13316,YPVSGLIGWS,10238,True,10,
13317,TFPYGMTGTA,10238,True,10,
13318,LDPTGMYGVS,10238,True,10,
13319,PGPAPFWGVG,10238,True,10,
13320,MRPAQMIGWL,10238,True,10,
13321,VAPINILGPH,10238,True,10,
13322,QSPLGIWGKH,10238,True,10,
13323,LRPAQMLGAF,10238,True,10,
13324,TYPKGYTNQT,10238,True,10,
13325,NGPYGLRGIH,10238,True,10,
13326,HAPLGMWNLY,10238,True,10,
13327,LDPLGQIGPQ,10238,True,10,
13328,PTPRNILGLR,10238,True,10,
13329,TDPFGMRGQG,10238,True,10,
13330,QIPVPFYSGQ,10238,True,10,
13331,SYPTGLRGVH,10238,True,10,
13332,YDPSGWTAPA,10238,True,10,
13333,MQPVNMYGHA,10238,True,10,
13334,DAPLGILNPG,10238,True,10,
13335,GMPRSMIGSI,10238,True,10,
13336,GRPVYLRGQT,10238,True,10,
13337,MWPRFLVGPI,10238,True,10,
13338,TNPIELYGVR,10238,True,10,
13339,MTPRSLQGMR,10238,True,10,
13340,STPVELRGNT,10238,True,10,
13341,WHPAGMRNEG,10238,True,10,
13342,GTPSWILGVR,10238,True,10,
13343,CRPGHLVGSR,10238,True,10,
13344,DLPAGWSGNG,10238,True,10,
13345,PIPAGMWNVS,10238,True,10,
13346,MNPAGMKNSF,10238,True,10,
13347,DWPAGMKGNH,10238,True,10,
13348,LSPVSWRGNW,10238,True,10,
13349,TNPIHIYGQH,10238,True,10,
13350,TPSQGMKGQH,10238,True,10,
13351,ALPLAVMALQ,10238,True,10,
13352,QAPRGSAGPG,10238,True,10,
13353,GFPRPVMGTQ,10238,True,10,
13354,KWPRQYMNIT,10238,True,10,
13355,EMPRPQSDEF,10238,True,10,
13356,QDPNWMRGLG,10238,True,10,
13357,SQPVNLMGPH,10238,True,10,
13358,FNPRSLYGGV,10238,True,10,
13359,VQPVPMSNLA,10238,True,10,
13360,PYVKGLTAHW,10238,True,10,
13361,TQPRSWAGNG,10238,True,10,
13362,LSPRYWRGWA,10238,True,10,
13363,YFPGWLSGMV,10238,True,10,
13364,GQPAHMLGQR,10238,True,10,
13365,GDPQGMRNLY,10238,True,10,
13366,GQPSGFAGWG,10238,True,10,
13367,VYPSGLINPI,10238,True,10,
13368,GRPQGVTGVR,10238,True,10,
13369,HQPVPMYNPG,10238,True,10,
13370,PIPTGLSGQH,10238,True,10,
13371,DRPSGWTGQS,10238,True,10,
13372,VDPVGMRGPW,10238,True,10,
13373,DGPYHLWGQS,10238,True,10,
13374,DPPAGVFGHG,10238,True,10,
13375,GHLAHLAGQQ,10238,True,10,
13376,YSPRVLTGQG,10238,True,10,
13377,NTPKGVFAQT,10238,True,10,
13378,HAPAGVMGTI,10238,True,10,
13379,GDPYGMTGEK,10238,True,10,
13380,GNPQGMRGQR,10238,True,10,
13381,GTPVWLWGLV,10238,True,10,
13382,LEPAGMHNIY,10238,True,10,
13383,GVPRQVLTAS,10238,True,10,
13384,GQPVHMLGWA,10238,True,10,
13385,MPPQWMWGWG,10238,True,10,
13386,PDPMGMRGWT,10238,True,10,
13387,RVPTGLTASG,10238,True,10,
13388,YMPQGVMGAF,10238,True,10,
13389,ELPHGFYGLY,10238,True,10,
13390,QGPIPIHGSV,10238,True,10,
13391,RDPAGVLGPQ,10238,True,10,
13392,HYTQGLYNHA,10238,True,10,
13393,GDPLGIHNGQ,10238,True,10,
13394,QKPVGLTGEW,10238,True,10,
13395,YSPVGMHGTG,10238,True,10,
13396,GSPLSWRGQA,10238,True,10,
13397,RQPVPMLNDV,10238,True,10,
13398,KGPSGFLNQW,10238,True,10,
13399,YLPRAVQGTS,10238,True,10,
13400,GDPLGYINWF,10238,True,10,
13401,WDPMGMRNWG,10238,True,10,
13402,NQPVGMTGPG,10238,True,10,
13403,RTPLGQIGHF,10238,True,10,
13404,VGPQFLWGSV,10238,True,10,
13405,YSPYGMRGNY,10238,True,10,
13406,DQPSGWTGQA,10238,True,10,
13407,QSPVWMIGWS,10238,True,10,
13408,ASPVAFQGPW,10238,True,10,
13409,ALPSHWTGLG,10238,True,10,
13410,YTPSGLNGPY,10238,True,10,
13411,GEPAGVRGPW,10238,True,10,
13412,VGPAFLWGPW,10238,True,10,
13413,GYPGWMRNSF,10238,True,10,
13414,GHPSGWTASG,10238,True,10,
13415,STPYGQSYHQ,10238,True,10,
13416,NVPVPMWNMK,10238,True,10,
13417,TNPSWIYGPF,10238,True,10,
13418,GEPQGVTGTA,10238,True,10,
13419,KAPLHWIGWI,10238,True,10,
13420,DWPAGMRGNH,10238,True,10,
13421,GTPRGQVTAS,10238,True,10,
13422,TDPTGMRNNY,10238,True,10,
13423,PQPVGMTGWA,10238,True,10,
13424,STVRGMTGSQ,10238,True,10,
13425,TRPAGVQGAT,10238,True,10,
13426,GQPSWPYGLG,10238,True,10,
13427,FNPLGQIGPG,10238,True,10,
13428,GSPLSWYTPL,10238,True,10,
13429,RCLTGLKGLS,10238,True,10,
13430,YSPSGWTAGV,10238,True,10,
13431,DWPVELWGPS,10238,True,10,
13432,GPWMGLYTLQ,10238,True,10,
13433,GSPIGMHNLG,10238,True,10,
13434,GMPRYMKGSF,10238,True,10,
13435,KNPAWMRGVQ,10238,True,10,
13436,IQPSGWTASG,10238,True,10,
13437,FNPIHIFSQG,10238,True,10,
13438,VYPSGLFAGR,10238,True,10,
13439,ENPLGQIGWT,10238,True,10,
13440,HQPVPMWGQY,10238,True,10,
13441,NSPVWMTGPS,10238,True,10,
13442,DNPVNMYGQV,10238,True,10,
13443,PEPLGSMDMT,10238,True,10,
13444,GIPTAMRNIG,10238,True,10,
13445,PVPTGLTGQR,10238,True,10,
13446,PYPRAFDGPQ,10238,True,10,
13447,TLPHSLYNQL,10238,True,10,
13448,LAPAGVAGQA,10238,True,10,
13449,DVPSWVQSTF,10238,True,10,
13450,PEPVGMYQET,10238,True,10,
13451,MSPLQYWGQR,10238,True,10,
13452,SVPSTLQGPV,10238,True,10,
13453,AGPQGMGNIG,10238,True,10,
13454,QPPVPFWGRI,10238,True,10,
13455,GYPWSQSNLH,10238,True,10,
13456,DGPSGWTGVI,10238,True,10,
13457,RYPAGMHGPK,10238,True,10,
13458,RYPSMLAGQY,10238,True,10,
13459,WMPSWIRGHI,10238,True,10,
13460,QGEVRSFIHG,10238,True,10,
13461,DYPLNSHGLA,10238,True,10,
13462,GDPRWIRGWV,10238,True,10,
13463,GWPVGMYTAS,10238,True,10,
13464,RVPVHMWGEG,10238,True,10,
13465,HAPRSMRNGL,10238,True,10,
13466,TPPVELYGPQ,10238,True,10,
13467,PDPVGQQSIT,10238,True,10,
13468,QDPGWLVGWR,10238,True,10,
13469,KGPSGLLENW,10238,True,10,
13470,NPPHGFLGEY,10238,True,10,
13471,GDPQGMKTAS,10238,True,10,
13472,VWPVGLQGLA,10238,True,10,
13473,AQPIPIWGAT,10238,True,10,
13474,NTPIELYNSV,10238,True,10,
13475,GIPTAFSNPQ,10238,True,10,
13476,DTPYGLMGSR,10238,True,10,
13477,DMPQWMRGYT,10238,True,10,
13478,PTPRGVLGPA,10238,True,10,
13479,STPLYMLGQT,10238,True,10,
13480,DLPVHMSGWY,10238,True,10,
13481,LDPKGMRNAS,10238,True,10,
13482,RQPVAFLGSG,10238,True,10,
13483,VNPSGWIGPG,10238,True,10,
13484,EQPIGMHGLG,10238,True,10,
13485,GRPLGIFNGY,10238,True,10,
13486,RYPVGMWGWQ,10238,True,10,
13487,YVPVGMWGIR,10238,True,10,
13488,DSPVGMRGLA,10238,True,10,
13489,QFPLGIANHR,10238,True,10,
13490,SVPVPMWNPH,10238,True,10,
13491,TPPIPLWGHK,10238,True,10,
13492,INGFVRQAYI,10238,True,10,
13493,QMPRYMYSGH,10238,True,10,
13494,GSPVGLSDQI,10238,True,10,
13495,YPAQDLFGMH,10238,True,10,
13496,GVPVNMSGYV,10238,True,10,
13497,TLPHSWKGMF,10238,True,10,
13498,YTPIELWGQY,10238,True,10,
13499,EWPKGMRGMA,10238,True,10,
13500,GAPAGVQGQK,10238,True,10,
13501,SNPASWRGAT,10238,True,10,
13502,PSPVQLIGSQ,10238,True,10,
13503,QHPIGIWGSG,10238,True,10,
13504,PAPRFLYGLG,10238,True,10,
13505,PNPAWMRGIR,10238,True,10,
13506,YDPQGMRNHR,10238,True,10,
13507,SRPEFLYGWS,10238,True,10,
13508,YVPINLYSLS,10238,True,10,
13509,YTPYHMVNEA,10238,True,10,
13510,TNPIMLWGSV,10238,True,10,
13511,VSPRWLQGQI,10238,True,10,
13512,PFSHGLAQNI,10238,True,10,
13513,SQPRYLRGVR,10238,True,10,
13514,TYPSHWIGRT,10238,True,10,
13515,IAPRWTASTS,10238,True,10,
13516,EDPSWLYGWL,10238,True,10,
13517,PTPRGQVNAL,10238,True,10,
13518,CIPLNSWGPR,10238,True,10,
13519,TPVAGMRGAF,10238,True,10,
13520,VSPLTIHGPA,10238,True,10,
13521,DWPVHMTGNW,10238,True,10,
13522,PLGLPGPVLT,10238,True,10,
13523,TVPYGLSNHA,10238,True,10,
13524,GSPYGWTASG,10238,True,10,
13525,RAPINLMGVG,10238,True,10,
13526,HPPRFLFSPT,10238,True,10,
13527,WGPQHMRGVQ,10238,True,10,
13528,NQPSWIHGPQ,10238,True,10,
13529,YLPMHVWDVG,10238,True,10,
13530,EWPSGWTASG,10238,True,10,
13531,EVWRALVNMS,10238,True,10,
13532,VTPLGQIGFG,10238,True,10,
13533,DIPTGMRGDW,10238,True,10,
13534,RNPAGMYNGV,10238,True,10,
13535,NTPLGQTGIY,10238,True,10,
13536,NEPLSQSGNT,10238,True,10,
13537,YMPRGVMGTH,10238,True,10,
13538,TYPSWIYAGA,10238,True,10,
13539,LPPLHMQDIL,10238,True,10,
13540,MGPVFIHGNY,10238,True,10,
13541,AWPVGLTGMR,10238,True,10,
13542,IQPVPMWGHK,10238,True,10,
13543,LWPTGLTGLA,10238,True,10,
13544,DSPGWILGNT,10238,True,10,
13545,YTPVELAGPL,10238,True,10,
13546,NYPAGMQGPR,10238,True,10,
13547,YTPRGLYNGF,10238,True,10,
13548,HPPLGFLQEI,10238,True,10,
13549,TQPVPFWNLG,10238,True,10,
13550,YDPTHLRNLA,10238,True,10,
13551,KNPVPMWGSQ,10238,True,10,
13552,NYPWSWRGIG,10238,True,10,
13553,KNPAPMWTMA,10238,True,10,
13554,TNPAQMRGVI,10238,True,10,
13555,ESPLGIYNPL,10238,True,10,
13556,MGPQGMKGQS,10238,True,10,
13557,WTPRYMYNVG,10238,True,10,
13558,YNPSWIYAEF,10238,True,10,
13559,PGPGWLSGSL,10238,True,10,
13560,NPPQDLWNSG,10238,True,10,
13561,ERPSWLYGIL,10238,True,10,
13562,GDPQAMRGLR,10238,True,10,
13563,AYPVNMHGTR,10238,True,10,
13564,STPIPLQDGW,10238,True,10,
13565,YLPDPFMGPA,10238,True,10,
13566,VTPVELYGSR,10238,True,10,
13567,PNPVGMWGEG,10238,True,10,
13568,WSPVGMYNLI,10238,True,10,
13569,GDPQGMKTAS,10238,True,10,
13570,PTPIELYGRY,10238,True,10,
13571,GIPRPVWAPG,10238,True,10,
13572,WSPLGFRNTY,10238,True,10,
13573,DGPTGLANQH,10238,True,10,
13574,NSPVAMYGQA,10238,True,10,
13575,GFPLGITGWR,10238,True,10,
13576,TWPTGLAGPG,10238,True,10,
13577,AEPRNILGLR,10238,True,10,
13578,ELPDFLVGQI,10238,True,10,
13579,NSPTGLSGPF,10238,True,10,
13580,YNPAGMRGQG,10238,True,10,
13581,VYPSGVHNVF,10238,True,10,
13582,GMPYGLMNQL,10238,True,10,
13583,PRPRQLRGAG,10238,True,10,
13584,FRPQGMWNPA,10238,True,10,
13585,HDPYGLAGLK,10238,True,10,
13586,NDPIPLWGNT,10238,True,10,
13587,TIPSWLIGHV,10238,True,10,
13588,MSPYGLSNPA,10238,True,10,
13589,YTPIPIYGAK,10238,True,10,
13590,DRPESLYGLG,10238,True,10,
13591,TYPSWIHGMS,10238,True,10,
13592,VNPSGVTSGS,10238,True,10,
13593,NTPIPLWGMG,10238,True,10,
13594,WKPGWLWGIA,10238,True,10,
13595,RIPASMGNGY,10238,True,10,
13596,TSPQAMYGWT,10238,True,10,
13597,QDPQGMRGQS,10238,True,10,
13598,CQPLGFTGPF,10238,True,10,
13599,MNPSGVTGPT,10238,True,10,
13600,TSPRYWLGAT,9448,True,10,
13601,EKPRAVYDGQ,9448,True,10,
13602,MTVFWMFGAW,9448,True,10,
13603,GVPRAWRTAS,9448,True,10,
13604,MTPRSNRTMA,9448,True,10,
13605,DFPRAFAGEG,9448,True,10,
13606,GWPRGVRAMG,9448,True,10,
13607,IWPRAVLGAG,9448,True,10,
13608,WIPRSWTAGV,9448,True,10,
13609,TWVFSLISGW,9448,True,10,
13610,TAPRAIHGNR,9448,True,10,
13611,IYPRASQDPA,9448,True,10,
13612,VIPRAVHGPW,9448,True,10,
13613,QNPRSWTASG,9448,True,10,
13614,TVPKGNYAQR,9448,True,10,
13615,MKPRVLYSPF,9448,True,10,
13616,ERPRGSWTMG,9448,True,10,
13617,KTPKGMVTAH,9448,True,10,
13618,INPRSWKGHF,9448,True,10,
13619,HAPRGSFDPT,9448,True,10,
13620,TMPRGVTASG,9448,True,10,
13621,RVPVGMHNWG,9448,True,10,
13622,PKPRNYLGEH,9448,True,10,
13623,RQPRAYIAIV,9448,True,10,
13624,ILPRAVKGEV,9448,True,10,
13625,FIPRAVHGKA,9448,True,10,
13626,YTPRSRSGLI,9448,True,10,
13627,RKPVNMTSET,9448,True,10,
13628,TAPRSWTASG,9448,True,10,
13629,FMPRAVTASG,9448,True,10,
13630,TKPRSMHGNA,9448,True,10,
13631,GWPRASKTAS,9448,True,10,
13632,GWPRHWIGML,9448,True,10,
13633,MVPRAVSAKA,9448,True,10,
13634,PGPRSWKGGF,9448,True,10,
13635,VPPRVLHSTY,9448,True,10,
13636,FPPGWMKTIG,9448,True,10,
13637,VSPRQVSGPY,9448,True,10,
13638,MSPRWSFNTG,9448,True,10,
13639,QSPRMLISIA,9448,True,10,
13640,TAPRSWTASG,9448,True,10,
13641,HTPRGNTNIW,9448,True,10,
13642,IEPRNVHVPQ,9448,True,10,
13643,IFPRYWVSTH,9448,True,10,
13644,HAPRSYWGVR,9448,True,10,
13645,SDPRVIFSVS,9448,True,10,
13646,TVPRAWTSIY,9448,True,10,
13647,IMPRNYLGPM,9448,True,10,
13648,IFPRAFTASG,9448,True,10,
13649,SRPRVLYSPT,9448,True,10,
13650,RPRVYSPNDH,9448,True,10,
13651,QFQRGMHAPT,9448,True,10,
13652,QHRPWRGVPF,9448,True,10,
13653,YWPRSEVGPH,9448,True,10,
13654,LAPRAVSGTA,9448,True,10,
13655,RAPRGSWDKY,9448,True,10,
13656,RHPRGFRTSA,9448,True,10,
13657,WNPIPVYAVH,9448,True,10,
13658,NGPRSYKGIL,9448,True,10,
13659,FTPRSWTGEF,9448,True,10,
13660,ACPRSMWGIF,9448,True,10,
13661,FVPRGSFDMK,9448,True,10,
13662,PQFYGPFWQP,9448,True,10,
13663,AFPRGVTASG,9448,True,10,
13664,GQPRAVFTAS,9448,True,10,
13665,FLPYHLQAGR,9448,True,10,
13666,HYPRPVQNRH,9448,True,10,
13667,WVPRGMWDAF,9448,True,10,
13668,HNPRQMRGAL,9448,True,10,
13669,SYEIRAPFPL,9448,True,10,
13670,TFPRGVTASG,9448,True,10,
13671,DFRPMGHFPL,9448,True,10,
13672,FQPYGMTGPH,9448,True,10,
13673,EAPRWMINGW,9448,True,10,
13674,HGLVNMWGLI,9448,True,10,
13675,GLPRYWTASG,9448,True,10,
13676,MSPVWMWGVF,9448,True,10,
13677,IFPRVLRTGF,9448,True,10,
13678,RYPRGVAVHF,9448,True,10,
13679,RFPRGFRGPG,9448,True,10,
13680,AVPRAVYNGS,9448,True,10,
13681,ATPRSNRGAF,9448,True,10,
13682,SLPRAVRSWF,9448,True,10,
13683,KRPRGVTASG,9448,True,10,
13684,WVPRGVAVHG,9448,True,10,
13685,QSPRMLTGRK,9448,True,10,
13686,FKPRSWKGLG,9448,True,10,
13687,VAPRAVMNGF,9448,True,10,
13688,RQPRSYSGMY,9448,True,10,
13689,TSPRSWRGMI,9448,True,10,
13690,NKPSGFRTSV,9448,True,10,
13691,WGPRAVSNLY,9448,True,10,
13692,WVPRAVYSHY,9448,True,10,
13693,RTPRYWIAGA,9448,True,10,
13694,FWPRSMVTLH,9448,True,10,
13695,WPRQPRSVCS,9448,True,10,
13696,NVPRAHISRG,9448,True,10,
13697,TMPSWSHRNY,9448,True,10,
13698,TRPRPVQASW,9448,True,10,
13699,QFPRSWIGSQ,9448,True,10,
13700,FPEYGTPFMF,9448,True,10,
13701,NIPRPVTASG,9448,True,10,
13702,VMPRSWRSIL,9448,True,10,
13703,HFPRSWIGWT,9448,True,10,
13704,MWPRQVTSWY,9448,True,10,
13705,EMPRSWIGWG,9448,True,10,
13706,GFPRSWTASG,9448,True,10,
13707,MIPRPVLGIL,9448,True,10,
13708,STPRGNTVSG,9448,True,10,
13709,MAPRSWTNVQ,9448,True,10,
13710,WRPVGYWSAY,9448,True,10,
13711,IFPRTVFNGF,9448,True,10,
13712,ALPRAIHDSL,9448,True,10,
13713,VSQKHPHRKS,9448,True,10,
13714,KGPLGFKSEG,9448,True,10,
13715,IWPVWMIGKR,9448,True,10,
13716,GPVRAVHTAS,9448,True,10,
13717,YLPRAFQANQ,9448,True,10,
13718,VNPRPVISEA,9448,True,10,
13719,HRPRGSIDGA,9448,True,10,
13720,SYPSWIHGTW,9448,True,10,
13721,VMPRGYHGNT,9448,True,10,
13722,MREPARHVGT,9448,True,10,
13723,VKPVGMHGTG,9448,True,10,
13724,TYVRAHSAWV,9448,True,10,
13725,WGPKAMKASH,9448,True,10,
13726,IQEHMHYGFI,9448,True,10,
13727,QYPRAVYSAF,9448,True,10,
13728,TNPYGNHGAI,9448,True,10,
13729,SWPVGMANTQ,9448,True,10,
13730,PKPRSYTASG,9448,True,10,
13731,AKPRSMLGAF,9448,True,10,
13732,NEPRSWTWGR,9448,True,10,
13733,QMPRSWTMVW,9448,True,10,
13734,FTPRNYMGQL,9448,True,10,
13735,FPRLDRSVPY,9448,True,10,
13736,SPRSPRSVSP,9448,True,10,
13737,TVPKGVTGTA,9448,True,10,
13738,VTPRGMHGTY,9448,True,10,
13739,QVPRAVMSIF,9448,True,10,
13740,DAPRASQGTA,9448,True,10,
13741,MYPRAYTVAK,9448,True,10,
13742,LQPRGMHGQV,9448,True,10,
13743,AFPRAFYGKY,9448,True,10,
13744,LVARAMSGVL,9448,True,10,
13745,DAPVSFWSAQ,9448,True,10,
13746,NRALGIYSGW,9448,True,10,
13747,FSWLPITASG,9448,True,10,
13748,NREKPYRIWG,9448,True,10,
13749,VTPIGMTAVF,9448,True,10,
13750,KAPKGMVGVQ,9448,True,10,
13751,WVPRSVMATR,9448,True,10,
13752,LGRSPRSVGL,9448,True,10,
13753,SNPRAYAVKG,9448,True,10,
13754,KIPRGVTDPW,9448,True,10,
13755,KMPRAYIGPG,9448,True,10,
13756,MKWRAYTGVR,9448,True,10,
13757,TSPVAMLGAQ,9448,True,10,
13758,PIPRPVMDSA,9448,True,10,
13759,RYPRAFLGIF,9448,True,10,
13760,FFPRGSTVGR,9448,True,10,
13761,FMPRCVLGWQ,9448,True,10,
13762,IWPVWMYTWF,9448,True,10,
13763,VWPRGQVRGS,9448,True,10,
13764,SMPRGSTVAH,9448,True,10,
13765,LWPRAVSTGY,9448,True,10,
13766,TIPTGMYTEW,9448,True,10,
13767,SRPRAYHSGW,9448,True,10,
13768,RMPVGMHSIY,9448,True,10,
13769,AVSYAWIVKA,9448,True,10,
13770,QTPRGSWVTG,9448,True,10,
13771,YIPRAVPNLQ,9448,True,10,
13772,NMPRWMANPQ,9448,True,10,
13773,RPPLGFLAIR,9448,True,10,
13774,SVPRVIYGQR,9448,True,10,
13775,WFPRGVIGPV,9448,True,10,
13776,FIPRAVKSTK,9448,True,10,
13777,WSPRAYSAKY,9448,True,10,
13778,VMPRSWIGEF,9448,True,10,
13779,DQWRAFAQIL,9448,True,10,
13780,PVPRYWRGTW,9448,True,10,
13781,QTPRGMIGTL,9448,True,10,
13782,CPARAMKGTG,9448,True,10,
13783,ICPRKMKGNS,9448,True,10,
13784,PHWRGLWASG,9448,True,10,
13785,IAPRASTGWI,9448,True,10,
13786,FGRTGRYAES,9448,True,10,
13787,TNPRSWQVRH,9448,True,10,
13788,HQPRSNTGNH,9448,True,10,
13789,PTPRGSTASG,9448,True,10,
13790,TDPRGVKATG,9448,True,10,
13791,GKPRGFMGVT,9448,True,10,
13792,PIPRYWTASG,9448,True,10,
13793,AFPRAFYTMA,9448,True,10,
13794,HGPAPFWASF,9448,True,10,
13795,YSPRTMVSMI,9448,True,10,
13796,GMPRSMLGVS,9448,True,10,
13797,GTPRAVTGAG,9448,True,10,
13798,TMPRSWIGKF,9448,True,10,
13799,IMPRGAYVIS,9448,True,10,
13800,FMPRSWINTL,9448,True,10,
13801,VRWSALWDEQ,9448,True,10,
13802,TEPRNVHVMW,9448,True,10,
13803,SNPRPVTSVQ,9448,True,10,
13804,TVPRAWYGWG,9448,True,10,
13805,GFTRWMTASG,9448,True,10,
13806,VGPRGSFLSF,9448,True,10,
13807,TVPRAWTASG,9448,True,10,
13808,WPWTMPEWGI,9448,True,10,
13809,QKPRNVRASW,9448,True,10,
13810,HSPRQMFGPY,9448,True,10,
13811,FISYALHGPT,9448,True,10,
13812,FKPRSNRSPA,9448,True,10,
13813,DRPRSWMGLT,9448,True,10,
13814,SNPRWMTHMF,9448,True,10,
13815,KAPRGSTASG,9448,True,10,
13816,PIPRPEFNAK,9448,True,10,
13817,VGPFHMLVNS,9448,True,10,
13818,VAVRSVQGMW,9448,True,10,
13819,TIPSWSLGHL,9448,True,10,
13820,MVPRTLVGAI,9448,True,10,
13821,IDPRSNVGWS,9448,True,10,
13822,MVPRSMFDPK,9448,True,10,
13823,SMPRAIHGRQ,9448,True,10,
13824,KSVMGMHSMS,9448,True,10,
13825,SFPRASTASG,9448,True,10,
13826,VPPRDVYAIG,9448,True,10,
13827,TLPRAIYNIF,9448,True,10,
13828,MIPRYWTASG,9448,True,10,
13829,FYPRAVMGQY,9448,True,10,
13830,DRPRGNTASG,9448,True,10,
13831,WPVRAVYGRL,9448,True,10,
13832,TQPRSWIGNV,9448,True,10,
13833,KVPRGVTGPL,9448,True,10,
13834,WFPRSWIGLI,9448,True,10,
13835,LVPRKVAGTV,9448,True,10,
13836,DNPRGFTDAG,9448,True,10,
13837,HRPLGIYVTG,9448,True,10,
13838,YFPRYMHSGF,9448,True,10,
13839,KFPRWMRGES,9448,True,10,
13840,KFPRAFIGVG,9448,True,10,
13841,AMPRYMWSNF,9448,True,10,
13842,FNARYLKHKI,9448,True,10,
13843,GVRFGPDFNY,9448,True,10,
13844,WTPRSNISNG,9448,True,10,
13845,YDPRAYQVMH,9448,True,10,
13846,DQPRGMSDIG,9448,True,10,
13847,ASPRVFRGNG,9448,True,10,
13848,QVPRAWTASG,9448,True,10,
13849,HVPRAVTASG,9448,True,10,
13850,CYPRAVYTLS,9448,True,10,
13851,TIPRAVNSNL,9448,True,10,
13852,RGPYHWITAS,9448,True,10,
13853,VGPRAVMGEF,9448,True,10,
13854,PVTYALWSTK,9448,True,10,
13855,AVPRSWTGMT,9448,True,10,
13856,LIVRGMHGVA,9448,True,10,
13857,TYPRSWTASG,9448,True,10,
13858,TMPRAFHNWK,9448,True,10,
13859,WRVRGVTASG,9448,True,10,
13860,AFTRSMSAQY,9448,True,10,
13861,AGPRSMLGES,9448,True,10,
13862,HSPRASKNWR,9448,True,10,
13863,EYPRAVYGEF,9448,True,10,
13864,GSPRAFSTAS,9448,True,10,
13865,FGPRGPFKAP,9448,True,10,
13866,STPRGMYHWG,9448,True,10,
13867,AQPRSYLGEG,9448,True,10,
13868,TNPIMLWGEA,9448,True,10,
13869,TYPRAFRGWK,9448,True,10,
13870,AHRPRRNPIL,9448,True,10,
13871,GSPRPFWGNY,9448,True,10,
13872,WVPRAVYGHK,9448,True,10,
13873,YGAKPLMAQR,9448,True,10,
13874,RMPRAFHGSF,9448,True,10,
13875,LVPRGVMARL,9448,True,10,
13876,MAPRGMHSTW,9448,True,10,
13877,YSPRAVWDSG,9448,True,10,
13878,LRPRGVFVTG,9448,True,10,
13879,MFPRNVTAPA,9448,True,10,
13880,GTPRSNSTMA,9448,True,10,
13881,FIPRPVMGNQ,9448,True,10,
13882,GAPRGSFSPW,9448,True,10,
13883,LWTAWLYGPY,9448,True,10,
13884,MARAKREIFT,9448,True,10,
13885,MCPRVCTMPG,9448,True,10,
13886,GNPRDYIGFK,9448,True,10,
13887,FMPRAVQSTV,9448,True,10,
13888,SGHSALQATA,9448,True,10,
13889,IFPRILSGQY,9448,True,10,
13890,PLWRAFMGTW,9448,True,10,
13891,QGPRSMAGWA,9448,True,10,
13892,KVPRAVHTGF,9448,True,10,
13893,WRPRSYHDGR,9448,True,10,
13894,GVPIGMHKIY,9448,True,10,
13895,ITPRSWFSEG,9448,True,10,
13896,SRPRSMRGPS,9448,True,10,
13897,KRPIPIASQF,9448,True,10,
13898,DVPRAVRSRG,9448,True,10,
13899,VFPRAFRNHW,9448,True,10,
13900,VVPRAVYGNG,9448,True,10,
13901,LYPRAFISTF,9448,True,10,
13902,KFPRGVFSIG,9448,True,10,
13903,KQPRPVTGRL,9448,True,10,
13904,HPWMAFYGNR,9448,True,10,
13905,VQPRNVLGWR,9448,True,10,
13906,PKPRATWAHA,9448,True,10,
13907,VRPRGSTASG,9448,True,10,
13908,NWVRGMHSTH,9448,True,10,
13909,AWPRAVYTQH,9448,True,10,
13910,QRVRAVFDVT,9448,True,10,
13911,TRPRSYTASG,9448,True,10,
13912,YQPRASAMER,9448,True,10,
13913,TAPRSWTASG,9448,True,10,
13914,FKPRGSTASA,9448,True,10,
13915,RMPRGFYSAF,9448,True,10,
13916,VQVRAFSWEF,9448,True,10,
13917,WLPRAVTASG,9448,True,10,known_sequence
13918,CMPRGMASIL,9448,True,10,
13919,YIPRPVFDGL,9448,True,10,
13920,GFVKGMRSNH,9448,True,10,
13921,GWPREVMTAS,9448,True,10,
13922,PRPRSWTSNS,9448,True,10,
13923,THPRSWTNRS,9448,True,10,
13924,AEVRAMYGTW,9448,True,10,
13925,FHPRGQVSTR,9448,True,10,
13926,FVPRAVAVWG,9448,True,10,
13927,MGPIHIYSTG,9448,True,10,
13928,PFWAGLIDIY,9448,True,10,
13929,YSPRAFTASG,9448,True,10,
13930,FNPIHMLSPT,9448,True,10,
13931,TNPIGMTSWS,9448,True,10,
13932,VLPRYWLGPI,9448,True,10,
13933,VAPRVLQATQ,9448,True,10,
13934,SGPRAFYGTA,9448,True,10,
13935,ISPRQVTASG,9448,True,10,
13936,LVPRGVTVAW,9448,True,10,
13937,HDVYGMYSIV,9448,True,10,
13938,CRPRSWYNSG,9448,True,10,
13939,AFPRAFHDGV,9448,True,10,
13940,FQPRSMLGRA,9448,True,10,
13941,SVPRGVTASG,9448,True,10,
13942,LYPVHMLGTF,9448,True,10,
13943,IFPRAFLGEW,9448,True,10,
13944,NVPEWMTGSR,9448,True,10,
13945,SGPRGVTVTA,9448,True,10,known_sequence
13946,KPVRSLWSGA,9448,True,10,
13947,VAPRSWQSGH,9448,True,10,
13948,VFPRVIRSAS,9448,True,10,
13949,EMPRSHRTGH,9448,True,10,
13950,IWPRSHKGQL,9448,True,10,
13951,SGPRMLWGTA,9448,True,10,
13952,IRVLGVYSMQ,9448,True,10,
13953,KVPRGVLATQ,9448,True,10,
13954,SRVRAVYDTF,9448,True,10,
13955,GSPRYMTASG,9448,True,10,
13956,RKPVGMHGIK,9448,True,10,
13957,MYPRAFMSPG,9448,True,10,
13958,RYPRAFQSTH,9448,True,10,
13959,VSPRTLVGSH,9448,True,10,
13960,NYPRAYSVTK,9448,True,10,
13961,HAPRGSHYAT,9448,True,10,
13962,HPEGRRTVSQ,9448,True,10,
13963,HRWLALFGWY,9448,True,10,
13964,HGPRSWYTSF,9448,True,10,
13965,FQPKAMFANF,9448,True,10,
13966,TSPRMLASKF,9448,True,10,
13967,APPRGVKGHF,9448,True,10,
13968,RKVYGMYGPL,9448,True,10,
13969,LFARGMHSQG,9448,True,10,
13970,YSEWPAMKGP,9448,True,10,
13971,ACPYGMYGHF,9448,True,10,
13972,RTPVGMWSYH,9448,True,10,
13973,FSPRWLYSAR,9448,True,10,
13974,LMPRASIGMH,9448,True,10,
13975,FNPRGMTASG,9448,True,10,
13976,HRPRSWTASG,9448,True,10,
13977,QSPRNLYGTA,9448,True,10,
13978,KMPSGFTASG,9448,True,10,
13979,YSPRAVYVWV,9448,True,10,
13980,KTPRGNYDTL,9448,True,10,
13981,STPRMLIAVA,9448,True,10,
13982,MLVLNMYGPY,9448,True,10,
13983,KEAYSMAGWF,9448,True,10,
13984,RAPVAFTGPR,9448,True,10,
13985,RTPRGMHVPS,9448,True,10,
13986,LFPRSWTASG,9448,True,10,
13987,DAPRAVIAQF,9448,True,10,
13988,NPVYGMYTEG,9448,True,10,
13989,SAPRGSTASG,9448,True,10,
13990,TTPRGSWGNY,9448,True,10,
13991,LTPRSNFSPQ,9448,True,10,
13992,ASPRYWTASG,9448,True,10,
13993,SADAPWTSIF,9448,True,10,
13994,PRPRGVRNSL,9448,True,10,
13995,GVPRAVGTAS,9448,True,10,
13996,SRPRTLFTNS,9448,True,10,
13997,RHPRSWRTIS,9448,True,10,
13998,RSPSSWRGPF,9448,True,10,
13999,TQPRAFSAMS,9448,True,10,
14000,DQPAGMRTAS,9614,True,10,
14001,TAPSGKSVMS,9614,True,10,
14002,INVRGLISMR,9614,True,10,
14003,SAPRGVHSAV,9614,True,10,
14004,TMPRAYRGPS,9614,True,10,
14005,GVPRGVKTAS,9614,True,10,
14006,TAPRGSTASG,9614,True,10,
14007,RGPAGMRTAS,9614,True,10,
14008,VMPRILYGNG,9614,True,10,
14009,GLPRSMKSMA,9614,True,10,
14010,NPVRGVRAIV,9614,True,10,
14011,LVPKWMKGHL,9614,True,10,
14012,DAPRGVRAHV,9614,True,10,
14013,GAPRGSFSEG,9614,True,10,
14014,VAPRGVLAMW,9614,True,10,
14015,EVPRGVTASG,9614,True,10,
14016,AQPRWIKGMG,9614,True,10,
14017,NGPRGVRGKQ,9614,True,10,
14018,EAVGWMRGMR,9614,True,10,
14019,GVPRGVRAIR,9614,True,10,
14020,SAPRGNTASG,9614,True,10,
14021,DAPRGVMSKA,9614,True,10,
14022,GAPVAMRTAS,9614,True,10,
14023,GMPRQVRGMS,9614,True,10,
14024,TSPRGVKDHG,9614,True,10,
14025,GTPRGQIDSH,9614,True,10,
14026,TAPRGSTASG,9614,True,10,
14027,GPVMGMHGIV,9614,True,10,
14028,AGPRGVHAMK,9614,True,10,
14029,SAPRGSTSTK,9614,True,10,
14030,ARPGWMRSPS,9614,True,10,
14031,TAPVAMRGTY,9614,True,10,
14032,MGPAGMRAPT,9614,True,10,
14033,DKPKGMRGMF,9614,True,10,
14034,AVPRGVHVML,9614,True,10,
14035,PIPRLVRGNQ,9614,True,10,
14036,GMPRGMKTAS,9614,True,10,
14037,GSPRGMKGLQ,9614,True,10,
14038,TSPRGVTARG,9614,True,10,
14039,EAPAGVRTAS,9614,True,10,
14040,KAVRGMHGMA,9614,True,10,
14041,IAPAGVKGKI,9614,True,10,
14042,RSPRGVRSWS,9614,True,10,
14043,QPPRGVIAHQ,9614,True,10,
14044,GAPRGSTASG,9614,True,10,
14045,QAPRGVRTAQ,9614,True,10,
14046,MRPRGSTASG,9614,True,10,
14047,MKPAGMKTHG,9614,True,10,
14048,QGPRGVRAHL,9614,True,10,
14049,GHPRGVTSML,9614,True,10,
14050,RGPSGMQTAS,9614,True,10,
14051,GAPVAFRSTL,9614,True,10,
14052,VAPGGMKNMR,9614,True,10,
14053,TSEGPMGAML,9614,True,10,
14054,TAPRGVTVTR,9614,True,10,
14055,AMVRAITGHG,9614,True,10,
14056,RPPRGVKGQT,9614,True,10,
14057,MSPRGVTASG,9614,True,10,
14058,NRPEGVRTGY,9614,True,10,
14059,MPPRGVTASG,9614,True,10,
14060,ALPRAVLGRH,9614,True,10,
14061,TPVGWMRGNI,9614,True,10,
14062,MGPKGMTASG,9614,True,10,
14063,MAPRGVRANQ,9614,True,10,
14064,GQPRGVRGTG,9614,True,10,
14065,GRPRGSTASG,9614,True,10,
14066,KAPAGMKGPG,9614,True,10,
14067,VIPRAVKSNI,9614,True,10,
14068,GGPRGVMAHI,9614,True,10,
14069,KSPRGMKTKF,9614,True,10,
14070,DVPVGVHSKA,9614,True,10,
14071,QRPAGVKNHV,9614,True,10,
14072,AVPRGVSAEV,9614,True,10,
14073,DAPAGVRNRG,9614,True,10,
14074,FVPRGVRSGL,9614,True,10,
14075,GAPRGVKGRQ,9614,True,10,
14076,MQPRGVRVMK,9614,True,10,
14077,QVPRGVRVNR,9614,True,10,
14078,RMPRGVTASG,9614,True,10,
14079,SEPKGMRGPS,9614,True,10,
14080,GAPRGSTASG,9614,True,10,
14081,EAPRGVTASG,9614,True,10,
14082,QFPRGVRSGL,9614,True,10,
14083,GTPIGMRTAS,9614,True,10,
14084,GRPSGVKTAS,9614,True,10,
14085,AQPRAMHGMQ,9614,True,10,
14086,MTVRGMRAMY,9614,True,10,
14087,EGPVAMSGQL,9614,True,10,
14088,ASPVGMWGMQ,9614,True,10,
14089,RGPVGIWGNG,9614,True,10,
14090,QAPRGVIVAG,9614,True,10,
14091,GAPSGMRTAS,9614,True,10,
14092,TAPVAFRAEI,9614,True,10,
14093,QSPRGVRAMG,9614,True,10,
14094,MAPRGVRGMG,9614,True,10,
14095,SAPRGVTASG,9614,True,10,
14096,VQPRGMKTEA,9614,True,10,
14097,VGPGGMRDAR,9614,True,10,
14098,ADPRGMNAQA,9614,True,10,
14099,GRPAGVRAGR,9614,True,10,
14100,LAPGAMRGNS,9614,True,10,
14101,MRPAGMKTGL,9614,True,10,
14102,VNPAGMKGHI,9614,True,10,
14103,SGPRGVKTAS,9614,True,10,
14104,RAPRGMKGMI,9614,True,10,
14105,DIPRGVKAMR,9614,True,10,
14106,DMPRGVRGLQ,9614,True,10,
14107,VHPRGVQAIG,9614,True,10,
14108,GAPRSAIMNV,9614,True,10,
14109,QAVRSIRSMG,9614,True,10,
14110,PRPLGVKNMA,9614,True,10,
14111,GAPRGSTASG,9614,True,10,
14112,QVPRGQVGNK,9614,True,10,
14113,PMPRGVRAMS,9614,True,10,
14114,TAPSWVKHGV,9614,True,10,
14115,VIPRGVTASG,9614,True,10,
14116,NAPAGVKTGV,9614,True,10,
14117,YAPRGSTASG,9614,True,10,
14118,AHPQGVKTIS,9614,True,10,
14119,KGPRGVTASG,9614,True,10,
14120,GMPRGVRASG,9614,True,10,
14121,AVPRGVMSHQ,9614,True,10,
14122,AKVWGMYSMG,9614,True,10,
14123,VGPAGMKTAS,9614,True,10,
14124,MKPAGVRGRI,9614,True,10,
14125,QAPKGMKQMY,9614,True,10,
14126,DPVAGMRSGA,9614,True,10,
14127,VRPGWLQGRS,9614,True,10,
14128,SAPRGVMAWH,9614,True,10,
14129,GQPRGVKTAS,9614,True,10,
14130,DRPAGMKAER,9614,True,10,
14131,PGPRGATGNR,9614,True,10,
14132,GPPMGMKTAS,9614,True,10,
14133,GPPRSMKSMF,9614,True,10,
14134,AHQHGFKGAT,9614,True,10,
14135,AGPQGVKSLS,9614,True,10,
14136,TAPRSMLGIG,9614,True,10,
14137,SPVRAIRGTG,9614,True,10,
14138,SMPRGVRSQL,9614,True,10,
14139,GAPRGNTASG,9614,True,10,
14140,GVPSGFIARA,9614,True,10,
14141,TQPKGMKNMK,9614,True,10,
14142,NIPRGVMAGK,9614,True,10,
14143,KAPRGSQAIL,9614,True,10,
14144,TGPKGVMAQR,9614,True,10,
14145,YRPAGMKTSA,9614,True,10,
14146,THPIGVHAQR,9614,True,10,
14147,PAPRGVRAMG,9614,True,10,
14148,ASPRGVRVQG,9614,True,10,
14149,LGPAWMKGMS,9614,True,10,
14150,TGPRAIRGRY,9614,True,10,
14151,TPPVEMRGQT,9614,True,10,
14152,RAPVGMQSTV,9614,True,10,
14153,SMPRGVMARY,9614,True,10,
14154,RVPRGVMSVI,9614,True,10,
14155,SAPRGVRTAS,9614,True,10,
14156,GAPRGSKYMG,9614,True,10,
14157,GPPRAVRTAS,9614,True,10,
14158,SAPRGVRVTK,9614,True,10,
14159,PGPRSMKGMI,9614,True,10,
14160,GPPRGVKSHG,9614,True,10,
14161,TLVRSVRGRG,9614,True,10,
14162,TAPIGIWVWA,9614,True,10,
14163,GSPRGVRTAS,9614,True,10,
14164,TKPRGVKSAR,9614,True,10,
14165,TAPRGVMGMG,9614,True,10,
14166,GPVRAVRSGR,9614,True,10,
14167,GPVRGMRGSF,9614,True,10,
14168,VQPRGVMAIL,9614,True,10,
14169,GRPRGVRVMR,9614,True,10,
14170,QAPRSVRTAG,9614,True,10,
14171,GAPRGVRSTA,9614,True,10,
14172,AAPRGVTASG,9614,True,10,
14173,SMPRGVRNGA,9614,True,10,
14174,NAPRGMKSMY,9614,True,10,
14175,SAPRGSIANS,9614,True,10,
14176,VAPRGSAVRS,9614,True,10,
14177,GMPRGRPVAI,9614,True,10,
14178,GQPAGMKTAS,9614,True,10,
14179,WRPSGVRSIR,9614,True,10,
14180,SGPQGVRVTA,9614,True,10,
14181,NRVRGVTASG,9614,True,10,
14182,NVPSWIFGRV,9614,True,10,
14183,VTWAGLYSMI,9614,True,10,
14184,KLPKGMYSMT,9614,True,10,
14185,ERPAGVTGRV,9614,True,10,
14186,PGVRGMYGES,9614,True,10,
14187,AQPRSMRGMA,9614,True,10,
14188,TRPAGMKSMQ,9614,True,10,
14189,GSPRGVTASG,9614,True,10,
14190,TPVGWMSGNV,9614,True,10,
14191,AIPAWMRAGK,9614,True,10,
14192,RPAQGMYAIH,9614,True,10,
14193,ANPAGMKTLR,9614,True,10,
14194,MGPAGMKGIY,9614,True,10,
14195,SGPRGVMSTA,9614,True,10,
14196,GVPRGVTASG,9614,True,10,
14197,SGPAGMKTAS,9614,True,10,
14198,QGPRGVFALS,9614,True,10,
14199,GTPRGMGTAS,9614,True,10,
14200,GAPRSMISTA,9614,True,10,
14201,KMPSGVRAMG,9614,True,10,
14202,MSPKGVMAML,9614,True,10,
14203,TAPVQIKGMY,9614,True,10,
14204,RQPIGMRGHA,9614,True,10,
14205,SPVRGMTGHL,9614,True,10,
14206,KGPHGFASKS,9614,True,10,
14207,WAVRGVTGMY,9614,True,10,
14208,LGPAWMKGQS,9614,True,10,
14209,HAPRGVMNLY,9614,True,10,
14210,KGPSGMKVMI,9614,True,10,
14211,RMPRGVMSTG,9614,True,10,
14212,AVPKGVRDKG,9614,True,10,
14213,SRPRGVRANT,9614,True,10,
14214,IGPAGMVGPH,9614,True,10,
14215,SVPRGVRAGR,9614,True,10,
14216,SNPRGVMGKG,9614,True,10,
14217,VSPAGMRGMV,9614,True,10,
14218,SAPRGVRWMI,9614,True,10,
14219,GSPRGVHAMV,9614,True,10,
14220,SAPRSMISWS,9614,True,10,
14221,GAPRGVRTAS,9614,True,10,
14222,GAPRGVRSWA,9614,True,10,
14223,TAPRGVKSHQ,9614,True,10,
14224,DMPSGMRAMG,9614,True,10,
14225,QSVRGMRGPF,9614,True,10,
14226,GAPRSWRAIV,9614,True,10,
14227,RAPAGVRAHQ,9614,True,10,
14228,TPVGWMRGMS,9614,True,10,
14229,DAPRGVAVRA,9614,True,10,
14230,KRMLGMHSLI,9614,True,10,
14231,GVPRAIKGER,9614,True,10,
14232,SPVAGMRSVG,9614,True,10,
14233,QTPRGQVARG,9614,True,10,
14234,TPRAPRLKLT,9614,True,10,
14235,SGPRGVHSTA,9614,True,10,
14236,AVPKGMRNMR,9614,True,10,
14237,AVPRGVRAQH,9614,True,10,
14238,SGPRGVRVTA,9614,True,10,
14239,HTVRGMRGVG,9614,True,10,
14240,AYPRGVKGKV,9614,True,10,
14241,NVPRGVRVRI,9614,True,10,
14242,EAPRGVMAMR,9614,True,10,
14243,MPPRGMKSQY,9614,True,10,
14244,TAPRGVQSHI,9614,True,10,
14245,SGPTGMVSTA,9614,True,10,
14246,PGPRSNKGMI,9614,True,10,
14247,GVPRGVMGKA,9614,True,10,
14248,GTPRGVRAQY,9614,True,10,
14249,AGPRSVKGLR,9614,True,10,
14250,SRPLGVRTAS,9614,True,10,
14251,KGPVGMRTAS,9614,True,10,
14252,ASPRGMRNKA,9614,True,10,
14253,QPPRSYRAIG,9614,True,10,
14254,GVPRGVKTAS,9614,True,10,
14255,SEVFWMRGMH,9614,True,10,
14256,VAPKGMKVMG,9614,True,10,
14257,EAPLGFKTIS,9614,True,10,
14258,GLPRGVTASG,9614,True,10,
14259,SAPRGVRAEQ,9614,True,10,
14260,AVPRGVIALH,9614,True,10,
14261,RSPAWMRGVQ,9614,True,10,
14262,VPPRSMQGNG,9614,True,10,
14263,TPPRGVKGSR,9614,True,10,
14264,DAPRGVTVQR,9614,True,10,
14265,HVPSGVRAKQ,9614,True,10,
14266,GMPRGVRVEH,9614,True,10,
14267,FAPRGVRSRF,9614,True,10,
14268,RKPVGMWAPV,9614,True,10,
14269,QAPRGVRAGT,9614,True,10,
14270,KVPRGVSDRI,9614,True,10,
14271,SMPRGVIAHG,9614,True,10,
14272,TAPRGILSHY,9614,True,10,
14273,SGPLGVKTAS,9614,True,10,
14274,RLPIGMKTVV,9614,True,10,
14275,GAVRGLRSES,9614,True,10,
14276,SMPRGVRAGF,9614,True,10,
14277,GPPRGVRSIG,9614,True,10,
14278,MTPAGVTASG,9614,True,10,
14279,DPPRGVRAMR,9614,True,10,
14280,GPSGGMRSRS,9614,True,10,
14281,GPRWGRSTAS,9614,True,10,
14282,EPVRGQMSRA,9614,True,10,
14283,VAPRGVTASG,9614,True,10,
14284,WAPAGVTASG,9614,True,10,
14285,RKPVGMRGEQ,9614,True,10,
14286,NFPAGMKTIG,9614,True,10,
14287,LGPRAVKGLK,9614,True,10,
14288,TAPRGVRASG,9614,True,10,
14289,PGVRGIRGVY,9614,True,10,
14290,SAPRGVTASG,9614,True,10,
14291,SAPSGWTGRY,9614,True,10,
14292,IPVRGMTGEH,9614,True,10,
14293,RAPRGMRSMI,9614,True,10,
14294,TAPRSWVAIQ,9614,True,10,
14295,AQPRGMKTMH,9614,True,10,
14296,GTPRGMKSRY,9614,True,10,
14297,GVPRGVTASG,9614,True,10,
14298,SMNPAMRGQG,9614,True,10,
14299,GVPRGVLTAS,9614,True,10,
14300,QVPVGMHGQG,9614,True,10,
14301,AGPEAIRSTY,9614,True,10,
14302,MAPRGVQSLG,9614,True,10,
14303,GPVAGMRSTG,9614,True,10,
14304,VMPRGVTASG,9614,True,10,
14305,EAPKGMRGQH,9614,True,10,
14306,GAPRGVQNGI,9614,True,10,
14307,GLPRPIHYMK,9614,True,10,
14308,DQPRGVHGPL,9614,True,10,
14309,GSPRGMRVML,9614,True,10,
14310,TAPVAMHARK,9614,True,10,
14311,SGPRGVTAKS,9614,True,10,
14312,QVPTGLRSHI,9614,True,10,
14313,RIPRAVYGMV,9614,True,10,
14314,EAPAGVRSNG,9614,True,10,
14315,EMPRGVRVQL,9614,True,10,
14316,QGPRGVRVKF,9614,True,10,
14317,AAPRGMKTGK,9614,True,10,
14318,ASPRGLHGIA,9614,True,10,
14319,VGPRGVKGNT,9614,True,10,
14320,DSPRGVRATK,9614,True,10,
14321,APPRGVLVEL,9614,True,10,
14322,RQPMGVRAMK,9614,True,10,
14323,YAPRGSTASG,9614,True,10,
14324,SQPRGVRVWI,9614,True,10,
14325,QTVRGMLSKL,9614,True,10,
14326,RVPVGMLSVG,9614,True,10,
14327,MGPRGVMAHK,9614,True,10,
14328,AVPRGVRAHV,9614,True,10,
14329,VAPRGVIGMA,9614,True,10,
14330,ETPRGVIAHA,9614,True,10,
14331,SGPIHMRGTA,9614,True,10,
14332,VGPAGMKGTI,9614,True,10,
14333,DGPSGMRGQH,9614,True,10,
14334,QIPRGMANQG,9614,True,10,
14335,FAPRGSMSLF,9614,True,10,
14336,SAPRSMLGWG,9614,True,10,
14337,RPPAGVKGRS,9614,True,10,
14338,PLAKGMYSVT,9614,True,10,
14339,VAPRGIKSGW,9614,True,10,
14340,SPVLGIWSMT,9614,True,10,
14341,TVPRSWTASG,9614,True,10,
14342,ASPRGVHNRT,9614,True,10,
14343,AMPRGVRAGT,9614,True,10,
14344,PKPVGMTGPL,9614,True,10,
14345,GQPSGMRNHR,9614,True,10,
14346,GAPRGSRSAK,9614,True,10,
14347,DTPSWLVGKI,9614,True,10,
14348,QGPRGMVAPQ,9614,True,10,
14349,GSPRGMTASG,9614,True,10,
14350,VAPRGVRAML,9614,True,10,
14351,SRPRGVGVWR,9614,True,10,
14352,MSPRGVRAMT,9614,True,10,
14353,VGPAGMKGAG,9614,True,10,
14354,TVPRGVTASG,9614,True,10,
14355,TNPMGMRNVR,9614,True,10,
14356,GAPRGVIALG,9614,True,10,
14357,VSVRGMTVPR,9614,True,10,
14358,MNPRGSTASG,9614,True,10,
14359,RAPLNMLNPR,9614,True,10,
14360,VPPRGMRGAH,9614,True,10,
14361,PVPMGMRNMT,9614,True,10,
14362,DAPRGMKTIV,9614,True,10,
14363,VAPRGLTSTS,9614,True,10,
14364,LPPRAIKAIL,9614,True,10,
14365,GAPRGSTASG,9614,True,10,
14366,QAPRGSTASG,9614,True,10,
14367,TQPKGVTAGA,9614,True,10,
14368,IAPAGVRTVG,9614,True,10,
14369,GPVAGMIGRV,9614,True,10,
14370,TGPRSMLGHL,9614,True,10,
14371,GAPRGSMAMG,9614,True,10,
14372,VHPAGMRGEL,9614,True,10,
14373,MVPRGVKSQG,9614,True,10,
14374,TVPVAFMAMI,9614,True,10,
14375,TAPRGSKSMV,9614,True,10,
14376,QPARGITASG,9614,True,10,
14377,RVPVGMASQV,9614,True,10,
14378,PSPRAIKGVW,9614,True,10,
14379,KQPSAMYGQV,9614,True,10,
14380,AGPSGMKGMI,9614,True,10,
14381,LKPHGMKTAR,9614,True,10,
14382,RPPSDMQNTV,9614,True,10,
14383,SGPRGVQDTA,9614,True,10,
14384,AQPRGVKNWT,9614,True,10,
14385,VIPAGMTGQA,9614,True,10,
14386,TSPKGVKAMA,9614,True,10,
14387,FPEPGMRIGS,9614,True,10,
14388,FPVRGMRAMI,9614,True,10,
14389,GAPRGSHDPI,9614,True,10,
14390,KAPRGMRNMG,9614,True,10,
14391,VTPKGMYVMT,9614,True,10,
14392,GVPRAVSTAS,9614,True,10,
14393,TPVGWMSGML,9614,True,10,
14394,IVQNGMTASG,9614,True,10,
14395,QGPKGMKGPW,9614,True,10,
14396,HAPRSLMSWA,9614,True,10,
14397,SAPRAIRGVF,9614,True,10,
14398,HMVRGVRAGF,9614,True,10,
14399,AAPRGVTASG,9614,True,10,
14400,FNPIHMYTWS,5236,True,10,
14401,AQVRAMYGNG,5236,True,10,
14402,VYPRGNTASG,5236,True,10,
14403,HYPRGVHGAH,5236,True,10,
14404,LGPRGVTASG,5236,True,10,
14405,TISMAYTSRV,5236,True,10,
14406,ETPRGNVGQR,5236,True,10,
14407,WNVRALWGTQ,5236,True,10,
14408,WDPRWIYSHK,5236,True,10,
14409,VNWRALRGVR,5236,True,10,
14410,MSPRGWTASG,5236,True,10,
14411,VQPRGWTGMW,5236,True,10,
14412,STPRGNAGSG,5236,True,10,
14413,GFVRGITASG,5236,True,10,
14414,QYPRSWHGNA,5236,True,10,
14415,SRVLGVYSLW,5236,True,10,
14416,AVSYALTGPL,5236,True,10,
14417,RSPRMLKGVF,5236,True,10,
14418,RYVRGMYGTA,5236,True,10,
14419,HNPRSWTSIK,5236,True,10,
14420,EPRSVRALGD,5236,True,10,
14421,GQPRNVHTAS,5236,True,10,
14422,CSPRGQTASG,5236,True,10,
14423,LNPRAYTGML,5236,True,10,
14424,ETPYGMWKSI,5236,True,10,
14425,EKPRGNFGPQ,5236,True,10,
14426,HQPRGVFVMW,5236,True,10,
14427,VPWGNMVGSR,5236,True,10,
14428,WTPKGMTASG,5236,True,10,
14429,PYGRPYAGMH,5236,True,10,
14430,QNPRAVYGLT,5236,True,10,
14431,GVPRGSTSMG,5236,True,10,
14432,SQPRNYLNSG,5236,True,10,
14433,RTPRGNVNHY,5236,True,10,
14434,IVPKLYINRV,5236,True,10,
14435,GSPRGVTQIT,5236,True,10,
14436,TRPRGSTASG,5236,True,10,
14437,MRPRSYFGMY,5236,True,10,
14438,DNVLGMYRHG,5236,True,10,
14439,FNPRSWTSPA,5236,True,10,
14440,WSPRTLIAQT,5236,True,10,
14441,VRPRGVTSGF,5236,True,10,
14442,PRPRGVFRVA,5236,True,10,
14443,PCPTGMRSWF,5236,True,10,
14444,ALPRAHRGHK,5236,True,10,
14445,PNVRSIKGPT,5236,True,10,
14446,RAPRGRTVAR,5236,True,10,
14447,MVPVWMHGWA,5236,True,10,
14448,PYPRSWIGQY,5236,True,10,
14449,MPWRAYTASG,5236,True,10,
14450,SVPRTIYGQR,5236,True,10,
14451,GTPRGVTHIG,5236,True,10,
14452,GPWRAFRAKT,5236,True,10,
14453,FYPRAVSANS,5236,True,10,
14454,KRVRSLWGVH,5236,True,10,
14455,DSPRGWTASG,5236,True,10,
14456,DTPYGNRGLW,5236,True,10,
14457,TYPRAWQGWF,5236,True,10,
14458,DPPRGVTALI,5236,True,10,
14459,VCPRSMKGTL,5236,True,10,
14460,YKPRGVRDSG,5236,True,10,
14461,AQPRGVKVGK,5236,True,10,
14462,ETVRGMYNSQ,5236,True,10,
14463,GYPRSWRTAS,5236,True,10,
14464,VSPRLYFGLF,5236,True,10,
14465,KWPRGNTSIG,5236,True,10,
14466,HMGRAMYDIA,5236,True,10,
14467,DHVRGIYSQS,5236,True,10,
14468,VPWGAMHGEH,5236,True,10,
14469,PRPRSNLGQF,5236,True,10,
14470,WRVRGVYANT,5236,True,10,
14471,WMPRGVTDPS,5236,True,10,
14472,SFVRAVWDPS,5236,True,10,
14473,IRPRNYYGWF,5236,True,10,
14474,SQPRFLYGSF,5236,True,10,
14475,GFPRSMAGPH,5236,True,10,
14476,SVPRAVASLK,5236,True,10,
14477,IVPTGSGDTG,5236,True,10,
14478,WLWQGMWSGH,5236,True,10,
14479,ETMWAWAGFY,5236,True,10,
14480,PGPRSTFGRH,5236,True,10,
14481,QHPRAFHALF,5236,True,10,
14482,VYPRPFSGMA,5236,True,10,
14483,LTPKGMISGW,5236,True,10,
14484,IYPTGMKSRK,5236,True,10,
14485,HMPRSYRGWG,5236,True,10,
14486,AIPRYWTGPT,5236,True,10,
14487,GDPRSYTGHK,5236,True,10,
14488,GPWYGIRAWR,5236,True,10,
14489,RPPRGVIDMT,5236,True,10,
14490,RHPRNIRGLK,5236,True,10,
14491,PWVAGTHDIR,5236,True,10,
14492,VPPRNVLNHV,5236,True,10,
14493,VFPRSMLGMT,5236,True,10,
14494,RPRFKRAISP,5236,True,10,
14495,RKPVGYTGVK,5236,True,10,
14496,WRPSHWTAGH,5236,True,10,
14497,VMGRAYIGEG,5236,True,10,
14498,QTPRAYQGLA,5236,True,10,
14499,QGPVSMWGWK,5236,True,10,
14500,TASGRLWGMG,5236,True,10,
14501,LEPRNSMGPW,5236,True,10,
14502,GSPRKFIGVI,5236,True,10,
14503,RTPRGNRAIG,5236,True,10,
14504,FSPRWLMGKG,5236,True,10,
14505,MNPRSNHGHK,5236,True,10,
14506,QAPRFMRGEG,5236,True,10,
14507,KQPYGMRNWI,5236,True,10,
14508,RVPRGVRDIT,5236,True,10,
14509,LFPRGQVDWT,5236,True,10,
14510,SPPRAYQGVW,5236,True,10,
14511,VRPRSWISEF,5236,True,10,
14512,LPRFVRLVSL,5236,True,10,
14513,TYPRGSGVGF,5236,True,10,
14514,YSPRTLYGAI,5236,True,10,
14515,GQPRGNTASG,5236,True,10,
14516,FDPRSDLSWV,5236,True,10,
14517,RTPKGQVAGR,5236,True,10,
14518,PCPRGVRDQA,5236,True,10,
14519,AFPRGNTGHQ,5236,True,10,
14520,SFPRPIMAPG,5236,True,10,
14521,KWPRGNMYPK,5236,True,10,
14522,TRPRGVTASG,5236,True,10,
14523,HTPRGSYSPH,5236,True,10,
14524,GHPRGQFSMQ,5236,True,10,
14525,PVVRAHWAPH,5236,True,10,
14526,PCPYGMASIA,5236,True,10,
14527,VVPRAVTASG,5236,True,10,
14528,VRWSGLFGVK,5236,True,10,
14529,TRPRTLYGMT,5236,True,10,
14530,DVPSWLIGSY,5236,True,10,
14531,PYVRGMHGPR,5236,True,10,
14532,GSPRGVFSQS,5236,True,10,
14533,QTPRGNTVTG,5236,True,10,
14534,SHPIGIYSMG,5236,True,10,
14535,PAPRSWVGPT,5236,True,10,
14536,TWGRALNRPS,5236,True,10,
14537,WHPRSMTASG,5236,True,10,
14538,WYPRGSKSNL,5236,True,10,
14539,HSPRGVTVIL,5236,True,10,
14540,PDPQGVHAHG,5236,True,10,
14541,IMPRSYMGAS,5236,True,10,
14542,LQPRSNIGRW,5236,True,10,
14543,LRPVYWVAPA,5236,True,10,
14544,LPTRWLYGIY,5236,True,10,
14545,RPPRGVRVPS,5236,True,10,
14546,LYPRGVRSPS,5236,True,10,
14547,VMPKGMHGPR,5236,True,10,
14548,YAKGEHAMKR,5236,True,10,
14549,YWYNSMYGMQ,5236,True,10,
14550,RAPRGVTASG,5236,True,10,
14551,INPRGMVTAS,5236,True,10,
14552,IEPRSHRGPR,5236,True,10,
14553,GAPKGSHVAY,5236,True,10,
14554,LAVRSLWGTG,5236,True,10,
14555,AHPKGMTASG,5236,True,10,
14556,DTPRYWVGAG,5236,True,10,
14557,ENPLGEHSTG,5236,True,10,
14558,YFPRGWIVTW,5236,True,10,
14559,TFPSGFWNMT,5236,True,10,
14560,NRFRGLVSMF,5236,True,10,
14561,VEHTWSFDGA,5236,True,10,
14562,VHPRGMRSHS,5236,True,10,
14563,PTPSGWTAIG,5236,True,10,
14564,SNPRGVMYPI,5236,True,10,
14565,ASPRYLYGVG,5236,True,10,
14566,QHWYGLRAPG,5236,True,10,
14567,GSPRGQVNGV,5236,True,10,
14568,IMPRNYAGPL,5236,True,10,
14569,NFPRGQVMLR,5236,True,10,
14570,TQPRDIKGVI,5236,True,10,
14571,SHPRVLVGSK,5236,True,10,
14572,KLPRAVTGSR,5236,True,10,
14573,NFARSLQSLW,5236,True,10,
14574,ASPRNFYSQY,5236,True,10,
14575,EVARAWSGLG,5236,True,10,
14576,WTPRSDTASG,5236,True,10,
14577,CTVRGMYAMR,5236,True,10,
14578,APEHYVPPSA,5236,True,10,
14579,HRPSHYWGTS,5236,True,10,
14580,KNPRGVKGMA,5236,True,10,
14581,TYPRGMKTAH,5236,True,10,
14582,YWPRAIYSVF,5236,True,10,
14583,PARVKRSDGP,5236,True,10,
14584,TFPRNFKGWS,5236,True,10,
14585,MPTRWLWGHS,5236,True,10,
14586,LFPKGVHDTH,5236,True,10,
14587,TRPRSLSAGR,5236,True,10,
14588,NRCFAWMSIY,5236,True,10,
14589,VSPRGVTASG,5236,True,10,
14590,YSPRAFYGMH,5236,True,10,
14591,VTPRGQVVAL,5236,True,10,
14592,YSPRGQVTLY,5236,True,10,
14593,RSPKGVTDPA,5236,True,10,
14594,SGPRQVYVTA,5236,True,10,
14595,TVPKSIYAPG,5236,True,10,
14596,GFPRSWRTMS,5236,True,10,
14597,VTPREVYGVT,5236,True,10,
14598,WFPQGMKTPT,5236,True,10,
14599,AGPKGMKGIF,5236,True,10,
14600,QNPRSYIGSG,5236,True,10,
14601,WPVGSLFSLP,5236,True,10,
14602,HQPRNVKGAG,5236,True,10,
14603,WGVRGMWSAH,5236,True,10,
14604,STVRGMHGNS,5236,True,10,
14605,TRPRPVTASG,5236,True,10,
14606,FSPRSWRAGA,5236,True,10,
14607,KSPRGVTDHA,5236,True,10,
14608,KSPRGVVGPH,5236,True,10,
14609,IESRGIQSQY,5236,True,10,
14610,IVPRGVHGNH,5236,True,10,
14611,GFTRGLISRF,5236,True,10,
14612,APCSWAHILH,5236,True,10,
14613,GTPRGNTSAG,5236,True,10,
14614,IWCFMNPTMG,5236,True,10,
14615,WPARGNVQMK,5236,True,10,
14616,FRPRGVTVMV,5236,True,10,
14617,FRVLGLIDAH,5236,True,10,
14618,AMPRAFWDVG,5236,True,10,
14619,GCPRMMYGSY,5236,True,10,
14620,ERPRAYMGWS,5236,True,10,
14621,PIPRAVQDHR,5236,True,10,
14622,WFPRGVRYTA,5236,True,10,
14623,LNPRSHRTAS,5236,True,10,
14624,ISWRALTGMQ,5236,True,10,
14625,TNPSWLYVAQ,5236,True,10,
14626,GAPRGSTASG,5236,True,10,
14627,KYPRPIKARY,5236,True,10,
14628,SKPVNYIGPF,5236,True,10,
14629,RSPRNWKGTG,5236,True,10,
14630,WRPRGMKTEA,5236,True,10,
14631,LCPLSWRVMG,5236,True,10,
14632,VNPSGWTASG,5236,True,10,
14633,GRPGWLSGQG,5236,True,10,
14634,IGTPRAHAKW,5236,True,10,
14635,AWPRGSVDPF,5236,True,10,
14636,GFPRGVATAS,5236,True,10,
14637,KVPNGMWVGF,5236,True,10,
14638,PSWRAFTASG,5236,True,10,
14639,WHPSGWTNIY,5236,True,10,
14640,VTVKGMNSPG,5236,True,10,
14641,MGPRSWIGIK,5236,True,10,
14642,AKPRGVTASG,5236,True,10,
14643,TFPRGWTAKH,5236,True,10,
14644,GMPRYVRDHG,5236,True,10,
14645,IRPRDYIGKR,5236,True,10,
14646,GHPRSHRTAS,5236,True,10,
14647,VLPRSWSGMA,5236,True,10,
14648,QLPRSWTNPW,5236,True,10,
14649,WIPVWMVGIT,5236,True,10,
14650,SVPRGVTASG,5236,True,10,
14651,IRVRGMYGWH,5236,True,10,
14652,LRVRGVYGHF,5236,True,10,
14653,RAPNGVRGAY,5236,True,10,
14654,NMPRSWTGNG,5236,True,10,
14655,STPVGFRGIW,5236,True,10,
14656,LWPRQVWSRI,5236,True,10,
14657,YSPRGMKTQF,5236,True,10,
14658,QMPRAFVAHF,5236,True,10,
14659,PRPRSWAGGF,5236,True,10,
14660,WMPRSWFGAH,5236,True,10,
14661,LTVRGMYGPG,5236,True,10,
14662,SRPRTLWTMK,5236,True,10,
14663,GWPRGQTGPG,5236,True,10,
14664,EVRVMGHSTS,5236,True,10,
14665,RQPRGVRNGY,5236,True,10,
14666,TPVRGVYDPR,5236,True,10,
14667,MYVRGMRGNL,5236,True,10,
14668,LMPRSWIGHA,5236,True,10,
14669,PVPRYWTASG,5236,True,10,
14670,PSAKGVYSTH,5236,True,10,
14671,HQPRGVRVAH,5236,True,10,
14672,TNARSLWDWS,5236,True,10,
14673,YTPSGFWATV,5236,True,10,
14674,LPWHGMTASG,5236,True,10,
14675,YIPTAFRGLY,5236,True,10,
14676,VTPLGQIDLF,5236,True,10,
14677,CAPRGQSVSG,5236,True,10,
14678,LSRFPRLGSE,5236,True,10,
14679,HKPRGQTGPS,5236,True,10,
14680,RTPRGNRTHY,5236,True,10,
14681,RTPRGNFGPK,5236,True,10,
14682,AGPQWVHAPI,5236,True,10,
14683,WAVRSLHGNF,5236,True,10,
14684,SHPRGVTASG,5236,True,10,
14685,VNPRSWRGQY,5236,True,10,
14686,HTVRGMASAF,5236,True,10,
14687,HWPRGVISWT,5236,True,10,
14688,KYPRGNVDRG,5236,True,10,
14689,MKPRNVTGMY,5236,True,10,
14690,WHPVGQIGKT,5236,True,10,
14691,IHPRSWRTHA,5236,True,10,
14692,WVPRGVTASG,5236,True,10,
14693,RFPIGIYSGQ,5236,True,10,
14694,GQPRSWIGTQ,5236,True,10,
14695,PGPVNFLDQA,5236,True,10,
14696,LIPRPVMGPT,5236,True,10,
14697,SYARAMSGIS,5236,True,10,
14698,QPYRGLWGIG,5236,True,10,
14699,FPWVAFTSWA,5236,True,10,
14700,YPSRHMHQMY,5236,True,10,
14701,PRPRGVMGIQ,5236,True,10,
14702,ATPRYWYGLG,5236,True,10,
14703,VYSRGWTASG,5236,True,10,
14704,FTPRGNWSIY,5236,True,10,
14705,SMPRKFIGTF,5236,True,10,
14706,CHPRGYMGMG,5236,True,10,
14707,STVRGMTASG,5236,True,10,
14708,TRPVGLHGPL,5236,True,10,
14709,VSVRGVSKRF,5236,True,10,
14710,GVPRAVTASG,5236,True,10,known_sequence
14711,MDPRSYTGTK,5236,True,10,
14712,TDVIGMRSPF,5236,True,10,
14713,QNPRLYLGHG,5236,True,10,
14714,YGPRGSTASG,5236,True,10,
14715,KTVRGMYDSQ,5236,True,10,
14716,RPPRVLYASG,5236,True,10,
14717,THPINMWTRV,5236,True,10,
14718,VEPKGMHDPT,5236,True,10,
14719,PGPVPMWGPK,5236,True,10,
14720,TNPVWMTGIT,5236,True,10,
14721,YFPKGVTVTH,5236,True,10,
14722,DFPRGQSLGR,5236,True,10,
14723,NTPRSMLGSY,5236,True,10,
14724,PVPRAWHAPV,5236,True,10,
14725,HKPRSMYDMG,5236,True,10,
14726,LWYRGLYAMG,5236,True,10,
14727,FYPRAFSGVH,5236,True,10,
14728,QSPRWLTGIY,5236,True,10,
14729,WTPRGNVTIT,5236,True,10,
14730,TSPKAMTGIR,5236,True,10,
14731,QNPRVYTGMW,5236,True,10,
14732,YGVRAVYALK,5236,True,10,
14733,YRMLHMHAKL,5236,True,10,
14734,GSPRTLVTAS,5236,True,10,
14735,RFPIGWTASG,5236,True,10,
14736,HAPRNVLGHF,5236,True,10,
14737,IYPRSHRGSW,5236,True,10,
14738,LDPRGSTSMV,5236,True,10,
14739,VHGRPLTASG,5236,True,10,
14740,WFVRGMLGPF,5236,True,10,
14741,QNPYGMLTGK,5236,True,10,
14742,YTPRAVKGMG,5236,True,10,
14743,FKPVGNFGTW,5236,True,10,
14744,LSPRYWRTGR,5236,True,10,
14745,RVPRPVLDAT,5236,True,10,
14746,PYPRGVKDTK,5236,True,10,
14747,GYPRAFYGVK,5236,True,10,
14748,LWHRAMIGPW,5236,True,10,
14749,VWPREVIAEW,5236,True,10,
14750,RNVKGMYGIH,5236,True,10,
14751,YTPRGNITSA,5236,True,10,
14752,VYPRAFYGIQ,5236,True,10,
14753,VRPRQYKGSK,5236,True,10,
14754,TAPRSHRSPT,5236,True,10,
14755,VRAWGIYGTF,5236,True,10,
14756,KMPRTLYRHG,5236,True,10,
14757,VYPRAFKGMT,5236,True,10,
14758,DAPRSDTGAS,5236,True,10,
14759,PIPRPVRTLG,5236,True,10,
14760,FAPRGSMDHQ,5236,True,10,
14761,TLPRAMFGNH,5236,True,10,
14762,SEPRGVFDVG,5236,True,10,
14763,VTPRSNFSAY,5236,True,10,
14764,QWPRWLMGEL,5236,True,10,
14765,QPVYGMYSRS,5236,True,10,
14766,QRPKGVTASG,5236,True,10,
14767,WQPRNYIGMT,5236,True,10,
14768,WCPRGRSGPA,5236,True,10,
14769,SRPRPLIGTA,5236,True,10,
14770,GMPRAVFGNT,5236,True,10,
14771,EHIAYGTSPC,5236,True,10,
14772,ATPRGNIVRH,5236,True,10,
14773,KMWRAFYGKH,5236,True,10,
14774,PLGRALTGPY,5236,True,10,
14775,VSVRGVHFHV,5236,True,10,
14776,LPTRGMQKGY,5236,True,10,
14777,TPPRGVKVQV,5236,True,10,
14778,SQPVGMTGMY,5236,True,10,
14779,VSVHGVRGQR,5236,True,10,
14780,MHPRSWISMT,5236,True,10,
14781,TYPRNSKSMY,5236,True,10,
14782,FTPRGNSAVF,5236,True,10,
14783,GRPRTLVGSK,5236,True,10,
14784,ETPGWLFSTW,5236,True,10,
14785,YWCRPNMARG,5236,True,10,
14786,LHFGPLWGTY,5236,True,10,
14787,VDPYGMRGPR,5236,True,10,
14788,VTPRSNIGPH,5236,True,10,
14789,KYPRGMKGLR,5236,True,10,
14790,ITPIEIVSQL,5236,True,10,
14791,VYPRGNRGMS,5236,True,10,
14792,SGPKGVMSTA,5236,True,10,
14793,IQPIPFWSTR,5236,True,10,
14794,VGYPQIRSWT,5236,True,10,
14795,IFPRPVSDGG,5236,True,10,
14796,LTVRGMYATH,5236,True,10,
14797,SAPTGSTASG,5236,True,10,
14798,KYPRGVTSQR,5236,True,10,
14799,ATVRGLTGPA,5236,True,10,
14800,YKPLGQHSAY,12744,True,10,
14801,VSPREIHAPS,12744,True,10,
14802,VGPRAVFSRS,12744,True,10,
14803,HVPRQVHGMY,12744,True,10,
14804,TGRPERLTAS,12744,True,10,
14805,VGVRAIWGSF,12744,True,10,
14806,GHPRGSTASG,12744,True,10,
14807,QMPRSYRGVG,12744,True,10,
14808,GSPRGWTVGS,12744,True,10,
14809,FIPMWSRGHL,12744,True,10,
14810,HDPYGYRGTF,12744,True,10,
14811,GWPRGSTASG,12744,True,10,
14812,YIPTAFHGHK,12744,True,10,
14813,SVPRASTVET,12744,True,10,
14814,VRPRPFMGMG,12744,True,10,
14815,AGWRAYAGPS,12744,True,10,
14816,RSPRSWVGEA,12744,True,10,
14817,VSPSGFRGIG,12744,True,10,
14818,LGPRSYTSMG,12744,True,10,
14819,GTPRSVLGWF,12744,True,10,
14820,MKPRGVISHF,12744,True,10,
14821,LCTRMSVNWK,12744,True,10,
14822,FAVRGVHGNH,12744,True,10,
14823,PVVRGVRSIF,12744,True,10,
14824,QSPRYWRGVR,12744,True,10,
14825,VLYRAYHKSA,12744,True,10,
14826,PVPRGVRGVT,12744,True,10,
14827,NAVRAFTASG,12744,True,10,
14828,YQPRAYRGAS,12744,True,10,
14829,RPVRNVYAQI,12744,True,10,
14830,LWVFWYAGHA,12744,True,10,
14831,HGPRSYLGVA,12744,True,10,
14832,LIPAWSHGHL,12744,True,10,
14833,TPVWGIYSEA,12744,True,10,
14834,GYPRAVLGAW,12744,True,10,
14835,RAPRSMHGIH,12744,True,10,
14836,GKPRGYVSTI,12744,True,10,
14837,GNPVGMHGMI,12744,True,10,
14838,GIPRAVSGRW,12744,True,10,
14839,NAYRSLMNQG,12744,True,10,
14840,VGVRSVYGTA,12744,True,10,
14841,RNPASFAGMG,12744,True,10,
14842,QVPRAVYSMT,12744,True,10,
14843,GVPRAVYGRA,12744,True,10,
14844,VFPRGFHGNG,12744,True,10,
14845,DNSLAMHVVK,12744,True,10,
14846,TFVRAFYSNF,12744,True,10,
14847,PRYRSLFASY,12744,True,10,
14848,WFAFHIFGTW,12744,True,10,
14849,NIPRPVAHYV,12744,True,10,
14850,TIPRGVHSQH,12744,True,10,
14851,VTPRQVFGKG,12744,True,10,
14852,DMLRSFHGVG,12744,True,10,
14853,YVPRQVFVPA,12744,True,10,
14854,HVPRQVYSGV,12744,True,10,
14855,FEVSAVHAVG,12744,True,10,
14856,GRPRAFSGET,12744,True,10,
14857,WVRPRTSAEK,12744,True,10,
14858,TNPAWMLGAL,12744,True,10,
14859,STVRGMYNMF,12744,True,10,
14860,SGPSGVRQTA,12744,True,10,
14861,FRPRGSTASG,12744,True,10,
14862,GFPRSHIAMF,12744,True,10,
14863,MGPRGSWYTA,12744,True,10,
14864,SRPRTYMLMF,12744,True,10,
14865,FYPRAYHGAL,12744,True,10,
14866,PQPRNYVGKY,12744,True,10,
14867,SGPQWMIGTA,12744,True,10,
14868,KHPRGLAGWI,12744,True,10,
14869,NHPTGLMSLH,12744,True,10,
14870,PMVSWQSWIG,12744,True,10,
14871,LPTRWLFGHW,12744,True,10,
14872,VSPRTFTGPI,12744,True,10,
14873,MNGRAYHAIY,12744,True,10,
14874,LGPRSYLGIF,12744,True,10,
14875,RMWRAYFGGF,12744,True,10,
14876,LSPRQVIAPI,12744,True,10,
14877,TSPRYFRGIT,12744,True,10,
14878,RYVRAFYGLH,12744,True,10,
14879,WAPTGMSGTK,12744,True,10,
14880,AGPRFWAGMH,12744,True,10,
14881,TRVLAYHSGH,12744,True,10,
14882,FVPRGSTSHA,12744,True,10,
14883,NKVSNWSGAT,12744,True,10,
14884,TAVRSWFGIF,12744,True,10,
14885,MGVSWLFGQG,12744,True,10,
14886,SWIRAYSGMS,12744,True,10,
14887,RGQSGFLAVL,12744,True,10,
14888,HKPRNYLGIW,12744,True,10,
14889,GEYRGMRGKA,12744,True,10,
14890,ITPRTYASVS,12744,True,10,
14891,TRPRGSMGHR,12744,True,10,
14892,TVPRAVTAHR,12744,True,10,
14893,PTPKGVHGTF,12744,True,10,
14894,WGARGIFGVR,12744,True,10,
14895,FYPWGNGSHK,12744,True,10,
14896,GMPSGFYSMQ,12744,True,10,
14897,NFPRGSTASG,12744,True,10,
14898,VGPRSVYGVG,12744,True,10,
14899,IRPRSYLGVW,12744,True,10,
14900,AQPRYWSNMY,12744,True,10,
14901,KSPRGFTASG,12744,True,10,
14902,NSPSSYRGNG,12744,True,10,
14903,PSPRYLFGPS,12744,True,10,
14904,PWPRGVKGQG,12744,True,10,
14905,YIVSAFYGHI,12744,True,10,
14906,NSPYGMHSHG,12744,True,10,
14907,RNPRSDYSGF,12744,True,10,
14908,RAPRGVWSEG,12744,True,10,
14909,SAPRPFSAHG,12744,True,10,
14910,TGVSWYHSHI,12744,True,10,
14911,MGYPRFLYTT,12744,True,10,
14912,RTPIGMYDPK,12744,True,10,
14913,PKPGHWIGAF,12744,True,10,
14914,PVRPGCSPYK,12744,True,10,
14915,HGPRSYHGMY,12744,True,10,
14916,FVPRQVIVVG,12744,True,10,
14917,CAPRGVFNMH,12744,True,10,
14918,KIPYGMHGPY,12744,True,10,
14919,VLPRSWTGVQ,12744,True,10,
14920,KIPRASYSVI,12744,True,10,
14921,AFARGIFAVI,12744,True,10,
14922,SLPRVFWGPQ,12744,True,10,
14923,THARGVRGVY,12744,True,10,
14924,WVPSGVHANY,12744,True,10,
14925,VKPSGVWAHS,12744,True,10,
14926,GFPRGVFAKA,12744,True,10,
14927,ESVFWMWGTG,12744,True,10,
14928,LHSEGLRGIK,12744,True,10,
14929,HGPRGSFSGK,12744,True,10,
14930,RNPLGQISVS,12744,True,10,
14931,GPVYGMSGPT,12744,True,10,
14932,SYPSGWKGRQ,12744,True,10,
14933,YNHVWAPFPT,12744,True,10,
14934,WRVGNFAGPV,12744,True,10,
14935,KCPSASTGPH,12744,True,10,
14936,SGPRGVFNTA,12744,True,10,
14937,RTPSGLFATF,12744,True,10,
14938,KVPRGVWGHG,12744,True,10,
14939,APNPTMPSTG,12744,True,10,
14940,NTPRGVLGHF,12744,True,10,
14941,QTPRGYTGVL,12744,True,10,
14942,KGPRGVADHG,12744,True,10,
14943,SQPRSYIGAR,12744,True,10,
14944,RTPRGVMAPR,12744,True,10,
14945,APRARFSATI,12744,True,10,
14946,NRPRSLYAGF,12744,True,10,
14947,GPVRGVKWNH,12744,True,10,
14948,THPRSYLGVG,12744,True,10,
14949,MKPRSYTGAY,12744,True,10,
14950,VSVNAFYGIG,12744,True,10,
14951,GRPRSYIGHA,12744,True,10,
14952,KYHAHMYGWY,12744,True,10,
14953,QTPRQYRGPH,12744,True,10,
14954,SVPRAVQGIV,12744,True,10,
14955,RAPSGVQAMI,12744,True,10,
14956,AQPRYMNGAY,12744,True,10,
14957,YHPRSYFGAY,12744,True,10,
14958,KWFWSHANRY,12744,True,10,
14959,GWPRAVSGMF,12744,True,10,
14960,QYPRAFKGSW,12744,True,10,
14961,HSPFGMWGLG,12744,True,10,
14962,GRVYGMYTAS,12744,True,10,
14963,GKPRSYIGTA,12744,True,10,
14964,RLPAHWLGTG,12744,True,10,
14965,YTPRGSYSGT,12744,True,10,
14966,SMPRQVIAPF,12744,True,10,
14967,IGPAGMKGPY,12744,True,10,
14968,FGPRSYRSKY,12744,True,10,
14969,TIPRPYMGVL,12744,True,10,
14970,MTPRGSASGH,12744,True,10,
14971,TPVAGMSGVH,12744,True,10,
14972,YDVYGLTGQG,12744,True,10,
14973,GRVLGVRGMI,12744,True,10,
14974,AGPRSYHGWF,12744,True,10,
14975,VRPRAYFGTF,12744,True,10,
14976,FMARGMYGVH,12744,True,10,
14977,TMPRSYIGHK,12744,True,10,
14978,IQPRYWRGPG,12744,True,10,
14979,VQPRGVLSRG,12744,True,10,
14980,EVARAWTASG,12744,True,10,known_sequence
14981,APPRGVTGER,12744,True,10,
14982,YKPAGMYANW,12744,True,10,
14983,AHPLGFTASG,12744,True,10,
14984,IYPRAYIGPR,12744,True,10,
14985,HVWMHMYSVG,12744,True,10,
14986,QVPRQVKGPK,12744,True,10,
14987,MAWAGMRGIT,12744,True,10,
14988,AGPAPMLGMV,12744,True,10,
14989,PQPRGVFGPG,12744,True,10,
14990,VPPVHLWGVI,12744,True,10,
14991,PGPRAVLGHG,12744,True,10,
14992,KAPRGSWGMV,12744,True,10,
14993,RIHRAYFAMG,12744,True,10,
14994,QRPRSMYGPF,12744,True,10,
14995,EARFRRLPAR,12744,True,10,
14996,NTPRGVIGYQ,12744,True,10,
14997,SRPRVYSGMI,12744,True,10,
14998,WVPRMVIGMH,12744,True,10,
14999,HRPRGVTASG,12744,True,10,
15000,QHPRQVYAIA,12744,True,10,
15001,KQPRGVFAGF,12744,True,10,
15002,MDPRGSHGNI,12744,True,10,
15003,MRVRGVHGNV,12744,True,10,
15004,TSPGWYTGSV,12744,True,10,
15005,RWPAGWFGMS,12744,True,10,
15006,MGPVGMHSQG,12744,True,10,
15007,GCPRGFRGRF,12744,True,10,
15008,WYPAGSTGHF,12744,True,10,
15009,TKPRGVTASG,12744,True,10,
15010,SRPVHYHGWI,12744,True,10,
15011,TVPRGVTASG,12744,True,10,
15012,GWEYFPINLT,12744,True,10,
15013,GSVRGVYSTA,12744,True,10,
15014,PMPRYLSGFV,12744,True,10,
15015,RVPSGVHAIY,12744,True,10,
15016,TLIRYMCGIF,12744,True,10,
15017,FHSYPRPYKW,12744,True,10,
15018,TMPRAYISMY,12744,True,10,
15019,TDPWGWHGAV,12744,True,10,
15020,TWVAVIWSGF,12744,True,10,
15021,ASPRYMWSHI,12744,True,10,
15022,KRPSPFWGPK,12744,True,10,
15023,TVPSGVYGNR,12744,True,10,
15024,TRPRSYIGAK,12744,True,10,
15025,TGPRSYTGHL,12744,True,10,
15026,HFPASFTGSG,12744,True,10,
15027,TLVRSWTASG,12744,True,10,
15028,TYPRAYHGMI,12744,True,10,
15029,QWPRGVAGAG,12744,True,10,
15030,MHPRGNTGLS,12744,True,10,
15031,VGPRGVFSVA,12744,True,10,
15032,QTVRGCHYSG,12744,True,10,
15033,HVPRQVYGQY,12744,True,10,
15034,MSPRVIFQMT,12744,True,10,
15035,DMPRSWGGNT,12744,True,10,
15036,FGTRNLYGAK,12744,True,10,
15037,QKVLNYTGSI,12744,True,10,
15038,VHARSLHGWG,12744,True,10,
15039,FEPRNQASGT,12744,True,10,
15040,LMGSHLTASG,12744,True,10,
15041,SAPRGFKSPQ,12744,True,10,
15042,KVPRAVKSHY,12744,True,10,
15043,IPYFPVMGAR,12744,True,10,
15044,RAPAGVTGHY,12744,True,10,
15045,NEPRSVYGQS,12744,True,10,
15046,VGPSGVRYTY,12744,True,10,
15047,YQPRGDGMVK,12744,True,10,
15048,RVPRGVTGVF,12744,True,10,
15049,WPRPYRPVLG,12744,True,10,
15050,SWVRGFYRML,12744,True,10,
15051,VSPRQYLGTS,12744,True,10,
15052,GRPHWVFAEQ,12744,True,10,
15053,MGPRAVAQSG,12744,True,10,
15054,NRPAWLSGSQ,12744,True,10,
15055,LIPSWSLGTS,12744,True,10,
15056,VRPRGVFTAS,12744,True,10,
15057,NVARGVKGPK,12744,True,10,
15058,MWPRGSMAHT,12744,True,10,
15059,RMPRGVFGMA,12744,True,10,
15060,KSPRMYTGTS,12744,True,10,
15061,WLPRAVMGVQ,12744,True,10,
15062,KSPRGMHSTY,12744,True,10,
15063,GMPRYPRQAG,12744,True,10,
15064,YVFQRLMGIG,12744,True,10,
15065,GVPRAVYGEK,12744,True,10,
15066,TGLGTLYGPQ,12744,True,10,
15067,GSGVAWTASG,12744,True,10,
15068,RSPRFLYGVG,12744,True,10,
15069,HGPASMKAVY,12744,True,10,
15070,KGPVYYQGSR,12744,True,10,
15071,RNPVGQIGHA,12744,True,10,
15072,VAPRGVTASG,12744,True,10,
15073,IGVFSNSGIV,12744,True,10,
15074,LVNVPKNAIF,12744,True,10,
15075,YRPRGSGPIK,12744,True,10,
15076,GQGYKVFLNS,12744,True,10,
15077,GRPRPVTASG,12744,True,10,
15078,VIPTGFYAKG,12744,True,10,
15079,AGPRSYTASG,12744,True,10,
15080,SGPRSMLGTA,12744,True,10,
15081,LHPRGWFGPG,12744,True,10,
15082,FRPRGVHGVA,12744,True,10,
15083,MLPRAYAGLH,12744,True,10,
15084,VEYRGFYSMG,12744,True,10,
15085,PKWYGMTASG,12744,True,10,
15086,EIVRGVFSWV,12744,True,10,
15087,QTPRSVTGES,12744,True,10,
15088,ASPRAVYGQH,12744,True,10,
15089,QRPRKYHGQY,12744,True,10,
15090,TMPVHMLGVG,12744,True,10,
15091,SGPRGVHVTA,12744,True,10,
15092,RPRKPRTSPA,12744,True,10,
15093,MAWSNIAGWK,12744,True,10,
15094,GPVRSWRGVY,12744,True,10,
15095,GAPRAFGSGV,12744,True,10,
15096,SMVRGVYGVH,12744,True,10,
15097,CTPRGNTGNF,12744,True,10,
15098,DGPYGSTASG,12744,True,10,
15099,TAVRSWAGIP,12744,True,10,
15100,HRPRGSVGMR,12744,True,10,
15101,VKPSGVMSPH,12744,True,10,
15102,KVPSGVFYHG,12744,True,10,
15103,HSPRSYIGAG,12744,True,10,
15104,VSPHGFTASG,12744,True,10,
15105,NFPRGVTVRQ,12744,True,10,
15106,FEVFARHVHG,12744,True,10,
15107,VWPRAYTGHG,12744,True,10,
15108,VSPRQVIAGS,12744,True,10,
15109,HYPMGMTGPY,12744,True,10,
15110,VDVRGMYGTV,12744,True,10,
15111,ILNSPRDWGP,12744,True,10,
15112,GRPRGVFATH,12744,True,10,
15113,TRPRSYHGPY,12744,True,10,
15114,RQPRNVQGMA,12744,True,10,
15115,RNPVGMHSLY,12744,True,10,
15116,WVPLGVRSMY,12744,True,10,
15117,YGTRWMTGGS,12744,True,10,
15118,GTVRGVYSVG,12744,True,10,
15119,TRPRGVFSQG,12744,True,10,
15120,PGPRPAPRHS,12744,True,10,
15121,GMPLGFHGTW,12744,True,10,
15122,RWPREVTGSF,12744,True,10,
15123,FYPRGSMSMG,12744,True,10,
15124,WVPRGVTGMG,12744,True,10,
15125,NYPSWSYSLW,12744,True,10,
15126,RLPRGVTASG,12744,True,10,
15127,FVPVWMIGSD,12744,True,10,
15128,HYPRGYTASG,12744,True,10,
15129,YEPRNFLGAY,12744,True,10,
15130,TSPRGVTASG,12744,True,10,
15131,SFTSRGYWMY,12744,True,10,
15132,CAPVAFYGIS,12744,True,10,
15133,RVPRMLWGIR,12744,True,10,
15134,FQPVAFYAQG,12744,True,10,
15135,GSPRVFYSAT,12744,True,10,
15136,PGPSNYWGNR,12744,True,10,
15137,STVRGVSGAG,12744,True,10,
15138,TKRPRRSPAI,12744,True,10,
15139,RDWRAFFNGW,12744,True,10,
15140,RNWRAYQGPL,12744,True,10,
15141,GAPYGMRGTG,12744,True,10,
15142,YIPAGVHAGH,12744,True,10,
15143,VTPRQVKGMQ,12744,True,10,
15144,YAPRGSTGQF,12744,True,10,
15145,WSPLGYTGSY,12744,True,10,
15146,GFPRSHISHG,12744,True,10,
15147,THVRAIYGAY,12744,True,10,
15148,PRVRGVTASG,12744,True,10,
15149,WRPYGMTGIA,12744,True,10,
15150,QPPRSVLGWK,12744,True,10,
15151,VMHQSLGGVW,12744,True,10,
15152,VTPRGSRAHA,12744,True,10,
15153,ARPRGVRGPY,12744,True,10,
15154,NYPRAVQSTV,12744,True,10,
15155,PRPRSDLSKF,12744,True,10,
15156,NPWAGMRATS,12744,True,10,
15157,PSPRMLYGLH,12744,True,10,
15158,AVTMWNHATI,12744,True,10,
15159,HQPRGVHGIG,12744,True,10,
15160,EWPRGSTASG,12744,True,10,
15161,YTPRGNFGKA,12744,True,10,
15162,VGWHSMVAGR,12744,True,10,
15163,NGSRGMKAPH,12744,True,10,
15164,SAHRSLMAGS,12744,True,10,
15165,WDPRGVRGMT,12744,True,10,
15166,RSPVGFYSVT,12744,True,10,
15167,RSPRGFTASG,12744,True,10,
15168,PARDVPFAVV,12744,True,10,
15169,SMPRGVTGRY,12744,True,10,
15170,WTPRGSTASG,12744,True,10,
15171,VMPSGFRGEG,12744,True,10,
15172,TRPRSYFGMA,12744,True,10,
15173,RAPRGVHGML,12744,True,10,
15174,SGPSTYWGTA,12744,True,10,
15175,YHPSGFTGSG,12744,True,10,
15176,APQLSVYPMS,12744,True,10,
15177,CHYSGPVNVR,12744,True,10,
15178,VTPLGQISIK,12744,True,10,
15179,PFPRGFHGTR,12744,True,10,
15180,MHMGSFPFVR,12744,True,10,
15181,GRPRSYRGIG,12744,True,10,
15182,NRPSWVLGMF,12744,True,10,
15183,NVPRAWSYGS,12744,True,10,
15184,AFPRAFSGQY,12744,True,10,
15185,PSPRGVRGHF,12744,True,10,
15186,FTVRGMWGMS,12744,True,10,
15187,MNVRGMYGPG,12744,True,10,
15188,KQPRGVRGSI,12744,True,10,
15189,SHPRTLMGTG,12744,True,10,
15190,MNPRGVMGHF,12744,True,10,
15191,GRPRGVMDFA,12744,True,10,
15192,HAPRGSHGQY,12744,True,10,
15193,GNPRSYHGSK,12744,True,10,
15194,YTPRQVTGTA,12744,True,10,
15195,RWPRAVWVMG,12744,True,10,
15196,VQWSGFYGEG,12744,True,10,
15197,PWPRGVRAQR,12744,True,10,
15198,IRPRGFGGMG,12744,True,10,
15199,QSWYGMRAIH,12744,True,10,
15200,VEPVGMHSHI,11326,True,10,
15201,VQCIVQALGP,11326,True,10,
15202,VAPRWMTGEG,11326,True,10,
15203,MKPVWMRGNW,11326,True,10,
15204,TMPRWMKGNS,11326,True,10,
15205,VKCHAYKAVS,11326,True,10,
15206,GVPRSWKSGH,11326,True,10,
15207,GAPRWLKGMG,11326,True,10,
15208,PKPVNQLGMQ,11326,True,10,
15209,EPPKWAQAHQ,11326,True,10,
15210,DNPEWMRGHT,11326,True,10,
15211,TRPAWMKGWQ,11326,True,10,
15212,NIPRWSKGRQ,11326,True,10,
15213,NPAQWMTGHT,11326,True,10,
15214,SPVRWYMGQG,11326,True,10,
15215,QHPRWAHQGA,11326,True,10,
15216,SGPIWMHGTA,11326,True,10,
15217,PRPRWLSVHG,11326,True,10,
15218,TGPVSNMGRG,11326,True,10,
15219,ERPGWMRSGA,11326,True,10,
15220,ITPRHYTASG,11326,True,10,
15221,NYPRWLYALG,11326,True,10,
15222,WVPRWMKGHW,11326,True,10,
15223,GTPVWMYTAS,11326,True,10,
15224,SFPRWIMSWK,11326,True,10,
15225,GRPRWLYVSR,11326,True,10,
15226,DQPRSWTNPL,11326,True,10,
15227,WRPSWVTGMS,11326,True,10,
15228,DNPRWITASG,11326,True,10,
15229,TAWEHMRAPQ,11326,True,10,
15230,FNPGWMKGNG,11326,True,10,
15231,ERPRWLHGRG,11326,True,10,
15232,GAPRWMATAS,11326,True,10,
15233,KMPRWLNVIR,11326,True,10,
15234,DPWEHAMVPK,11326,True,10,
15235,GDPRWMAGPV,11326,True,10,
15236,YVPRWMKGNH,11326,True,10,
15237,EPLNWMISVR,11326,True,10,
15238,GQPRWIQGEK,11326,True,10,
15239,MVPRGVIGEH,11326,True,10,
15240,CEPRSYKGRS,11326,True,10,
15241,HQPRWMKGGF,11326,True,10,
15242,DTVFWMTAHT,11326,True,10,
15243,KQPRNVHNKS,11326,True,10,
15244,SIPRWSASRY,11326,True,10,
15245,AQPRWIKGHK,11326,True,10,
15246,SGVRAVRNTA,11326,True,10,
15247,GAPRWIKSMV,11326,True,10,
15248,CPVEWMKSWA,11326,True,10,
15249,AKPSGWYSPV,11326,True,10,
15250,LAPRWMQGQS,11326,True,10,
15251,TPPVWMHSML,11326,True,10,
15252,PRPMWMSGAK,11326,True,10,
15253,TSPRWSTGEH,11326,True,10,
15254,GFPRSLRTGM,11326,True,10,
15255,GNPRWMKTAS,11326,True,10,
15256,WAPRWATGRV,11326,True,10,
15257,FHEKPNHSYG,11326,True,10,
15258,PGPRWTGNGL,11326,True,10,
15259,NYPSWPIAMY,11326,True,10,
15260,WGPHWITASG,11326,True,10,
15261,GAPRWLYGWL,11326,True,10,
15262,CQPVWMRSGA,11326,True,10,
15263,KAPRWMAGQA,11326,True,10,
15264,FMPSWIKSMG,11326,True,10,
15265,DRPGWMLGEH,11326,True,10,
15266,MEPRWMKSHS,11326,True,10,
15267,LMPRWSTGTR,11326,True,10,
15268,EQPRHRYVKR,11326,True,10,
15269,DNPRWMYGNG,11326,True,10,
15270,HSPAWMRGMG,11326,True,10,
15271,EVARGMRGAF,11326,True,10,
15272,MVPRWLYGWG,11326,True,10,
15273,HTVRGMYSKG,11326,True,10,
15274,KRPRGMKGPG,11326,True,10,
15275,YRVRGVYSQT,11326,True,10,
15276,TSPKWLHSMG,11326,True,10,
15277,AIPRWSMGNF,11326,True,10,
15278,GARWKRQPAP,11326,True,10,
15279,SCPLGMYSRF,11326,True,10,
15280,TGPVWMKGPY,11326,True,10,
15281,ENPRWMKGRG,11326,True,10,
15282,DAPRGSQAMG,11326,True,10,
15283,VTPWAWHVTR,11326,True,10,
15284,GLPRWMYTAS,11326,True,10,
15285,RVPVWMKGWQ,11326,True,10,
15286,KVPRWMSGGT,11326,True,10,
15287,PRWRGMVAHK,11326,True,10,
15288,EQPSWIKVQH,11326,True,10,
15289,RMPRWIKANW,11326,True,10,
15290,AMPSWITGQA,11326,True,10,
15291,GQPRWMSTAS,11326,True,10,
15292,SEPVWMRGQG,11326,True,10,
15293,HGPRGMHSGF,11326,True,10,
15294,SAPRWMAGQS,11326,True,10,
15295,CKPRGMKTPK,11326,True,10,
15296,RTASHMYNPW,11326,True,10,
15297,YLPRWIRGWI,11326,True,10,
15298,DGPRWIHAPF,11326,True,10,
15299,DAPHWSNGPH,11326,True,10,
15300,NFPQWMHGHG,11326,True,10,
15301,TGPKWMKGPI,11326,True,10,
15302,QEPTWMRGPI,11326,True,10,
15303,GAPSWSMAQL,11326,True,10,
15304,TSPRWVAGRT,11326,True,10,
15305,SNPKWMRGVQ,11326,True,10,
15306,VGPRAVHAWY,11326,True,10,
15307,NIPRWIMAGF,11326,True,10,
15308,QMPRWLYAHT,11326,True,10,
15309,FPPRWSRSGA,11326,True,10,
15310,WPETKVMFRS,11326,True,10,
15311,RNPAWMRGMY,11326,True,10,
15312,WGVRAVTASG,11326,True,10,
15313,HRPRWLAVMG,11326,True,10,
15314,APWKGGMQVS,11326,True,10,
15315,DNPRWVHVEG,11326,True,10,
15316,SAPRWYKGHR,11326,True,10,
15317,RAPEWMHGNF,11326,True,10,
15318,WGRPVRPFDP,11326,True,10,
15319,VGPAWMVGTQ,11326,True,10,
15320,YFPRWMRTGH,11326,True,10,
15321,EGPRSMKDHM,11326,True,10,
15322,RVPRWYHGRM,11326,True,10,
15323,ERPGWMTGEK,11326,True,10,
15324,IPVRWYIGVF,11326,True,10,
15325,QVPRWSMGHT,11326,True,10,
15326,RIPRWMAGWR,11326,True,10,
15327,GPWHGMKTAS,11326,True,10,
15328,PFPSWMRHPT,11326,True,10,
15329,GHPQWMITAS,11326,True,10,
15330,PHPRWSHGIS,11326,True,10,
15331,PEWRAYIGQT,11326,True,10,
15332,VMPKGMHSMA,11326,True,10,
15333,QAPRGSRVLH,11326,True,10,
15334,PGPKWIMSTA,11326,True,10,
15335,QNSQAMHSIG,11326,True,10,
15336,YFPRGMKGHF,11326,True,10,
15337,TFPRGMKTFG,11326,True,10,
15338,YQPTGMHANR,11326,True,10,
15339,SIPRWLHAGH,11326,True,10,
15340,GMPRWMKHRA,11326,True,10,
15341,SGPAGMHQTA,11326,True,10,
15342,ERPKWMKHMT,11326,True,10,
15343,SGPRWIHGTA,11326,True,10,
15344,GRPSWSQVRK,11326,True,10,
15345,STPRGMHGRI,11326,True,10,
15346,AKPAGMKTGT,11326,True,10,
15347,NTPRWMQGRS,11326,True,10,
15348,DMPRWIMGNG,11326,True,10,
15349,RLPNWMHNHF,11326,True,10,
15350,GGPRWMKGMS,11326,True,10,
15351,QAPRWMKNGQ,11326,True,10,
15352,EPVRGMHSGW,11326,True,10,
15353,PQPRWMSGMK,11326,True,10,
15354,RASHPAGVGF,11326,True,10,
15355,QNPRWITVLG,11326,True,10,
15356,PWPRWIKGQV,11326,True,10,
15357,SGPSWIHSTA,11326,True,10,
15358,RDPQWMIYKT,11326,True,10,
15359,GHPRSWITAS,11326,True,10,
15360,AVPKWMWGTR,11326,True,10,
15361,FMPRWASTQG,11326,True,10,
15362,MIPRWMHGIS,11326,True,10,
15363,RMPRWIHQMA,11326,True,10,
15364,AAPRWMIGWA,11326,True,10,
15365,QNPVWMRGVG,11326,True,10,
15366,TEPKWMRHAG,11326,True,10,
15367,KTPRGVKAGF,11326,True,10,
15368,ATPRNVHTGW,11326,True,10,
15369,PSPRWLRSHT,11326,True,10,
15370,HMPRWMKGKG,11326,True,10,
15371,EHRGPRTASG,11326,True,10,
15372,SQPRWMYGSF,11326,True,10,
15373,EGPRGMKTAS,11326,True,10,
15374,GPPKSMYNPG,11326,True,10,
15375,GPEHKRAVGC,11326,True,10,
15376,SWPAWMKGHG,11326,True,10,
15377,QAPRGMQGQH,11326,True,10,
15378,NYPEWMLAPY,11326,True,10,
15379,GLPRWMSGPQ,11326,True,10,
15380,SHPRWSKAVQ,11326,True,10,
15381,SNPRGMRGAL,11326,True,10,
15382,TGPSWIMAGR,11326,True,10,
15383,EGPVWMAGAI,11326,True,10,
15384,TNPYGMRGSG,11326,True,10,
15385,INPKWMQSQE,11326,True,10,
15386,SHPRWDHATW,11326,True,10,
15387,ARPFWMKGKR,11326,True,10,
15388,PQPLSWRGMG,11326,True,10,
15389,GVPRAVRGRG,11326,True,10,
15390,GTEVGIAGAV,11326,True,10,
15391,WQWEGLTARA,11326,True,10,
15392,RQPVGMHSGA,11326,True,10,
15393,RTPIWMYGKH,11326,True,10,
15394,TKPSWIWVSR,11326,True,10,
15395,EGPSWIYGTV,11326,True,10,
15396,SAPRGVTASG,11326,True,10,
15397,GVPRWMKGQT,11326,True,10,
15398,SKPVWMHGTI,11326,True,10,
15399,DKPRWMKGMF,11326,True,10,
15400,GSPRNYAGKV,11326,True,10,
15401,NQPRWIRTHI,11326,True,10,
15402,NTPHWMATHG,11326,True,10,
15403,VAPEWMRGPY,11326,True,10,
15404,TVPGWMKGHA,11326,True,10,
15405,QGPRGNSRAH,11326,True,10,
15406,MTVEWMHDMV,11326,True,10,
15407,DAPQWIHDRA,11326,True,10,
15408,FGPRWIRGMK,11326,True,10,
15409,GTPRGMKTAS,11326,True,10,
15410,KGPSWVTASG,11326,True,10,
15411,SGPLGIRNTA,11326,True,10,
15412,STPIHMYSVQ,11326,True,10,
15413,ASWHGMYALV,11326,True,10,
15414,DRPRWMKTAS,11326,True,10,
15415,PNSWGMRGMF,11326,True,10,
15416,EQPRWMKSHK,11326,True,10,
15417,TAPRWMAGRG,11326,True,10,
15418,SDPQWMKGMR,11326,True,10,
15419,FRPRWMKGWG,11326,True,10,
15420,QGPRGVSVGG,11326,True,10,
15421,ANPAWMRHTR,11326,True,10,
15422,SYPGWNTASG,11326,True,10,
15423,GRPRWLTGNK,11326,True,10,
15424,DQPSWIQNHR,11326,True,10,
15425,KRPAKMYGNT,11326,True,10,
15426,PRPKWIAHWK,11326,True,10,
15427,QTPRWIHDMK,11326,True,10,
15428,GQCDCFDRWK,11326,True,10,
15429,GQPRGFSAGT,11326,True,10,
15430,IKPKWMRHQV,11326,True,10,
15431,PNPMWMKGMV,11326,True,10,
15432,DTPRWMRDPA,11326,True,10,
15433,HAPRWMKGPA,11326,True,10,
15434,IGPRWLYHPV,11326,True,10,
15435,QVPGWMKGEI,11326,True,10,
15436,DVPRSWTASG,11326,True,10,
15437,NIPRWLMGSI,11326,True,10,
15438,VYPQWMRHKW,11326,True,10,
15439,PRPRWMKYGR,11326,True,10,
15440,MPRPARSASA,11326,True,10,
15441,ERPRWSIGIL,11326,True,10,
15442,GRPRWMHGKA,11326,True,10,
15443,PDPRNYSGIH,11326,True,10,
15444,PSPRWLIGRG,11326,True,10,
15445,SAPRWMKAGR,11326,True,10,
15446,TGPSGWTASG,11326,True,10,
15447,IMPRWLKGWT,11326,True,10,
15448,VGPRSWFSQT,11326,True,10,
15449,HRPNWMKGRK,11326,True,10,
15450,GYPRGNVTAS,11326,True,10,
15451,NPPAWMKGNG,11326,True,10,
15452,GAPRSMYTAS,11326,True,10,
15453,THVRWSFAMV,11326,True,10,
15454,TFPRGMKSGF,11326,True,10,
15455,HGPAWMKHRG,11326,True,10,
15456,SNPRSHRTGG,11326,True,10,
15457,GAPSWIMGKI,11326,True,10,
15458,ASPRWLWGKG,11326,True,10,
15459,NGPSWIHGKS,11326,True,10,
15460,DTPRWLSAMR,11326,True,10,
15461,RPAQGVRSHG,11326,True,10,
15462,CRPRWIKGAS,11326,True,10,
15463,YFPRWMKGIK,11326,True,10,
15464,GRPRNYIARI,11326,True,10,
15465,QGPYHMIGQH,11326,True,10,
15466,ASPRWIHYMG,11326,True,10,
15467,GDPRWIHAHT,11326,True,10,
15468,DGPSWIMGVY,11326,True,10,
15469,GRPRWITASG,11326,True,10,
15470,NGPQWIMAGR,11326,True,10,
15471,WAPKWMRHGQ,11326,True,10,
15472,GSWRGMWVSH,11326,True,10,
15473,TQPRWMSGKS,11326,True,10,
15474,DNPVWMYGSH,11326,True,10,
15475,FGPWHWIGQT,11326,True,10,
15476,GQPRWMKGTG,11326,True,10,
15477,IGYHGLHVPK,11326,True,10,
15478,ENPRWIHGRV,11326,True,10,
15479,IHPHWMKFKS,11326,True,10,
15480,GYPRGVMTHS,11326,True,10,
15481,KQPAGMRNWT,11326,True,10,
15482,STVHGMYNGH,11326,True,10,
15483,WNPRWMSALK,11326,True,10,
15484,KVPVWMQNHI,11326,True,10,
15485,QMPRWIRGFA,11326,True,10,
15486,KLPGWARAHF,11326,True,10,
15487,DRPRWMKHNV,11326,True,10,
15488,MSPRWLSNEV,11326,True,10,
15489,SFPRGMRGQW,11326,True,10,
15490,GVPSWIHSNG,11326,True,10,
15491,QPPRWLMDIV,11326,True,10,
15492,GRPVWMRGQT,11326,True,10,
15493,PRPGWMQGWG,11326,True,10,
15494,FDPRSMKGHI,11326,True,10,
15495,PVPSWIKVAH,11326,True,10,
15496,VNPEWMHNTH,11326,True,10,
15497,AVPEWMHGNV,11326,True,10,
15498,TEPVWMTASG,11326,True,10,
15499,QVEMTGFPKG,11326,True,10,
15500,GRPRWVKGHY,11326,True,10,
15501,HEPRWMKHVS,11326,True,10,
15502,DQPRSWRSAS,11326,True,10,
15503,PYPRWIRAIH,11326,True,10,
15504,KTPSWIMGTK,11326,True,10,
15505,HPVAWMAGEV,11326,True,10,
15506,SQVRWMTASG,11326,True,10,
15507,GVPRAVWTAS,11326,True,10,
15508,ARLRNMHNPA,11326,True,10,
15509,WPPQWMRTMV,11326,True,10,
15510,ATPRSMKGWF,11326,True,10,
15511,VQPRGMHGMF,11326,True,10,
15512,DTPRWLYGMY,11326,True,10,
15513,GPPRWIQAGV,11326,True,10,
15514,EIPSWVFTGA,11326,True,10,
15515,GYPRASHAHG,11326,True,10,
15516,AMPRWMKNGR,11326,True,10,
15517,NVPRWMAGPS,11326,True,10,
15518,QLVRGVTASG,11326,True,10,
15519,PYWPNMKAGI,11326,True,10,
15520,PTPRWMYGPH,11326,True,10,
15521,DMPRWMRGPG,11326,True,10,
15522,GDVRWSIGRA,11326,True,10,
15523,TAPRSNTASG,11326,True,10,
15524,TRPRWSMGPI,11326,True,10,
15525,GSVNWMRGPF,11326,True,10,
15526,HGPSWINSGH,11326,True,10,
15527,GVPRGVTNGR,11326,True,10,
15528,WSPRFMKGHG,11326,True,10,
15529,SQPRSYLGTR,11326,True,10,
15530,VRHEWMYGPG,11326,True,10,
15531,AHPRWMGHQA,11326,True,10,
15532,YMPRWMRHQG,11326,True,10,
15533,FPGRHMYNMH,11326,True,10,
15534,VKPAGMHSLG,11326,True,10,
15535,GAPRWMIGWY,11326,True,10,
15536,IMPRWMKGQR,11326,True,10,
15537,KMPRWLMSTF,11326,True,10,
15538,QYPRGMGSMG,11326,True,10,
15539,NWSHGWQATW,11326,True,10,
15540,AVPRWMKGHG,11326,True,10,
15541,ATPRWITSAK,11326,True,10,
15542,FVPRNSRGKR,11326,True,10,
15543,YQPKWMKHQV,11326,True,10,
15544,GMVRGMRGPH,11326,True,10,
15545,TMPRWLYSWV,11326,True,10,
15546,SAVRAMYGMH,11326,True,10,
15547,LKPQAMSDPY,11326,True,10,
15548,PEPRWYIGAG,11326,True,10,
15549,SQPRSYMGTQ,11326,True,10,
15550,TSPVWMHGIV,11326,True,10,
15551,EYPNWMRHVG,11326,True,10,
15552,SKPRNYQGSY,11326,True,10,
15553,QNPVWMRGWH,11326,True,10,
15554,RKPVNMRGNG,11326,True,10,
15555,KNPSWVTARG,11326,True,10,
15556,WDAKWMHGMH,11326,True,10,
15557,DFPRWSRSRH,11326,True,10,
15558,SNPKWMRHAG,11326,True,10,
15559,NAPVWMRGEV,11326,True,10,
15560,EIPRWSHGNR,11326,True,10,
15561,PHGRGIRAHR,11326,True,10,
15562,AVPRWLYAKI,11326,True,10,
15563,NSPRWLSVRG,11326,True,10,
15564,GYPRWMKGHR,11326,True,10,
15565,AMPRWMHNHG,11326,True,10,
15566,NHPAHWKGRG,11326,True,10,
15567,GHPRSWIAKS,11326,True,10,
15568,WPVRHLTGNK,11326,True,10,
15569,HGPRGMKWTK,11326,True,10,
15570,TGPKWMIGPQ,11326,True,10,
15571,EPTRWLMSML,11326,True,10,
15572,RGPVWMRGSW,11326,True,10,
15573,AGPVWMHGTK,11326,True,10,
15574,ESPYGMRAPA,11326,True,10,
15575,VRPHWMSTAS,11326,True,10,
15576,NYVYWMRGHW,11326,True,10,
15577,MPPRWVMANY,11326,True,10,
15578,KQPRGSWSHK,11326,True,10,
15579,SKVRWMTGSL,11326,True,10,
15580,TVPVWMTSGQ,11326,True,10,
15581,NPPRWMKYIV,11326,True,10,
15582,VEPKWMKGQV,11326,True,10,
15583,LVVRGMRGTG,11326,True,10,
15584,FRPRGDTVHK,11326,True,10,
15585,YRPRGMWVIL,11326,True,10,
15586,RMPRWSMGEW,11326,True,10,
15587,PQPKWMKGVR,11326,True,10,
15588,VRPRWIHGAG,11326,True,10,
15589,DKWRAYVGRK,11326,True,10,
15590,GQPLGIKTAS,11326,True,10,
15591,GKPWAIYAGW,11326,True,10,
15592,IPVSWVRGLQ,11326,True,10,
15593,TSPVWMHAHK,11326,True,10,
15594,GDPRSHRGSQ,11326,True,10,
15595,HSPRWIKAHF,11326,True,10,
15596,EDPRWSRGPK,11326,True,10,
15597,CSPVWMIGLV,11326,True,10,
15598,SLVRWSISWL,11326,True,10,
15599,ARPSWIHGRS,11326,True,10,
15600,SGARQLRGTA,8535,True,10,
15601,FSLRQMSNAG,8535,True,10,
15602,APPLGFHSRY,8535,True,10,
15603,RVPRQVWGIG,8535,True,10,
15604,MPPRQVHSLG,8535,True,10,
15605,VPPRPVHSWY,8535,True,10,
15606,VPPRVLSYTF,8535,True,10,
15607,MRTRPMHATF,8535,True,10,
15608,TLPVAFRGHR,8535,True,10,
15609,PKPSGVKGSV,8535,True,10,
15610,ARVYELWSWQ,8535,True,10,
15611,RAPRQVRSVR,8535,True,10,
15612,RGPSSWYSET,8535,True,10,
15613,KQISWVFGAV,8535,True,10,
15614,ARVLPFQAPG,8535,True,10,
15615,KAPKQLSGNH,8535,True,10,
15616,VIPRQVYSRF,8535,True,10,
15617,FGPSGFKYVR,8535,True,10,
15618,IRPAQMWGPA,8535,True,10,
15619,QAPRQVSGQW,8535,True,10,
15620,TAPSSSWVWF,8535,True,10,
15621,AMPREVAGIF,8535,True,10,
15622,KRPSAFTGVG,8535,True,10,
15623,TLVRSLHSVQ,8535,True,10,
15624,RHPRTLMAKQ,8535,True,10,
15625,TVPRQVMAPG,8535,True,10,
15626,GMPYKVIAQV,8535,True,10,
15627,TVPGKMHGTR,8535,True,10,
15628,GAPRQSMGNY,8535,True,10,
15629,RGPFMMHGQK,8535,True,10,
15630,GKPSGWTASG,8535,True,10,
15631,TKPSGVTASG,8535,True,10,
15632,DGVYGMYAGR,8535,True,10,
15633,TIPSWSIGEH,8535,True,10,
15634,RGPSSYTASG,8535,True,10,known_sequence
15635,AVPRQILAVR,8535,True,10,
15636,KRPSQWTASG,8535,True,10,
15637,VPPRTVFAKI,8535,True,10,
15638,RVPRGVHVIA,8535,True,10,
15639,GPPRSVMSKA,8535,True,10,
15640,KSPSGFTASG,8535,True,10,
15641,EVPRQVTGVI,8535,True,10,
15642,SAPLKVTSLA,8535,True,10,
15643,RAPAKFQGVK,8535,True,10,
15644,PSPREIRSAF,8535,True,10,
15645,GVPRAVTASG,8535,True,10,known_sequence
15646,TSPWSVFVLA,8535,True,10,
15647,GRPSAWTSVR,8535,True,10,
15648,WPPSRILGAH,8535,True,10,
15649,GPTRALFSPI,8535,True,10,
15650,MVPSQVLGIS,8535,True,10,
15651,VTPAYWRGPY,8535,True,10,
15652,MAPRQVKAGH,8535,True,10,
15653,LPRFMKDGIQ,8535,True,10,
15654,QTPYGQRSIR,8535,True,10,
15655,AYPSHFASMY,8535,True,10,
15656,GPRSMRPVHV,8535,True,10,
15657,GPPRQVKGMR,8535,True,10,
15658,GAPRKFTNPG,8535,True,10,
15659,VPVRKFHGWF,8535,True,10,
15660,ANPFGMRGAH,8535,True,10,
15661,QHPFELRSRV,8535,True,10,
15662,LPVRAVQGSG,8535,True,10,
15663,SGPRSWTVTA,8535,True,10,
15664,MQPVHMWGWG,8535,True,10,
15665,HMPRQVRGSF,8535,True,10,
15666,APEVIGPFYI,8535,True,10,
15667,FRPHVLSTGH,8535,True,10,
15668,GMPLGVTGVS,8535,True,10,
15669,SAPRTLVAMA,8535,True,10,
15670,QTMLAYTGPR,8535,True,10,
15671,GRPVSNRGKW,8535,True,10,
15672,WPPSGWTASG,8535,True,10,
15673,QPVRAILAPR,8535,True,10,
15674,WQPRNVMVNV,8535,True,10,
15675,WAPLKVYSNK,8535,True,10,
15676,HVPSQVKGKW,8535,True,10,
15677,KVPSKLWGNH,8535,True,10,
15678,RVPIELHYNH,8535,True,10,
15679,TVPYQITSKL,8535,True,10,
15680,MSPVQIQSGT,8535,True,10,
15681,SGPRLYSGTA,8535,True,10,
15682,HAPRVIWAIQ,8535,True,10,
15683,PVRASPFAQG,8535,True,10,
15684,SMPRTLVGVT,8535,True,10,
15685,AMPRQVHSGY,8535,True,10,
15686,LAPRQVSAHF,8535,True,10,
15687,IPEVARYVQG,8535,True,10,
15688,APVYNVRAPH,8535,True,10,
15689,HAPRQVRWRL,8535,True,10,
15690,VPPLAVISWV,8535,True,10,
15691,NAPARFIAMF,8535,True,10,
15692,KPVSAMYNWA,8535,True,10,
15693,STPSGMRVGW,8535,True,10,
15694,STPLTLVGPG,8535,True,10,
15695,PAPRQVRATA,8535,True,10,
15696,QHPLSVRSGR,8535,True,10,
15697,QAPRQVIGLG,8535,True,10,
15698,TWPRELASAQ,8535,True,10,
15699,HPPLQVKGKI,8535,True,10,
15700,RAPAQVRGRT,8535,True,10,
15701,GAPNAFTSRT,8535,True,10,
15702,RKPAPWTGMF,8535,True,10,
15703,PVFQKLTASG,8535,True,10,
15704,HAPRGVTVQG,8535,True,10,
15705,QRATALSGKF,8535,True,10,
15706,KSPRQYTGIG,8535,True,10,
15707,MAPRQIFGNS,8535,True,10,
15708,HGPRQVRSAT,8535,True,10,
15709,SPEGSFKVRV,8535,True,10,
15710,TPVWKLFGPI,8535,True,10,
15711,YRVLGIRSHG,8535,True,10,
15712,KPNKPPAMGI,8535,True,10,
15713,RAPLGFTASG,8535,True,10,
15714,TAPVHYHAGR,8535,True,10,
15715,MRPSGVTASG,8535,True,10,
15716,RGPSWSTASG,8535,True,10,
15717,TGPKLVMGWV,8535,True,10,
15718,PGPLGIWGHS,8535,True,10,
15719,PDPSGFTASG,8535,True,10,
15720,ATPRKIRGWI,8535,True,10,
15721,GAPRKFLQGT,8535,True,10,
15722,HFPLGQISIG,8535,True,10,
15723,QGPRTLVGIT,8535,True,10,
15724,GQPRQVRGNG,8535,True,10,
15725,APVYNLTSEW,8535,True,10,
15726,GTIFRLYTAS,8535,True,10,
15727,TPPRQVSGHH,8535,True,10,
15728,RAPVAFWNEV,8535,True,10,
15729,RTPLGSEAIL,8535,True,10,
15730,RNVFRLIGNR,8535,True,10,
15731,RTWRALTASG,8535,True,10,
15732,GKVRPLMGIH,8535,True,10,
15733,QPPRQVTASG,8535,True,10,
15734,GPMLGFMSWK,8535,True,10,
15735,NAPNAVFGQF,8535,True,10,
15736,VIPRQVTGPF,8535,True,10,
15737,RPPSAVSAHR,8535,True,10,
15738,RAPLKFQGFA,8535,True,10,
15739,APFSHFNYPQ,8535,True,10,
15740,PTVFALTKVV,8535,True,10,
15741,PAPREIRGWL,8535,True,10,
15742,KAPLGFHSGS,8535,True,10,
15743,DPPRSVIGTI,8535,True,10,
15744,HRISAVYGIF,8535,True,10,
15745,GRVARLSGVI,8535,True,10,
15746,ATPREIRGHV,8535,True,10,
15747,GVPRAVRALG,8535,True,10,
15748,LAPRTVRGMS,8535,True,10,
15749,GAPRSVLGHF,8535,True,10,
15750,YVPSGMHGVK,8535,True,10,
15751,YPPREVIGAT,8535,True,10,
15752,NGPYQMRGEK,8535,True,10,
15753,RAPRQVRSVH,8535,True,10,
15754,NVPRQVRGMG,8535,True,10,
15755,MLPRQVRGWI,8535,True,10,
15756,VTVWAVTGPF,8535,True,10,
15757,RAPLHWRTQH,8535,True,10,
15758,AVPRQVFATG,8535,True,10,
15759,KAPAHWIGMV,8535,True,10,
15760,YPPRQVLASH,8535,True,10,
15761,QTPLGQISTI,8535,True,10,
15762,SVPSKVRSTR,8535,True,10,
15763,RHPSRFMGRT,8535,True,10,
15764,QAPRQVTASG,8535,True,10,
15765,VRPVQYASRQ,8535,True,10,
15766,APPSGPFAGH,8535,True,10,
15767,KRPSAYMGHQ,8535,True,10,
15768,GTPLGFISLF,8535,True,10,
15769,RSPLMYRGWR,8535,True,10,
15770,RGPSGVTASG,8535,True,10,
15771,MAPRQVMTHR,8535,True,10,
15772,GLPRPFSYGI,8535,True,10,
15773,GGPSMLISGR,8535,True,10,
15774,GKPSAMISGT,8535,True,10,
15775,PAPRQVKGRQ,8535,True,10,
15776,PSPRAVAGNA,8535,True,10,
15777,VTPSGMRYTH,8535,True,10,
15778,GTPVELHNAR,8535,True,10,
15779,HDPRQVFAKH,8535,True,10,
15780,VPPRQVTASG,8535,True,10,
15781,QMPRQVFGAT,8535,True,10,
15782,ASPRQVIGWT,8535,True,10,
15783,SRPRQYKGRF,8535,True,10,
15784,WVPSEVMARH,8535,True,10,
15785,VAPSSLSVIG,8535,True,10,
15786,TVPRAVHVNH,8535,True,10,
15787,FTPLGNHAGV,8535,True,10,
15788,APTKGMVAML,8535,True,10,
15789,PFPRQYRGQG,8535,True,10,
15790,FKPSAFTASG,8535,True,10,
15791,HIVHQMYGIR,8535,True,10,
15792,FPTRQLFSIV,8535,True,10,
15793,VAPREVIGPF,8535,True,10,
15794,VAPRTLVKEF,8535,True,10,
15795,SCPHMMTASG,8535,True,10,
15796,QVPVQIWAQQ,8535,True,10,
15797,GPPRQVFGAH,8535,True,10,
15798,VSPLNSYGMR,8535,True,10,
15799,RVPVELWKTG,8535,True,10,
15800,RAPLHMWVPI,8535,True,10,
15801,QAPRQVRGAH,8535,True,10,
15802,WMPRQITGNG,8535,True,10,
15803,RARAVRAQGS,8535,True,10,
15804,FYPRQVLGAT,8535,True,10,
15805,TMPYQMRAHR,8535,True,10,
15806,CSPLAVRNAR,8535,True,10,
15807,RKPAKVMGPQ,8535,True,10,
15808,CVPSQMWGQG,8535,True,10,
15809,MAPRKVSNAW,8535,True,10,
15810,IGVGAMAGTS,8535,True,10,
15811,SPPRTLVAQF,8535,True,10,
15812,EVPSELWSIW,8535,True,10,
15813,RYPSMLRGTA,8535,True,10,
15814,SGPRTYVGTA,8535,True,10,
15815,APVLAFTGPI,8535,True,10,
15816,GRPRQVATAS,8535,True,10,
15817,PNPSAQKHPL,8535,True,10,
15818,KLVQRMFARW,8535,True,10,
15819,ASPRQVRGPG,8535,True,10,
15820,FSPLSVRGPY,8535,True,10,
15821,TVPRQVTPSK,8535,True,10,
15822,KSPRTYVSGL,8535,True,10,
15823,RAPLPVRTER,8535,True,10,
15824,TPVYGMYSMF,8535,True,10,
15825,RAPAQVRGVF,8535,True,10,
15826,NGPRQVRTAS,8535,True,10,
15827,RGPRQVSVMG,8535,True,10,
15828,GPREPRSAVP,8535,True,10,
15829,GRVAPLFSMQ,8535,True,10,
15830,QSVFQMRSVF,8535,True,10,
15831,SHPRTLVGWT,8535,True,10,
15832,SQPIHMLNIY,8535,True,10,
15833,IRPRQVSSQG,8535,True,10,
15834,NMVFSLHGMI,8535,True,10,
15835,RGPRTLSAPT,8535,True,10,
15836,RDPAQLYGWG,8535,True,10,
15837,PKPMQLSTNA,8535,True,10,
15838,IPRSKRSIQE,8535,True,10,
15839,PAPLKVQYGW,8535,True,10,
15840,RPPAQVMGSH,8535,True,10,
15841,AKPQAVRSQY,8535,True,10,
15842,RGPSSYTGMQ,8535,True,10,
15843,AHIAYTGISF,8535,True,10,
15844,SKPRAVHGMH,8535,True,10,
15845,SMPRTVQSPT,8535,True,10,
15846,HWPREVTGIA,8535,True,10,
15847,MGPWKNHGKT,8535,True,10,
15848,NSPASFIGPG,8535,True,10,
15849,KQPSELWGLT,8535,True,10,
15850,NVPRQVFSTI,8535,True,10,
15851,PYPRQVTNKV,8535,True,10,
15852,PWPRQVIGLH,8535,True,10,
15853,KRPLQYQGWV,8535,True,10,
15854,LQPREVASQR,8535,True,10,
15855,PEKAPVPRKQ,8535,True,10,
15856,APVFAVHSAK,8535,True,10,
15857,HRPAQVRGKV,8535,True,10,
15858,SAPRTLVGNF,8535,True,10,
15859,PTPRQVSGNK,8535,True,10,
15860,APVYAVRAMR,8535,True,10,
15861,RNPSAILGHG,8535,True,10,
15862,EPNIYTPLKM,8535,True,10,
15863,HVPRQVHGNS,8535,True,10,
15864,EGPRQVHASF,8535,True,10,
15865,PAPRQVMAHL,8535,True,10,
15866,QVPRTLMGKG,8535,True,10,
15867,KGPSGFRGNI,8535,True,10,
15868,VRPSAFYDTW,8535,True,10,
15869,IPPDQLYATF,8535,True,10,
15870,TPPVELHGLI,8535,True,10,
15871,MQPSRILAEI,8535,True,10,
15872,GHPRGSTASG,8535,True,10,
15873,HRPFQYLGTW,8535,True,10,
15874,RPMQRLFAPG,8535,True,10,
15875,TWPYTLRGMR,8535,True,10,
15876,SVPRQVRDTA,8535,True,10,
15877,IAPGSFRNHR,8535,True,10,
15878,KRPRSYTGSA,8535,True,10,
15879,RPVAGVYSEK,8535,True,10,
15880,AVPKQVFGPH,8535,True,10,
15881,NRPLAVAPGS,8535,True,10,
15882,MFVRTAPKSI,8535,True,10,
15883,QVPRQVRGPY,8535,True,10,
15884,AKPSGVTASG,8535,True,10,
15885,MPPRQVRGAK,8535,True,10,
15886,KPYSHLFSRF,8535,True,10,
15887,RDLWKLWAWG,8535,True,10,
15888,KAPVELRSNQ,8535,True,10,
15889,FPVFAFTGPT,8535,True,10,
15890,PNIHKRAILI,8535,True,10,
15891,MPPRQVKSGS,8535,True,10,
15892,FVPRTVHGEH,8535,True,10,
15893,LPRSLIAVGT,8535,True,10,
15894,VAEPFVPLAP,8535,True,10,
15895,TIPSWSMGHH,8535,True,10,
15896,KVPSTMHGPL,8535,True,10,
15897,PQVYGMWSVY,8535,True,10,
15898,APPRQVRGPA,8535,True,10,
15899,KQPRQVWVLS,8535,True,10,
15900,WAPREVRVTL,8535,True,10,
15901,GRPASWFAWF,8535,True,10,
15902,VNPSGFTVQA,8535,True,10,
15903,IRPRVLWGKA,8535,True,10,
15904,QAPRQISVIR,8535,True,10,
15905,HVPRQVHGRW,8535,True,10,
15906,AVPRQVFGTR,8535,True,10,
15907,KGVYPLRQIA,8535,True,10,
15908,SGPRQVFDTA,8535,True,10,
15909,RQPRQVMGTI,8535,True,10,
15910,LIPRLYQGKF,8535,True,10,
15911,NKPSASYSHY,8535,True,10,
15912,HMPRQVTASG,8535,True,10,
15913,VGPAEMKGTA,8535,True,10,
15914,RRPLRVFAWS,8535,True,10,
15915,ATPVELKSKV,8535,True,10,
15916,ESPVQMRGPS,8535,True,10,
15917,TIPSWIMGNV,8535,True,10,
15918,YWPRQVTGPH,8535,True,10,
15919,HSPFSNRNPR,8535,True,10,
15920,FRPSAVTSVG,8535,True,10,
15921,ARPRQVTHTY,8535,True,10,
15922,RVPRQVFGHI,8535,True,10,
15923,RTPLMYTSWH,8535,True,10,
15924,GVPRQVFSGH,8535,True,10,
15925,EVPYQMRGHG,8535,True,10,
15926,SMPRTLVGPQ,8535,True,10,
15927,IAPREVTGPA,8535,True,10,
15928,HVERHPFGTA,8535,True,10,
15929,KYGRALRGLR,8535,True,10,
15930,HLPTAFTGTY,8535,True,10,
15931,RIPASVKGSY,8535,True,10,
15932,KFPSGMTASG,8535,True,10,
15933,GAPRTLASAH,8535,True,10,
15934,WAPRQVHANA,8535,True,10,
15935,AGPSHRATHV,8535,True,10,
15936,RAPLPVRNPS,8535,True,10,
15937,TQPRQVRARG,8535,True,10,
15938,LPPRQVFASG,8535,True,10,
15939,AGPRQVRSQF,8535,True,10,
15940,ARVWAWIGLW,8535,True,10,
15941,WGPGQMKGKG,8535,True,10,
15942,QVPRQVHYPG,8535,True,10,
15943,PAVRAVWNMT,8535,True,10,
15944,YRPRITSAIG,8535,True,10,
15945,RAPRQVIVIF,8535,True,10,
15946,AVPSQVSVSV,8535,True,10,
15947,RDVFALTYPV,8535,True,10,
15948,RAPLGFRTHQ,8535,True,10,
15949,RWPSEFVGWS,8535,True,10,
15950,SAPRQVIAMA,8535,True,10,
15951,PVPFQGIGLK,8535,True,10,
15952,PGPRQVKGHG,8535,True,10,
15953,HWPSGFRGVT,8535,True,10,
15954,AVPRQVTGKY,8535,True,10,
15955,TMPRQVHSPT,8535,True,10,
15956,SGPSQMLGTK,8535,True,10,
15957,RAPRMLFNLK,8535,True,10,
15958,RGPKLIMSEA,8535,True,10,
15959,APIRAFRGWS,8535,True,10,
15960,QIPSQIWGWQ,8535,True,10,
15961,RAPVAFHSPS,8535,True,10,
15962,YPVYASRGTQ,8535,True,10,
15963,MVPSQVSDSA,8535,True,10,
15964,GQPSTMHGLY,8535,True,10,
15965,RPPLQFRGIL,8535,True,10,
15966,FVPRQVIGHI,8535,True,10,
15967,AKPARVKGRT,8535,True,10,
15968,SAPKQMRGNG,8535,True,10,
15969,APPRAVLSPF,8535,True,10,
15970,PYMKSFASMQ,8535,True,10,
15971,WPVRAVSAGY,8535,True,10,
15972,TVPVELHSIW,8535,True,10,
15973,TAPHLQRGPA,8535,True,10,
15974,VPPRDVIGLA,8535,True,10,
15975,FKPRGVHVIV,8535,True,10,
15976,PRPRQYTGQG,8535,True,10,
15977,TAPIELWGTI,8535,True,10,
15978,PGRAARASIS,8535,True,10,
15979,PAPREVHGPI,8535,True,10,
15980,TPPSGFVAKH,8535,True,10,
15981,LVPRQVWNWT,8535,True,10,
15982,VRPAQMKGVF,8535,True,10,
15983,WNPRQVKGER,8535,True,10,
15984,KTPSGFMGPT,8535,True,10,
15985,GAPRSFRGPG,8535,True,10,
15986,KHPRQVRGPL,8535,True,10,
15987,ATPRQVSATF,8535,True,10,
15988,NSPSGFTSAG,8535,True,10,
15989,RTPRMLTASG,8535,True,10,
15990,DHVYGLHSLT,8535,True,10,
15991,TRPSGVTASG,8535,True,10,
15992,GVPTGLSTAS,8535,True,10,
15993,ATPREVRGPQ,8535,True,10,
15994,KLVFMLVGVF,8535,True,10,
15995,EPPRQVRGQH,8535,True,10,
15996,PAPRQVTGEV,8535,True,10,
15997,SGPAPMWSTA,8535,True,10,
15998,QRPAQMTGTF,8535,True,10,
15999,KRPSGVTASG,8535,True,10,
16000,AHPSGWTASG,9638,True,10,
16001,TFPKGQMARH,9638,True,10,
16002,LYPRGQSDMG,9638,True,10,
16003,GHPRSWVGQW,9638,True,10,
16004,HGPRGQAMRG,9638,True,10,
16005,WGLPRSTASG,9638,True,10,
16006,FKPRGSFGAQ,9638,True,10,
16007,SGPSGWTSTA,9638,True,10,
16008,TPIGWMIAIT,9638,True,10,
16009,SYPRAYMGTL,9638,True,10,
16010,WGPRTYISHY,9638,True,10,
16011,YPRSPRLAPQ,9638,True,10,
16012,YNPAGVRDMR,9638,True,10,
16013,NVPSWVRTWF,9638,True,10,
16014,TGVYPLWSTS,9638,True,10,
16015,SVPRTLYAKI,9638,True,10,
16016,PAYFSLWGMW,9638,True,10,
16017,RGPVMLSGSG,9638,True,10,
16018,WTPRGNTASG,9638,True,10,
16019,NAPRSWIVAL,9638,True,10,
16020,HAPNWMMSRY,9638,True,10,
16021,TRPVAYTASG,9638,True,10,
16022,RSPRTLVAQG,9638,True,10,
16023,LSPRTLMAHG,9638,True,10,
16024,NYPRAYAGTG,9638,True,10,
16025,IMPRQYIALQ,9638,True,10,
16026,PIPVSMWSHG,9638,True,10,
16027,WQPRGSHNPQ,9638,True,10,
16028,IPPRPVHGTF,9638,True,10,
16029,MLFQWSTGPH,9638,True,10,
16030,TNPRQYHSEK,9638,True,10,
16031,KEPRGQVFPT,9638,True,10,
16032,PLYSWYVMGR,9638,True,10,
16033,NIPRPVMAHY,9638,True,10,
16034,YFPRNILGPF,9638,True,10,
16035,LTPRSWIGMK,9638,True,10,
16036,IRPLGYVNGI,9638,True,10,
16037,GTPIGMYTAS,9638,True,10,
16038,KVPRSWIGIF,9638,True,10,
16039,WAPRGMHGQL,9638,True,10,
16040,HWPRQVQAGA,9638,True,10,
16041,HLPRSWYGIF,9638,True,10,
16042,KNPRGYLGMA,9638,True,10,
16043,YWPRGEHSPK,9638,True,10,
16044,FQPRNYTGPV,9638,True,10,
16045,SAPAGVKAMW,9638,True,10,
16046,KGPRAYHGIT,9638,True,10,
16047,VHPRGSTFVR,9638,True,10,
16048,QLPLGFVGAT,9638,True,10,
16049,GQPRGVGKHY,9638,True,10,
16050,LGPRGWLDSF,9638,True,10,
16051,QAPRSVHTQA,9638,True,10,
16052,PVRPAYLGHF,9638,True,10,
16053,SYPRVLTASG,9638,True,10,
16054,KDPYGMAGPF,9638,True,10,
16055,KYPRAFHTEH,9638,True,10,
16056,LAWAHIRAPY,9638,True,10,
16057,TGPSGWTASG,9638,True,10,
16058,MHPRSHMAMA,9638,True,10,
16059,AMPRDVYAVI,9638,True,10,
16060,DYPRGQVWVL,9638,True,10,
16061,VPWPRASLAF,9638,True,10,
16062,QSPRTLYASI,9638,True,10,
16063,FSPRELRKAS,9638,True,10,
16064,QFPRVLVAEQ,9638,True,10,
16065,WTPRNYLGRS,9638,True,10,
16066,PRPRTLHAKY,9638,True,10,
16067,LDPRGMKGIW,9638,True,10,
16068,TQLRSLFAQG,9638,True,10,
16069,DNPRSYVGRV,9638,True,10,
16070,NGPRAVSAMI,9638,True,10,
16071,FVPRMLTDVW,9638,True,10,
16072,SPSAYWRVWW,9638,True,10,
16073,WYPRAYHGVY,9638,True,10,
16074,SPVRATQGPW,9638,True,10,
16075,GIPRSWKSVY,9638,True,10,
16076,VPWGSMWGVS,9638,True,10,
16077,DQPSGWTASG,9638,True,10,
16078,NMPRGQVSVK,9638,True,10,
16079,PLDGPVMPAP,9638,True,10,
16080,AGPRAMNGTF,9638,True,10,
16081,LRVAGVYVGF,9638,True,10,
16082,YSPRSMYSPH,9638,True,10,
16083,VYPRAYHAHA,9638,True,10,
16084,PTPRKYTGTG,9638,True,10,
16085,YNVRGMYGMF,9638,True,10,
16086,KFPRTLFGSG,9638,True,10,
16087,ILPTGLFSES,9638,True,10,
16088,SQPKGMYSIY,9638,True,10,
16089,PVKPPYLRVI,9638,True,10,
16090,CHMRGLNMPG,9638,True,10,
16091,VTPRGQVATS,9638,True,10,
16092,SHPRTLYATF,9638,True,10,
16093,SGPRNQSFTA,9638,True,10,
16094,RSPRKFHGPI,9638,True,10,
16095,NTLRGLIGIH,9638,True,10,
16096,EWPGWMRSEA,9638,True,10,
16097,EWPRGVKTQT,9638,True,10,
16098,TSPSGFRVPK,9638,True,10,
16099,GQPKGVLNMY,9638,True,10,
16100,SDPRPYLTAS,9638,True,10,
16101,KTPKGQISVA,9638,True,10,
16102,SWPRELWGPA,9638,True,10,
16103,ASPRGVFVQA,9638,True,10,
16104,QTPKGVYAGL,9638,True,10,
16105,YVPRQVYGPK,9638,True,10,
16106,WTPRGNVGWI,9638,True,10,
16107,ILPRPVRDGV,9638,True,10,
16108,QMPRQVRLNT,9638,True,10,
16109,VAPRYWAVKW,9638,True,10,
16110,NSPRQYWAMQ,9638,True,10,
16111,DVPRQVQDQI,9638,True,10,
16112,EGFPTPKLMQ,9638,True,10,
16113,MLSPRWYAIK,9638,True,10,
16114,AREGVANYRS,9638,True,10,
16115,VTPVHMTASG,9638,True,10,
16116,VWVAGWASMV,9638,True,10,
16117,AGPRQVKGPR,9638,True,10,
16118,KPYRGIFAMK,9638,True,10,
16119,GDPRSWTASG,9638,True,10,
16120,WYPRAFGSGW,9638,True,10,
16121,SMPRQVISGF,9638,True,10,
16122,GVGRALHSRS,9638,True,10,
16123,KRAWGIFVHV,9638,True,10,
16124,QHVYNPRSMT,9638,True,10,
16125,QIPTAFLGPW,9638,True,10,
16126,TNVFWYIGTQ,9638,True,10,
16127,FGPRAYMGWA,9638,True,10,
16128,EMPRYMYSPR,9638,True,10,
16129,MQPRGMFYSG,9638,True,10,
16130,ASPRGVRASK,9638,True,10,
16131,HWPRQYRTVH,9638,True,10,
16132,KVPRTLSGTK,9638,True,10,
16133,SNPVGMHAGH,9638,True,10,
16134,MLPRAYLGKH,9638,True,10,
16135,FTPRQVYSAS,9638,True,10,
16136,YAPRQVHAGF,9638,True,10,
16137,AWPRSYTASG,9638,True,10,
16138,LHVRAIYDGK,9638,True,10,
16139,TDPRQVTASG,9638,True,10,
16140,AFAHGFYSVS,9638,True,10,
16141,TMVFGMWSNW,9638,True,10,
16142,SQPRTYQGMK,9638,True,10,
16143,DWPRFLSAEF,9638,True,10,
16144,DRWRGMYNGF,9638,True,10,
16145,VLPRAFASLH,9638,True,10,
16146,IVPRTLVGNV,9638,True,10,
16147,QRPKGVHAGK,9638,True,10,
16148,VSPNGFWAMG,9638,True,10,
16149,AHPRSHRVTV,9638,True,10,
16150,FAPRGSTASG,9638,True,10,
16151,DAPRGSTASG,9638,True,10,
16152,MVPRQVTASG,9638,True,10,
16153,QAPRNVHDAL,9638,True,10,
16154,GRPRGQVGAL,9638,True,10,
16155,SVPTGMATAW,9638,True,10,
16156,RFPRGSWAVS,9638,True,10,
16157,HSPLGYTDPY,9638,True,10,
16158,VLPRAWHGAS,9638,True,10,
16159,RAVRALYSGW,9638,True,10,
16160,RGPRTYVAPA,9638,True,10,
16161,WGPRTLYSIK,9638,True,10,
16162,IVPRAVHSQG,9638,True,10,
16163,VKPHGFTASG,9638,True,10,
16164,KMPRQVRTGH,9638,True,10,
16165,KSPRGQIVNY,9638,True,10,
16166,CAPRPVWRGF,9638,True,10,
16167,GAPRKLYVPH,9638,True,10,
16168,PDPKGMHSNL,9638,True,10,
16169,NTPNWLWSGK,9638,True,10,
16170,GAPRSLYTAS,9638,True,10,
16171,QHPRYWFAIQ,9638,True,10,
16172,KFPRAFTASG,9638,True,10,
16173,MTPRDISGTW,9638,True,10,
16174,VYPRGVTASG,9638,True,10,
16175,LIPRPWTASG,9638,True,10,
16176,DVPSGWIGNA,9638,True,10,
16177,WSPRQYRGPG,9638,True,10,
16178,MGPSGMLGEW,9638,True,10,
16179,KMPRPVHAPT,9638,True,10,
16180,IEPRPVIAQW,9638,True,10,
16181,VMPRSYLGNL,9638,True,10,
16182,FPRPKRALIS,9638,True,10,
16183,SKPYGMTASG,9638,True,10,
16184,IFPRGQTASV,9638,True,10,
16185,GLPRAFLAPG,9638,True,10,
16186,NVPRAWTASG,9638,True,10,
16187,DGPRGMGSWI,9638,True,10,
16188,GQPRGYMAIR,9638,True,10,
16189,IHPRSWRSGQ,9638,True,10,
16190,AVTKAWVGHR,9638,True,10,
16191,LRPRQYTASG,9638,True,10,
16192,QDPYGMRSGF,9638,True,10,
16193,RHPRTLVGNS,9638,True,10,
16194,KGPKGVHSTG,9638,True,10,
16195,ERPRTLVSIQ,9638,True,10,
16196,SDPRMLYGMW,9638,True,10,
16197,QWPRGWTASG,9638,True,10,
16198,SDPRALQGWF,9638,True,10,
16199,SQPRAYQGSW,9638,True,10,
16200,LIPRMLLGAV,9638,True,10,
16201,VGPRSWIGTA,9638,True,10,
16202,KTPYGQTVPF,9638,True,10,
16203,GYPRSWRTMY,9638,True,10,
16204,THPRGVTASG,9638,True,10,
16205,HRVYGMVGKH,9638,True,10,
16206,GQPRGSHSPT,9638,True,10,
16207,SRPRAYHAHR,9638,True,10,
16208,SPAKGYQSQF,9638,True,10,
16209,PLFYGLRSKF,9638,True,10,
16210,VAPVSMWSGH,9638,True,10,
16211,KGPKGMRSNG,9638,True,10,
16212,VGPRLYSAEY,9638,True,10,
16213,PVPRVLIGEG,9638,True,10,
16214,ELTHRLIGIG,9638,True,10,
16215,SKPLGQMGPA,9638,True,10,
16216,RQPRSWFANF,9638,True,10,
16217,KAPRAYWSGT,9638,True,10,
16218,GYPYGVRDSK,9638,True,10,
16219,GVPRAVLGTL,9638,True,10,
16220,QTPRNYMGVS,9638,True,10,
16221,MRPRQYFGLK,9638,True,10,
16222,FVPRGQSTGS,9638,True,10,
16223,WYPRGQVTHV,9638,True,10,
16224,VLPRSWQDSF,9638,True,10,
16225,GEPRNIKGKQ,9638,True,10,
16226,GFPRTLYTAS,9638,True,10,
16227,HAPRSLMSGS,9638,True,10,
16228,DFPRGQTVTF,9638,True,10,
16229,IVPREVHGEQ,9638,True,10,
16230,WFPRGSTSIL,9638,True,10,
16231,WHRFARSVDP,9638,True,10,
16232,TAPIHMWSNA,9638,True,10,
16233,TPWYGMWARY,9638,True,10,
16234,DFPRGYTDIH,9638,True,10,
16235,SPPRGVLSNT,9638,True,10,
16236,QVPRQVFAMW,9638,True,10,
16237,NLPRPVLGPY,9638,True,10,
16238,MNPRNVLSHT,9638,True,10,
16239,VLPRAFQAHA,9638,True,10,
16240,LYPRAYSATR,9638,True,10,
16241,TMPRTYMGNL,9638,True,10,
16242,RVPREYAGAQ,9638,True,10,
16243,KRPAGVASLG,9638,True,10,
16244,DMPRQVFAWK,9638,True,10,
16245,FVPRQVKAWF,9638,True,10,
16246,HSPRQYIGPT,9638,True,10,
16247,DAPRNTHAEQ,9638,True,10,
16248,ELPRFLAVMG,9638,True,10,
16249,RAPRNILGTF,9638,True,10,
16250,HTPRGQSVET,9638,True,10,
16251,YDPRGYTGNL,9638,True,10,
16252,QDPRAYFGIG,9638,True,10,
16253,RYPRAYQSGV,9638,True,10,
16254,DYPRGQVSHA,9638,True,10,
16255,HIEQPKDVGP,9638,True,10,
16256,FNPRDILGIF,9638,True,10,
16257,NFPRGWTMGH,9638,True,10,
16258,DFPYGMRAHR,9638,True,10,
16259,PSPRAFSAST,9638,True,10,
16260,YEPVGMHSPG,9638,True,10,
16261,VCPQGMRSNS,9638,True,10,
16262,KNPRAFIAPS,9638,True,10,
16263,TNPVGLYSRF,9638,True,10,
16264,PSWRAFIANG,9638,True,10,
16265,WNPRAYAGAL,9638,True,10,
16266,WGPSGWTASG,9638,True,10,
16267,IQPTGMWTLY,9638,True,10,
16268,YTPYGQSAQW,9638,True,10,
16269,HDPRAYLGWG,9638,True,10,
16270,YAPRGSLDIG,9638,True,10,
16271,THPAGVRAHY,9638,True,10,
16272,TPVGWMSGAW,9638,True,10,
16273,VWPREVKGAR,9638,True,10,
16274,LFWHPVLGAP,9638,True,10,
16275,VFPRSQTASG,9638,True,10,
16276,TWPRQWTGMF,9638,True,10,
16277,QFPRAYTGTA,9638,True,10,
16278,HTVRGVYSQK,9638,True,10,
16279,DHPRSWRSMV,9638,True,10,
16280,YTPRGQTASG,9638,True,10,
16281,YVPRAVGSWS,9638,True,10,
16282,VSPRTLRSVG,9638,True,10,
16283,VLPRGWVAGH,9638,True,10,
16284,WVPRGVKVEW,9638,True,10,
16285,LKPRGMTASG,9638,True,10,
16286,PWVGWMRSYV,9638,True,10,
16287,HPPRGLSAEL,9638,True,10,
16288,FQPVGFWVPH,9638,True,10,
16289,TMPKSLYSRF,9638,True,10,
16290,EYPRGVKGAW,9638,True,10,
16291,LFPRPVYATH,9638,True,10,
16292,KSPRGQFSYT,9638,True,10,
16293,VFPRGQHVTW,9638,True,10,
16294,LMPRLYAGMH,9638,True,10,
16295,VFPRDFRGNS,9638,True,10,
16296,TWPRELYGVW,9638,True,10,
16297,GTPKGQYTAS,9638,True,10,
16298,THPKGNWSRS,9638,True,10,
16299,FNGIPKSATY,9638,True,10,
16300,LSVFGMTAGT,9638,True,10,
16301,QVPRQVMVIY,9638,True,10,
16302,WDPRAYIAVR,9638,True,10,
16303,YFATKPNMYE,9638,True,10,
16304,ENPASWAGTW,9638,True,10,
16305,GSPRKFTGIG,9638,True,10,
16306,KQPRNYLSGY,9638,True,10,
16307,DFPRAFTASG,9638,True,10,
16308,IVPRLQHTAT,9638,True,10,
16309,WSPAGVQAST,9638,True,10,
16310,QAPKGMWSML,9638,True,10,
16311,QYPRSHRYNW,9638,True,10,
16312,LSPRGDTGPK,9638,True,10,
16313,GSPKGMRGTH,9638,True,10,
16314,TSPRTLYAWH,9638,True,10,
16315,HAPRGSTASG,9638,True,10,known_sequence
16316,FYPRTLSGQK,9638,True,10,
16317,WFPRAYRGHA,9638,True,10,
16318,GVPRAVGVKI,9638,True,10,
16319,FGPRNVTASG,9638,True,10,
16320,CMVRAYRSAY,9638,True,10,
16321,KRHRALTASG,9638,True,10,
16322,PMPRNVYDNL,9638,True,10,
16323,MGPRQVIGAF,9638,True,10,
16324,TWPIGVQGLY,9638,True,10,
16325,RKPRGVTGQW,9638,True,10,
16326,YAPRNVYDKL,9638,True,10,
16327,GRPSGQYGVR,9638,True,10,
16328,EPIYGMRGER,9638,True,10,
16329,DHPTGFTASG,9638,True,10,
16330,GSPRTLYTAS,9638,True,10,
16331,LGRPYRSNPN,9638,True,10,
16332,WGYRGLHANQ,9638,True,10,
16333,LNPRQYTGWK,9638,True,10,
16334,HRPRSYLANW,9638,True,10,
16335,HTVYGMSGNK,9638,True,10,
16336,GQPRGFASEY,9638,True,10,
16337,ATPRGQVYQW,9638,True,10,
16338,AVTYALYAHY,9638,True,10,
16339,HTALGLYSMG,9638,True,10,
16340,TNPRMLANHA,9638,True,10,
16341,APVWGVWAPY,9638,True,10,
16342,WYPRGSTASG,9638,True,10,
16343,WTPRGNTASG,9638,True,10,
16344,GLAYHMWGQH,9638,True,10,
16345,RYPRPFGAWQ,9638,True,10,
16346,MLPRYWQSFG,9638,True,10,
16347,WTPRSHRGVS,9638,True,10,
16348,QSPRELYTPL,9638,True,10,
16349,WGPRGSTASG,9638,True,10,
16350,DTPAGNSNHG,9638,True,10,
16351,SFPRTLYSGQ,9638,True,10,
16352,LNRPARSVQF,9638,True,10,
16353,QKPRMLHAQT,9638,True,10,
16354,GWPREVRNMT,9638,True,10,
16355,WYVSNPVAPY,9638,True,10,
16356,SFPRAIHGTG,9638,True,10,
16357,YIPTAFYSLY,9638,True,10,
16358,YNPRGYTASG,9638,True,10,
16359,DNVRGMYHPQ,9638,True,10,
16360,IWPRYLFSKV,9638,True,10,
16361,DRPRVIMALY,9638,True,10,
16362,NSRLARSAPT,9638,True,10,
16363,TAPSWLAGTV,9638,True,10,
16364,PSWYGMVGTH,9638,True,10,
16365,DFPLGFRTSR,9638,True,10,
16366,KPWYGMTASG,9638,True,10,
16367,YHPRSWLGQS,9638,True,10,
16368,LKPKGNTASG,9638,True,10,
16369,KDPRGNTASG,9638,True,10,
16370,YVPRAVLGWH,9638,True,10,
16371,ISWQGMRAQG,9638,True,10,
16372,LGPKNMLGNY,9638,True,10,
16373,TVPRGVWAGW,9638,True,10,
16374,RTPLMYVGMA,9638,True,10,
16375,QRPRQYLGST,9638,True,10,
16376,QDPRSYFGIG,9638,True,10,
16377,HRPRGNWATW,9638,True,10,
16378,IGYRALWSGT,9638,True,10,
16379,RHPSGWYSIS,9638,True,10,
16380,TPVGWMQGQH,9638,True,10,
16381,VQPRNYTGPK,9638,True,10,
16382,TRPRSYTSMH,9638,True,10,
16383,MHPRGSYNHA,9638,True,10,
16384,TVPRAWLASL,9638,True,10,
16385,TVPQGVTASG,9638,True,10,
16386,GLVRSLIGQG,9638,True,10,
16387,TWPYGMRTVT,9638,True,10,
16388,YTPRGNFDTQ,9638,True,10,
16389,NFPAGVRSEW,9638,True,10,
16390,NSPFGMRALH,9638,True,10,
16391,ATPRSNIGSY,9638,True,10,
16392,GSVRGVLGYG,9638,True,10,
16393,MHPRGYQSHG,9638,True,10,
16394,PVPRPVLGVL,9638,True,10,
16395,TMPRGYTASG,9638,True,10,
16396,TGWSGLYNML,9638,True,10,
16397,AWPREFLGAW,9638,True,10,
16398,THARSLWGVH,9638,True,10,
16399,VAPRDVLGHG,9638,True,10,
16400,HPPSAFRGPW,4353,True,10,
16401,WSPLGYTGAF,4353,True,10,
16402,LSPVQFYSGW,4353,True,10,
16403,WRPGSYFGNT,4353,True,10,
16404,RFPRPFYTAS,4353,True,10,
16405,ITPSHWFDVL,4353,True,10,
16406,TAPRAYIGMG,4353,True,10,
16407,GVPSGFYVNV,4353,True,10,
16408,DPPRTIHSGI,4353,True,10,
16409,SYPSASQVMW,4353,True,10,
16410,IMPRNVWGPT,4353,True,10,
16411,DAPYQLRGNT,4353,True,10,
16412,QMPVQMTGEH,4353,True,10,
16413,YPVLGIFYPF,4353,True,10,
16414,SQPSGFTASG,4353,True,10,
16415,ERPFGFTASG,4353,True,10,
16416,PIPMWSHGTI,4353,True,10,
16417,RMPLGFHNPF,4353,True,10,
16418,QSPRMLYLKL,4353,True,10,
16419,PNVFGMHMWG,4353,True,10,
16420,PARERRSDSQ,4353,True,10,
16421,RQPFAYHGNP,4353,True,10,
16422,TAVGYLWGPR,4353,True,10,
16423,FGPYSWRAVT,4353,True,10,
16424,RQPRSWRDGS,4353,True,10,
16425,QWPRAVYTQT,4353,True,10,
16426,YLPRAVTASG,4353,True,10,
16427,EGPFSGRGWD,4353,True,10,
16428,VPPEASTSHA,4353,True,10,
16429,FDPHGFFDAG,4353,True,10,
16430,YAPRSMFGPH,4353,True,10,
16431,DHPSPFYAPV,4353,True,10,
16432,ELPDFLVNPQ,4353,True,10,
16433,YRPGPFLGHG,4353,True,10,
16434,RDPASWRGVS,4353,True,10,
16435,APPSSVLQEQ,4353,True,10,
16436,PVPRTLNAPF,4353,True,10,
16437,RTPVGSFGHG,4353,True,10,
16438,YAVRAVRGPW,4353,True,10,
16439,KHPSGFTVPR,4353,True,10,
16440,RSPLMYHVHA,4353,True,10,
16441,PFPRSWIGPY,4353,True,10,
16442,ASPLSYHNPG,4353,True,10,
16443,GHPRGQVSLV,4353,True,10,
16444,AWVGHLFAVL,4353,True,10,
16445,GTPSAYIGHT,4353,True,10,
16446,TRPRSYTLWF,4353,True,10,
16447,LGRPRGPFAT,4353,True,10,
16448,RAPSSWTASG,4353,True,10,
16449,VGPAFYTDPF,4353,True,10,
16450,LGPSLYFVLH,4353,True,10,
16451,RQPIELYAEF,4353,True,10,
16452,TGPYSWVGMG,4353,True,10,
16453,PRPFHWRNSG,4353,True,10,
16454,AGPSGVYSEA,4353,True,10,
16455,LGIARMVTAS,4353,True,10,
16456,AGPSPFTASG,4353,True,10,
16457,WEPTGMHGPH,4353,True,10,
16458,NFPLGFTASG,4353,True,10,
16459,VGPRPLTASG,4353,True,10,
16460,GDPYGMRNPI,4353,True,10,
16461,SVPSASTDTS,4353,True,10,
16462,GPPSPFKQML,4353,True,10,
16463,FGPESFRGEF,4353,True,10,
16464,EVPRAWQVMS,4353,True,10,
16465,GPPSAVTGEV,4353,True,10,
16466,PYPREVLGSL,4353,True,10,
16467,EYPWGSHGEW,4353,True,10,
16468,GRPSAFYGPY,4353,True,10,
16469,MPVYNSANLG,4353,True,10,
16470,IWPQSWRTMV,4353,True,10,
16471,GNPRGSWNLI,4353,True,10,
16472,YWPRASTASG,4353,True,10,
16473,AVPRQVLGAH,4353,True,10,
16474,GYPSAHRNPA,4353,True,10,
16475,SHPSALHATW,4353,True,10,
16476,PGPSGFTATA,4353,True,10,
16477,VMPGAMFAHG,4353,True,10,
16478,NHPSPFWTLY,4353,True,10,
16479,QGPYPWPDST,4353,True,10,
16480,HGPSGWFNLR,4353,True,10,
16481,GSPMAFLGPI,4353,True,10,
16482,STPSGQVFPA,4353,True,10,
16483,SNVFWYTGQK,4353,True,10,
16484,TVPRAWHSIL,4353,True,10,
16485,GKPRGQVFPF,4353,True,10,
16486,YGIGNMRSGS,4353,True,10,
16487,YEPRNVHSPY,4353,True,10,
16488,DVPSGVHGVG,4353,True,10,
16489,FGPSGFVSRL,4353,True,10,
16490,IGPSWSVGTH,4353,True,10,
16491,LVPRAVTASG,4353,True,10,
16492,GYPRAFVGSW,4353,True,10,
16493,FVPSGQSTAS,4353,True,10,
16494,WTPRGSTASG,4353,True,10,
16495,SDPSGFVNSG,4353,True,10,
16496,AGPAPMKDHG,4353,True,10,
16497,VWEPVHASFQ,4353,True,10,
16498,YIPMVYWGPF,4353,True,10,
16499,GRPRQVFTAS,4353,True,10,
16500,RFPRTLFGQT,4353,True,10,
16501,RGPSSYLGAS,4353,True,10,
16502,CSPSPFWTQY,4353,True,10,
16503,ATPSGWTSML,4353,True,10,
16504,PLGAPGGCVG,4353,True,10,
16505,SVPSGWIVPY,4353,True,10,
16506,PSPRYLYAQR,4353,True,10,
16507,QWPFSWRGNP,4353,True,10,
16508,WRPLGYTGRH,4353,True,10,
16509,RAPFHYIGML,4353,True,10,
16510,TAVGNFYLGY,4353,True,10,
16511,KYARALYGPK,4353,True,10,
16512,ITPLYWLTAT,4353,True,10,
16513,LPTRALMGGW,4353,True,10,
16514,ATPSGFRGWI,4353,True,10,
16515,NQPAPWYTPG,4353,True,10,
16516,DHPLGFWRPF,4353,True,10,
16517,PFPRSWRTGF,4353,True,10,
16518,TSPRLYIGVI,4353,True,10,
16519,GIPMWSKGHW,4353,True,10,
16520,VPPKSEPVPG,4353,True,10,
16521,HPPRGSTASG,4353,True,10,
16522,LSPRTLIGPG,4353,True,10,
16523,QNPSAQFTQG,4353,True,10,
16524,HAPRSWRGNV,4353,True,10,
16525,VYPHYFWGPV,4353,True,10,
16526,QHPSPFWDWS,4353,True,10,
16527,GQVFSLRTAS,4353,True,10,
16528,HSPVQFWSEV,4353,True,10,
16529,TAPVAFLGPG,4353,True,10,
16530,GIPKQVISVH,4353,True,10,
16531,FSPLASFVLA,4353,True,10,
16532,CSPYGMTSEG,4353,True,10,
16533,PLRPMRFVGN,4353,True,10,
16534,GNPRPVSTAS,4353,True,10,
16535,MSPRQVMGEK,4353,True,10,
16536,YAPRGSTVPR,4353,True,10,
16537,KLTRPANDHK,4353,True,10,
16538,PVPRQVFAWV,4353,True,10,
16539,DPVYGMYGPY,4353,True,10,
16540,QPPFAVKGLK,4353,True,10,
16541,SVPRAYHGKA,4353,True,10,
16542,WGNRPLTASG,4353,True,10,
16543,GVPRAVTGAR,4353,True,10,
16544,LGPRNHVGRK,4353,True,10,
16545,WAPLGFSNHI,4353,True,10,
16546,MTPRSQSVGA,4353,True,10,
16547,LGPMFLVGER,4353,True,10,
16548,WPPSSYISWV,4353,True,10,
16549,GSPASFYSPL,4353,True,10,
16550,YVPRAVTASG,4353,True,10,
16551,ADPRFLFGEV,4353,True,10,
16552,YVPRQVRGLW,4353,True,10,
16553,VKPAGMHTNK,4353,True,10,
16554,SFPRPTPWKF,4353,True,10,
16555,PPSRVRSNHA,4353,True,10,
16556,NYPYGLYTAS,4353,True,10,
16557,VEPFAYRGWI,4353,True,10,
16558,ESPVAYIGHG,4353,True,10,
16559,VCPLGQTVLV,4353,True,10,
16560,AMPTGFLGES,4353,True,10,
16561,SGPYGMHYTA,4353,True,10,
16562,DRPAGVRGNQ,4353,True,10,
16563,WIPSGLRSWT,4353,True,10,
16564,PCPYGMYVRK,4353,True,10,
16565,MIPRTLVMQW,4353,True,10,
16566,VQHSGCRAGP,4353,True,10,
16567,WSPSDMRGVW,4353,True,10,
16568,FVPFPFMASG,4353,True,10,
16569,CLPLGFANAL,4353,True,10,
16570,RDPSGFRSGF,4353,True,10,
16571,GPPSSWTSSK,4353,True,10,
16572,TQPSPFWAQV,4353,True,10,
16573,NQPTGFWSNY,4353,True,10,
16574,VAPSSPFGPS,4353,True,10,
16575,GTPRSWRTLI,4353,True,10,
16576,GHCAPRSAPH,4353,True,10,
16577,LFALPETLPI,4353,True,10,
16578,SRPLGFKGSG,4353,True,10,
16579,TFPSGFTARG,4353,True,10,
16580,DTPIELYSPL,4353,True,10,
16581,FCPTGLRSTF,4353,True,10,
16582,PSPRQVMDLA,4353,True,10,
16583,AVPRAVKNPW,4353,True,10,
16584,VGPVFLFSQI,4353,True,10,
16585,TPPVELFGNT,4353,True,10,
16586,TAPSSWIGTH,4353,True,10,
16587,GRPRSYTASG,4353,True,10,
16588,PRPAQMLGNF,4353,True,10,
16589,HTVWPLWSVP,4353,True,10,
16590,RPPSSWTASG,4353,True,10,
16591,TSPIGITASG,4353,True,10,
16592,APRGPRPAPP,4353,True,10,
16593,RPPAGVTASG,4353,True,10,
16594,GTPLGFTASG,4353,True,10,
16595,EVPRAWRGMW,4353,True,10,
16596,WIPSAQIGFW,4353,True,10,
16597,YVPRQVTASG,4353,True,10,
16598,RPPLGFTVKT,4353,True,10,
16599,NLPLAVYNHV,4353,True,10,
16600,AGPSGFTASG,4353,True,10,
16601,LSVFNFHSGY,4353,True,10,
16602,MVPSAIFVGF,4353,True,10,
16603,PKGYPRGVIR,4353,True,10,
16604,IPPRVCTGAF,4353,True,10,
16605,YAPLGFVGTA,4353,True,10,
16606,DVPYAQRSLG,4353,True,10,
16607,DTPSGWTASG,4353,True,10,
16608,VDPSGWTASG,4353,True,10,
16609,NPFIPVGISP,4353,True,10,
16610,QGPSAYSGNI,4353,True,10,
16611,MPIGPFWSQK,4353,True,10,
16612,TQPRAIYNMY,4353,True,10,
16613,PWVSAVFSTF,4353,True,10,
16614,TDPVELRGSF,4353,True,10,
16615,IRPRSWRAMQ,4353,True,10,
16616,YTPESNLGWL,4353,True,10,
16617,TDVFWYIGPH,4353,True,10,
16618,GRPRTLVTAS,4353,True,10,
16619,RPPSSDPANW,4353,True,10,
16620,AGPSPFLGPH,4353,True,10,
16621,GPELPRSVFP,4353,True,10,
16622,CPGLARAWGE,4353,True,10,
16623,SWPRQVTSVY,4353,True,10,
16624,TGPGPMHAVQ,4353,True,10,
16625,AVPRLQGYGH,4353,True,10,
16626,YYSIPCPYMP,4353,True,10,
16627,LGPSPFYASL,4353,True,10,
16628,AGPYHWIGEQ,4353,True,10,
16629,GRPAQMFSQF,4353,True,10,
16630,TPPSPWSAPY,4353,True,10,
16631,SGPYGQRTTA,4353,True,10,
16632,EPTRPAFAPQ,4353,True,10,
16633,LVPRPVSGVF,4353,True,10,
16634,QPLSWVFDLF,4353,True,10,
16635,GDPLGYTGWV,4353,True,10,
16636,VIPRPVHGQG,4353,True,10,
16637,PTPRQVWTIS,4353,True,10,
16638,PAPRQVTGPF,4353,True,10,
16639,YGVWGVYSVP,4353,True,10,
16640,RLPINVYGTH,4353,True,10,
16641,TVPYGVFGPG,4353,True,10,
16642,DVPYTLGKGS,4353,True,10,
16643,FLEVPIVIPT,4353,True,10,
16644,IRPHPFIGGY,4353,True,10,
16645,TEPSGSDHNF,4353,True,10,
16646,QGPWGQSFLI,4353,True,10,
16647,TQPSPFIAPG,4353,True,10,
16648,MQPSHWIGPH,4353,True,10,
16649,SPPRAVLYGT,4353,True,10,
16650,LRPAQYTGNH,4353,True,10,
16651,AVPRQVIGVI,4353,True,10,
16652,PSLAELYGVF,4353,True,10,
16653,TPPFSYFGHF,4353,True,10,
16654,FVPRQVLGEA,4353,True,10,
16655,GNPMGMHGPQ,4353,True,10,
16656,SVPSGVYTAS,4353,True,10,
16657,CSPAEWRGLG,4353,True,10,
16658,EVPSWQIGAG,4353,True,10,
16659,HAPSSLYGSQ,4353,True,10,
16660,PVPRAVHAHI,4353,True,10,
16661,GDPRPLYTAS,4353,True,10,
16662,ANPFHWRGFV,4353,True,10,
16663,GNPAQMTGNL,4353,True,10,
16664,GEPRPLFNAS,4353,True,10,
16665,MGPGFMVGKH,4353,True,10,
16666,RNPSGWTAQH,4353,True,10,
16667,IRPVGFWDSH,4353,True,10,
16668,SGPRNYINTA,4353,True,10,
16669,SPVYGMHAPI,4353,True,10,
16670,RPKPRGVPIV,4353,True,10,
16671,FRWSGMYDEA,4353,True,10,
16672,VPDPAYRGSY,4353,True,10,
16673,YSPSYLARVY,4353,True,10,
16674,DTPYGMTGAI,4353,True,10,
16675,VPWGNYLHPQ,4353,True,10,
16676,ATPRSNRVAW,4353,True,10,
16677,GTPRGMVSHA,4353,True,10,
16678,DVPSGFTASG,4353,True,10,
16679,IFPAGMTASG,4353,True,10,
16680,AVTQRLMGPV,4353,True,10,
16681,YFPMGMTASG,4353,True,10,
16682,PDPRSYLGQG,4353,True,10,
16683,CTPRSWIGVF,4353,True,10,
16684,NIPRKYKGQA,4353,True,10,
16685,IHPLGQISWF,4353,True,10,
16686,PTPRGQVFAQ,4353,True,10,
16687,FGPSAMLGPV,4353,True,10,
16688,VPPRPSMNGW,4353,True,10,
16689,SGPRTIFYTA,4353,True,10,
16690,VEYRGFYQIT,4353,True,10,
16691,VDPWGVVAQG,4353,True,10,
16692,CMPSAQTGMI,4353,True,10,
16693,EPVFGNRGAK,4353,True,10,
16694,DGPYHQFTAS,4353,True,10,
16695,STPLGQIDPK,4353,True,10,
16696,WVPSHRPFAP,4353,True,10,
16697,PAPHCFLSPI,4353,True,10,
16698,GPVYGLYGNV,4353,True,10,
16699,CYPRAIRGAY,4353,True,10,
16700,VAPSSWRTPV,4353,True,10,
16701,LVPRGSQVML,4353,True,10,
16702,DPPYGMRGNF,4353,True,10,
16703,HGPAPFSTAS,4353,True,10,
16704,RVPVEILSVW,4353,True,10,
16705,PLWRAFHNHI,4353,True,10,
16706,APVYSLFAEI,4353,True,10,
16707,QPRPRRVTPG,4353,True,10,
16708,FAWSNMYNPG,4353,True,10,
16709,SNPFGFFDLF,4353,True,10,
16710,GKPSGWITAS,4353,True,10,
16711,SNPFGFRAPF,4353,True,10,
16712,MTPKSQITGM,4353,True,10,
16713,SRPVYWRSGL,4353,True,10,
16714,AMPRYMSGGF,4353,True,10,
16715,LGPSPFINPQ,4353,True,10,
16716,ASPLGFYDQK,4353,True,10,
16717,LIPASWSDPG,4353,True,10,
16718,RDPRSWTGQV,4353,True,10,
16719,FVPAQWRGSH,4353,True,10,
16720,MGPSKYWGQV,4353,True,10,
16721,TAPSSWRGWG,4353,True,10,
16722,RPPRTLSANT,4353,True,10,
16723,HIPRPVWEGH,4353,True,10,
16724,KFPFGFQGPA,4353,True,10,
16725,SDPRGVFVLI,4353,True,10,
16726,VAPRYVYDGA,4353,True,10,
16727,VPRPLRSGPL,4353,True,10,
16728,YNPSGWTASG,4353,True,10,
16729,HDPYGMSNQG,4353,True,10,
16730,WNPSGWPTKA,4353,True,10,
16731,VAVRAHTASG,4353,True,10,
16732,SRPLAVKGWF,4353,True,10,
16733,KIPRPVWAMG,4353,True,10,
16734,LPVRAFGALA,4353,True,10,
16735,LVPRGVTASG,4353,True,10,
16736,FGPYGMTAGS,4353,True,10,
16737,AVPSGVVAEH,4353,True,10,
16738,TSPYGWQGWG,4353,True,10,
16739,DTPIELYGPG,4353,True,10,
16740,WPFIPATMPP,4353,True,10,
16741,SAPRTLFDNG,4353,True,10,
16742,HQAWGLYVES,4353,True,10,
16743,NGPSGFTGQF,4353,True,10,
16744,RGPRPFLGLF,4353,True,10,
16745,RGPSPFWAEG,4353,True,10,
16746,VPPEPSPVLD,4353,True,10,
16747,WDPSGFTAHL,4353,True,10,
16748,DPESPKVKPI,4353,True,10,
16749,VSPAYFHSVG,4353,True,10,
16750,PWPRQVTGMY,4353,True,10,
16751,FVPRQVRDTH,4353,True,10,
16752,GTPSAVLTAS,4353,True,10,
16753,RQPSGWITGS,4353,True,10,
16754,SWPRELYSPG,4353,True,10,
16755,PSPVQITGHK,4353,True,10,
16756,GFPLGSTTAS,4353,True,10,
16757,HGNPNPRGPA,4353,True,10,
16758,IPVRAILGPF,4353,True,10,
16759,ADPLGFKGPT,4353,True,10,
16760,WHVGPLWGPG,4353,True,10,
16761,VAPSSWRGPG,4353,True,10,
16762,VHPSGNTASG,4353,True,10,
16763,DMPSASYSEF,4353,True,10,
16764,IVPRQVRSWG,4353,True,10,
16765,RPPSAFNAGW,4353,True,10,
16766,LTVFPFWSIY,4353,True,10,
16767,WHVSAFRGMI,4353,True,10,
16768,WVPSGWTASG,4353,True,10,
16769,IHYAWMFAQL,4353,True,10,
16770,VAPRSWIVLT,4353,True,10,
16771,SNPLPSTGPI,4353,True,10,
16772,FWPSGWTASG,4353,True,10,
16773,APPLGFTGIW,4353,True,10,
16774,SYVRGMYGSR,4353,True,10,
16775,DYPFGNRGNL,4353,True,10,
16776,PKPWGIFYGS,4353,True,10,
16777,GPPFSNRTER,4353,True,10,
16778,SNVRPVYDWP,4353,True,10,
16779,FPPREVTGLH,4353,True,10,
16780,VQPVPMLNLA,4353,True,10,
16781,CIPFPWMAPF,4353,True,10,
16782,FGPSGFLGRQ,4353,True,10,
16783,WPPSSLFDGW,4353,True,10,
16784,CRPRQVLALG,4353,True,10,
16785,SVPSPFWAWF,4353,True,10,
16786,WNPSGFAGIL,4353,True,10,
16787,CPPRASMGEH,4353,True,10,
16788,LPPLAFRTHL,4353,True,10,
16789,PSPRAISYGY,4353,True,10,
16790,SPVYAWYGPF,4353,True,10,
16791,RHPAPFLGNT,4353,True,10,
16792,GSPYGMFTAS,4353,True,10,
16793,CRPSPFWSKV,4353,True,10,
16794,SPVSAFYAMI,4353,True,10,
16795,PIVFGMHGPI,4353,True,10,
16796,WMPSGMQGPG,4353,True,10,
16797,SAPASWIGVA,4353,True,10,
16798,NGPSGLYRIV,4353,True,10,
16799,APPEAFSGIY,4353,True,10,
16800,SYMFPRSVIL,10659,True,10,
16801,GSPRPYADGY,10659,True,10,
16802,TDARSMYGIL,10659,True,10,
16803,HWPVGFADKA,10659,True,10,
16804,LWESYRNMEN,10659,True,10,
16805,GVPVWMKGNA,10659,True,10,
16806,DTWRGLIDPG,10659,True,10,
16807,NWPAWMKTMV,10659,True,10,
16808,GVPRAVTASG,10659,True,10,known_sequence
16809,WPARSMSYGR,10659,True,10,
16810,LIPRPVMDHF,10659,True,10,
16811,AWPLHVTASG,10659,True,10,
16812,YVPRQVSDST,10659,True,10,
16813,TMPRAVKGTF,10659,True,10,
16814,DTPRGVMDAV,10659,True,10,
16815,VYEWSISASV,10659,True,10,
16816,YPRPARSVPL,10659,True,10,
16817,MTPKWMSARI,10659,True,10,
16818,QRPSWVTASG,10659,True,10,
16819,WSPLAVRDPG,10659,True,10,
16820,TRYRSMFATV,10659,True,10,
16821,IWPVEIWDPI,10659,True,10,
16822,MEPVNMYGIR,10659,True,10,
16823,SPGINLYGTS,10659,True,10,
16824,YVTRALADMQ,10659,True,10,
16825,YRVLHVISMY,10659,True,10,
16826,PLYRAMRGLI,10659,True,10,
16827,MTPRSYTDIA,10659,True,10,
16828,MAWAAYFDSI,10659,True,10,
16829,DPPRAYKGNR,10659,True,10,
16830,IRPEWMFDMI,10659,True,10,
16831,SNPVAMRDIA,10659,True,10,
16832,IAPRFIRDVT,10659,True,10,
16833,RPAQPGRLVI,10659,True,10,
16834,MLPRYWRGRW,10659,True,10,
16835,NTPRAVYDVK,10659,True,10,
16836,IDPAYWRAGI,10659,True,10,
16837,YIPRSWRTGA,10659,True,10,
16838,DLPHWSQAHF,10659,True,10,
16839,KGPSGWVDNR,10659,True,10,
16840,RVPVEIYSNG,10659,True,10,
16841,LMYRGMWVSG,10659,True,10,
16842,PVVRAVTASG,10659,True,10,
16843,YIPVAMTASG,10659,True,10,
16844,KMPRPVAVQA,10659,True,10,
16845,LPTRWLADMH,10659,True,10,
16846,YMPSWVTASG,10659,True,10,
16847,VNPAWMKGQK,10659,True,10,
16848,KNPAWMHGKA,10659,True,10,
16849,ISPRWVQDSR,10659,True,10,
16850,KNPVWYTGIQ,10659,True,10,
16851,EMPRWMADHV,10659,True,10,
16852,ALPRAISDEV,10659,True,10,
16853,MIPVWMTGMG,10659,True,10,
16854,VLYRAMIAPA,10659,True,10,
16855,VMPRNYAGSL,10659,True,10,
16856,EWPRGVTDGS,10659,True,10,
16857,SRVLPVIAIG,10659,True,10,
16858,HWVRMLVAPK,10659,True,10,
16859,GTPLSWTASG,10659,True,10,
16860,RVPRYWTASG,10659,True,10,
16861,NDIFRLVHGF,10659,True,10,
16862,DWPSGVTDVW,10659,True,10,
16863,QFPRDVIDIG,10659,True,10,
16864,LGRALRSVFS,10659,True,10,
16865,DLPVWITASG,10659,True,10,
16866,TVPKNVKDVL,10659,True,10,
16867,WMPRNIAGHY,10659,True,10,
16868,VSPGWMRAEW,10659,True,10,
16869,TGPRGVMAAY,10659,True,10,
16870,SNIFPLWVIR,10659,True,10,
16871,VPKPIALTVI,10659,True,10,
16872,REPVPMHDIY,10659,True,10,
16873,LYPASWTGHL,10659,True,10,
16874,TMPKWMKGTR,10659,True,10,
16875,AIPRYWTASG,10659,True,10,
16876,FDWSALTDPA,10659,True,10,
16877,PLGRPTGKGP,10659,True,10,
16878,TPRPRRDLQP,10659,True,10,
16879,DVARAMRGAY,10659,True,10,
16880,DSPRWIMGQI,10659,True,10,
16881,KIPSWVADIG,10659,True,10,
16882,PTWESITASG,10659,True,10,
16883,DRPRGSIQTF,10659,True,10,
16884,EVAFHIMGRL,10659,True,10,
16885,DVPYWMQAQK,10659,True,10,
16886,GFVRGVRDSG,10659,True,10,
16887,WTPIESLGMI,10659,True,10,
16888,GMARGWTASG,10659,True,10,
16889,VIPRPLSDMG,10659,True,10,
16890,SPTRWLTAKA,10659,True,10,
16891,STPRSNIDIQ,10659,True,10,
16892,SAPVAFAGKG,10659,True,10,
16893,FMVRAVTASG,10659,True,10,
16894,EGPRGVKDTA,10659,True,10,
16895,PRPVAFTAGL,10659,True,10,
16896,MLPRGVQDMQ,10659,True,10,
16897,GMPRLVMSNG,10659,True,10,
16898,RWPRGVADIY,10659,True,10,
16899,WMPRWSMDMG,10659,True,10,
16900,TAPKLITASG,10659,True,10,
16901,WLPRYIHDNS,10659,True,10,
16902,MQWRAMHGAI,10659,True,10,
16903,GWPAWVRHGK,10659,True,10,
16904,YDPRSVMAIT,10659,True,10,
16905,LAPRYWIDEL,10659,True,10,
16906,ARPRPFLDPK,10659,True,10,
16907,QLPRAIKSRG,10659,True,10,
16908,RIPASVRDKG,10659,True,10,
16909,IKPVNMLGTY,10659,True,10,
16910,SMWRAYTASG,10659,True,10,
16911,WTPRGMKGVT,10659,True,10,
16912,EVPRAWTASG,10659,True,10,
16913,DEPRWMAGSQ,10659,True,10,
16914,QRPVYMTASG,10659,True,10,
16915,RGPRSVTASG,10659,True,10,
16916,ATPRGSAHEY,10659,True,10,
16917,MLPRAVYDGK,10659,True,10,
16918,LPRQKRFIFW,10659,True,10,
16919,WRPSGVRDMF,10659,True,10,
16920,PTWRGLYDMR,10659,True,10,
16921,MRWLSLSDMA,10659,True,10,
16922,TYPRAINGPK,10659,True,10,
16923,WNPAWMAGPT,10659,True,10,
16924,TWARAMGAMF,10659,True,10,
16925,QLPAWMTGMR,10659,True,10,
16926,MFGRAMSGLY,10659,True,10,
16927,WVPRMAIDTA,10659,True,10,
16928,RSALAWYDMG,10659,True,10,
16929,FAPRPVRDPT,10659,True,10,
16930,SYPLKVLDQH,10659,True,10,
16931,WLPRAVTDQY,10659,True,10,
16932,DVPLNVMAWR,10659,True,10,
16933,YMWRAFTASG,10659,True,10,
16934,LAWAHIQAKG,10659,True,10,
16935,FDIRAKVSIT,10659,True,10,
16936,LGRSMRHVGF,10659,True,10,
16937,YALDFGTSAY,10659,True,10,
16938,SKVLAMHDQI,10659,True,10,
16939,TQVLSWKGIS,10659,True,10,
16940,PQPRPIRDSK,10659,True,10,
16941,WNPKGVRAMI,10659,True,10,
16942,WTPRYLSAVL,10659,True,10,
16943,TWGRALKGIT,10659,True,10,
16944,YAPRAVTASG,10659,True,10,
16945,GVPRTVRDWY,10659,True,10,
16946,TLPRAFTASG,10659,True,10,
16947,YTPVEIYSKG,10659,True,10,
16948,VWPKWLKGRK,10659,True,10,
16949,TIPRYSTASG,10659,True,10,
16950,TNPIPIYGWS,10659,True,10,
16951,IGPKWMTASG,10659,True,10,
16952,TQPRSWTASG,10659,True,10,
16953,IMPRNSKGRV,10659,True,10,
16954,TSPRVTASGG,10659,True,10,
16955,YTPTGMTFMT,10659,True,10,
16956,QVPRAVTDMR,10659,True,10,
16957,RLPASVAQRG,10659,True,10,
16958,VQPYGMHDIY,10659,True,10,
16959,VTPSGFTSPQ,10659,True,10,
16960,MEPMHIRGMS,10659,True,10,
16961,KRPASMTGGH,10659,True,10,
16962,TGPAWMKGIG,10659,True,10,
16963,EVPRAWTASG,10659,True,10,
16964,RMPRMLMDWI,10659,True,10,
16965,YMPRMLIDGI,10659,True,10,
16966,NYVYGMRSIG,10659,True,10,
16967,KMPVWMLGRI,10659,True,10,
16968,GNPAPMWGHF,10659,True,10,
16969,KVPRAVYDIG,10659,True,10,
16970,DKPVNMHGTG,10659,True,10,
16971,VNPRGVAQES,10659,True,10,
16972,MEAINIMGPS,10659,True,10,
16973,TMPRWSHDSA,10659,True,10,
16974,LFPRSWIGSV,10659,True,10,
16975,AVTMWSHDAY,10659,True,10,
16976,SMPRAYRDGS,10659,True,10,
16977,PAPAHWADIS,10659,True,10,
16978,LPFRALTIMY,10659,True,10,
16979,SPRVARSVKL,10659,True,10,
16980,NVPRAWTASG,10659,True,10,
16981,KLGVPRDTGD,10659,True,10,
16982,YFPRAFIDKS,10659,True,10,
16983,DDPRKVYGMA,10659,True,10,
16984,GFPLMWRTAS,10659,True,10,
16985,AYPRWMQGAG,10659,True,10,
16986,TMPRGVMDMG,10659,True,10,
16987,NIPRWSMARI,10659,True,10,
16988,IMYAYSGTMF,10659,True,10,
16989,PDWRAYISNF,10659,True,10,
16990,GSVRAVTASG,10659,True,10,
16991,DGPRAVRTAS,10659,True,10,
16992,ITRPLRDAGP,10659,True,10,
16993,GVPRAVLTAS,10659,True,10,
16994,KRPRGVKGKT,10659,True,10,
16995,SMPRYMLDPI,10659,True,10,
16996,GRPRPVADLI,10659,True,10,
16997,IPRPRNREPQ,10659,True,10,
16998,VTPRGVSDKT,10659,True,10,
16999,EFPAWIKSVS,10659,True,10,
17000,SVPRAIVDMA,10659,True,10,
17001,MGPWHVIDMT,10659,True,10,
17002,TFPRFIRAEH,10659,True,10,
17003,PFPRYWISMT,10659,True,10,
17004,TNPIMGIDGG,10659,True,10,
17005,IMARSLFGQY,10659,True,10,
17006,TGPVFLAGGR,10659,True,10,
17007,MWPVAMAGLG,10659,True,10,
17008,AGPSWIRHMH,10659,True,10,
17009,VAPRYTAGKH,10659,True,10,
17010,GRPRAVSDMF,10659,True,10,
17011,KWPRFLVSER,10659,True,10,
17012,NDFYGLRSPA,10659,True,10,
17013,FTPRMLVDAL,10659,True,10,
17014,EVTAAYRGMT,10659,True,10,
17015,AWPAWVRTGT,10659,True,10,
17016,WKPFWSQDLK,10659,True,10,
17017,VNPAWMIGPR,10659,True,10,
17018,LTPRYWTASG,10659,True,10,known_sequence
17019,PNPHILKGVI,10659,True,10,
17020,NRPSPFIDLA,10659,True,10,
17021,VAPRAVSDGI,10659,True,10,
17022,LKPVYWRAGK,10659,True,10,
17023,NFPRNILGQG,10659,True,10,
17024,SFVRALTASG,10659,True,10,
17025,YMWRAYSAIT,10659,True,10,
17026,RTPRNITASG,10659,True,10,
17027,ANPARVTSAK,10659,True,10,
17028,VRWSWMQGRF,10659,True,10,
17029,SQPIHMLGVG,10659,True,10,
17030,MTRPRRPEGF,10659,True,10,
17031,EMWRAFIGMF,10659,True,10,
17032,MVPKLSTASG,10659,True,10,
17033,DTPRSWTASG,10659,True,10,
17034,WMFWGLISEV,10659,True,10,
17035,HTVYWMKGKT,10659,True,10,
17036,VAPQWVPDIV,10659,True,10,
17037,TDPRSWTASG,10659,True,10,
17038,FMPGWMASGH,10659,True,10,
17039,VLWRAFTASG,10659,True,10,
17040,PDFRGLRDPG,10659,True,10,
17041,GPWLNMRSPF,10659,True,10,
17042,LSPRWYTSTA,10659,True,10,
17043,MYVRAIVDMA,10659,True,10,
17044,TPRPLRYDSE,10659,True,10,
17045,DWPVQMTASG,10659,True,10,
17046,RKWRAYLAMG,10659,True,10,
17047,LPWYGIYDSG,10659,True,10,
17048,LHPRWVTASG,10659,True,10,
17049,KWPAWITASG,10659,True,10,
17050,GLVRAIYDHF,10659,True,10,
17051,TGPESITASG,10659,True,10,
17052,IGTKYAPRVS,10659,True,10,
17053,QMPRNVKSEA,10659,True,10,
17054,YWEVARSIPR,10659,True,10,
17055,MGPAFMKSHG,10659,True,10,
17056,VWPRAVFNMR,10659,True,10,
17057,LEPRGVSVAQ,10659,True,10,
17058,VRTQPMYDVI,10659,True,10,
17059,TAPRSWIAIT,10659,True,10,
17060,WNPLGIRTAS,10659,True,10,
17061,ELPAAVTASG,10659,True,10,
17062,LNPRNVKGKR,10659,True,10,
17063,ISPRWVMDLG,10659,True,10,
17064,GNPRGVRDHI,10659,True,10,
17065,KWPVKMVANT,10659,True,10,
17066,HRPRSYTASG,10659,True,10,
17067,TQPRSWTASG,10659,True,10,
17068,KQPRGVMDGQ,10659,True,10,
17069,TMPYGMADMI,10659,True,10,
17070,PLYARLKMIG,10659,True,10,
17071,STRSAGTSPG,10659,True,10,
17072,TTVLWMIGPI,10659,True,10,
17073,ATLARIMDQG,10659,True,10,
17074,MTPRSNTGGY,10659,True,10,
17075,KGVRAVTASG,10659,True,10,
17076,NYPVNMKGNW,10659,True,10,
17077,MPMYGMWDMQ,10659,True,10,
17078,KFWLNMAGVA,10659,True,10,
17079,ETMLALTASG,10659,True,10,known_sequence
17080,ESPRNVMDMG,10659,True,10,
17081,YTPASVKGLI,10659,True,10,
17082,DWPAWMTGIW,10659,True,10,
17083,LKPRPIYSTS,10659,True,10,
17084,LSWRALTASG,10659,True,10,
17085,TVPVWMTASG,10659,True,10,
17086,LKPRPVLDGT,10659,True,10,
17087,SFPRKFQNMI,10659,True,10,
17088,DNWRAFTASG,10659,True,10,
17089,SAPRGSTDPG,10659,True,10,
17090,DKVMWYRSGF,10659,True,10,
17091,STVRNVDHNF,10659,True,10,
17092,AQRLTRPIPI,10659,True,10,
17093,PGPRSMIYMA,10659,True,10,
17094,NYWRAFRGTI,10659,True,10,
17095,WAPVQMTGTQ,10659,True,10,
17096,ACPASWTASG,10659,True,10,
17097,PDPRWMSDIF,10659,True,10,
17098,VPGVPNCMIS,10659,True,10,
17099,MYPRNIRAGA,10659,True,10,
17100,DAPRFLSANG,10659,True,10,
17101,YVPRAVSDMI,10659,True,10,
17102,QVPRAWTASG,10659,True,10,
17103,TSPRWMKGQI,10659,True,10,
17104,IAPRWMWGAI,10659,True,10,
17105,PTPRYWHDPW,10659,True,10,
17106,PTPRAVADMV,10659,True,10,
17107,NMPRSMIDEA,10659,True,10,
17108,YMWRAFRAGI,10659,True,10,
17109,SMPIHMLGVG,10659,True,10,
17110,MVPRGVIDVW,10659,True,10,
17111,EVPRAVGDMG,10659,True,10,
17112,RFPRAVKATV,10659,True,10,
17113,YAPRFMKGKH,10659,True,10,
17114,LRPRNSMGER,10659,True,10,
17115,KAPAKVMTVS,10659,True,10,
17116,WVPRAISAGS,10659,True,10,
17117,WSPRNYTASG,10659,True,10,
17118,SLNLNMADMN,10659,True,10,
17119,LMYRAMWAGV,10659,True,10,
17120,DTPIWMVANH,10659,True,10,
17121,ILPRGATASG,10659,True,10,
17122,KFARGMTASG,10659,True,10,
17123,DHPSFWRGAG,10659,True,10,
17124,NSPLMYHSHT,10659,True,10,
17125,KEPRGMKSIG,10659,True,10,
17126,VSPRWLTASG,10659,True,10,
17127,TEPRNVYAVF,10659,True,10,
17128,QPPRAVMDRA,10659,True,10,
17129,MAWFSMTASG,10659,True,10,
17130,MFTRWLSTFG,10659,True,10,
17131,GLPRAILQNG,10659,True,10,
17132,YGPKGMHDGQ,10659,True,10,
17133,KMPAHVIDWA,10659,True,10,
17134,DAVRAIKGEF,10659,True,10,
17135,TMPRYMTASG,10659,True,10,
17136,YPVLAVWGPQ,10659,True,10,
17137,SVPRAVATAS,10659,True,10,
17138,IGTRWYMGAV,10659,True,10,
17139,PMVRYLSAML,10659,True,10,
17140,AFPGWMKGST,10659,True,10,
17141,YLPLNSRDLQ,10659,True,10,
17142,VAPRYWRANK,10659,True,10,
17143,DIPRSVMDAG,10659,True,10,
17144,WPRNQRDSPI,10659,True,10,
17145,LFHRAMRGQG,10659,True,10,
17146,PLRSYRAIDT,10659,True,10,
17147,VSPRQVMDQV,10659,True,10,
17148,GLPLNWRGIG,10659,True,10,
17149,WTPRSNTASG,10659,True,10,
17150,EAPAQVRGAY,10659,True,10,
17151,WIPRWATSGA,10659,True,10,
17152,MTPVWMKGER,10659,True,10,
17153,MLPRSHIGSG,10659,True,10,
17154,LARWVKSVQT,10659,True,10,
17155,FQPVPMWGWL,10659,True,10,
17156,TAPRGSGLNI,10659,True,10,
17157,GTKPARDILS,10659,True,10,
17158,NVPRVHIAMQ,10659,True,10,
17159,WNPRSWIDVR,10659,True,10,
17160,ASPRWIMAQG,10659,True,10,
17161,FQPRSGTASG,10659,True,10,
17162,ETRPRRLADV,10659,True,10,
17163,NTPRSNTGVF,10659,True,10,
17164,AIPRYWRTMS,10659,True,10,
17165,TMVRYLAGMG,10659,True,10,
17166,TAIRAFTASG,10659,True,10,
17167,PRPRQYTGQA,10659,True,10,
17168,SVPRAVTASG,10659,True,10,
17169,QKPVNMWGNG,10659,True,10,
17170,QGPKGVTDWV,10659,True,10,
17171,RIPRFLYGQG,10659,True,10,
17172,FRISALVAEF,10659,True,10,
17173,FMPRASRDQH,10659,True,10,
17174,SRPLAVKGQY,10659,True,10,
17175,TVPVELHAKG,10659,True,10,
17176,GFPRDVRAVL,10659,True,10,
17177,WRYRGLHARG,10659,True,10,
17178,YGPRAIKDWY,10659,True,10,
17179,LMWYGMTASG,10659,True,10,
17180,TSPAWMQGPS,10659,True,10,
17181,LVWMAYTASG,10659,True,10,
17182,ESPRGSTASG,10659,True,10,
17183,KAPKWMRGQG,10659,True,10,
17184,WVPRAVADQG,10659,True,10,
17185,IFPKWSRDMI,10659,True,10,
17186,LDWRPMAGQI,10659,True,10,
17187,VTPRQWIDTS,10659,True,10,
17188,QRPRSMKGMS,10659,True,10,
17189,TGPIMLSANA,10659,True,10,
17190,IRPRSYRDGH,10659,True,10,
17191,SRPRTLYDRG,10659,True,10,
17192,LPTRAMTASG,10659,True,10,
17193,GMVRAIAGSG,10659,True,10,
17194,MNWVPKDLIG,10659,True,10,
17195,VFYKSMTASG,10659,True,10,
17196,LVRGNRTAGA,10659,True,10,
17197,MLPRLYMGMG,10659,True,10,
17198,MWPRQVTGNS,10659,True,10,
17199,QAPRDVLDIQ,10659,True,10,
17200,RVPRGVFNGL,2141,True,10,
17201,YAPRGMKTGT,2141,True,10,
17202,VQPRSWTNLG,2141,True,10,
17203,GVPRAVMKTG,2141,True,10,
17204,FIPRSWMAIS,2141,True,10,
17205,TAPAGVKNIG,2141,True,10,
17206,FGAQAIQTAS,2141,True,10,
17207,SLPRAYHGAY,2141,True,10,
17208,YRPRSWKTMY,2141,True,10,
17209,VTPRGMRNWR,2141,True,10,
17210,FYVRGMTNQS,2141,True,10,
17211,MTPRGNVQPH,2141,True,10,
17212,TPPRSMLNPQ,2141,True,10,
17213,VIPRPVMAPG,2141,True,10,
17214,VQPRAFHGTG,2141,True,10,
17215,MQPRSWIGVR,2141,True,10,
17216,AMPKGMRNPF,2141,True,10,
17217,SQPIHMWNQR,2141,True,10,
17218,WVPRGVMAIS,2141,True,10,
17219,KPPRAFLNIG,2141,True,10,
17220,YPVFGMRSVY,2141,True,10,
17221,FMVRGVQGET,2141,True,10,
17222,RFPRGMSYPQ,2141,True,10,
17223,FMPRAVIVGK,2141,True,10,
17224,QAPRSWYGEF,2141,True,10,
17225,VRVRALIGML,2141,True,10,
17226,TGPSGMRQEG,2141,True,10,
17227,AVPRAVMKLH,2141,True,10,
17228,IMPRSWTNGK,2141,True,10,
17229,RGPRPVWNLP,2141,True,10,
17230,MVPRAIYGAG,2141,True,10,
17231,HGPRSWRTKL,2141,True,10,
17232,KVPVGFTNMG,2141,True,10,
17233,QTPRGSAMNK,2141,True,10,
17234,RAPRSLINSF,2141,True,10,
17235,GVPRAVRTAS,2141,True,10,
17236,EMPRAVLNMA,2141,True,10,
17237,VIPRMLYGRK,2141,True,10,
17238,GPPRSMLNSA,2141,True,10,
17239,FMPRAIWGMS,2141,True,10,
17240,TKPLPQINPY,2141,True,10,
17241,WRPLGVMNTS,2141,True,10,
17242,YPVYGMVGPI,2141,True,10,
17243,MGPSGMLNTQ,2141,True,10,
17244,RKPVGMYNIV,2141,True,10,
17245,MGPSGMYNSA,2141,True,10,
17246,FDPLGMKNQI,2141,True,10,
17247,VSPLGWQNEQ,2141,True,10,
17248,FGPLGIKNWS,2141,True,10,
17249,ITPRAVRNWL,2141,True,10,
17250,WVPRGVIVNL,2141,True,10,
17251,VGPRPVTQAG,2141,True,10,
17252,QGPYGQVNWT,2141,True,10,
17253,EPPLGQITVG,2141,True,10,
17254,QPLSWVWTMA,2141,True,10,
17255,GVPRAVKGQH,2141,True,10,
17256,SLPRPVMVPK,2141,True,10,
17257,NEPRGQHFEM,2141,True,10,
17258,RAPQGMRNGK,2141,True,10,
17259,KGPVGMLSTH,2141,True,10,
17260,WPPRGMSYQT,2141,True,10,
17261,FSPRPFLNVQ,2141,True,10,
17262,DQPVPMLNPA,2141,True,10,
17263,THPVAMYNIA,2141,True,10,
17264,IVPRAVMGEA,2141,True,10,
17265,QPPRQVMNEF,2141,True,10,
17266,NMWRAFSAMW,2141,True,10,
17267,FTPRGMTNAF,2141,True,10,
17268,QSPRPVTASG,2141,True,10,
17269,ARPAQMVNIY,2141,True,10,
17270,HVPRAIFTIV,2141,True,10,
17271,THPRSWRDVF,2141,True,10,
17272,TFPRGMRGPQ,2141,True,10,
17273,VQPRPLSGPQ,2141,True,10,
17274,ERPRPVMTKS,2141,True,10,
17275,IGPYGMRKVI,2141,True,10,
17276,MQPVPMLNVY,2141,True,10,
17277,QIPRPVKSET,2141,True,10,
17278,MAEVRANFLT,2141,True,10,
17279,TFPRGQFDIA,2141,True,10,
17280,PVPRYLVAPS,2141,True,10,
17281,ADPRAIHNTV,2141,True,10,
17282,FQPRSNMGGH,2141,True,10,
17283,VGPESMLNPW,2141,True,10,
17284,LTPRGNMGIG,2141,True,10,
17285,VAPRFIRGSQ,2141,True,10,
17286,RGPAPMWALT,2141,True,10,
17287,SDPYGMRNPS,2141,True,10,
17288,GIPRPVWTEF,2141,True,10,
17289,YGPEGMVTQR,2141,True,10,
17290,LDPRGMVGNG,2141,True,10,
17291,SGPVAMLRTA,2141,True,10,
17292,SQPRGMRNQW,2141,True,10,
17293,FLPRPVMVRI,2141,True,10,
17294,LMPRYMINEG,2141,True,10,
17295,FQPRNVLGAH,2141,True,10,
17296,KVPRGVINIR,2141,True,10,
17297,FIPYWSLQML,2141,True,10,
17298,AWPRGMFTLG,2141,True,10,
17299,HIPRPVMGET,2141,True,10,
17300,GQPLGIFNSQ,2141,True,10,
17301,LPVYGMRSPL,2141,True,10,
17302,QVPRAVRNWY,2141,True,10,
17303,WMPRGSYGNQ,2141,True,10,
17304,LSPRAFYNMQ,2141,True,10,
17305,RLPLGQITRG,2141,True,10,
17306,GEPRSMLNWT,2141,True,10,
17307,AGPIPILNQW,2141,True,10,
17308,NSPLGFLNGR,2141,True,10,
17309,WLPRAVLGAQ,2141,True,10,
17310,VTPRSNLNLS,2141,True,10,
17311,NAPRAVTGNF,2141,True,10,
17312,DQPRSWTNGH,2141,True,10,
17313,FEPAGMTQPW,2141,True,10,
17314,PRPVSLLNEQ,2141,True,10,
17315,VFPRGVHNWH,2141,True,10,
17316,DAPRGSLGPT,2141,True,10,
17317,ARPRSMFNSA,2141,True,10,
17318,NTPLGQITPI,2141,True,10,
17319,VWPRGMFTNG,2141,True,10,
17320,MLPRAVLNMA,2141,True,10,
17321,TPPRAYLNPT,2141,True,10,
17322,MGPAPMWGPW,2141,True,10,
17323,RVPRAVTGVY,2141,True,10,
17324,KNPRGMLTEL,2141,True,10,
17325,SPPRAFTNAR,2141,True,10,
17326,AMPRAILNPK,2141,True,10,
17327,ASPIPIMVSW,2141,True,10,
17328,YGPRGMRNAK,2141,True,10,
17329,PMPRYLRNAK,2141,True,10,
17330,ANPRAITNWF,2141,True,10,
17331,SKPRAYANPL,2141,True,10,
17332,VPPRAVKTPW,2141,True,10,
17333,FMPRAIHGPQ,2141,True,10,
17334,VGPAGMKTNV,2141,True,10,
17335,LRPRVILVAT,2141,True,10,
17336,RQPRSWTNLG,2141,True,10,
17337,GKPRGMKTAS,2141,True,10,
17338,HAPKGMRNHR,2141,True,10,
17339,NFPRAFQGNI,2141,True,10,
17340,APPRAVSTAS,2141,True,10,
17341,QRPVGIRSNA,2141,True,10,
17342,FAPRGMRNAS,2141,True,10,
17343,IHPRSMSNVQ,2141,True,10,
17344,YMPRAIMNPF,2141,True,10,
17345,FPPRSLYSIS,2141,True,10,
17346,IGPRPVRAFA,2141,True,10,
17347,VNPRMLFSKH,2141,True,10,
17348,QLVRAVRNPT,2141,True,10,
17349,HVPVGMANIY,2141,True,10,
17350,WQPIGMLNMA,2141,True,10,
17351,HGPRGMGQMW,2141,True,10,
17352,AIPRPVMNEK,2141,True,10,
17353,QVPRAVKQGQ,2141,True,10,
17354,LPETVIGQSM,2141,True,10,
17355,WQSPRLTSRG,2141,True,10,
17356,GRPAGMKTAS,2141,True,10,
17357,VFPRGMTSIL,2141,True,10,
17358,NFPRSWIGVA,2141,True,10,
17359,SAPRAYFVQS,2141,True,10,
17360,SKPNAMINPG,2141,True,10,
17361,IVPRAVINGV,2141,True,10,
17362,PSPRAVTASG,2141,True,10,
17363,LDPRSWVTRA,2141,True,10,
17364,GLPRFLRTAS,2141,True,10,
17365,QPVYNMWSPV,2141,True,10,
17366,IWPSGWTGKQ,2141,True,10,
17367,RMPRGVTNGT,2141,True,10,
17368,IPVAGMSGMG,2141,True,10,
17369,TYPRPVFDSF,2141,True,10,
17370,SVPVGMRNER,2141,True,10,
17371,YQPVNMVGNY,2141,True,10,
17372,MHPIGLASWG,2141,True,10,
17373,KFPLMYIGTG,2141,True,10,
17374,NVPRAWTGPS,2141,True,10,
17375,VMPKGMYNEG,2141,True,10,
17376,RKPVGMHGTK,2141,True,10,
17377,QCPSGVMDQG,2141,True,10,
17378,AKPRGQVSKG,2141,True,10,
17379,GWPRGMKTAS,2141,True,10,
17380,KPPRSMLNIF,2141,True,10,
17381,MQPRSYINPG,2141,True,10,
17382,SFPRMLTASG,2141,True,10,
17383,TQPRSWIGNG,2141,True,10,
17384,HVPRPFLDPL,2141,True,10,
17385,TAPRFLITQK,2141,True,10,
17386,VGPRSWRYER,2141,True,10,
17387,MCPLGITVTG,2141,True,10,
17388,IAPRSMKNWF,2141,True,10,
17389,PAPRSMLNQG,2141,True,10,
17390,HVPRAVINPY,2141,True,10,
17391,NMPRAILNPR,2141,True,10,
17392,YAPRGSTDSF,2141,True,10,
17393,PWPAGMRNPG,2141,True,10,
17394,YVPSGMLTGR,2141,True,10,
17395,QYPRNVINER,2141,True,10,
17396,YTPKGMKTNG,2141,True,10,
17397,LMPRPYTNSR,2141,True,10,
17398,RMPRNVMKPK,2141,True,10,
17399,TSPRGVRMIW,2141,True,10,
17400,LWPAGMRNIR,2141,True,10,
17401,PRPRSLATWH,2141,True,10,
17402,QQPAWMWNAG,2141,True,10,
17403,AGPLGIRNKF,2141,True,10,
17404,FSPRPFMNIV,2141,True,10,
17405,DSRLGVMQEQ,2141,True,10,
17406,TVPYGMLNNQ,2141,True,10,
17407,QEPRPVPLNQ,2141,True,10,
17408,WIPRAVTAKG,2141,True,10,
17409,GHPSGWTAKT,2141,True,10,
17410,RAPVSMLGKL,2141,True,10,
17411,YHPRGQLNKR,2141,True,10,
17412,MAPSGWMGPT,2141,True,10,
17413,PQPLGFMQNF,2141,True,10,
17414,WKPRGMRNIR,2141,True,10,
17415,VSPRGMRNST,2141,True,10,
17416,IVPRAVKGSI,2141,True,10,
17417,KPPRGSTASG,2141,True,10,
17418,NGPRAVIGNF,2141,True,10,
17419,IHPRSWRAGW,2141,True,10,
17420,WTPRSNFSAY,2141,True,10,
17421,CRPRGVRVPG,2141,True,10,
17422,FAPRGMKNWF,2141,True,10,
17423,IQPRGMLNGF,2141,True,10,
17424,WFPSGMRNPV,2141,True,10,
17425,FAPRGMQTWT,2141,True,10,
17426,RVPRGVKNPI,2141,True,10,
17427,GVPRAVKGLS,2141,True,10,
17428,PTPRGVFNSQ,2141,True,10,
17429,RVPVGMLGAH,2141,True,10,
17430,MVPRAVYGKV,2141,True,10,
17431,GFPRAQMTPT,2141,True,10,
17432,SRPRAVATPQ,2141,True,10,
17433,SYVRAIYQAI,2141,True,10,
17434,QGPRSHITER,2141,True,10,
17435,MQPRNVSVSG,2141,True,10,
17436,RHPRSEMKVG,2141,True,10,
17437,ITPRSNRNGA,2141,True,10,
17438,VFPRGVTASG,2141,True,10,
17439,AQPRTIAVQW,2141,True,10,
17440,MRPRSLLNAW,2141,True,10,
17441,TPPRSMYNKL,2141,True,10,
17442,KGPRSMLPVR,2141,True,10,
17443,YGPRSMLNVY,2141,True,10,
17444,QAPRAVKGVG,2141,True,10,
17445,DKPRGQTFNF,2141,True,10,
17446,VMPRAFLNTH,2141,True,10,
17447,SYPRPMLGQG,2141,True,10,
17448,QYPRSWYSES,2141,True,10,
17449,YQPRSLSVNV,2141,True,10,
17450,ISPLGWTVRS,2141,True,10,
17451,DYPRGMKNMF,2141,True,10,
17452,FMPLHMSNMQ,2141,True,10,
17453,DVPVPMWNPG,2141,True,10,
17454,FTPRGQFTMY,2141,True,10,
17455,MRPRNVTKIL,2141,True,10,
17456,NRPSGWTAKS,2141,True,10,
17457,MQPLGIRYGF,2141,True,10,
17458,IPPRSWLGRW,2141,True,10,
17459,QAPRPVINAT,2141,True,10,
17460,TWPRGMKTVG,2141,True,10,
17461,KFPRGMANEV,2141,True,10,
17462,LNPRNVTASG,2141,True,10,
17463,MVPRPVLNGQ,2141,True,10,
17464,VSPRAFMGWI,2141,True,10,
17465,DNPRGLAVEK,2141,True,10,
17466,FMPRGARTSL,2141,True,10,
17467,FTPRPFPRIW,2141,True,10,
17468,AVPRAVTQPY,2141,True,10,
17469,VVPRGVRNMW,2141,True,10,
17470,TIPMHMLNQY,2141,True,10,
17471,MWPVGMHNPW,2141,True,10,
17472,AVPKGQMNIY,2141,True,10,
17473,GPPRAILNSA,2141,True,10,
17474,MVPRGVMNVG,2141,True,10,
17475,SQPRGMFNSA,2141,True,10,
17476,SMPRAFMGMY,2141,True,10,
17477,STPRGMITMY,2141,True,10,
17478,WQPRAVMNGA,2141,True,10,
17479,AGPRGVRAQF,2141,True,10,
17480,YGPVGMRSEI,2141,True,10,
17481,QRPRSWRVGS,2141,True,10,
17482,SGPLGILYTA,2141,True,10,
17483,FTPRGQVGVS,2141,True,10,
17484,WSPRSMYVAY,2141,True,10,
17485,MVPRMLFSGQ,2141,True,10,
17486,QHPRSWTNWI,2141,True,10,
17487,GWPRGVRTAS,2141,True,10,
17488,EAPRSMLNPQ,2141,True,10,
17489,HIPRAVLNLI,2141,True,10,
17490,DAPINIFSGF,2141,True,10,
17491,FSPRWMSNTG,2141,True,10,
17492,TSPVAYTGPV,2141,True,10,
17493,RVGLPLYGAK,2141,True,10,
17494,IGPVNFYNGV,2141,True,10,
17495,PAPAGVRNLG,2141,True,10,
17496,VPPRAILQTS,2141,True,10,
17497,TRPIPIWSYG,2141,True,10,
17498,FVPRSWTAIL,2141,True,10,
17499,TDPRSLIGSH,2141,True,10,
17500,GLPRYWVSHA,2141,True,10,
17501,RVPKGVRQSV,2141,True,10,
17502,AVPRQVINPK,2141,True,10,
17503,VQPRAFLNWG,2141,True,10,
17504,GSPRPFITAS,2141,True,10,
17505,QDPRGVRTAS,2141,True,10,
17506,KAPRSNWVPK,2141,True,10,
17507,QMPQAVRNMF,2141,True,10,
17508,YMPRAVSQEG,2141,True,10,
17509,VGPRAVLQLR,2141,True,10,
17510,MGPRAVKASF,2141,True,10,
17511,PYPRSYLNRL,2141,True,10,
17512,PRPRSLFGQF,2141,True,10,
17513,AYPRAYINGQ,2141,True,10,
17514,VMPRVILQPG,2141,True,10,
17515,LVPRAVYNSW,2141,True,10,
17516,YAPRGSRGLG,2141,True,10,
17517,YGPRSWTNLK,2141,True,10,
17518,DAPRGSKSTL,2141,True,10,
17519,NWPRGMFTPS,2141,True,10,
17520,PMPRAFAGSA,2141,True,10,
17521,MIPRPVITNS,2141,True,10,
17522,GAPRGSTTAS,2141,True,10,
17523,RHPRGSRTGR,2141,True,10,
17524,PTPRGQVAIF,2141,True,10,
17525,TIPRGMLNQR,2141,True,10,
17526,WAPLGFIGTY,2141,True,10,
17527,YIPTGMRNSK,2141,True,10,
17528,FTPRQMKGSS,2141,True,10,
17529,PMPRPVKNHT,2141,True,10,
17530,FWPRGNTGVQ,2141,True,10,
17531,VIPRPVMAGL,2141,True,10,
17532,LVPRQVRDVT,2141,True,10,
17533,QNPRAVQVPK,2141,True,10,
17534,TEPRGMKTNT,2141,True,10,
17535,WTPRGNFSVL,2141,True,10,
17536,PWPRSWVNAL,2141,True,10,
17537,MPVRAVHNLG,2141,True,10,
17538,PNPAGMRNGI,2141,True,10,
17539,WSPRGQVYIR,2141,True,10,
17540,ASPVAMYNQI,2141,True,10,
17541,GRPRSMLTAS,2141,True,10,
17542,DPPVSMWNEG,2141,True,10,
17543,LTPRGMAVSA,2141,True,10,
17544,GPPRGMRGPG,2141,True,10,
17545,ERPRSMLNRW,2141,True,10,
17546,TLPRAVMQPH,2141,True,10,
17547,ILPRPYWNKS,2141,True,10,
17548,FQPRSWITIS,2141,True,10,
17549,NAPRGVTVPT,2141,True,10,
17550,PVARAMIGNI,2141,True,10,
17551,VFPRSMLNPW,2141,True,10,
17552,NAVRAIIGNA,2141,True,10,
17553,MTPRSNIVQG,2141,True,10,
17554,NVPRSWTVPK,2141,True,10,
17555,EKPRNVMTLG,2141,True,10,
17556,LHPRSNRKWT,2141,True,10,
17557,MQPRNIHNPQ,2141,True,10,
17558,HIPIHMYNRI,2141,True,10,
17559,FAREPRSYNA,2141,True,10,
17560,QMPRAIALWQ,2141,True,10,
17561,PNPMGMVRSG,2141,True,10,
17562,IQPKGMFNIR,2141,True,10,
17563,NVPRASTSWY,2141,True,10,
17564,ITPIGMYNIT,2141,True,10,
17565,FVPKGMKNGI,2141,True,10,
17566,FVPRPVWNRS,2141,True,10,
17567,NPPVGLHDVQ,2141,True,10,
17568,LFPRGFSVRI,2141,True,10,
17569,RIPRPVMQRL,2141,True,10,
17570,ITPRSWVNPK,2141,True,10,
17571,KNPSGMRNSF,2141,True,10,
17572,YFPRGMKWPG,2141,True,10,
17573,MYPRGNTNAR,2141,True,10,
17574,VIPRAVLNPA,2141,True,10,
17575,LQPLGFMTIY,2141,True,10,
17576,SHPRAMYNVA,2141,True,10,
17577,VGVRPTSASW,2141,True,10,
17578,FSPMGQTVLR,2141,True,10,
17579,MSPRMLVGTQ,2141,True,10,
17580,TGPRSLYGTA,2141,True,10,
17581,SGPIGMVKTA,2141,True,10,
17582,QRPRGMANTG,2141,True,10,
17583,YKPRGVFVML,2141,True,10,
17584,TDPRSYTNPI,2141,True,10,
17585,IAPRSMLNPQ,2141,True,10,
17586,AFPRGQVNTK,2141,True,10,
17587,QNPQAMKNPI,2141,True,10,
17588,LYPRAMYNAI,2141,True,10,
17589,GNPRAVFNEA,2141,True,10,
17590,FTPLGQISHG,2141,True,10,
17591,LKPRGVTVPG,2141,True,10,
17592,VIPRPVSQEF,2141,True,10,
17593,GEPRSWFAPK,2141,True,10,
17594,QAPRSWTNVK,2141,True,10,
17595,VLPRAYQNPW,2141,True,10,
17596,QKPVGMKTSW,2141,True,10,
17597,ESPRGMQTVQ,2141,True,10,
17598,QAPINMLGEG,2141,True,10,
17599,WPPRSWIGWQ,2141,True,10,
17600,LPPLGFTAHK,4675,True,10,
17601,MIPAWSISAL,4675,True,10,
17602,LVPSGFTASG,4675,True,10,
17603,VQPSGWTGMR,4675,True,10,
17604,MNPSGFTGML,4675,True,10,
17605,QIPSGWTASG,4675,True,10,
17606,GMPLGFQGSR,4675,True,10,
17607,PVPAGVRGKV,4675,True,10,
17608,MTPSGMHGVI,4675,True,10,
17609,IMPSGFYSHR,4675,True,10,
17610,EMPSAYTGLF,4675,True,10,
17611,VQPSGWTASG,4675,True,10,
17612,NGPLGIFSNV,4675,True,10,
17613,GNPSGMRSAQ,4675,True,10,
17614,TVPGEQKSGA,4675,True,10,
17615,DLPSGVTASG,4675,True,10,
17616,AMVRAVFGIS,4675,True,10,
17617,QWPSGWIAEH,4675,True,10,
17618,VMPSGFMAHA,4675,True,10,
17619,GPPSGFIGSG,4675,True,10,
17620,TGPSGMIGLQ,4675,True,10,
17621,APPSGWTASG,4675,True,10,
17622,PMPSGWTVRG,4675,True,10,
17623,DAPSGWFAMR,4675,True,10,
17624,MAPAGVFATV,4675,True,10,
17625,LMPSGFWAMI,4675,True,10,
17626,KMPSGFYATQ,4675,True,10,
17627,VAPLGFSAKI,4675,True,10,
17628,QIPSGWYGQA,4675,True,10,
17629,QMPSGWTASG,4675,True,10,
17630,KPPSGFTGLH,4675,True,10,
17631,MLPRSYSGNK,4675,True,10,
17632,NPPSGFRAPT,4675,True,10,
17633,VPPSGFTASG,4675,True,10,
17634,NAPSMIYSTA,4675,True,10,
17635,GPPTGFRTAS,4675,True,10,
17636,GNAMGIYGPS,4675,True,10,
17637,MAPSGFHSMS,4675,True,10,
17638,MGMWGMLGMY,4675,True,10,
17639,WGPSGFTASG,4675,True,10,
17640,VQPSGWTASG,4675,True,10,
17641,SYPLGFYGKI,4675,True,10,
17642,LTPSGFVGVA,4675,True,10,
17643,QGPSGFRSGV,4675,True,10,
17644,TGPSGWTASG,4675,True,10,
17645,PGPAQMFGQA,4675,True,10,
17646,VRPSPFISLG,4675,True,10,
17647,LMPRQYQAMQ,4675,True,10,
17648,RGPQPFWSPY,4675,True,10,
17649,GLPSGWTASG,4675,True,10,
17650,KPPSGFLSQV,4675,True,10,
17651,AMPAHMYGQG,4675,True,10,
17652,IFPQGFRGAK,4675,True,10,
17653,FGPYAMHGTQ,4675,True,10,
17654,MPPSGFISMW,4675,True,10,
17655,QVPYGMYAPG,4675,True,10,
17656,VPPLGFTGMG,4675,True,10,
17657,TNPSGFQGIW,4675,True,10,
17658,PNPSGWTASG,4675,True,10,
17659,FDPSGMRGNS,4675,True,10,
17660,MPPLGFYGSG,4675,True,10,
17661,SAPAGVRGAG,4675,True,10,
17662,RIPAQYTSVS,4675,True,10,
17663,QVPSGFYAPL,4675,True,10,
17664,APPSGWTASG,4675,True,10,
17665,PMPSGFYAMK,4675,True,10,
17666,IVPRAYQGSL,4675,True,10,
17667,GVPSGWTSAK,4675,True,10,
17668,PAPRAFSAMA,4675,True,10,
17669,KQPSGFSASY,4675,True,10,
17670,AVPSGFTGPF,4675,True,10,
17671,TGPVAFYGMH,4675,True,10,
17672,MAPSALWGHI,4675,True,10,
17673,GMPRTLVGQY,4675,True,10,
17674,VTVRGIFSPI,4675,True,10,
17675,MTVFALMGAK,4675,True,10,
17676,VKPAGVTGPG,4675,True,10,
17677,ESPRSYLSIT,4675,True,10,
17678,MKPSGMTASG,4675,True,10,
17679,WGPSGFTASG,4675,True,10,
17680,VKPSGFAGWQ,4675,True,10,
17681,MRPAQYIGAK,4675,True,10,
17682,SGPVGMFSTA,4675,True,10,
17683,IAPNAFLGMV,4675,True,10,
17684,NPPAGVRAGT,4675,True,10,
17685,QNPAGVRGMF,4675,True,10,
17686,VALQSLFGTQ,4675,True,10,
17687,TPPYGFTVQV,4675,True,10,
17688,YVPSTMRGIV,4675,True,10,
17689,VAPSGWTASG,4675,True,10,
17690,MGPSGMYGAI,4675,True,10,
17691,TSPKGMRSEH,4675,True,10,
17692,GTPRQYRGAF,4675,True,10,
17693,AIPSAQYGIG,4675,True,10,
17694,QMPLGFRGPG,4675,True,10,
17695,SAPLGFTASG,4675,True,10,
17696,NYPSGWTSQR,4675,True,10,
17697,APPSGWTGKR,4675,True,10,
17698,SGPSGWTATA,4675,True,10,
17699,PVVRGVFALS,4675,True,10,
17700,RMPLGFRAQV,4675,True,10,
17701,IQPSGWTASG,4675,True,10,
17702,TGPSWITGPG,4675,True,10,
17703,AVPGWMWVMS,4675,True,10,
17704,SVPSGYTASG,4675,True,10,
17705,MPPSGFTASG,4675,True,10,
17706,MQPRGMLGLV,4675,True,10,
17707,MAPRGSTASG,4675,True,10,
17708,VQPSGWSGNT,4675,True,10,
17709,PVPSGFWATG,4675,True,10,
17710,LAPRSYTASF,4675,True,10,
17711,LQPLGFVSTY,4675,True,10,
17712,TAPSGWTASG,4675,True,10,
17713,GVPSGMHALT,4675,True,10,
17714,GAPAGVMGRL,4675,True,10,
17715,MPPSGFLGTA,4675,True,10,
17716,WPPSGFTGQY,4675,True,10,
17717,PMPSGMYSAR,4675,True,10,
17718,QPPSGFMGIQ,4675,True,10,
17719,MGPYGMRGAL,4675,True,10,
17720,GQPSAFRGHF,4675,True,10,
17721,MVPKGVSAGV,4675,True,10,
17722,TGPSGMRGQR,4675,True,10,
17723,LAPAGVWAHI,4675,True,10,
17724,MPPRNYLGLG,4675,True,10,
17725,TPPLGYTVHG,4675,True,10,
17726,GAPSGFTASG,4675,True,10,
17727,GPPAGVHDVL,4675,True,10,
17728,SNPLGFYAHF,4675,True,10,
17729,SGPSGWQATA,4675,True,10,
17730,SGPSMLTATQ,4675,True,10,
17731,MAPSGMTASG,4675,True,10,
17732,MKPSGVRAYQ,4675,True,10,
17733,VQPSGVMATF,4675,True,10,
17734,MAPSGWTASG,4675,True,10,
17735,MGPWGMTASG,4675,True,10,known_sequence
17736,GIPSALHSHG,4675,True,10,
17737,QMPLGFLAIR,4675,True,10,
17738,HSPLGYFSGH,4675,True,10,
17739,PGPYTLYSMK,4675,True,10,
17740,GSPASMHGQK,4675,True,10,
17741,TAPLGFQNMS,4675,True,10,
17742,KVPSGFRSRL,4675,True,10,
17743,MVPFGMHNKS,4675,True,10,
17744,GTPLGMRGAS,4675,True,10,
17745,QMPAGMYGNF,4675,True,10,
17746,RMPLGFTASG,4675,True,10,
17747,GTPSAYFGAY,4675,True,10,
17748,GQPAQWQGIG,4675,True,10,
17749,PGPTAMRGST,4675,True,10,
17750,PGPYPFTGKH,4675,True,10,
17751,YVPSELHGPK,4675,True,10,
17752,GAPRGVTASG,4675,True,10,
17753,IQPSGFTASG,4675,True,10,
17754,GQPRGFRSNS,4675,True,10,
17755,SPVFGMFSMQ,4675,True,10,
17756,QGPYGFLTAS,4675,True,10,
17757,RVPRQYFAQS,4675,True,10,
17758,VPPEGMLGLA,4675,True,10,
17759,MIPSGWTSKA,4675,True,10,
17760,AVPSGFYAPA,4675,True,10,
17761,QPAQGIYAQS,4675,True,10,
17762,SAPSWLSGMI,4675,True,10,
17763,MVPSGFISPG,4675,True,10,
17764,LAPRSYFSQS,4675,True,10,
17765,MDPAGVRGAQ,4675,True,10,
17766,SKPAGKSTAS,4675,True,10,
17767,AGVQGLTASG,4675,True,10,
17768,SAPLGFHSNF,4675,True,10,
17769,SPVFAMVSMG,4675,True,10,
17770,AMPSGFTASG,4675,True,10,
17771,PTPSGFIGMA,4675,True,10,
17772,VSPSGFQSTQ,4675,True,10,
17773,VMPSGFQASG,4675,True,10,
17774,TVPSWIYGMV,4675,True,10,
17775,PVAKPLTGAW,4675,True,10,
17776,SGPYGISATA,4675,True,10,
17777,EYPSGMWAGF,4675,True,10,
17778,QHPSGFRGRI,4675,True,10,
17779,SMPSGFYSQY,4675,True,10,
17780,GMPSGFRSNA,4675,True,10,
17781,TPPYGMRGVG,4675,True,10,
17782,MVPSGFRGVH,4675,True,10,
17783,PAPAGVRGQG,4675,True,10,
17784,TAPIPFWGTF,4675,True,10,
17785,YHPLGFTASG,4675,True,10,
17786,YVPSGWTASG,4675,True,10,
17787,MVPRGVQAMW,4675,True,10,
17788,NAPSWVRGKG,4675,True,10,
17789,AIPFVFQSIA,4675,True,10,
17790,MVPRQSRNVQ,4675,True,10,
17791,GPPMGMLTAS,4675,True,10,
17792,SVPSAFHAPG,4675,True,10,
17793,GPPSGWTASG,4675,True,10,
17794,TSPAGVYGTV,4675,True,10,
17795,GAPRQVSAMH,4675,True,10,
17796,MPPLGFRAMI,4675,True,10,
17797,LAPRPSWSNL,4675,True,10,
17798,VMPSGFRGPG,4675,True,10,
17799,SPPLGFRASG,4675,True,10,
17800,GQPRGVLGPK,4675,True,10,
17801,GLPRAFYGMQ,4675,True,10,
17802,PNPSGWVGEV,4675,True,10,
17803,EAPSGMLGQF,4675,True,10,
17804,VRPAGVHAIS,4675,True,10,
17805,IAPAEVKSMH,4675,True,10,
17806,MNPSGMSGRY,4675,True,10,
17807,NMPSGFSGSR,4675,True,10,
17808,MMPSGFTSTV,4675,True,10,
17809,QAPSWVISNG,4675,True,10,
17810,PMPSGMKGPV,4675,True,10,
17811,NQPRGFYAQI,4675,True,10,
17812,MPGRTLRALG,4675,True,10,
17813,QPPHAFSAQT,4675,True,10,
17814,GVPVAMIGHY,4675,True,10,
17815,NPLSWVFGMG,4675,True,10,
17816,NPPSGVTGMH,4675,True,10,
17817,MRPAQMHGES,4675,True,10,
17818,HMPLGFMSMV,4675,True,10,
17819,KMPSGFMAHR,4675,True,10,
17820,QMPRSYMGMQ,4675,True,10,
17821,EFPSGFRSIT,4675,True,10,
17822,QSPSGWIAGH,4675,True,10,
17823,KVPRQFRGAT,4675,True,10,
17824,QRPLGFLSGF,4675,True,10,
17825,PTPSGFHSGR,4675,True,10,
17826,YSVKGMTGLQ,4675,True,10,
17827,GSPLQIRTAS,4675,True,10,
17828,INPSGMKSAG,4675,True,10,
17829,MPPSGWTASG,4675,True,10,
17830,MGPWAIQNMH,4675,True,10,
17831,IVPSGYTGMQ,4675,True,10,
17832,MPPSGFRGPY,4675,True,10,
17833,LGPSMLHGIS,4675,True,10,
17834,YNVRGMYGVI,4675,True,10,
17835,NIPAPFWGMH,4675,True,10,
17836,GPPSGWTASG,4675,True,10,
17837,AVPSGFWAFW,4675,True,10,
17838,KVPSGFYANS,4675,True,10,
17839,GPPSGFTASG,4675,True,10,
17840,PHPIGFRSHY,4675,True,10,
17841,MIPRTLRSPH,4675,True,10,
17842,GTPLGFYSIL,4675,True,10,
17843,VPWGNLWSQH,4675,True,10,
17844,VVPNGFHSIS,4675,True,10,
17845,FPPLGFISEW,4675,True,10,
17846,RAPAQMWGWG,4675,True,10,
17847,RAPSHLMGVW,4675,True,10,
17848,TPPSGFWAPF,4675,True,10,
17849,FPPSGFRSVQ,4675,True,10,
17850,MAPAGVHGPF,4675,True,10,
17851,MPPLGFQAMT,4675,True,10,
17852,MVPSGMYGTH,4675,True,10,
17853,TPPSGMYSEH,4675,True,10,
17854,IMPSGFVAKA,4675,True,10,
17855,RNPAPFWSMF,4675,True,10,
17856,GSPSGFTASG,4675,True,10,
17857,WAPSGMTSLA,4675,True,10,
17858,LPVYGMTGPV,4675,True,10,
17859,GPPSGMTSEA,4675,True,10,
17860,QLNYGKGPAS,4675,True,10,
17861,VKPSGFRGRS,4675,True,10,
17862,MAPSGMHSGV,4675,True,10,
17863,MKPSGFLGMA,4675,True,10,
17864,TPPSGFMATA,4675,True,10,
17865,GVPHGFFSPT,4675,True,10,
17866,GTPIELYGRS,4675,True,10,
17867,MQPVQMTGQS,4675,True,10,
17868,KNPSGFTGMH,4675,True,10,
17869,TAPSGQLTMR,4675,True,10,
17870,PTPAHMFGIR,4675,True,10,
17871,YNPAGFLGMG,4675,True,10,
17872,LVPRGFTSGT,4675,True,10,
17873,LGPSGFTASG,4675,True,10,
17874,IVPNWMIGKF,4675,True,10,
17875,FPPLGFTASG,4675,True,10,
17876,TAPLGYTASG,4675,True,10,
17877,SKPLGYFSLH,4675,True,10,
17878,QPPLGFLGLG,4675,True,10,
17879,YAPSAFLGKT,4675,True,10,
17880,SAPRQYTSMA,4675,True,10,
17881,MPPSGFWSPI,4675,True,10,
17882,DLPKGMTGMH,4675,True,10,
17883,GPPSGVMANG,4675,True,10,
17884,GMPSGFLSRG,4675,True,10,
17885,YPPSGQTGTA,4675,True,10,
17886,SPALGLVSLV,4675,True,10,
17887,QIPYAMLSHL,4675,True,10,
17888,MAPAGVRSNG,4675,True,10,
17889,VPPMGMTGEQ,4675,True,10,
17890,NRPSGVTASG,4675,True,10,
17891,QGPSAYMGMG,4675,True,10,
17892,PMPSGFWGMF,4675,True,10,
17893,GAPSGFRAPY,4675,True,10,
17894,TVPSGFFSQF,4675,True,10,
17895,QYPAGNTGHF,4675,True,10,
17896,RVPMGFSAKL,4675,True,10,
17897,GAPSGWTASG,4675,True,10,
17898,KVPSGFLAPF,4675,True,10,
17899,RSPLSYWGRG,4675,True,10,
17900,MGPGTMLSTG,4675,True,10,
17901,TAPLGYFGTL,4675,True,10,
17902,VMPSGFTGMQ,4675,True,10,
17903,DAPSGFRGWT,4675,True,10,
17904,GVPRAIRSTV,4675,True,10,
17905,DTMWGMYGMG,4675,True,10,
17906,QPPHGFLGTY,4675,True,10,
17907,GMPSGFQSEF,4675,True,10,
17908,WAPSGFYNMG,4675,True,10,
17909,TVPIGIYATK,4675,True,10,
17910,NVPSGWTGMY,4675,True,10,
17911,SPALGMSAEY,4675,True,10,
17912,TGPSGMRSPA,4675,True,10,
17913,TQPSGFTSMQ,4675,True,10,
17914,MVPSGMRSTF,4675,True,10,
17915,SMPSGFWASI,4675,True,10,
17916,GQPRQFTGVH,4675,True,10,
17917,KTPMGFYGIG,4675,True,10,
17918,TLPHSFHALS,4675,True,10,
17919,LPPLGFWSTS,4675,True,10,
17920,AGPMNMLGQG,4675,True,10,
17921,AMPSGFYATR,4675,True,10,
17922,LRARGYTGTR,4675,True,10,
17923,MFPRGVLAEV,4675,True,10,
17924,GMPSGMISQK,4675,True,10,
17925,AKPSGVFSQV,4675,True,10,
17926,KSPAGMTGNI,4675,True,10,
17927,YIPSGFHAIS,4675,True,10,
17928,MFPIGMYGQY,4675,True,10,
17929,LPPLGFISNT,4675,True,10,
17930,TVPSGFTVRY,4675,True,10,
17931,QVPSGWTASG,4675,True,10,
17932,LNPAQMLGQT,4675,True,10,
17933,VTVLGLYANI,4675,True,10,
17934,KTPLGFRSTY,4675,True,10,
17935,QPPNAFAGMQ,4675,True,10,
17936,AYPSGWTASG,4675,True,10,
17937,VKPSGFWGWA,4675,True,10,
17938,QIPSGWTSMA,4675,True,10,
17939,GVPSGVWVQK,4675,True,10,
17940,TPPGAFTASG,4675,True,10,
17941,MPPSGMYGPH,4675,True,10,
17942,YPPSGFTGAT,4675,True,10,
17943,EVPSGFRASQ,4675,True,10,
17944,NHPSGFTASG,4675,True,10,
17945,RAPSMLWGNI,4675,True,10,
17946,VTPMGMTSMR,4675,True,10,
17947,VFPQGMASNR,4675,True,10,
17948,YPPRQYMGIK,4675,True,10,
17949,VMPSGFWAMV,4675,True,10,
17950,SGPLGYFATA,4675,True,10,
17951,GNPLGFMGHI,4675,True,10,
17952,GQPSGWTASG,4675,True,10,
17953,AVPRTILSAF,4675,True,10,
17954,SAPSMLRGTV,4675,True,10,
17955,AGPSGFTAWQ,4675,True,10,
17956,FSPMRMTGHL,4675,True,10,
17957,PGPSGKGSIV,4675,True,10,
17958,HVPSGLWSLS,4675,True,10,
17959,KMPSGFTASG,4675,True,10,
17960,LIPYGLFVMT,4675,True,10,
17961,PTPYGFYAQG,4675,True,10,
17962,SHPSGMTASG,4675,True,10,
17963,VGPAPFWAMW,4675,True,10,
17964,SPVLGIYSNQ,4675,True,10,
17965,NVPSGWTASG,4675,True,10,
17966,QAPRQVRGMT,4675,True,10,
17967,AMPLGFYSMF,4675,True,10,
17968,GIPYGMRGWI,4675,True,10,
17969,MSPVNMTNMW,4675,True,10,
17970,MQPSGWTASG,4675,True,10,
17971,QAPAGVRSMK,4675,True,10,
17972,KVPSGMLSEV,4675,True,10,
17973,FGPYGMRSEK,4675,True,10,
17974,VMPSGFTGLI,4675,True,10,
17975,TPPSGWMAHY,4675,True,10,
17976,QHRPGKSAHS,4675,True,10,
17977,SGPLGYVGTA,4675,True,10,
17978,QVPKGDAGRV,4675,True,10,
17979,QSPRQLKSMG,4675,True,10,
17980,MVAKGMHSTS,4675,True,10,
17981,YVPSGFTSAF,4675,True,10,
17982,PHPSGFYAPG,4675,True,10,
17983,TVPSGFQGTR,4675,True,10,
17984,MPPLGFQGHQ,4675,True,10,
17985,FAPSGSTGNY,4675,True,10,
17986,MAPSGFAGTV,4675,True,10,
17987,GSPLSFRSVR,4675,True,10,
17988,SMPSGMRGPA,4675,True,10,
17989,PVPRQILGSF,4675,True,10,
17990,MIPSGMTNQL,4675,True,10,
17991,HMPRGVRGSG,4675,True,10,
17992,MAPRSYRGLI,4675,True,10,
17993,GPVGWMYGRK,4675,True,10,
17994,TVLGYLQAPK,4675,True,10,
17995,TMPSGVLGRW,4675,True,10,
17996,MPPSGFTASG,4675,True,10,
17997,VGPAGMRGNF,4675,True,10,
17998,MTPIGFYSGQ,4675,True,10,
17999,NSPSGLSGIA,4675,True,10,
18000,PSPRAVQAPR,993,True,10,
18001,TNPVWMHSGW,993,True,10,
18002,HVPRGQTSVF,993,True,10,
18003,QVPVQMIGWK,993,True,10,
18004,TMVRAIKGPW,993,True,10,
18005,TVPKGMSAPH,993,True,10,
18006,EKPRSWIGEY,993,True,10,
18007,PRPTGLTSTR,993,True,10,
18008,ETPRNVKGWG,993,True,10,
18009,NLPRYWQARS,993,True,10,
18010,RVPRQVKANY,993,True,10,
18011,PGRPARHGPV,993,True,10,
18012,MQPRSMYVSY,993,True,10,
18013,VKVRAMISGA,993,True,10,
18014,GAPRQVRSTL,993,True,10,
18015,NGPSGMKSTF,993,True,10,
18016,NMVWNYRYVI,993,True,10,
18017,NRPSWVTASG,993,True,10,known_sequence
18018,ASPRFMIAPW,993,True,10,
18019,PMPRQVKAHI,993,True,10,
18020,AVPRAVSAHV,993,True,10,
18021,CKVLAKSSYW,993,True,10,
18022,SGVMGMYVTA,993,True,10,
18023,PTPVPYWNKA,993,True,10,
18024,VPPRAILAST,993,True,10,
18025,VAPRQVMAGW,993,True,10,
18026,PRPRQVYDLY,993,True,10,
18027,ETPRAMKGMA,993,True,10,
18028,VMPRGSTASG,993,True,10,
18029,FSPRQVRDAR,993,True,10,
18030,TPPRQVHALA,993,True,10,
18031,GNVNSLMSIS,993,True,10,
18032,TAPRKYTGHK,993,True,10,
18033,YTPVELWSEY,993,True,10,
18034,VAPRGSPSAG,993,True,10,
18035,NYPRAFIANV,993,True,10,
18036,RLRSPRAGPS,993,True,10,
18037,TVPVQMKGEF,993,True,10,
18038,GAPRQVTASG,993,True,10,
18039,QWPRGQSWGF,993,True,10,
18040,VWPSEWRTMY,993,True,10,
18041,TLPRYWAGPG,993,True,10,
18042,MKPRGMKGAL,993,True,10,
18043,RPPLSVFVPI,993,True,10,
18044,QMPRQIKGTW,993,True,10,
18045,NMPRYMLASL,993,True,10,
18046,FKVRGMYDPA,993,True,10,
18047,GQPRNVRTAS,993,True,10,
18048,NGPMGMTVTL,993,True,10,
18049,RTARGMTVMT,993,True,10,
18050,IHLRQLHGLT,993,True,10,
18051,SMFQGMRVTR,993,True,10,
18052,SLARSLYGWI,993,True,10,
18053,TAPRSWIAGA,993,True,10,
18054,LSPRGVTASG,993,True,10,
18055,NRALGIYEHF,993,True,10,
18056,VAPRGSGVIK,993,True,10,
18057,AVPRQVKDVF,993,True,10,
18058,FDPKAQSVIH,993,True,10,
18059,IMSERPALMG,993,True,10,
18060,LGPRQYKGWS,993,True,10,
18061,NLPRSWIYGL,993,True,10,
18062,HKPRGVTASG,993,True,10,
18063,FVPKSWIGPS,993,True,10,
18064,ASVRPLIAGW,993,True,10,
18065,LMPRQVRVIF,993,True,10,
18066,MVPRKVRNGK,993,True,10,
18067,PHFPMGVALG,993,True,10,
18068,YVPRQVYAAT,993,True,10,
18069,MPRSKRSLYT,993,True,10,
18070,GRPRVLSTAS,993,True,10,
18071,HKPLGNTASG,993,True,10,
18072,FRPRGVMVIA,993,True,10,
18073,NGVRSLMSWT,993,True,10,
18074,MTPRTLIAPK,993,True,10,
18075,KGPRNSWDPG,993,True,10,
18076,GPVFGMYSWI,993,True,10,
18077,TIPRGMTASG,993,True,10,
18078,AMVRAHIAKW,993,True,10,
18079,GMPRQVKVGW,993,True,10,
18080,STPRYLYSMA,993,True,10,
18081,NGPVWMRGWL,993,True,10,
18082,GYPRGQTASG,993,True,10,
18083,WAPLGFKSTY,993,True,10,
18084,NLPRQYTASG,993,True,10,
18085,SRPRTLVSEI,993,True,10,
18086,YTAIPMYGVY,993,True,10,
18087,QAPKGMRSPF,993,True,10,
18088,QPRSPVHALP,993,True,10,
18089,VKPVGMKSGL,993,True,10,
18090,PTPRGMASGY,993,True,10,
18091,MTPRSNTASG,993,True,10,
18092,PVTWAGELIF,993,True,10,
18093,VQPRGMASHH,993,True,10,
18094,GYPRSMKTGW,993,True,10,
18095,QRPRQVTASG,993,True,10,
18096,TRPRTLVSTY,993,True,10,
18097,VGPRAVRAWF,993,True,10,
18098,IVPRQVRSGT,993,True,10,
18099,YTVRGMYTPG,993,True,10,
18100,TMPRVLKSAF,993,True,10,
18101,GAPRSWFANA,993,True,10,
18102,GSPRSWTASG,993,True,10,
18103,MTVRGVYATL,993,True,10,
18104,GQPRTLASRV,993,True,10,
18105,LPRWKRFVPS,993,True,10,
18106,PGPVNMWTAI,993,True,10,
18107,VYPAGMHSTR,993,True,10,
18108,FSINYWRAMA,993,True,10,
18109,GRPRTLTASG,993,True,10,
18110,NMPRQVRSNH,993,True,10,
18111,VQPRSWLDVF,993,True,10,
18112,ANPLSQSVGV,993,True,10,
18113,FKPVNMLAGF,993,True,10,
18114,MHFLGLYSPF,993,True,10,
18115,VIPRPVKGWQ,993,True,10,
18116,LGPRQYHGVA,993,True,10,
18117,PSPRQVMSGQ,993,True,10,
18118,TSPVAMWNPH,993,True,10,
18119,PTPRSQGVPW,993,True,10,
18120,KLRPVRGVHS,993,True,10,
18121,MVPRGVLGIW,993,True,10,
18122,LAKQTSGTMF,993,True,10,
18123,NGPYNMRGPG,993,True,10,
18124,TVPKGMTASG,993,True,10,
18125,AIPRVLTASG,993,True,10,
18126,TNPLGQIVNG,993,True,10,
18127,VAPRQVRGWH,993,True,10,
18128,ETPRQVFAGF,993,True,10,
18129,RPRQPRAVLS,993,True,10,
18130,WVPRTVTAHK,993,True,10,
18131,VGPRAVKSLF,993,True,10,
18132,TRPKGMKTAS,993,True,10,
18133,QTPRKYWAGR,993,True,10,
18134,KLPRAFQAGV,993,True,10,
18135,QGPRGVMSGI,993,True,10,
18136,FGPKWMRGQV,993,True,10,
18137,KAPRGNFALY,993,True,10,
18138,WTPRGNRAMV,993,True,10,
18139,IWVYGMRVLY,993,True,10,
18140,IWPREVRVWF,993,True,10,
18141,GTPRGQVAIY,993,True,10,
18142,RSWRAFQAQF,993,True,10,
18143,NAPRGSKSFA,993,True,10,
18144,AGVRAVTASG,993,True,10,
18145,LGLWTLRAGR,993,True,10,
18146,SGRAPRSAKS,993,True,10,
18147,WVPVQMHGRL,993,True,10,
18148,EHPRNIKGNL,993,True,10,
18149,RGPYMMFAMI,993,True,10,
18150,KYPRQMKTNG,993,True,10,
18151,RNPRQVISAF,993,True,10,
18152,LTPRKFIAWF,993,True,10,
18153,SPVRALTGPH,993,True,10,
18154,NTPRDVIAMF,993,True,10,
18155,WSPRSWIGLW,993,True,10,
18156,EAVRSLISAS,993,True,10,
18157,FVPRQVKGKY,993,True,10,
18158,IAPRSWKTVQ,993,True,10,
18159,TVPVELITWH,993,True,10,
18160,AQPRNYLSIY,993,True,10,
18161,NGVRGMHSES,993,True,10,
18162,LVPRGVKAWI,993,True,10,
18163,LPGVKPFAET,993,True,10,
18164,DGPSWVRSGQ,993,True,10,
18165,QMPRQVTSRG,993,True,10,
18166,WVPRGSIVTY,993,True,10,
18167,KVPVELKAWT,993,True,10,
18168,EVPRQVTASG,993,True,10,
18169,FQPKGMTASG,993,True,10,
18170,GSVMGMSTAS,993,True,10,
18171,GFVRGMRSEG,993,True,10,
18172,NPPRKFTASG,993,True,10,
18173,KEPRQNVNKL,993,True,10,
18174,MGPKGVLANW,993,True,10,
18175,TSPRYLSASH,993,True,10,
18176,KVPRGVKSHA,993,True,10,
18177,IPYGSQSMEK,993,True,10,
18178,EAVRAVYGVI,993,True,10,
18179,MSPRKFTASG,993,True,10,known_sequence
18180,RMPRQVQGPI,993,True,10,
18181,YPMGRLTASG,993,True,10,
18182,IAPIWMRSIW,993,True,10,
18183,VIPRGVRFHQ,993,True,10,
18184,TGVSGMHGLK,993,True,10,
18185,QFPKWMRHGT,993,True,10,
18186,HRPVWYRSNY,993,True,10,
18187,SGPRTLNSTA,993,True,10,
18188,STPSGNWDLY,993,True,10,
18189,FKVRGMTASG,993,True,10,
18190,RIPRAYISGS,993,True,10,
18191,RMPRQVLVTI,993,True,10,
18192,GQPRSWRTAS,993,True,10,known_sequence
18193,WVPRQVQVPL,993,True,10,
18194,WAVRGMYSML,993,True,10,
18195,LRPRTILATV,993,True,10,
18196,MKPAGMRSAW,993,True,10,
18197,GAPRSWIGTV,993,True,10,
18198,KRPRSMQGQG,993,True,10,
18199,PAPVAFTSPF,993,True,10,
18200,GSVRGMHSPV,993,True,10,
18201,TYPRKYAVHL,993,True,10,
18202,TAPRQVLSGH,993,True,10,
18203,VPPRGVTASG,993,True,10,
18204,GMPRQVLAMR,993,True,10,
18205,VLPRSWRAWA,993,True,10,
18206,HNVFGMRSVA,993,True,10,
18207,EPAYNMKGLW,993,True,10,
18208,LSPRKFRSQL,993,True,10,
18209,DRPAGVWSIG,993,True,10,
18210,FVPRYLTASG,993,True,10,
18211,TGVYGMRGKW,993,True,10,
18212,DVPRGVHSVY,993,True,10,
18213,IGPAKMIAAL,993,True,10,
18214,LTVFWNHSGS,993,True,10,
18215,KPRPKRFPEA,993,True,10,
18216,YRTWSMWDKS,993,True,10,
18217,RSPRKFHSWA,993,True,10,
18218,MAPRSLIAGF,993,True,10,
18219,GQRLSKSVPI,993,True,10,
18220,AVPRGVFGVG,993,True,10,
18221,AKPRSMQSYV,993,True,10,
18222,TGPYGMKGAH,993,True,10,
18223,QVPRQVHAIA,993,True,10,
18224,YTPRQYKGEY,993,True,10,
18225,GQPRSWMAMG,993,True,10,
18226,MAPRGQTAMK,993,True,10,
18227,QPPRSWTSRL,993,True,10,
18228,GEPRSHYSVY,993,True,10,
18229,EGPASWRTAS,993,True,10,
18230,LVPRKVWAIL,993,True,10,
18231,AHVRGMYSVG,993,True,10,
18232,TRPRSLFSMV,993,True,10,
18233,VAPRQVRSWY,993,True,10,
18234,GAPRAVSTAS,993,True,10,
18235,MGPWSMKGPH,993,True,10,
18236,NWPAGMRGKQ,993,True,10,
18237,LAPRKFVAQT,993,True,10,
18238,ETPRGQVLIF,993,True,10,
18239,TVPRLYQGHI,993,True,10,
18240,WPVRGMYSMG,993,True,10,
18241,IVPRAQWDPF,993,True,10,
18242,PMVRYLAVNV,993,True,10,
18243,FGVRALRAGW,993,True,10,
18244,PQVKGMRSGV,993,True,10,
18245,KPPRQVISPG,993,True,10,
18246,RVPSKLFSMG,993,True,10,
18247,DSPRGVTASG,993,True,10,
18248,CGPRVLYAVH,993,True,10,
18249,RMPRQVKSTH,993,True,10,
18250,GPPRSMLNGV,993,True,10,
18251,AAPLGWTNRF,993,True,10,
18252,WGPRGMKGSF,993,True,10,
18253,PLGRAMTASG,993,True,10,
18254,TKPRGQAFVG,993,True,10,
18255,FAVRASTASG,993,True,10,
18256,VAPRQVRDAY,993,True,10,
18257,YQVWGIFSGS,993,True,10,
18258,GPVYSWLGKL,993,True,10,
18259,KAPREVRAEG,993,True,10,
18260,EVPRQVKAIK,993,True,10,
18261,LRPAQMKAMK,993,True,10,
18262,VRAPRATGVA,993,True,10,
18263,SAPRTLFAGT,993,True,10,
18264,YIPRAVTASG,993,True,10,
18265,TKPYGMTASG,993,True,10,
18266,TQPRGVFASY,993,True,10,
18267,YQPRLYMAQF,993,True,10,
18268,YVPRQVATMH,993,True,10,
18269,GAPKGMLTAS,993,True,10,
18270,RKPLGQIVQK,993,True,10,
18271,GIPRSYLTVR,993,True,10,
18272,EYPRQMKAQA,993,True,10,
18273,RPVMGMHGRS,993,True,10,
18274,HRPRVLISIT,993,True,10,
18275,NLPREWRSRW,993,True,10,
18276,HQPVPMAGNL,993,True,10,
18277,RSPRKYTASG,993,True,10,
18278,DNVRAIHSTY,993,True,10,
18279,FRPRTLVAVT,993,True,10,
18280,MQPRELYSHA,993,True,10,
18281,MQPRSWIAPQ,993,True,10,
18282,QTPRQLGVGS,993,True,10,
18283,LDPRAYSVGT,993,True,10,
18284,TVPARFINPT,993,True,10,
18285,QAPVPFWANF,993,True,10,
18286,TQPRGFKSTL,993,True,10,
18287,ANPKGMRSNR,993,True,10,
18288,YRVRQMFGPF,993,True,10,
18289,RLPRMLVGTV,993,True,10,
18290,LHPRGQSFPL,993,True,10,
18291,NRVRGVHSHI,993,True,10,
18292,WGPRSMVAIW,993,True,10,
18293,GAVRSVISTA,993,True,10,
18294,KAVRAMHSLF,993,True,10,
18295,VMPRQVRDKL,993,True,10,
18296,SLPRMLNSTR,993,True,10,
18297,HAPRQVTASG,993,True,10,
18298,NQPRQVKSAH,993,True,10,
18299,MYPVNMLSPK,993,True,10,
18300,LPTRGLWDPL,993,True,10,
18301,TRPRQYKGAQ,993,True,10,
18302,DVPRAVHALK,993,True,10,
18303,MWVGWMRHLQ,993,True,10,
18304,TAPINMKTQH,993,True,10,
18305,KVPRQVWAMS,993,True,10,
18306,LPRFYRYWYV,993,True,10,
18307,NHPIPVMSHS,993,True,10,
18308,QVPRAVKAPH,993,True,10,
18309,IRPRNIHAGI,993,True,10,
18310,QVPRGVFVMG,993,True,10,
18311,NSPRMLIGVI,993,True,10,
18312,TGPVELYDQF,993,True,10,
18313,VAPRGMKSTH,993,True,10,
18314,RMPRQVLSAH,993,True,10,
18315,IPGRALRAHW,993,True,10,
18316,LMNRAMTASG,993,True,10,
18317,LVPRAVYSPW,993,True,10,
18318,MQPRAIADPV,993,True,10,
18319,IQPRSWYTSF,993,True,10,
18320,PWPRPYTGVI,993,True,10,
18321,GMPRQVKGQW,993,True,10,
18322,MQPRNVYSMI,993,True,10,
18323,TQPRQVTASG,993,True,10,
18324,LVPRGVTASG,993,True,10,
18325,TVTQSLYSGR,993,True,10,
18326,DPPRQVLNHG,993,True,10,
18327,KGPRQVLATG,993,True,10,
18328,PLVRQLWGIL,993,True,10,
18329,EVLRSMWSPA,993,True,10,
18330,ATPRGQTASG,993,True,10,
18331,VAPRQVIDMT,993,True,10,
18332,GMPRGVTATI,993,True,10,
18333,AVSYAWTAHA,993,True,10,
18334,WPKPVASMPK,993,True,10,
18335,FVPVWMHGTI,993,True,10,
18336,PRPRQYIDLR,993,True,10,
18337,GSPRKFMALA,993,True,10,
18338,ARPRSLYSGL,993,True,10,
18339,GQPRTLIAGL,993,True,10,
18340,KVPSGVKGWI,993,True,10,
18341,TLPKWMRHSR,993,True,10,
18342,NLVLGMFSTG,993,True,10,
18343,LAPRFLHAEG,993,True,10,
18344,HQPVAMHGWF,993,True,10,
18345,LAPRKFTASG,993,True,10,
18346,TAPRSMTASG,993,True,10,
18347,IVARPMWATG,993,True,10,
18348,SVPRGVTASG,993,True,10,
18349,YVPRAVTASG,993,True,10,
18350,QYPRQVRAHW,993,True,10,
18351,WSPRAIRSLG,993,True,10,
18352,KTPKGMHSNL,993,True,10,
18353,SPALGIVSGW,993,True,10,
18354,RNPRQYFATL,993,True,10,
18355,WVMYLKAHRP,993,True,10,
18356,ASPIGMYDLH,993,True,10,
18357,MIPRMLKGIH,993,True,10,
18358,LSPRKFLATK,993,True,10,
18359,QKVLGMYSIW,993,True,10,
18360,SAPRKFIARL,993,True,10,
18361,NLPLNEMGMV,993,True,10,
18362,DMVSWMSGLY,993,True,10,
18363,DPPRSDVAPY,993,True,10,
18364,KIPAWMKGPL,993,True,10,
18365,KLVLGMRGMT,993,True,10,
18366,QAPRQVKDSH,993,True,10,
18367,TAPVAFWSTL,993,True,10,
18368,GAPRSDVIES,993,True,10,
18369,KLVLGQRYNS,993,True,10,
18370,NSPRMLASNW,993,True,10,
18371,SYPRAVRAEV,993,True,10,
18372,RAYPAHQAPL,993,True,10,
18373,IGPRQVRGTK,993,True,10,
18374,ACPRSYTASG,993,True,10,
18375,TRPRGQVFEI,993,True,10,
18376,PQPRQVKSGA,993,True,10,
18377,TIKAGFNVKG,993,True,10,
18378,KAPRGQVSPQ,993,True,10,
18379,VPPRSWVDGL,993,True,10,
18380,KGPVAFRSKS,993,True,10,
18381,VRPRQYAGSL,993,True,10,
18382,HAPRSMLSWV,993,True,10,
18383,SKPLGIFVQV,993,True,10,
18384,TAVRSWSAGT,993,True,10,
18385,VSPSGFTGMY,993,True,10,
18386,DYPRAFKGLY,993,True,10,
18387,LTFRGLKGAG,993,True,10,
18388,QFPRDISAKY,993,True,10,
18389,GMPRQVRGPA,993,True,10,
18390,SGVSWLIATA,993,True,10,
18391,FKPVGMYAMR,993,True,10,
18392,GVPKNMRTAS,993,True,10,
18393,MRPVQLTASG,993,True,10,
18394,KTPIGMYGEW,993,True,10,
18395,LPEPHPVGWV,993,True,10,
18396,APIRALWGMS,993,True,10,
18397,EAVRSIQSMF,993,True,10,
18398,WGPRSHLAMQ,993,True,10,
18399,TSPVQLYDTG,993,True,10,
18400,AYPAPFDDEA,1898,True,10,
18401,TGPAPMWYWN,1898,True,10,
18402,TFYPFMQDAW,1898,True,10,
18403,RIPANHIDVK,1898,True,10,
18404,LIPVPFIDAY,1898,True,10,
18405,SGPLPFIDTA,1898,True,10,
18406,FRPLQYRVRG,1898,True,10,
18407,WKPAQMWDWG,1898,True,10,
18408,GRPAPFIDTA,1898,True,10,
18409,REPVAYHATL,1898,True,10,
18410,QVPRAVQDES,1898,True,10,
18411,FGPLPFSDGS,1898,True,10,
18412,MTVYAWTASG,1898,True,10,
18413,NMPLAVLDEW,1898,True,10,
18414,PEPTAYIDLF,1898,True,10,
18415,WFPLKFTASG,1898,True,10,
18416,MWPRELIVGS,1898,True,10,
18417,LWPVPFHVLF,1898,True,10,
18418,RLPLAVSNEV,1898,True,10,
18419,FQKEWYILGV,1898,True,10,
18420,TKPVYYLDIT,1898,True,10,
18421,GPLSWVRDWG,1898,True,10,
18422,GAPLPFTVIV,1898,True,10,
18423,VRPLSYLDGH,1898,True,10,
18424,CVPLPFTASG,1898,True,10,
18425,FNPSAMYDEG,1898,True,10,
18426,MYRDPRLVGS,1898,True,10,
18427,VSPAGMTASG,1898,True,10,
18428,YRPSMLTDNV,1898,True,10,
18429,VTPLPFLDTR,1898,True,10,
18430,WRPAQMSDEA,1898,True,10,
18431,FRPMNYLTNS,1898,True,10,
18432,KGPSAYSYSV,1898,True,10,
18433,NWPAFLWTKF,1898,True,10,
18434,EGVWPLFVPT,1898,True,10,
18435,GLPLNVRTAS,1898,True,10,
18436,PYPARFTDSA,1898,True,10,
18437,VRPAGVWDTA,1898,True,10,
18438,AEPLSYSDMT,1898,True,10,
18439,EDPLASLDTF,1898,True,10,
18440,TIPSAYIDSG,1898,True,10,
18441,VPPMPVTDTF,1898,True,10,
18442,FKFIPLFYNT,1898,True,10,
18443,RMPRTYADAK,1898,True,10,
18444,NAPLPFMDPQ,1898,True,10,
18445,RFPLKFIYEG,1898,True,10,
18446,WMPSAYHDWL,1898,True,10,
18447,YHPYTLNDGY,1898,True,10,
18448,YRPAEYRDTV,1898,True,10,
18449,IAPGSMLDEF,1898,True,10,
18450,AQPLDYQVQF,1898,True,10,
18451,VPPMDIKDSG,1898,True,10,
18452,VNPAPFYDEG,1898,True,10,
18453,PGPSAYTDEG,1898,True,10,
18454,REPLSYRDTF,1898,True,10,
18455,KPAMDFWSLQ,1898,True,10,
18456,YHPVAMIDAG,1898,True,10,
18457,WGPYTLVDET,1898,True,10,
18458,TSPMDYHDIY,1898,True,10,
18459,RKPAPWIDRE,1898,True,10,
18460,NDPLKMIDMV,1898,True,10,
18461,CFPLASRDGI,1898,True,10,
18462,PFPFDARTVA,1898,True,10,
18463,FMPGEMHAVL,1898,True,10,
18464,TMPRLYLDVF,1898,True,10,
18465,PKPVPYTASG,1898,True,10,
18466,FYPWEQRDNQ,1898,True,10,
18467,RSPLNSTSEK,1898,True,10,
18468,VPPMPFYDWG,1898,True,10,
18469,WDPMQYRDVY,1898,True,10,
18470,FRPMDLIDSY,1898,True,10,
18471,RWPAGMHDSG,1898,True,10,
18472,YWPAEMRGWT,1898,True,10,
18473,WRPAQMVDVF,1898,True,10,
18474,TFPQAVLDWF,1898,True,10,
18475,KRPVAYWSAQ,1898,True,10,
18476,RQPYPFADVA,1898,True,10,
18477,RPAQDMIAES,1898,True,10,
18478,TPPAEMRDGV,1898,True,10,
18479,TFPFKYRTLV,1898,True,10,
18480,ARPLASTDNR,1898,True,10,
18481,QPPHAFADSA,1898,True,10,
18482,TYPMPVSDAW,1898,True,10,
18483,HDPLQYTAVQ,1898,True,10,
18484,FAPLGFTSRF,1898,True,10,
18485,PRPHAFYDNG,1898,True,10,
18486,FGPSAFTASG,1898,True,10,
18487,KTPLGYTVPW,1898,True,10,
18488,MALNVTPLPV,1898,True,10,
18489,AKPAYWRDPR,1898,True,10,
18490,RYPLASTDMQ,1898,True,10,
18491,FRPLGYTASG,1898,True,10,
18492,MIPFVYIDGP,1898,True,10,
18493,NSPYKYIAEV,1898,True,10,
18494,WYPAQMWDSG,1898,True,10,
18495,KLWSAYTASG,1898,True,10,
18496,LQPLTIMENG,1898,True,10,
18497,DLPLDYKVQG,1898,True,10,
18498,YPYRPMPALY,1898,True,10,
18499,GLPAAFSDSK,1898,True,10,
18500,MRPFDMHASI,1898,True,10,
18501,HFVLPLWDIR,1898,True,10,
18502,GPPAPYTDPL,1898,True,10,
18503,WGPLPFLYLT,1898,True,10,
18504,RVPMPMTASG,1898,True,10,
18505,PFNWAWRSNS,1898,True,10,
18506,RLPLPVHYAG,1898,True,10,
18507,RWPVAYQDSY,1898,True,10,
18508,GWPSELATAS,1898,True,10,
18509,SQPFTMSVGS,1898,True,10,
18510,PRPSAQADGW,1898,True,10,
18511,RPFYPYPLAG,1898,True,10,
18512,TCPLTIHMWG,1898,True,10,
18513,SRPAGLTDTG,1898,True,10,
18514,TVPY,1898,True,4,length
18515,FSPAEMLDMW,1898,True,10,
18516,YRPQAVVDAQ,1898,True,10,
18517,KRPLPFWDAK,1898,True,10,
18518,MPAFDLTASG,1898,True,10,
18519,KVPLPVSDVG,1898,True,10,
18520,YRPHAFTSEL,1898,True,10,
18521,QYPARFTASG,1898,True,10,
18522,PSPRPFLDPG,1898,True,10,
18523,RMPLDIWDPL,1898,True,10,
18524,EIPAYPQDGF,1898,True,10,
18525,NSPLASMDML,1898,True,10,
18526,FAPLGVHDNI,1898,True,10,
18527,GNPAPFHDAI,1898,True,10,
18528,YPFAQLISTA,1898,True,10,
18529,VMPVPFRDSQ,1898,True,10,
18530,QPLYSWSDGI,1898,True,10,
18531,PPLAPYSDHV,1898,True,10,
18532,YGPAPMWDLF,1898,True,10,
18533,YLPTAFSDIG,1898,True,10,
18534,TRPKQYRDNT,1898,True,10,
18535,SQPHLTASGI,1898,True,10,
18536,GWVYPLIAPF,1898,True,10,
18537,AFPNPFWATR,1898,True,10,
18538,LYPSKFTDRV,1898,True,10,
18539,PHPLSFADIL,1898,True,10,
18540,RFPAPMWDNI,1898,True,10,
18541,YRVMAYHDGL,1898,True,10,
18542,APPLPFMDRG,1898,True,10,
18543,WTPSAQADRS,1898,True,10,
18544,GRPLAETASG,1898,True,10,
18545,AGPAPMWAGY,1898,True,10,
18546,KQPMAYLDPY,1898,True,10,
18547,VPPEAISDGL,1898,True,10,
18548,GYLPGTAVKA,1898,True,10,
18549,AMPAQVRAPA,1898,True,10,
18550,SYPLKYQDGR,1898,True,10,
18551,PVPKNQMDNW,1898,True,10,
18552,RLPVAYLDVF,1898,True,10,
18553,TQPFTLHDFY,1898,True,10,
18554,PGRFARGVPP,1898,True,10,
18555,VPPSDLWATI,1898,True,10,
18556,IYPLASWDGC,1898,True,10,
18557,SHPLTLFDMA,1898,True,10,
18558,HQPYTPAVES,1898,True,10,
18559,CDPIPMIDQG,1898,True,10,
18560,YIPTAFWDHS,1898,True,10,
18561,PTPRPYSDNV,1898,True,10,
18562,TYPAEVRGEH,1898,True,10,
18563,RKVLAVRDPR,1898,True,10,
18564,LMPSPFTDKS,1898,True,10,
18565,YVPRPVMQNW,1898,True,10,
18566,KCPLTMTASG,1898,True,10,
18567,FGPSAMSVGR,1898,True,10,
18568,SKPLAYTASG,1898,True,10,
18569,SFPMPYRDTQ,1898,True,10,
18570,FYPRAFQDNA,1898,True,10,
18571,NPVYNMWDEG,1898,True,10,
18572,RYPLASKDIT,1898,True,10,
18573,FCHQPLWSNL,1898,True,10,
18574,DSPLSYRDMS,1898,True,10,
18575,RAPLPFMDVA,1898,True,10,
18576,PYRPPRSVRP,1898,True,10,
18577,FYPVELWDEG,1898,True,10,
18578,LRPRDYLDMQ,1898,True,10,
18579,RNPSAMWDGY,1898,True,10,
18580,KRPAQYRDEQ,1898,True,10,
18581,RIPLNSWDRW,1898,True,10,
18582,ENPMQMTASG,1898,True,10,
18583,SGPSAYSDTA,1898,True,10,
18584,RQPVPFADEQ,1898,True,10,
18585,GSRAPRSIET,1898,True,10,
18586,DKPLQYRDSV,1898,True,10,
18587,LHPRTIQDHF,1898,True,10,
18588,AKAFASVSRF,1898,True,10,
18589,PGPSAYTVTS,1898,True,10,
18590,NGPFKYIDWI,1898,True,10,
18591,HMPLAYTDHV,1898,True,10,
18592,RAPLPVRDVY,1898,True,10,
18593,KPPRAFVDSG,1898,True,10,
18594,GYPWAVRTAS,1898,True,10,
18595,PRPRTYSDGY,1898,True,10,
18596,FCPLMMLDQT,1898,True,10,
18597,IYPAPWMDPG,1898,True,10,
18598,MSPLNFHDAK,1898,True,10,
18599,RKPLASHDGI,1898,True,10,
18600,KNPYKYADST,1898,True,10,
18601,RYPRPFHDNL,1898,True,10,
18602,GQPLAWHTAS,1898,True,10,
18603,VAPVNFSDQV,1898,True,10,
18604,MYPVNMYDGH,1898,True,10,
18605,NHPVAFHDEF,1898,True,10,
18606,IRPMDLDSTP,1898,True,10,
18607,EAPAPHAVGF,1898,True,10,
18608,YCPLTIPDSG,1898,True,10,
18609,PWPARFSDNA,1898,True,10,
18610,QFPLDFSYLS,1898,True,10,
18611,PHPLASHDNL,1898,True,10,
18612,LQPLTIKDNV,1898,True,10,
18613,KPPLPFTDVG,1898,True,10,
18614,KTPLASWDTK,1898,True,10,
18615,PGPSTLNAKG,1898,True,10,
18616,FPPLPFHDSW,1898,True,10,
18617,VNPIPLWLTL,1898,True,10,
18618,WEPLTYRDGW,1898,True,10,
18619,GEPLTYKDPG,1898,True,10,
18620,NPPFDLWDMG,1898,True,10,
18621,FYARAMSDAQ,1898,True,10,
18622,QSPLDVRDAR,1898,True,10,
18623,WMPSTYVGAF,1898,True,10,
18624,CPALHWFDHA,1898,True,10,
18625,ISPLDVTASG,1898,True,10,
18626,RPPLTLYDNV,1898,True,10,
18627,YAPRPFADLG,1898,True,10,
18628,RGPYPFWDQS,1898,True,10,
18629,SHPYKYTASG,1898,True,10,
18630,FGPSAMTDRF,1898,True,10,
18631,TWPIELRYSP,1898,True,10,
18632,YAPLKYIDAG,1898,True,10,
18633,SFPLDYIDKI,1898,True,10,
18634,WGPSGMTDPA,1898,True,10,
18635,PFPLTFSDVH,1898,True,10,
18636,PMPVNFMDEV,1898,True,10,
18637,YRPLQYTGKS,1898,True,10,
18638,LNPSAYTVHT,1898,True,10,
18639,QNPFKYTASG,1898,True,10,
18640,YGPSAMKDHA,1898,True,10,
18641,YKPRPYMDGY,1898,True,10,
18642,QRPLQVTASG,1898,True,10,
18643,ARPFAFHDPS,1898,True,10,
18644,DTPLGFTDTQ,1898,True,10,
18645,VKPLNSYDFG,1898,True,10,
18646,CPVYNMRVGV,1898,True,10,
18647,QRPSAYIDMS,1898,True,10,
18648,GDPYAMSTAS,1898,True,10,
18649,SLPLTIADAF,1898,True,10,
18650,SGPLDYIATA,1898,True,10,
18651,DRVYNLWGPS,1898,True,10,
18652,YRPEPYSAWS,1898,True,10,
18653,RCPLEITVGF,1898,True,10,
18654,MGPSAMFDQY,1898,True,10,
18655,LKPAPWQDVH,1898,True,10,
18656,PRPLMYVDGQ,1898,True,10,
18657,QEPFAYRAMK,1898,True,10,
18658,EKPLKMIDPR,1898,True,10,
18659,LWPVELIDKT,1898,True,10,
18660,HIPLDYVDVL,1898,True,10,
18661,CIVRAVTASG,1898,True,10,
18662,YGPRPYLDES,1898,True,10,
18663,SWPAEVRDNS,1898,True,10,
18664,FVPSEVMDGV,1898,True,10,
18665,RFPLKVTDSK,1898,True,10,
18666,ACPQAVTASG,1898,True,10,
18667,WNPLASTHQL,1898,True,10,
18668,RWPSELWDGV,1898,True,10,
18669,PHPMLVGDPI,1898,True,10,
18670,PIALPFYDAT,1898,True,10,
18671,WCAMGMTASG,1898,True,10,
18672,FRPYTMTASG,1898,True,10,
18673,IYPAPFWDPA,1898,True,10,
18674,RQPLPFIDEY,1898,True,10,
18675,VEPLPFTASG,1898,True,10,
18676,WVPRVYRDMQ,1898,True,10,
18677,RSPLAFYDVG,1898,True,10,
18678,PCPTAFTDEI,1898,True,10,
18679,WRPLQYRDGY,1898,True,10,
18680,PLPLMYWDTG,1898,True,10,
18681,YPPHWLTASG,1898,True,10,
18682,LQPLTFHDQW,1898,True,10,
18683,WRPFAYTDMT,1898,True,10,
18684,FWKYAPLYVA,1898,True,10,
18685,FNPLKFLDAT,1898,True,10,
18686,HGPLPFWATY,1898,True,10,
18687,SMPFTLQAQL,1898,True,10,
18688,LYPAQMLDGQ,1898,True,10,
18689,RHPRPFIAPI,1898,True,10,
18690,PTPYPFYDAV,1898,True,10,
18691,RGPYMLWDEK,1898,True,10,
18692,YRPMNYRDGA,1898,True,10,
18693,RGPYKYADPQ,1898,True,10,
18694,LHPAPFYDVI,1898,True,10,
18695,MAPLPFANQS,1898,True,10,
18696,RRPLRYFDER,1898,True,10,
18697,RYPLSYSDGF,1898,True,10,
18698,PTPVAMHDEW,1898,True,10,
18699,RPPSAVHLNT,1898,True,10,
18700,HFPRPVWDGL,1898,True,10,
18701,NRPADVWDSA,1898,True,10,
18702,GYPRELRARF,1898,True,10,
18703,TKPAPWSDVI,1898,True,10,
18704,IVPRPWMDEG,1898,True,10,
18705,GWPRQYLDVF,1898,True,10,
18706,QKPFYPLDLQ,1898,True,10,
18707,GHPSPFTASG,1898,True,10,known_sequence
18708,VPPGAWYDVS,1898,True,10,
18709,YDPYKFRDGW,1898,True,10,
18710,LAPLGFTDSF,1898,True,10,
18711,YRPMDYPAGK,1898,True,10,
18712,MRPFAYVDNF,1898,True,10,
18713,PKPVYYQARI,1898,True,10,
18714,TVPAEVHDRG,1898,True,10,
18715,YSPSELYDNP,1898,True,10,
18716,YGPIPLVDTS,1898,True,10,
18717,QTPLGYTDSL,1898,True,10,
18718,PIPAYPLDIA,1898,True,10,
18719,MKPVNYVDAS,1898,True,10,
18720,HVPLNFWSPG,1898,True,10,
18721,KMPSKYTASG,1898,True,10,
18722,KFPFKYQDLS,1898,True,10,
18723,WAPINMIDYR,1898,True,10,
18724,RPAMDFIDNI,1898,True,10,
18725,IYPRVYSGTK,1898,True,10,
18726,VIPTPFLDSI,1898,True,10,
18727,HMPYLYSVSR,1898,True,10,
18728,AYPRAFGVEQ,1898,True,10,
18729,RPAQDLHSGH,1898,True,10,
18730,VMPSPFMDNY,1898,True,10,
18731,QSPLDVSDSR,1898,True,10,
18732,RCPLPSKDAS,1898,True,10,
18733,TMPSPFDNIR,1898,True,10,
18734,TPPLDVRDPG,1898,True,10,
18735,RKPLPSDMGP,1898,True,10,
18736,FVPQNVMDGS,1898,True,10,
18737,PFPRNFADGF,1898,True,10,
18738,FPPLDVMDGA,1898,True,10,
18739,VCPLPWTDNS,1898,True,10,
18740,YKPRTLVDEK,1898,True,10,
18741,LYPLPFLDTQ,1898,True,10,
18742,FLPRAFTASG,1898,True,10,
18743,NYWPVQQCAS,1898,True,10,
18744,RIPASMTASG,1898,True,10,
18745,FPARQMTASG,1898,True,10,
18746,KRPVAYTASG,1898,True,10,
18747,GLPGAMTASG,1898,True,10,
18748,WTPSTLYDPF,1898,True,10,
18749,RTPVELYDSR,1898,True,10,
18750,VYPVPMWSIF,1898,True,10,
18751,KYPLKITASG,1898,True,10,
18752,VDPYKYTMIA,1898,True,10,
18753,SYPRAYTDHA,1898,True,10,
18754,NHPRPYMDVW,1898,True,10,
18755,TNPIPMWVGS,1898,True,10,
18756,PSPLAVIDPA,1898,True,10,
18757,YNPLPFLDTI,1898,True,10,
18758,DQIRGSAYSA,1898,True,10,
18759,WHPYKMADPM,1898,True,10,
18760,VEGPYMTVAS,1898,True,10,
18761,FVPRAVHDGQ,1898,True,10,
18762,TGPYKYTDTA,1898,True,10,
18763,EVARAWHDGY,1898,True,10,
18764,RSPLYFIDSL,1898,True,10,
18765,RFPLKFTASG,1898,True,10,
18766,SKPLASTDNS,1898,True,10,
18767,MLPLNSLDSY,1898,True,10,
18768,DFVAQMASVW,1898,True,10,
18769,WRVEPLMSRY,1898,True,10,
18770,SKPLASQDNW,1898,True,10,
18771,MQFYPIFEIA,1898,True,10,
18772,WTPLNSADWF,1898,True,10,
18773,RWPYELRDGG,1898,True,10,
18774,CGPLAVWSEI,1898,True,10,
18775,PKPARFMDGT,1898,True,10,
18776,PNPLPFIDEK,1898,True,10,
18777,YWPGAMTDSF,1898,True,10,
18778,FKPYPVTASG,1898,True,10,
18779,WKPAPWTASG,1898,True,10,
18780,IYPKPQDLVY,1898,True,10,
18781,HFPLMYWDGT,1898,True,10,
18782,FRPLQYKDGH,1898,True,10,
18783,HAPLNFYDVW,1898,True,10,
18784,PEPSMYFDGW,1898,True,10,
18785,VRPHPFHATA,1898,True,10,
18786,IRPLQVTASG,1898,True,10,
18787,RHPFSYVDNK,1898,True,10,
18788,AYPREVYDVY,1898,True,10,
18789,PVPVPFYDEG,1898,True,10,
18790,VGPRPVWDAG,1898,True,10,
18791,LVPLNVLDGA,1898,True,10,
18792,FLPASFTDGA,1898,True,10,
18793,RSPASYTASG,1898,True,10,
18794,LWTRNLADGQ,1898,True,10,
18795,KPPLGYTDPR,1898,True,10,
18796,FRPADFWDQV,1898,True,10,
18797,RTPVELTASG,1898,True,10,
18798,QHPSAYMDGV,1898,True,10,
18799,SYPLASMDPW,1898,True,10,
18800,NQPRDVMSGI,2376,True,10,
18801,NIPRPVRHPI,2376,True,10,
18802,SAPRGQMSGQ,2376,True,10,
18803,LRVRAVISTW,2376,True,10,
18804,NLPRSWIGWY,2376,True,10,
18805,FPVRAHRSGV,2376,True,10,
18806,VHVRGVQSES,2376,True,10,
18807,WDPKGMANVH,2376,True,10,
18808,IEARAMYHPL,2376,True,10,
18809,WYPRGQISGL,2376,True,10,
18810,GRPRSYIASH,2376,True,10,
18811,YAPRSWKTIS,2376,True,10,
18812,TTPVWTASNG,2376,True,10,
18813,IVPRAWTASG,2376,True,10,
18814,GTPRGQVFYG,2376,True,10,
18815,QVPRYWRVWR,2376,True,10,
18816,KMPRYWAGHY,2376,True,10,
18817,RMWRAFRGNR,2376,True,10,
18818,AIPRPVLAQF,2376,True,10,
18819,HTVRGLRTVW,2376,True,10,
18820,NGPRGYIGWQ,2376,True,10,
18821,MYPREILGQW,2376,True,10,
18822,EVPREVRAMG,2376,True,10,
18823,TKPSGWTASG,2376,True,10,
18824,FHPRNVSAWA,2376,True,10,
18825,HVPVMLRSGH,2376,True,10,
18826,KGMFGMRTAS,2376,True,10,
18827,TVPRAWHAWQ,2376,True,10,
18828,NGPSGWISTS,2376,True,10,
18829,FMPRYMLGGW,2376,True,10,
18830,LTVRNVWTLA,2376,True,10,
18831,WSPRWIMVHY,2376,True,10,
18832,LEPRNIKHEW,2376,True,10,
18833,SVPRGVMNEL,2376,True,10,
18834,MAPRFLSDGR,2376,True,10,
18835,NSPRDVQGGY,2376,True,10,
18836,KVPRSWYTEA,2376,True,10,
18837,VLPRYWHGLY,2376,True,10,
18838,CTPKGVMDKG,2376,True,10,
18839,SNPKGMISEV,2376,True,10,
18840,TGPRSMYVNW,2376,True,10,
18841,QWPREVWDLT,2376,True,10,
18842,PFPRSWQGTL,2376,True,10,
18843,GFPRDIMSGS,2376,True,10,
18844,MTVRGMHGPS,2376,True,10,
18845,RFPRPVTASG,2376,True,10,
18846,QCPKGMKVNI,2376,True,10,
18847,IVPRNVLVPF,2376,True,10,
18848,PYPRSWTASG,2376,True,10,
18849,YIPREVYAVQ,2376,True,10,
18850,STVRGLWSPT,2376,True,10,
18851,IAPRSWRGEF,2376,True,10,
18852,MSPRQLTASG,2376,True,10,
18853,PMVRYLTASG,2376,True,10,
18854,APWYGLRAIY,2376,True,10,
18855,VAYRGLIGEQ,2376,True,10,
18856,AQPRNVLGMY,2376,True,10,
18857,VQPRPYMDMF,2376,True,10,
18858,SAPRGSTWTR,2376,True,10,
18859,QGPRGYFSPG,2376,True,10,
18860,MHPRWMSHSG,2376,True,10,
18861,GRPRNLSTAS,2376,True,10,
18862,GSPRWLHSTR,2376,True,10,
18863,CPPLGFTVRK,2376,True,10,
18864,YMPRYLYDSI,2376,True,10,
18865,PNYRSMYLPW,2376,True,10,
18866,AVPRSWTASG,2376,True,10,
18867,YVPVWMRSWF,2376,True,10,
18868,FVPRGVFDNQ,2376,True,10,
18869,HVPRQVTASG,2376,True,10,known_sequence
18870,VIPRPVMDWR,2376,True,10,
18871,DMPRAFTVGY,2376,True,10,
18872,TGPRSWTWQG,2376,True,10,
18873,GAPRNILGTR,2376,True,10,
18874,MAVRAHSGWF,2376,True,10,
18875,YVPRAVGVNQ,2376,True,10,
18876,LNPRGSWGWV,2376,True,10,
18877,KPPRGWTASG,2376,True,10,
18878,IFPRAMLGPV,2376,True,10,
18879,RIPRPVRTLF,2376,True,10,
18880,KHPRGSTASG,2376,True,10,
18881,VFARSLYGWI,2376,True,10,
18882,QYPRAFSTAY,2376,True,10,
18883,VHPRSHRVAW,2376,True,10,
18884,CPTRWLFAPG,2376,True,10,
18885,RPHRSMRSAT,2376,True,10,
18886,TAPRGVFYIT,2376,True,10,
18887,SPVRAVFNWY,2376,True,10,
18888,HRPRGSTVMW,2376,True,10,
18889,LTPRFMAGNI,2376,True,10,
18890,ATPRGSTGTY,2376,True,10,
18891,QVPRNVRTSY,2376,True,10,
18892,GDPRSWYMGA,2376,True,10,
18893,WSPRGVLTNW,2376,True,10,
18894,SHKVYPFQKQ,2376,True,10,
18895,WFPRGVTASG,2376,True,10,
18896,HTVYWMQGIW,2376,True,10,
18897,LFPRSWTSRG,2376,True,10,
18898,TVPRVYIGAL,2376,True,10,
18899,QAPRAVYTKQ,2376,True,10,
18900,SPPRGVRTAL,2376,True,10,
18901,MMPRYVITGH,2376,True,10,
18902,GTPKWMYTIH,2376,True,10,
18903,VAPRGVTVTF,2376,True,10,
18904,WNPRSWTNAG,2376,True,10,
18905,RTPVGLQDWG,2376,True,10,
18906,IQWRAYIGPY,2376,True,10,
18907,PHPRAFYSHF,2376,True,10,
18908,WGPRGNRVST,2376,True,10,
18909,SLPRAFTNVH,2376,True,10,
18910,EAVRSLIGVG,2376,True,10,
18911,HNPRSWTASG,2376,True,10,
18912,MHPRGVKSNG,2376,True,10,
18913,GVPRQVFAWH,2376,True,10,
18914,YVPRGWTASG,2376,True,10,
18915,TSPRNVYAGK,2376,True,10,
18916,ATVRGLTDMF,2376,True,10,
18917,KSPRTLSVIS,2376,True,10,
18918,YMPRAVSGHQ,2376,True,10,
18919,PVPRYLKVTW,2376,True,10,
18920,VPPKNVMDHQ,2376,True,10,
18921,QTPRYWTASG,2376,True,10,
18922,HIARSLWGSW,2376,True,10,
18923,WSPRGLTASG,2376,True,10,
18924,SIPRPVMAGT,2376,True,10,
18925,FGPRSHKTAS,2376,True,10,
18926,RTPVGMLDKG,2376,True,10,
18927,LVPRGVMVTY,2376,True,10,
18928,YPVRGVRAQF,2376,True,10,
18929,DKPRGMLTIF,2376,True,10,
18930,GRPRSYAVKF,2376,True,10,
18931,PGPRSWTNTF,2376,True,10,
18932,HSPRGQVNTH,2376,True,10,
18933,GAPRPFRWMF,2376,True,10,
18934,TIPRWSWAIL,2376,True,10,
18935,SWPRGMGTWQ,2376,True,10,
18936,AVPRYWIGVI,2376,True,10,
18937,WRPRGMKTNI,2376,True,10,
18938,KMPRYMKGIW,2376,True,10,
18939,RPPKSWTASG,2376,True,10,
18940,YVPRAWLGQK,2376,True,10,
18941,GPVYGMRTPL,2376,True,10,
18942,WRVLGLYSEQ,2376,True,10,
18943,GNPRTLSDPQ,2376,True,10,
18944,TAPRSWTDWF,2376,True,10,
18945,SGPRHYIGTA,2376,True,10,
18946,NDPRGMSTNR,2376,True,10,
18947,YKPRGVMDTW,2376,True,10,
18948,LSVKGMRANH,2376,True,10,
18949,APWRALMGTR,2376,True,10,
18950,TLPRGQTASG,2376,True,10,
18951,VRPHGFAGWR,2376,True,10,
18952,VAPRGSQDPA,2376,True,10,
18953,NSPRAFQTNA,2376,True,10,
18954,DVPRGVLDAQ,2376,True,10,
18955,ENPRSWAGPS,2376,True,10,
18956,TNPRSYLDIF,2376,True,10,
18957,PTFRGIYATF,2376,True,10,
18958,SHPRGVHLIW,2376,True,10,
18959,FGPKWMRHSY,2376,True,10,
18960,QHPRSWTNQY,2376,True,10,
18961,HTARAMQSPT,2376,True,10,
18962,ENVYGMRGIA,2376,True,10,
18963,SDPRGMKVSH,2376,True,10,
18964,QHVKGMYGNG,2376,True,10,
18965,VGPRAIYGPT,2376,True,10,
18966,FKPVNMRGEF,2376,True,10,
18967,DNPRGMSYEH,2376,True,10,
18968,LNITDRYSAS,2376,True,10,
18969,TMPVMLHSTR,2376,True,10,
18970,FKPRGQVSLY,2376,True,10,
18971,RLPVGLTVNQ,2376,True,10,
18972,QVPRAVSGKL,2376,True,10,
18973,VYVRGVQSTL,2376,True,10,
18974,AHPRGVTVGF,2376,True,10,
18975,ALPRYWSGWL,2376,True,10,
18976,AFPRAFYDWL,2376,True,10,
18977,TNPVGLRSET,2376,True,10,
18978,SPALGIFYQG,2376,True,10,
18979,EHPRSWFGWS,2376,True,10,
18980,PGPVWMLGNW,2376,True,10,
18981,RFPRNVTNAS,2376,True,10,
18982,YRVRGMYNQG,2376,True,10,
18983,QYPRGVTASG,2376,True,10,
18984,FVPRQVFVQT,2376,True,10,
18985,TGVRALQTAS,2376,True,10,
18986,FEVLSLWGMF,2376,True,10,
18987,QTPRGQVYPG,2376,True,10,
18988,GYPRSWRTVI,2376,True,10,
18989,RYPRGLSNTL,2376,True,10,
18990,WTPRGMSVTS,2376,True,10,
18991,GIPRPVQTAS,2376,True,10,
18992,VTVRGLWDVG,2376,True,10,
18993,WRPRSWRTWS,2376,True,10,
18994,TPVRAVQAVT,2376,True,10,
18995,WHPRSWIATQ,2376,True,10,
18996,NAPRSLYNRQ,2376,True,10,
18997,KMPRNVHSNI,2376,True,10,
18998,RSPRPFVNQG,2376,True,10,
18999,EPVYGIFVWA,2376,True,10,
19000,TAPKWLFGAK,2376,True,10,
19001,DKPRGMKTPH,2376,True,10,
19002,SIPRAVRDVF,2376,True,10,
19003,FAPRGSTDPL,2376,True,10,
19004,TGPSGWVGPG,2376,True,10,
19005,FGVLGIYSNW,2376,True,10,
19006,DMPRSYTSMT,2376,True,10,
19007,KAPLGQINPY,2376,True,10,
19008,VGPRPVHYGH,2376,True,10,
19009,AKVRGMRVTW,2376,True,10,
19010,FIPMWSKVTY,2376,True,10,
19011,WTPRSNQGAL,2376,True,10,
19012,ESRPMRAVGP,2376,True,10,
19013,MRHAPLWGSY,2376,True,10,
19014,TVPRPWIDPL,2376,True,10,
19015,SVPRAVLAPY,2376,True,10,
19016,ATPRMLYANR,2376,True,10,
19017,FVPRQVWGEG,2376,True,10,
19018,RIPRFLTVPG,2376,True,10,
19019,GIPRYMKGWR,2376,True,10,
19020,DWPRELSTQV,2376,True,10,
19021,LDPRSVQVAF,2376,True,10,
19022,LSPRAVLYGR,2376,True,10,
19023,WDPRGMKNMI,2376,True,10,
19024,ISPRQVKAGF,2376,True,10,
19025,LYPRALSDPH,2376,True,10,
19026,VQPRNVLGST,2376,True,10,
19027,SVPRAVWNPK,2376,True,10,
19028,TRPRGVFSIW,2376,True,10,
19029,LFPRAYADHA,2376,True,10,
19030,SVPRAFYVWG,2376,True,10,
19031,HKPRGQVLIQ,2376,True,10,
19032,ASPRNVIGAL,2376,True,10,
19033,VTPVWMWGLH,2376,True,10,
19034,WTPRGNTASG,2376,True,10,
19035,TAPRGVKVGQ,2376,True,10,
19036,MLPRMLHGMS,2376,True,10,
19037,DTPYGLQSEV,2376,True,10,
19038,RAPKWITGWV,2376,True,10,
19039,GHPRGQVFIY,2376,True,10,
19040,STPRNYFALF,2376,True,10,
19041,LHVLGLWVNR,2376,True,10,
19042,SWTRGMYTEV,2376,True,10,
19043,SAPRAYHGTY,2376,True,10,
19044,FNPRSWRGWG,2376,True,10,
19045,VAPRGMKNIA,2376,True,10,
19046,YQTKGLWGIQ,2376,True,10,
19047,NTPRSWIGDS,2376,True,10,
19048,AGPRGVMDEK,2376,True,10,
19049,LGPRSWITNT,2376,True,10,
19050,NRPRTLVTLW,2376,True,10,
19051,VFPKGVRTAT,2376,True,10,
19052,QGPMHIWTAS,2376,True,10,
19053,QVPRAVHDQT,2376,True,10,
19054,KGPVGMHSGF,2376,True,10,
19055,IFARQWRAMA,2376,True,10,
19056,AGPLGFTASG,2376,True,10,
19057,VFPRNWRTPW,2376,True,10,
19058,IVPIWSQATI,2376,True,10,
19059,GWVRGVWTAS,2376,True,10,
19060,MTPVNMLSEW,2376,True,10,
19061,WWYGHLIGTL,2376,True,10,
19062,WSPRWTMVWQ,2376,True,10,
19063,YMPRSLYTGF,2376,True,10,
19064,MAPRGVTASG,2376,True,10,
19065,HSPRSWTASG,2376,True,10,
19066,MVPKWMLNMA,2376,True,10,
19067,HPWRAFSALG,2376,True,10,
19068,HMPRWITSGY,2376,True,10,
19069,GFPRGQAVEY,2376,True,10,
19070,GFPRSNKVNR,2376,True,10,
19071,NMPRYMYNSQ,2376,True,10,
19072,TNPYGMWNAH,2376,True,10,
19073,QAPRGVKTES,2376,True,10,
19074,QHPRGQVGTA,2376,True,10,
19075,WYPRSWYGQI,2376,True,10,
19076,ANARGSAPLF,2376,True,10,
19077,EQPKGMKDVQ,2376,True,10,
19078,PYPRSWSAGF,2376,True,10,
19079,KAPRGQVSEI,2376,True,10,
19080,LVPRGVTARW,2376,True,10,
19081,KVPRAVKTHG,2376,True,10,
19082,PIPRPVKGTW,2376,True,10,
19083,FAPRSNMSMQ,2376,True,10,
19084,PEWRGLFGNR,2376,True,10,
19085,VFPRTLVGAW,2376,True,10,
19086,RKPVYQHATL,2376,True,10,
19087,LMPRYWSGNY,2376,True,10,
19088,HFVRAHIAWG,2376,True,10,
19089,TPVGWMYSAQ,2376,True,10,
19090,HVPKWMKGKG,2376,True,10,
19091,KGPVPMLGTG,2376,True,10,
19092,HAVRGVYNVA,2376,True,10,
19093,KQPRGVKVGI,2376,True,10,
19094,RKPSGWIDTG,2376,True,10,
19095,RYPRGLSVLG,2376,True,10,
19096,QHVRGLYSPA,2376,True,10,
19097,RLVRYLWSLV,2376,True,10,
19098,PLRWIASQFD,2376,True,10,
19099,TLPRNILGAK,2376,True,10,
19100,FVPRPITASG,2376,True,10,
19101,MFALGIWVWG,2376,True,10,
19102,ATPRSNRVLR,2376,True,10,
19103,NAPRSWQVPQ,2376,True,10,
19104,ERPRSLYTWY,2376,True,10,
19105,GFPRPFLAVF,2376,True,10,
19106,VEPLGFTVAR,2376,True,10,
19107,MVPRGSWNPA,2376,True,10,
19108,ANPRSWVGRG,2376,True,10,
19109,MNPRSMLTNS,2376,True,10,
19110,CRPRGVIVGW,2376,True,10,
19111,RPRQWRQANT,2376,True,10,
19112,WHPRSWQSWL,2376,True,10,
19113,IHPIGQRTWA,2376,True,10,
19114,VTPIGIYGWA,2376,True,10,
19115,TPNVGRANEW,2376,True,10,
19116,GNPRSWTNAV,2376,True,10,
19117,YGPRGVRVKQ,2376,True,10,
19118,PIWRALKAWV,2376,True,10,
19119,SFPKGVQAWL,2376,True,10,
19120,REPRNVLSPG,2376,True,10,
19121,RPREVRHALA,2376,True,10,
19122,IPPRAYLSNW,2376,True,10,
19123,QMPRNVLGVK,2376,True,10,
19124,YPVRAFWSWQ,2376,True,10,
19125,AVPRYWTASG,2376,True,10,
19126,PAPRSWYDIR,2376,True,10,
19127,LQPKGMHGQF,2376,True,10,
19128,MWVMGFSQKA,2376,True,10,
19129,GFPRGVMSWH,2376,True,10,
19130,SAPRSMFSTW,2376,True,10,
19131,TVPRAWSGMR,2376,True,10,
19132,RGPSGWTASG,2376,True,10,
19133,WSPKGVLTPA,2376,True,10,
19134,YAPRSLYTGY,2376,True,10,
19135,RVPRNVIGAY,2376,True,10,
19136,INPRAVQTGA,2376,True,10,
19137,GVPRAVSTAS,2376,True,10,
19138,NQPRSHMGPA,2376,True,10,
19139,RHPRSLMTNL,2376,True,10,
19140,KMPRWIMVQS,2376,True,10,
19141,DLYRGLYDTL,2376,True,10,
19142,MDPVSLFGAQ,2376,True,10,
19143,MSPRNWVGPF,2376,True,10,
19144,VWPRQVMVKG,2376,True,10,
19145,QIPRYMTASG,2376,True,10,
19146,PHPRSWIGAY,2376,True,10,
19147,RMPRYILGWQ,2376,True,10,
19148,THPRGQTVAL,2376,True,10,
19149,SAPRAYIAIA,2376,True,10,
19150,RVPRGVGSWS,2376,True,10,
19151,CDPRWMKGLF,2376,True,10,
19152,GRPRSLRSGL,2376,True,10,
19153,VAPRNIKVSK,2376,True,10,
19154,AMPRWIHVHG,2376,True,10,
19155,ERPRGMKTNW,2376,True,10,
19156,LEPRSWKTWH,2376,True,10,
19157,SRPRNYITAS,2376,True,10,
19158,CVPRSWRTWF,2376,True,10,
19159,IAPRSWRGTI,2376,True,10,
19160,QTPRSWTNAS,2376,True,10,
19161,FAGRALRASH,2376,True,10,
19162,NLPRYWKDAH,2376,True,10,
19163,PGPRSWTASG,2376,True,10,
19164,LTPRSMLGAI,2376,True,10,
19165,FKPRAVKVSF,2376,True,10,
19166,WSEYGYIVRI,2376,True,10,
19167,ERSYGMRVHW,2376,True,10,
19168,LIPRYWYVAQ,2376,True,10,
19169,QWPLNWRSWA,2376,True,10,
19170,YLPRAWANMA,2376,True,10,
19171,WRPVSYISGS,2376,True,10,
19172,ARPRGVHNPQ,2376,True,10,
19173,WKVRGMTASG,2376,True,10,
19174,VTPRSMYVEY,2376,True,10,
19175,TAVRSLYSVK,2376,True,10,
19176,HNRTPRSITP,2376,True,10,
19177,VWPRWILGVF,2376,True,10,
19178,PHWRALRGTK,2376,True,10,
19179,KHPRGYTGSA,2376,True,10,
19180,YGPRGMKNVY,2376,True,10,
19181,MVPRGVGAPF,2376,True,10,
19182,HLAKHLIGWG,2376,True,10,
19183,DGRPHRSVNT,2376,True,10,
19184,VTPKGVTVPT,2376,True,10,
19185,EIARAMLGAF,2376,True,10,
19186,FYVRGMTASG,2376,True,10,
19187,FVPRSWKGMF,2376,True,10,
19188,DPPRWMKGSY,2376,True,10,
19189,PWVYGMRSAF,2376,True,10,
19190,MQPRYWTASG,2376,True,10,
19191,APVAKWQRTE,2376,True,10,
19192,HLPRYWAVPW,2376,True,10,
19193,NEPRAVYNIL,2376,True,10,
19194,SAPRGSTFTN,2376,True,10,
19195,MRPRPMLNWA,2376,True,10,
19196,QVPRAWKGNV,2376,True,10,
19197,RWARAMKGTG,2376,True,10,
19198,HMPRYMLSNS,2376,True,10,
19199,QGPRNVHVNA,2376,True,10,
19200,GMPRKIFGQW,3757,True,10,
19201,FTIRGMAGMH,3757,True,10,
19202,ANPSGVTASG,3757,True,10,
19203,WLPRAVRKEW,3757,True,10,
19204,YKPRGVFSYG,3757,True,10,
19205,SKPRGMTVEH,3757,True,10,
19206,GTVRGMYGVL,3757,True,10,
19207,QNPVNMHGSF,3757,True,10,
19208,VDPRSYFDLA,3757,True,10,
19209,WGPRGMSTAS,3757,True,10,
19210,VGPRAVQKWH,3757,True,10,
19211,FSRGWGTNSV,3757,True,10,
19212,GIPRAVSTAS,3757,True,10,
19213,ARPRSMLTSY,3757,True,10,
19214,MQPRGSTASG,3757,True,10,
19215,HNPRGSMSPR,3757,True,10,
19216,RGPYHMLGKY,3757,True,10,
19217,VKPRSMLGNY,3757,True,10,
19218,FNPRGFTASG,3757,True,10,
19219,YLVRAHTSMG,3757,True,10,
19220,LAPRFLHGSL,3757,True,10,
19221,APVYGMHSNK,3757,True,10,
19222,GLPRMLMGVG,3757,True,10,
19223,AEPRSMLGHA,3757,True,10,
19224,KFARSLFSRY,3757,True,10,
19225,HTPRGNYSAT,3757,True,10,
19226,YGPRTLVGQY,3757,True,10,
19227,IPPRVLMSNL,3757,True,10,
19228,NTPRGQTASG,3757,True,10,
19229,HPPRGPVSEY,3757,True,10,
19230,SLFRALYGSF,3757,True,10,
19231,EVPRGVTASG,3757,True,10,
19232,YMPRWINAWI,3757,True,10,
19233,VHPINMANTR,3757,True,10,
19234,FSPRQVTASG,3757,True,10,
19235,AMPRQVISNK,3757,True,10,
19236,IPWRSMRSIW,3757,True,10,
19237,YVPRGVFVIH,3757,True,10,
19238,NFVRGMLGTK,3757,True,10,
19239,SKPAGVRGSR,3757,True,10,
19240,LEVRGMHSEW,3757,True,10,
19241,TMVKGVWAFS,3757,True,10,
19242,QKVSGMWSMT,3757,True,10,
19243,TAPRGSTASG,3757,True,10,
19244,IPVWGITSEA,3757,True,10,
19245,GTPLGQTVIG,3757,True,10,
19246,SHPMGYFSIG,3757,True,10,
19247,HMPRAILGEW,3757,True,10,
19248,ITPRAYGSTA,3757,True,10,
19249,FIPRPVMGLQ,3757,True,10,
19250,GRPRSLYGIT,3757,True,10,
19251,RFPRGMHAGF,3757,True,10,
19252,QFPREYWAKS,3757,True,10,
19253,GEPRGYTASG,3757,True,10,
19254,FGPVHMWSIT,3757,True,10,
19255,NPPTGMYVTH,3757,True,10,
19256,MVPRGVIATQ,3757,True,10,
19257,TYPRGMHVIV,3757,True,10,
19258,KIPRASTKEA,3757,True,10,
19259,IHPRAQMSTV,3757,True,10,
19260,HYPREVLGWA,3757,True,10,
19261,FRPRSYTVPG,3757,True,10,
19262,SRPRVSWVIT,3757,True,10,
19263,IARTARGANS,3757,True,10,
19264,TNPRQYSAIF,3757,True,10,
19265,KTPYGQMSVL,3757,True,10,
19266,MFPRSHRGNT,3757,True,10,
19267,SQPRGMHSTG,3757,True,10,
19268,VHPYGFHAIS,3757,True,10,
19269,LKPRGVTVPA,3757,True,10,
19270,FVPRGVTGNW,3757,True,10,
19271,KMPRQYSGGR,3757,True,10,
19272,LKVSGLWAWG,3757,True,10,
19273,VLPRYWTASQ,3757,True,10,
19274,GPVFWMSGSW,3757,True,10,
19275,RTPRGSYAVL,3757,True,10,
19276,AVPRGVMDMR,3757,True,10,
19277,FHPRKQLSIF,3757,True,10,
19278,TFPRGQMSPY,3757,True,10,
19279,MVPRGQVIPY,3757,True,10,
19280,YSPRASFALY,3757,True,10,
19281,TVPRAWMAPG,3757,True,10,
19282,GMPRSWSAGS,3757,True,10,
19283,FSPRKFQSGT,3757,True,10,
19284,FTPRGNTGSG,3757,True,10,
19285,KMPRGMHGMF,3757,True,10,
19286,AIPRFLHGQH,3757,True,10,
19287,NKPRGDTSFL,3757,True,10,
19288,NMPRQVTASG,3757,True,10,
19289,STVRSMTGQS,3757,True,10,
19290,FTPMSMYGIH,3757,True,10,
19291,NFPRNFRGHF,3757,True,10,
19292,WHPRKYIGWS,3757,True,10,
19293,VAPRGSQSPF,3757,True,10,
19294,SNPLGQIGAF,3757,True,10,
19295,ATVRGMWASA,3757,True,10,
19296,KPRDKRAVYT,3757,True,10,
19297,DQVRGVTASG,3757,True,10,
19298,WHSMASQRGF,3757,True,10,
19299,RIPRGDSLFW,3757,True,10,
19300,YAPRYWIGPW,3757,True,10,
19301,SMVFGMHGMG,3757,True,10,
19302,IPGPHRTNLP,3757,True,10,
19303,WFPRPTMGEA,3757,True,10,
19304,TRPVGMYSAH,3757,True,10,
19305,LPARAMHNTG,3757,True,10,
19306,QAPRSWIGHY,3757,True,10,
19307,RPVYGMTAGF,3757,True,10,
19308,VQPRKMHGIF,3757,True,10,
19309,KTPRSYMVLI,3757,True,10,
19310,TRPRGFTGTK,3757,True,10,
19311,EFPRDLAGQF,3757,True,10,
19312,FPVRALTASG,3757,True,10,
19313,GQPRGVYGSR,3757,True,10,
19314,VSPVWMKGVH,3757,True,10,
19315,SNPKGMHGVW,3757,True,10,
19316,VEPRGQAPMF,3757,True,10,
19317,FVPRGVFALY,3757,True,10,
19318,TAPINMHSTG,3757,True,10,
19319,FVPRGVHVIL,3757,True,10,
19320,FMPRGSTGPV,3757,True,10,
19321,YVPRAVKGSR,3757,True,10,
19322,SQPRAYIGPA,3757,True,10,
19323,QMPRWYSGWV,3757,True,10,
19324,TSVLGLHSMY,3757,True,10,
19325,TSPRAYGANF,3757,True,10,
19326,KPPRSYTGKF,3757,True,10,
19327,LHVRSLIGQA,3757,True,10,
19328,HPPRSNIGRT,3757,True,10,
19329,ERPYGMTNSK,3757,True,10,
19330,GLPRSWQGWI,3757,True,10,
19331,GKWRGLYSGV,3757,True,10,
19332,ATVFGLRGTW,3757,True,10,
19333,QFHRAMTASG,3757,True,10,
19334,RDPKGNQSIG,3757,True,10,
19335,YMPRTLVGPT,3757,True,10,
19336,MVPRGVSGAH,3757,True,10,
19337,QRVRGMYSMW,3757,True,10,
19338,RTVRAMWGVT,3757,True,10,
19339,GTPRGNFVSY,3757,True,10,
19340,VKPKGVYSGF,3757,True,10,
19341,VFPRMLSGNY,3757,True,10,
19342,GAPRGDTASG,3757,True,10,
19343,NAPRGSMSGG,3757,True,10,
19344,KMPRSWTSMH,3757,True,10,
19345,TCPSGMTASG,3757,True,10,
19346,WAPRNVTGNV,3757,True,10,
19347,VNPRGVHSPW,3757,True,10,
19348,SRPVYLYSHL,3757,True,10,
19349,VSPRPFLSWH,3757,True,10,
19350,AQPIHNFSKP,3757,True,10,
19351,KAPRGMSVAQ,3757,True,10,
19352,AKVLPHAGFT,3757,True,10,
19353,TVPRAWIVIS,3757,True,10,
19354,FPVRDLIGAW,3757,True,10,
19355,NVPRQVTSVG,3757,True,10,
19356,SVPRTLFSVG,3757,True,10,
19357,MGPRDLTGSY,3757,True,10,
19358,VQVRGMWGTW,3757,True,10,
19359,TRPGWMHGAI,3757,True,10,
19360,SIVYSMWVGR,3757,True,10,
19361,TIPRYMLGWF,3757,True,10,
19362,VPPKGMTGWQ,3757,True,10,
19363,LVVRAHQGIW,3757,True,10,
19364,RSRSLRGQLA,3757,True,10,
19365,LAPKGMHNHA,3757,True,10,
19366,IRTVPRSVKG,3757,True,10,
19367,VMVSGMYSQF,3757,True,10,
19368,TNPVWMRGPI,3757,True,10,
19369,LTVFWMWSGA,3757,True,10,
19370,TNVFWMIAPI,3757,True,10,
19371,APVRAVLWAF,3757,True,10,
19372,FTPKWMHGAT,3757,True,10,
19373,RGPVNMYSGA,3757,True,10,
19374,FAPRSNLGMV,3757,True,10,
19375,YAPRGNTDPK,3757,True,10,
19376,ALSVEGQLSD,3757,True,10,
19377,FHPSGWTASG,3757,True,10,
19378,KTPRGQVSHS,3757,True,10,
19379,YGPRQVHATA,3757,True,10,
19380,VGPWAWHGPT,3757,True,10,
19381,NMAKGMTSNL,3757,True,10,
19382,RVPKGVFVQW,3757,True,10,
19383,FLVRAHYGKT,3757,True,10,
19384,FMVYGMHSPF,3757,True,10,
19385,AIARQIHGAF,3757,True,10,
19386,QAPINMHGNF,3757,True,10,
19387,FRERARASTI,3757,True,10,
19388,AQPVWMISQH,3757,True,10,
19389,FGPRGMKSNK,3757,True,10,
19390,TAPKGMFSNV,3757,True,10,
19391,SGVRGMHTAS,3757,True,10,
19392,TAPRGMFGMT,3757,True,10,
19393,TPRPVRDVGS,3757,True,10,
19394,TMPRAYSGAG,3757,True,10,
19395,PYPRAYTGTK,3757,True,10,
19396,FAPRSMLAGV,3757,True,10,
19397,FRPLGVMSPF,3757,True,10,
19398,VQPRQVLGTQ,3757,True,10,
19399,FYPFWIRGPW,3757,True,10,
19400,TPVYWMWSIH,3757,True,10,
19401,YFVHGLFSMF,3757,True,10,
19402,AFPRAINGHY,3757,True,10,
19403,MLPRSHLGRY,3757,True,10,
19404,FHPRSWTNMT,3757,True,10,
19405,YSPRASWGTH,3757,True,10,
19406,AVPSWIMSPL,3757,True,10,
19407,EPWFGMRYLR,3757,True,10,
19408,GIPWSWIGPY,3757,True,10,
19409,FMPRAVFGML,3757,True,10,
19410,LSPRTLQAGF,3757,True,10,
19411,NIPRSYFQPK,3757,True,10,
19412,NHWRAFTASG,3757,True,10,
19413,EWPRSYINMS,3757,True,10,
19414,GMRVPRSVDP,3757,True,10,
19415,RGPRSYMDTF,3757,True,10,
19416,RWPASWASPG,3757,True,10,
19417,WLPRAYVDSV,3757,True,10,
19418,TKPRGNFGTA,3757,True,10,
19419,VRVRGVTASG,3757,True,10,
19420,GTPKGVFSIR,3757,True,10,
19421,LIPRYWMGLQ,3757,True,10,
19422,IVPRAVHGEI,3757,True,10,
19423,KLPRAIYSQF,3757,True,10,
19424,TVPRQWPGSQ,3757,True,10,
19425,VKPAGVTASG,3757,True,10,
19426,FYPRAFHGQI,3757,True,10,
19427,LAQPRFVGPG,3757,True,10,
19428,NSPRKFVSSV,3757,True,10,
19429,QSPRMLYSTA,3757,True,10,
19430,HSVRGVHREI,3757,True,10,
19431,RKPAGVTASG,3757,True,10,
19432,RHYMIAHTIA,3757,True,10,
19433,REPRNVHGAF,3757,True,10,
19434,PMPRSHTSWR,3757,True,10,
19435,YNPRSWVGPY,3757,True,10,
19436,KMSRGWISLH,3757,True,10,
19437,LGYPVSPFLI,3757,True,10,
19438,FGPRQMKGPY,3757,True,10,
19439,TVTRAWFGAY,3757,True,10,
19440,YRPRGNHGPQ,3757,True,10,
19441,AVPRQVFSIS,3757,True,10,
19442,TAPRSWTGAQ,3757,True,10,
19443,PGPRSYTASG,3757,True,10,
19444,RTPRGAISAQ,3757,True,10,
19445,AGRTGRPYEW,3757,True,10,
19446,ANPYHLVGMY,3757,True,10,
19447,AQPRAYASGS,3757,True,10,
19448,KVPRAVYGWF,3757,True,10,
19449,KGPRGMHSGT,3757,True,10,
19450,NEPRNVFSGK,3757,True,10,
19451,SVPRQVTASG,3757,True,10,
19452,WARVSRSNSH,3757,True,10,
19453,EFPRGLTASG,3757,True,10,
19454,VAPRSWFNWR,3757,True,10,
19455,RVPVWMYGVW,3757,True,10,
19456,TVPRQVLNVH,3757,True,10,
19457,VQPRGVKDVT,3757,True,10,
19458,TAPLGMHSVS,3757,True,10,
19459,VSPRQVTASG,3757,True,10,
19460,QRVLSLHSIL,3757,True,10,
19461,NQPRNYIAIW,3757,True,10,
19462,TFVRAISGWF,3757,True,10,
19463,HAPRSLYSPF,3757,True,10,
19464,THPRTLMGNA,3757,True,10,
19465,STVRGMIGQV,3757,True,10,
19466,QAPRGSTASG,3757,True,10,
19467,FVPRAVTASG,3757,True,10,
19468,TVPVWMHGTH,3757,True,10,
19469,LRWESLHGPI,3757,True,10,
19470,TGPSGMRSGR,3757,True,10,
19471,LMPRGQVGTY,3757,True,10,
19472,SKPRGMATGI,3757,True,10,
19473,SYARQMYPWI,3757,True,10,
19474,TQPVEMHATV,3757,True,10,
19475,SQVRFMTGMA,3757,True,10,
19476,FAPARFTASG,3757,True,10,
19477,HDPQAVKGTY,3757,True,10,
19478,PFPKGMFNLH,3757,True,10,
19479,TAPINIWGWH,3757,True,10,
19480,VSVFWMQGIV,3757,True,10,
19481,HSVYWMKGQT,3757,True,10,
19482,RYPAGMIAPV,3757,True,10,
19483,AFIPRFLGPG,3757,True,10,
19484,TQPRSWTNVG,3757,True,10,
19485,QRPRSYTASG,3757,True,10,
19486,FGPYGMVSWS,3757,True,10,
19487,STPRNMLSGK,3757,True,10,
19488,QDPRGSTASG,3757,True,10,
19489,KVPRQVSGPW,3757,True,10,
19490,TIPRLYFGWR,3757,True,10,
19491,GVPRAVSAWS,3757,True,10,
19492,VHVFWMRGHS,3757,True,10,
19493,KTFSALTASG,3757,True,10,
19494,YFPRAFSGWS,3757,True,10,
19495,KTPMGMWGVT,3757,True,10,
19496,TFPRDIYGHI,3757,True,10,
19497,AIPSGWFGAI,3757,True,10,
19498,TSVRGVFVMW,3757,True,10,
19499,VAPKGMTGVA,3757,True,10,
19500,QKVSGMYSMS,3757,True,10,
19501,YGPRGSTGTA,3757,True,10,
19502,KRPRGSTAIG,3757,True,10,
19503,MPPRSYIGQT,3757,True,10,
19504,DQPRGQIYWI,3757,True,10,
19505,TWPMGMHSEH,3757,True,10,
19506,TRPRVLSYAG,3757,True,10,
19507,FRPRGSWAMG,3757,True,10,
19508,FGPRAYTASG,3757,True,10,
19509,RMGRAFLGMF,3757,True,10,
19510,FGPRQSQATL,3757,True,10,
19511,GLFRALSGWG,3757,True,10,
19512,TFPRDIKGSK,3757,True,10,
19513,ISPRTLIQMV,3757,True,10,
19514,LSRYLRFAPA,3757,True,10,
19515,QKPRGMTVTH,3757,True,10,
19516,RAPVWMLGIG,3757,True,10,
19517,DVPRAVLSGI,3757,True,10,
19518,GVPRAVTASG,3757,True,10,known_sequence
19519,TSPRMLFGIV,3757,True,10,
19520,PGPRSYHGAQ,3757,True,10,
19521,AMPRAVHSEL,3757,True,10,
19522,AQPRSMHQMY,3757,True,10,
19523,ITPRGQVFEF,3757,True,10,
19524,THPLGQISEF,3757,True,10,
19525,RTVRGMSGVG,3757,True,10,
19526,QVPRGVFVNS,3757,True,10,
19527,QHPSGWFSLY,3757,True,10,
19528,SYPRAYFGEG,3757,True,10,
19529,FAPRAFSVEG,3757,True,10,
19530,KVPRQIFGPQ,3757,True,10,
19531,SKVFWNQSNL,3757,True,10,
19532,FKPRSMLQTY,3757,True,10,
19533,ITPRGVTAGT,3757,True,10,
19534,AQPRNVLVYG,3757,True,10,
19535,KIPSPFAAVR,3757,True,10,
19536,KVPRAVWNPY,3757,True,10,
19537,TGPWGMGYVF,3757,True,10,
19538,MAPRNVMAPW,3757,True,10,
19539,FIFWGWIAKA,3757,True,10,
19540,FYVRAHFSMS,3757,True,10,
19541,KRPRSYIGIL,3757,True,10,
19542,FYPLGNHGVT,3757,True,10,
19543,QVPRAVSVWF,3757,True,10,
19544,YGPRGTSTAS,3757,True,10,
19545,IRARSMVGKH,3757,True,10,
19546,VAPRQVFVGH,3757,True,10,
19547,VFPRVYWGES,3757,True,10,
19548,IRVSAVFAEW,3757,True,10,
19549,TIRSPRSIAG,3757,True,10,
19550,AMPRHIMGTF,3757,True,10,
19551,SRPRSYHANI,3757,True,10,
19552,SRVLGLSVPF,3757,True,10,
19553,TAPVNMLGAH,3757,True,10,
19554,GMPRAVFYKG,3757,True,10,
19555,VIPFWMKGMI,3757,True,10,
19556,MKPRGNFSPR,3757,True,10,
19557,ARPRSYFGNF,3757,True,10,
19558,WAPRGSTASG,3757,True,10,
19559,MLPRMLVGEY,3757,True,10,
19560,VSPRSWTNRH,3757,True,10,
19561,VRVRAVAGWS,3757,True,10,
19562,FVPRVLYVKQ,3757,True,10,
19563,VSPRLVYGPF,3757,True,10,
19564,ITPSWIQTIY,3757,True,10,
19565,VIPFGFTASG,3757,True,10,
19566,RMTWAWYGPG,3757,True,10,
19567,ATPRGNLAEI,3757,True,10,
19568,EPRSHFLAPL,3757,True,10,
19569,RQVRGVFSWH,3757,True,10,
19570,CNVRALISEF,3757,True,10,
19571,MQVRGVYDIV,3757,True,10,
19572,HAPRGNTASG,3757,True,10,
19573,IPVRSLIGVH,3757,True,10,
19574,TGPRVLYTNG,3757,True,10,
19575,GAPRSTSTAS,3757,True,10,
19576,TSPRVLIGLV,3757,True,10,
19577,FRARWLQGTA,3757,True,10,
19578,YVPRAVHAHL,3757,True,10,
19579,IAPRFMANAS,3757,True,10,
19580,QTFVGYRILF,3757,True,10,
19581,GFVRGVFSIV,3757,True,10,
19582,IVPRAIAGAH,3757,True,10,
19583,DEPRSHRGLG,3757,True,10,
19584,WMPRQVQGAG,3757,True,10,
19585,YMPREIYAMQ,3757,True,10,
19586,PSPRYWKGSI,3757,True,10,
19587,TKPRGSTASG,3757,True,10,
19588,YSVSWMRGES,3757,True,10,
19589,KRPRVLVGAG,3757,True,10,
19590,KGVRGMTASG,3757,True,10,
19591,HSPRSYLAQG,3757,True,10,
19592,KGPSGMFSPY,3757,True,10,
19593,KMPRAVLAST,3757,True,10,
19594,RSPRKFSAGQ,3757,True,10,
19595,HGPRSWTSNI,3757,True,10,
19596,AEPRSNLAPA,3757,True,10,
19597,KRPVGYFSGK,3757,True,10,
19598,GRPRSYAVGY,3757,True,10,
19599,SGPLGIFYTA,3757,True,10,known_sequence
19600,SKPRNYLGWQ,11977,True,10,
19601,TMWRAFTGPQ,11977,True,10,
19602,PMPRYWRAPF,11977,True,10,
19603,DMVRSLYAPR,11977,True,10,
19604,FIPRPVMNVL,11977,True,10,
19605,RTPVWYLGKW,11977,True,10,
19606,SMPRKVQVGS,11977,True,10,
19607,SYPRGQYSHA,11977,True,10,
19608,YTPRQWTGIS,11977,True,10,
19609,NIPRWSTGRG,11977,True,10,
19610,SLPRAFKGER,11977,True,10,
19611,THPRGVQAQY,11977,True,10,
19612,VDPSGMKAPH,11977,True,10,
19613,SIPRPVMDKL,11977,True,10,
19614,HRPLGQIVIT,11977,True,10,
19615,KHYAGLYGMG,11977,True,10,
19616,LGVRFMQDAL,11977,True,10,
19617,PWPREVTGTG,11977,True,10,
19618,THPVGQYSIG,11977,True,10,
19619,NRIESMYAMR,11977,True,10,
19620,GKPVNFTASG,11977,True,10,
19621,ITARSLWAPY,11977,True,10,
19622,GNPKWITHTS,11977,True,10,
19623,TRPRGYTSTA,11977,True,10,
19624,GSPRTLVSTF,11977,True,10,
19625,HSFPVMGPIK,11977,True,10,
19626,IRPRAYKSIW,11977,True,10,
19627,VSPRPFAYIG,11977,True,10,
19628,GVPRAVYVEY,11977,True,10,
19629,TAPKGNSVLI,11977,True,10,
19630,FIPREVWAQT,11977,True,10,
19631,LDPRDYLWQA,11977,True,10,
19632,WGPRASRAVG,11977,True,10,
19633,HFPRAFAGPI,11977,True,10,
19634,ADTRWYTGNA,11977,True,10,
19635,AFPRTLTGWK,11977,True,10,
19636,WRPRDYKGRQ,11977,True,10,
19637,HQWYGLSAPL,11977,True,10,
19638,VKPRGWTVTL,11977,True,10,
19639,HEPRNVKAGR,11977,True,10,
19640,LWPRSWMGHW,11977,True,10,
19641,TNPLGVRTMF,11977,True,10,
19642,FMPRKSTGSY,11977,True,10,
19643,GTPRSNRTAS,11977,True,10,
19644,RFPRGFTVWT,11977,True,10,
19645,QDPRSWRTNQ,11977,True,10,
19646,ETPRGQVFMY,11977,True,10,
19647,TSPRAKSDIW,11977,True,10,
19648,GFPRSWTASG,11977,True,10,
19649,SAPRPFWDLF,11977,True,10,
19650,LRVRGVYAMF,11977,True,10,
19651,IKPAGVTASG,11977,True,10,
19652,QLPRAFYGQG,11977,True,10,
19653,DMPRQVRSNG,11977,True,10,
19654,WLPRKYVGNG,11977,True,10,
19655,TFPRDFYAQW,11977,True,10,
19656,VKPRGYTGAH,11977,True,10,
19657,WMPRGDRVPF,11977,True,10,
19658,TFPRPYTGTA,11977,True,10,
19659,TKPVAYQGTS,11977,True,10,
19660,AMPGWMTNVQ,11977,True,10,
19661,AGPRSYFDAW,11977,True,10,
19662,TVPRGVTASG,11977,True,10,
19663,WSPVNMRSGS,11977,True,10,
19664,RYPRPFYAPW,11977,True,10,
19665,VYPRGSTASG,11977,True,10,
19666,QTPREVYGSW,11977,True,10,
19667,KTYVWMFSQF,11977,True,10,
19668,WHMWHFKGAH,11977,True,10,
19669,RKPRNYNALA,11977,True,10,
19670,TYPRGMKTPY,11977,True,10,
19671,YPPRNYQAWT,11977,True,10,
19672,KMPRGQYQPF,11977,True,10,
19673,ETPKNQMSMQ,11977,True,10,
19674,YPWMNMHSAG,11977,True,10,
19675,DYPRAFSGNQ,11977,True,10,
19676,NSPRDVTASG,11977,True,10,
19677,FKPSGWASMT,11977,True,10,
19678,LFPKGDAGLM,11977,True,10,
19679,VFPRSNQVWA,11977,True,10,
19680,PFPKGNQSTY,11977,True,10,
19681,TIPKSWRTVF,11977,True,10,
19682,KHPRGSYVLQ,11977,True,10,
19683,WQPRSYLASY,11977,True,10,
19684,PIPRPVLAEW,11977,True,10,
19685,GRAYHLYSML,11977,True,10,
19686,FHPRLYRGPY,11977,True,10,
19687,GYPRTLMAWQ,11977,True,10,
19688,PTPRNYLASW,11977,True,10,
19689,IVGPRAKSQY,11977,True,10,
19690,YWPRQYHGMG,11977,True,10,
19691,PSWRALFSIL,11977,True,10,
19692,YPRALRNAMF,11977,True,10,
19693,LEQNPMHAQT,11977,True,10,
19694,GKPRSYTASG,11977,True,10,
19695,FMPRQSRNVQ,11977,True,10,
19696,DYPRGQTASG,11977,True,10,
19697,GRPRGVRDQG,11977,True,10,
19698,AQPRYWQSLS,11977,True,10,
19699,FNPRGQVYST,11977,True,10,
19700,GAPRSNTASG,11977,True,10,
19701,LRHIPCWAIR,11977,True,10,
19702,AKPRAVYAPY,11977,True,10,
19703,TNPYGQMSGF,11977,True,10,
19704,DPPRAYKAST,11977,True,10,
19705,IVPRQVTGIY,11977,True,10,
19706,QTPRYWRTWL,11977,True,10,
19707,LRPRNLYWSV,11977,True,10,
19708,GLPTAFHDTQ,11977,True,10,
19709,MSPRSWTNQT,11977,True,10,
19710,NVPRSWTASG,11977,True,10,
19711,TNPVEMRGWH,11977,True,10,
19712,RWVFGMHSMW,11977,True,10,
19713,DYPRAYSAPS,11977,True,10,
19714,GDPRSWRVST,11977,True,10,
19715,YRPRGYAVIY,11977,True,10,
19716,TIPRYWIDIK,11977,True,10,
19717,YQPRGNIDPW,11977,True,10,
19718,AWPVHMWTIH,11977,True,10,
19719,AWPIELYSWF,11977,True,10,
19720,LTPSKYHSNF,11977,True,10,
19721,TSPRQYQGTV,11977,True,10,
19722,WVPRGVKDEA,11977,True,10,
19723,TADNPCPRQT,11977,True,10,
19724,HQPRTLITNK,11977,True,10,
19725,FTPLNSVSKW,11977,True,10,
19726,LRPHAFIAWS,11977,True,10,
19727,RVPRGWTAGT,11977,True,10,
19728,YGPAGNFATQ,11977,True,10,
19729,NSPRAYRSQI,11977,True,10,
19730,DTPRGFKSGF,11977,True,10,
19731,KLPVNYMGAH,11977,True,10,
19732,PYPLHSGATW,11977,True,10,
19733,VFPQGNRNHY,11977,True,10,
19734,PSWVLPKSES,11977,True,10,
19735,GSPRTWRGNF,11977,True,10,
19736,FLVKWYTGWL,11977,True,10,
19737,QDPRGQVSPY,11977,True,10,
19738,YSPRAYAGNT,11977,True,10,
19739,SAPRSQMGWT,11977,True,10,
19740,HLPVAFHDKF,11977,True,10,
19741,TAPRSWYGIA,11977,True,10,
19742,FGPVWMHGLT,11977,True,10,
19743,ELPRAYRGQS,11977,True,10,
19744,YLPRAVFAGQ,11977,True,10,
19745,VQPRNFLGWW,11977,True,10,
19746,SHPRGSTVAY,11977,True,10,
19747,RVPRGVRDPI,11977,True,10,
19748,VAPRLYLNQG,11977,True,10,
19749,RYPRPFWAMT,11977,True,10,
19750,QDPRGYLGMK,11977,True,10,
19751,EKVSGMYAMF,11977,True,10,
19752,AYWPRASDSF,11977,True,10,
19753,PGPRNYAGPS,11977,True,10,
19754,GWGRPLRGHG,11977,True,10,
19755,FTPRSNRAWH,11977,True,10,
19756,YSPRQYTVNR,11977,True,10,
19757,KPYSAYWSLK,11977,True,10,
19758,WDPRSYKGIT,11977,True,10,
19759,KPPRDYIGSY,11977,True,10,
19760,TSPVAYTGIS,11977,True,10,
19761,KVPRAWKGPS,11977,True,10,
19762,KYVTGMRGTG,11977,True,10,
19763,YGPKGMVNPY,11977,True,10,
19764,HDWRAYSGMG,11977,True,10,
19765,QSPRTYVGAI,11977,True,10,
19766,INPRDYVSGG,11977,True,10,
19767,SYPRAFWAVT,11977,True,10,
19768,FKPRGSTASG,11977,True,10,
19769,GIPRYWQVKV,11977,True,10,
19770,EMARAMGNWR,11977,True,10,
19771,TPPIGMHSVT,11977,True,10,
19772,TVPRAWQDGR,11977,True,10,
19773,PYPVNFYAGH,11977,True,10,
19774,LPKEDPALVL,11977,True,10,
19775,WNPRGSYVAF,11977,True,10,
19776,VYPRSWFDSW,11977,True,10,
19777,VKPAGVTASG,11977,True,10,
19778,QPRPQRSAFE,11977,True,10,
19779,YMPRVYSARQ,11977,True,10,
19780,DNPRSNHAPK,11977,True,10,
19781,VGPYHNQDMS,11977,True,10,
19782,PQFEHRSTAP,11977,True,10,
19783,GTPTGLTASG,11977,True,10,
19784,GMPRPVMAGC,11977,True,10,
19785,PSLAWLMAHV,11977,True,10,
19786,ERPRGNQAGF,11977,True,10,
19787,YGPRGSTASG,11977,True,10,
19788,IDVRGYSDTL,11977,True,10,
19789,TSVLGLYVPW,11977,True,10,
19790,GRPDQYVSGF,11977,True,10,
19791,IHPQGVRAGY,11977,True,10,
19792,STRAKRSHSP,11977,True,10,
19793,SNPRPFTGPK,11977,True,10,
19794,GNVRAIRSVY,11977,True,10,
19795,SVPRKYIAMG,11977,True,10,
19796,YHPINLYSGT,11977,True,10,
19797,PMARYLYGMA,11977,True,10,
19798,RQWYGILARW,11977,True,10,
19799,SKPRNYLGMA,11977,True,10,
19800,KSPRKYTNVF,11977,True,10,
19801,LTPRTYHDNF,11977,True,10,
19802,HFAYVLRGPK,11977,True,10,
19803,PDPRNYTVMR,11977,True,10,
19804,WHPRAYITQA,11977,True,10,
19805,ILPRSWRAHF,11977,True,10,
19806,GWCLYTHATG,11977,True,10,
19807,LYPRNSTASG,11977,True,10,
19808,TVPKNSYNEV,11977,True,10,
19809,IEYRPLYNQW,11977,True,10,
19810,WQPRNYKGLW,11977,True,10,
19811,VGPEWMKGEG,11977,True,10,
19812,KWPKGMVDIW,11977,True,10,
19813,LAPRYWRGQH,11977,True,10,
19814,SIPTSLFTGW,11977,True,10,
19815,GKPVNYTGKL,11977,True,10,
19816,GNVRAVISTW,11977,True,10,
19817,VMPVGMWSPI,11977,True,10,
19818,AHPVSNVAWL,11977,True,10,
19819,TVPRAWISGW,11977,True,10,
19820,QTPRGQVTLW,11977,True,10,
19821,RWAVRLWDIG,11977,True,10,
19822,AEPRSHYQGL,11977,True,10,
19823,WRPRSLQTAS,11977,True,10,
19824,RMWRAFYAMF,11977,True,10,
19825,ATPRSMLTWF,11977,True,10,
19826,SYWRAFSDKF,11977,True,10,
19827,MHYMAYTGLW,11977,True,10,
19828,FTPKGQIHTK,11977,True,10,
19829,KVPRAWVDTA,11977,True,10,
19830,FVPRGVFVTK,11977,True,10,
19831,SIPRPYHSLG,11977,True,10,
19832,YVYRGLRSGY,11977,True,10,
19833,HTSYALIAPH,11977,True,10,
19834,VPPRNIFANS,11977,True,10,
19835,YVPRQVHGQS,11977,True,10,
19836,TKPSGWTAEY,11977,True,10,
19837,TRPRSYQVPS,11977,True,10,
19838,FYPRSNLGVR,11977,True,10,
19839,LWPRGQTASG,11977,True,10,
19840,VYVRGVYVYF,11977,True,10,
19841,GAPRSHRTAS,11977,True,10,
19842,NYPRGQVFNW,11977,True,10,
19843,RQPRNYLSVA,11977,True,10,
19844,PWPRFLYSQY,11977,True,10,
19845,TAPRSWRTWS,11977,True,10,
19846,IQPRNYHNKR,11977,True,10,
19847,QHPRSMKGVK,11977,True,10,
19848,DMPKGMRSEH,11977,True,10,
19849,WNPKGDTVWY,11977,True,10,
19850,TVPRYWTASG,11977,True,10,
19851,DRPVGFASNY,11977,True,10,
19852,WVPRQVFQVK,11977,True,10,
19853,DMPMHYLGLY,11977,True,10,
19854,RLPVAYKGHT,11977,True,10,
19855,TVPRVLVGQH,11977,True,10,
19856,AMPRQVLAGK,11977,True,10,
19857,HDPRGYHAIA,11977,True,10,
19858,VQPVSMHSQS,11977,True,10,
19859,TYPIWMKGAW,11977,True,10,
19860,KRPAQVRTPL,11977,True,10,
19861,AGPESWRAIQ,11977,True,10,
19862,MRPRNYQGAY,11977,True,10,
19863,WSPLSWRVMS,11977,True,10,
19864,NVFVGENLMH,11977,True,10,
19865,APVYNSWGVQ,11977,True,10,
19866,RVPHPFWSIL,11977,True,10,
19867,KNVRGMWSTG,11977,True,10,
19868,IVPKWMIGPS,11977,True,10,
19869,AFPRAFQAWY,11977,True,10,
19870,TMWRAYWSGQ,11977,True,10,
19871,GYPRGNRAQL,11977,True,10,
19872,YLPRAWKGWI,11977,True,10,
19873,AGPRPCPRAG,11977,True,10,
19874,LPTRNLYAKQ,11977,True,10,
19875,EYPAYNTGVR,11977,True,10,
19876,WGPRNYHVHG,11977,True,10,
19877,FSPRSWIATW,11977,True,10,
19878,WCVRALYGTA,11977,True,10,
19879,AKQPHQFAAF,11977,True,10,
19880,QVPKNEHGMQ,11977,True,10,
19881,NIPRDVLAPT,11977,True,10,
19882,WFPRDYAVGA,11977,True,10,
19883,YLPRAILSMW,11977,True,10,
19884,TYPRAFGSAY,11977,True,10,
19885,VMPRSYMSMW,11977,True,10,
19886,FKPRGYRGPA,11977,True,10,
19887,TSPRLYLGQR,11977,True,10,
19888,WIPSAQKGVG,11977,True,10,
19889,ILPREYKGPI,11977,True,10,
19890,WEPRNSKSLH,11977,True,10,
19891,DPPRWMVSAR,11977,True,10,
19892,DIPYNMLNKF,11977,True,10,
19893,WAPKGNRTGW,11977,True,10,
19894,LWTPRSMGWD,11977,True,10,
19895,PHRPVRAVLK,11977,True,10,
19896,WHPLGWTASG,11977,True,10,
19897,KPVLARSVKQ,11977,True,10,
19898,RQPRGQVTVS,11977,True,10,
19899,YWPREVYATY,11977,True,10,
19900,RIPSWLSTQF,11977,True,10,
19901,VEARQLYGKW,11977,True,10,
19902,GPVNSLYGEW,11977,True,10,
19903,NQPRQYKGMF,11977,True,10,
19904,STPRKYTGPW,11977,True,10,
19905,HAPRNVWVTA,11977,True,10,
19906,VGPRSWYGKQ,11977,True,10,
19907,WKPVYYTASG,11977,True,10,
19908,HTVRGLQMVW,11977,True,10,
19909,TFVRGMYSIF,11977,True,10,
19910,APPRNVLAWK,11977,True,10,
19911,LVPRYWLSTQ,11977,True,10,
19912,TRPRSLLSWG,11977,True,10,
19913,TYPRTLYVIF,11977,True,10,
19914,LRWRAYVGRS,11977,True,10,
19915,AYPRNYHGWI,11977,True,10,
19916,SPPRGAHYIY,11977,True,10,
19917,MPWQGMSTAK,11977,True,10,
19918,VFALNWTGQL,11977,True,10,
19919,NMPKGMTASG,11977,True,10,
19920,VGPRAYIAQL,11977,True,10,
19921,YRPRYLQVLK,11977,True,10,
19922,QRPRGYTASG,11977,True,10,
19923,QWVAGWHSAG,11977,True,10,
19924,WPRPWGPSKE,11977,True,10,
19925,YQPRVLATNG,11977,True,10,
19926,LMPRYLSGSH,11977,True,10,
19927,SVPRAVLDIW,11977,True,10,
19928,YMPRYMANSI,11977,True,10,
19929,YNPRNVYNPT,11977,True,10,
19930,INPRSWTASG,11977,True,10,
19931,GTPRYVYAGV,11977,True,10,
19932,LMPRYWIAMH,11977,True,10,
19933,DKPVNYMGRK,11977,True,10,
19934,IYPRAYKGHS,11977,True,10,
19935,HSPRKFMAES,11977,True,10,
19936,EQPSGWTASG,11977,True,10,
19937,KFPRGWTASG,11977,True,10,
19938,RTPRGQWVLG,11977,True,10,
19939,QRVRGLKSQF,11977,True,10,
19940,TVPKNQAVIF,11977,True,10,
19941,GHPRSWFDMV,11977,True,10,
19942,LFPRSWTASG,11977,True,10,
19943,WKPRGQTGPQ,11977,True,10,
19944,KDPRSLSDPL,11977,True,10,
19945,KLPRAFSGQL,11977,True,10,
19946,IAPRFLSAPY,11977,True,10,
19947,VDPRGVFDIL,11977,True,10,
19948,DSPYGWRVGW,11977,True,10,
19949,NRPRPFTASG,11977,True,10,
19950,STVRGMYGNG,11977,True,10,
19951,ADPRNYAGWC,11977,True,10,
19952,DPVWGVRAMG,11977,True,10,
19953,VEVRAMWGQT,11977,True,10,
19954,LTPRQYFAGW,11977,True,10,
19955,TDPKGYWSES,11977,True,10,
19956,PTPRSYRVAQ,11977,True,10,
19957,MFPRGQTVYL,11977,True,10,
19958,PFWKGLRSPF,11977,True,10,
19959,YKPKGMITAS,11977,True,10,
19960,GWPREVMVLF,11977,True,10,
19961,LRPRTLSGAL,11977,True,10,
19962,WIPRAVLVMF,11977,True,10,
19963,EAPKGMKGKF,11977,True,10,
19964,TYPTGFYVRT,11977,True,10,
19965,LAYYGLRKAG,11977,True,10,
19966,IGVRAIYALY,11977,True,10,
19967,HRPVGYWKNY,11977,True,10,
19968,NGPRSWSARL,11977,True,10,
19969,MTPRGNWGHA,11977,True,10,
19970,VLPRSWIGWF,11977,True,10,
19971,PHPRSWQTIY,11977,True,10,
19972,QMPRYLMDAF,11977,True,10,
19973,YIVKGMQSMT,11977,True,10,
19974,HNWRAFRAMS,11977,True,10,
19975,QLPRGSTVMG,11977,True,10,
19976,AWVRAHSGNW,11977,True,10,
19977,AYPRSYSGQW,11977,True,10,
19978,SMPRTYVDGF,11977,True,10,
19979,DFPRGQVGVT,11977,True,10,
19980,GVPRYWTASG,11977,True,10,
19981,DWPRQYLNWA,11977,True,10,
19982,MYPRNFYGVQ,11977,True,10,
19983,ERPRPVKSPW,11977,True,10,
19984,KHPIGMKTER,11977,True,10,
19985,DRPRSYSANW,11977,True,10,
19986,HWPRAFWSTI,11977,True,10,
19987,WGPVMLRGKI,11977,True,10,
19988,GWPVHMLDNY,11977,True,10,
19989,NMPRSWRAIH,11977,True,10,
19990,CWPREVRAQI,11977,True,10,
19991,AQPRNVLAKY,11977,True,10,
19992,NVPKNQMGWQ,11977,True,10,
19993,YAPVAFSGPG,11977,True,10,
19994,MHPRGQFTAG,11977,True,10,
19995,KHWVPRDLVP,11977,True,10,
19996,FYPRGQTASG,11977,True,10,
19997,MDVIGRSVQV,11977,True,10,
19998,GIPRYWRTMK,11977,True,10,
19999,YKPRGYTASG,11977,True,10,
